[2025/11/12 13:46:32] ppocr WARNING: You are using VisualDL, the VisualDL is deprecated and removed in ppocr!
[2025/11/12 13:46:32] ppocr INFO: Architecture : 
[2025/11/12 13:46:32] ppocr INFO:     Backbone : 
[2025/11/12 13:46:32] ppocr INFO:         name : PPHGNetV2_B4
[2025/11/12 13:46:32] ppocr INFO:         text_rec : True
[2025/11/12 13:46:32] ppocr INFO:     Head : 
[2025/11/12 13:46:32] ppocr INFO:         head_list : 
[2025/11/12 13:46:32] ppocr INFO:             CTCHead : 
[2025/11/12 13:46:32] ppocr INFO:                 Head : 
[2025/11/12 13:46:32] ppocr INFO:                     fc_decay : 1e-05
[2025/11/12 13:46:32] ppocr INFO:                 Neck : 
[2025/11/12 13:46:32] ppocr INFO:                     depth : 2
[2025/11/12 13:46:32] ppocr INFO:                     dims : 120
[2025/11/12 13:46:32] ppocr INFO:                     hidden_dims : 120
[2025/11/12 13:46:32] ppocr INFO:                     kernel_size : [1, 3]
[2025/11/12 13:46:32] ppocr INFO:                     name : svtr
[2025/11/12 13:46:32] ppocr INFO:                     use_guide : True
[2025/11/12 13:46:32] ppocr INFO:             NRTRHead : 
[2025/11/12 13:46:32] ppocr INFO:                 max_text_length : 75
[2025/11/12 13:46:32] ppocr INFO:                 nrtr_dim : 384
[2025/11/12 13:46:32] ppocr INFO:         name : MultiHead
[2025/11/12 13:46:32] ppocr INFO:     Transform : None
[2025/11/12 13:46:32] ppocr INFO:     algorithm : SVTR_HGNet
[2025/11/12 13:46:32] ppocr INFO:     model_type : rec
[2025/11/12 13:46:32] ppocr INFO: Eval : 
[2025/11/12 13:46:32] ppocr INFO:     dataset : 
[2025/11/12 13:46:32] ppocr INFO:         data_dir : ./text/typed_text/fortrain/augmented_data/val
[2025/11/12 13:46:32] ppocr INFO:         label_file_list : ['./text/typed_text/fortrain/augmented_data/val_list.txt']
[2025/11/12 13:46:32] ppocr INFO:         name : SimpleDataSet
[2025/11/12 13:46:32] ppocr INFO:         transforms : 
[2025/11/12 13:46:32] ppocr INFO:             DecodeImage : 
[2025/11/12 13:46:32] ppocr INFO:                 channel_first : False
[2025/11/12 13:46:32] ppocr INFO:                 img_mode : BGR
[2025/11/12 13:46:32] ppocr INFO:             MultiLabelEncode : 
[2025/11/12 13:46:32] ppocr INFO:                 gtc_encode : NRTRLabelEncode
[2025/11/12 13:46:32] ppocr INFO:             RecResizeImg : 
[2025/11/12 13:46:32] ppocr INFO:                 image_shape : [3, 48, 320]
[2025/11/12 13:46:32] ppocr INFO:             KeepKeys : 
[2025/11/12 13:46:32] ppocr INFO:                 keep_keys : ['image', 'label_ctc', 'label_gtc', 'length', 'valid_ratio']
[2025/11/12 13:46:32] ppocr INFO:     loader : 
[2025/11/12 13:46:32] ppocr INFO:         batch_size_per_card : 32
[2025/11/12 13:46:32] ppocr INFO:         drop_last : False
[2025/11/12 13:46:32] ppocr INFO:         num_workers : 8
[2025/11/12 13:46:32] ppocr INFO:         shuffle : False
[2025/11/12 13:46:32] ppocr INFO: Global : 
[2025/11/12 13:46:32] ppocr INFO:     cal_metric_during_train : True
[2025/11/12 13:46:32] ppocr INFO:     calc_epoch_interval : 1
[2025/11/12 13:46:32] ppocr INFO:     character_dict_path : ./text/typed_text/dict.txt
[2025/11/12 13:46:32] ppocr INFO:     checkpoints : None
[2025/11/12 13:46:32] ppocr INFO:     d2s_train_image_shape : [3, 48, 320]
[2025/11/12 13:46:32] ppocr INFO:     debug : True
[2025/11/12 13:46:32] ppocr INFO:     distributed : False
[2025/11/12 13:46:32] ppocr INFO:     early_stop : 
[2025/11/12 13:46:32] ppocr INFO:         min_delta : 0.001
[2025/11/12 13:46:32] ppocr INFO:         patience : 5
[2025/11/12 13:46:32] ppocr INFO:     epoch_num : 200
[2025/11/12 13:46:32] ppocr INFO:     eval_batch_step : [0, 100]
[2025/11/12 13:46:32] ppocr INFO:     infer_mode : False
[2025/11/12 13:46:32] ppocr INFO:     log_smooth_window : 20
[2025/11/12 13:46:32] ppocr INFO:     max_text_length : 75
[2025/11/12 13:46:32] ppocr INFO:     model_name : PP-OCRv5_server_rec
[2025/11/12 13:46:32] ppocr INFO:     pretrained_model : ./text/typed_text/pretrain_models/PP-OCRv5_server_rec_pretrained.pdparams
[2025/11/12 13:46:32] ppocr INFO:     print_batch_step : 10
[2025/11/12 13:46:32] ppocr INFO:     save_epoch_step : 1
[2025/11/12 13:46:32] ppocr INFO:     save_inference_dir : None
[2025/11/12 13:46:32] ppocr INFO:     save_model_dir : ./output
[2025/11/12 13:46:32] ppocr INFO:     save_res_path : ./output/rec/predicts_ppocrv5.txt
[2025/11/12 13:46:32] ppocr INFO:     use_gpu : True
[2025/11/12 13:46:32] ppocr INFO:     use_space_char : True
[2025/11/12 13:46:32] ppocr INFO:     use_visualdl : True
[2025/11/12 13:46:32] ppocr INFO: Loss : 
[2025/11/12 13:46:32] ppocr INFO:     loss_config_list : 
[2025/11/12 13:46:32] ppocr INFO:         CTCLoss : 
[2025/11/12 13:46:32] ppocr INFO:             weight : 1.0
[2025/11/12 13:46:32] ppocr INFO:         NRTRLoss : 
[2025/11/12 13:46:32] ppocr INFO:             weight : 1.5
[2025/11/12 13:46:32] ppocr INFO:     name : MultiLoss
[2025/11/12 13:46:32] ppocr INFO: Metric : 
[2025/11/12 13:46:32] ppocr INFO:     main_indicator : acc
[2025/11/12 13:46:32] ppocr INFO:     name : RecMetric
[2025/11/12 13:46:32] ppocr INFO: Optimizer : 
[2025/11/12 13:46:32] ppocr INFO:     beta1 : 0.9
[2025/11/12 13:46:32] ppocr INFO:     beta2 : 0.999
[2025/11/12 13:46:32] ppocr INFO:     lr : 
[2025/11/12 13:46:32] ppocr INFO:         learning_rate : 0.0003
[2025/11/12 13:46:32] ppocr INFO:         name : Cosine
[2025/11/12 13:46:32] ppocr INFO:         warmup_epoch : 2
[2025/11/12 13:46:32] ppocr INFO:     name : Adam
[2025/11/12 13:46:32] ppocr INFO:     regularizer : 
[2025/11/12 13:46:32] ppocr INFO:         factor : 3e-05
[2025/11/12 13:46:32] ppocr INFO:         name : L2
[2025/11/12 13:46:32] ppocr INFO: PostProcess : 
[2025/11/12 13:46:32] ppocr INFO:     name : CTCLabelDecode
[2025/11/12 13:46:32] ppocr INFO: Train : 
[2025/11/12 13:46:32] ppocr INFO:     dataset : 
[2025/11/12 13:46:32] ppocr INFO:         data_dir : ./text/typed_text/fortrain/augmented_data/train
[2025/11/12 13:46:32] ppocr INFO:         ds_width : False
[2025/11/12 13:46:32] ppocr INFO:         ext_op_transform_idx : 1
[2025/11/12 13:46:32] ppocr INFO:         label_file_list : ['./text/typed_text/fortrain/augmented_data/train_list.txt']
[2025/11/12 13:46:32] ppocr INFO:         name : MultiScaleDataSet
[2025/11/12 13:46:32] ppocr INFO:         transforms : 
[2025/11/12 13:46:32] ppocr INFO:             DecodeImage : 
[2025/11/12 13:46:32] ppocr INFO:                 channel_first : False
[2025/11/12 13:46:32] ppocr INFO:                 img_mode : BGR
[2025/11/12 13:46:32] ppocr INFO:             RecAug : None
[2025/11/12 13:46:32] ppocr INFO:             MultiLabelEncode : 
[2025/11/12 13:46:32] ppocr INFO:                 gtc_encode : NRTRLabelEncode
[2025/11/12 13:46:32] ppocr INFO:             KeepKeys : 
[2025/11/12 13:46:32] ppocr INFO:                 keep_keys : ['image', 'label_ctc', 'label_gtc', 'length', 'valid_ratio']
[2025/11/12 13:46:32] ppocr INFO:     loader : 
[2025/11/12 13:46:32] ppocr INFO:         batch_size_per_card : 64
[2025/11/12 13:46:32] ppocr INFO:         drop_last : True
[2025/11/12 13:46:32] ppocr INFO:         num_workers : 8
[2025/11/12 13:46:32] ppocr INFO:         shuffle : True
[2025/11/12 13:46:32] ppocr INFO:     sampler : 
[2025/11/12 13:46:32] ppocr INFO:         divided_factor : [8, 16]
[2025/11/12 13:46:32] ppocr INFO:         first_bs : 128
[2025/11/12 13:46:32] ppocr INFO:         fix_bs : False
[2025/11/12 13:46:32] ppocr INFO:         is_training : True
[2025/11/12 13:46:32] ppocr INFO:         name : MultiScaleSampler
[2025/11/12 13:46:32] ppocr INFO:         scales : [[320, 32], [320, 48], [320, 64]]
[2025/11/12 13:46:32] ppocr INFO: profiler_options : None
[2025/11/12 13:46:32] ppocr INFO: train with paddle 3.0.0 and device Place(gpu:0)
[2025/11/12 13:46:32] ppocr INFO: Initialize indexes of datasets:['./text/typed_text/fortrain/augmented_data/train_list.txt']
[2025/11/12 13:46:32] ppocr INFO: Initialize indexes of datasets:['./text/typed_text/fortrain/augmented_data/val_list.txt']
[2025/11/12 13:46:33] ppocr INFO: train dataloader has 36 iters
[2025/11/12 13:46:33] ppocr INFO: valid dataloader has 5 iters
[2025/11/12 13:46:33] ppocr WARNING: The shape of model params head.ctc_head.fc.weight [120, 18387] not matched with loaded params head.ctc_head.fc.weight [120, 18385] !
[2025/11/12 13:46:33] ppocr WARNING: The shape of model params head.ctc_head.fc.bias [18387] not matched with loaded params head.ctc_head.fc.bias [18385] !
[2025/11/12 13:46:33] ppocr WARNING: The shape of model params head.gtc_head.embedding.embedding.weight [18391, 384] not matched with loaded params head.gtc_head.embedding.embedding.weight [18389, 384] !
[2025/11/12 13:46:33] ppocr WARNING: The shape of model params head.gtc_head.tgt_word_prj.weight [384, 18391] not matched with loaded params head.gtc_head.tgt_word_prj.weight [384, 18389] !
[2025/11/12 13:46:33] ppocr INFO: load pretrain successful from ./text/typed_text/pretrain_models/PP-OCRv5_server_rec_pretrained
[2025/11/12 13:46:33] ppocr INFO: During the training process, after the 0th iteration, an evaluation is run every 100 iterations
[2025/11/12 13:46:42] ppocr INFO: epoch: [1/200], global_step: 10, lr: 0.000019, acc: 0.000000, norm_edit_dis: 0.000000, CTCLoss: 379.510986, NRTRLoss: 11.445837, loss: 391.152191, avg_reader_cost: 0.10958 s, avg_batch_cost: 0.84695 s, avg_samples: 93.8, ips: 110.75088 samples/s, eta: 1:41:29, max_mem_reserved: 14736 MB, max_mem_allocated: 13561 MB
[2025/11/12 13:46:48] ppocr INFO: epoch: [1/200], global_step: 20, lr: 0.000040, acc: 0.000000, norm_edit_dis: 0.000206, CTCLoss: 377.517075, NRTRLoss: 9.535949, loss: 387.053024, avg_reader_cost: 0.00287 s, avg_batch_cost: 0.63702 s, avg_samples: 98.0, ips: 153.84070 samples/s, eta: 1:28:47, max_mem_reserved: 14736 MB, max_mem_allocated: 13561 MB
[2025/11/12 13:46:54] ppocr INFO: epoch: [1/200], global_step: 30, lr: 0.000081, acc: 0.000000, norm_edit_dis: 0.000910, CTCLoss: 349.503723, NRTRLoss: 6.395109, loss: 355.790817, avg_reader_cost: 0.00285 s, avg_batch_cost: 0.62000 s, avg_samples: 87.3, ips: 140.80655 samples/s, eta: 1:23:48, max_mem_reserved: 14736 MB, max_mem_allocated: 13561 MB
[2025/11/12 13:46:58] ppocr INFO: epoch: [1/200], global_step: 36, lr: 0.000106, acc: 0.000000, norm_edit_dis: 0.005726, CTCLoss: 310.154022, NRTRLoss: 5.952896, loss: 316.044174, avg_reader_cost: 0.00171 s, avg_batch_cost: 0.36049 s, avg_samples: 53.3, ips: 147.85292 samples/s, eta: 1:21:44, max_mem_reserved: 14736 MB, max_mem_allocated: 13561 MB
[2025/11/12 13:46:59] ppocr INFO: save model in ./output/latest
[2025/11/12 13:47:00] ppocr INFO: save model in ./output/iter_epoch_1
[2025/11/12 13:47:03] ppocr INFO: epoch: [2/200], global_step: 40, lr: 0.000123, acc: 0.000000, norm_edit_dis: 0.012324, CTCLoss: 278.641174, NRTRLoss: 5.654482, loss: 284.295654, avg_reader_cost: 0.27529 s, avg_batch_cost: 0.54365 s, avg_samples: 40.5, ips: 74.49709 samples/s, eta: 1:29:44, max_mem_reserved: 14736 MB, max_mem_allocated: 13561 MB
[2025/11/12 13:47:10] ppocr INFO: epoch: [2/200], global_step: 50, lr: 0.000165, acc: 0.000000, norm_edit_dis: 0.023138, CTCLoss: 220.772972, NRTRLoss: 4.769255, loss: 225.542221, avg_reader_cost: 0.00279 s, avg_batch_cost: 0.64238 s, avg_samples: 108.8, ips: 169.37008 samples/s, eta: 1:27:00, max_mem_reserved: 14736 MB, max_mem_allocated: 13561 MB
[2025/11/12 13:47:16] ppocr INFO: epoch: [2/200], global_step: 60, lr: 0.000206, acc: 0.000000, norm_edit_dis: 0.054181, CTCLoss: 188.821159, NRTRLoss: 3.435790, loss: 192.416000, avg_reader_cost: 0.00284 s, avg_batch_cost: 0.58927 s, avg_samples: 80.9, ips: 137.28937 samples/s, eta: 1:24:05, max_mem_reserved: 14736 MB, max_mem_allocated: 13561 MB
[2025/11/12 13:47:22] ppocr INFO: epoch: [2/200], global_step: 70, lr: 0.000248, acc: 0.000000, norm_edit_dis: 0.107957, CTCLoss: 141.946556, NRTRLoss: 2.450871, loss: 144.391846, avg_reader_cost: 0.00283 s, avg_batch_cost: 0.63180 s, avg_samples: 87.3, ips: 138.17576 samples/s, eta: 1:22:42, max_mem_reserved: 14736 MB, max_mem_allocated: 13561 MB
[2025/11/12 13:47:23] ppocr INFO: epoch: [2/200], global_step: 72, lr: 0.000256, acc: 0.000000, norm_edit_dis: 0.116826, CTCLoss: 129.835014, NRTRLoss: 2.415658, loss: 132.147427, avg_reader_cost: 0.00057 s, avg_batch_cost: 0.11489 s, avg_samples: 14.9, ips: 129.68738 samples/s, eta: 1:22:16, max_mem_reserved: 14736 MB, max_mem_allocated: 13561 MB
[2025/11/12 13:47:24] ppocr INFO: save model in ./output/latest
[2025/11/12 13:47:25] ppocr INFO: save model in ./output/iter_epoch_2
[2025/11/12 13:47:31] ppocr INFO: epoch: [3/200], global_step: 80, lr: 0.000290, acc: 0.000000, norm_edit_dis: 0.165018, CTCLoss: 97.572124, NRTRLoss: 2.072963, loss: 99.776054, avg_reader_cost: 0.27061 s, avg_batch_cost: 0.77386 s, avg_samples: 70.3, ips: 90.84280 samples/s, eta: 1:25:26, max_mem_reserved: 14736 MB, max_mem_allocated: 13561 MB
[2025/11/12 13:47:37] ppocr INFO: epoch: [3/200], global_step: 90, lr: 0.000300, acc: 0.000000, norm_edit_dis: 0.234835, CTCLoss: 71.645458, NRTRLoss: 1.940873, loss: 73.607117, avg_reader_cost: 0.00288 s, avg_batch_cost: 0.62492 s, avg_samples: 95.9, ips: 153.45845 samples/s, eta: 1:24:04, max_mem_reserved: 14736 MB, max_mem_allocated: 13561 MB
[2025/11/12 13:47:44] ppocr INFO: epoch: [3/200], global_step: 100, lr: 0.000300, acc: 0.007812, norm_edit_dis: 0.304908, CTCLoss: 54.593182, NRTRLoss: 1.874621, loss: 56.417286, avg_reader_cost: 0.00286 s, avg_batch_cost: 0.63547 s, avg_samples: 98.0, ips: 154.21632 samples/s, eta: 1:23:04, max_mem_reserved: 14736 MB, max_mem_allocated: 13561 MB
[2025/11/12 13:47:44] ppocr INFO: cur metric, acc: 0.038759686917853725, norm_edit_dis: 0.40833924112297515, fps: 502.1813166516618
[2025/11/12 13:47:47] ppocr INFO: save best model is to ./output/best_accuracy
[2025/11/12 13:47:47] ppocr INFO: best metric, acc: 0.038759686917853725, is_float16: False, norm_edit_dis: 0.40833924112297515, fps: 502.1813166516618, best_epoch: 3
[2025/11/12 13:47:51] ppocr INFO: epoch: [3/200], global_step: 108, lr: 0.000300, acc: 0.019531, norm_edit_dis: 0.375419, CTCLoss: 44.556929, NRTRLoss: 1.787496, loss: 46.248158, avg_reader_cost: 0.00233 s, avg_batch_cost: 0.47847 s, avg_samples: 68.2, ips: 142.53675 samples/s, eta: 1:22:04, max_mem_reserved: 14736 MB, max_mem_allocated: 13561 MB
[2025/11/12 13:47:53] ppocr INFO: save model in ./output/latest
[2025/11/12 13:47:53] ppocr INFO: save model in ./output/iter_epoch_3
[2025/11/12 13:47:56] ppocr INFO: epoch: [4/200], global_step: 110, lr: 0.000300, acc: 0.027390, norm_edit_dis: 0.392022, CTCLoss: 42.584381, NRTRLoss: 1.750475, loss: 44.281534, avg_reader_cost: 0.30977 s, avg_batch_cost: 0.42642 s, avg_samples: 14.9, ips: 34.94234 samples/s, eta: 1:25:08, max_mem_reserved: 14736 MB, max_mem_allocated: 13561 MB
[2025/11/12 13:48:02] ppocr INFO: epoch: [4/200], global_step: 120, lr: 0.000300, acc: 0.058824, norm_edit_dis: 0.470454, CTCLoss: 31.084272, NRTRLoss: 1.650391, loss: 32.708161, avg_reader_cost: 0.00290 s, avg_batch_cost: 0.67140 s, avg_samples: 106.5, ips: 158.62414 samples/s, eta: 1:24:32, max_mem_reserved: 14736 MB, max_mem_allocated: 13561 MB
[2025/11/12 13:48:08] ppocr INFO: epoch: [4/200], global_step: 130, lr: 0.000300, acc: 0.093750, norm_edit_dis: 0.554059, CTCLoss: 25.464549, NRTRLoss: 1.624244, loss: 27.035933, avg_reader_cost: 0.00288 s, avg_batch_cost: 0.59043 s, avg_samples: 76.7, ips: 129.90605 samples/s, eta: 1:23:16, max_mem_reserved: 14736 MB, max_mem_allocated: 13561 MB
[2025/11/12 13:48:14] ppocr INFO: epoch: [4/200], global_step: 140, lr: 0.000300, acc: 0.171875, norm_edit_dis: 0.633519, CTCLoss: 20.240952, NRTRLoss: 1.613015, loss: 21.917222, avg_reader_cost: 0.00287 s, avg_batch_cost: 0.62093 s, avg_samples: 95.9, ips: 154.44653 samples/s, eta: 1:22:26, max_mem_reserved: 14736 MB, max_mem_allocated: 13561 MB
[2025/11/12 13:48:17] ppocr INFO: epoch: [4/200], global_step: 144, lr: 0.000300, acc: 0.195312, norm_edit_dis: 0.660179, CTCLoss: 19.195307, NRTRLoss: 1.618436, loss: 20.852532, avg_reader_cost: 0.00113 s, avg_batch_cost: 0.24478 s, avg_samples: 38.4, ips: 156.87295 samples/s, eta: 1:22:06, max_mem_reserved: 14736 MB, max_mem_allocated: 13561 MB
[2025/11/12 13:48:18] ppocr INFO: save model in ./output/latest
[2025/11/12 13:48:19] ppocr INFO: save model in ./output/iter_epoch_4
[2025/11/12 13:48:24] ppocr INFO: epoch: [5/200], global_step: 150, lr: 0.000300, acc: 0.242187, norm_edit_dis: 0.694869, CTCLoss: 17.145288, NRTRLoss: 1.574884, loss: 18.695954, avg_reader_cost: 0.30175 s, avg_batch_cost: 0.71171 s, avg_samples: 53.2, ips: 74.74935 samples/s, eta: 1:24:19, max_mem_reserved: 14736 MB, max_mem_allocated: 13561 MB
[2025/11/12 13:48:30] ppocr INFO: epoch: [5/200], global_step: 160, lr: 0.000300, acc: 0.281801, norm_edit_dis: 0.714098, CTCLoss: 14.970675, NRTRLoss: 1.555362, loss: 16.471432, avg_reader_cost: 0.00288 s, avg_batch_cost: 0.62606 s, avg_samples: 89.5, ips: 142.95810 samples/s, eta: 1:23:31, max_mem_reserved: 14736 MB, max_mem_allocated: 13561 MB
[2025/11/12 13:48:37] ppocr INFO: epoch: [5/200], global_step: 170, lr: 0.000300, acc: 0.328125, norm_edit_dis: 0.764061, CTCLoss: 12.626827, NRTRLoss: 1.550521, loss: 14.210764, avg_reader_cost: 0.00287 s, avg_batch_cost: 0.65572 s, avg_samples: 102.3, ips: 156.01267 samples/s, eta: 1:23:01, max_mem_reserved: 14736 MB, max_mem_allocated: 13561 MB
[2025/11/12 13:48:43] ppocr INFO: epoch: [5/200], global_step: 180, lr: 0.000300, acc: 0.389430, norm_edit_dis: 0.784727, CTCLoss: 12.065047, NRTRLoss: 1.518180, loss: 13.564054, avg_reader_cost: 0.00286 s, avg_batch_cost: 0.64004 s, avg_samples: 87.4, ips: 136.55476 samples/s, eta: 1:22:27, max_mem_reserved: 14736 MB, max_mem_allocated: 13561 MB
[2025/11/12 13:48:45] ppocr INFO: save model in ./output/latest
[2025/11/12 13:48:46] ppocr INFO: save model in ./output/iter_epoch_5
[2025/11/12 13:48:53] ppocr INFO: epoch: [6/200], global_step: 190, lr: 0.000300, acc: 0.436397, norm_edit_dis: 0.801797, CTCLoss: 10.151921, NRTRLoss: 1.480918, loss: 11.642692, avg_reader_cost: 0.30922 s, avg_batch_cost: 0.93811 s, avg_samples: 91.6, ips: 97.64286 samples/s, eta: 1:23:46, max_mem_reserved: 14736 MB, max_mem_allocated: 13561 MB
[2025/11/12 13:48:59] ppocr INFO: epoch: [6/200], global_step: 200, lr: 0.000300, acc: 0.469669, norm_edit_dis: 0.828976, CTCLoss: 9.133389, NRTRLoss: 1.461702, loss: 10.617457, avg_reader_cost: 0.00295 s, avg_batch_cost: 0.62280 s, avg_samples: 81.0, ips: 130.05828 samples/s, eta: 1:23:06, max_mem_reserved: 14736 MB, max_mem_allocated: 13561 MB
[2025/11/12 13:49:00] ppocr INFO: cur metric, acc: 0.34883718226068355, norm_edit_dis: 0.7825544886548991, fps: 529.8498835156248
[2025/11/12 13:49:02] ppocr INFO: save best model is to ./output/best_accuracy
[2025/11/12 13:49:02] ppocr INFO: best metric, acc: 0.34883718226068355, is_float16: False, norm_edit_dis: 0.7825544886548991, fps: 529.8498835156248, best_epoch: 6
[2025/11/12 13:49:09] ppocr INFO: epoch: [6/200], global_step: 210, lr: 0.000300, acc: 0.507812, norm_edit_dis: 0.836390, CTCLoss: 8.655368, NRTRLoss: 1.466553, loss: 10.134337, avg_reader_cost: 0.00299 s, avg_batch_cost: 0.64563 s, avg_samples: 102.3, ips: 158.44990 samples/s, eta: 1:22:37, max_mem_reserved: 14736 MB, max_mem_allocated: 13561 MB
[2025/11/12 13:49:13] ppocr INFO: epoch: [6/200], global_step: 216, lr: 0.000300, acc: 0.522518, norm_edit_dis: 0.838894, CTCLoss: 9.039320, NRTRLoss: 1.493204, loss: 10.522356, avg_reader_cost: 0.00180 s, avg_batch_cost: 0.37737 s, avg_samples: 57.5, ips: 152.36863 samples/s, eta: 1:22:17, max_mem_reserved: 14736 MB, max_mem_allocated: 13561 MB
[2025/11/12 13:49:14] ppocr INFO: save model in ./output/latest
[2025/11/12 13:49:15] ppocr INFO: save model in ./output/iter_epoch_6
[2025/11/12 13:49:18] ppocr INFO: epoch: [7/200], global_step: 220, lr: 0.000300, acc: 0.484375, norm_edit_dis: 0.834546, CTCLoss: 9.436178, NRTRLoss: 1.501592, loss: 10.949271, avg_reader_cost: 0.28931 s, avg_batch_cost: 0.54707 s, avg_samples: 40.5, ips: 74.03117 samples/s, eta: 1:23:38, max_mem_reserved: 14736 MB, max_mem_allocated: 13561 MB
[2025/11/12 13:49:25] ppocr INFO: epoch: [7/200], global_step: 230, lr: 0.000300, acc: 0.484375, norm_edit_dis: 0.853495, CTCLoss: 8.125644, NRTRLoss: 1.493334, loss: 9.611622, avg_reader_cost: 0.00290 s, avg_batch_cost: 0.64563 s, avg_samples: 100.2, ips: 155.19649 samples/s, eta: 1:23:09, max_mem_reserved: 14736 MB, max_mem_allocated: 13561 MB
[2025/11/12 13:49:31] ppocr INFO: epoch: [7/200], global_step: 240, lr: 0.000300, acc: 0.542096, norm_edit_dis: 0.861968, CTCLoss: 7.859744, NRTRLoss: 1.472120, loss: 9.349477, avg_reader_cost: 0.00356 s, avg_batch_cost: 0.62628 s, avg_samples: 89.5, ips: 142.90779 samples/s, eta: 1:22:35, max_mem_reserved: 14736 MB, max_mem_allocated: 13561 MB
[2025/11/12 13:49:37] ppocr INFO: epoch: [7/200], global_step: 250, lr: 0.000300, acc: 0.558594, norm_edit_dis: 0.878114, CTCLoss: 6.566748, NRTRLoss: 1.463947, loss: 8.030746, avg_reader_cost: 0.00286 s, avg_batch_cost: 0.60907 s, avg_samples: 85.2, ips: 139.88631 samples/s, eta: 1:22:00, max_mem_reserved: 14736 MB, max_mem_allocated: 13561 MB
[2025/11/12 13:49:38] ppocr INFO: epoch: [7/200], global_step: 252, lr: 0.000300, acc: 0.563603, norm_edit_dis: 0.878114, CTCLoss: 6.249395, NRTRLoss: 1.450959, loss: 7.696352, avg_reader_cost: 0.00056 s, avg_batch_cost: 0.11512 s, avg_samples: 17.0, ips: 147.67190 samples/s, eta: 1:21:51, max_mem_reserved: 14736 MB, max_mem_allocated: 13561 MB
[2025/11/12 13:49:39] ppocr INFO: save model in ./output/latest
[2025/11/12 13:49:40] ppocr INFO: save model in ./output/iter_epoch_7
[2025/11/12 13:49:45] ppocr INFO: epoch: [8/200], global_step: 260, lr: 0.000300, acc: 0.583180, norm_edit_dis: 0.887244, CTCLoss: 5.978435, NRTRLoss: 1.449936, loss: 7.421827, avg_reader_cost: 0.27355 s, avg_batch_cost: 0.73314 s, avg_samples: 61.8, ips: 84.29467 samples/s, eta: 1:22:30, max_mem_reserved: 14736 MB, max_mem_allocated: 13561 MB
[2025/11/12 13:49:52] ppocr INFO: epoch: [8/200], global_step: 270, lr: 0.000299, acc: 0.605882, norm_edit_dis: 0.892460, CTCLoss: 6.057970, NRTRLoss: 1.445149, loss: 7.484577, avg_reader_cost: 0.00294 s, avg_batch_cost: 0.67475 s, avg_samples: 102.2, ips: 151.46417 samples/s, eta: 1:22:13, max_mem_reserved: 14736 MB, max_mem_allocated: 13561 MB
[2025/11/12 13:49:59] ppocr INFO: epoch: [8/200], global_step: 280, lr: 0.000299, acc: 0.553814, norm_edit_dis: 0.879628, CTCLoss: 6.408258, NRTRLoss: 1.450261, loss: 7.865767, avg_reader_cost: 0.00285 s, avg_batch_cost: 0.65045 s, avg_samples: 96.0, ips: 147.58920 samples/s, eta: 1:21:51, max_mem_reserved: 14736 MB, max_mem_allocated: 13561 MB
[2025/11/12 13:50:04] ppocr INFO: epoch: [8/200], global_step: 288, lr: 0.000299, acc: 0.593750, norm_edit_dis: 0.892230, CTCLoss: 5.535110, NRTRLoss: 1.425872, loss: 6.980861, avg_reader_cost: 0.00228 s, avg_batch_cost: 0.49320 s, avg_samples: 72.4, ips: 146.79575 samples/s, eta: 1:21:27, max_mem_reserved: 14736 MB, max_mem_allocated: 13561 MB
[2025/11/12 13:50:05] ppocr INFO: save model in ./output/latest
[2025/11/12 13:50:06] ppocr INFO: save model in ./output/iter_epoch_8
[2025/11/12 13:50:08] ppocr INFO: epoch: [9/200], global_step: 290, lr: 0.000299, acc: 0.593750, norm_edit_dis: 0.892230, CTCLoss: 5.529415, NRTRLoss: 1.412693, loss: 6.960730, avg_reader_cost: 0.30020 s, avg_batch_cost: 0.42968 s, avg_samples: 14.9, ips: 34.67728 samples/s, eta: 1:22:34, max_mem_reserved: 14736 MB, max_mem_allocated: 13561 MB
[2025/11/12 13:50:15] ppocr INFO: epoch: [9/200], global_step: 300, lr: 0.000299, acc: 0.636029, norm_edit_dis: 0.905894, CTCLoss: 5.027025, NRTRLoss: 1.423109, loss: 6.447851, avg_reader_cost: 0.00323 s, avg_batch_cost: 0.65320 s, avg_samples: 104.5, ips: 159.98280 samples/s, eta: 1:22:13, max_mem_reserved: 14736 MB, max_mem_allocated: 13561 MB
[2025/11/12 13:50:15] ppocr INFO: cur metric, acc: 0.41860461871282023, norm_edit_dis: 0.8088395172627957, fps: 552.7339831175956
[2025/11/12 13:50:17] ppocr INFO: save best model is to ./output/best_accuracy
[2025/11/12 13:50:17] ppocr INFO: best metric, acc: 0.41860461871282023, is_float16: False, norm_edit_dis: 0.8088395172627957, fps: 552.7339831175956, best_epoch: 9
[2025/11/12 13:50:24] ppocr INFO: epoch: [9/200], global_step: 310, lr: 0.000299, acc: 0.610570, norm_edit_dis: 0.905894, CTCLoss: 5.058182, NRTRLoss: 1.420377, loss: 6.481334, avg_reader_cost: 0.00284 s, avg_batch_cost: 0.64906 s, avg_samples: 93.7, ips: 144.36339 samples/s, eta: 1:21:51, max_mem_reserved: 14736 MB, max_mem_allocated: 13561 MB
[2025/11/12 13:50:30] ppocr INFO: epoch: [9/200], global_step: 320, lr: 0.000299, acc: 0.652344, norm_edit_dis: 0.913661, CTCLoss: 5.026448, NRTRLoss: 1.417046, loss: 6.453587, avg_reader_cost: 0.00281 s, avg_batch_cost: 0.64030 s, avg_samples: 91.6, ips: 143.05900 samples/s, eta: 1:21:28, max_mem_reserved: 14736 MB, max_mem_allocated: 13561 MB
[2025/11/12 13:50:33] ppocr INFO: epoch: [9/200], global_step: 324, lr: 0.000299, acc: 0.690809, norm_edit_dis: 0.916090, CTCLoss: 4.923528, NRTRLoss: 1.410651, loss: 6.357327, avg_reader_cost: 0.00114 s, avg_batch_cost: 0.25099 s, avg_samples: 27.7, ips: 110.36215 samples/s, eta: 1:21:18, max_mem_reserved: 14736 MB, max_mem_allocated: 13561 MB
[2025/11/12 13:50:34] ppocr INFO: save model in ./output/latest
[2025/11/12 13:50:35] ppocr INFO: save model in ./output/iter_epoch_9
[2025/11/12 13:50:40] ppocr INFO: epoch: [10/200], global_step: 330, lr: 0.000299, acc: 0.690809, norm_edit_dis: 0.919649, CTCLoss: 4.819687, NRTRLoss: 1.407683, loss: 6.229392, avg_reader_cost: 0.31715 s, avg_batch_cost: 0.70536 s, avg_samples: 55.4, ips: 78.54153 samples/s, eta: 1:22:12, max_mem_reserved: 14736 MB, max_mem_allocated: 13561 MB
[2025/11/12 13:50:46] ppocr INFO: epoch: [10/200], global_step: 340, lr: 0.000299, acc: 0.667325, norm_edit_dis: 0.911989, CTCLoss: 4.291937, NRTRLoss: 1.409202, loss: 5.702700, avg_reader_cost: 0.00340 s, avg_batch_cost: 0.63064 s, avg_samples: 93.8, ips: 148.73775 samples/s, eta: 1:21:47, max_mem_reserved: 14736 MB, max_mem_allocated: 13561 MB
[2025/11/12 13:50:53] ppocr INFO: epoch: [10/200], global_step: 350, lr: 0.000299, acc: 0.660156, norm_edit_dis: 0.918078, CTCLoss: 4.351441, NRTRLoss: 1.404859, loss: 5.743224, avg_reader_cost: 0.00293 s, avg_batch_cost: 0.66148 s, avg_samples: 89.5, ips: 135.30289 samples/s, eta: 1:21:30, max_mem_reserved: 14736 MB, max_mem_allocated: 13561 MB
[2025/11/12 13:50:59] ppocr INFO: epoch: [10/200], global_step: 360, lr: 0.000299, acc: 0.704504, norm_edit_dis: 0.928657, CTCLoss: 4.351441, NRTRLoss: 1.395022, loss: 5.743224, avg_reader_cost: 0.00285 s, avg_batch_cost: 0.63551 s, avg_samples: 93.7, ips: 147.43994 samples/s, eta: 1:21:08, max_mem_reserved: 14736 MB, max_mem_allocated: 13561 MB
[2025/11/12 13:51:01] ppocr INFO: save model in ./output/latest
[2025/11/12 13:51:02] ppocr INFO: save model in ./output/iter_epoch_10
[2025/11/12 13:51:09] ppocr INFO: epoch: [11/200], global_step: 370, lr: 0.000299, acc: 0.711765, norm_edit_dis: 0.934274, CTCLoss: 4.146299, NRTRLoss: 1.403756, loss: 5.570792, avg_reader_cost: 0.32212 s, avg_batch_cost: 0.96594 s, avg_samples: 98.0, ips: 101.45523 samples/s, eta: 1:21:47, max_mem_reserved: 14736 MB, max_mem_allocated: 13561 MB
[2025/11/12 13:51:15] ppocr INFO: epoch: [11/200], global_step: 380, lr: 0.000299, acc: 0.711765, norm_edit_dis: 0.929079, CTCLoss: 3.547060, NRTRLoss: 1.394122, loss: 4.951751, avg_reader_cost: 0.00285 s, avg_batch_cost: 0.62805 s, avg_samples: 89.5, ips: 142.50524 samples/s, eta: 1:21:24, max_mem_reserved: 14736 MB, max_mem_allocated: 13561 MB
[2025/11/12 13:51:21] ppocr INFO: epoch: [11/200], global_step: 390, lr: 0.000299, acc: 0.703125, norm_edit_dis: 0.928432, CTCLoss: 3.603500, NRTRLoss: 1.391025, loss: 5.003453, avg_reader_cost: 0.00282 s, avg_batch_cost: 0.59311 s, avg_samples: 95.9, ips: 161.69100 samples/s, eta: 1:20:55, max_mem_reserved: 14736 MB, max_mem_allocated: 13561 MB
[2025/11/12 13:51:25] ppocr INFO: epoch: [11/200], global_step: 396, lr: 0.000299, acc: 0.714292, norm_edit_dis: 0.926924, CTCLoss: 3.674123, NRTRLoss: 1.397191, loss: 5.077561, avg_reader_cost: 0.00170 s, avg_batch_cost: 0.37289 s, avg_samples: 49.0, ips: 131.40572 samples/s, eta: 1:20:42, max_mem_reserved: 14736 MB, max_mem_allocated: 13561 MB
[2025/11/12 13:51:26] ppocr INFO: save model in ./output/latest
[2025/11/12 13:51:27] ppocr INFO: save model in ./output/iter_epoch_11
[2025/11/12 13:51:31] ppocr INFO: epoch: [12/200], global_step: 400, lr: 0.000299, acc: 0.714292, norm_edit_dis: 0.927497, CTCLoss: 3.832535, NRTRLoss: 1.395252, loss: 5.241393, avg_reader_cost: 0.37407 s, avg_batch_cost: 0.63512 s, avg_samples: 38.4, ips: 60.46148 samples/s, eta: 1:21:38, max_mem_reserved: 14736 MB, max_mem_allocated: 13561 MB
[2025/11/12 13:51:32] ppocr INFO: cur metric, acc: 0.4961239925485277, norm_edit_dis: 0.8564500318221112, fps: 633.4731052246451
[2025/11/12 13:51:35] ppocr INFO: save best model is to ./output/best_accuracy
[2025/11/12 13:51:35] ppocr INFO: best metric, acc: 0.4961239925485277, is_float16: False, norm_edit_dis: 0.8564500318221112, fps: 633.4731052246451, best_epoch: 12
[2025/11/12 13:51:41] ppocr INFO: epoch: [12/200], global_step: 410, lr: 0.000298, acc: 0.737776, norm_edit_dis: 0.936946, CTCLoss: 3.321403, NRTRLoss: 1.391145, loss: 4.709160, avg_reader_cost: 0.00364 s, avg_batch_cost: 0.67456 s, avg_samples: 98.0, ips: 145.27936 samples/s, eta: 1:21:24, max_mem_reserved: 14736 MB, max_mem_allocated: 13561 MB
[2025/11/12 13:51:48] ppocr INFO: epoch: [12/200], global_step: 420, lr: 0.000298, acc: 0.747059, norm_edit_dis: 0.945023, CTCLoss: 2.849313, NRTRLoss: 1.387759, loss: 4.245737, avg_reader_cost: 0.00293 s, avg_batch_cost: 0.63691 s, avg_samples: 93.7, ips: 147.11755 samples/s, eta: 1:21:03, max_mem_reserved: 14736 MB, max_mem_allocated: 13561 MB
[2025/11/12 13:51:54] ppocr INFO: epoch: [12/200], global_step: 430, lr: 0.000298, acc: 0.747059, norm_edit_dis: 0.945405, CTCLoss: 3.043293, NRTRLoss: 1.384710, loss: 4.424099, avg_reader_cost: 0.00339 s, avg_batch_cost: 0.62329 s, avg_samples: 87.4, ips: 140.22464 samples/s, eta: 1:20:41, max_mem_reserved: 14736 MB, max_mem_allocated: 13561 MB
[2025/11/12 13:51:55] ppocr INFO: epoch: [12/200], global_step: 432, lr: 0.000298, acc: 0.747059, norm_edit_dis: 0.944869, CTCLoss: 3.192481, NRTRLoss: 1.384710, loss: 4.576862, avg_reader_cost: 0.00058 s, avg_batch_cost: 0.11905 s, avg_samples: 14.9, ips: 125.15990 samples/s, eta: 1:20:36, max_mem_reserved: 14736 MB, max_mem_allocated: 13561 MB
[2025/11/12 13:51:57] ppocr INFO: save model in ./output/latest
[2025/11/12 13:51:57] ppocr INFO: save model in ./output/iter_epoch_12
[2025/11/12 13:52:03] ppocr INFO: epoch: [13/200], global_step: 440, lr: 0.000298, acc: 0.755377, norm_edit_dis: 0.945869, CTCLoss: 3.116780, NRTRLoss: 1.385687, loss: 4.507606, avg_reader_cost: 0.30336 s, avg_batch_cost: 0.82991 s, avg_samples: 78.8, ips: 94.95034 samples/s, eta: 1:21:10, max_mem_reserved: 14736 MB, max_mem_allocated: 13561 MB
[2025/11/12 13:52:09] ppocr INFO: epoch: [13/200], global_step: 450, lr: 0.000298, acc: 0.751471, norm_edit_dis: 0.932695, CTCLoss: 3.128827, NRTRLoss: 1.386974, loss: 4.512902, avg_reader_cost: 0.00281 s, avg_batch_cost: 0.59895 s, avg_samples: 85.2, ips: 142.24875 samples/s, eta: 1:20:44, max_mem_reserved: 14736 MB, max_mem_allocated: 13561 MB
[2025/11/12 13:52:16] ppocr INFO: epoch: [13/200], global_step: 460, lr: 0.000298, acc: 0.734375, norm_edit_dis: 0.930796, CTCLoss: 3.146982, NRTRLoss: 1.398193, loss: 4.574737, avg_reader_cost: 0.00281 s, avg_batch_cost: 0.62896 s, avg_samples: 100.2, ips: 159.30978 samples/s, eta: 1:20:24, max_mem_reserved: 14736 MB, max_mem_allocated: 13561 MB
[2025/11/12 13:52:21] ppocr INFO: epoch: [13/200], global_step: 468, lr: 0.000298, acc: 0.734375, norm_edit_dis: 0.931573, CTCLoss: 3.132887, NRTRLoss: 1.408081, loss: 4.538819, avg_reader_cost: 0.00224 s, avg_batch_cost: 0.48708 s, avg_samples: 68.2, ips: 140.01766 samples/s, eta: 1:20:06, max_mem_reserved: 14736 MB, max_mem_allocated: 13561 MB
[2025/11/12 13:52:22] ppocr INFO: save model in ./output/latest
[2025/11/12 13:52:23] ppocr INFO: save model in ./output/iter_epoch_13
[2025/11/12 13:52:25] ppocr INFO: epoch: [14/200], global_step: 470, lr: 0.000298, acc: 0.731893, norm_edit_dis: 0.931573, CTCLoss: 3.146982, NRTRLoss: 1.413314, loss: 4.574737, avg_reader_cost: 0.33518 s, avg_batch_cost: 0.45605 s, avg_samples: 17.0, ips: 37.27640 samples/s, eta: 1:20:50, max_mem_reserved: 14736 MB, max_mem_allocated: 13561 MB
[2025/11/12 13:52:32] ppocr INFO: epoch: [14/200], global_step: 480, lr: 0.000298, acc: 0.745588, norm_edit_dis: 0.940503, CTCLoss: 2.926306, NRTRLoss: 1.390061, loss: 4.335414, avg_reader_cost: 0.00286 s, avg_batch_cost: 0.63372 s, avg_samples: 98.0, ips: 154.64288 samples/s, eta: 1:20:30, max_mem_reserved: 14736 MB, max_mem_allocated: 13561 MB
[2025/11/12 13:52:38] ppocr INFO: epoch: [14/200], global_step: 490, lr: 0.000298, acc: 0.745588, norm_edit_dis: 0.938085, CTCLoss: 3.116626, NRTRLoss: 1.388628, loss: 4.508795, avg_reader_cost: 0.00338 s, avg_batch_cost: 0.62668 s, avg_samples: 87.4, ips: 139.46458 samples/s, eta: 1:20:10, max_mem_reserved: 14736 MB, max_mem_allocated: 13561 MB
[2025/11/12 13:52:44] ppocr INFO: epoch: [14/200], global_step: 500, lr: 0.000298, acc: 0.765165, norm_edit_dis: 0.944034, CTCLoss: 2.575175, NRTRLoss: 1.386324, loss: 3.971520, avg_reader_cost: 0.00282 s, avg_batch_cost: 0.58961 s, avg_samples: 85.2, ips: 144.50217 samples/s, eta: 1:19:46, max_mem_reserved: 14736 MB, max_mem_allocated: 13561 MB
[2025/11/12 13:52:44] ppocr INFO: cur metric, acc: 0.5193798046992399, norm_edit_dis: 0.8563278241512375, fps: 490.7705584041811
[2025/11/12 13:52:47] ppocr INFO: save best model is to ./output/best_accuracy
[2025/11/12 13:52:47] ppocr INFO: best metric, acc: 0.5193798046992399, is_float16: False, norm_edit_dis: 0.8563278241512375, fps: 490.7705584041811, best_epoch: 14
[2025/11/12 13:52:50] ppocr INFO: epoch: [14/200], global_step: 504, lr: 0.000297, acc: 0.758823, norm_edit_dis: 0.936756, CTCLoss: 2.772419, NRTRLoss: 1.392119, loss: 4.152909, avg_reader_cost: 0.00117 s, avg_batch_cost: 0.27992 s, avg_samples: 44.8, ips: 160.04612 samples/s, eta: 1:19:43, max_mem_reserved: 14736 MB, max_mem_allocated: 13561 MB
[2025/11/12 13:52:51] ppocr INFO: save model in ./output/latest
[2025/11/12 13:52:52] ppocr INFO: save model in ./output/iter_epoch_14
[2025/11/12 13:52:56] ppocr INFO: epoch: [15/200], global_step: 510, lr: 0.000297, acc: 0.765165, norm_edit_dis: 0.943846, CTCLoss: 2.826048, NRTRLoss: 1.397136, loss: 4.230733, avg_reader_cost: 0.29034 s, avg_batch_cost: 0.66328 s, avg_samples: 53.3, ips: 80.35878 samples/s, eta: 1:20:09, max_mem_reserved: 14736 MB, max_mem_allocated: 13561 MB
[2025/11/12 13:53:03] ppocr INFO: epoch: [15/200], global_step: 520, lr: 0.000297, acc: 0.707031, norm_edit_dis: 0.934375, CTCLoss: 3.253431, NRTRLoss: 1.404355, loss: 4.662764, avg_reader_cost: 0.00296 s, avg_batch_cost: 0.63012 s, avg_samples: 95.9, ips: 152.19346 samples/s, eta: 1:19:50, max_mem_reserved: 14736 MB, max_mem_allocated: 13561 MB
[2025/11/12 13:53:09] ppocr INFO: epoch: [15/200], global_step: 530, lr: 0.000297, acc: 0.707031, norm_edit_dis: 0.934952, CTCLoss: 3.097667, NRTRLoss: 1.397800, loss: 4.493579, avg_reader_cost: 0.00291 s, avg_batch_cost: 0.62072 s, avg_samples: 87.4, ips: 140.80529 samples/s, eta: 1:19:31, max_mem_reserved: 14736 MB, max_mem_allocated: 13561 MB
[2025/11/12 13:53:15] ppocr INFO: epoch: [15/200], global_step: 540, lr: 0.000297, acc: 0.718750, norm_edit_dis: 0.933477, CTCLoss: 3.172766, NRTRLoss: 1.395359, loss: 4.595174, avg_reader_cost: 0.00292 s, avg_batch_cost: 0.64295 s, avg_samples: 95.8, ips: 149.00186 samples/s, eta: 1:19:15, max_mem_reserved: 14736 MB, max_mem_allocated: 13561 MB
[2025/11/12 13:53:17] ppocr INFO: save model in ./output/latest
[2025/11/12 13:53:18] ppocr INFO: save model in ./output/iter_epoch_15
[2025/11/12 13:53:25] ppocr INFO: epoch: [16/200], global_step: 550, lr: 0.000297, acc: 0.741176, norm_edit_dis: 0.937984, CTCLoss: 3.333755, NRTRLoss: 1.388113, loss: 4.730089, avg_reader_cost: 0.30799 s, avg_batch_cost: 0.92908 s, avg_samples: 87.4, ips: 94.07167 samples/s, eta: 1:19:34, max_mem_reserved: 14736 MB, max_mem_allocated: 13561 MB
[2025/11/12 13:53:31] ppocr INFO: epoch: [16/200], global_step: 560, lr: 0.000297, acc: 0.745588, norm_edit_dis: 0.945264, CTCLoss: 2.938571, NRTRLoss: 1.385845, loss: 4.322474, avg_reader_cost: 0.00340 s, avg_batch_cost: 0.64109 s, avg_samples: 91.6, ips: 142.88138 samples/s, eta: 1:19:18, max_mem_reserved: 14736 MB, max_mem_allocated: 13561 MB
[2025/11/12 13:53:37] ppocr INFO: epoch: [16/200], global_step: 570, lr: 0.000297, acc: 0.786673, norm_edit_dis: 0.952250, CTCLoss: 2.430828, NRTRLoss: 1.382592, loss: 3.803165, avg_reader_cost: 0.00285 s, avg_batch_cost: 0.63265 s, avg_samples: 93.8, ips: 148.26563 samples/s, eta: 1:19:01, max_mem_reserved: 14736 MB, max_mem_allocated: 13561 MB
[2025/11/12 13:53:41] ppocr INFO: epoch: [16/200], global_step: 576, lr: 0.000297, acc: 0.764706, norm_edit_dis: 0.942111, CTCLoss: 2.588422, NRTRLoss: 1.385910, loss: 3.978444, avg_reader_cost: 0.00173 s, avg_batch_cost: 0.38638 s, avg_samples: 59.6, ips: 154.25256 samples/s, eta: 1:18:51, max_mem_reserved: 14736 MB, max_mem_allocated: 13561 MB
[2025/11/12 13:53:43] ppocr INFO: save model in ./output/latest
[2025/11/12 13:53:44] ppocr INFO: save model in ./output/iter_epoch_16
[2025/11/12 13:53:47] ppocr INFO: epoch: [17/200], global_step: 580, lr: 0.000296, acc: 0.778860, norm_edit_dis: 0.947583, CTCLoss: 2.588422, NRTRLoss: 1.375699, loss: 3.978444, avg_reader_cost: 0.32186 s, avg_batch_cost: 0.57246 s, avg_samples: 34.1, ips: 59.56762 samples/s, eta: 1:19:21, max_mem_reserved: 14736 MB, max_mem_allocated: 13561 MB
[2025/11/12 13:53:53] ppocr INFO: epoch: [17/200], global_step: 590, lr: 0.000296, acc: 0.747564, norm_edit_dis: 0.946355, CTCLoss: 2.557027, NRTRLoss: 1.371306, loss: 3.929572, avg_reader_cost: 0.00286 s, avg_batch_cost: 0.65005 s, avg_samples: 100.2, ips: 154.14131 samples/s, eta: 1:19:06, max_mem_reserved: 14736 MB, max_mem_allocated: 13561 MB
[2025/11/12 13:53:59] ppocr INFO: epoch: [17/200], global_step: 600, lr: 0.000296, acc: 0.789062, norm_edit_dis: 0.952651, CTCLoss: 2.302267, NRTRLoss: 1.370476, loss: 3.674209, avg_reader_cost: 0.00284 s, avg_batch_cost: 0.58330 s, avg_samples: 85.2, ips: 146.06552 samples/s, eta: 1:18:44, max_mem_reserved: 14736 MB, max_mem_allocated: 13561 MB
[2025/11/12 13:54:00] ppocr INFO: cur metric, acc: 0.4728681803978155, norm_edit_dis: 0.8491463509908994, fps: 624.0839885809856
[2025/11/12 13:54:00] ppocr INFO: best metric, acc: 0.5193798046992399, is_float16: False, norm_edit_dis: 0.8563278241512375, fps: 490.7705584041811, best_epoch: 14
[2025/11/12 13:54:06] ppocr INFO: epoch: [17/200], global_step: 610, lr: 0.000296, acc: 0.811765, norm_edit_dis: 0.959044, CTCLoss: 2.138125, NRTRLoss: 1.368786, loss: 3.507901, avg_reader_cost: 0.00293 s, avg_batch_cost: 0.63915 s, avg_samples: 98.0, ips: 153.32931 samples/s, eta: 1:18:29, max_mem_reserved: 14736 MB, max_mem_allocated: 13561 MB
[2025/11/12 13:54:08] ppocr INFO: epoch: [17/200], global_step: 612, lr: 0.000296, acc: 0.839522, norm_edit_dis: 0.967219, CTCLoss: 1.782147, NRTRLoss: 1.364151, loss: 3.139224, avg_reader_cost: 0.00056 s, avg_batch_cost: 0.12080 s, avg_samples: 14.9, ips: 123.34486 samples/s, eta: 1:18:25, max_mem_reserved: 14736 MB, max_mem_allocated: 13561 MB
[2025/11/12 13:54:09] ppocr INFO: save model in ./output/latest
[2025/11/12 13:54:10] ppocr INFO: save model in ./output/iter_epoch_17
[2025/11/12 13:54:15] ppocr INFO: epoch: [18/200], global_step: 620, lr: 0.000296, acc: 0.800000, norm_edit_dis: 0.955459, CTCLoss: 2.113280, NRTRLoss: 1.357077, loss: 3.475153, avg_reader_cost: 0.27607 s, avg_batch_cost: 0.75672 s, avg_samples: 70.3, ips: 92.90119 samples/s, eta: 1:18:39, max_mem_reserved: 14736 MB, max_mem_allocated: 13561 MB
[2025/11/12 13:54:21] ppocr INFO: epoch: [18/200], global_step: 630, lr: 0.000296, acc: 0.835294, norm_edit_dis: 0.966473, CTCLoss: 1.824688, NRTRLoss: 1.354765, loss: 3.190443, avg_reader_cost: 0.00287 s, avg_batch_cost: 0.62217 s, avg_samples: 95.9, ips: 154.13878 samples/s, eta: 1:18:22, max_mem_reserved: 14736 MB, max_mem_allocated: 13561 MB
[2025/11/12 13:54:28] ppocr INFO: epoch: [18/200], global_step: 640, lr: 0.000296, acc: 0.800781, norm_edit_dis: 0.957025, CTCLoss: 1.927953, NRTRLoss: 1.359141, loss: 3.291231, avg_reader_cost: 0.00290 s, avg_batch_cost: 0.67037 s, avg_samples: 106.6, ips: 159.01764 samples/s, eta: 1:18:10, max_mem_reserved: 14736 MB, max_mem_allocated: 13561 MB
[2025/11/12 13:54:33] ppocr INFO: epoch: [18/200], global_step: 648, lr: 0.000295, acc: 0.802344, norm_edit_dis: 0.956542, CTCLoss: 1.751984, NRTRLoss: 1.352267, loss: 3.108304, avg_reader_cost: 0.00236 s, avg_batch_cost: 0.47491 s, avg_samples: 59.6, ips: 125.49644 samples/s, eta: 1:17:55, max_mem_reserved: 14736 MB, max_mem_allocated: 13561 MB
[2025/11/12 13:54:34] ppocr INFO: save model in ./output/latest
[2025/11/12 13:54:35] ppocr INFO: save model in ./output/iter_epoch_18
[2025/11/12 13:54:38] ppocr INFO: epoch: [19/200], global_step: 650, lr: 0.000295, acc: 0.802344, norm_edit_dis: 0.956542, CTCLoss: 1.727320, NRTRLoss: 1.351360, loss: 3.076891, avg_reader_cost: 0.36279 s, avg_batch_cost: 0.52128 s, avg_samples: 21.3, ips: 40.86060 samples/s, eta: 1:18:31, max_mem_reserved: 14736 MB, max_mem_allocated: 13561 MB
[2025/11/12 13:54:44] ppocr INFO: epoch: [19/200], global_step: 660, lr: 0.000295, acc: 0.839522, norm_edit_dis: 0.966668, CTCLoss: 1.516814, NRTRLoss: 1.345844, loss: 2.864327, avg_reader_cost: 0.00283 s, avg_batch_cost: 0.62560 s, avg_samples: 91.7, ips: 146.57813 samples/s, eta: 1:18:15, max_mem_reserved: 14736 MB, max_mem_allocated: 13561 MB
[2025/11/12 13:54:51] ppocr INFO: epoch: [19/200], global_step: 670, lr: 0.000295, acc: 0.845404, norm_edit_dis: 0.971087, CTCLoss: 1.352487, NRTRLoss: 1.344676, loss: 2.695703, avg_reader_cost: 0.00288 s, avg_batch_cost: 0.62611 s, avg_samples: 85.2, ips: 136.07744 samples/s, eta: 1:17:59, max_mem_reserved: 14736 MB, max_mem_allocated: 13561 MB
[2025/11/12 13:54:57] ppocr INFO: epoch: [19/200], global_step: 680, lr: 0.000295, acc: 0.816406, norm_edit_dis: 0.963030, CTCLoss: 1.897467, NRTRLoss: 1.352122, loss: 3.256787, avg_reader_cost: 0.00285 s, avg_batch_cost: 0.67599 s, avg_samples: 102.3, ips: 151.33420 samples/s, eta: 1:17:48, max_mem_reserved: 14736 MB, max_mem_allocated: 13561 MB
[2025/11/12 13:55:00] ppocr INFO: epoch: [19/200], global_step: 684, lr: 0.000295, acc: 0.824219, norm_edit_dis: 0.964065, CTCLoss: 2.092729, NRTRLoss: 1.351133, loss: 3.440362, avg_reader_cost: 0.00116 s, avg_batch_cost: 0.24706 s, avg_samples: 31.9, ips: 129.11620 samples/s, eta: 1:17:41, max_mem_reserved: 14736 MB, max_mem_allocated: 13561 MB
[2025/11/12 13:55:01] ppocr INFO: save model in ./output/latest
[2025/11/12 13:55:02] ppocr INFO: save model in ./output/iter_epoch_19
[2025/11/12 13:55:08] ppocr INFO: epoch: [20/200], global_step: 690, lr: 0.000295, acc: 0.824219, norm_edit_dis: 0.965528, CTCLoss: 2.043812, NRTRLoss: 1.352122, loss: 3.400485, avg_reader_cost: 0.35577 s, avg_batch_cost: 0.76254 s, avg_samples: 66.1, ips: 86.68360 samples/s, eta: 1:18:08, max_mem_reserved: 14736 MB, max_mem_allocated: 13561 MB
[2025/11/12 13:55:14] ppocr INFO: epoch: [20/200], global_step: 700, lr: 0.000295, acc: 0.863281, norm_edit_dis: 0.971805, CTCLoss: 1.891841, NRTRLoss: 1.347852, loss: 3.246584, avg_reader_cost: 0.00288 s, avg_batch_cost: 0.63640 s, avg_samples: 100.2, ips: 157.44928 samples/s, eta: 1:17:53, max_mem_reserved: 14736 MB, max_mem_allocated: 13561 MB
[2025/11/12 13:55:15] ppocr INFO: cur metric, acc: 0.5193798046992399, norm_edit_dis: 0.8485539341311368, fps: 839.0299068029216
[2025/11/12 13:55:17] ppocr INFO: save best model is to ./output/best_accuracy
[2025/11/12 13:55:17] ppocr INFO: best metric, acc: 0.5193798046992399, is_float16: False, norm_edit_dis: 0.8485539341311368, fps: 839.0299068029216, best_epoch: 20
[2025/11/12 13:55:23] ppocr INFO: epoch: [20/200], global_step: 710, lr: 0.000294, acc: 0.855469, norm_edit_dis: 0.974119, CTCLoss: 1.600050, NRTRLoss: 1.340593, loss: 2.947679, avg_reader_cost: 0.00359 s, avg_batch_cost: 0.63919 s, avg_samples: 89.4, ips: 139.86369 samples/s, eta: 1:17:39, max_mem_reserved: 14736 MB, max_mem_allocated: 13561 MB
[2025/11/12 13:55:29] ppocr INFO: epoch: [20/200], global_step: 720, lr: 0.000294, acc: 0.886489, norm_edit_dis: 0.977356, CTCLoss: 1.377992, NRTRLoss: 1.339228, loss: 2.728454, avg_reader_cost: 0.00284 s, avg_batch_cost: 0.58892 s, avg_samples: 76.7, ips: 130.23759 samples/s, eta: 1:17:20, max_mem_reserved: 14736 MB, max_mem_allocated: 13561 MB
[2025/11/12 13:55:31] ppocr INFO: save model in ./output/latest
[2025/11/12 13:55:31] ppocr INFO: save model in ./output/iter_epoch_20
[2025/11/12 13:55:39] ppocr INFO: epoch: [21/200], global_step: 730, lr: 0.000294, acc: 0.902344, norm_edit_dis: 0.980028, CTCLoss: 1.377992, NRTRLoss: 1.337328, loss: 2.724545, avg_reader_cost: 0.29397 s, avg_batch_cost: 0.92531 s, avg_samples: 93.7, ips: 101.26356 samples/s, eta: 1:17:31, max_mem_reserved: 14736 MB, max_mem_allocated: 13561 MB
[2025/11/12 13:55:45] ppocr INFO: epoch: [21/200], global_step: 740, lr: 0.000294, acc: 0.884559, norm_edit_dis: 0.979388, CTCLoss: 1.455858, NRTRLoss: 1.334982, loss: 2.791220, avg_reader_cost: 0.00284 s, avg_batch_cost: 0.61150 s, avg_samples: 85.2, ips: 139.32879 samples/s, eta: 1:17:15, max_mem_reserved: 14736 MB, max_mem_allocated: 13561 MB
[2025/11/12 13:55:51] ppocr INFO: epoch: [21/200], global_step: 750, lr: 0.000294, acc: 0.875000, norm_edit_dis: 0.975499, CTCLoss: 1.470866, NRTRLoss: 1.336070, loss: 2.803326, avg_reader_cost: 0.00281 s, avg_batch_cost: 0.63932 s, avg_samples: 100.2, ips: 156.72947 samples/s, eta: 1:17:01, max_mem_reserved: 14736 MB, max_mem_allocated: 13561 MB
[2025/11/12 13:55:55] ppocr INFO: epoch: [21/200], global_step: 756, lr: 0.000294, acc: 0.882353, norm_edit_dis: 0.977331, CTCLoss: 1.386663, NRTRLoss: 1.335153, loss: 2.717628, avg_reader_cost: 0.00171 s, avg_batch_cost: 0.36594 s, avg_samples: 53.3, ips: 145.65204 samples/s, eta: 1:16:51, max_mem_reserved: 14736 MB, max_mem_allocated: 13561 MB
[2025/11/12 13:55:56] ppocr INFO: save model in ./output/latest
[2025/11/12 13:55:57] ppocr INFO: save model in ./output/iter_epoch_21
[2025/11/12 13:56:00] ppocr INFO: epoch: [22/200], global_step: 760, lr: 0.000293, acc: 0.882583, norm_edit_dis: 0.977331, CTCLoss: 1.265027, NRTRLoss: 1.335925, loss: 2.614057, avg_reader_cost: 0.31032 s, avg_batch_cost: 0.57472 s, avg_samples: 31.9, ips: 55.50523 samples/s, eta: 1:17:13, max_mem_reserved: 14736 MB, max_mem_allocated: 13561 MB
[2025/11/12 13:56:07] ppocr INFO: epoch: [22/200], global_step: 770, lr: 0.000293, acc: 0.864981, norm_edit_dis: 0.976620, CTCLoss: 1.356036, NRTRLoss: 1.337060, loss: 2.703452, avg_reader_cost: 0.00378 s, avg_batch_cost: 0.65189 s, avg_samples: 108.7, ips: 166.74562 samples/s, eta: 1:17:00, max_mem_reserved: 14736 MB, max_mem_allocated: 13561 MB
[2025/11/12 13:56:13] ppocr INFO: epoch: [22/200], global_step: 780, lr: 0.000293, acc: 0.859099, norm_edit_dis: 0.973482, CTCLoss: 1.456475, NRTRLoss: 1.339051, loss: 2.796165, avg_reader_cost: 0.00274 s, avg_batch_cost: 0.58002 s, avg_samples: 78.8, ips: 135.85826 samples/s, eta: 1:16:41, max_mem_reserved: 14736 MB, max_mem_allocated: 13561 MB
[2025/11/12 13:56:19] ppocr INFO: epoch: [22/200], global_step: 790, lr: 0.000293, acc: 0.859375, norm_edit_dis: 0.972703, CTCLoss: 1.617303, NRTRLoss: 1.342136, loss: 2.959742, avg_reader_cost: 0.00320 s, avg_batch_cost: 0.65369 s, avg_samples: 100.2, ips: 153.28362 samples/s, eta: 1:16:29, max_mem_reserved: 14736 MB, max_mem_allocated: 13561 MB
[2025/11/12 13:56:20] ppocr INFO: epoch: [22/200], global_step: 792, lr: 0.000293, acc: 0.871094, norm_edit_dis: 0.973997, CTCLoss: 1.504044, NRTRLoss: 1.337681, loss: 2.854183, avg_reader_cost: 0.00054 s, avg_batch_cost: 0.10830 s, avg_samples: 12.8, ips: 118.19350 samples/s, eta: 1:16:25, max_mem_reserved: 14736 MB, max_mem_allocated: 13561 MB
[2025/11/12 13:56:22] ppocr INFO: save model in ./output/latest
[2025/11/12 13:56:23] ppocr INFO: save model in ./output/iter_epoch_22
[2025/11/12 13:56:29] ppocr INFO: epoch: [23/200], global_step: 800, lr: 0.000293, acc: 0.884559, norm_edit_dis: 0.977090, CTCLoss: 1.472577, NRTRLoss: 1.339943, loss: 2.814254, avg_reader_cost: 0.32971 s, avg_batch_cost: 0.82865 s, avg_samples: 66.0, ips: 79.64767 samples/s, eta: 1:16:39, max_mem_reserved: 14736 MB, max_mem_allocated: 13561 MB
[2025/11/12 13:56:29] ppocr INFO: cur metric, acc: 0.5813953037678059, norm_edit_dis: 0.8732986104459952, fps: 590.5716568504604
[2025/11/12 13:56:32] ppocr INFO: save best model is to ./output/best_accuracy
[2025/11/12 13:56:32] ppocr INFO: best metric, acc: 0.5813953037678059, is_float16: False, norm_edit_dis: 0.8732986104459952, fps: 590.5716568504604, best_epoch: 23
[2025/11/12 13:56:39] ppocr INFO: epoch: [23/200], global_step: 810, lr: 0.000293, acc: 0.884559, norm_edit_dis: 0.977807, CTCLoss: 1.281511, NRTRLoss: 1.339943, loss: 2.630626, avg_reader_cost: 0.00351 s, avg_batch_cost: 0.64753 s, avg_samples: 91.7, ips: 141.61560 samples/s, eta: 1:16:27, max_mem_reserved: 14736 MB, max_mem_allocated: 13561 MB
[2025/11/12 13:56:45] ppocr INFO: epoch: [23/200], global_step: 820, lr: 0.000292, acc: 0.849311, norm_edit_dis: 0.973704, CTCLoss: 1.317229, NRTRLoss: 1.343436, loss: 2.661300, avg_reader_cost: 0.00292 s, avg_batch_cost: 0.63379 s, avg_samples: 98.0, ips: 154.62479 samples/s, eta: 1:16:13, max_mem_reserved: 14736 MB, max_mem_allocated: 13561 MB
[2025/11/12 13:56:50] ppocr INFO: epoch: [23/200], global_step: 828, lr: 0.000292, acc: 0.859375, norm_edit_dis: 0.974435, CTCLoss: 1.283449, NRTRLoss: 1.341711, loss: 2.631173, avg_reader_cost: 0.00236 s, avg_batch_cost: 0.51678 s, avg_samples: 76.7, ips: 148.41933 samples/s, eta: 1:16:03, max_mem_reserved: 14736 MB, max_mem_allocated: 13561 MB
[2025/11/12 13:56:51] ppocr INFO: save model in ./output/latest
[2025/11/12 13:56:52] ppocr INFO: save model in ./output/iter_epoch_23
[2025/11/12 13:56:54] ppocr INFO: epoch: [24/200], global_step: 830, lr: 0.000292, acc: 0.863005, norm_edit_dis: 0.976687, CTCLoss: 1.283449, NRTRLoss: 1.341711, loss: 2.631173, avg_reader_cost: 0.30796 s, avg_batch_cost: 0.43294 s, avg_samples: 17.0, ips: 39.26651 samples/s, eta: 1:16:24, max_mem_reserved: 14736 MB, max_mem_allocated: 13561 MB
[2025/11/12 13:57:01] ppocr INFO: epoch: [24/200], global_step: 840, lr: 0.000292, acc: 0.868888, norm_edit_dis: 0.979159, CTCLoss: 1.261349, NRTRLoss: 1.339962, loss: 2.606529, avg_reader_cost: 0.00291 s, avg_batch_cost: 0.60951 s, avg_samples: 89.5, ips: 146.83816 samples/s, eta: 1:16:08, max_mem_reserved: 14736 MB, max_mem_allocated: 13561 MB
[2025/11/12 13:57:07] ppocr INFO: epoch: [24/200], global_step: 850, lr: 0.000292, acc: 0.880606, norm_edit_dis: 0.978168, CTCLoss: 1.244260, NRTRLoss: 1.334849, loss: 2.580105, avg_reader_cost: 0.00336 s, avg_batch_cost: 0.59881 s, avg_samples: 83.1, ips: 138.77460 samples/s, eta: 1:15:52, max_mem_reserved: 14736 MB, max_mem_allocated: 13561 MB
[2025/11/12 13:57:13] ppocr INFO: epoch: [24/200], global_step: 860, lr: 0.000291, acc: 0.884559, norm_edit_dis: 0.978396, CTCLoss: 1.231541, NRTRLoss: 1.340880, loss: 2.578908, avg_reader_cost: 0.00294 s, avg_batch_cost: 0.64255 s, avg_samples: 102.3, ips: 159.20911 samples/s, eta: 1:15:39, max_mem_reserved: 14736 MB, max_mem_allocated: 13561 MB
[2025/11/12 13:57:16] ppocr INFO: epoch: [24/200], global_step: 864, lr: 0.000291, acc: 0.839844, norm_edit_dis: 0.972422, CTCLoss: 1.344728, NRTRLoss: 1.342176, loss: 2.700443, avg_reader_cost: 0.00116 s, avg_batch_cost: 0.26203 s, avg_samples: 40.5, ips: 154.56300 samples/s, eta: 1:15:35, max_mem_reserved: 14736 MB, max_mem_allocated: 13561 MB
[2025/11/12 13:57:17] ppocr INFO: save model in ./output/latest
[2025/11/12 13:57:18] ppocr INFO: save model in ./output/iter_epoch_24
[2025/11/12 13:57:23] ppocr INFO: epoch: [25/200], global_step: 870, lr: 0.000291, acc: 0.832031, norm_edit_dis: 0.970314, CTCLoss: 1.249080, NRTRLoss: 1.344202, loss: 2.601671, avg_reader_cost: 0.29801 s, avg_batch_cost: 0.68921 s, avg_samples: 59.7, ips: 86.62098 samples/s, eta: 1:15:49, max_mem_reserved: 14736 MB, max_mem_allocated: 13561 MB
[2025/11/12 13:57:29] ppocr INFO: epoch: [25/200], global_step: 880, lr: 0.000291, acc: 0.870588, norm_edit_dis: 0.970460, CTCLoss: 1.202987, NRTRLoss: 1.337412, loss: 2.541146, avg_reader_cost: 0.00287 s, avg_batch_cost: 0.63240 s, avg_samples: 91.6, ips: 144.84457 samples/s, eta: 1:15:36, max_mem_reserved: 14736 MB, max_mem_allocated: 13561 MB
[2025/11/12 13:57:35] ppocr INFO: epoch: [25/200], global_step: 890, lr: 0.000291, acc: 0.876700, norm_edit_dis: 0.978037, CTCLoss: 1.158144, NRTRLoss: 1.335388, loss: 2.502556, avg_reader_cost: 0.00292 s, avg_batch_cost: 0.65288 s, avg_samples: 93.8, ips: 143.67060 samples/s, eta: 1:15:24, max_mem_reserved: 14736 MB, max_mem_allocated: 13561 MB
[2025/11/12 13:57:42] ppocr INFO: epoch: [25/200], global_step: 900, lr: 0.000291, acc: 0.875000, norm_edit_dis: 0.976780, CTCLoss: 1.158722, NRTRLoss: 1.342953, loss: 2.502717, avg_reader_cost: 0.00286 s, avg_batch_cost: 0.61827 s, avg_samples: 87.3, ips: 141.20045 samples/s, eta: 1:15:10, max_mem_reserved: 14736 MB, max_mem_allocated: 13561 MB
[2025/11/12 13:57:42] ppocr INFO: cur metric, acc: 0.5116278673156692, norm_edit_dis: 0.8594369639721633, fps: 590.9134967596506
[2025/11/12 13:57:42] ppocr INFO: best metric, acc: 0.5813953037678059, is_float16: False, norm_edit_dis: 0.8732986104459952, fps: 590.5716568504604, best_epoch: 23
[2025/11/12 13:57:44] ppocr INFO: save model in ./output/latest
[2025/11/12 13:57:45] ppocr INFO: save model in ./output/iter_epoch_25
[2025/11/12 13:57:52] ppocr INFO: epoch: [26/200], global_step: 910, lr: 0.000290, acc: 0.878676, norm_edit_dis: 0.975117, CTCLoss: 1.206410, NRTRLoss: 1.345626, loss: 2.553910, avg_reader_cost: 0.34580 s, avg_batch_cost: 0.98869 s, avg_samples: 89.5, ips: 90.52417 samples/s, eta: 1:15:22, max_mem_reserved: 14736 MB, max_mem_allocated: 13561 MB
[2025/11/12 13:57:59] ppocr INFO: epoch: [26/200], global_step: 920, lr: 0.000290, acc: 0.872794, norm_edit_dis: 0.974628, CTCLoss: 1.300938, NRTRLoss: 1.343500, loss: 2.653820, avg_reader_cost: 0.00290 s, avg_batch_cost: 0.64581 s, avg_samples: 98.0, ips: 151.74694 samples/s, eta: 1:15:10, max_mem_reserved: 14736 MB, max_mem_allocated: 13561 MB
[2025/11/12 13:58:05] ppocr INFO: epoch: [26/200], global_step: 930, lr: 0.000290, acc: 0.855469, norm_edit_dis: 0.971245, CTCLoss: 1.503508, NRTRLoss: 1.345853, loss: 2.859056, avg_reader_cost: 0.00288 s, avg_batch_cost: 0.64685 s, avg_samples: 100.2, ips: 154.90520 samples/s, eta: 1:14:58, max_mem_reserved: 14736 MB, max_mem_allocated: 13561 MB
[2025/11/12 13:58:09] ppocr INFO: epoch: [26/200], global_step: 936, lr: 0.000290, acc: 0.875000, norm_edit_dis: 0.972306, CTCLoss: 1.255956, NRTRLoss: 1.342954, loss: 2.600426, avg_reader_cost: 0.00173 s, avg_batch_cost: 0.34993 s, avg_samples: 44.7, ips: 127.74132 samples/s, eta: 1:14:48, max_mem_reserved: 14736 MB, max_mem_allocated: 13561 MB
[2025/11/12 13:58:10] ppocr INFO: save model in ./output/latest
[2025/11/12 13:58:11] ppocr INFO: save model in ./output/iter_epoch_26
[2025/11/12 13:58:14] ppocr INFO: epoch: [27/200], global_step: 940, lr: 0.000290, acc: 0.867187, norm_edit_dis: 0.971876, CTCLoss: 1.255956, NRTRLoss: 1.343603, loss: 2.600426, avg_reader_cost: 0.29976 s, avg_batch_cost: 0.58291 s, avg_samples: 40.5, ips: 69.47865 samples/s, eta: 1:15:05, max_mem_reserved: 14736 MB, max_mem_allocated: 13561 MB
[2025/11/12 13:58:21] ppocr INFO: epoch: [27/200], global_step: 950, lr: 0.000289, acc: 0.882583, norm_edit_dis: 0.974036, CTCLoss: 1.208417, NRTRLoss: 1.342844, loss: 2.556536, avg_reader_cost: 0.00288 s, avg_batch_cost: 0.64030 s, avg_samples: 100.2, ips: 156.48901 samples/s, eta: 1:14:52, max_mem_reserved: 14736 MB, max_mem_allocated: 13561 MB
[2025/11/12 13:58:27] ppocr INFO: epoch: [27/200], global_step: 960, lr: 0.000289, acc: 0.905882, norm_edit_dis: 0.977874, CTCLoss: 0.931067, NRTRLoss: 1.338288, loss: 2.274775, avg_reader_cost: 0.00283 s, avg_batch_cost: 0.61618 s, avg_samples: 87.3, ips: 141.67832 samples/s, eta: 1:14:38, max_mem_reserved: 14736 MB, max_mem_allocated: 13561 MB
[2025/11/12 13:58:33] ppocr INFO: epoch: [27/200], global_step: 970, lr: 0.000289, acc: 0.905882, norm_edit_dis: 0.979807, CTCLoss: 0.829306, NRTRLoss: 1.337054, loss: 2.161282, avg_reader_cost: 0.00283 s, avg_batch_cost: 0.59303 s, avg_samples: 83.1, ips: 140.12756 samples/s, eta: 1:14:23, max_mem_reserved: 14736 MB, max_mem_allocated: 13561 MB
[2025/11/12 13:58:34] ppocr INFO: epoch: [27/200], global_step: 972, lr: 0.000289, acc: 0.900000, norm_edit_dis: 0.979270, CTCLoss: 0.861763, NRTRLoss: 1.337054, loss: 2.193645, avg_reader_cost: 0.00056 s, avg_batch_cost: 0.12440 s, avg_samples: 21.3, ips: 171.21639 samples/s, eta: 1:14:21, max_mem_reserved: 14736 MB, max_mem_allocated: 13561 MB
[2025/11/12 13:58:36] ppocr INFO: save model in ./output/latest
[2025/11/12 13:58:36] ppocr INFO: save model in ./output/iter_epoch_27
[2025/11/12 13:58:43] ppocr INFO: epoch: [28/200], global_step: 980, lr: 0.000289, acc: 0.882583, norm_edit_dis: 0.978515, CTCLoss: 1.013672, NRTRLoss: 1.338846, loss: 2.348364, avg_reader_cost: 0.32704 s, avg_batch_cost: 0.84971 s, avg_samples: 78.9, ips: 92.85574 samples/s, eta: 1:14:32, max_mem_reserved: 14736 MB, max_mem_allocated: 13561 MB
[2025/11/12 13:58:49] ppocr INFO: epoch: [28/200], global_step: 990, lr: 0.000288, acc: 0.859375, norm_edit_dis: 0.977915, CTCLoss: 1.045511, NRTRLoss: 1.341532, loss: 2.386157, avg_reader_cost: 0.00283 s, avg_batch_cost: 0.64113 s, avg_samples: 89.5, ips: 139.59786 samples/s, eta: 1:14:20, max_mem_reserved: 14736 MB, max_mem_allocated: 13561 MB
[2025/11/12 13:58:56] ppocr INFO: epoch: [28/200], global_step: 1000, lr: 0.000288, acc: 0.864982, norm_edit_dis: 0.975550, CTCLoss: 1.222023, NRTRLoss: 1.341532, loss: 2.559203, avg_reader_cost: 0.00291 s, avg_batch_cost: 0.65107 s, avg_samples: 93.8, ips: 144.07130 samples/s, eta: 1:14:09, max_mem_reserved: 14736 MB, max_mem_allocated: 13561 MB
[2025/11/12 13:58:56] ppocr INFO: cur metric, acc: 0.5348836794663814, norm_edit_dis: 0.8465831812187641, fps: 597.6554142048109
[2025/11/12 13:58:56] ppocr INFO: best metric, acc: 0.5813953037678059, is_float16: False, norm_edit_dis: 0.8732986104459952, fps: 590.5716568504604, best_epoch: 23
[2025/11/12 13:59:01] ppocr INFO: epoch: [28/200], global_step: 1008, lr: 0.000288, acc: 0.864981, norm_edit_dis: 0.975550, CTCLoss: 1.309786, NRTRLoss: 1.346489, loss: 2.665969, avg_reader_cost: 0.00246 s, avg_batch_cost: 0.49886 s, avg_samples: 70.2, ips: 140.72183 samples/s, eta: 1:13:59, max_mem_reserved: 14736 MB, max_mem_allocated: 13561 MB
[2025/11/12 13:59:03] ppocr INFO: save model in ./output/latest
[2025/11/12 13:59:03] ppocr INFO: save model in ./output/iter_epoch_28
[2025/11/12 13:59:05] ppocr INFO: epoch: [29/200], global_step: 1010, lr: 0.000288, acc: 0.880606, norm_edit_dis: 0.976263, CTCLoss: 1.270391, NRTRLoss: 1.344822, loss: 2.608567, avg_reader_cost: 0.27439 s, avg_batch_cost: 0.38454 s, avg_samples: 12.8, ips: 33.28663 samples/s, eta: 1:14:12, max_mem_reserved: 14736 MB, max_mem_allocated: 13561 MB
[2025/11/12 13:59:12] ppocr INFO: epoch: [29/200], global_step: 1020, lr: 0.000288, acc: 0.859099, norm_edit_dis: 0.972236, CTCLoss: 1.268631, NRTRLoss: 1.352636, loss: 2.616553, avg_reader_cost: 0.00406 s, avg_batch_cost: 0.69581 s, avg_samples: 108.7, ips: 156.22184 samples/s, eta: 1:14:03, max_mem_reserved: 14736 MB, max_mem_allocated: 13561 MB
[2025/11/12 13:59:18] ppocr INFO: epoch: [29/200], global_step: 1030, lr: 0.000287, acc: 0.858823, norm_edit_dis: 0.967532, CTCLoss: 1.222304, NRTRLoss: 1.354076, loss: 2.579684, avg_reader_cost: 0.00284 s, avg_batch_cost: 0.59322 s, avg_samples: 83.0, ips: 139.91432 samples/s, eta: 1:13:49, max_mem_reserved: 14736 MB, max_mem_allocated: 13561 MB
[2025/11/12 13:59:24] ppocr INFO: epoch: [29/200], global_step: 1040, lr: 0.000287, acc: 0.859099, norm_edit_dis: 0.970514, CTCLoss: 1.394963, NRTRLoss: 1.351363, loss: 2.749384, avg_reader_cost: 0.00285 s, avg_batch_cost: 0.62198 s, avg_samples: 91.7, ips: 147.43126 samples/s, eta: 1:13:36, max_mem_reserved: 14736 MB, max_mem_allocated: 13561 MB
[2025/11/12 13:59:27] ppocr INFO: epoch: [29/200], global_step: 1044, lr: 0.000287, acc: 0.859099, norm_edit_dis: 0.965188, CTCLoss: 1.454395, NRTRLoss: 1.350555, loss: 2.802156, avg_reader_cost: 0.00114 s, avg_batch_cost: 0.23688 s, avg_samples: 36.2, ips: 152.81728 samples/s, eta: 1:13:30, max_mem_reserved: 14736 MB, max_mem_allocated: 13561 MB
[2025/11/12 13:59:28] ppocr INFO: save model in ./output/latest
[2025/11/12 13:59:29] ppocr INFO: save model in ./output/iter_epoch_29
[2025/11/12 13:59:34] ppocr INFO: epoch: [30/200], global_step: 1050, lr: 0.000287, acc: 0.829733, norm_edit_dis: 0.962984, CTCLoss: 1.551520, NRTRLoss: 1.351863, loss: 2.899780, avg_reader_cost: 0.31745 s, avg_batch_cost: 0.70342 s, avg_samples: 59.7, ips: 84.87064 samples/s, eta: 1:13:42, max_mem_reserved: 14736 MB, max_mem_allocated: 13561 MB
[2025/11/12 13:59:40] ppocr INFO: epoch: [30/200], global_step: 1060, lr: 0.000287, acc: 0.835294, norm_edit_dis: 0.961139, CTCLoss: 1.557845, NRTRLoss: 1.355248, loss: 2.915474, avg_reader_cost: 0.00325 s, avg_batch_cost: 0.63133 s, avg_samples: 98.0, ips: 155.22672 samples/s, eta: 1:13:29, max_mem_reserved: 14736 MB, max_mem_allocated: 13561 MB
[2025/11/12 13:59:46] ppocr INFO: epoch: [30/200], global_step: 1070, lr: 0.000286, acc: 0.843750, norm_edit_dis: 0.965371, CTCLoss: 1.416279, NRTRLoss: 1.347014, loss: 2.764292, avg_reader_cost: 0.00291 s, avg_batch_cost: 0.62706 s, avg_samples: 87.3, ips: 139.22154 samples/s, eta: 1:13:17, max_mem_reserved: 14736 MB, max_mem_allocated: 13561 MB
[2025/11/12 13:59:53] ppocr INFO: epoch: [30/200], global_step: 1080, lr: 0.000286, acc: 0.864981, norm_edit_dis: 0.969830, CTCLoss: 1.176000, NRTRLoss: 1.341722, loss: 2.514817, avg_reader_cost: 0.00292 s, avg_batch_cost: 0.62707 s, avg_samples: 87.4, ips: 139.37821 samples/s, eta: 1:13:05, max_mem_reserved: 14736 MB, max_mem_allocated: 13561 MB
[2025/11/12 13:59:54] ppocr INFO: save model in ./output/latest
[2025/11/12 13:59:55] ppocr INFO: save model in ./output/iter_epoch_30
[2025/11/12 14:00:02] ppocr INFO: epoch: [31/200], global_step: 1090, lr: 0.000286, acc: 0.852941, norm_edit_dis: 0.975251, CTCLoss: 1.228250, NRTRLoss: 1.350022, loss: 2.574562, avg_reader_cost: 0.33531 s, avg_batch_cost: 0.96304 s, avg_samples: 93.7, ips: 97.29558 samples/s, eta: 1:13:11, max_mem_reserved: 14736 MB, max_mem_allocated: 13561 MB
[2025/11/12 14:00:08] ppocr INFO: epoch: [31/200], global_step: 1100, lr: 0.000285, acc: 0.859099, norm_edit_dis: 0.975830, CTCLoss: 1.303123, NRTRLoss: 1.347040, loss: 2.657429, avg_reader_cost: 0.00278 s, avg_batch_cost: 0.62646 s, avg_samples: 91.6, ips: 146.21833 samples/s, eta: 1:12:59, max_mem_reserved: 14736 MB, max_mem_allocated: 13561 MB
[2025/11/12 14:00:09] ppocr INFO: cur metric, acc: 0.5193798046992399, norm_edit_dis: 0.8442674371536703, fps: 831.6991610227591
[2025/11/12 14:00:09] ppocr INFO: best metric, acc: 0.5813953037678059, is_float16: False, norm_edit_dis: 0.8732986104459952, fps: 590.5716568504604, best_epoch: 23
[2025/11/12 14:00:16] ppocr INFO: epoch: [31/200], global_step: 1110, lr: 0.000285, acc: 0.859375, norm_edit_dis: 0.971584, CTCLoss: 1.291160, NRTRLoss: 1.347414, loss: 2.650125, avg_reader_cost: 0.00302 s, avg_batch_cost: 0.64363 s, avg_samples: 93.8, ips: 145.73533 samples/s, eta: 1:12:48, max_mem_reserved: 14736 MB, max_mem_allocated: 13561 MB
[2025/11/12 14:00:19] ppocr INFO: epoch: [31/200], global_step: 1116, lr: 0.000285, acc: 0.867187, norm_edit_dis: 0.968654, CTCLoss: 1.259828, NRTRLoss: 1.350452, loss: 2.605637, avg_reader_cost: 0.00165 s, avg_batch_cost: 0.36384 s, avg_samples: 53.3, ips: 146.49453 samples/s, eta: 1:12:40, max_mem_reserved: 14736 MB, max_mem_allocated: 13561 MB
[2025/11/12 14:00:21] ppocr INFO: save model in ./output/latest
[2025/11/12 14:00:22] ppocr INFO: save model in ./output/iter_epoch_31
[2025/11/12 14:00:25] ppocr INFO: epoch: [32/200], global_step: 1120, lr: 0.000285, acc: 0.864982, norm_edit_dis: 0.969727, CTCLoss: 1.255762, NRTRLoss: 1.349542, loss: 2.602297, avg_reader_cost: 0.33175 s, avg_batch_cost: 0.57726 s, avg_samples: 36.2, ips: 62.70955 samples/s, eta: 1:12:53, max_mem_reserved: 14736 MB, max_mem_allocated: 13561 MB
[2025/11/12 14:00:31] ppocr INFO: epoch: [32/200], global_step: 1130, lr: 0.000285, acc: 0.872794, norm_edit_dis: 0.972584, CTCLoss: 1.059756, NRTRLoss: 1.343793, loss: 2.413463, avg_reader_cost: 0.00327 s, avg_batch_cost: 0.63000 s, avg_samples: 89.5, ips: 142.06360 samples/s, eta: 1:12:41, max_mem_reserved: 14736 MB, max_mem_allocated: 13561 MB
[2025/11/12 14:00:37] ppocr INFO: epoch: [32/200], global_step: 1140, lr: 0.000284, acc: 0.858823, norm_edit_dis: 0.972584, CTCLoss: 1.237779, NRTRLoss: 1.343400, loss: 2.595166, avg_reader_cost: 0.00284 s, avg_batch_cost: 0.59478 s, avg_samples: 85.2, ips: 143.24716 samples/s, eta: 1:12:27, max_mem_reserved: 14736 MB, max_mem_allocated: 13561 MB
[2025/11/12 14:00:44] ppocr INFO: epoch: [32/200], global_step: 1150, lr: 0.000284, acc: 0.864981, norm_edit_dis: 0.973690, CTCLoss: 1.382665, NRTRLoss: 1.338221, loss: 2.731701, avg_reader_cost: 0.00287 s, avg_batch_cost: 0.64239 s, avg_samples: 100.2, ips: 155.98086 samples/s, eta: 1:12:16, max_mem_reserved: 14736 MB, max_mem_allocated: 13561 MB
[2025/11/12 14:00:45] ppocr INFO: epoch: [32/200], global_step: 1152, lr: 0.000284, acc: 0.864981, norm_edit_dis: 0.973690, CTCLoss: 1.384172, NRTRLoss: 1.337248, loss: 2.731701, avg_reader_cost: 0.00056 s, avg_batch_cost: 0.13104 s, avg_samples: 21.3, ips: 162.54138 samples/s, eta: 1:12:14, max_mem_reserved: 14736 MB, max_mem_allocated: 13561 MB
[2025/11/12 14:00:46] ppocr INFO: save model in ./output/latest
[2025/11/12 14:00:47] ppocr INFO: save model in ./output/iter_epoch_32
[2025/11/12 14:00:53] ppocr INFO: epoch: [33/200], global_step: 1160, lr: 0.000284, acc: 0.878676, norm_edit_dis: 0.977506, CTCLoss: 1.102408, NRTRLoss: 1.336442, loss: 2.441555, avg_reader_cost: 0.27616 s, avg_batch_cost: 0.76966 s, avg_samples: 70.3, ips: 91.33921 samples/s, eta: 1:12:18, max_mem_reserved: 14736 MB, max_mem_allocated: 13561 MB
[2025/11/12 14:00:59] ppocr INFO: epoch: [33/200], global_step: 1170, lr: 0.000283, acc: 0.875000, norm_edit_dis: 0.977354, CTCLoss: 1.114353, NRTRLoss: 1.335987, loss: 2.454524, avg_reader_cost: 0.00295 s, avg_batch_cost: 0.65094 s, avg_samples: 100.2, ips: 153.93217 samples/s, eta: 1:12:08, max_mem_reserved: 14736 MB, max_mem_allocated: 13561 MB
[2025/11/12 14:01:05] ppocr INFO: epoch: [33/200], global_step: 1180, lr: 0.000283, acc: 0.875000, norm_edit_dis: 0.976499, CTCLoss: 1.261869, NRTRLoss: 1.337086, loss: 2.605338, avg_reader_cost: 0.00293 s, avg_batch_cost: 0.59791 s, avg_samples: 91.6, ips: 153.20011 samples/s, eta: 1:11:54, max_mem_reserved: 14736 MB, max_mem_allocated: 13561 MB
[2025/11/12 14:01:10] ppocr INFO: epoch: [33/200], global_step: 1188, lr: 0.000283, acc: 0.878676, norm_edit_dis: 0.977739, CTCLoss: 0.902178, NRTRLoss: 1.332571, loss: 2.232624, avg_reader_cost: 0.00232 s, avg_batch_cost: 0.49652 s, avg_samples: 70.3, ips: 141.58406 samples/s, eta: 1:11:45, max_mem_reserved: 14736 MB, max_mem_allocated: 13561 MB
[2025/11/12 14:01:12] ppocr INFO: save model in ./output/latest
[2025/11/12 14:01:12] ppocr INFO: save model in ./output/iter_epoch_33
[2025/11/12 14:01:14] ppocr INFO: epoch: [34/200], global_step: 1190, lr: 0.000283, acc: 0.886489, norm_edit_dis: 0.979805, CTCLoss: 0.859168, NRTRLoss: 1.331666, loss: 2.189782, avg_reader_cost: 0.28447 s, avg_batch_cost: 0.38695 s, avg_samples: 12.8, ips: 33.07898 samples/s, eta: 1:11:56, max_mem_reserved: 14736 MB, max_mem_allocated: 13561 MB
[2025/11/12 14:01:20] ppocr INFO: epoch: [34/200], global_step: 1200, lr: 0.000283, acc: 0.892371, norm_edit_dis: 0.976471, CTCLoss: 0.958521, NRTRLoss: 1.330000, loss: 2.293607, avg_reader_cost: 0.00279 s, avg_batch_cost: 0.63987 s, avg_samples: 98.0, ips: 153.15642 samples/s, eta: 1:11:45, max_mem_reserved: 14736 MB, max_mem_allocated: 13561 MB
[2025/11/12 14:01:21] ppocr INFO: cur metric, acc: 0.5038759299320984, norm_edit_dis: 0.8440098781951468, fps: 768.9768951006016
[2025/11/12 14:01:21] ppocr INFO: best metric, acc: 0.5813953037678059, is_float16: False, norm_edit_dis: 0.8732986104459952, fps: 590.5716568504604, best_epoch: 23
[2025/11/12 14:01:27] ppocr INFO: epoch: [34/200], global_step: 1210, lr: 0.000282, acc: 0.898254, norm_edit_dis: 0.978707, CTCLoss: 0.817074, NRTRLoss: 1.327685, loss: 2.144893, avg_reader_cost: 0.00296 s, avg_batch_cost: 0.61594 s, avg_samples: 78.8, ips: 127.93391 samples/s, eta: 1:11:32, max_mem_reserved: 14736 MB, max_mem_allocated: 13561 MB
[2025/11/12 14:01:34] ppocr INFO: epoch: [34/200], global_step: 1220, lr: 0.000282, acc: 0.902344, norm_edit_dis: 0.982552, CTCLoss: 0.810098, NRTRLoss: 1.327685, loss: 2.140931, avg_reader_cost: 0.00285 s, avg_batch_cost: 0.65061 s, avg_samples: 100.2, ips: 154.00933 samples/s, eta: 1:11:22, max_mem_reserved: 14736 MB, max_mem_allocated: 13561 MB
[2025/11/12 14:01:37] ppocr INFO: epoch: [34/200], global_step: 1224, lr: 0.000282, acc: 0.894531, norm_edit_dis: 0.982552, CTCLoss: 0.841205, NRTRLoss: 1.329618, loss: 2.170568, avg_reader_cost: 0.00111 s, avg_batch_cost: 0.27692 s, avg_samples: 42.6, ips: 153.83713 samples/s, eta: 1:11:19, max_mem_reserved: 14736 MB, max_mem_allocated: 13561 MB
[2025/11/12 14:01:38] ppocr INFO: save model in ./output/latest
[2025/11/12 14:01:39] ppocr INFO: save model in ./output/iter_epoch_34
[2025/11/12 14:01:43] ppocr INFO: epoch: [35/200], global_step: 1230, lr: 0.000282, acc: 0.915855, norm_edit_dis: 0.983546, CTCLoss: 0.841205, NRTRLoss: 1.330775, loss: 2.173530, avg_reader_cost: 0.29406 s, avg_batch_cost: 0.68425 s, avg_samples: 55.4, ips: 80.96470 samples/s, eta: 1:11:27, max_mem_reserved: 14736 MB, max_mem_allocated: 13561 MB
[2025/11/12 14:01:50] ppocr INFO: epoch: [35/200], global_step: 1240, lr: 0.000281, acc: 0.902344, norm_edit_dis: 0.982902, CTCLoss: 0.833306, NRTRLoss: 1.332253, loss: 2.167085, avg_reader_cost: 0.00305 s, avg_batch_cost: 0.66270 s, avg_samples: 104.5, ips: 157.68942 samples/s, eta: 1:11:17, max_mem_reserved: 14736 MB, max_mem_allocated: 13561 MB
[2025/11/12 14:01:56] ppocr INFO: epoch: [35/200], global_step: 1250, lr: 0.000281, acc: 0.882583, norm_edit_dis: 0.980948, CTCLoss: 0.859413, NRTRLoss: 1.334591, loss: 2.192053, avg_reader_cost: 0.00299 s, avg_batch_cost: 0.62791 s, avg_samples: 91.6, ips: 145.88147 samples/s, eta: 1:11:05, max_mem_reserved: 14736 MB, max_mem_allocated: 13561 MB
[2025/11/12 14:02:02] ppocr INFO: epoch: [35/200], global_step: 1260, lr: 0.000281, acc: 0.917969, norm_edit_dis: 0.984654, CTCLoss: 0.722128, NRTRLoss: 1.328363, loss: 2.054997, avg_reader_cost: 0.00288 s, avg_batch_cost: 0.58013 s, avg_samples: 80.9, ips: 139.45155 samples/s, eta: 1:10:52, max_mem_reserved: 14736 MB, max_mem_allocated: 13561 MB
[2025/11/12 14:02:04] ppocr INFO: save model in ./output/latest
[2025/11/12 14:02:05] ppocr INFO: save model in ./output/iter_epoch_35
[2025/11/12 14:02:11] ppocr INFO: epoch: [36/200], global_step: 1270, lr: 0.000280, acc: 0.929687, norm_edit_dis: 0.984903, CTCLoss: 0.734333, NRTRLoss: 1.327327, loss: 2.057186, avg_reader_cost: 0.29576 s, avg_batch_cost: 0.91965 s, avg_samples: 87.4, ips: 95.03589 samples/s, eta: 1:10:54, max_mem_reserved: 14736 MB, max_mem_allocated: 13561 MB
[2025/11/12 14:02:18] ppocr INFO: epoch: [36/200], global_step: 1280, lr: 0.000280, acc: 0.937500, norm_edit_dis: 0.986503, CTCLoss: 0.613958, NRTRLoss: 1.330938, loss: 1.948427, avg_reader_cost: 0.00279 s, avg_batch_cost: 0.62464 s, avg_samples: 93.8, ips: 150.16721 samples/s, eta: 1:10:43, max_mem_reserved: 14736 MB, max_mem_allocated: 13561 MB
[2025/11/12 14:02:24] ppocr INFO: epoch: [36/200], global_step: 1290, lr: 0.000280, acc: 0.925643, norm_edit_dis: 0.985964, CTCLoss: 0.640291, NRTRLoss: 1.332035, loss: 1.971247, avg_reader_cost: 0.00276 s, avg_batch_cost: 0.64622 s, avg_samples: 100.1, ips: 154.90134 samples/s, eta: 1:10:32, max_mem_reserved: 14736 MB, max_mem_allocated: 13561 MB
[2025/11/12 14:02:28] ppocr INFO: epoch: [36/200], global_step: 1296, lr: 0.000279, acc: 0.925643, norm_edit_dis: 0.985964, CTCLoss: 0.657396, NRTRLoss: 1.330521, loss: 1.981437, avg_reader_cost: 0.00167 s, avg_batch_cost: 0.37311 s, avg_samples: 51.1, ips: 136.95692 samples/s, eta: 1:10:25, max_mem_reserved: 14736 MB, max_mem_allocated: 13561 MB
[2025/11/12 14:02:29] ppocr INFO: save model in ./output/latest
[2025/11/12 14:02:30] ppocr INFO: save model in ./output/iter_epoch_36
[2025/11/12 14:02:34] ppocr INFO: epoch: [37/200], global_step: 1300, lr: 0.000279, acc: 0.925643, norm_edit_dis: 0.986557, CTCLoss: 0.657396, NRTRLoss: 1.330521, loss: 1.981437, avg_reader_cost: 0.37999 s, avg_batch_cost: 0.64275 s, avg_samples: 36.2, ips: 56.32014 samples/s, eta: 1:10:39, max_mem_reserved: 14736 MB, max_mem_allocated: 13561 MB
[2025/11/12 14:02:35] ppocr INFO: cur metric, acc: 0.5348836794663814, norm_edit_dis: 0.8658844426284563, fps: 705.1170418366802
[2025/11/12 14:02:35] ppocr INFO: best metric, acc: 0.5813953037678059, is_float16: False, norm_edit_dis: 0.8732986104459952, fps: 590.5716568504604, best_epoch: 23
[2025/11/12 14:02:41] ppocr INFO: epoch: [37/200], global_step: 1310, lr: 0.000279, acc: 0.941176, norm_edit_dis: 0.990877, CTCLoss: 0.534837, NRTRLoss: 1.324056, loss: 1.856195, avg_reader_cost: 0.00301 s, avg_batch_cost: 0.62104 s, avg_samples: 87.4, ips: 140.73184 samples/s, eta: 1:10:27, max_mem_reserved: 14736 MB, max_mem_allocated: 13561 MB
[2025/11/12 14:02:48] ppocr INFO: epoch: [37/200], global_step: 1320, lr: 0.000279, acc: 0.925643, norm_edit_dis: 0.987745, CTCLoss: 0.572832, NRTRLoss: 1.331973, loss: 1.900578, avg_reader_cost: 0.00296 s, avg_batch_cost: 0.65063 s, avg_samples: 91.6, ips: 140.78655 samples/s, eta: 1:10:17, max_mem_reserved: 14736 MB, max_mem_allocated: 13561 MB
[2025/11/12 14:02:54] ppocr INFO: epoch: [37/200], global_step: 1330, lr: 0.000278, acc: 0.892371, norm_edit_dis: 0.981258, CTCLoss: 0.916165, NRTRLoss: 1.332790, loss: 2.246071, avg_reader_cost: 0.00293 s, avg_batch_cost: 0.66202 s, avg_samples: 104.4, ips: 157.70015 samples/s, eta: 1:10:07, max_mem_reserved: 14736 MB, max_mem_allocated: 13561 MB
[2025/11/12 14:02:56] ppocr INFO: epoch: [37/200], global_step: 1332, lr: 0.000278, acc: 0.892371, norm_edit_dis: 0.979586, CTCLoss: 0.933400, NRTRLoss: 1.333456, loss: 2.269528, avg_reader_cost: 0.00058 s, avg_batch_cost: 0.11083 s, avg_samples: 12.8, ips: 115.49024 samples/s, eta: 1:10:04, max_mem_reserved: 14736 MB, max_mem_allocated: 13561 MB
[2025/11/12 14:02:57] ppocr INFO: save model in ./output/latest
[2025/11/12 14:02:58] ppocr INFO: save model in ./output/iter_epoch_37
[2025/11/12 14:03:04] ppocr INFO: epoch: [38/200], global_step: 1340, lr: 0.000278, acc: 0.882812, norm_edit_dis: 0.978320, CTCLoss: 1.009973, NRTRLoss: 1.339749, loss: 2.345228, avg_reader_cost: 0.32238 s, avg_batch_cost: 0.85597 s, avg_samples: 91.7, ips: 107.12932 samples/s, eta: 1:10:11, max_mem_reserved: 14736 MB, max_mem_allocated: 13561 MB
[2025/11/12 14:03:10] ppocr INFO: epoch: [38/200], global_step: 1350, lr: 0.000278, acc: 0.902160, norm_edit_dis: 0.982990, CTCLoss: 0.817695, NRTRLoss: 1.334930, loss: 2.153581, avg_reader_cost: 0.00297 s, avg_batch_cost: 0.59708 s, avg_samples: 87.3, ips: 146.21039 samples/s, eta: 1:09:59, max_mem_reserved: 14736 MB, max_mem_allocated: 13561 MB
[2025/11/12 14:03:16] ppocr INFO: epoch: [38/200], global_step: 1360, lr: 0.000277, acc: 0.910156, norm_edit_dis: 0.985016, CTCLoss: 0.689257, NRTRLoss: 1.328702, loss: 2.023172, avg_reader_cost: 0.00293 s, avg_batch_cost: 0.61793 s, avg_samples: 91.6, ips: 148.23803 samples/s, eta: 1:09:47, max_mem_reserved: 14736 MB, max_mem_allocated: 13561 MB
[2025/11/12 14:03:21] ppocr INFO: epoch: [38/200], global_step: 1368, lr: 0.000277, acc: 0.910156, norm_edit_dis: 0.980056, CTCLoss: 0.819157, NRTRLoss: 1.333378, loss: 2.155150, avg_reader_cost: 0.00232 s, avg_batch_cost: 0.44607 s, avg_samples: 61.8, ips: 138.54476 samples/s, eta: 1:09:36, max_mem_reserved: 14736 MB, max_mem_allocated: 13561 MB
[2025/11/12 14:03:22] ppocr INFO: save model in ./output/latest
[2025/11/12 14:03:23] ppocr INFO: save model in ./output/iter_epoch_38
[2025/11/12 14:03:25] ppocr INFO: epoch: [39/200], global_step: 1370, lr: 0.000277, acc: 0.892371, norm_edit_dis: 0.977699, CTCLoss: 0.850860, NRTRLoss: 1.335322, loss: 2.188473, avg_reader_cost: 0.34239 s, avg_batch_cost: 0.46503 s, avg_samples: 21.3, ips: 45.80353 samples/s, eta: 1:09:48, max_mem_reserved: 14736 MB, max_mem_allocated: 13561 MB
[2025/11/12 14:03:32] ppocr INFO: epoch: [39/200], global_step: 1380, lr: 0.000277, acc: 0.890625, norm_edit_dis: 0.978615, CTCLoss: 0.867174, NRTRLoss: 1.333378, loss: 2.201732, avg_reader_cost: 0.00290 s, avg_batch_cost: 0.63143 s, avg_samples: 98.0, ips: 155.20446 samples/s, eta: 1:09:37, max_mem_reserved: 14736 MB, max_mem_allocated: 13561 MB
[2025/11/12 14:03:38] ppocr INFO: epoch: [39/200], global_step: 1390, lr: 0.000276, acc: 0.890625, norm_edit_dis: 0.981575, CTCLoss: 0.840667, NRTRLoss: 1.332825, loss: 2.183822, avg_reader_cost: 0.00273 s, avg_batch_cost: 0.64836 s, avg_samples: 91.6, ips: 141.28054 samples/s, eta: 1:09:27, max_mem_reserved: 14736 MB, max_mem_allocated: 13561 MB
[2025/11/12 14:03:45] ppocr INFO: epoch: [39/200], global_step: 1400, lr: 0.000276, acc: 0.890625, norm_edit_dis: 0.981575, CTCLoss: 0.741505, NRTRLoss: 1.334575, loss: 2.082817, avg_reader_cost: 0.00266 s, avg_batch_cost: 0.64711 s, avg_samples: 95.9, ips: 148.19667 samples/s, eta: 1:09:17, max_mem_reserved: 14736 MB, max_mem_allocated: 13561 MB
[2025/11/12 14:03:45] ppocr INFO: cur metric, acc: 0.5193798046992399, norm_edit_dis: 0.8524259877030315, fps: 696.269188204228
[2025/11/12 14:03:45] ppocr INFO: best metric, acc: 0.5813953037678059, is_float16: False, norm_edit_dis: 0.8732986104459952, fps: 590.5716568504604, best_epoch: 23
[2025/11/12 14:03:48] ppocr INFO: epoch: [39/200], global_step: 1404, lr: 0.000276, acc: 0.906250, norm_edit_dis: 0.983754, CTCLoss: 0.741505, NRTRLoss: 1.334160, loss: 2.082817, avg_reader_cost: 0.00121 s, avg_batch_cost: 0.21400 s, avg_samples: 25.6, ips: 119.62841 samples/s, eta: 1:09:11, max_mem_reserved: 14736 MB, max_mem_allocated: 13561 MB
[2025/11/12 14:03:49] ppocr INFO: save model in ./output/latest
[2025/11/12 14:03:50] ppocr INFO: save model in ./output/iter_epoch_39
[2025/11/12 14:03:55] ppocr INFO: epoch: [40/200], global_step: 1410, lr: 0.000276, acc: 0.906250, norm_edit_dis: 0.984223, CTCLoss: 0.630125, NRTRLoss: 1.332780, loss: 1.957595, avg_reader_cost: 0.31351 s, avg_batch_cost: 0.72447 s, avg_samples: 63.9, ips: 88.20301 samples/s, eta: 1:09:19, max_mem_reserved: 14736 MB, max_mem_allocated: 13561 MB
[2025/11/12 14:04:01] ppocr INFO: epoch: [40/200], global_step: 1420, lr: 0.000275, acc: 0.906250, norm_edit_dis: 0.984824, CTCLoss: 0.741734, NRTRLoss: 1.330782, loss: 2.069756, avg_reader_cost: 0.00282 s, avg_batch_cost: 0.63762 s, avg_samples: 95.9, ips: 150.40296 samples/s, eta: 1:09:09, max_mem_reserved: 14736 MB, max_mem_allocated: 13561 MB
[2025/11/12 14:04:07] ppocr INFO: epoch: [40/200], global_step: 1430, lr: 0.000275, acc: 0.919761, norm_edit_dis: 0.982976, CTCLoss: 0.741734, NRTRLoss: 1.330292, loss: 2.069756, avg_reader_cost: 0.00279 s, avg_batch_cost: 0.58376 s, avg_samples: 80.9, ips: 138.58519 samples/s, eta: 1:08:56, max_mem_reserved: 14736 MB, max_mem_allocated: 13561 MB
[2025/11/12 14:04:13] ppocr INFO: epoch: [40/200], global_step: 1440, lr: 0.000274, acc: 0.919761, norm_edit_dis: 0.981748, CTCLoss: 0.640314, NRTRLoss: 1.327310, loss: 1.967920, avg_reader_cost: 0.00281 s, avg_batch_cost: 0.63329 s, avg_samples: 91.7, ips: 144.80040 samples/s, eta: 1:08:46, max_mem_reserved: 14736 MB, max_mem_allocated: 13561 MB
[2025/11/12 14:04:15] ppocr INFO: save model in ./output/latest
[2025/11/12 14:04:16] ppocr INFO: save model in ./output/iter_epoch_40
[2025/11/12 14:04:23] ppocr INFO: epoch: [41/200], global_step: 1450, lr: 0.000274, acc: 0.921875, norm_edit_dis: 0.985864, CTCLoss: 0.700709, NRTRLoss: 1.325128, loss: 2.024948, avg_reader_cost: 0.31565 s, avg_batch_cost: 0.97398 s, avg_samples: 95.9, ips: 98.46173 samples/s, eta: 1:08:49, max_mem_reserved: 14736 MB, max_mem_allocated: 13561 MB
[2025/11/12 14:04:29] ppocr INFO: epoch: [41/200], global_step: 1460, lr: 0.000274, acc: 0.937500, norm_edit_dis: 0.988349, CTCLoss: 0.635986, NRTRLoss: 1.326064, loss: 1.965759, avg_reader_cost: 0.00280 s, avg_batch_cost: 0.60102 s, avg_samples: 81.0, ips: 134.77024 samples/s, eta: 1:08:37, max_mem_reserved: 14736 MB, max_mem_allocated: 13561 MB
[2025/11/12 14:04:36] ppocr INFO: epoch: [41/200], global_step: 1470, lr: 0.000273, acc: 0.931526, norm_edit_dis: 0.987714, CTCLoss: 0.575763, NRTRLoss: 1.327642, loss: 1.911035, avg_reader_cost: 0.00280 s, avg_batch_cost: 0.64539 s, avg_samples: 98.0, ips: 151.84663 samples/s, eta: 1:08:27, max_mem_reserved: 14736 MB, max_mem_allocated: 13561 MB
[2025/11/12 14:04:39] ppocr INFO: epoch: [41/200], global_step: 1476, lr: 0.000273, acc: 0.921875, norm_edit_dis: 0.986812, CTCLoss: 0.617062, NRTRLoss: 1.327966, loss: 1.956800, avg_reader_cost: 0.00167 s, avg_batch_cost: 0.38760 s, avg_samples: 57.5, ips: 148.34878 samples/s, eta: 1:08:21, max_mem_reserved: 14736 MB, max_mem_allocated: 13561 MB
[2025/11/12 14:04:41] ppocr INFO: save model in ./output/latest
[2025/11/12 14:04:42] ppocr INFO: save model in ./output/iter_epoch_41
[2025/11/12 14:04:45] ppocr INFO: epoch: [42/200], global_step: 1480, lr: 0.000273, acc: 0.911948, norm_edit_dis: 0.985293, CTCLoss: 0.627888, NRTRLoss: 1.326796, loss: 1.959444, avg_reader_cost: 0.33212 s, avg_batch_cost: 0.56216 s, avg_samples: 27.7, ips: 49.27427 samples/s, eta: 1:08:29, max_mem_reserved: 14736 MB, max_mem_allocated: 13561 MB
[2025/11/12 14:04:52] ppocr INFO: epoch: [42/200], global_step: 1490, lr: 0.000273, acc: 0.898437, norm_edit_dis: 0.983374, CTCLoss: 0.692339, NRTRLoss: 1.328089, loss: 2.021558, avg_reader_cost: 0.00291 s, avg_batch_cost: 0.66947 s, avg_samples: 104.4, ips: 155.94350 samples/s, eta: 1:08:20, max_mem_reserved: 14736 MB, max_mem_allocated: 13561 MB
[2025/11/12 14:04:58] ppocr INFO: epoch: [42/200], global_step: 1500, lr: 0.000272, acc: 0.929550, norm_edit_dis: 0.986183, CTCLoss: 0.553643, NRTRLoss: 1.325019, loss: 1.881224, avg_reader_cost: 0.00282 s, avg_batch_cost: 0.58289 s, avg_samples: 74.5, ips: 127.81097 samples/s, eta: 1:08:07, max_mem_reserved: 14736 MB, max_mem_allocated: 13561 MB
[2025/11/12 14:04:58] ppocr INFO: cur metric, acc: 0.5658914290006644, norm_edit_dis: 0.8641005955656551, fps: 652.973041860061
[2025/11/12 14:04:58] ppocr INFO: best metric, acc: 0.5813953037678059, is_float16: False, norm_edit_dis: 0.8732986104459952, fps: 590.5716568504604, best_epoch: 23
[2025/11/12 14:05:05] ppocr INFO: epoch: [42/200], global_step: 1510, lr: 0.000272, acc: 0.925643, norm_edit_dis: 0.985094, CTCLoss: 0.599528, NRTRLoss: 1.323944, loss: 1.925659, avg_reader_cost: 0.00305 s, avg_batch_cost: 0.67443 s, avg_samples: 100.2, ips: 148.57067 samples/s, eta: 1:07:59, max_mem_reserved: 14736 MB, max_mem_allocated: 13561 MB
[2025/11/12 14:05:07] ppocr INFO: epoch: [42/200], global_step: 1512, lr: 0.000272, acc: 0.915855, norm_edit_dis: 0.985024, CTCLoss: 0.660889, NRTRLoss: 1.324483, loss: 1.984150, avg_reader_cost: 0.00059 s, avg_batch_cost: 0.14380 s, avg_samples: 25.6, ips: 178.02103 samples/s, eta: 1:07:57, max_mem_reserved: 14736 MB, max_mem_allocated: 13561 MB
[2025/11/12 14:05:08] ppocr INFO: save model in ./output/latest
[2025/11/12 14:05:09] ppocr INFO: save model in ./output/iter_epoch_42
[2025/11/12 14:05:14] ppocr INFO: epoch: [43/200], global_step: 1520, lr: 0.000271, acc: 0.915855, norm_edit_dis: 0.986499, CTCLoss: 0.709300, NRTRLoss: 1.325936, loss: 2.038366, avg_reader_cost: 0.29570 s, avg_batch_cost: 0.78192 s, avg_samples: 70.3, ips: 89.90701 samples/s, eta: 1:07:59, max_mem_reserved: 14736 MB, max_mem_allocated: 13561 MB
[2025/11/12 14:05:21] ppocr INFO: epoch: [43/200], global_step: 1530, lr: 0.000271, acc: 0.921875, norm_edit_dis: 0.988566, CTCLoss: 0.744469, NRTRLoss: 1.328251, loss: 2.066716, avg_reader_cost: 0.00285 s, avg_batch_cost: 0.66181 s, avg_samples: 106.6, ips: 161.07299 samples/s, eta: 1:07:50, max_mem_reserved: 14736 MB, max_mem_allocated: 13561 MB
[2025/11/12 14:05:27] ppocr INFO: epoch: [43/200], global_step: 1540, lr: 0.000271, acc: 0.925781, norm_edit_dis: 0.987746, CTCLoss: 0.633015, NRTRLoss: 1.331344, loss: 1.961484, avg_reader_cost: 0.00283 s, avg_batch_cost: 0.58378 s, avg_samples: 85.2, ips: 145.94536 samples/s, eta: 1:07:38, max_mem_reserved: 14736 MB, max_mem_allocated: 13561 MB
[2025/11/12 14:05:32] ppocr INFO: epoch: [43/200], global_step: 1548, lr: 0.000270, acc: 0.937500, norm_edit_dis: 0.987343, CTCLoss: 0.474222, NRTRLoss: 1.326233, loss: 1.799697, avg_reader_cost: 0.00230 s, avg_batch_cost: 0.49923 s, avg_samples: 70.3, ips: 140.81779 samples/s, eta: 1:07:29, max_mem_reserved: 14736 MB, max_mem_allocated: 13561 MB
[2025/11/12 14:05:33] ppocr INFO: save model in ./output/latest
[2025/11/12 14:05:34] ppocr INFO: save model in ./output/iter_epoch_43
[2025/11/12 14:05:36] ppocr INFO: epoch: [44/200], global_step: 1550, lr: 0.000270, acc: 0.937500, norm_edit_dis: 0.987343, CTCLoss: 0.474222, NRTRLoss: 1.325773, loss: 1.799697, avg_reader_cost: 0.28872 s, avg_batch_cost: 0.40843 s, avg_samples: 14.9, ips: 36.48129 samples/s, eta: 1:07:38, max_mem_reserved: 14736 MB, max_mem_allocated: 13561 MB
[2025/11/12 14:05:42] ppocr INFO: epoch: [44/200], global_step: 1560, lr: 0.000270, acc: 0.939338, norm_edit_dis: 0.987693, CTCLoss: 0.396784, NRTRLoss: 1.323690, loss: 1.723382, avg_reader_cost: 0.00334 s, avg_batch_cost: 0.64272 s, avg_samples: 93.8, ips: 145.94235 samples/s, eta: 1:07:28, max_mem_reserved: 14736 MB, max_mem_allocated: 13561 MB
[2025/11/12 14:05:49] ppocr INFO: epoch: [44/200], global_step: 1570, lr: 0.000269, acc: 0.923529, norm_edit_dis: 0.985786, CTCLoss: 0.642803, NRTRLoss: 1.330442, loss: 1.974599, avg_reader_cost: 0.00289 s, avg_batch_cost: 0.63825 s, avg_samples: 98.0, ips: 153.54381 samples/s, eta: 1:07:18, max_mem_reserved: 14736 MB, max_mem_allocated: 13561 MB
[2025/11/12 14:05:55] ppocr INFO: epoch: [44/200], global_step: 1580, lr: 0.000269, acc: 0.900184, norm_edit_dis: 0.982347, CTCLoss: 0.743693, NRTRLoss: 1.332396, loss: 2.096849, avg_reader_cost: 0.00287 s, avg_batch_cost: 0.63912 s, avg_samples: 95.9, ips: 150.05041 samples/s, eta: 1:07:08, max_mem_reserved: 14736 MB, max_mem_allocated: 13561 MB
[2025/11/12 14:05:57] ppocr INFO: epoch: [44/200], global_step: 1584, lr: 0.000269, acc: 0.911948, norm_edit_dis: 0.983836, CTCLoss: 0.684285, NRTRLoss: 1.332396, loss: 2.014492, avg_reader_cost: 0.00113 s, avg_batch_cost: 0.22572 s, avg_samples: 29.8, ips: 132.02239 samples/s, eta: 1:07:03, max_mem_reserved: 14736 MB, max_mem_allocated: 13561 MB
[2025/11/12 14:05:59] ppocr INFO: save model in ./output/latest
[2025/11/12 14:06:00] ppocr INFO: save model in ./output/iter_epoch_44
[2025/11/12 14:06:05] ppocr INFO: epoch: [45/200], global_step: 1590, lr: 0.000269, acc: 0.919761, norm_edit_dis: 0.985947, CTCLoss: 0.620712, NRTRLoss: 1.328472, loss: 1.942731, avg_reader_cost: 0.36138 s, avg_batch_cost: 0.72740 s, avg_samples: 59.7, ips: 82.07366 samples/s, eta: 1:07:09, max_mem_reserved: 14736 MB, max_mem_allocated: 13561 MB
[2025/11/12 14:06:11] ppocr INFO: epoch: [45/200], global_step: 1600, lr: 0.000268, acc: 0.919761, norm_edit_dis: 0.987303, CTCLoss: 0.552788, NRTRLoss: 1.327180, loss: 1.877631, avg_reader_cost: 0.00297 s, avg_batch_cost: 0.62108 s, avg_samples: 93.8, ips: 151.02737 samples/s, eta: 1:06:58, max_mem_reserved: 14736 MB, max_mem_allocated: 13561 MB
[2025/11/12 14:06:12] ppocr INFO: cur metric, acc: 0.5813953037678059, norm_edit_dis: 0.8709349966377, fps: 585.8714962935371
[2025/11/12 14:06:14] ppocr INFO: save best model is to ./output/best_accuracy
[2025/11/12 14:06:14] ppocr INFO: best metric, acc: 0.5813953037678059, is_float16: False, norm_edit_dis: 0.8709349966377, fps: 585.8714962935371, best_epoch: 45
[2025/11/12 14:06:20] ppocr INFO: epoch: [45/200], global_step: 1610, lr: 0.000268, acc: 0.906250, norm_edit_dis: 0.987522, CTCLoss: 0.583200, NRTRLoss: 1.327801, loss: 1.911345, avg_reader_cost: 0.00288 s, avg_batch_cost: 0.59834 s, avg_samples: 85.2, ips: 142.39284 samples/s, eta: 1:06:47, max_mem_reserved: 14736 MB, max_mem_allocated: 13561 MB
[2025/11/12 14:06:26] ppocr INFO: epoch: [45/200], global_step: 1620, lr: 0.000267, acc: 0.929412, norm_edit_dis: 0.988296, CTCLoss: 0.477895, NRTRLoss: 1.327801, loss: 1.802699, avg_reader_cost: 0.00282 s, avg_batch_cost: 0.58421 s, avg_samples: 93.7, ips: 160.38692 samples/s, eta: 1:06:35, max_mem_reserved: 14736 MB, max_mem_allocated: 13561 MB
[2025/11/12 14:06:27] ppocr INFO: save model in ./output/latest
[2025/11/12 14:06:28] ppocr INFO: save model in ./output/iter_epoch_45
[2025/11/12 14:06:36] ppocr INFO: epoch: [46/200], global_step: 1630, lr: 0.000267, acc: 0.923529, norm_edit_dis: 0.985381, CTCLoss: 0.589304, NRTRLoss: 1.328758, loss: 1.917673, avg_reader_cost: 0.34735 s, avg_batch_cost: 1.00998 s, avg_samples: 100.2, ips: 99.20991 samples/s, eta: 1:06:38, max_mem_reserved: 14736 MB, max_mem_allocated: 13561 MB
[2025/11/12 14:06:42] ppocr INFO: epoch: [46/200], global_step: 1640, lr: 0.000267, acc: 0.919761, norm_edit_dis: 0.986370, CTCLoss: 0.629251, NRTRLoss: 1.325792, loss: 1.952580, avg_reader_cost: 0.00284 s, avg_batch_cost: 0.57491 s, avg_samples: 85.2, ips: 148.19658 samples/s, eta: 1:06:26, max_mem_reserved: 14736 MB, max_mem_allocated: 13561 MB
[2025/11/12 14:06:48] ppocr INFO: epoch: [46/200], global_step: 1650, lr: 0.000266, acc: 0.929412, norm_edit_dis: 0.987431, CTCLoss: 0.585887, NRTRLoss: 1.326910, loss: 1.911596, avg_reader_cost: 0.00285 s, avg_batch_cost: 0.64233 s, avg_samples: 95.9, ips: 149.30136 samples/s, eta: 1:06:16, max_mem_reserved: 14736 MB, max_mem_allocated: 13561 MB
[2025/11/12 14:06:52] ppocr INFO: epoch: [46/200], global_step: 1656, lr: 0.000266, acc: 0.919761, norm_edit_dis: 0.987268, CTCLoss: 0.580809, NRTRLoss: 1.324268, loss: 1.905077, avg_reader_cost: 0.00173 s, avg_batch_cost: 0.37071 s, avg_samples: 51.1, ips: 137.84400 samples/s, eta: 1:06:10, max_mem_reserved: 14736 MB, max_mem_allocated: 13561 MB
[2025/11/12 14:06:53] ppocr INFO: save model in ./output/latest
[2025/11/12 14:06:54] ppocr INFO: save model in ./output/iter_epoch_46
[2025/11/12 14:06:57] ppocr INFO: epoch: [47/200], global_step: 1660, lr: 0.000266, acc: 0.933456, norm_edit_dis: 0.988591, CTCLoss: 0.565049, NRTRLoss: 1.323634, loss: 1.885067, avg_reader_cost: 0.27160 s, avg_batch_cost: 0.50184 s, avg_samples: 29.8, ips: 59.38197 samples/s, eta: 1:06:14, max_mem_reserved: 14736 MB, max_mem_allocated: 13561 MB
[2025/11/12 14:07:03] ppocr INFO: epoch: [47/200], global_step: 1670, lr: 0.000265, acc: 0.929687, norm_edit_dis: 0.990243, CTCLoss: 0.561986, NRTRLoss: 1.323216, loss: 1.885510, avg_reader_cost: 0.00276 s, avg_batch_cost: 0.64866 s, avg_samples: 106.5, ips: 164.18479 samples/s, eta: 1:06:05, max_mem_reserved: 14736 MB, max_mem_allocated: 13561 MB
[2025/11/12 14:07:09] ppocr INFO: epoch: [47/200], global_step: 1680, lr: 0.000265, acc: 0.937500, norm_edit_dis: 0.989151, CTCLoss: 0.454042, NRTRLoss: 1.323552, loss: 1.783338, avg_reader_cost: 0.00275 s, avg_batch_cost: 0.60025 s, avg_samples: 83.1, ips: 138.44127 samples/s, eta: 1:05:54, max_mem_reserved: 14736 MB, max_mem_allocated: 13561 MB
[2025/11/12 14:07:16] ppocr INFO: epoch: [47/200], global_step: 1690, lr: 0.000265, acc: 0.933594, norm_edit_dis: 0.988345, CTCLoss: 0.568050, NRTRLoss: 1.326494, loss: 1.889319, avg_reader_cost: 0.00275 s, avg_batch_cost: 0.62148 s, avg_samples: 91.7, ips: 147.55017 samples/s, eta: 1:05:44, max_mem_reserved: 14736 MB, max_mem_allocated: 13561 MB
[2025/11/12 14:07:17] ppocr INFO: epoch: [47/200], global_step: 1692, lr: 0.000265, acc: 0.933594, norm_edit_dis: 0.988345, CTCLoss: 0.608367, NRTRLoss: 1.327534, loss: 1.933355, avg_reader_cost: 0.00054 s, avg_batch_cost: 0.13564 s, avg_samples: 21.3, ips: 157.03592 samples/s, eta: 1:05:42, max_mem_reserved: 14736 MB, max_mem_allocated: 13561 MB
[2025/11/12 14:07:18] ppocr INFO: save model in ./output/latest
[2025/11/12 14:07:19] ppocr INFO: save model in ./output/iter_epoch_47
[2025/11/12 14:07:25] ppocr INFO: epoch: [48/200], global_step: 1700, lr: 0.000264, acc: 0.921875, norm_edit_dis: 0.987872, CTCLoss: 0.726506, NRTRLoss: 1.326165, loss: 2.049133, avg_reader_cost: 0.31475 s, avg_batch_cost: 0.80767 s, avg_samples: 74.6, ips: 92.36502 samples/s, eta: 1:05:44, max_mem_reserved: 14736 MB, max_mem_allocated: 13561 MB
[2025/11/12 14:07:26] ppocr INFO: cur metric, acc: 0.5426356168499522, norm_edit_dis: 0.8777588614312156, fps: 557.9171020679628
[2025/11/12 14:07:26] ppocr INFO: best metric, acc: 0.5813953037678059, is_float16: False, norm_edit_dis: 0.8709349966377, fps: 585.8714962935371, best_epoch: 45
[2025/11/12 14:07:32] ppocr INFO: epoch: [48/200], global_step: 1710, lr: 0.000264, acc: 0.925781, norm_edit_dis: 0.988018, CTCLoss: 0.548182, NRTRLoss: 1.324385, loss: 1.871773, avg_reader_cost: 0.00294 s, avg_batch_cost: 0.64518 s, avg_samples: 104.4, ips: 161.81626 samples/s, eta: 1:05:34, max_mem_reserved: 14736 MB, max_mem_allocated: 13561 MB
[2025/11/12 14:07:39] ppocr INFO: epoch: [48/200], global_step: 1720, lr: 0.000263, acc: 0.929687, norm_edit_dis: 0.988471, CTCLoss: 0.578727, NRTRLoss: 1.324385, loss: 1.900779, avg_reader_cost: 0.00287 s, avg_batch_cost: 0.65358 s, avg_samples: 98.0, ips: 149.94269 samples/s, eta: 1:05:25, max_mem_reserved: 14736 MB, max_mem_allocated: 13561 MB
[2025/11/12 14:07:43] ppocr INFO: epoch: [48/200], global_step: 1728, lr: 0.000263, acc: 0.933456, norm_edit_dis: 0.991120, CTCLoss: 0.613430, NRTRLoss: 1.322425, loss: 1.936485, avg_reader_cost: 0.00230 s, avg_batch_cost: 0.44376 s, avg_samples: 55.4, ips: 124.84284 samples/s, eta: 1:05:15, max_mem_reserved: 14736 MB, max_mem_allocated: 13561 MB
[2025/11/12 14:07:44] ppocr INFO: save model in ./output/latest
[2025/11/12 14:07:45] ppocr INFO: save model in ./output/iter_epoch_48
[2025/11/12 14:07:47] ppocr INFO: epoch: [49/200], global_step: 1730, lr: 0.000263, acc: 0.933456, norm_edit_dis: 0.990663, CTCLoss: 0.614080, NRTRLoss: 1.320905, loss: 1.933176, avg_reader_cost: 0.28124 s, avg_batch_cost: 0.39724 s, avg_samples: 14.9, ips: 37.50854 samples/s, eta: 1:05:22, max_mem_reserved: 14736 MB, max_mem_allocated: 13561 MB
[2025/11/12 14:07:54] ppocr INFO: epoch: [49/200], global_step: 1740, lr: 0.000262, acc: 0.921875, norm_edit_dis: 0.988677, CTCLoss: 0.614080, NRTRLoss: 1.321676, loss: 1.933176, avg_reader_cost: 0.00299 s, avg_batch_cost: 0.63980 s, avg_samples: 102.3, ips: 159.89385 samples/s, eta: 1:05:12, max_mem_reserved: 14736 MB, max_mem_allocated: 13561 MB
[2025/11/12 14:07:59] ppocr INFO: epoch: [49/200], global_step: 1750, lr: 0.000262, acc: 0.925643, norm_edit_dis: 0.990079, CTCLoss: 0.658156, NRTRLoss: 1.323024, loss: 1.980757, avg_reader_cost: 0.00290 s, avg_batch_cost: 0.55886 s, avg_samples: 76.7, ips: 137.24381 samples/s, eta: 1:05:00, max_mem_reserved: 14736 MB, max_mem_allocated: 13561 MB
[2025/11/12 14:08:06] ppocr INFO: epoch: [49/200], global_step: 1760, lr: 0.000262, acc: 0.939338, norm_edit_dis: 0.988536, CTCLoss: 0.626671, NRTRLoss: 1.322557, loss: 1.959284, avg_reader_cost: 0.00333 s, avg_batch_cost: 0.65134 s, avg_samples: 98.0, ips: 150.45838 samples/s, eta: 1:04:51, max_mem_reserved: 14736 MB, max_mem_allocated: 13561 MB
[2025/11/12 14:08:08] ppocr INFO: epoch: [49/200], global_step: 1764, lr: 0.000261, acc: 0.939338, norm_edit_dis: 0.988536, CTCLoss: 0.702386, NRTRLoss: 1.324443, loss: 2.029890, avg_reader_cost: 0.00115 s, avg_batch_cost: 0.25015 s, avg_samples: 40.5, ips: 161.89984 samples/s, eta: 1:04:47, max_mem_reserved: 14736 MB, max_mem_allocated: 13561 MB
[2025/11/12 14:08:09] ppocr INFO: save model in ./output/latest
[2025/11/12 14:08:10] ppocr INFO: save model in ./output/iter_epoch_49
[2025/11/12 14:08:15] ppocr INFO: epoch: [50/200], global_step: 1770, lr: 0.000261, acc: 0.933456, norm_edit_dis: 0.988536, CTCLoss: 0.626671, NRTRLoss: 1.323563, loss: 1.959284, avg_reader_cost: 0.29976 s, avg_batch_cost: 0.66998 s, avg_samples: 51.1, ips: 76.27100 samples/s, eta: 1:04:50, max_mem_reserved: 14736 MB, max_mem_allocated: 13561 MB
[2025/11/12 14:08:21] ppocr INFO: epoch: [50/200], global_step: 1780, lr: 0.000261, acc: 0.945220, norm_edit_dis: 0.990835, CTCLoss: 0.482291, NRTRLoss: 1.322964, loss: 1.803876, avg_reader_cost: 0.00284 s, avg_batch_cost: 0.61046 s, avg_samples: 91.6, ips: 150.05106 samples/s, eta: 1:04:40, max_mem_reserved: 14736 MB, max_mem_allocated: 13561 MB
[2025/11/12 14:08:27] ppocr INFO: epoch: [50/200], global_step: 1790, lr: 0.000260, acc: 0.898254, norm_edit_dis: 0.981693, CTCLoss: 0.739537, NRTRLoss: 1.336626, loss: 2.078337, avg_reader_cost: 0.00281 s, avg_batch_cost: 0.60825 s, avg_samples: 93.8, ips: 154.21395 samples/s, eta: 1:04:30, max_mem_reserved: 14736 MB, max_mem_allocated: 13561 MB
[2025/11/12 14:08:33] ppocr INFO: epoch: [50/200], global_step: 1800, lr: 0.000260, acc: 0.898254, norm_edit_dis: 0.978507, CTCLoss: 0.780333, NRTRLoss: 1.341484, loss: 2.117138, avg_reader_cost: 0.00283 s, avg_batch_cost: 0.58945 s, avg_samples: 95.9, ips: 162.69296 samples/s, eta: 1:04:19, max_mem_reserved: 14736 MB, max_mem_allocated: 13561 MB
[2025/11/12 14:08:34] ppocr INFO: cur metric, acc: 0.4961239925485277, norm_edit_dis: 0.8340851890979523, fps: 593.964267640314
[2025/11/12 14:08:34] ppocr INFO: best metric, acc: 0.5813953037678059, is_float16: False, norm_edit_dis: 0.8709349966377, fps: 585.8714962935371, best_epoch: 45
[2025/11/12 14:08:35] ppocr INFO: save model in ./output/latest
[2025/11/12 14:08:36] ppocr INFO: save model in ./output/iter_epoch_50
[2025/11/12 14:08:44] ppocr INFO: epoch: [51/200], global_step: 1810, lr: 0.000259, acc: 0.905882, norm_edit_dis: 0.981235, CTCLoss: 0.632291, NRTRLoss: 1.336368, loss: 1.974120, avg_reader_cost: 0.37155 s, avg_batch_cost: 0.98208 s, avg_samples: 89.5, ips: 91.13295 samples/s, eta: 1:04:19, max_mem_reserved: 14736 MB, max_mem_allocated: 13561 MB
[2025/11/12 14:08:50] ppocr INFO: epoch: [51/200], global_step: 1820, lr: 0.000259, acc: 0.906250, norm_edit_dis: 0.985009, CTCLoss: 0.609048, NRTRLoss: 1.333124, loss: 1.932869, avg_reader_cost: 0.00292 s, avg_batch_cost: 0.62798 s, avg_samples: 91.6, ips: 145.86353 samples/s, eta: 1:04:10, max_mem_reserved: 14736 MB, max_mem_allocated: 13561 MB
[2025/11/12 14:08:56] ppocr INFO: epoch: [51/200], global_step: 1830, lr: 0.000258, acc: 0.906250, norm_edit_dis: 0.986576, CTCLoss: 0.641028, NRTRLoss: 1.327354, loss: 1.963349, avg_reader_cost: 0.00330 s, avg_batch_cost: 0.60689 s, avg_samples: 93.8, ips: 154.55913 samples/s, eta: 1:03:59, max_mem_reserved: 14736 MB, max_mem_allocated: 13561 MB
[2025/11/12 14:09:00] ppocr INFO: epoch: [51/200], global_step: 1836, lr: 0.000258, acc: 0.910156, norm_edit_dis: 0.986276, CTCLoss: 0.619649, NRTRLoss: 1.327354, loss: 1.941610, avg_reader_cost: 0.00176 s, avg_batch_cost: 0.37937 s, avg_samples: 57.5, ips: 151.56899 samples/s, eta: 1:03:54, max_mem_reserved: 14736 MB, max_mem_allocated: 13561 MB
[2025/11/12 14:09:01] ppocr INFO: save model in ./output/latest
[2025/11/12 14:09:02] ppocr INFO: save model in ./output/iter_epoch_51
[2025/11/12 14:09:06] ppocr INFO: epoch: [52/200], global_step: 1840, lr: 0.000258, acc: 0.910156, norm_edit_dis: 0.985868, CTCLoss: 0.601984, NRTRLoss: 1.329808, loss: 1.924102, avg_reader_cost: 0.31535 s, avg_batch_cost: 0.61123 s, avg_samples: 40.5, ips: 66.25990 samples/s, eta: 1:04:00, max_mem_reserved: 14736 MB, max_mem_allocated: 13561 MB
[2025/11/12 14:09:12] ppocr INFO: epoch: [52/200], global_step: 1850, lr: 0.000258, acc: 0.906250, norm_edit_dis: 0.985868, CTCLoss: 0.651366, NRTRLoss: 1.329808, loss: 1.987335, avg_reader_cost: 0.00291 s, avg_batch_cost: 0.58845 s, avg_samples: 89.5, ips: 152.09448 samples/s, eta: 1:03:49, max_mem_reserved: 14736 MB, max_mem_allocated: 13561 MB
[2025/11/12 14:09:18] ppocr INFO: epoch: [52/200], global_step: 1860, lr: 0.000257, acc: 0.910156, norm_edit_dis: 0.986138, CTCLoss: 0.658732, NRTRLoss: 1.332907, loss: 2.002453, avg_reader_cost: 0.00291 s, avg_batch_cost: 0.59044 s, avg_samples: 85.2, ips: 144.29884 samples/s, eta: 1:03:39, max_mem_reserved: 14736 MB, max_mem_allocated: 13561 MB
[2025/11/12 14:09:24] ppocr INFO: epoch: [52/200], global_step: 1870, lr: 0.000257, acc: 0.910156, norm_edit_dis: 0.983567, CTCLoss: 0.647572, NRTRLoss: 1.337453, loss: 1.992998, avg_reader_cost: 0.00288 s, avg_batch_cost: 0.63842 s, avg_samples: 98.0, ips: 153.50289 samples/s, eta: 1:03:29, max_mem_reserved: 14736 MB, max_mem_allocated: 13561 MB
[2025/11/12 14:09:25] ppocr INFO: epoch: [52/200], global_step: 1872, lr: 0.000257, acc: 0.910156, norm_edit_dis: 0.982726, CTCLoss: 0.647572, NRTRLoss: 1.337453, loss: 1.992998, avg_reader_cost: 0.00056 s, avg_batch_cost: 0.12440 s, avg_samples: 19.2, ips: 154.34037 samples/s, eta: 1:03:27, max_mem_reserved: 14736 MB, max_mem_allocated: 13561 MB
[2025/11/12 14:09:27] ppocr INFO: save model in ./output/latest
[2025/11/12 14:09:28] ppocr INFO: save model in ./output/iter_epoch_52
[2025/11/12 14:09:33] ppocr INFO: epoch: [53/200], global_step: 1880, lr: 0.000256, acc: 0.904090, norm_edit_dis: 0.980351, CTCLoss: 0.827587, NRTRLoss: 1.335864, loss: 2.170033, avg_reader_cost: 0.32199 s, avg_batch_cost: 0.81833 s, avg_samples: 74.6, ips: 91.16162 samples/s, eta: 1:03:29, max_mem_reserved: 14736 MB, max_mem_allocated: 13561 MB
[2025/11/12 14:09:40] ppocr INFO: epoch: [53/200], global_step: 1890, lr: 0.000256, acc: 0.888465, norm_edit_dis: 0.980351, CTCLoss: 0.876547, NRTRLoss: 1.335387, loss: 2.211361, avg_reader_cost: 0.00301 s, avg_batch_cost: 0.63612 s, avg_samples: 100.2, ips: 157.51865 samples/s, eta: 1:03:19, max_mem_reserved: 14736 MB, max_mem_allocated: 13561 MB
[2025/11/12 14:09:46] ppocr INFO: epoch: [53/200], global_step: 1900, lr: 0.000255, acc: 0.907996, norm_edit_dis: 0.985957, CTCLoss: 0.597039, NRTRLoss: 1.330939, loss: 1.932426, avg_reader_cost: 0.00296 s, avg_batch_cost: 0.58419 s, avg_samples: 91.6, ips: 156.79768 samples/s, eta: 1:03:08, max_mem_reserved: 14736 MB, max_mem_allocated: 13561 MB
[2025/11/12 14:09:46] ppocr INFO: cur metric, acc: 0.5581394916170936, norm_edit_dis: 0.8645682168966595, fps: 599.5195734505783
[2025/11/12 14:09:46] ppocr INFO: best metric, acc: 0.5813953037678059, is_float16: False, norm_edit_dis: 0.8709349966377, fps: 585.8714962935371, best_epoch: 45
[2025/11/12 14:09:51] ppocr INFO: epoch: [53/200], global_step: 1908, lr: 0.000255, acc: 0.929687, norm_edit_dis: 0.986350, CTCLoss: 0.460059, NRTRLoss: 1.325253, loss: 1.787188, avg_reader_cost: 0.00238 s, avg_batch_cost: 0.46555 s, avg_samples: 66.0, ips: 141.76883 samples/s, eta: 1:03:00, max_mem_reserved: 14736 MB, max_mem_allocated: 13561 MB
[2025/11/12 14:09:52] ppocr INFO: save model in ./output/latest
[2025/11/12 14:09:53] ppocr INFO: save model in ./output/iter_epoch_53
[2025/11/12 14:09:55] ppocr INFO: epoch: [54/200], global_step: 1910, lr: 0.000255, acc: 0.921875, norm_edit_dis: 0.985125, CTCLoss: 0.498096, NRTRLoss: 1.325253, loss: 1.820304, avg_reader_cost: 0.29042 s, avg_batch_cost: 0.43300 s, avg_samples: 19.2, ips: 44.34158 samples/s, eta: 1:03:06, max_mem_reserved: 14736 MB, max_mem_allocated: 13561 MB
[2025/11/12 14:10:02] ppocr INFO: epoch: [54/200], global_step: 1920, lr: 0.000254, acc: 0.906250, norm_edit_dis: 0.984052, CTCLoss: 0.694147, NRTRLoss: 1.328572, loss: 2.025227, avg_reader_cost: 0.00290 s, avg_batch_cost: 0.62752 s, avg_samples: 98.1, ips: 156.32889 samples/s, eta: 1:02:57, max_mem_reserved: 14736 MB, max_mem_allocated: 13561 MB
[2025/11/12 14:10:08] ppocr INFO: epoch: [54/200], global_step: 1930, lr: 0.000254, acc: 0.952941, norm_edit_dis: 0.984703, CTCLoss: 0.595447, NRTRLoss: 1.325662, loss: 1.917843, avg_reader_cost: 0.00284 s, avg_batch_cost: 0.58443 s, avg_samples: 89.5, ips: 153.14190 samples/s, eta: 1:02:46, max_mem_reserved: 14736 MB, max_mem_allocated: 13561 MB
[2025/11/12 14:10:14] ppocr INFO: epoch: [54/200], global_step: 1940, lr: 0.000253, acc: 0.947059, norm_edit_dis: 0.990861, CTCLoss: 0.494988, NRTRLoss: 1.323705, loss: 1.814699, avg_reader_cost: 0.00285 s, avg_batch_cost: 0.60840 s, avg_samples: 91.6, ips: 150.55785 samples/s, eta: 1:02:36, max_mem_reserved: 14736 MB, max_mem_allocated: 13561 MB
[2025/11/12 14:10:16] ppocr INFO: epoch: [54/200], global_step: 1944, lr: 0.000253, acc: 0.925643, norm_edit_dis: 0.986852, CTCLoss: 0.617214, NRTRLoss: 1.324424, loss: 1.943213, avg_reader_cost: 0.00116 s, avg_batch_cost: 0.23008 s, avg_samples: 34.0, ips: 147.77168 samples/s, eta: 1:02:32, max_mem_reserved: 14736 MB, max_mem_allocated: 13561 MB
[2025/11/12 14:10:18] ppocr INFO: save model in ./output/latest
[2025/11/12 14:10:19] ppocr INFO: save model in ./output/iter_epoch_54
[2025/11/12 14:10:23] ppocr INFO: epoch: [55/200], global_step: 1950, lr: 0.000253, acc: 0.929412, norm_edit_dis: 0.986852, CTCLoss: 0.632340, NRTRLoss: 1.322338, loss: 1.955343, avg_reader_cost: 0.37243 s, avg_batch_cost: 0.74367 s, avg_samples: 53.3, ips: 71.67142 samples/s, eta: 1:02:36, max_mem_reserved: 14736 MB, max_mem_allocated: 13561 MB
[2025/11/12 14:10:29] ppocr INFO: epoch: [55/200], global_step: 1960, lr: 0.000252, acc: 0.929412, norm_edit_dis: 0.987726, CTCLoss: 0.632340, NRTRLoss: 1.324062, loss: 1.955343, avg_reader_cost: 0.00284 s, avg_batch_cost: 0.59668 s, avg_samples: 95.9, ips: 160.72164 samples/s, eta: 1:02:25, max_mem_reserved: 14736 MB, max_mem_allocated: 13561 MB
[2025/11/12 14:10:36] ppocr INFO: epoch: [55/200], global_step: 1970, lr: 0.000252, acc: 0.943244, norm_edit_dis: 0.988757, CTCLoss: 0.619246, NRTRLoss: 1.322056, loss: 1.944963, avg_reader_cost: 0.00283 s, avg_batch_cost: 0.62427 s, avg_samples: 93.7, ips: 150.09464 samples/s, eta: 1:02:16, max_mem_reserved: 14736 MB, max_mem_allocated: 13561 MB
[2025/11/12 14:10:42] ppocr INFO: epoch: [55/200], global_step: 1980, lr: 0.000251, acc: 0.943244, norm_edit_dis: 0.989780, CTCLoss: 0.575895, NRTRLoss: 1.323353, loss: 1.901387, avg_reader_cost: 0.00283 s, avg_batch_cost: 0.63546 s, avg_samples: 89.5, ips: 140.84198 samples/s, eta: 1:02:07, max_mem_reserved: 14736 MB, max_mem_allocated: 13561 MB
[2025/11/12 14:10:44] ppocr INFO: save model in ./output/latest
[2025/11/12 14:10:44] ppocr INFO: save model in ./output/iter_epoch_55
[2025/11/12 14:10:52] ppocr INFO: epoch: [56/200], global_step: 1990, lr: 0.000251, acc: 0.919761, norm_edit_dis: 0.988002, CTCLoss: 0.582049, NRTRLoss: 1.324197, loss: 1.909603, avg_reader_cost: 0.37000 s, avg_batch_cost: 1.03292 s, avg_samples: 113.0, ips: 109.39864 samples/s, eta: 1:02:08, max_mem_reserved: 14736 MB, max_mem_allocated: 13561 MB
[2025/11/12 14:10:58] ppocr INFO: epoch: [56/200], global_step: 2000, lr: 0.000250, acc: 0.943244, norm_edit_dis: 0.989173, CTCLoss: 0.542136, NRTRLoss: 1.320074, loss: 1.864834, avg_reader_cost: 0.00285 s, avg_batch_cost: 0.57990 s, avg_samples: 83.0, ips: 143.12725 samples/s, eta: 1:01:57, max_mem_reserved: 14736 MB, max_mem_allocated: 13561 MB
[2025/11/12 14:10:59] ppocr INFO: cur metric, acc: 0.5426356168499522, norm_edit_dis: 0.8599196423244015, fps: 761.4641655372742
[2025/11/12 14:10:59] ppocr INFO: best metric, acc: 0.5813953037678059, is_float16: False, norm_edit_dis: 0.8709349966377, fps: 585.8714962935371, best_epoch: 45
[2025/11/12 14:11:05] ppocr INFO: epoch: [56/200], global_step: 2010, lr: 0.000250, acc: 0.952941, norm_edit_dis: 0.990373, CTCLoss: 0.434354, NRTRLoss: 1.319934, loss: 1.754816, avg_reader_cost: 0.00288 s, avg_batch_cost: 0.61887 s, avg_samples: 91.6, ips: 148.01179 samples/s, eta: 1:01:48, max_mem_reserved: 14736 MB, max_mem_allocated: 13561 MB
[2025/11/12 14:11:08] ppocr INFO: epoch: [56/200], global_step: 2016, lr: 0.000250, acc: 0.937500, norm_edit_dis: 0.989652, CTCLoss: 0.434354, NRTRLoss: 1.320956, loss: 1.754816, avg_reader_cost: 0.00166 s, avg_batch_cost: 0.31577 s, avg_samples: 44.8, ips: 141.87485 samples/s, eta: 1:01:40, max_mem_reserved: 14736 MB, max_mem_allocated: 13561 MB
[2025/11/12 14:11:10] ppocr INFO: save model in ./output/latest
[2025/11/12 14:11:11] ppocr INFO: save model in ./output/iter_epoch_56
[2025/11/12 14:11:14] ppocr INFO: epoch: [57/200], global_step: 2020, lr: 0.000250, acc: 0.929550, norm_edit_dis: 0.989652, CTCLoss: 0.602630, NRTRLoss: 1.323368, loss: 1.931201, avg_reader_cost: 0.37044 s, avg_batch_cost: 0.62930 s, avg_samples: 34.0, ips: 54.02825 samples/s, eta: 1:01:46, max_mem_reserved: 14736 MB, max_mem_allocated: 13561 MB
[2025/11/12 14:11:21] ppocr INFO: epoch: [57/200], global_step: 2030, lr: 0.000249, acc: 0.921875, norm_edit_dis: 0.985518, CTCLoss: 0.634706, NRTRLoss: 1.327390, loss: 1.968972, avg_reader_cost: 0.00344 s, avg_batch_cost: 0.63028 s, avg_samples: 100.2, ips: 158.97775 samples/s, eta: 1:01:37, max_mem_reserved: 14736 MB, max_mem_allocated: 13561 MB
[2025/11/12 14:11:27] ppocr INFO: epoch: [57/200], global_step: 2040, lr: 0.000249, acc: 0.917969, norm_edit_dis: 0.984307, CTCLoss: 0.588553, NRTRLoss: 1.331251, loss: 1.916774, avg_reader_cost: 0.00324 s, avg_batch_cost: 0.64224 s, avg_samples: 95.9, ips: 149.32159 samples/s, eta: 1:01:28, max_mem_reserved: 14736 MB, max_mem_allocated: 13561 MB
[2025/11/12 14:11:33] ppocr INFO: epoch: [57/200], global_step: 2050, lr: 0.000248, acc: 0.939338, norm_edit_dis: 0.987586, CTCLoss: 0.503140, NRTRLoss: 1.329505, loss: 1.841589, avg_reader_cost: 0.00336 s, avg_batch_cost: 0.61477 s, avg_samples: 89.5, ips: 145.58259 samples/s, eta: 1:01:18, max_mem_reserved: 14736 MB, max_mem_allocated: 13561 MB
[2025/11/12 14:11:34] ppocr INFO: epoch: [57/200], global_step: 2052, lr: 0.000248, acc: 0.939338, norm_edit_dis: 0.990624, CTCLoss: 0.438700, NRTRLoss: 1.325829, loss: 1.770121, avg_reader_cost: 0.00057 s, avg_batch_cost: 0.10181 s, avg_samples: 12.8, ips: 125.72921 samples/s, eta: 1:01:16, max_mem_reserved: 14736 MB, max_mem_allocated: 13561 MB
[2025/11/12 14:11:36] ppocr INFO: save model in ./output/latest
[2025/11/12 14:11:37] ppocr INFO: save model in ./output/iter_epoch_57
[2025/11/12 14:11:43] ppocr INFO: epoch: [58/200], global_step: 2060, lr: 0.000248, acc: 0.941176, norm_edit_dis: 0.991027, CTCLoss: 0.339672, NRTRLoss: 1.320888, loss: 1.657911, avg_reader_cost: 0.32528 s, avg_batch_cost: 0.83293 s, avg_samples: 80.9, ips: 97.12753 samples/s, eta: 1:01:17, max_mem_reserved: 14736 MB, max_mem_allocated: 13561 MB
[2025/11/12 14:11:49] ppocr INFO: epoch: [58/200], global_step: 2070, lr: 0.000247, acc: 0.941176, norm_edit_dis: 0.990236, CTCLoss: 0.343718, NRTRLoss: 1.321063, loss: 1.660195, avg_reader_cost: 0.00290 s, avg_batch_cost: 0.61989 s, avg_samples: 83.2, ips: 134.21790 samples/s, eta: 1:01:07, max_mem_reserved: 14736 MB, max_mem_allocated: 13561 MB
[2025/11/12 14:11:55] ppocr INFO: epoch: [58/200], global_step: 2080, lr: 0.000247, acc: 0.929687, norm_edit_dis: 0.989031, CTCLoss: 0.558813, NRTRLoss: 1.321419, loss: 1.882863, avg_reader_cost: 0.00328 s, avg_batch_cost: 0.60050 s, avg_samples: 91.6, ips: 152.53984 samples/s, eta: 1:00:57, max_mem_reserved: 14736 MB, max_mem_allocated: 13561 MB
[2025/11/12 14:12:00] ppocr INFO: epoch: [58/200], global_step: 2088, lr: 0.000246, acc: 0.929687, norm_edit_dis: 0.988741, CTCLoss: 0.600406, NRTRLoss: 1.321873, loss: 1.924065, avg_reader_cost: 0.00268 s, avg_batch_cost: 0.50194 s, avg_samples: 76.7, ips: 152.80695 samples/s, eta: 1:00:50, max_mem_reserved: 14736 MB, max_mem_allocated: 13561 MB
[2025/11/12 14:12:02] ppocr INFO: save model in ./output/latest
[2025/11/12 14:12:02] ppocr INFO: save model in ./output/iter_epoch_58
[2025/11/12 14:12:05] ppocr INFO: epoch: [59/200], global_step: 2090, lr: 0.000246, acc: 0.929412, norm_edit_dis: 0.988673, CTCLoss: 0.600406, NRTRLoss: 1.322481, loss: 1.924065, avg_reader_cost: 0.34199 s, avg_batch_cost: 0.46990 s, avg_samples: 21.3, ips: 45.32867 samples/s, eta: 1:00:56, max_mem_reserved: 14736 MB, max_mem_allocated: 13561 MB
[2025/11/12 14:12:11] ppocr INFO: epoch: [59/200], global_step: 2100, lr: 0.000246, acc: 0.929412, norm_edit_dis: 0.987942, CTCLoss: 0.538934, NRTRLoss: 1.321578, loss: 1.862892, avg_reader_cost: 0.00298 s, avg_batch_cost: 0.62760 s, avg_samples: 89.5, ips: 142.60647 samples/s, eta: 1:00:47, max_mem_reserved: 14736 MB, max_mem_allocated: 13561 MB
[2025/11/12 14:12:12] ppocr INFO: cur metric, acc: 0.5116278673156692, norm_edit_dis: 0.8544935379687197, fps: 780.0228875244538
[2025/11/12 14:12:12] ppocr INFO: best metric, acc: 0.5813953037678059, is_float16: False, norm_edit_dis: 0.8709349966377, fps: 585.8714962935371, best_epoch: 45
[2025/11/12 14:12:18] ppocr INFO: epoch: [59/200], global_step: 2110, lr: 0.000245, acc: 0.937500, norm_edit_dis: 0.990085, CTCLoss: 0.495342, NRTRLoss: 1.319495, loss: 1.815336, avg_reader_cost: 0.00284 s, avg_batch_cost: 0.63507 s, avg_samples: 91.6, ips: 144.23537 samples/s, eta: 1:00:38, max_mem_reserved: 14736 MB, max_mem_allocated: 13561 MB
[2025/11/12 14:12:24] ppocr INFO: epoch: [59/200], global_step: 2120, lr: 0.000245, acc: 0.937500, norm_edit_dis: 0.990366, CTCLoss: 0.468050, NRTRLoss: 1.321882, loss: 1.791437, avg_reader_cost: 0.00320 s, avg_batch_cost: 0.60007 s, avg_samples: 95.9, ips: 159.81391 samples/s, eta: 1:00:28, max_mem_reserved: 14736 MB, max_mem_allocated: 13561 MB
[2025/11/12 14:12:27] ppocr INFO: epoch: [59/200], global_step: 2124, lr: 0.000244, acc: 0.921875, norm_edit_dis: 0.986349, CTCLoss: 0.441683, NRTRLoss: 1.322681, loss: 1.765447, avg_reader_cost: 0.00110 s, avg_batch_cost: 0.24655 s, avg_samples: 34.1, ips: 138.30852 samples/s, eta: 1:00:24, max_mem_reserved: 14736 MB, max_mem_allocated: 13561 MB
[2025/11/12 14:12:28] ppocr INFO: save model in ./output/latest
[2025/11/12 14:12:29] ppocr INFO: save model in ./output/iter_epoch_59
[2025/11/12 14:12:33] ppocr INFO: epoch: [60/200], global_step: 2130, lr: 0.000244, acc: 0.921875, norm_edit_dis: 0.986375, CTCLoss: 0.453090, NRTRLoss: 1.322534, loss: 1.774464, avg_reader_cost: 0.31408 s, avg_batch_cost: 0.68612 s, avg_samples: 51.1, ips: 74.47715 samples/s, eta: 1:00:26, max_mem_reserved: 14736 MB, max_mem_allocated: 13561 MB
[2025/11/12 14:12:40] ppocr INFO: epoch: [60/200], global_step: 2140, lr: 0.000244, acc: 0.941176, norm_edit_dis: 0.987177, CTCLoss: 0.473133, NRTRLoss: 1.322316, loss: 1.793141, avg_reader_cost: 0.00306 s, avg_batch_cost: 0.63043 s, avg_samples: 93.7, ips: 148.62863 samples/s, eta: 1:00:17, max_mem_reserved: 14736 MB, max_mem_allocated: 13561 MB
[2025/11/12 14:12:46] ppocr INFO: epoch: [60/200], global_step: 2150, lr: 0.000243, acc: 0.941176, norm_edit_dis: 0.987963, CTCLoss: 0.499140, NRTRLoss: 1.321686, loss: 1.828398, avg_reader_cost: 0.00284 s, avg_batch_cost: 0.58981 s, avg_samples: 81.0, ips: 137.33181 samples/s, eta: 1:00:07, max_mem_reserved: 14736 MB, max_mem_allocated: 13561 MB
[2025/11/12 14:12:52] ppocr INFO: epoch: [60/200], global_step: 2160, lr: 0.000242, acc: 0.937500, norm_edit_dis: 0.986961, CTCLoss: 0.556049, NRTRLoss: 1.331014, loss: 1.880812, avg_reader_cost: 0.00332 s, avg_batch_cost: 0.65188 s, avg_samples: 106.6, ips: 163.52775 samples/s, eta: 0:59:58, max_mem_reserved: 14736 MB, max_mem_allocated: 13561 MB
[2025/11/12 14:12:54] ppocr INFO: save model in ./output/latest
[2025/11/12 14:12:55] ppocr INFO: save model in ./output/iter_epoch_60
[2025/11/12 14:13:02] ppocr INFO: epoch: [61/200], global_step: 2170, lr: 0.000242, acc: 0.925643, norm_edit_dis: 0.984824, CTCLoss: 0.668343, NRTRLoss: 1.329915, loss: 2.009513, avg_reader_cost: 0.32020 s, avg_batch_cost: 0.95637 s, avg_samples: 95.9, ips: 100.27501 samples/s, eta: 0:59:57, max_mem_reserved: 14736 MB, max_mem_allocated: 13561 MB
[2025/11/12 14:13:08] ppocr INFO: epoch: [61/200], global_step: 2180, lr: 0.000241, acc: 0.929412, norm_edit_dis: 0.986661, CTCLoss: 0.702045, NRTRLoss: 1.326183, loss: 2.033623, avg_reader_cost: 0.00298 s, avg_batch_cost: 0.62823 s, avg_samples: 102.3, ips: 162.83747 samples/s, eta: 0:59:48, max_mem_reserved: 14736 MB, max_mem_allocated: 13561 MB
[2025/11/12 14:13:14] ppocr INFO: epoch: [61/200], global_step: 2190, lr: 0.000241, acc: 0.933594, norm_edit_dis: 0.988821, CTCLoss: 0.642707, NRTRLoss: 1.321884, loss: 1.975788, avg_reader_cost: 0.00299 s, avg_batch_cost: 0.63015 s, avg_samples: 89.5, ips: 142.02886 samples/s, eta: 0:59:38, max_mem_reserved: 14736 MB, max_mem_allocated: 13561 MB
[2025/11/12 14:13:18] ppocr INFO: epoch: [61/200], global_step: 2196, lr: 0.000241, acc: 0.953033, norm_edit_dis: 0.990163, CTCLoss: 0.427362, NRTRLoss: 1.317859, loss: 1.752498, avg_reader_cost: 0.00175 s, avg_batch_cost: 0.33863 s, avg_samples: 44.7, ips: 132.00167 samples/s, eta: 0:59:32, max_mem_reserved: 14736 MB, max_mem_allocated: 13561 MB
[2025/11/12 14:13:19] ppocr INFO: save model in ./output/latest
[2025/11/12 14:13:20] ppocr INFO: save model in ./output/iter_epoch_61
[2025/11/12 14:13:23] ppocr INFO: epoch: [62/200], global_step: 2200, lr: 0.000240, acc: 0.953125, norm_edit_dis: 0.991355, CTCLoss: 0.374431, NRTRLoss: 1.316436, loss: 1.691836, avg_reader_cost: 0.29100 s, avg_batch_cost: 0.54911 s, avg_samples: 27.7, ips: 50.44557 samples/s, eta: 0:59:35, max_mem_reserved: 14736 MB, max_mem_allocated: 13561 MB
[2025/11/12 14:13:24] ppocr INFO: cur metric, acc: 0.5271317420828107, norm_edit_dis: 0.8613051012631994, fps: 753.3240643408791
[2025/11/12 14:13:24] ppocr INFO: best metric, acc: 0.5813953037678059, is_float16: False, norm_edit_dis: 0.8709349966377, fps: 585.8714962935371, best_epoch: 45
[2025/11/12 14:13:30] ppocr INFO: epoch: [62/200], global_step: 2210, lr: 0.000240, acc: 0.962822, norm_edit_dis: 0.992211, CTCLoss: 0.278079, NRTRLoss: 1.316519, loss: 1.596396, avg_reader_cost: 0.00290 s, avg_batch_cost: 0.62380 s, avg_samples: 93.8, ips: 150.36785 samples/s, eta: 0:59:26, max_mem_reserved: 14736 MB, max_mem_allocated: 13561 MB
[2025/11/12 14:13:37] ppocr INFO: epoch: [62/200], global_step: 2220, lr: 0.000239, acc: 0.937500, norm_edit_dis: 0.991062, CTCLoss: 0.367606, NRTRLoss: 1.319113, loss: 1.688491, avg_reader_cost: 0.00286 s, avg_batch_cost: 0.63388 s, avg_samples: 95.9, ips: 151.29143 samples/s, eta: 0:59:17, max_mem_reserved: 14736 MB, max_mem_allocated: 13561 MB
[2025/11/12 14:13:43] ppocr INFO: epoch: [62/200], global_step: 2230, lr: 0.000239, acc: 0.949127, norm_edit_dis: 0.994024, CTCLoss: 0.514671, NRTRLoss: 1.320368, loss: 1.833582, avg_reader_cost: 0.00281 s, avg_batch_cost: 0.63596 s, avg_samples: 98.0, ips: 154.09885 samples/s, eta: 0:59:08, max_mem_reserved: 14736 MB, max_mem_allocated: 13561 MB
[2025/11/12 14:13:44] ppocr INFO: epoch: [62/200], global_step: 2232, lr: 0.000239, acc: 0.941406, norm_edit_dis: 0.993314, CTCLoss: 0.514671, NRTRLoss: 1.318186, loss: 1.832620, avg_reader_cost: 0.00059 s, avg_batch_cost: 0.11855 s, avg_samples: 17.0, ips: 143.39510 samples/s, eta: 0:59:06, max_mem_reserved: 14736 MB, max_mem_allocated: 13561 MB
[2025/11/12 14:13:45] ppocr INFO: save model in ./output/latest
[2025/11/12 14:13:46] ppocr INFO: save model in ./output/iter_epoch_62
[2025/11/12 14:13:52] ppocr INFO: epoch: [63/200], global_step: 2240, lr: 0.000238, acc: 0.939338, norm_edit_dis: 0.993693, CTCLoss: 0.456263, NRTRLoss: 1.317789, loss: 1.778513, avg_reader_cost: 0.30478 s, avg_batch_cost: 0.83323 s, avg_samples: 72.5, ips: 87.01051 samples/s, eta: 0:59:06, max_mem_reserved: 14736 MB, max_mem_allocated: 13561 MB
[2025/11/12 14:13:59] ppocr INFO: epoch: [63/200], global_step: 2250, lr: 0.000238, acc: 0.937500, norm_edit_dis: 0.992719, CTCLoss: 0.399762, NRTRLoss: 1.316623, loss: 1.721766, avg_reader_cost: 0.00280 s, avg_batch_cost: 0.62456 s, avg_samples: 93.7, ips: 150.02647 samples/s, eta: 0:58:57, max_mem_reserved: 14736 MB, max_mem_allocated: 13561 MB
[2025/11/12 14:14:05] ppocr INFO: epoch: [63/200], global_step: 2260, lr: 0.000237, acc: 0.939338, norm_edit_dis: 0.989039, CTCLoss: 0.367426, NRTRLoss: 1.316128, loss: 1.683311, avg_reader_cost: 0.00278 s, avg_batch_cost: 0.61440 s, avg_samples: 100.2, ips: 163.08535 samples/s, eta: 0:58:48, max_mem_reserved: 14736 MB, max_mem_allocated: 13561 MB
[2025/11/12 14:14:09] ppocr INFO: epoch: [63/200], global_step: 2268, lr: 0.000237, acc: 0.941176, norm_edit_dis: 0.989627, CTCLoss: 0.367426, NRTRLoss: 1.316254, loss: 1.683311, avg_reader_cost: 0.00314 s, avg_batch_cost: 0.46619 s, avg_samples: 66.0, ips: 141.57331 samples/s, eta: 0:58:40, max_mem_reserved: 14736 MB, max_mem_allocated: 13561 MB
[2025/11/12 14:14:11] ppocr INFO: save model in ./output/latest
[2025/11/12 14:14:12] ppocr INFO: save model in ./output/iter_epoch_63
[2025/11/12 14:14:15] ppocr INFO: epoch: [64/200], global_step: 2270, lr: 0.000237, acc: 0.939338, norm_edit_dis: 0.989826, CTCLoss: 0.367426, NRTRLoss: 1.316401, loss: 1.683311, avg_reader_cost: 0.37998 s, avg_batch_cost: 0.50629 s, avg_samples: 19.2, ips: 37.92293 samples/s, eta: 0:58:46, max_mem_reserved: 14736 MB, max_mem_allocated: 13561 MB
[2025/11/12 14:14:21] ppocr INFO: epoch: [64/200], global_step: 2280, lr: 0.000236, acc: 0.937500, norm_edit_dis: 0.989845, CTCLoss: 0.402521, NRTRLoss: 1.319743, loss: 1.720336, avg_reader_cost: 0.00290 s, avg_batch_cost: 0.65327 s, avg_samples: 100.2, ips: 153.38184 samples/s, eta: 0:58:38, max_mem_reserved: 14736 MB, max_mem_allocated: 13561 MB
[2025/11/12 14:14:27] ppocr INFO: epoch: [64/200], global_step: 2290, lr: 0.000236, acc: 0.941176, norm_edit_dis: 0.989036, CTCLoss: 0.411892, NRTRLoss: 1.322653, loss: 1.739870, avg_reader_cost: 0.00272 s, avg_batch_cost: 0.57174 s, avg_samples: 80.9, ips: 141.49891 samples/s, eta: 0:58:28, max_mem_reserved: 14736 MB, max_mem_allocated: 13561 MB
[2025/11/12 14:14:33] ppocr INFO: epoch: [64/200], global_step: 2300, lr: 0.000235, acc: 0.953125, norm_edit_dis: 0.991587, CTCLoss: 0.315473, NRTRLoss: 1.322115, loss: 1.637701, avg_reader_cost: 0.00276 s, avg_batch_cost: 0.63441 s, avg_samples: 95.9, ips: 151.16431 samples/s, eta: 0:58:19, max_mem_reserved: 14736 MB, max_mem_allocated: 13561 MB
[2025/11/12 14:14:34] ppocr INFO: cur metric, acc: 0.5658914290006644, norm_edit_dis: 0.8728172810006101, fps: 787.0978298502512
[2025/11/12 14:14:34] ppocr INFO: best metric, acc: 0.5813953037678059, is_float16: False, norm_edit_dis: 0.8709349966377, fps: 585.8714962935371, best_epoch: 45
[2025/11/12 14:14:36] ppocr INFO: epoch: [64/200], global_step: 2304, lr: 0.000235, acc: 0.953125, norm_edit_dis: 0.990580, CTCLoss: 0.311460, NRTRLoss: 1.320312, loss: 1.632199, avg_reader_cost: 0.00164 s, avg_batch_cost: 0.25208 s, avg_samples: 36.2, ips: 143.60737 samples/s, eta: 0:58:15, max_mem_reserved: 14736 MB, max_mem_allocated: 13561 MB
[2025/11/12 14:14:38] ppocr INFO: save model in ./output/latest
[2025/11/12 14:14:39] ppocr INFO: save model in ./output/iter_epoch_64
[2025/11/12 14:14:44] ppocr INFO: epoch: [65/200], global_step: 2310, lr: 0.000235, acc: 0.949219, norm_edit_dis: 0.991559, CTCLoss: 0.317979, NRTRLoss: 1.320165, loss: 1.636373, avg_reader_cost: 0.33805 s, avg_batch_cost: 0.72792 s, avg_samples: 61.8, ips: 84.89906 samples/s, eta: 0:58:17, max_mem_reserved: 14736 MB, max_mem_allocated: 13561 MB
[2025/11/12 14:14:50] ppocr INFO: epoch: [65/200], global_step: 2320, lr: 0.000234, acc: 0.939338, norm_edit_dis: 0.991219, CTCLoss: 0.337534, NRTRLoss: 1.318364, loss: 1.655328, avg_reader_cost: 0.00284 s, avg_batch_cost: 0.61245 s, avg_samples: 93.7, ips: 152.99223 samples/s, eta: 0:58:08, max_mem_reserved: 14736 MB, max_mem_allocated: 13561 MB
[2025/11/12 14:14:56] ppocr INFO: epoch: [65/200], global_step: 2330, lr: 0.000233, acc: 0.949219, norm_edit_dis: 0.992168, CTCLoss: 0.354988, NRTRLoss: 1.317711, loss: 1.680611, avg_reader_cost: 0.00367 s, avg_batch_cost: 0.59442 s, avg_samples: 89.5, ips: 150.56667 samples/s, eta: 0:57:58, max_mem_reserved: 14736 MB, max_mem_allocated: 13561 MB
[2025/11/12 14:15:02] ppocr INFO: epoch: [65/200], global_step: 2340, lr: 0.000233, acc: 0.957031, norm_edit_dis: 0.992891, CTCLoss: 0.350664, NRTRLoss: 1.315337, loss: 1.676852, avg_reader_cost: 0.00284 s, avg_batch_cost: 0.62438 s, avg_samples: 87.4, ips: 139.97828 samples/s, eta: 0:57:49, max_mem_reserved: 14736 MB, max_mem_allocated: 13561 MB
[2025/11/12 14:15:04] ppocr INFO: save model in ./output/latest
[2025/11/12 14:15:05] ppocr INFO: save model in ./output/iter_epoch_65
[2025/11/12 14:15:12] ppocr INFO: epoch: [66/200], global_step: 2350, lr: 0.000232, acc: 0.949219, norm_edit_dis: 0.992066, CTCLoss: 0.389333, NRTRLoss: 1.318798, loss: 1.710558, avg_reader_cost: 0.36528 s, avg_batch_cost: 1.04129 s, avg_samples: 100.2, ips: 96.22672 samples/s, eta: 0:57:49, max_mem_reserved: 14736 MB, max_mem_allocated: 13561 MB
[2025/11/12 14:15:19] ppocr INFO: epoch: [66/200], global_step: 2360, lr: 0.000232, acc: 0.949127, norm_edit_dis: 0.991794, CTCLoss: 0.414980, NRTRLoss: 1.319635, loss: 1.735762, avg_reader_cost: 0.00280 s, avg_batch_cost: 0.62437 s, avg_samples: 93.7, ips: 150.07169 samples/s, eta: 0:57:40, max_mem_reserved: 14736 MB, max_mem_allocated: 13561 MB
[2025/11/12 14:15:25] ppocr INFO: epoch: [66/200], global_step: 2370, lr: 0.000231, acc: 0.953033, norm_edit_dis: 0.992577, CTCLoss: 0.351218, NRTRLoss: 1.317315, loss: 1.671457, avg_reader_cost: 0.00275 s, avg_batch_cost: 0.63941 s, avg_samples: 91.6, ips: 143.25661 samples/s, eta: 0:57:31, max_mem_reserved: 14736 MB, max_mem_allocated: 13561 MB
[2025/11/12 14:15:29] ppocr INFO: epoch: [66/200], global_step: 2376, lr: 0.000231, acc: 0.958915, norm_edit_dis: 0.994594, CTCLoss: 0.183438, NRTRLoss: 1.314389, loss: 1.497247, avg_reader_cost: 0.00166 s, avg_batch_cost: 0.35582 s, avg_samples: 46.9, ips: 131.80669 samples/s, eta: 0:57:25, max_mem_reserved: 14736 MB, max_mem_allocated: 13561 MB
[2025/11/12 14:15:30] ppocr INFO: save model in ./output/latest
[2025/11/12 14:15:32] ppocr INFO: save model in ./output/iter_epoch_66
[2025/11/12 14:15:35] ppocr INFO: epoch: [67/200], global_step: 2380, lr: 0.000231, acc: 0.953125, norm_edit_dis: 0.994156, CTCLoss: 0.237779, NRTRLoss: 1.314862, loss: 1.554126, avg_reader_cost: 0.37166 s, avg_batch_cost: 0.61331 s, avg_samples: 34.1, ips: 55.60017 samples/s, eta: 0:57:29, max_mem_reserved: 14736 MB, max_mem_allocated: 13561 MB
[2025/11/12 14:15:41] ppocr INFO: epoch: [67/200], global_step: 2390, lr: 0.000230, acc: 0.953125, norm_edit_dis: 0.994081, CTCLoss: 0.227003, NRTRLoss: 1.316833, loss: 1.539263, avg_reader_cost: 0.00334 s, avg_batch_cost: 0.62885 s, avg_samples: 100.2, ips: 159.33846 samples/s, eta: 0:57:20, max_mem_reserved: 14736 MB, max_mem_allocated: 13561 MB
[2025/11/12 14:15:47] ppocr INFO: epoch: [67/200], global_step: 2400, lr: 0.000230, acc: 0.953125, norm_edit_dis: 0.991198, CTCLoss: 0.238444, NRTRLoss: 1.316861, loss: 1.553697, avg_reader_cost: 0.00319 s, avg_batch_cost: 0.58985 s, avg_samples: 83.1, ips: 140.88340 samples/s, eta: 0:57:11, max_mem_reserved: 14736 MB, max_mem_allocated: 13561 MB
[2025/11/12 14:15:48] ppocr INFO: cur metric, acc: 0.5271317420828107, norm_edit_dis: 0.8706751511175598, fps: 666.4636919609038
[2025/11/12 14:15:48] ppocr INFO: best metric, acc: 0.5813953037678059, is_float16: False, norm_edit_dis: 0.8709349966377, fps: 585.8714962935371, best_epoch: 45
[2025/11/12 14:15:54] ppocr INFO: epoch: [67/200], global_step: 2410, lr: 0.000229, acc: 0.953033, norm_edit_dis: 0.992549, CTCLoss: 0.332218, NRTRLoss: 1.316663, loss: 1.648615, avg_reader_cost: 0.00345 s, avg_batch_cost: 0.63486 s, avg_samples: 100.1, ips: 157.67145 samples/s, eta: 0:57:02, max_mem_reserved: 14736 MB, max_mem_allocated: 13561 MB
[2025/11/12 14:15:55] ppocr INFO: epoch: [67/200], global_step: 2412, lr: 0.000229, acc: 0.953125, norm_edit_dis: 0.992549, CTCLoss: 0.342120, NRTRLoss: 1.317374, loss: 1.657965, avg_reader_cost: 0.00055 s, avg_batch_cost: 0.11366 s, avg_samples: 14.9, ips: 131.09389 samples/s, eta: 0:57:00, max_mem_reserved: 14736 MB, max_mem_allocated: 13561 MB
[2025/11/12 14:15:57] ppocr INFO: save model in ./output/latest
[2025/11/12 14:15:58] ppocr INFO: save model in ./output/iter_epoch_67
[2025/11/12 14:16:03] ppocr INFO: epoch: [68/200], global_step: 2420, lr: 0.000229, acc: 0.953125, norm_edit_dis: 0.993327, CTCLoss: 0.315614, NRTRLoss: 1.316479, loss: 1.633356, avg_reader_cost: 0.30247 s, avg_batch_cost: 0.78457 s, avg_samples: 66.0, ips: 84.12214 samples/s, eta: 0:56:58, max_mem_reserved: 14736 MB, max_mem_allocated: 13561 MB
[2025/11/12 14:16:10] ppocr INFO: epoch: [68/200], global_step: 2430, lr: 0.000228, acc: 0.958915, norm_edit_dis: 0.992622, CTCLoss: 0.263157, NRTRLoss: 1.317965, loss: 1.584771, avg_reader_cost: 0.00357 s, avg_batch_cost: 0.65589 s, avg_samples: 102.3, ips: 155.97015 samples/s, eta: 0:56:50, max_mem_reserved: 14736 MB, max_mem_allocated: 13561 MB
[2025/11/12 14:16:16] ppocr INFO: epoch: [68/200], global_step: 2440, lr: 0.000227, acc: 0.953125, norm_edit_dis: 0.993016, CTCLoss: 0.345180, NRTRLoss: 1.317965, loss: 1.664268, avg_reader_cost: 0.00302 s, avg_batch_cost: 0.63082 s, avg_samples: 89.5, ips: 141.87814 samples/s, eta: 0:56:41, max_mem_reserved: 14736 MB, max_mem_allocated: 13561 MB
[2025/11/12 14:16:21] ppocr INFO: epoch: [68/200], global_step: 2448, lr: 0.000227, acc: 0.964706, norm_edit_dis: 0.993983, CTCLoss: 0.311659, NRTRLoss: 1.316885, loss: 1.632448, avg_reader_cost: 0.00227 s, avg_batch_cost: 0.52828 s, avg_samples: 74.6, ips: 141.21425 samples/s, eta: 0:56:35, max_mem_reserved: 14736 MB, max_mem_allocated: 13561 MB
[2025/11/12 14:16:23] ppocr INFO: save model in ./output/latest
[2025/11/12 14:16:23] ppocr INFO: save model in ./output/iter_epoch_68
[2025/11/12 14:16:25] ppocr INFO: epoch: [69/200], global_step: 2450, lr: 0.000227, acc: 0.962822, norm_edit_dis: 0.993501, CTCLoss: 0.330229, NRTRLoss: 1.316885, loss: 1.648234, avg_reader_cost: 0.29523 s, avg_batch_cost: 0.39397 s, avg_samples: 12.8, ips: 32.48965 samples/s, eta: 0:56:38, max_mem_reserved: 14736 MB, max_mem_allocated: 13561 MB
[2025/11/12 14:16:32] ppocr INFO: epoch: [69/200], global_step: 2460, lr: 0.000226, acc: 0.964706, norm_edit_dis: 0.993648, CTCLoss: 0.317652, NRTRLoss: 1.316791, loss: 1.633598, avg_reader_cost: 0.00367 s, avg_batch_cost: 0.66267 s, avg_samples: 100.1, ips: 151.05491 samples/s, eta: 0:56:30, max_mem_reserved: 14736 MB, max_mem_allocated: 13561 MB
[2025/11/12 14:16:38] ppocr INFO: epoch: [69/200], global_step: 2470, lr: 0.000226, acc: 0.949127, norm_edit_dis: 0.990644, CTCLoss: 0.314911, NRTRLoss: 1.316791, loss: 1.633598, avg_reader_cost: 0.00292 s, avg_batch_cost: 0.60757 s, avg_samples: 83.1, ips: 136.77412 samples/s, eta: 0:56:21, max_mem_reserved: 14736 MB, max_mem_allocated: 13561 MB
[2025/11/12 14:16:44] ppocr INFO: epoch: [69/200], global_step: 2480, lr: 0.000225, acc: 0.939338, norm_edit_dis: 0.991095, CTCLoss: 0.333643, NRTRLoss: 1.316387, loss: 1.653284, avg_reader_cost: 0.00291 s, avg_batch_cost: 0.63316 s, avg_samples: 102.3, ips: 161.57032 samples/s, eta: 0:56:12, max_mem_reserved: 14736 MB, max_mem_allocated: 13561 MB
[2025/11/12 14:16:47] ppocr INFO: epoch: [69/200], global_step: 2484, lr: 0.000225, acc: 0.964706, norm_edit_dis: 0.993191, CTCLoss: 0.302754, NRTRLoss: 1.315593, loss: 1.621955, avg_reader_cost: 0.00116 s, avg_batch_cost: 0.24016 s, avg_samples: 34.1, ips: 141.99051 samples/s, eta: 0:56:08, max_mem_reserved: 14736 MB, max_mem_allocated: 13561 MB
[2025/11/12 14:16:48] ppocr INFO: save model in ./output/latest
[2025/11/12 14:16:49] ppocr INFO: save model in ./output/iter_epoch_69
[2025/11/12 14:16:53] ppocr INFO: epoch: [70/200], global_step: 2490, lr: 0.000225, acc: 0.966728, norm_edit_dis: 0.996324, CTCLoss: 0.265005, NRTRLoss: 1.314906, loss: 1.578719, avg_reader_cost: 0.29104 s, avg_batch_cost: 0.65731 s, avg_samples: 57.5, ips: 87.47740 samples/s, eta: 0:56:08, max_mem_reserved: 14736 MB, max_mem_allocated: 13561 MB
[2025/11/12 14:16:59] ppocr INFO: epoch: [70/200], global_step: 2500, lr: 0.000224, acc: 0.945312, norm_edit_dis: 0.990778, CTCLoss: 0.321899, NRTRLoss: 1.315956, loss: 1.637569, avg_reader_cost: 0.00392 s, avg_batch_cost: 0.62638 s, avg_samples: 87.4, ips: 139.53081 samples/s, eta: 0:56:00, max_mem_reserved: 14736 MB, max_mem_allocated: 13561 MB
[2025/11/12 14:17:00] ppocr INFO: cur metric, acc: 0.5193798046992399, norm_edit_dis: 0.8623819237339755, fps: 750.5537836668109
[2025/11/12 14:17:00] ppocr INFO: best metric, acc: 0.5813953037678059, is_float16: False, norm_edit_dis: 0.8709349966377, fps: 585.8714962935371, best_epoch: 45
[2025/11/12 14:17:07] ppocr INFO: epoch: [70/200], global_step: 2510, lr: 0.000223, acc: 0.937500, norm_edit_dis: 0.989673, CTCLoss: 0.363489, NRTRLoss: 1.318410, loss: 1.681515, avg_reader_cost: 0.00284 s, avg_batch_cost: 0.63017 s, avg_samples: 95.9, ips: 152.18201 samples/s, eta: 0:55:51, max_mem_reserved: 14736 MB, max_mem_allocated: 13561 MB
[2025/11/12 14:17:13] ppocr INFO: epoch: [70/200], global_step: 2520, lr: 0.000223, acc: 0.945220, norm_edit_dis: 0.991385, CTCLoss: 0.357530, NRTRLoss: 1.320543, loss: 1.677678, avg_reader_cost: 0.00282 s, avg_batch_cost: 0.62980 s, avg_samples: 91.6, ips: 145.44220 samples/s, eta: 0:55:42, max_mem_reserved: 14736 MB, max_mem_allocated: 13561 MB
[2025/11/12 14:17:14] ppocr INFO: save model in ./output/latest
[2025/11/12 14:17:15] ppocr INFO: save model in ./output/iter_epoch_70
[2025/11/12 14:17:23] ppocr INFO: epoch: [71/200], global_step: 2530, lr: 0.000222, acc: 0.945220, norm_edit_dis: 0.991080, CTCLoss: 0.381546, NRTRLoss: 1.317784, loss: 1.702713, avg_reader_cost: 0.30987 s, avg_batch_cost: 0.96412 s, avg_samples: 93.8, ips: 97.29069 samples/s, eta: 0:55:40, max_mem_reserved: 14736 MB, max_mem_allocated: 13561 MB
[2025/11/12 14:17:29] ppocr INFO: epoch: [71/200], global_step: 2540, lr: 0.000222, acc: 0.945220, norm_edit_dis: 0.990326, CTCLoss: 0.369604, NRTRLoss: 1.316296, loss: 1.685329, avg_reader_cost: 0.00292 s, avg_batch_cost: 0.60977 s, avg_samples: 85.3, ips: 139.88795 samples/s, eta: 0:55:30, max_mem_reserved: 14736 MB, max_mem_allocated: 13561 MB
[2025/11/12 14:17:35] ppocr INFO: epoch: [71/200], global_step: 2550, lr: 0.000221, acc: 0.941176, norm_edit_dis: 0.990481, CTCLoss: 0.563750, NRTRLoss: 1.318908, loss: 1.879710, avg_reader_cost: 0.00334 s, avg_batch_cost: 0.63453 s, avg_samples: 104.4, ips: 164.53046 samples/s, eta: 0:55:22, max_mem_reserved: 14736 MB, max_mem_allocated: 13561 MB
[2025/11/12 14:17:39] ppocr INFO: epoch: [71/200], global_step: 2556, lr: 0.000221, acc: 0.949127, norm_edit_dis: 0.990694, CTCLoss: 0.540820, NRTRLoss: 1.318522, loss: 1.858413, avg_reader_cost: 0.00170 s, avg_batch_cost: 0.36877 s, avg_samples: 48.9, ips: 132.60118 samples/s, eta: 0:55:16, max_mem_reserved: 14736 MB, max_mem_allocated: 13561 MB
[2025/11/12 14:17:40] ppocr INFO: save model in ./output/latest
[2025/11/12 14:17:41] ppocr INFO: save model in ./output/iter_epoch_71
[2025/11/12 14:17:44] ppocr INFO: epoch: [72/200], global_step: 2560, lr: 0.000221, acc: 0.943244, norm_edit_dis: 0.990694, CTCLoss: 0.544266, NRTRLoss: 1.319623, loss: 1.864050, avg_reader_cost: 0.30148 s, avg_batch_cost: 0.57261 s, avg_samples: 34.1, ips: 59.55235 samples/s, eta: 0:55:19, max_mem_reserved: 14736 MB, max_mem_allocated: 13561 MB
[2025/11/12 14:17:51] ppocr INFO: epoch: [72/200], global_step: 2570, lr: 0.000220, acc: 0.952941, norm_edit_dis: 0.991972, CTCLoss: 0.502539, NRTRLoss: 1.316543, loss: 1.821902, avg_reader_cost: 0.00279 s, avg_batch_cost: 0.64329 s, avg_samples: 100.2, ips: 155.76137 samples/s, eta: 0:55:10, max_mem_reserved: 14736 MB, max_mem_allocated: 13561 MB
[2025/11/12 14:17:57] ppocr INFO: epoch: [72/200], global_step: 2580, lr: 0.000219, acc: 0.945220, norm_edit_dis: 0.991558, CTCLoss: 0.330140, NRTRLoss: 1.315988, loss: 1.645962, avg_reader_cost: 0.00281 s, avg_batch_cost: 0.63792 s, avg_samples: 95.9, ips: 150.33185 samples/s, eta: 0:55:02, max_mem_reserved: 14736 MB, max_mem_allocated: 13561 MB
[2025/11/12 14:18:03] ppocr INFO: epoch: [72/200], global_step: 2590, lr: 0.000219, acc: 0.957031, norm_edit_dis: 0.993027, CTCLoss: 0.310154, NRTRLoss: 1.315055, loss: 1.627121, avg_reader_cost: 0.00283 s, avg_batch_cost: 0.60285 s, avg_samples: 85.2, ips: 141.32765 samples/s, eta: 0:54:53, max_mem_reserved: 14736 MB, max_mem_allocated: 13561 MB
[2025/11/12 14:18:04] ppocr INFO: epoch: [72/200], global_step: 2592, lr: 0.000219, acc: 0.953125, norm_edit_dis: 0.993027, CTCLoss: 0.284905, NRTRLoss: 1.315546, loss: 1.600136, avg_reader_cost: 0.00056 s, avg_batch_cost: 0.11498 s, avg_samples: 17.0, ips: 147.85697 samples/s, eta: 0:54:51, max_mem_reserved: 14736 MB, max_mem_allocated: 13561 MB
[2025/11/12 14:18:06] ppocr INFO: save model in ./output/latest
[2025/11/12 14:18:07] ppocr INFO: save model in ./output/iter_epoch_72
[2025/11/12 14:18:13] ppocr INFO: epoch: [73/200], global_step: 2600, lr: 0.000218, acc: 0.953033, norm_edit_dis: 0.992832, CTCLoss: 0.279730, NRTRLoss: 1.319209, loss: 1.602803, avg_reader_cost: 0.34485 s, avg_batch_cost: 0.85076 s, avg_samples: 68.2, ips: 80.16348 samples/s, eta: 0:54:50, max_mem_reserved: 14736 MB, max_mem_allocated: 13561 MB
[2025/11/12 14:18:14] ppocr INFO: cur metric, acc: 0.5503875542335229, norm_edit_dis: 0.8678443302606282, fps: 594.9949645960186
[2025/11/12 14:18:14] ppocr INFO: best metric, acc: 0.5813953037678059, is_float16: False, norm_edit_dis: 0.8709349966377, fps: 585.8714962935371, best_epoch: 45
[2025/11/12 14:18:20] ppocr INFO: epoch: [73/200], global_step: 2610, lr: 0.000218, acc: 0.952941, norm_edit_dis: 0.991423, CTCLoss: 0.363114, NRTRLoss: 1.322801, loss: 1.685852, avg_reader_cost: 0.00333 s, avg_batch_cost: 0.63722 s, avg_samples: 95.8, ips: 150.34168 samples/s, eta: 0:54:41, max_mem_reserved: 14736 MB, max_mem_allocated: 13561 MB
[2025/11/12 14:18:27] ppocr INFO: epoch: [73/200], global_step: 2620, lr: 0.000217, acc: 0.958915, norm_edit_dis: 0.992548, CTCLoss: 0.355279, NRTRLoss: 1.322415, loss: 1.677825, avg_reader_cost: 0.00274 s, avg_batch_cost: 0.63844 s, avg_samples: 98.1, ips: 153.65495 samples/s, eta: 0:54:33, max_mem_reserved: 14736 MB, max_mem_allocated: 13561 MB
[2025/11/12 14:18:32] ppocr INFO: epoch: [73/200], global_step: 2628, lr: 0.000217, acc: 0.958915, norm_edit_dis: 0.993556, CTCLoss: 0.315153, NRTRLoss: 1.322597, loss: 1.637208, avg_reader_cost: 0.00223 s, avg_batch_cost: 0.49420 s, avg_samples: 70.3, ips: 142.24894 samples/s, eta: 0:54:26, max_mem_reserved: 14736 MB, max_mem_allocated: 13561 MB
[2025/11/12 14:18:33] ppocr INFO: save model in ./output/latest
[2025/11/12 14:18:34] ppocr INFO: save model in ./output/iter_epoch_73
[2025/11/12 14:18:37] ppocr INFO: epoch: [74/200], global_step: 2630, lr: 0.000216, acc: 0.958915, norm_edit_dis: 0.992934, CTCLoss: 0.315153, NRTRLoss: 1.321703, loss: 1.637208, avg_reader_cost: 0.35020 s, avg_batch_cost: 0.50160 s, avg_samples: 21.3, ips: 42.46415 samples/s, eta: 0:54:31, max_mem_reserved: 14736 MB, max_mem_allocated: 13561 MB
[2025/11/12 14:18:43] ppocr INFO: epoch: [74/200], global_step: 2640, lr: 0.000216, acc: 0.939338, norm_edit_dis: 0.989081, CTCLoss: 0.438393, NRTRLoss: 1.317964, loss: 1.759527, avg_reader_cost: 0.00333 s, avg_batch_cost: 0.65126 s, avg_samples: 113.0, ips: 173.51031 samples/s, eta: 0:54:22, max_mem_reserved: 14736 MB, max_mem_allocated: 13561 MB
[2025/11/12 14:18:49] ppocr INFO: epoch: [74/200], global_step: 2650, lr: 0.000215, acc: 0.953125, norm_edit_dis: 0.990555, CTCLoss: 0.347230, NRTRLoss: 1.316669, loss: 1.663916, avg_reader_cost: 0.00282 s, avg_batch_cost: 0.61542 s, avg_samples: 83.0, ips: 134.86663 samples/s, eta: 0:54:14, max_mem_reserved: 14736 MB, max_mem_allocated: 13561 MB
[2025/11/12 14:18:56] ppocr INFO: epoch: [74/200], global_step: 2660, lr: 0.000215, acc: 0.953125, norm_edit_dis: 0.992817, CTCLoss: 0.328122, NRTRLoss: 1.316323, loss: 1.652300, avg_reader_cost: 0.00325 s, avg_batch_cost: 0.63338 s, avg_samples: 89.5, ips: 141.30429 samples/s, eta: 0:54:05, max_mem_reserved: 14736 MB, max_mem_allocated: 13561 MB
[2025/11/12 14:18:58] ppocr INFO: epoch: [74/200], global_step: 2664, lr: 0.000214, acc: 0.949127, norm_edit_dis: 0.994094, CTCLoss: 0.317933, NRTRLoss: 1.316323, loss: 1.643936, avg_reader_cost: 0.00111 s, avg_batch_cost: 0.20877 s, avg_samples: 25.6, ips: 122.62005 samples/s, eta: 0:54:01, max_mem_reserved: 14736 MB, max_mem_allocated: 13561 MB
[2025/11/12 14:18:59] ppocr INFO: save model in ./output/latest
[2025/11/12 14:19:00] ppocr INFO: save model in ./output/iter_epoch_74
[2025/11/12 14:19:05] ppocr INFO: epoch: [75/200], global_step: 2670, lr: 0.000214, acc: 0.943244, norm_edit_dis: 0.994094, CTCLoss: 0.370040, NRTRLoss: 1.317553, loss: 1.686557, avg_reader_cost: 0.30399 s, avg_batch_cost: 0.69323 s, avg_samples: 51.1, ips: 73.71279 samples/s, eta: 0:54:01, max_mem_reserved: 14736 MB, max_mem_allocated: 13561 MB
[2025/11/12 14:19:11] ppocr INFO: epoch: [75/200], global_step: 2680, lr: 0.000214, acc: 0.933594, norm_edit_dis: 0.988711, CTCLoss: 0.425184, NRTRLoss: 1.320825, loss: 1.746713, avg_reader_cost: 0.00316 s, avg_batch_cost: 0.64062 s, avg_samples: 100.2, ips: 156.41062 samples/s, eta: 0:53:53, max_mem_reserved: 14736 MB, max_mem_allocated: 13561 MB
[2025/11/12 14:19:17] ppocr INFO: epoch: [75/200], global_step: 2690, lr: 0.000213, acc: 0.929687, norm_edit_dis: 0.987306, CTCLoss: 0.429047, NRTRLoss: 1.321653, loss: 1.748159, avg_reader_cost: 0.00267 s, avg_batch_cost: 0.59546 s, avg_samples: 91.6, ips: 153.83002 samples/s, eta: 0:53:43, max_mem_reserved: 14736 MB, max_mem_allocated: 13561 MB
[2025/11/12 14:19:23] ppocr INFO: epoch: [75/200], global_step: 2700, lr: 0.000212, acc: 0.939338, norm_edit_dis: 0.989212, CTCLoss: 0.374182, NRTRLoss: 1.318494, loss: 1.692671, avg_reader_cost: 0.00267 s, avg_batch_cost: 0.61089 s, avg_samples: 89.5, ips: 146.50655 samples/s, eta: 0:53:35, max_mem_reserved: 14736 MB, max_mem_allocated: 13561 MB
[2025/11/12 14:19:24] ppocr INFO: cur metric, acc: 0.5736433663842352, norm_edit_dis: 0.8731765426008318, fps: 627.1721953944913
[2025/11/12 14:19:24] ppocr INFO: best metric, acc: 0.5813953037678059, is_float16: False, norm_edit_dis: 0.8709349966377, fps: 585.8714962935371, best_epoch: 45
[2025/11/12 14:19:26] ppocr INFO: save model in ./output/latest
[2025/11/12 14:19:26] ppocr INFO: save model in ./output/iter_epoch_75
[2025/11/12 14:19:33] ppocr INFO: epoch: [76/200], global_step: 2710, lr: 0.000212, acc: 0.952941, norm_edit_dis: 0.991030, CTCLoss: 0.399681, NRTRLoss: 1.317593, loss: 1.718260, avg_reader_cost: 0.34430 s, avg_batch_cost: 0.94252 s, avg_samples: 95.8, ips: 101.64259 samples/s, eta: 0:53:31, max_mem_reserved: 14736 MB, max_mem_allocated: 13561 MB
[2025/11/12 14:19:39] ppocr INFO: epoch: [76/200], global_step: 2720, lr: 0.000211, acc: 0.952941, norm_edit_dis: 0.989233, CTCLoss: 0.476051, NRTRLoss: 1.320839, loss: 1.793135, avg_reader_cost: 0.00278 s, avg_batch_cost: 0.59029 s, avg_samples: 85.3, ips: 144.50605 samples/s, eta: 0:53:22, max_mem_reserved: 14736 MB, max_mem_allocated: 13561 MB
[2025/11/12 14:19:45] ppocr INFO: epoch: [76/200], global_step: 2730, lr: 0.000211, acc: 0.945220, norm_edit_dis: 0.988702, CTCLoss: 0.539201, NRTRLoss: 1.323227, loss: 1.861639, avg_reader_cost: 0.00272 s, avg_batch_cost: 0.62261 s, avg_samples: 95.9, ips: 154.03008 samples/s, eta: 0:53:13, max_mem_reserved: 14736 MB, max_mem_allocated: 13561 MB
[2025/11/12 14:19:49] ppocr INFO: epoch: [76/200], global_step: 2736, lr: 0.000210, acc: 0.929550, norm_edit_dis: 0.988945, CTCLoss: 0.545746, NRTRLoss: 1.323178, loss: 1.870153, avg_reader_cost: 0.00165 s, avg_batch_cost: 0.35361 s, avg_samples: 55.4, ips: 156.67170 samples/s, eta: 0:53:08, max_mem_reserved: 14736 MB, max_mem_allocated: 13561 MB
[2025/11/12 14:19:50] ppocr INFO: save model in ./output/latest
[2025/11/12 14:19:51] ppocr INFO: save model in ./output/iter_epoch_76
[2025/11/12 14:19:55] ppocr INFO: epoch: [77/200], global_step: 2740, lr: 0.000210, acc: 0.941314, norm_edit_dis: 0.990009, CTCLoss: 0.545746, NRTRLoss: 1.320373, loss: 1.870153, avg_reader_cost: 0.33478 s, avg_batch_cost: 0.58620 s, avg_samples: 34.1, ips: 58.17100 samples/s, eta: 0:53:10, max_mem_reserved: 14736 MB, max_mem_allocated: 13561 MB
[2025/11/12 14:20:01] ppocr INFO: epoch: [77/200], global_step: 2750, lr: 0.000209, acc: 0.953125, norm_edit_dis: 0.990490, CTCLoss: 0.396340, NRTRLoss: 1.317590, loss: 1.713319, avg_reader_cost: 0.00295 s, avg_batch_cost: 0.63224 s, avg_samples: 91.6, ips: 144.88088 samples/s, eta: 0:53:01, max_mem_reserved: 14736 MB, max_mem_allocated: 13561 MB
[2025/11/12 14:20:08] ppocr INFO: epoch: [77/200], global_step: 2760, lr: 0.000209, acc: 0.953125, norm_edit_dis: 0.990013, CTCLoss: 0.392258, NRTRLoss: 1.315406, loss: 1.707894, avg_reader_cost: 0.00294 s, avg_batch_cost: 0.64117 s, avg_samples: 91.6, ips: 142.86284 samples/s, eta: 0:52:53, max_mem_reserved: 14736 MB, max_mem_allocated: 13561 MB
[2025/11/12 14:20:14] ppocr INFO: epoch: [77/200], global_step: 2770, lr: 0.000208, acc: 0.953125, norm_edit_dis: 0.990966, CTCLoss: 0.377155, NRTRLoss: 1.316471, loss: 1.693375, avg_reader_cost: 0.00296 s, avg_batch_cost: 0.63049 s, avg_samples: 93.8, ips: 148.77296 samples/s, eta: 0:52:45, max_mem_reserved: 14736 MB, max_mem_allocated: 13561 MB
[2025/11/12 14:20:15] ppocr INFO: epoch: [77/200], global_step: 2772, lr: 0.000208, acc: 0.947059, norm_edit_dis: 0.989985, CTCLoss: 0.395200, NRTRLoss: 1.319000, loss: 1.716754, avg_reader_cost: 0.00057 s, avg_batch_cost: 0.13120 s, avg_samples: 21.3, ips: 162.34770 samples/s, eta: 0:52:43, max_mem_reserved: 14736 MB, max_mem_allocated: 13561 MB
[2025/11/12 14:20:17] ppocr INFO: save model in ./output/latest
[2025/11/12 14:20:17] ppocr INFO: save model in ./output/iter_epoch_77
[2025/11/12 14:20:23] ppocr INFO: epoch: [78/200], global_step: 2780, lr: 0.000208, acc: 0.953125, norm_edit_dis: 0.991866, CTCLoss: 0.427122, NRTRLoss: 1.319000, loss: 1.748572, avg_reader_cost: 0.31686 s, avg_batch_cost: 0.80777 s, avg_samples: 72.4, ips: 89.62928 samples/s, eta: 0:52:41, max_mem_reserved: 14736 MB, max_mem_allocated: 13561 MB
[2025/11/12 14:20:29] ppocr INFO: epoch: [78/200], global_step: 2790, lr: 0.000207, acc: 0.939338, norm_edit_dis: 0.989444, CTCLoss: 0.469506, NRTRLoss: 1.318720, loss: 1.790786, avg_reader_cost: 0.00308 s, avg_batch_cost: 0.61359 s, avg_samples: 89.5, ips: 145.86403 samples/s, eta: 0:52:32, max_mem_reserved: 14736 MB, max_mem_allocated: 13561 MB
[2025/11/12 14:20:36] ppocr INFO: epoch: [78/200], global_step: 2800, lr: 0.000206, acc: 0.939338, norm_edit_dis: 0.990606, CTCLoss: 0.407358, NRTRLoss: 1.320361, loss: 1.730765, avg_reader_cost: 0.00303 s, avg_batch_cost: 0.63103 s, avg_samples: 95.9, ips: 151.97323 samples/s, eta: 0:52:24, max_mem_reserved: 14736 MB, max_mem_allocated: 13561 MB
[2025/11/12 14:20:37] ppocr INFO: cur metric, acc: 0.5426356168499522, norm_edit_dis: 0.8683251497534226, fps: 686.1016068819997
[2025/11/12 14:20:37] ppocr INFO: best metric, acc: 0.5813953037678059, is_float16: False, norm_edit_dis: 0.8709349966377, fps: 585.8714962935371, best_epoch: 45
[2025/11/12 14:20:42] ppocr INFO: epoch: [78/200], global_step: 2808, lr: 0.000206, acc: 0.952941, norm_edit_dis: 0.992709, CTCLoss: 0.282038, NRTRLoss: 1.319448, loss: 1.603961, avg_reader_cost: 0.00281 s, avg_batch_cost: 0.48879 s, avg_samples: 74.6, ips: 152.62161 samples/s, eta: 0:52:17, max_mem_reserved: 14736 MB, max_mem_allocated: 13561 MB
[2025/11/12 14:20:43] ppocr INFO: save model in ./output/latest
[2025/11/12 14:20:44] ppocr INFO: save model in ./output/iter_epoch_78
[2025/11/12 14:20:46] ppocr INFO: epoch: [79/200], global_step: 2810, lr: 0.000206, acc: 0.941406, norm_edit_dis: 0.990606, CTCLoss: 0.345013, NRTRLoss: 1.320397, loss: 1.671868, avg_reader_cost: 0.30846 s, avg_batch_cost: 0.42861 s, avg_samples: 17.0, ips: 39.66335 samples/s, eta: 0:52:20, max_mem_reserved: 14736 MB, max_mem_allocated: 13561 MB
[2025/11/12 14:20:52] ppocr INFO: epoch: [79/200], global_step: 2820, lr: 0.000205, acc: 0.939338, norm_edit_dis: 0.988770, CTCLoss: 0.390894, NRTRLoss: 1.321583, loss: 1.714195, avg_reader_cost: 0.00296 s, avg_batch_cost: 0.63480 s, avg_samples: 100.2, ips: 157.84444 samples/s, eta: 0:52:11, max_mem_reserved: 14736 MB, max_mem_allocated: 13561 MB
[2025/11/12 14:20:58] ppocr INFO: epoch: [79/200], global_step: 2830, lr: 0.000205, acc: 0.943244, norm_edit_dis: 0.990122, CTCLoss: 0.376769, NRTRLoss: 1.316985, loss: 1.699381, avg_reader_cost: 0.00293 s, avg_batch_cost: 0.62100 s, avg_samples: 93.8, ips: 151.04588 samples/s, eta: 0:52:03, max_mem_reserved: 14736 MB, max_mem_allocated: 13561 MB
[2025/11/12 14:21:04] ppocr INFO: epoch: [79/200], global_step: 2840, lr: 0.000204, acc: 0.953125, norm_edit_dis: 0.992478, CTCLoss: 0.335567, NRTRLoss: 1.316081, loss: 1.650664, avg_reader_cost: 0.00287 s, avg_batch_cost: 0.57477 s, avg_samples: 85.2, ips: 148.23197 samples/s, eta: 0:51:53, max_mem_reserved: 14736 MB, max_mem_allocated: 13561 MB
[2025/11/12 14:21:06] ppocr INFO: epoch: [79/200], global_step: 2844, lr: 0.000204, acc: 0.957031, norm_edit_dis: 0.991894, CTCLoss: 0.350302, NRTRLoss: 1.315993, loss: 1.665747, avg_reader_cost: 0.00114 s, avg_batch_cost: 0.22867 s, avg_samples: 36.2, ips: 158.30689 samples/s, eta: 0:51:50, max_mem_reserved: 14736 MB, max_mem_allocated: 13561 MB
[2025/11/12 14:21:08] ppocr INFO: save model in ./output/latest
[2025/11/12 14:21:09] ppocr INFO: save model in ./output/iter_epoch_79
[2025/11/12 14:21:13] ppocr INFO: epoch: [80/200], global_step: 2850, lr: 0.000203, acc: 0.957031, norm_edit_dis: 0.993491, CTCLoss: 0.335567, NRTRLoss: 1.316750, loss: 1.650664, avg_reader_cost: 0.28923 s, avg_batch_cost: 0.62984 s, avg_samples: 51.2, ips: 81.29062 samples/s, eta: 0:51:49, max_mem_reserved: 14736 MB, max_mem_allocated: 13561 MB
[2025/11/12 14:21:19] ppocr INFO: epoch: [80/200], global_step: 2860, lr: 0.000203, acc: 0.964706, norm_edit_dis: 0.992339, CTCLoss: 0.277184, NRTRLoss: 1.317187, loss: 1.592393, avg_reader_cost: 0.00295 s, avg_batch_cost: 0.62776 s, avg_samples: 95.9, ips: 152.76633 samples/s, eta: 0:51:40, max_mem_reserved: 14736 MB, max_mem_allocated: 13561 MB
[2025/11/12 14:21:26] ppocr INFO: epoch: [80/200], global_step: 2870, lr: 0.000202, acc: 0.937500, norm_edit_dis: 0.989940, CTCLoss: 0.363552, NRTRLoss: 1.322095, loss: 1.685457, avg_reader_cost: 0.00352 s, avg_batch_cost: 0.65489 s, avg_samples: 93.8, ips: 143.22994 samples/s, eta: 0:51:32, max_mem_reserved: 14736 MB, max_mem_allocated: 13561 MB
[2025/11/12 14:21:32] ppocr INFO: epoch: [80/200], global_step: 2880, lr: 0.000201, acc: 0.937500, norm_edit_dis: 0.989939, CTCLoss: 0.363552, NRTRLoss: 1.322521, loss: 1.685457, avg_reader_cost: 0.00293 s, avg_batch_cost: 0.61950 s, avg_samples: 91.5, ips: 147.70002 samples/s, eta: 0:51:23, max_mem_reserved: 14736 MB, max_mem_allocated: 13561 MB
[2025/11/12 14:21:33] ppocr INFO: save model in ./output/latest
[2025/11/12 14:21:34] ppocr INFO: save model in ./output/iter_epoch_80
[2025/11/12 14:21:41] ppocr INFO: epoch: [81/200], global_step: 2890, lr: 0.000201, acc: 0.937500, norm_edit_dis: 0.992766, CTCLoss: 0.376291, NRTRLoss: 1.322090, loss: 1.700748, avg_reader_cost: 0.32453 s, avg_batch_cost: 0.96323 s, avg_samples: 91.7, ips: 95.20024 samples/s, eta: 0:51:20, max_mem_reserved: 14736 MB, max_mem_allocated: 13561 MB
[2025/11/12 14:21:48] ppocr INFO: epoch: [81/200], global_step: 2900, lr: 0.000200, acc: 0.953033, norm_edit_dis: 0.993723, CTCLoss: 0.384788, NRTRLoss: 1.318667, loss: 1.709008, avg_reader_cost: 0.00337 s, avg_batch_cost: 0.64651 s, avg_samples: 102.2, ips: 158.08064 samples/s, eta: 0:51:12, max_mem_reserved: 14736 MB, max_mem_allocated: 13561 MB
[2025/11/12 14:21:49] ppocr INFO: cur metric, acc: 0.5891472411513766, norm_edit_dis: 0.8765860280476578, fps: 669.5589314087999
[2025/11/12 14:21:51] ppocr INFO: save best model is to ./output/best_accuracy
[2025/11/12 14:21:51] ppocr INFO: best metric, acc: 0.5891472411513766, is_float16: False, norm_edit_dis: 0.8765860280476578, fps: 669.5589314087999, best_epoch: 81
[2025/11/12 14:21:57] ppocr INFO: epoch: [81/200], global_step: 2910, lr: 0.000200, acc: 0.953125, norm_edit_dis: 0.991869, CTCLoss: 0.311169, NRTRLoss: 1.317204, loss: 1.636784, avg_reader_cost: 0.00313 s, avg_batch_cost: 0.61255 s, avg_samples: 87.4, ips: 142.68164 samples/s, eta: 0:51:03, max_mem_reserved: 14736 MB, max_mem_allocated: 13561 MB
[2025/11/12 14:22:01] ppocr INFO: epoch: [81/200], global_step: 2916, lr: 0.000199, acc: 0.957031, norm_edit_dis: 0.993770, CTCLoss: 0.301785, NRTRLoss: 1.315456, loss: 1.626949, avg_reader_cost: 0.00172 s, avg_batch_cost: 0.36094 s, avg_samples: 51.1, ips: 141.57507 samples/s, eta: 0:50:58, max_mem_reserved: 14736 MB, max_mem_allocated: 13561 MB
[2025/11/12 14:22:03] ppocr INFO: save model in ./output/latest
[2025/11/12 14:22:03] ppocr INFO: save model in ./output/iter_epoch_81
[2025/11/12 14:22:07] ppocr INFO: epoch: [82/200], global_step: 2920, lr: 0.000199, acc: 0.957031, norm_edit_dis: 0.993770, CTCLoss: 0.301785, NRTRLoss: 1.315806, loss: 1.626949, avg_reader_cost: 0.39590 s, avg_batch_cost: 0.64552 s, avg_samples: 36.2, ips: 56.07902 samples/s, eta: 0:51:00, max_mem_reserved: 14736 MB, max_mem_allocated: 13561 MB
[2025/11/12 14:22:14] ppocr INFO: epoch: [82/200], global_step: 2930, lr: 0.000198, acc: 0.953125, norm_edit_dis: 0.994108, CTCLoss: 0.371555, NRTRLoss: 1.316417, loss: 1.690814, avg_reader_cost: 0.00287 s, avg_batch_cost: 0.64093 s, avg_samples: 100.2, ips: 156.33557 samples/s, eta: 0:50:52, max_mem_reserved: 14736 MB, max_mem_allocated: 13561 MB
[2025/11/12 14:22:20] ppocr INFO: epoch: [82/200], global_step: 2940, lr: 0.000198, acc: 0.957031, norm_edit_dis: 0.994886, CTCLoss: 0.245890, NRTRLoss: 1.315388, loss: 1.566087, avg_reader_cost: 0.00284 s, avg_batch_cost: 0.61942 s, avg_samples: 78.8, ips: 127.21657 samples/s, eta: 0:50:44, max_mem_reserved: 14736 MB, max_mem_allocated: 13561 MB
[2025/11/12 14:22:27] ppocr INFO: epoch: [82/200], global_step: 2950, lr: 0.000197, acc: 0.968750, norm_edit_dis: 0.995504, CTCLoss: 0.231782, NRTRLoss: 1.315180, loss: 1.550976, avg_reader_cost: 0.00283 s, avg_batch_cost: 0.65710 s, avg_samples: 102.3, ips: 155.68401 samples/s, eta: 0:50:36, max_mem_reserved: 14736 MB, max_mem_allocated: 13561 MB
[2025/11/12 14:22:28] ppocr INFO: epoch: [82/200], global_step: 2952, lr: 0.000197, acc: 0.968750, norm_edit_dis: 0.995716, CTCLoss: 0.205279, NRTRLoss: 1.315420, loss: 1.523515, avg_reader_cost: 0.00056 s, avg_batch_cost: 0.12129 s, avg_samples: 14.9, ips: 122.84767 samples/s, eta: 0:50:34, max_mem_reserved: 14736 MB, max_mem_allocated: 13561 MB
[2025/11/12 14:22:29] ppocr INFO: save model in ./output/latest
[2025/11/12 14:22:30] ppocr INFO: save model in ./output/iter_epoch_82
[2025/11/12 14:22:36] ppocr INFO: epoch: [83/200], global_step: 2960, lr: 0.000197, acc: 0.954963, norm_edit_dis: 0.994254, CTCLoss: 0.293087, NRTRLoss: 1.316795, loss: 1.618639, avg_reader_cost: 0.31946 s, avg_batch_cost: 0.84502 s, avg_samples: 78.8, ips: 93.25213 samples/s, eta: 0:50:32, max_mem_reserved: 14736 MB, max_mem_allocated: 13561 MB
[2025/11/12 14:22:42] ppocr INFO: epoch: [83/200], global_step: 2970, lr: 0.000196, acc: 0.937500, norm_edit_dis: 0.991270, CTCLoss: 0.498275, NRTRLoss: 1.316275, loss: 1.813888, avg_reader_cost: 0.00292 s, avg_batch_cost: 0.58201 s, avg_samples: 91.6, ips: 157.38568 samples/s, eta: 0:50:23, max_mem_reserved: 14736 MB, max_mem_allocated: 13561 MB
[2025/11/12 14:22:49] ppocr INFO: epoch: [83/200], global_step: 2980, lr: 0.000195, acc: 0.953125, norm_edit_dis: 0.993950, CTCLoss: 0.373508, NRTRLoss: 1.315000, loss: 1.690569, avg_reader_cost: 0.00301 s, avg_batch_cost: 0.64328 s, avg_samples: 100.2, ips: 155.76312 samples/s, eta: 0:50:15, max_mem_reserved: 14736 MB, max_mem_allocated: 13561 MB
[2025/11/12 14:22:53] ppocr INFO: epoch: [83/200], global_step: 2988, lr: 0.000195, acc: 0.968750, norm_edit_dis: 0.995570, CTCLoss: 0.281056, NRTRLoss: 1.313690, loss: 1.594804, avg_reader_cost: 0.00234 s, avg_batch_cost: 0.49183 s, avg_samples: 61.8, ips: 125.65258 samples/s, eta: 0:50:08, max_mem_reserved: 14736 MB, max_mem_allocated: 13561 MB
[2025/11/12 14:22:55] ppocr INFO: save model in ./output/latest
[2025/11/12 14:22:56] ppocr INFO: save model in ./output/iter_epoch_83
[2025/11/12 14:22:58] ppocr INFO: epoch: [84/200], global_step: 2990, lr: 0.000195, acc: 0.968750, norm_edit_dis: 0.995570, CTCLoss: 0.337024, NRTRLoss: 1.313690, loss: 1.649141, avg_reader_cost: 0.34518 s, avg_batch_cost: 0.49462 s, avg_samples: 21.3, ips: 43.06346 samples/s, eta: 0:50:12, max_mem_reserved: 14736 MB, max_mem_allocated: 13561 MB
[2025/11/12 14:23:05] ppocr INFO: epoch: [84/200], global_step: 3000, lr: 0.000194, acc: 0.960937, norm_edit_dis: 0.995044, CTCLoss: 0.352868, NRTRLoss: 1.313663, loss: 1.664674, avg_reader_cost: 0.00302 s, avg_batch_cost: 0.65300 s, avg_samples: 98.1, ips: 150.23023 samples/s, eta: 0:50:04, max_mem_reserved: 14736 MB, max_mem_allocated: 13561 MB
[2025/11/12 14:23:06] ppocr INFO: cur metric, acc: 0.5968991785349473, norm_edit_dis: 0.8794380777374422, fps: 547.6091452861697
[2025/11/12 14:23:08] ppocr INFO: save best model is to ./output/best_accuracy
[2025/11/12 14:23:08] ppocr INFO: best metric, acc: 0.5968991785349473, is_float16: False, norm_edit_dis: 0.8794380777374422, fps: 547.6091452861697, best_epoch: 84
[2025/11/12 14:23:14] ppocr INFO: epoch: [84/200], global_step: 3010, lr: 0.000193, acc: 0.972610, norm_edit_dis: 0.996094, CTCLoss: 0.186830, NRTRLoss: 1.312128, loss: 1.497599, avg_reader_cost: 0.00314 s, avg_batch_cost: 0.61306 s, avg_samples: 87.3, ips: 142.40105 samples/s, eta: 0:49:55, max_mem_reserved: 14736 MB, max_mem_allocated: 13561 MB
[2025/11/12 14:23:21] ppocr INFO: epoch: [84/200], global_step: 3020, lr: 0.000193, acc: 0.968750, norm_edit_dis: 0.994662, CTCLoss: 0.295547, NRTRLoss: 1.312684, loss: 1.610265, avg_reader_cost: 0.00289 s, avg_batch_cost: 0.64477 s, avg_samples: 95.9, ips: 148.73581 samples/s, eta: 0:49:47, max_mem_reserved: 14736 MB, max_mem_allocated: 13561 MB
[2025/11/12 14:23:23] ppocr INFO: epoch: [84/200], global_step: 3024, lr: 0.000193, acc: 0.968750, norm_edit_dis: 0.994662, CTCLoss: 0.264761, NRTRLoss: 1.312161, loss: 1.580604, avg_reader_cost: 0.00116 s, avg_batch_cost: 0.20869 s, avg_samples: 29.8, ips: 142.79849 samples/s, eta: 0:49:43, max_mem_reserved: 14736 MB, max_mem_allocated: 13561 MB
[2025/11/12 14:23:25] ppocr INFO: save model in ./output/latest
[2025/11/12 14:23:25] ppocr INFO: save model in ./output/iter_epoch_84
[2025/11/12 14:23:30] ppocr INFO: epoch: [85/200], global_step: 3030, lr: 0.000192, acc: 0.964706, norm_edit_dis: 0.994361, CTCLoss: 0.238464, NRTRLoss: 1.313236, loss: 1.556294, avg_reader_cost: 0.33166 s, avg_batch_cost: 0.67093 s, avg_samples: 55.4, ips: 82.57197 samples/s, eta: 0:49:42, max_mem_reserved: 14736 MB, max_mem_allocated: 13561 MB
[2025/11/12 14:23:36] ppocr INFO: epoch: [85/200], global_step: 3040, lr: 0.000192, acc: 0.976470, norm_edit_dis: 0.996726, CTCLoss: 0.181784, NRTRLoss: 1.313028, loss: 1.494940, avg_reader_cost: 0.00297 s, avg_batch_cost: 0.61519 s, avg_samples: 95.9, ips: 155.88801 samples/s, eta: 0:49:33, max_mem_reserved: 14736 MB, max_mem_allocated: 13561 MB
[2025/11/12 14:23:42] ppocr INFO: epoch: [85/200], global_step: 3050, lr: 0.000191, acc: 0.976516, norm_edit_dis: 0.996379, CTCLoss: 0.239647, NRTRLoss: 1.314004, loss: 1.556119, avg_reader_cost: 0.00287 s, avg_batch_cost: 0.64735 s, avg_samples: 91.6, ips: 141.49967 samples/s, eta: 0:49:25, max_mem_reserved: 14736 MB, max_mem_allocated: 13561 MB
[2025/11/12 14:23:49] ppocr INFO: epoch: [85/200], global_step: 3060, lr: 0.000190, acc: 0.966728, norm_edit_dis: 0.995868, CTCLoss: 0.279514, NRTRLoss: 1.314016, loss: 1.601443, avg_reader_cost: 0.00290 s, avg_batch_cost: 0.61855 s, avg_samples: 89.5, ips: 144.69272 samples/s, eta: 0:49:17, max_mem_reserved: 14736 MB, max_mem_allocated: 13561 MB
[2025/11/12 14:23:50] ppocr INFO: save model in ./output/latest
[2025/11/12 14:23:51] ppocr INFO: save model in ./output/iter_epoch_85
[2025/11/12 14:23:58] ppocr INFO: epoch: [86/200], global_step: 3070, lr: 0.000190, acc: 0.964706, norm_edit_dis: 0.995581, CTCLoss: 0.250071, NRTRLoss: 1.314808, loss: 1.564448, avg_reader_cost: 0.31435 s, avg_batch_cost: 0.96084 s, avg_samples: 89.4, ips: 93.04314 samples/s, eta: 0:49:13, max_mem_reserved: 14736 MB, max_mem_allocated: 13561 MB
[2025/11/12 14:24:04] ppocr INFO: epoch: [86/200], global_step: 3080, lr: 0.000189, acc: 0.964706, norm_edit_dis: 0.995380, CTCLoss: 0.241239, NRTRLoss: 1.316423, loss: 1.553849, avg_reader_cost: 0.00293 s, avg_batch_cost: 0.61104 s, avg_samples: 89.5, ips: 146.47056 samples/s, eta: 0:49:05, max_mem_reserved: 14736 MB, max_mem_allocated: 13561 MB
[2025/11/12 14:24:11] ppocr INFO: epoch: [86/200], global_step: 3090, lr: 0.000188, acc: 0.968750, norm_edit_dis: 0.996583, CTCLoss: 0.212802, NRTRLoss: 1.318639, loss: 1.532361, avg_reader_cost: 0.00293 s, avg_batch_cost: 0.65064 s, avg_samples: 91.7, ips: 140.93755 samples/s, eta: 0:48:57, max_mem_reserved: 14736 MB, max_mem_allocated: 13561 MB
[2025/11/12 14:24:15] ppocr INFO: epoch: [86/200], global_step: 3096, lr: 0.000188, acc: 0.960937, norm_edit_dis: 0.995331, CTCLoss: 0.245508, NRTRLoss: 1.319176, loss: 1.562696, avg_reader_cost: 0.00176 s, avg_batch_cost: 0.40366 s, avg_samples: 61.8, ips: 153.09829 samples/s, eta: 0:48:52, max_mem_reserved: 14736 MB, max_mem_allocated: 13561 MB
[2025/11/12 14:24:16] ppocr INFO: save model in ./output/latest
[2025/11/12 14:24:17] ppocr INFO: save model in ./output/iter_epoch_86
[2025/11/12 14:24:20] ppocr INFO: epoch: [87/200], global_step: 3100, lr: 0.000188, acc: 0.968750, norm_edit_dis: 0.996374, CTCLoss: 0.199937, NRTRLoss: 1.317105, loss: 1.517241, avg_reader_cost: 0.29004 s, avg_batch_cost: 0.53109 s, avg_samples: 27.7, ips: 52.15656 samples/s, eta: 0:48:52, max_mem_reserved: 14736 MB, max_mem_allocated: 13561 MB
[2025/11/12 14:24:21] ppocr INFO: cur metric, acc: 0.5813953037678059, norm_edit_dis: 0.8814333412743407, fps: 686.2982868710853
[2025/11/12 14:24:21] ppocr INFO: best metric, acc: 0.5968991785349473, is_float16: False, norm_edit_dis: 0.8794380777374422, fps: 547.6091452861697, best_epoch: 84
[2025/11/12 14:24:28] ppocr INFO: epoch: [87/200], global_step: 3110, lr: 0.000187, acc: 0.962822, norm_edit_dis: 0.994893, CTCLoss: 0.200247, NRTRLoss: 1.316683, loss: 1.517894, avg_reader_cost: 0.00297 s, avg_batch_cost: 0.67074 s, avg_samples: 110.8, ips: 165.19148 samples/s, eta: 0:48:45, max_mem_reserved: 14736 MB, max_mem_allocated: 13561 MB
[2025/11/12 14:24:34] ppocr INFO: epoch: [87/200], global_step: 3120, lr: 0.000186, acc: 0.962822, norm_edit_dis: 0.993501, CTCLoss: 0.231567, NRTRLoss: 1.314613, loss: 1.551338, avg_reader_cost: 0.00323 s, avg_batch_cost: 0.60443 s, avg_samples: 78.8, ips: 130.37038 samples/s, eta: 0:48:36, max_mem_reserved: 14736 MB, max_mem_allocated: 13561 MB
[2025/11/12 14:24:40] ppocr INFO: epoch: [87/200], global_step: 3130, lr: 0.000186, acc: 0.964706, norm_edit_dis: 0.994065, CTCLoss: 0.332093, NRTRLoss: 1.315116, loss: 1.649469, avg_reader_cost: 0.00277 s, avg_batch_cost: 0.65421 s, avg_samples: 102.3, ips: 156.37171 samples/s, eta: 0:48:28, max_mem_reserved: 14736 MB, max_mem_allocated: 13561 MB
[2025/11/12 14:24:41] ppocr INFO: epoch: [87/200], global_step: 3132, lr: 0.000186, acc: 0.966728, norm_edit_dis: 0.994847, CTCLoss: 0.285504, NRTRLoss: 1.314613, loss: 1.603910, avg_reader_cost: 0.00056 s, avg_batch_cost: 0.10891 s, avg_samples: 12.8, ips: 117.52822 samples/s, eta: 0:48:26, max_mem_reserved: 14736 MB, max_mem_allocated: 13561 MB
[2025/11/12 14:24:43] ppocr INFO: save model in ./output/latest
[2025/11/12 14:24:44] ppocr INFO: save model in ./output/iter_epoch_87
[2025/11/12 14:24:49] ppocr INFO: epoch: [88/200], global_step: 3140, lr: 0.000185, acc: 0.958915, norm_edit_dis: 0.994680, CTCLoss: 0.285504, NRTRLoss: 1.315089, loss: 1.603910, avg_reader_cost: 0.29136 s, avg_batch_cost: 0.78140 s, avg_samples: 68.2, ips: 87.27958 samples/s, eta: 0:48:23, max_mem_reserved: 14736 MB, max_mem_allocated: 13561 MB
[2025/11/12 14:24:56] ppocr INFO: epoch: [88/200], global_step: 3150, lr: 0.000185, acc: 0.966728, norm_edit_dis: 0.994251, CTCLoss: 0.226255, NRTRLoss: 1.314569, loss: 1.537503, avg_reader_cost: 0.00291 s, avg_batch_cost: 0.63887 s, avg_samples: 93.8, ips: 146.82066 samples/s, eta: 0:48:15, max_mem_reserved: 14736 MB, max_mem_allocated: 13561 MB
[2025/11/12 14:25:02] ppocr INFO: epoch: [88/200], global_step: 3160, lr: 0.000184, acc: 0.968750, norm_edit_dis: 0.995092, CTCLoss: 0.206623, NRTRLoss: 1.315785, loss: 1.523023, avg_reader_cost: 0.00286 s, avg_batch_cost: 0.65324 s, avg_samples: 89.5, ips: 137.01011 samples/s, eta: 0:48:07, max_mem_reserved: 14736 MB, max_mem_allocated: 13561 MB
[2025/11/12 14:25:07] ppocr INFO: epoch: [88/200], global_step: 3168, lr: 0.000183, acc: 0.968750, norm_edit_dis: 0.995950, CTCLoss: 0.227931, NRTRLoss: 1.315101, loss: 1.542409, avg_reader_cost: 0.00234 s, avg_batch_cost: 0.51295 s, avg_samples: 80.9, ips: 157.71577 samples/s, eta: 0:48:01, max_mem_reserved: 14736 MB, max_mem_allocated: 13561 MB
[2025/11/12 14:25:09] ppocr INFO: save model in ./output/latest
[2025/11/12 14:25:10] ppocr INFO: save model in ./output/iter_epoch_88
[2025/11/12 14:25:12] ppocr INFO: epoch: [89/200], global_step: 3170, lr: 0.000183, acc: 0.968750, norm_edit_dis: 0.996320, CTCLoss: 0.232592, NRTRLoss: 1.315101, loss: 1.549594, avg_reader_cost: 0.35952 s, avg_batch_cost: 0.48790 s, avg_samples: 14.9, ips: 30.53933 samples/s, eta: 0:48:04, max_mem_reserved: 14736 MB, max_mem_allocated: 13561 MB
[2025/11/12 14:25:19] ppocr INFO: epoch: [89/200], global_step: 3180, lr: 0.000183, acc: 0.968750, norm_edit_dis: 0.996671, CTCLoss: 0.175638, NRTRLoss: 1.313141, loss: 1.487532, avg_reader_cost: 0.00285 s, avg_batch_cost: 0.64341 s, avg_samples: 93.8, ips: 145.78474 samples/s, eta: 0:47:56, max_mem_reserved: 14736 MB, max_mem_allocated: 13561 MB
[2025/11/12 14:25:25] ppocr INFO: epoch: [89/200], global_step: 3190, lr: 0.000182, acc: 0.968750, norm_edit_dis: 0.996438, CTCLoss: 0.245737, NRTRLoss: 1.313311, loss: 1.559361, avg_reader_cost: 0.00287 s, avg_batch_cost: 0.63990 s, avg_samples: 93.8, ips: 146.58533 samples/s, eta: 0:47:47, max_mem_reserved: 14736 MB, max_mem_allocated: 13561 MB
[2025/11/12 14:25:31] ppocr INFO: epoch: [89/200], global_step: 3200, lr: 0.000181, acc: 0.966728, norm_edit_dis: 0.995983, CTCLoss: 0.263415, NRTRLoss: 1.313106, loss: 1.577088, avg_reader_cost: 0.00280 s, avg_batch_cost: 0.63334 s, avg_samples: 98.0, ips: 154.73611 samples/s, eta: 0:47:39, max_mem_reserved: 14736 MB, max_mem_allocated: 13561 MB
[2025/11/12 14:25:32] ppocr INFO: cur metric, acc: 0.5813953037678059, norm_edit_dis: 0.8824820341022047, fps: 781.8262705313033
[2025/11/12 14:25:32] ppocr INFO: best metric, acc: 0.5968991785349473, is_float16: False, norm_edit_dis: 0.8794380777374422, fps: 547.6091452861697, best_epoch: 84
[2025/11/12 14:25:35] ppocr INFO: epoch: [89/200], global_step: 3204, lr: 0.000181, acc: 0.966728, norm_edit_dis: 0.996251, CTCLoss: 0.238865, NRTRLoss: 1.312672, loss: 1.551826, avg_reader_cost: 0.00134 s, avg_batch_cost: 0.25532 s, avg_samples: 31.9, ips: 124.94235 samples/s, eta: 0:47:36, max_mem_reserved: 14736 MB, max_mem_allocated: 13561 MB
[2025/11/12 14:25:36] ppocr INFO: save model in ./output/latest
[2025/11/12 14:25:38] ppocr INFO: save model in ./output/iter_epoch_89
[2025/11/12 14:25:42] ppocr INFO: epoch: [90/200], global_step: 3210, lr: 0.000181, acc: 0.966728, norm_edit_dis: 0.996002, CTCLoss: 0.221647, NRTRLoss: 1.312478, loss: 1.533862, avg_reader_cost: 0.35942 s, avg_batch_cost: 0.75257 s, avg_samples: 53.3, ips: 70.82421 samples/s, eta: 0:47:36, max_mem_reserved: 14736 MB, max_mem_allocated: 13561 MB
[2025/11/12 14:25:48] ppocr INFO: epoch: [90/200], global_step: 3220, lr: 0.000180, acc: 0.968750, norm_edit_dis: 0.996954, CTCLoss: 0.175320, NRTRLoss: 1.311851, loss: 1.488330, avg_reader_cost: 0.00377 s, avg_batch_cost: 0.62301 s, avg_samples: 89.5, ips: 143.65851 samples/s, eta: 0:47:27, max_mem_reserved: 14736 MB, max_mem_allocated: 13561 MB
[2025/11/12 14:25:55] ppocr INFO: epoch: [90/200], global_step: 3230, lr: 0.000179, acc: 0.968750, norm_edit_dis: 0.996067, CTCLoss: 0.188315, NRTRLoss: 1.312686, loss: 1.501000, avg_reader_cost: 0.00350 s, avg_batch_cost: 0.65930 s, avg_samples: 102.3, ips: 155.16532 samples/s, eta: 0:47:20, max_mem_reserved: 14736 MB, max_mem_allocated: 13561 MB
[2025/11/12 14:26:01] ppocr INFO: epoch: [90/200], global_step: 3240, lr: 0.000179, acc: 0.968750, norm_edit_dis: 0.994849, CTCLoss: 0.224093, NRTRLoss: 1.313194, loss: 1.539683, avg_reader_cost: 0.00287 s, avg_batch_cost: 0.61749 s, avg_samples: 87.3, ips: 141.37870 samples/s, eta: 0:47:11, max_mem_reserved: 14736 MB, max_mem_allocated: 13561 MB
[2025/11/12 14:26:03] ppocr INFO: save model in ./output/latest
[2025/11/12 14:26:04] ppocr INFO: save model in ./output/iter_epoch_90
[2025/11/12 14:26:11] ppocr INFO: epoch: [91/200], global_step: 3250, lr: 0.000178, acc: 0.968750, norm_edit_dis: 0.993804, CTCLoss: 0.318559, NRTRLoss: 1.313474, loss: 1.630831, avg_reader_cost: 0.35258 s, avg_batch_cost: 1.00334 s, avg_samples: 95.9, ips: 95.58107 samples/s, eta: 0:47:08, max_mem_reserved: 14736 MB, max_mem_allocated: 13561 MB
[2025/11/12 14:26:18] ppocr INFO: epoch: [91/200], global_step: 3260, lr: 0.000177, acc: 0.968750, norm_edit_dis: 0.993372, CTCLoss: 0.366794, NRTRLoss: 1.314173, loss: 1.685795, avg_reader_cost: 0.00282 s, avg_batch_cost: 0.64510 s, avg_samples: 98.0, ips: 151.91387 samples/s, eta: 0:47:00, max_mem_reserved: 14736 MB, max_mem_allocated: 13561 MB
[2025/11/12 14:26:24] ppocr INFO: epoch: [91/200], global_step: 3270, lr: 0.000177, acc: 0.968750, norm_edit_dis: 0.996091, CTCLoss: 0.271210, NRTRLoss: 1.314371, loss: 1.584550, avg_reader_cost: 0.00283 s, avg_batch_cost: 0.62335 s, avg_samples: 91.6, ips: 146.94773 samples/s, eta: 0:46:51, max_mem_reserved: 14736 MB, max_mem_allocated: 13561 MB
[2025/11/12 14:26:28] ppocr INFO: epoch: [91/200], global_step: 3276, lr: 0.000176, acc: 0.968750, norm_edit_dis: 0.996313, CTCLoss: 0.242789, NRTRLoss: 1.312767, loss: 1.554327, avg_reader_cost: 0.00169 s, avg_batch_cost: 0.36244 s, avg_samples: 46.9, ips: 129.40110 samples/s, eta: 0:46:46, max_mem_reserved: 14736 MB, max_mem_allocated: 13561 MB
[2025/11/12 14:26:30] ppocr INFO: save model in ./output/latest
[2025/11/12 14:26:30] ppocr INFO: save model in ./output/iter_epoch_91
[2025/11/12 14:26:34] ppocr INFO: epoch: [92/200], global_step: 3280, lr: 0.000176, acc: 0.968750, norm_edit_dis: 0.995769, CTCLoss: 0.283579, NRTRLoss: 1.313061, loss: 1.597664, avg_reader_cost: 0.39686 s, avg_batch_cost: 0.67886 s, avg_samples: 42.6, ips: 62.75206 samples/s, eta: 0:46:48, max_mem_reserved: 14736 MB, max_mem_allocated: 13561 MB
[2025/11/12 14:26:41] ppocr INFO: epoch: [92/200], global_step: 3290, lr: 0.000176, acc: 0.962822, norm_edit_dis: 0.994214, CTCLoss: 0.294916, NRTRLoss: 1.312685, loss: 1.610038, avg_reader_cost: 0.00285 s, avg_batch_cost: 0.68090 s, avg_samples: 110.9, ips: 162.87237 samples/s, eta: 0:46:40, max_mem_reserved: 14736 MB, max_mem_allocated: 13561 MB
[2025/11/12 14:26:47] ppocr INFO: epoch: [92/200], global_step: 3300, lr: 0.000175, acc: 0.976470, norm_edit_dis: 0.997406, CTCLoss: 0.166359, NRTRLoss: 1.311853, loss: 1.477246, avg_reader_cost: 0.00276 s, avg_batch_cost: 0.57921 s, avg_samples: 78.7, ips: 135.87412 samples/s, eta: 0:46:32, max_mem_reserved: 14736 MB, max_mem_allocated: 13561 MB
[2025/11/12 14:26:48] ppocr INFO: cur metric, acc: 0.5658914290006644, norm_edit_dis: 0.8691514703515286, fps: 608.7462306723867
[2025/11/12 14:26:48] ppocr INFO: best metric, acc: 0.5968991785349473, is_float16: False, norm_edit_dis: 0.8794380777374422, fps: 547.6091452861697, best_epoch: 84
[2025/11/12 14:26:54] ppocr INFO: epoch: [92/200], global_step: 3310, lr: 0.000174, acc: 0.984375, norm_edit_dis: 0.997406, CTCLoss: 0.159355, NRTRLoss: 1.311070, loss: 1.470349, avg_reader_cost: 0.00297 s, avg_batch_cost: 0.58753 s, avg_samples: 81.0, ips: 137.86526 samples/s, eta: 0:46:23, max_mem_reserved: 14736 MB, max_mem_allocated: 13561 MB
[2025/11/12 14:26:55] ppocr INFO: epoch: [92/200], global_step: 3312, lr: 0.000174, acc: 0.976470, norm_edit_dis: 0.997272, CTCLoss: 0.163266, NRTRLoss: 1.311790, loss: 1.476370, avg_reader_cost: 0.00055 s, avg_batch_cost: 0.11933 s, avg_samples: 19.2, ips: 160.90034 samples/s, eta: 0:46:21, max_mem_reserved: 14736 MB, max_mem_allocated: 13561 MB
[2025/11/12 14:26:57] ppocr INFO: save model in ./output/latest
[2025/11/12 14:26:57] ppocr INFO: save model in ./output/iter_epoch_92
[2025/11/12 14:27:03] ppocr INFO: epoch: [93/200], global_step: 3320, lr: 0.000174, acc: 0.968750, norm_edit_dis: 0.995725, CTCLoss: 0.226204, NRTRLoss: 1.311824, loss: 1.540110, avg_reader_cost: 0.33040 s, avg_batch_cost: 0.83660 s, avg_samples: 76.7, ips: 91.68017 samples/s, eta: 0:46:19, max_mem_reserved: 14736 MB, max_mem_allocated: 13561 MB
[2025/11/12 14:27:10] ppocr INFO: epoch: [93/200], global_step: 3330, lr: 0.000173, acc: 0.968750, norm_edit_dis: 0.995666, CTCLoss: 0.226204, NRTRLoss: 1.311978, loss: 1.540110, avg_reader_cost: 0.00285 s, avg_batch_cost: 0.62495 s, avg_samples: 91.7, ips: 146.73253 samples/s, eta: 0:46:10, max_mem_reserved: 14736 MB, max_mem_allocated: 13561 MB
[2025/11/12 14:27:16] ppocr INFO: epoch: [93/200], global_step: 3340, lr: 0.000172, acc: 0.964706, norm_edit_dis: 0.995459, CTCLoss: 0.305316, NRTRLoss: 1.315706, loss: 1.624798, avg_reader_cost: 0.00284 s, avg_batch_cost: 0.66825 s, avg_samples: 98.0, ips: 146.65086 samples/s, eta: 0:46:03, max_mem_reserved: 14736 MB, max_mem_allocated: 13561 MB
[2025/11/12 14:27:21] ppocr INFO: epoch: [93/200], global_step: 3348, lr: 0.000172, acc: 0.964706, norm_edit_dis: 0.995438, CTCLoss: 0.277441, NRTRLoss: 1.313114, loss: 1.595252, avg_reader_cost: 0.00225 s, avg_batch_cost: 0.48034 s, avg_samples: 66.0, ips: 137.40316 samples/s, eta: 0:45:56, max_mem_reserved: 14736 MB, max_mem_allocated: 13561 MB
[2025/11/12 14:27:23] ppocr INFO: save model in ./output/latest
[2025/11/12 14:27:24] ppocr INFO: save model in ./output/iter_epoch_93
[2025/11/12 14:27:26] ppocr INFO: epoch: [94/200], global_step: 3350, lr: 0.000172, acc: 0.966728, norm_edit_dis: 0.996753, CTCLoss: 0.266797, NRTRLoss: 1.313114, loss: 1.582650, avg_reader_cost: 0.35791 s, avg_batch_cost: 0.48224 s, avg_samples: 14.9, ips: 30.89756 samples/s, eta: 0:45:58, max_mem_reserved: 14736 MB, max_mem_allocated: 13561 MB
[2025/11/12 14:27:33] ppocr INFO: epoch: [94/200], global_step: 3360, lr: 0.000171, acc: 0.972656, norm_edit_dis: 0.996646, CTCLoss: 0.213838, NRTRLoss: 1.312984, loss: 1.526975, avg_reader_cost: 0.00301 s, avg_batch_cost: 0.68557 s, avg_samples: 104.4, ips: 152.28153 samples/s, eta: 0:45:51, max_mem_reserved: 14736 MB, max_mem_allocated: 13561 MB
[2025/11/12 14:27:39] ppocr INFO: epoch: [94/200], global_step: 3370, lr: 0.000170, acc: 0.968750, norm_edit_dis: 0.996298, CTCLoss: 0.207002, NRTRLoss: 1.312984, loss: 1.519891, avg_reader_cost: 0.00293 s, avg_batch_cost: 0.59514 s, avg_samples: 78.8, ips: 132.40530 samples/s, eta: 0:45:42, max_mem_reserved: 14736 MB, max_mem_allocated: 13561 MB
[2025/11/12 14:27:45] ppocr INFO: epoch: [94/200], global_step: 3380, lr: 0.000170, acc: 0.966728, norm_edit_dis: 0.996148, CTCLoss: 0.223028, NRTRLoss: 1.313035, loss: 1.536406, avg_reader_cost: 0.00292 s, avg_batch_cost: 0.60618 s, avg_samples: 93.8, ips: 154.74002 samples/s, eta: 0:45:34, max_mem_reserved: 14736 MB, max_mem_allocated: 13561 MB
[2025/11/12 14:27:47] ppocr INFO: epoch: [94/200], global_step: 3384, lr: 0.000169, acc: 0.966728, norm_edit_dis: 0.995703, CTCLoss: 0.229509, NRTRLoss: 1.312759, loss: 1.547445, avg_reader_cost: 0.00117 s, avg_batch_cost: 0.26580 s, avg_samples: 40.5, ips: 152.37117 samples/s, eta: 0:45:31, max_mem_reserved: 14736 MB, max_mem_allocated: 13561 MB
[2025/11/12 14:27:49] ppocr INFO: save model in ./output/latest
[2025/11/12 14:27:50] ppocr INFO: save model in ./output/iter_epoch_94
[2025/11/12 14:27:55] ppocr INFO: epoch: [95/200], global_step: 3390, lr: 0.000169, acc: 0.968750, norm_edit_dis: 0.994374, CTCLoss: 0.232959, NRTRLoss: 1.314088, loss: 1.551678, avg_reader_cost: 0.34533 s, avg_batch_cost: 0.74279 s, avg_samples: 51.1, ips: 68.79495 samples/s, eta: 0:45:30, max_mem_reserved: 14736 MB, max_mem_allocated: 13561 MB
[2025/11/12 14:28:01] ppocr INFO: epoch: [95/200], global_step: 3400, lr: 0.000168, acc: 0.968750, norm_edit_dis: 0.995251, CTCLoss: 0.218125, NRTRLoss: 1.313372, loss: 1.534838, avg_reader_cost: 0.00327 s, avg_batch_cost: 0.62995 s, avg_samples: 89.5, ips: 142.07407 samples/s, eta: 0:45:22, max_mem_reserved: 14736 MB, max_mem_allocated: 13561 MB
[2025/11/12 14:28:02] ppocr INFO: cur metric, acc: 0.5658914290006644, norm_edit_dis: 0.8612120513654611, fps: 497.69140964908246
[2025/11/12 14:28:02] ppocr INFO: best metric, acc: 0.5968991785349473, is_float16: False, norm_edit_dis: 0.8794380777374422, fps: 547.6091452861697, best_epoch: 84
[2025/11/12 14:28:08] ppocr INFO: epoch: [95/200], global_step: 3410, lr: 0.000168, acc: 0.968750, norm_edit_dis: 0.995774, CTCLoss: 0.185346, NRTRLoss: 1.313552, loss: 1.498877, avg_reader_cost: 0.00293 s, avg_batch_cost: 0.60761 s, avg_samples: 91.6, ips: 150.75568 samples/s, eta: 0:45:14, max_mem_reserved: 14736 MB, max_mem_allocated: 13561 MB
[2025/11/12 14:28:15] ppocr INFO: epoch: [95/200], global_step: 3420, lr: 0.000167, acc: 0.968750, norm_edit_dis: 0.994058, CTCLoss: 0.207462, NRTRLoss: 1.313654, loss: 1.523537, avg_reader_cost: 0.00289 s, avg_batch_cost: 0.66051 s, avg_samples: 100.2, ips: 151.70161 samples/s, eta: 0:45:06, max_mem_reserved: 14736 MB, max_mem_allocated: 13561 MB
[2025/11/12 14:28:16] ppocr INFO: save model in ./output/latest
[2025/11/12 14:28:17] ppocr INFO: save model in ./output/iter_epoch_95
[2025/11/12 14:28:25] ppocr INFO: epoch: [96/200], global_step: 3430, lr: 0.000166, acc: 0.972610, norm_edit_dis: 0.996336, CTCLoss: 0.262533, NRTRLoss: 1.312280, loss: 1.573944, avg_reader_cost: 0.33734 s, avg_batch_cost: 0.99902 s, avg_samples: 87.3, ips: 87.38547 samples/s, eta: 0:45:02, max_mem_reserved: 14736 MB, max_mem_allocated: 13561 MB
[2025/11/12 14:28:31] ppocr INFO: epoch: [96/200], global_step: 3440, lr: 0.000166, acc: 0.980469, norm_edit_dis: 0.997450, CTCLoss: 0.171721, NRTRLoss: 1.310941, loss: 1.482612, avg_reader_cost: 0.00297 s, avg_batch_cost: 0.62946 s, avg_samples: 95.9, ips: 152.35397 samples/s, eta: 0:44:54, max_mem_reserved: 14736 MB, max_mem_allocated: 13561 MB
[2025/11/12 14:28:38] ppocr INFO: epoch: [96/200], global_step: 3450, lr: 0.000165, acc: 0.980469, norm_edit_dis: 0.996938, CTCLoss: 0.181258, NRTRLoss: 1.310987, loss: 1.492009, avg_reader_cost: 0.00293 s, avg_batch_cost: 0.66522 s, avg_samples: 95.9, ips: 144.16275 samples/s, eta: 0:44:46, max_mem_reserved: 14736 MB, max_mem_allocated: 13561 MB
[2025/11/12 14:28:41] ppocr INFO: epoch: [96/200], global_step: 3456, lr: 0.000165, acc: 0.984375, norm_edit_dis: 0.996512, CTCLoss: 0.192636, NRTRLoss: 1.310824, loss: 1.503125, avg_reader_cost: 0.00177 s, avg_batch_cost: 0.36652 s, avg_samples: 53.3, ips: 145.42311 samples/s, eta: 0:44:41, max_mem_reserved: 14736 MB, max_mem_allocated: 13561 MB
[2025/11/12 14:28:43] ppocr INFO: save model in ./output/latest
[2025/11/12 14:28:44] ppocr INFO: save model in ./output/iter_epoch_96
[2025/11/12 14:28:48] ppocr INFO: epoch: [97/200], global_step: 3460, lr: 0.000165, acc: 0.980469, norm_edit_dis: 0.996209, CTCLoss: 0.184923, NRTRLoss: 1.310909, loss: 1.499083, avg_reader_cost: 0.38070 s, avg_batch_cost: 0.66469 s, avg_samples: 42.6, ips: 64.08989 samples/s, eta: 0:44:42, max_mem_reserved: 14736 MB, max_mem_allocated: 13561 MB
[2025/11/12 14:28:54] ppocr INFO: epoch: [97/200], global_step: 3470, lr: 0.000164, acc: 0.976562, norm_edit_dis: 0.997040, CTCLoss: 0.182829, NRTRLoss: 1.310973, loss: 1.496343, avg_reader_cost: 0.00285 s, avg_batch_cost: 0.62389 s, avg_samples: 91.7, ips: 146.98194 samples/s, eta: 0:44:34, max_mem_reserved: 14736 MB, max_mem_allocated: 13561 MB
[2025/11/12 14:29:01] ppocr INFO: epoch: [97/200], global_step: 3480, lr: 0.000163, acc: 0.976470, norm_edit_dis: 0.996777, CTCLoss: 0.157590, NRTRLoss: 1.310901, loss: 1.467771, avg_reader_cost: 0.00277 s, avg_batch_cost: 0.61725 s, avg_samples: 85.2, ips: 138.03213 samples/s, eta: 0:44:26, max_mem_reserved: 14736 MB, max_mem_allocated: 13561 MB
[2025/11/12 14:29:07] ppocr INFO: epoch: [97/200], global_step: 3490, lr: 0.000163, acc: 0.976516, norm_edit_dis: 0.997400, CTCLoss: 0.136812, NRTRLoss: 1.311259, loss: 1.447510, avg_reader_cost: 0.00283 s, avg_batch_cost: 0.63780 s, avg_samples: 95.9, ips: 150.36128 samples/s, eta: 0:44:18, max_mem_reserved: 14736 MB, max_mem_allocated: 13561 MB
[2025/11/12 14:29:08] ppocr INFO: epoch: [97/200], global_step: 3492, lr: 0.000162, acc: 0.976516, norm_edit_dis: 0.997632, CTCLoss: 0.131407, NRTRLoss: 1.311217, loss: 1.442448, avg_reader_cost: 0.00055 s, avg_batch_cost: 0.13063 s, avg_samples: 17.0, ips: 130.13816 samples/s, eta: 0:44:16, max_mem_reserved: 14736 MB, max_mem_allocated: 13561 MB
[2025/11/12 14:29:10] ppocr INFO: save model in ./output/latest
[2025/11/12 14:29:11] ppocr INFO: save model in ./output/iter_epoch_97
[2025/11/12 14:29:16] ppocr INFO: epoch: [98/200], global_step: 3500, lr: 0.000162, acc: 0.984375, norm_edit_dis: 0.997810, CTCLoss: 0.133406, NRTRLoss: 1.311003, loss: 1.444564, avg_reader_cost: 0.31763 s, avg_batch_cost: 0.81450 s, avg_samples: 66.1, ips: 81.15382 samples/s, eta: 0:44:13, max_mem_reserved: 14736 MB, max_mem_allocated: 13561 MB
[2025/11/12 14:29:17] ppocr INFO: cur metric, acc: 0.5968991785349473, norm_edit_dis: 0.8817945110842571, fps: 627.0370057898323
[2025/11/12 14:29:20] ppocr INFO: save best model is to ./output/best_accuracy
[2025/11/12 14:29:20] ppocr INFO: best metric, acc: 0.5968991785349473, is_float16: False, norm_edit_dis: 0.8817945110842571, fps: 627.0370057898323, best_epoch: 98
[2025/11/12 14:29:26] ppocr INFO: epoch: [98/200], global_step: 3510, lr: 0.000161, acc: 0.972610, norm_edit_dis: 0.996448, CTCLoss: 0.167969, NRTRLoss: 1.311618, loss: 1.480057, avg_reader_cost: 0.00283 s, avg_batch_cost: 0.65361 s, avg_samples: 104.4, ips: 159.72921 samples/s, eta: 0:44:05, max_mem_reserved: 14736 MB, max_mem_allocated: 13561 MB
[2025/11/12 14:29:33] ppocr INFO: epoch: [98/200], global_step: 3520, lr: 0.000161, acc: 0.968750, norm_edit_dis: 0.995406, CTCLoss: 0.174767, NRTRLoss: 1.311879, loss: 1.487002, avg_reader_cost: 0.00274 s, avg_batch_cost: 0.65731 s, avg_samples: 95.9, ips: 145.89867 samples/s, eta: 0:43:57, max_mem_reserved: 14736 MB, max_mem_allocated: 13561 MB
[2025/11/12 14:29:37] ppocr INFO: epoch: [98/200], global_step: 3528, lr: 0.000160, acc: 0.972610, norm_edit_dis: 0.996110, CTCLoss: 0.128731, NRTRLoss: 1.311374, loss: 1.442001, avg_reader_cost: 0.00221 s, avg_batch_cost: 0.47527 s, avg_samples: 66.0, ips: 138.86706 samples/s, eta: 0:43:51, max_mem_reserved: 14736 MB, max_mem_allocated: 13561 MB
[2025/11/12 14:29:39] ppocr INFO: save model in ./output/latest
[2025/11/12 14:29:40] ppocr INFO: save model in ./output/iter_epoch_98
[2025/11/12 14:29:42] ppocr INFO: epoch: [99/200], global_step: 3530, lr: 0.000160, acc: 0.980469, norm_edit_dis: 0.997356, CTCLoss: 0.101107, NRTRLoss: 1.311222, loss: 1.411981, avg_reader_cost: 0.29273 s, avg_batch_cost: 0.40745 s, avg_samples: 12.8, ips: 31.41468 samples/s, eta: 0:43:52, max_mem_reserved: 14736 MB, max_mem_allocated: 13561 MB
[2025/11/12 14:29:48] ppocr INFO: epoch: [99/200], global_step: 3540, lr: 0.000159, acc: 0.966728, norm_edit_dis: 0.995953, CTCLoss: 0.163446, NRTRLoss: 1.311844, loss: 1.476585, avg_reader_cost: 0.00299 s, avg_batch_cost: 0.64088 s, avg_samples: 102.3, ips: 159.62390 samples/s, eta: 0:43:44, max_mem_reserved: 14736 MB, max_mem_allocated: 13561 MB
[2025/11/12 14:29:54] ppocr INFO: epoch: [99/200], global_step: 3550, lr: 0.000159, acc: 0.968750, norm_edit_dis: 0.996069, CTCLoss: 0.167198, NRTRLoss: 1.311565, loss: 1.480618, avg_reader_cost: 0.00306 s, avg_batch_cost: 0.62354 s, avg_samples: 87.3, ips: 140.00759 samples/s, eta: 0:43:36, max_mem_reserved: 14736 MB, max_mem_allocated: 13561 MB
[2025/11/12 14:30:01] ppocr INFO: epoch: [99/200], global_step: 3560, lr: 0.000158, acc: 0.976562, norm_edit_dis: 0.997667, CTCLoss: 0.131071, NRTRLoss: 1.310525, loss: 1.441413, avg_reader_cost: 0.00296 s, avg_batch_cost: 0.64053 s, avg_samples: 93.8, ips: 146.44026 samples/s, eta: 0:43:28, max_mem_reserved: 14736 MB, max_mem_allocated: 13561 MB
[2025/11/12 14:30:03] ppocr INFO: epoch: [99/200], global_step: 3564, lr: 0.000158, acc: 0.976470, norm_edit_dis: 0.996195, CTCLoss: 0.136137, NRTRLoss: 1.310641, loss: 1.447135, avg_reader_cost: 0.00119 s, avg_batch_cost: 0.25806 s, avg_samples: 36.2, ips: 140.27788 samples/s, eta: 0:43:25, max_mem_reserved: 14736 MB, max_mem_allocated: 13561 MB
[2025/11/12 14:30:05] ppocr INFO: save model in ./output/latest
[2025/11/12 14:30:06] ppocr INFO: save model in ./output/iter_epoch_99
[2025/11/12 14:30:11] ppocr INFO: epoch: [100/200], global_step: 3570, lr: 0.000157, acc: 0.976516, norm_edit_dis: 0.995886, CTCLoss: 0.160150, NRTRLoss: 1.311359, loss: 1.471778, avg_reader_cost: 0.33669 s, avg_batch_cost: 0.74319 s, avg_samples: 55.4, ips: 74.54383 samples/s, eta: 0:43:24, max_mem_reserved: 14736 MB, max_mem_allocated: 13561 MB
[2025/11/12 14:30:17] ppocr INFO: epoch: [100/200], global_step: 3580, lr: 0.000157, acc: 0.968750, norm_edit_dis: 0.995178, CTCLoss: 0.234462, NRTRLoss: 1.311520, loss: 1.546418, avg_reader_cost: 0.00294 s, avg_batch_cost: 0.64667 s, avg_samples: 102.3, ips: 158.19532 samples/s, eta: 0:43:16, max_mem_reserved: 14736 MB, max_mem_allocated: 13561 MB
[2025/11/12 14:30:23] ppocr INFO: epoch: [100/200], global_step: 3590, lr: 0.000156, acc: 0.968750, norm_edit_dis: 0.995452, CTCLoss: 0.240777, NRTRLoss: 1.311609, loss: 1.555508, avg_reader_cost: 0.00337 s, avg_batch_cost: 0.59943 s, avg_samples: 89.5, ips: 149.30975 samples/s, eta: 0:43:07, max_mem_reserved: 14736 MB, max_mem_allocated: 13561 MB
[2025/11/12 14:30:29] ppocr INFO: epoch: [100/200], global_step: 3600, lr: 0.000155, acc: 0.972610, norm_edit_dis: 0.996405, CTCLoss: 0.194315, NRTRLoss: 1.311094, loss: 1.505706, avg_reader_cost: 0.00297 s, avg_batch_cost: 0.60952 s, avg_samples: 85.2, ips: 139.78219 samples/s, eta: 0:42:59, max_mem_reserved: 14736 MB, max_mem_allocated: 13561 MB
[2025/11/12 14:30:30] ppocr INFO: cur metric, acc: 0.5736433663842352, norm_edit_dis: 0.8838839266744933, fps: 556.5209148471346
[2025/11/12 14:30:30] ppocr INFO: best metric, acc: 0.5968991785349473, is_float16: False, norm_edit_dis: 0.8817945110842571, fps: 627.0370057898323, best_epoch: 98
[2025/11/12 14:30:32] ppocr INFO: save model in ./output/latest
[2025/11/12 14:30:33] ppocr INFO: save model in ./output/iter_epoch_100
[2025/11/12 14:30:40] ppocr INFO: epoch: [101/200], global_step: 3610, lr: 0.000155, acc: 0.984375, norm_edit_dis: 0.998313, CTCLoss: 0.071269, NRTRLoss: 1.310331, loss: 1.382618, avg_reader_cost: 0.32132 s, avg_batch_cost: 0.94661 s, avg_samples: 95.9, ips: 101.30859 samples/s, eta: 0:42:54, max_mem_reserved: 14736 MB, max_mem_allocated: 13561 MB
[2025/11/12 14:30:46] ppocr INFO: epoch: [101/200], global_step: 3620, lr: 0.000154, acc: 0.984375, norm_edit_dis: 0.997377, CTCLoss: 0.117416, NRTRLoss: 1.311077, loss: 1.427303, avg_reader_cost: 0.00336 s, avg_batch_cost: 0.63093 s, avg_samples: 89.5, ips: 141.85433 samples/s, eta: 0:42:46, max_mem_reserved: 14736 MB, max_mem_allocated: 13561 MB
[2025/11/12 14:30:52] ppocr INFO: epoch: [101/200], global_step: 3630, lr: 0.000153, acc: 0.972610, norm_edit_dis: 0.996396, CTCLoss: 0.155040, NRTRLoss: 1.311136, loss: 1.468839, avg_reader_cost: 0.00284 s, avg_batch_cost: 0.63941 s, avg_samples: 91.6, ips: 143.25735 samples/s, eta: 0:42:38, max_mem_reserved: 14736 MB, max_mem_allocated: 13561 MB
[2025/11/12 14:30:56] ppocr INFO: epoch: [101/200], global_step: 3636, lr: 0.000153, acc: 0.972610, norm_edit_dis: 0.995901, CTCLoss: 0.155040, NRTRLoss: 1.311627, loss: 1.468839, avg_reader_cost: 0.00173 s, avg_batch_cost: 0.38181 s, avg_samples: 55.4, ips: 145.09680 samples/s, eta: 0:42:33, max_mem_reserved: 14736 MB, max_mem_allocated: 13561 MB
[2025/11/12 14:30:58] ppocr INFO: save model in ./output/latest
[2025/11/12 14:30:58] ppocr INFO: save model in ./output/iter_epoch_101
[2025/11/12 14:31:02] ppocr INFO: epoch: [102/200], global_step: 3640, lr: 0.000153, acc: 0.968750, norm_edit_dis: 0.996026, CTCLoss: 0.176116, NRTRLoss: 1.311119, loss: 1.487877, avg_reader_cost: 0.33688 s, avg_batch_cost: 0.57634 s, avg_samples: 34.1, ips: 59.16652 samples/s, eta: 0:42:33, max_mem_reserved: 14736 MB, max_mem_allocated: 13561 MB
[2025/11/12 14:31:08] ppocr INFO: epoch: [102/200], global_step: 3650, lr: 0.000152, acc: 0.972610, norm_edit_dis: 0.996026, CTCLoss: 0.206094, NRTRLoss: 1.310643, loss: 1.516268, avg_reader_cost: 0.00295 s, avg_batch_cost: 0.63828 s, avg_samples: 95.9, ips: 150.24656 samples/s, eta: 0:42:25, max_mem_reserved: 14736 MB, max_mem_allocated: 13561 MB
[2025/11/12 14:31:15] ppocr INFO: epoch: [102/200], global_step: 3660, lr: 0.000151, acc: 0.986305, norm_edit_dis: 0.998384, CTCLoss: 0.125309, NRTRLoss: 1.310438, loss: 1.435061, avg_reader_cost: 0.00299 s, avg_batch_cost: 0.63857 s, avg_samples: 93.7, ips: 146.73427 samples/s, eta: 0:42:18, max_mem_reserved: 14736 MB, max_mem_allocated: 13561 MB
[2025/11/12 14:31:21] ppocr INFO: epoch: [102/200], global_step: 3670, lr: 0.000151, acc: 0.972610, norm_edit_dis: 0.996408, CTCLoss: 0.169989, NRTRLoss: 1.311200, loss: 1.482380, avg_reader_cost: 0.00295 s, avg_batch_cost: 0.62453 s, avg_samples: 95.9, ips: 153.55598 samples/s, eta: 0:42:09, max_mem_reserved: 14736 MB, max_mem_allocated: 13561 MB
[2025/11/12 14:31:22] ppocr INFO: epoch: [102/200], global_step: 3672, lr: 0.000151, acc: 0.972610, norm_edit_dis: 0.996278, CTCLoss: 0.169989, NRTRLoss: 1.310253, loss: 1.482380, avg_reader_cost: 0.00059 s, avg_batch_cost: 0.09717 s, avg_samples: 12.8, ips: 131.72186 samples/s, eta: 0:42:08, max_mem_reserved: 14736 MB, max_mem_allocated: 13561 MB
[2025/11/12 14:31:24] ppocr INFO: save model in ./output/latest
[2025/11/12 14:31:25] ppocr INFO: save model in ./output/iter_epoch_102
[2025/11/12 14:31:31] ppocr INFO: epoch: [103/200], global_step: 3680, lr: 0.000150, acc: 0.972610, norm_edit_dis: 0.995295, CTCLoss: 0.169989, NRTRLoss: 1.311567, loss: 1.482552, avg_reader_cost: 0.38069 s, avg_batch_cost: 0.90110 s, avg_samples: 76.7, ips: 85.11788 samples/s, eta: 0:42:05, max_mem_reserved: 14736 MB, max_mem_allocated: 13561 MB
[2025/11/12 14:31:37] ppocr INFO: epoch: [103/200], global_step: 3690, lr: 0.000150, acc: 0.988235, norm_edit_dis: 0.997675, CTCLoss: 0.094854, NRTRLoss: 1.310399, loss: 1.405565, avg_reader_cost: 0.00283 s, avg_batch_cost: 0.61598 s, avg_samples: 85.2, ips: 138.31508 samples/s, eta: 0:41:57, max_mem_reserved: 14736 MB, max_mem_allocated: 13561 MB
[2025/11/12 14:31:43] ppocr INFO: epoch: [103/200], global_step: 3700, lr: 0.000149, acc: 0.968750, norm_edit_dis: 0.996798, CTCLoss: 0.144244, NRTRLoss: 1.311062, loss: 1.457263, avg_reader_cost: 0.00285 s, avg_batch_cost: 0.63301 s, avg_samples: 95.9, ips: 151.49859 samples/s, eta: 0:41:49, max_mem_reserved: 14736 MB, max_mem_allocated: 13561 MB
[2025/11/12 14:31:44] ppocr INFO: cur metric, acc: 0.5813953037678059, norm_edit_dis: 0.8781895246191918, fps: 585.0574400929058
[2025/11/12 14:31:44] ppocr INFO: best metric, acc: 0.5968991785349473, is_float16: False, norm_edit_dis: 0.8817945110842571, fps: 627.0370057898323, best_epoch: 98
[2025/11/12 14:31:50] ppocr INFO: epoch: [103/200], global_step: 3708, lr: 0.000148, acc: 0.968750, norm_edit_dis: 0.996980, CTCLoss: 0.161167, NRTRLoss: 1.311055, loss: 1.472965, avg_reader_cost: 0.00238 s, avg_batch_cost: 0.51765 s, avg_samples: 74.6, ips: 144.11341 samples/s, eta: 0:41:43, max_mem_reserved: 14736 MB, max_mem_allocated: 13561 MB
[2025/11/12 14:31:51] ppocr INFO: save model in ./output/latest
[2025/11/12 14:31:52] ppocr INFO: save model in ./output/iter_epoch_103
[2025/11/12 14:31:54] ppocr INFO: epoch: [104/200], global_step: 3710, lr: 0.000148, acc: 0.968750, norm_edit_dis: 0.996798, CTCLoss: 0.185919, NRTRLoss: 1.311118, loss: 1.497775, avg_reader_cost: 0.33823 s, avg_batch_cost: 0.48444 s, avg_samples: 21.3, ips: 43.96872 samples/s, eta: 0:41:44, max_mem_reserved: 14736 MB, max_mem_allocated: 13561 MB
[2025/11/12 14:32:01] ppocr INFO: epoch: [104/200], global_step: 3720, lr: 0.000148, acc: 0.984375, norm_edit_dis: 0.997717, CTCLoss: 0.143046, NRTRLoss: 1.311280, loss: 1.453914, avg_reader_cost: 0.00274 s, avg_batch_cost: 0.64358 s, avg_samples: 93.7, ips: 145.59141 samples/s, eta: 0:41:37, max_mem_reserved: 14736 MB, max_mem_allocated: 13561 MB
[2025/11/12 14:32:07] ppocr INFO: epoch: [104/200], global_step: 3730, lr: 0.000147, acc: 0.984375, norm_edit_dis: 0.998559, CTCLoss: 0.120656, NRTRLoss: 1.311641, loss: 1.432630, avg_reader_cost: 0.00274 s, avg_batch_cost: 0.62556 s, avg_samples: 89.5, ips: 143.07124 samples/s, eta: 0:41:29, max_mem_reserved: 14736 MB, max_mem_allocated: 13561 MB
[2025/11/12 14:32:13] ppocr INFO: epoch: [104/200], global_step: 3740, lr: 0.000146, acc: 0.980469, norm_edit_dis: 0.997017, CTCLoss: 0.166880, NRTRLoss: 1.310529, loss: 1.482083, avg_reader_cost: 0.00273 s, avg_batch_cost: 0.62902 s, avg_samples: 89.5, ips: 142.28498 samples/s, eta: 0:41:21, max_mem_reserved: 14736 MB, max_mem_allocated: 13561 MB
[2025/11/12 14:32:16] ppocr INFO: epoch: [104/200], global_step: 3744, lr: 0.000146, acc: 0.976562, norm_edit_dis: 0.996869, CTCLoss: 0.166880, NRTRLoss: 1.310783, loss: 1.482083, avg_reader_cost: 0.00107 s, avg_batch_cost: 0.26847 s, avg_samples: 38.4, ips: 143.03230 samples/s, eta: 0:41:17, max_mem_reserved: 14736 MB, max_mem_allocated: 13561 MB
[2025/11/12 14:32:18] ppocr INFO: save model in ./output/latest
[2025/11/12 14:32:18] ppocr INFO: save model in ./output/iter_epoch_104
[2025/11/12 14:32:23] ppocr INFO: epoch: [105/200], global_step: 3750, lr: 0.000146, acc: 0.976562, norm_edit_dis: 0.996869, CTCLoss: 0.177955, NRTRLoss: 1.311241, loss: 1.489106, avg_reader_cost: 0.29624 s, avg_batch_cost: 0.67793 s, avg_samples: 55.4, ips: 81.71933 samples/s, eta: 0:41:15, max_mem_reserved: 14736 MB, max_mem_allocated: 13561 MB
[2025/11/12 14:32:29] ppocr INFO: epoch: [105/200], global_step: 3760, lr: 0.000145, acc: 0.984375, norm_edit_dis: 0.997912, CTCLoss: 0.150303, NRTRLoss: 1.310624, loss: 1.464383, avg_reader_cost: 0.00277 s, avg_batch_cost: 0.64343 s, avg_samples: 98.0, ips: 152.30867 samples/s, eta: 0:41:08, max_mem_reserved: 14736 MB, max_mem_allocated: 13561 MB
[2025/11/12 14:32:35] ppocr INFO: epoch: [105/200], global_step: 3770, lr: 0.000144, acc: 0.984375, norm_edit_dis: 0.997922, CTCLoss: 0.103829, NRTRLoss: 1.310083, loss: 1.413901, avg_reader_cost: 0.00276 s, avg_batch_cost: 0.61220 s, avg_samples: 85.2, ips: 139.16911 samples/s, eta: 0:40:59, max_mem_reserved: 14736 MB, max_mem_allocated: 13561 MB
[2025/11/12 14:32:42] ppocr INFO: epoch: [105/200], global_step: 3780, lr: 0.000144, acc: 0.984375, norm_edit_dis: 0.997582, CTCLoss: 0.108845, NRTRLoss: 1.310193, loss: 1.419573, avg_reader_cost: 0.00272 s, avg_batch_cost: 0.62482 s, avg_samples: 93.8, ips: 150.12207 samples/s, eta: 0:40:51, max_mem_reserved: 14736 MB, max_mem_allocated: 13561 MB
[2025/11/12 14:32:43] ppocr INFO: save model in ./output/latest
[2025/11/12 14:32:44] ppocr INFO: save model in ./output/iter_epoch_105
[2025/11/12 14:32:51] ppocr INFO: epoch: [106/200], global_step: 3790, lr: 0.000143, acc: 0.976562, norm_edit_dis: 0.996611, CTCLoss: 0.155453, NRTRLoss: 1.311039, loss: 1.466432, avg_reader_cost: 0.31835 s, avg_batch_cost: 0.94856 s, avg_samples: 98.1, ips: 103.41969 samples/s, eta: 0:40:46, max_mem_reserved: 14736 MB, max_mem_allocated: 13561 MB
[2025/11/12 14:32:57] ppocr INFO: epoch: [106/200], global_step: 3800, lr: 0.000142, acc: 0.968750, norm_edit_dis: 0.995753, CTCLoss: 0.187794, NRTRLoss: 1.311034, loss: 1.499141, avg_reader_cost: 0.00277 s, avg_batch_cost: 0.58347 s, avg_samples: 81.0, ips: 138.82509 samples/s, eta: 0:40:38, max_mem_reserved: 14736 MB, max_mem_allocated: 13561 MB
[2025/11/12 14:32:58] ppocr INFO: cur metric, acc: 0.5658914290006644, norm_edit_dis: 0.8789210022604501, fps: 789.6687235470971
[2025/11/12 14:32:58] ppocr INFO: best metric, acc: 0.5968991785349473, is_float16: False, norm_edit_dis: 0.8817945110842571, fps: 627.0370057898323, best_epoch: 98
[2025/11/12 14:33:04] ppocr INFO: epoch: [106/200], global_step: 3810, lr: 0.000142, acc: 0.976470, norm_edit_dis: 0.994985, CTCLoss: 0.187300, NRTRLoss: 1.311492, loss: 1.498642, avg_reader_cost: 0.00280 s, avg_batch_cost: 0.64103 s, avg_samples: 98.0, ips: 152.87917 samples/s, eta: 0:40:30, max_mem_reserved: 14736 MB, max_mem_allocated: 13561 MB
[2025/11/12 14:33:08] ppocr INFO: epoch: [106/200], global_step: 3816, lr: 0.000141, acc: 0.976470, norm_edit_dis: 0.994300, CTCLoss: 0.189610, NRTRLoss: 1.311682, loss: 1.501845, avg_reader_cost: 0.00164 s, avg_batch_cost: 0.36733 s, avg_samples: 55.3, ips: 150.54500 samples/s, eta: 0:40:25, max_mem_reserved: 14736 MB, max_mem_allocated: 13561 MB
[2025/11/12 14:33:10] ppocr INFO: save model in ./output/latest
[2025/11/12 14:33:11] ppocr INFO: save model in ./output/iter_epoch_106
[2025/11/12 14:33:14] ppocr INFO: epoch: [107/200], global_step: 3820, lr: 0.000141, acc: 0.976470, norm_edit_dis: 0.995432, CTCLoss: 0.187782, NRTRLoss: 1.311316, loss: 1.498320, avg_reader_cost: 0.34021 s, avg_batch_cost: 0.58987 s, avg_samples: 32.0, ips: 54.24957 samples/s, eta: 0:40:25, max_mem_reserved: 14736 MB, max_mem_allocated: 13561 MB
[2025/11/12 14:33:20] ppocr INFO: epoch: [107/200], global_step: 3830, lr: 0.000140, acc: 0.976470, norm_edit_dis: 0.997157, CTCLoss: 0.168035, NRTRLoss: 1.311299, loss: 1.479352, avg_reader_cost: 0.00292 s, avg_batch_cost: 0.64693 s, avg_samples: 102.3, ips: 158.13223 samples/s, eta: 0:40:17, max_mem_reserved: 14736 MB, max_mem_allocated: 13561 MB
[2025/11/12 14:33:26] ppocr INFO: epoch: [107/200], global_step: 3840, lr: 0.000140, acc: 0.968750, norm_edit_dis: 0.996859, CTCLoss: 0.165137, NRTRLoss: 1.311128, loss: 1.477045, avg_reader_cost: 0.00361 s, avg_batch_cost: 0.60525 s, avg_samples: 85.2, ips: 140.76742 samples/s, eta: 0:40:09, max_mem_reserved: 14736 MB, max_mem_allocated: 13561 MB
[2025/11/12 14:33:33] ppocr INFO: epoch: [107/200], global_step: 3850, lr: 0.000139, acc: 0.972610, norm_edit_dis: 0.996449, CTCLoss: 0.150709, NRTRLoss: 1.311073, loss: 1.462348, avg_reader_cost: 0.00294 s, avg_batch_cost: 0.65860 s, avg_samples: 91.6, ips: 139.08392 samples/s, eta: 0:40:01, max_mem_reserved: 14736 MB, max_mem_allocated: 13561 MB
[2025/11/12 14:33:34] ppocr INFO: epoch: [107/200], global_step: 3852, lr: 0.000139, acc: 0.976470, norm_edit_dis: 0.996979, CTCLoss: 0.150709, NRTRLoss: 1.310840, loss: 1.462348, avg_reader_cost: 0.00058 s, avg_batch_cost: 0.13277 s, avg_samples: 21.3, ips: 160.42431 samples/s, eta: 0:40:00, max_mem_reserved: 14736 MB, max_mem_allocated: 13561 MB
[2025/11/12 14:33:36] ppocr INFO: save model in ./output/latest
[2025/11/12 14:33:37] ppocr INFO: save model in ./output/iter_epoch_107
[2025/11/12 14:33:42] ppocr INFO: epoch: [108/200], global_step: 3860, lr: 0.000138, acc: 0.980469, norm_edit_dis: 0.996745, CTCLoss: 0.108703, NRTRLoss: 1.310948, loss: 1.418499, avg_reader_cost: 0.30526 s, avg_batch_cost: 0.79606 s, avg_samples: 68.2, ips: 85.67172 samples/s, eta: 0:39:56, max_mem_reserved: 14736 MB, max_mem_allocated: 13561 MB
[2025/11/12 14:33:49] ppocr INFO: epoch: [108/200], global_step: 3870, lr: 0.000138, acc: 0.976470, norm_edit_dis: 0.996592, CTCLoss: 0.159547, NRTRLoss: 1.310967, loss: 1.471223, avg_reader_cost: 0.00285 s, avg_batch_cost: 0.63355 s, avg_samples: 95.9, ips: 151.37032 samples/s, eta: 0:39:48, max_mem_reserved: 14736 MB, max_mem_allocated: 13561 MB
[2025/11/12 14:33:55] ppocr INFO: epoch: [108/200], global_step: 3880, lr: 0.000137, acc: 0.976470, norm_edit_dis: 0.996781, CTCLoss: 0.139979, NRTRLoss: 1.310811, loss: 1.451549, avg_reader_cost: 0.00286 s, avg_batch_cost: 0.65069 s, avg_samples: 98.0, ips: 150.61015 samples/s, eta: 0:39:40, max_mem_reserved: 14736 MB, max_mem_allocated: 13561 MB
[2025/11/12 14:34:00] ppocr INFO: epoch: [108/200], global_step: 3888, lr: 0.000137, acc: 0.976470, norm_edit_dis: 0.997007, CTCLoss: 0.146469, NRTRLoss: 1.311318, loss: 1.457970, avg_reader_cost: 0.00228 s, avg_batch_cost: 0.50311 s, avg_samples: 70.3, ips: 139.73203 samples/s, eta: 0:39:34, max_mem_reserved: 14736 MB, max_mem_allocated: 13561 MB
[2025/11/12 14:34:02] ppocr INFO: save model in ./output/latest
[2025/11/12 14:34:03] ppocr INFO: save model in ./output/iter_epoch_108
[2025/11/12 14:34:06] ppocr INFO: epoch: [109/200], global_step: 3890, lr: 0.000136, acc: 0.980423, norm_edit_dis: 0.997065, CTCLoss: 0.147946, NRTRLoss: 1.311384, loss: 1.460909, avg_reader_cost: 0.41245 s, avg_batch_cost: 0.56560 s, avg_samples: 21.3, ips: 37.65885 samples/s, eta: 0:39:36, max_mem_reserved: 14736 MB, max_mem_allocated: 13561 MB
[2025/11/12 14:34:12] ppocr INFO: epoch: [109/200], global_step: 3900, lr: 0.000136, acc: 0.984375, norm_edit_dis: 0.997115, CTCLoss: 0.168948, NRTRLoss: 1.311939, loss: 1.480729, avg_reader_cost: 0.00290 s, avg_batch_cost: 0.64415 s, avg_samples: 93.8, ips: 145.61879 samples/s, eta: 0:39:29, max_mem_reserved: 14736 MB, max_mem_allocated: 13561 MB
[2025/11/12 14:34:13] ppocr INFO: cur metric, acc: 0.5813953037678059, norm_edit_dis: 0.8723895294774265, fps: 732.0021105095257
[2025/11/12 14:34:13] ppocr INFO: best metric, acc: 0.5968991785349473, is_float16: False, norm_edit_dis: 0.8817945110842571, fps: 627.0370057898323, best_epoch: 98
[2025/11/12 14:34:19] ppocr INFO: epoch: [109/200], global_step: 3910, lr: 0.000135, acc: 0.980469, norm_edit_dis: 0.998118, CTCLoss: 0.156221, NRTRLoss: 1.310954, loss: 1.467445, avg_reader_cost: 0.00333 s, avg_batch_cost: 0.62156 s, avg_samples: 93.7, ips: 150.75040 samples/s, eta: 0:39:21, max_mem_reserved: 14736 MB, max_mem_allocated: 13561 MB
[2025/11/12 14:34:26] ppocr INFO: epoch: [109/200], global_step: 3920, lr: 0.000134, acc: 0.980469, norm_edit_dis: 0.998288, CTCLoss: 0.145471, NRTRLoss: 1.311133, loss: 1.455659, avg_reader_cost: 0.00278 s, avg_batch_cost: 0.64231 s, avg_samples: 95.9, ips: 149.30526 samples/s, eta: 0:39:13, max_mem_reserved: 14736 MB, max_mem_allocated: 13561 MB
[2025/11/12 14:34:28] ppocr INFO: epoch: [109/200], global_step: 3924, lr: 0.000134, acc: 0.986305, norm_edit_dis: 0.998854, CTCLoss: 0.145471, NRTRLoss: 1.311133, loss: 1.455659, avg_reader_cost: 0.00111 s, avg_batch_cost: 0.23524 s, avg_samples: 27.7, ips: 117.75386 samples/s, eta: 0:39:09, max_mem_reserved: 14736 MB, max_mem_allocated: 13561 MB
[2025/11/12 14:34:30] ppocr INFO: save model in ./output/latest
[2025/11/12 14:34:31] ppocr INFO: save model in ./output/iter_epoch_109
[2025/11/12 14:34:36] ppocr INFO: epoch: [110/200], global_step: 3930, lr: 0.000134, acc: 0.980469, norm_edit_dis: 0.997539, CTCLoss: 0.143203, NRTRLoss: 1.311269, loss: 1.455023, avg_reader_cost: 0.35902 s, avg_batch_cost: 0.78125 s, avg_samples: 68.2, ips: 87.29606 samples/s, eta: 0:39:08, max_mem_reserved: 14736 MB, max_mem_allocated: 13561 MB
[2025/11/12 14:34:42] ppocr INFO: epoch: [110/200], global_step: 3940, lr: 0.000133, acc: 0.980469, norm_edit_dis: 0.997529, CTCLoss: 0.123160, NRTRLoss: 1.310172, loss: 1.437409, avg_reader_cost: 0.00296 s, avg_batch_cost: 0.61660 s, avg_samples: 91.7, ips: 148.71870 samples/s, eta: 0:39:00, max_mem_reserved: 14736 MB, max_mem_allocated: 13561 MB
[2025/11/12 14:34:48] ppocr INFO: epoch: [110/200], global_step: 3950, lr: 0.000133, acc: 0.984375, norm_edit_dis: 0.996961, CTCLoss: 0.164378, NRTRLoss: 1.310593, loss: 1.478534, avg_reader_cost: 0.00294 s, avg_batch_cost: 0.59716 s, avg_samples: 83.0, ips: 138.99064 samples/s, eta: 0:38:52, max_mem_reserved: 14736 MB, max_mem_allocated: 13561 MB
[2025/11/12 14:34:54] ppocr INFO: epoch: [110/200], global_step: 3960, lr: 0.000132, acc: 0.984375, norm_edit_dis: 0.997138, CTCLoss: 0.160226, NRTRLoss: 1.310838, loss: 1.470810, avg_reader_cost: 0.00352 s, avg_batch_cost: 0.60903 s, avg_samples: 89.5, ips: 146.95600 samples/s, eta: 0:38:44, max_mem_reserved: 14736 MB, max_mem_allocated: 13561 MB
[2025/11/12 14:34:56] ppocr INFO: save model in ./output/latest
[2025/11/12 14:34:57] ppocr INFO: save model in ./output/iter_epoch_110
[2025/11/12 14:35:04] ppocr INFO: epoch: [111/200], global_step: 3970, lr: 0.000131, acc: 0.980469, norm_edit_dis: 0.997243, CTCLoss: 0.131359, NRTRLoss: 1.310894, loss: 1.441792, avg_reader_cost: 0.33712 s, avg_batch_cost: 0.99755 s, avg_samples: 98.0, ips: 98.24093 samples/s, eta: 0:38:39, max_mem_reserved: 14736 MB, max_mem_allocated: 13561 MB
[2025/11/12 14:35:10] ppocr INFO: epoch: [111/200], global_step: 3980, lr: 0.000131, acc: 0.972610, norm_edit_dis: 0.996316, CTCLoss: 0.162231, NRTRLoss: 1.311777, loss: 1.476045, avg_reader_cost: 0.00300 s, avg_batch_cost: 0.62908 s, avg_samples: 89.5, ips: 142.27159 samples/s, eta: 0:38:31, max_mem_reserved: 14736 MB, max_mem_allocated: 13561 MB
[2025/11/12 14:35:17] ppocr INFO: epoch: [111/200], global_step: 3990, lr: 0.000130, acc: 0.976516, norm_edit_dis: 0.996811, CTCLoss: 0.199896, NRTRLoss: 1.312474, loss: 1.513971, avg_reader_cost: 0.00291 s, avg_batch_cost: 0.64451 s, avg_samples: 98.0, ips: 152.05258 samples/s, eta: 0:38:23, max_mem_reserved: 14736 MB, max_mem_allocated: 13561 MB
[2025/11/12 14:35:21] ppocr INFO: epoch: [111/200], global_step: 3996, lr: 0.000130, acc: 0.984375, norm_edit_dis: 0.997575, CTCLoss: 0.110195, NRTRLoss: 1.312703, loss: 1.422604, avg_reader_cost: 0.00173 s, avg_batch_cost: 0.36793 s, avg_samples: 46.9, ips: 127.46955 samples/s, eta: 0:38:18, max_mem_reserved: 14736 MB, max_mem_allocated: 13561 MB
[2025/11/12 14:35:22] ppocr INFO: save model in ./output/latest
[2025/11/12 14:35:23] ppocr INFO: save model in ./output/iter_epoch_111
[2025/11/12 14:35:27] ppocr INFO: epoch: [112/200], global_step: 4000, lr: 0.000129, acc: 0.984375, norm_edit_dis: 0.997897, CTCLoss: 0.081830, NRTRLoss: 1.312208, loss: 1.396745, avg_reader_cost: 0.38236 s, avg_batch_cost: 0.63212 s, avg_samples: 31.9, ips: 50.46490 samples/s, eta: 0:38:18, max_mem_reserved: 14736 MB, max_mem_allocated: 13561 MB
[2025/11/12 14:35:28] ppocr INFO: cur metric, acc: 0.5736433663842352, norm_edit_dis: 0.881071916488129, fps: 638.9897573194481
[2025/11/12 14:35:28] ppocr INFO: best metric, acc: 0.5968991785349473, is_float16: False, norm_edit_dis: 0.8817945110842571, fps: 627.0370057898323, best_epoch: 98
[2025/11/12 14:35:34] ppocr INFO: epoch: [112/200], global_step: 4010, lr: 0.000129, acc: 0.984375, norm_edit_dis: 0.997802, CTCLoss: 0.086229, NRTRLoss: 1.313782, loss: 1.400255, avg_reader_cost: 0.00302 s, avg_batch_cost: 0.65826 s, avg_samples: 100.1, ips: 152.06704 samples/s, eta: 0:38:11, max_mem_reserved: 14736 MB, max_mem_allocated: 13561 MB
[2025/11/12 14:35:40] ppocr INFO: epoch: [112/200], global_step: 4020, lr: 0.000128, acc: 0.976516, norm_edit_dis: 0.995750, CTCLoss: 0.196418, NRTRLoss: 1.313408, loss: 1.511081, avg_reader_cost: 0.00284 s, avg_batch_cost: 0.59226 s, avg_samples: 81.0, ips: 136.76313 samples/s, eta: 0:38:02, max_mem_reserved: 14736 MB, max_mem_allocated: 13561 MB
[2025/11/12 14:35:47] ppocr INFO: epoch: [112/200], global_step: 4030, lr: 0.000127, acc: 0.976516, norm_edit_dis: 0.995853, CTCLoss: 0.175875, NRTRLoss: 1.312642, loss: 1.493374, avg_reader_cost: 0.00283 s, avg_batch_cost: 0.65136 s, avg_samples: 100.2, ips: 153.83156 samples/s, eta: 0:37:55, max_mem_reserved: 14736 MB, max_mem_allocated: 13561 MB
[2025/11/12 14:35:48] ppocr INFO: epoch: [112/200], global_step: 4032, lr: 0.000127, acc: 0.984375, norm_edit_dis: 0.996417, CTCLoss: 0.155798, NRTRLoss: 1.313761, loss: 1.470621, avg_reader_cost: 0.00057 s, avg_batch_cost: 0.13731 s, avg_samples: 19.2, ips: 139.83414 samples/s, eta: 0:37:53, max_mem_reserved: 14736 MB, max_mem_allocated: 13561 MB
[2025/11/12 14:35:50] ppocr INFO: save model in ./output/latest
[2025/11/12 14:35:51] ppocr INFO: save model in ./output/iter_epoch_112
[2025/11/12 14:35:57] ppocr INFO: epoch: [113/200], global_step: 4040, lr: 0.000127, acc: 0.984375, norm_edit_dis: 0.996417, CTCLoss: 0.136410, NRTRLoss: 1.311927, loss: 1.457254, avg_reader_cost: 0.40301 s, avg_batch_cost: 0.90579 s, avg_samples: 66.0, ips: 72.86420 samples/s, eta: 0:37:50, max_mem_reserved: 14736 MB, max_mem_allocated: 13561 MB
[2025/11/12 14:36:04] ppocr INFO: epoch: [113/200], global_step: 4050, lr: 0.000126, acc: 0.984375, norm_edit_dis: 0.997802, CTCLoss: 0.177775, NRTRLoss: 1.311398, loss: 1.489809, avg_reader_cost: 0.00293 s, avg_batch_cost: 0.64001 s, avg_samples: 100.2, ips: 156.55889 samples/s, eta: 0:37:42, max_mem_reserved: 14736 MB, max_mem_allocated: 13561 MB
[2025/11/12 14:36:10] ppocr INFO: epoch: [113/200], global_step: 4060, lr: 0.000125, acc: 0.976516, norm_edit_dis: 0.997284, CTCLoss: 0.244467, NRTRLoss: 1.310997, loss: 1.554736, avg_reader_cost: 0.00294 s, avg_batch_cost: 0.66191 s, avg_samples: 98.0, ips: 148.05567 samples/s, eta: 0:37:35, max_mem_reserved: 14736 MB, max_mem_allocated: 13561 MB
[2025/11/12 14:36:15] ppocr INFO: epoch: [113/200], global_step: 4068, lr: 0.000125, acc: 0.980469, norm_edit_dis: 0.998211, CTCLoss: 0.153582, NRTRLoss: 1.310955, loss: 1.464922, avg_reader_cost: 0.00237 s, avg_batch_cost: 0.49633 s, avg_samples: 68.2, ips: 137.40938 samples/s, eta: 0:37:28, max_mem_reserved: 14736 MB, max_mem_allocated: 13561 MB
[2025/11/12 14:36:17] ppocr INFO: save model in ./output/latest
[2025/11/12 14:36:18] ppocr INFO: save model in ./output/iter_epoch_113
[2025/11/12 14:36:20] ppocr INFO: epoch: [114/200], global_step: 4070, lr: 0.000125, acc: 0.984375, norm_edit_dis: 0.998336, CTCLoss: 0.153582, NRTRLoss: 1.310955, loss: 1.464922, avg_reader_cost: 0.35061 s, avg_batch_cost: 0.46908 s, avg_samples: 14.9, ips: 31.76424 samples/s, eta: 0:37:29, max_mem_reserved: 14736 MB, max_mem_allocated: 13561 MB
[2025/11/12 14:36:26] ppocr INFO: epoch: [114/200], global_step: 4080, lr: 0.000124, acc: 0.984375, norm_edit_dis: 0.998628, CTCLoss: 0.103629, NRTRLoss: 1.312433, loss: 1.425415, avg_reader_cost: 0.00274 s, avg_batch_cost: 0.62627 s, avg_samples: 95.9, ips: 153.12853 samples/s, eta: 0:37:22, max_mem_reserved: 14736 MB, max_mem_allocated: 13561 MB
[2025/11/12 14:36:32] ppocr INFO: epoch: [114/200], global_step: 4090, lr: 0.000123, acc: 0.980423, norm_edit_dis: 0.996840, CTCLoss: 0.100488, NRTRLoss: 1.315837, loss: 1.414424, avg_reader_cost: 0.00274 s, avg_batch_cost: 0.59871 s, avg_samples: 76.7, ips: 128.10773 samples/s, eta: 0:37:13, max_mem_reserved: 14736 MB, max_mem_allocated: 13561 MB
[2025/11/12 14:36:39] ppocr INFO: epoch: [114/200], global_step: 4100, lr: 0.000123, acc: 0.976516, norm_edit_dis: 0.996922, CTCLoss: 0.144314, NRTRLoss: 1.316800, loss: 1.462051, avg_reader_cost: 0.00273 s, avg_batch_cost: 0.65418 s, avg_samples: 98.0, ips: 149.80504 samples/s, eta: 0:37:06, max_mem_reserved: 14736 MB, max_mem_allocated: 13561 MB
[2025/11/12 14:36:40] ppocr INFO: cur metric, acc: 0.5968991785349473, norm_edit_dis: 0.8752267823170358, fps: 749.2058350699613
[2025/11/12 14:36:42] ppocr INFO: save best model is to ./output/best_accuracy
[2025/11/12 14:36:42] ppocr INFO: best metric, acc: 0.5968991785349473, is_float16: False, norm_edit_dis: 0.8752267823170358, fps: 749.2058350699613, best_epoch: 114
[2025/11/12 14:36:46] ppocr INFO: epoch: [114/200], global_step: 4104, lr: 0.000123, acc: 0.976562, norm_edit_dis: 0.996757, CTCLoss: 0.172544, NRTRLoss: 1.316080, loss: 1.490089, avg_reader_cost: 0.00175 s, avg_batch_cost: 0.31787 s, avg_samples: 46.9, ips: 147.54471 samples/s, eta: 0:37:03, max_mem_reserved: 14736 MB, max_mem_allocated: 13561 MB
[2025/11/12 14:36:47] ppocr INFO: save model in ./output/latest
[2025/11/12 14:36:48] ppocr INFO: save model in ./output/iter_epoch_114
[2025/11/12 14:36:52] ppocr INFO: epoch: [115/200], global_step: 4110, lr: 0.000122, acc: 0.976470, norm_edit_dis: 0.996757, CTCLoss: 0.203123, NRTRLoss: 1.314223, loss: 1.521945, avg_reader_cost: 0.29802 s, avg_batch_cost: 0.68754 s, avg_samples: 55.4, ips: 80.57698 samples/s, eta: 0:37:01, max_mem_reserved: 14736 MB, max_mem_allocated: 13561 MB
[2025/11/12 14:36:59] ppocr INFO: epoch: [115/200], global_step: 4120, lr: 0.000122, acc: 0.984375, norm_edit_dis: 0.997614, CTCLoss: 0.142087, NRTRLoss: 1.312607, loss: 1.454032, avg_reader_cost: 0.00284 s, avg_batch_cost: 0.62233 s, avg_samples: 89.5, ips: 143.81384 samples/s, eta: 0:36:53, max_mem_reserved: 14736 MB, max_mem_allocated: 13561 MB
[2025/11/12 14:37:05] ppocr INFO: epoch: [115/200], global_step: 4130, lr: 0.000121, acc: 0.984375, norm_edit_dis: 0.998047, CTCLoss: 0.107250, NRTRLoss: 1.311431, loss: 1.418118, avg_reader_cost: 0.00289 s, avg_batch_cost: 0.66922 s, avg_samples: 100.2, ips: 149.72572 samples/s, eta: 0:36:45, max_mem_reserved: 14736 MB, max_mem_allocated: 13561 MB
[2025/11/12 14:37:12] ppocr INFO: epoch: [115/200], global_step: 4140, lr: 0.000120, acc: 0.968750, norm_edit_dis: 0.994805, CTCLoss: 0.196998, NRTRLoss: 1.312094, loss: 1.507809, avg_reader_cost: 0.00290 s, avg_batch_cost: 0.61734 s, avg_samples: 87.3, ips: 141.41345 samples/s, eta: 0:36:37, max_mem_reserved: 14736 MB, max_mem_allocated: 13561 MB
[2025/11/12 14:37:13] ppocr INFO: save model in ./output/latest
[2025/11/12 14:37:14] ppocr INFO: save model in ./output/iter_epoch_115
[2025/11/12 14:37:21] ppocr INFO: epoch: [116/200], global_step: 4150, lr: 0.000120, acc: 0.976470, norm_edit_dis: 0.997599, CTCLoss: 0.141362, NRTRLoss: 1.312752, loss: 1.457768, avg_reader_cost: 0.32803 s, avg_batch_cost: 0.94073 s, avg_samples: 85.3, ips: 90.67388 samples/s, eta: 0:36:32, max_mem_reserved: 14736 MB, max_mem_allocated: 13561 MB
[2025/11/12 14:37:27] ppocr INFO: epoch: [116/200], global_step: 4160, lr: 0.000119, acc: 0.984375, norm_edit_dis: 0.998270, CTCLoss: 0.110544, NRTRLoss: 1.312024, loss: 1.423647, avg_reader_cost: 0.00290 s, avg_batch_cost: 0.63160 s, avg_samples: 95.8, ips: 151.67712 samples/s, eta: 0:36:24, max_mem_reserved: 14736 MB, max_mem_allocated: 13561 MB
[2025/11/12 14:37:34] ppocr INFO: epoch: [116/200], global_step: 4170, lr: 0.000118, acc: 0.976562, norm_edit_dis: 0.997728, CTCLoss: 0.125498, NRTRLoss: 1.311195, loss: 1.435680, avg_reader_cost: 0.00286 s, avg_batch_cost: 0.65359 s, avg_samples: 98.1, ips: 150.09520 samples/s, eta: 0:36:16, max_mem_reserved: 14736 MB, max_mem_allocated: 13561 MB
[2025/11/12 14:37:38] ppocr INFO: epoch: [116/200], global_step: 4176, lr: 0.000118, acc: 0.976562, norm_edit_dis: 0.997834, CTCLoss: 0.142331, NRTRLoss: 1.310760, loss: 1.455654, avg_reader_cost: 0.00169 s, avg_batch_cost: 0.37403 s, avg_samples: 53.2, ips: 142.23470 samples/s, eta: 0:36:12, max_mem_reserved: 14736 MB, max_mem_allocated: 13561 MB
[2025/11/12 14:37:39] ppocr INFO: save model in ./output/latest
[2025/11/12 14:37:40] ppocr INFO: save model in ./output/iter_epoch_116
[2025/11/12 14:37:43] ppocr INFO: epoch: [117/200], global_step: 4180, lr: 0.000118, acc: 0.972610, norm_edit_dis: 0.996735, CTCLoss: 0.175903, NRTRLoss: 1.311283, loss: 1.490173, avg_reader_cost: 0.32542 s, avg_batch_cost: 0.58508 s, avg_samples: 40.5, ips: 69.22169 samples/s, eta: 0:36:11, max_mem_reserved: 14736 MB, max_mem_allocated: 13561 MB
[2025/11/12 14:37:50] ppocr INFO: epoch: [117/200], global_step: 4190, lr: 0.000117, acc: 0.976516, norm_edit_dis: 0.997173, CTCLoss: 0.171469, NRTRLoss: 1.310913, loss: 1.482134, avg_reader_cost: 0.00290 s, avg_batch_cost: 0.63902 s, avg_samples: 95.9, ips: 150.07369 samples/s, eta: 0:36:03, max_mem_reserved: 14736 MB, max_mem_allocated: 13561 MB
[2025/11/12 14:37:56] ppocr INFO: epoch: [117/200], global_step: 4200, lr: 0.000116, acc: 0.972610, norm_edit_dis: 0.995402, CTCLoss: 0.157792, NRTRLoss: 1.310882, loss: 1.470270, avg_reader_cost: 0.00287 s, avg_batch_cost: 0.63177 s, avg_samples: 91.6, ips: 144.98907 samples/s, eta: 0:35:55, max_mem_reserved: 14736 MB, max_mem_allocated: 13561 MB
[2025/11/12 14:37:57] ppocr INFO: cur metric, acc: 0.5503875542335229, norm_edit_dis: 0.8761591648289874, fps: 659.3547827316177
[2025/11/12 14:37:57] ppocr INFO: best metric, acc: 0.5968991785349473, is_float16: False, norm_edit_dis: 0.8752267823170358, fps: 749.2058350699613, best_epoch: 114
[2025/11/12 14:38:04] ppocr INFO: epoch: [117/200], global_step: 4210, lr: 0.000116, acc: 0.976516, norm_edit_dis: 0.995520, CTCLoss: 0.140846, NRTRLoss: 1.310765, loss: 1.454488, avg_reader_cost: 0.00307 s, avg_batch_cost: 0.63854 s, avg_samples: 89.5, ips: 140.16345 samples/s, eta: 0:35:48, max_mem_reserved: 14736 MB, max_mem_allocated: 13561 MB
[2025/11/12 14:38:05] ppocr INFO: epoch: [117/200], global_step: 4212, lr: 0.000116, acc: 0.976516, norm_edit_dis: 0.995508, CTCLoss: 0.140846, NRTRLoss: 1.310740, loss: 1.454488, avg_reader_cost: 0.00055 s, avg_batch_cost: 0.10165 s, avg_samples: 14.9, ips: 146.58639 samples/s, eta: 0:35:46, max_mem_reserved: 14736 MB, max_mem_allocated: 13561 MB
[2025/11/12 14:38:06] ppocr INFO: save model in ./output/latest
[2025/11/12 14:38:07] ppocr INFO: save model in ./output/iter_epoch_117
[2025/11/12 14:38:13] ppocr INFO: epoch: [118/200], global_step: 4220, lr: 0.000115, acc: 0.976562, norm_edit_dis: 0.997476, CTCLoss: 0.132562, NRTRLoss: 1.311375, loss: 1.444960, avg_reader_cost: 0.38489 s, avg_batch_cost: 0.88426 s, avg_samples: 81.0, ips: 91.60170 samples/s, eta: 0:35:42, max_mem_reserved: 14736 MB, max_mem_allocated: 13561 MB
[2025/11/12 14:38:20] ppocr INFO: epoch: [118/200], global_step: 4230, lr: 0.000115, acc: 0.976470, norm_edit_dis: 0.997167, CTCLoss: 0.144914, NRTRLoss: 1.312389, loss: 1.458930, avg_reader_cost: 0.00287 s, avg_batch_cost: 0.63089 s, avg_samples: 91.6, ips: 145.19211 samples/s, eta: 0:35:34, max_mem_reserved: 14736 MB, max_mem_allocated: 13561 MB
[2025/11/12 14:38:26] ppocr INFO: epoch: [118/200], global_step: 4240, lr: 0.000114, acc: 0.972610, norm_edit_dis: 0.996461, CTCLoss: 0.168473, NRTRLoss: 1.312740, loss: 1.485320, avg_reader_cost: 0.00283 s, avg_batch_cost: 0.64591 s, avg_samples: 89.5, ips: 138.56354 samples/s, eta: 0:35:27, max_mem_reserved: 14736 MB, max_mem_allocated: 13561 MB
[2025/11/12 14:38:31] ppocr INFO: epoch: [118/200], global_step: 4248, lr: 0.000113, acc: 0.972610, norm_edit_dis: 0.995804, CTCLoss: 0.154496, NRTRLoss: 1.311914, loss: 1.466820, avg_reader_cost: 0.00233 s, avg_batch_cost: 0.50538 s, avg_samples: 70.3, ips: 139.10357 samples/s, eta: 0:35:20, max_mem_reserved: 14736 MB, max_mem_allocated: 13561 MB
[2025/11/12 14:38:33] ppocr INFO: save model in ./output/latest
[2025/11/12 14:38:34] ppocr INFO: save model in ./output/iter_epoch_118
[2025/11/12 14:38:36] ppocr INFO: epoch: [119/200], global_step: 4250, lr: 0.000113, acc: 0.976516, norm_edit_dis: 0.996656, CTCLoss: 0.139534, NRTRLoss: 1.311270, loss: 1.453652, avg_reader_cost: 0.31152 s, avg_batch_cost: 0.46549 s, avg_samples: 19.2, ips: 41.24695 samples/s, eta: 0:35:21, max_mem_reserved: 14736 MB, max_mem_allocated: 13561 MB
[2025/11/12 14:38:42] ppocr INFO: epoch: [119/200], global_step: 4260, lr: 0.000113, acc: 0.984375, norm_edit_dis: 0.998279, CTCLoss: 0.127540, NRTRLoss: 1.313576, loss: 1.438684, avg_reader_cost: 0.00324 s, avg_batch_cost: 0.64873 s, avg_samples: 106.6, ips: 164.32216 samples/s, eta: 0:35:14, max_mem_reserved: 14736 MB, max_mem_allocated: 13561 MB
[2025/11/12 14:38:48] ppocr INFO: epoch: [119/200], global_step: 4270, lr: 0.000112, acc: 0.988235, norm_edit_dis: 0.998708, CTCLoss: 0.125544, NRTRLoss: 1.313588, loss: 1.437458, avg_reader_cost: 0.00281 s, avg_batch_cost: 0.57077 s, avg_samples: 78.8, ips: 138.05818 samples/s, eta: 0:35:05, max_mem_reserved: 14736 MB, max_mem_allocated: 13561 MB
[2025/11/12 14:38:55] ppocr INFO: epoch: [119/200], global_step: 4280, lr: 0.000111, acc: 0.980469, norm_edit_dis: 0.997186, CTCLoss: 0.144750, NRTRLoss: 1.312198, loss: 1.458413, avg_reader_cost: 0.00288 s, avg_batch_cost: 0.65620 s, avg_samples: 95.9, ips: 146.14497 samples/s, eta: 0:34:58, max_mem_reserved: 14736 MB, max_mem_allocated: 13561 MB
[2025/11/12 14:38:57] ppocr INFO: epoch: [119/200], global_step: 4284, lr: 0.000111, acc: 0.976470, norm_edit_dis: 0.996741, CTCLoss: 0.147269, NRTRLoss: 1.312198, loss: 1.465350, avg_reader_cost: 0.00114 s, avg_batch_cost: 0.23882 s, avg_samples: 31.9, ips: 133.57456 samples/s, eta: 0:34:55, max_mem_reserved: 14736 MB, max_mem_allocated: 13561 MB
[2025/11/12 14:38:59] ppocr INFO: save model in ./output/latest
[2025/11/12 14:38:59] ppocr INFO: save model in ./output/iter_epoch_119
[2025/11/12 14:39:04] ppocr INFO: epoch: [120/200], global_step: 4290, lr: 0.000111, acc: 0.972610, norm_edit_dis: 0.996741, CTCLoss: 0.203940, NRTRLoss: 1.311666, loss: 1.517303, avg_reader_cost: 0.32560 s, avg_batch_cost: 0.72118 s, avg_samples: 57.6, ips: 79.86877 samples/s, eta: 0:34:52, max_mem_reserved: 14736 MB, max_mem_allocated: 13561 MB
[2025/11/12 14:39:11] ppocr INFO: epoch: [120/200], global_step: 4300, lr: 0.000110, acc: 0.976562, norm_edit_dis: 0.996557, CTCLoss: 0.139225, NRTRLoss: 1.311885, loss: 1.451540, avg_reader_cost: 0.00285 s, avg_batch_cost: 0.63212 s, avg_samples: 100.1, ips: 158.35547 samples/s, eta: 0:34:44, max_mem_reserved: 14736 MB, max_mem_allocated: 13561 MB
[2025/11/12 14:39:12] ppocr INFO: cur metric, acc: 0.5658914290006644, norm_edit_dis: 0.8763136722389594, fps: 696.0416802813676
[2025/11/12 14:39:12] ppocr INFO: best metric, acc: 0.5968991785349473, is_float16: False, norm_edit_dis: 0.8752267823170358, fps: 749.2058350699613, best_epoch: 114
[2025/11/12 14:39:18] ppocr INFO: epoch: [120/200], global_step: 4310, lr: 0.000109, acc: 0.976562, norm_edit_dis: 0.996967, CTCLoss: 0.139110, NRTRLoss: 1.311744, loss: 1.450193, avg_reader_cost: 0.00295 s, avg_batch_cost: 0.61984 s, avg_samples: 93.7, ips: 151.16731 samples/s, eta: 0:34:37, max_mem_reserved: 14736 MB, max_mem_allocated: 13561 MB
[2025/11/12 14:39:24] ppocr INFO: epoch: [120/200], global_step: 4320, lr: 0.000109, acc: 0.980423, norm_edit_dis: 0.997960, CTCLoss: 0.139610, NRTRLoss: 1.310710, loss: 1.451297, avg_reader_cost: 0.00283 s, avg_batch_cost: 0.59822 s, avg_samples: 81.0, ips: 135.40116 samples/s, eta: 0:34:29, max_mem_reserved: 14736 MB, max_mem_allocated: 13561 MB
[2025/11/12 14:39:25] ppocr INFO: save model in ./output/latest
[2025/11/12 14:39:26] ppocr INFO: save model in ./output/iter_epoch_120
[2025/11/12 14:39:34] ppocr INFO: epoch: [121/200], global_step: 4330, lr: 0.000108, acc: 0.968750, norm_edit_dis: 0.996671, CTCLoss: 0.215603, NRTRLoss: 1.310965, loss: 1.526501, avg_reader_cost: 0.34968 s, avg_batch_cost: 0.99302 s, avg_samples: 98.0, ips: 98.68910 samples/s, eta: 0:34:23, max_mem_reserved: 14736 MB, max_mem_allocated: 13561 MB
[2025/11/12 14:39:39] ppocr INFO: epoch: [121/200], global_step: 4340, lr: 0.000108, acc: 0.972610, norm_edit_dis: 0.996671, CTCLoss: 0.216940, NRTRLoss: 1.311100, loss: 1.528278, avg_reader_cost: 0.00297 s, avg_batch_cost: 0.57402 s, avg_samples: 80.9, ips: 140.93662 samples/s, eta: 0:34:15, max_mem_reserved: 14736 MB, max_mem_allocated: 13561 MB
[2025/11/12 14:39:46] ppocr INFO: epoch: [121/200], global_step: 4350, lr: 0.000107, acc: 0.980469, norm_edit_dis: 0.997016, CTCLoss: 0.134245, NRTRLoss: 1.310306, loss: 1.444866, avg_reader_cost: 0.00294 s, avg_batch_cost: 0.64536 s, avg_samples: 93.8, ips: 145.34412 samples/s, eta: 0:34:07, max_mem_reserved: 14736 MB, max_mem_allocated: 13561 MB
[2025/11/12 14:39:50] ppocr INFO: epoch: [121/200], global_step: 4356, lr: 0.000107, acc: 0.976562, norm_edit_dis: 0.997111, CTCLoss: 0.129411, NRTRLoss: 1.310417, loss: 1.442366, avg_reader_cost: 0.00176 s, avg_batch_cost: 0.38385 s, avg_samples: 59.7, ips: 155.53005 samples/s, eta: 0:34:03, max_mem_reserved: 14736 MB, max_mem_allocated: 13561 MB
[2025/11/12 14:39:51] ppocr INFO: save model in ./output/latest
[2025/11/12 14:39:52] ppocr INFO: save model in ./output/iter_epoch_121
[2025/11/12 14:39:56] ppocr INFO: epoch: [122/200], global_step: 4360, lr: 0.000106, acc: 0.976562, norm_edit_dis: 0.996754, CTCLoss: 0.126386, NRTRLoss: 1.310396, loss: 1.441636, avg_reader_cost: 0.33449 s, avg_batch_cost: 0.58955 s, avg_samples: 31.9, ips: 54.10941 samples/s, eta: 0:34:02, max_mem_reserved: 14736 MB, max_mem_allocated: 13561 MB
[2025/11/12 14:40:02] ppocr INFO: epoch: [122/200], global_step: 4370, lr: 0.000106, acc: 0.976562, norm_edit_dis: 0.997366, CTCLoss: 0.120672, NRTRLoss: 1.310244, loss: 1.433665, avg_reader_cost: 0.00287 s, avg_batch_cost: 0.63639 s, avg_samples: 98.0, ips: 153.99436 samples/s, eta: 0:33:54, max_mem_reserved: 14736 MB, max_mem_allocated: 13561 MB
[2025/11/12 14:40:08] ppocr INFO: epoch: [122/200], global_step: 4380, lr: 0.000105, acc: 0.980469, norm_edit_dis: 0.997319, CTCLoss: 0.108054, NRTRLoss: 1.311068, loss: 1.418742, avg_reader_cost: 0.00284 s, avg_batch_cost: 0.63979 s, avg_samples: 93.8, ips: 146.61116 samples/s, eta: 0:33:46, max_mem_reserved: 14736 MB, max_mem_allocated: 13561 MB
[2025/11/12 14:40:15] ppocr INFO: epoch: [122/200], global_step: 4390, lr: 0.000104, acc: 0.984375, norm_edit_dis: 0.997920, CTCLoss: 0.097627, NRTRLoss: 1.310865, loss: 1.409396, avg_reader_cost: 0.00333 s, avg_batch_cost: 0.65230 s, avg_samples: 89.5, ips: 137.20693 samples/s, eta: 0:33:39, max_mem_reserved: 14736 MB, max_mem_allocated: 13561 MB
[2025/11/12 14:40:16] ppocr INFO: epoch: [122/200], global_step: 4392, lr: 0.000104, acc: 0.984375, norm_edit_dis: 0.997920, CTCLoss: 0.141352, NRTRLoss: 1.310316, loss: 1.451122, avg_reader_cost: 0.00055 s, avg_batch_cost: 0.12691 s, avg_samples: 19.2, ips: 151.28625 samples/s, eta: 0:33:37, max_mem_reserved: 14736 MB, max_mem_allocated: 13561 MB
[2025/11/12 14:40:18] ppocr INFO: save model in ./output/latest
[2025/11/12 14:40:19] ppocr INFO: save model in ./output/iter_epoch_122
[2025/11/12 14:40:24] ppocr INFO: epoch: [123/200], global_step: 4400, lr: 0.000104, acc: 0.984375, norm_edit_dis: 0.998397, CTCLoss: 0.087429, NRTRLoss: 1.310035, loss: 1.397345, avg_reader_cost: 0.29861 s, avg_batch_cost: 0.80943 s, avg_samples: 72.4, ips: 89.44533 samples/s, eta: 0:33:33, max_mem_reserved: 14736 MB, max_mem_allocated: 13561 MB
[2025/11/12 14:40:25] ppocr INFO: cur metric, acc: 0.5736433663842352, norm_edit_dis: 0.8667090195177035, fps: 535.3090379152968
[2025/11/12 14:40:25] ppocr INFO: best metric, acc: 0.5968991785349473, is_float16: False, norm_edit_dis: 0.8752267823170358, fps: 749.2058350699613, best_epoch: 114
[2025/11/12 14:40:32] ppocr INFO: epoch: [123/200], global_step: 4410, lr: 0.000103, acc: 0.984375, norm_edit_dis: 0.998677, CTCLoss: 0.117015, NRTRLoss: 1.309935, loss: 1.430881, avg_reader_cost: 0.00306 s, avg_batch_cost: 0.63150 s, avg_samples: 91.7, ips: 145.20964 samples/s, eta: 0:33:25, max_mem_reserved: 14736 MB, max_mem_allocated: 13561 MB
[2025/11/12 14:40:38] ppocr INFO: epoch: [123/200], global_step: 4420, lr: 0.000103, acc: 0.988281, norm_edit_dis: 0.998706, CTCLoss: 0.104752, NRTRLoss: 1.310259, loss: 1.415583, avg_reader_cost: 0.00292 s, avg_batch_cost: 0.63941 s, avg_samples: 89.5, ips: 139.97328 samples/s, eta: 0:33:18, max_mem_reserved: 14736 MB, max_mem_allocated: 13561 MB
[2025/11/12 14:40:43] ppocr INFO: epoch: [123/200], global_step: 4428, lr: 0.000102, acc: 0.984375, norm_edit_dis: 0.998078, CTCLoss: 0.104752, NRTRLoss: 1.310359, loss: 1.415583, avg_reader_cost: 0.00232 s, avg_batch_cost: 0.49719 s, avg_samples: 78.8, ips: 158.49165 samples/s, eta: 0:33:11, max_mem_reserved: 14736 MB, max_mem_allocated: 13561 MB
[2025/11/12 14:40:45] ppocr INFO: save model in ./output/latest
[2025/11/12 14:40:46] ppocr INFO: save model in ./output/iter_epoch_123
[2025/11/12 14:40:48] ppocr INFO: epoch: [124/200], global_step: 4430, lr: 0.000102, acc: 0.984375, norm_edit_dis: 0.998242, CTCLoss: 0.104752, NRTRLoss: 1.310359, loss: 1.415583, avg_reader_cost: 0.34905 s, avg_batch_cost: 0.47401 s, avg_samples: 19.2, ips: 40.50553 samples/s, eta: 0:33:12, max_mem_reserved: 14736 MB, max_mem_allocated: 13561 MB
[2025/11/12 14:40:54] ppocr INFO: epoch: [124/200], global_step: 4440, lr: 0.000101, acc: 0.980469, norm_edit_dis: 0.997136, CTCLoss: 0.156029, NRTRLoss: 1.311039, loss: 1.466857, avg_reader_cost: 0.00330 s, avg_batch_cost: 0.62432 s, avg_samples: 93.8, ips: 150.24377 samples/s, eta: 0:33:04, max_mem_reserved: 14736 MB, max_mem_allocated: 13561 MB
[2025/11/12 14:41:00] ppocr INFO: epoch: [124/200], global_step: 4450, lr: 0.000101, acc: 0.984375, norm_edit_dis: 0.996898, CTCLoss: 0.155350, NRTRLoss: 1.311276, loss: 1.468037, avg_reader_cost: 0.00280 s, avg_batch_cost: 0.63172 s, avg_samples: 85.2, ips: 134.86918 samples/s, eta: 0:32:57, max_mem_reserved: 14736 MB, max_mem_allocated: 13561 MB
[2025/11/12 14:41:07] ppocr INFO: epoch: [124/200], global_step: 4460, lr: 0.000100, acc: 0.980469, norm_edit_dis: 0.996950, CTCLoss: 0.141779, NRTRLoss: 1.311310, loss: 1.453381, avg_reader_cost: 0.00320 s, avg_batch_cost: 0.64215 s, avg_samples: 98.0, ips: 152.61191 samples/s, eta: 0:32:49, max_mem_reserved: 14736 MB, max_mem_allocated: 13561 MB
[2025/11/12 14:41:09] ppocr INFO: epoch: [124/200], global_step: 4464, lr: 0.000100, acc: 0.986305, norm_edit_dis: 0.998602, CTCLoss: 0.109939, NRTRLoss: 1.310672, loss: 1.421837, avg_reader_cost: 0.00113 s, avg_batch_cost: 0.25475 s, avg_samples: 36.2, ips: 142.09948 samples/s, eta: 0:32:46, max_mem_reserved: 14736 MB, max_mem_allocated: 13561 MB
[2025/11/12 14:41:11] ppocr INFO: save model in ./output/latest
[2025/11/12 14:41:12] ppocr INFO: save model in ./output/iter_epoch_124
[2025/11/12 14:41:16] ppocr INFO: epoch: [125/200], global_step: 4470, lr: 0.000099, acc: 0.980469, norm_edit_dis: 0.997899, CTCLoss: 0.128237, NRTRLoss: 1.310930, loss: 1.437776, avg_reader_cost: 0.31596 s, avg_batch_cost: 0.71239 s, avg_samples: 55.4, ips: 77.76650 samples/s, eta: 0:32:43, max_mem_reserved: 14736 MB, max_mem_allocated: 13561 MB
[2025/11/12 14:41:23] ppocr INFO: epoch: [125/200], global_step: 4480, lr: 0.000099, acc: 0.980469, norm_edit_dis: 0.997714, CTCLoss: 0.133713, NRTRLoss: 1.310673, loss: 1.443863, avg_reader_cost: 0.00293 s, avg_batch_cost: 0.64745 s, avg_samples: 95.9, ips: 148.11999 samples/s, eta: 0:32:36, max_mem_reserved: 14736 MB, max_mem_allocated: 13561 MB
[2025/11/12 14:41:29] ppocr INFO: epoch: [125/200], global_step: 4490, lr: 0.000098, acc: 0.984375, norm_edit_dis: 0.998155, CTCLoss: 0.115235, NRTRLoss: 1.309943, loss: 1.425837, avg_reader_cost: 0.00290 s, avg_batch_cost: 0.63332 s, avg_samples: 87.4, ips: 138.00330 samples/s, eta: 0:32:28, max_mem_reserved: 14736 MB, max_mem_allocated: 13561 MB
[2025/11/12 14:41:36] ppocr INFO: epoch: [125/200], global_step: 4500, lr: 0.000098, acc: 0.988235, norm_edit_dis: 0.998292, CTCLoss: 0.082761, NRTRLoss: 1.309452, loss: 1.392720, avg_reader_cost: 0.00298 s, avg_batch_cost: 0.64689 s, avg_samples: 93.7, ips: 144.84650 samples/s, eta: 0:32:20, max_mem_reserved: 14736 MB, max_mem_allocated: 13561 MB
[2025/11/12 14:41:37] ppocr INFO: cur metric, acc: 0.5581394916170936, norm_edit_dis: 0.8799260479550272, fps: 596.3905810304519
[2025/11/12 14:41:37] ppocr INFO: best metric, acc: 0.5968991785349473, is_float16: False, norm_edit_dis: 0.8752267823170358, fps: 749.2058350699613, best_epoch: 114
[2025/11/12 14:41:38] ppocr INFO: save model in ./output/latest
[2025/11/12 14:41:39] ppocr INFO: save model in ./output/iter_epoch_125
[2025/11/12 14:41:46] ppocr INFO: epoch: [126/200], global_step: 4510, lr: 0.000097, acc: 0.988235, norm_edit_dis: 0.998319, CTCLoss: 0.106869, NRTRLoss: 1.309814, loss: 1.416701, avg_reader_cost: 0.30915 s, avg_batch_cost: 0.96583 s, avg_samples: 93.8, ips: 97.11866 samples/s, eta: 0:32:15, max_mem_reserved: 14736 MB, max_mem_allocated: 13561 MB
[2025/11/12 14:41:53] ppocr INFO: epoch: [126/200], global_step: 4520, lr: 0.000096, acc: 0.988235, norm_edit_dis: 0.998423, CTCLoss: 0.103522, NRTRLoss: 1.309830, loss: 1.413179, avg_reader_cost: 0.00276 s, avg_batch_cost: 0.64005 s, avg_samples: 98.0, ips: 153.11394 samples/s, eta: 0:32:07, max_mem_reserved: 14736 MB, max_mem_allocated: 13561 MB
[2025/11/12 14:41:59] ppocr INFO: epoch: [126/200], global_step: 4530, lr: 0.000096, acc: 0.980469, norm_edit_dis: 0.998097, CTCLoss: 0.125151, NRTRLoss: 1.310235, loss: 1.439667, avg_reader_cost: 0.00271 s, avg_batch_cost: 0.65422 s, avg_samples: 98.0, ips: 149.79556 samples/s, eta: 0:31:59, max_mem_reserved: 14736 MB, max_mem_allocated: 13561 MB
[2025/11/12 14:42:03] ppocr INFO: epoch: [126/200], global_step: 4536, lr: 0.000095, acc: 0.980469, norm_edit_dis: 0.998279, CTCLoss: 0.107637, NRTRLoss: 1.310208, loss: 1.421434, avg_reader_cost: 0.00164 s, avg_batch_cost: 0.34937 s, avg_samples: 42.6, ips: 121.93392 samples/s, eta: 0:31:54, max_mem_reserved: 14736 MB, max_mem_allocated: 13561 MB
[2025/11/12 14:42:04] ppocr INFO: save model in ./output/latest
[2025/11/12 14:42:05] ppocr INFO: save model in ./output/iter_epoch_126
[2025/11/12 14:42:09] ppocr INFO: epoch: [127/200], global_step: 4540, lr: 0.000095, acc: 0.984375, norm_edit_dis: 0.998523, CTCLoss: 0.105306, NRTRLoss: 1.310208, loss: 1.416475, avg_reader_cost: 0.37984 s, avg_batch_cost: 0.65428 s, avg_samples: 36.2, ips: 55.32763 samples/s, eta: 0:31:54, max_mem_reserved: 14736 MB, max_mem_allocated: 13561 MB
[2025/11/12 14:42:16] ppocr INFO: epoch: [127/200], global_step: 4550, lr: 0.000095, acc: 0.988235, norm_edit_dis: 0.999455, CTCLoss: 0.077643, NRTRLoss: 1.309847, loss: 1.387978, avg_reader_cost: 0.00280 s, avg_batch_cost: 0.65324 s, avg_samples: 91.7, ips: 140.37793 samples/s, eta: 0:31:46, max_mem_reserved: 14736 MB, max_mem_allocated: 13561 MB
[2025/11/12 14:42:22] ppocr INFO: epoch: [127/200], global_step: 4560, lr: 0.000094, acc: 0.992187, norm_edit_dis: 0.999676, CTCLoss: 0.068648, NRTRLoss: 1.309528, loss: 1.378970, avg_reader_cost: 0.00281 s, avg_batch_cost: 0.63946 s, avg_samples: 91.6, ips: 143.24676 samples/s, eta: 0:31:39, max_mem_reserved: 14736 MB, max_mem_allocated: 13561 MB
[2025/11/12 14:42:29] ppocr INFO: epoch: [127/200], global_step: 4570, lr: 0.000093, acc: 0.988235, norm_edit_dis: 0.998124, CTCLoss: 0.092468, NRTRLoss: 1.309306, loss: 1.402080, avg_reader_cost: 0.00281 s, avg_batch_cost: 0.64261 s, avg_samples: 98.0, ips: 152.50353 samples/s, eta: 0:31:31, max_mem_reserved: 14736 MB, max_mem_allocated: 13561 MB
[2025/11/12 14:42:30] ppocr INFO: epoch: [127/200], global_step: 4572, lr: 0.000093, acc: 0.988235, norm_edit_dis: 0.998752, CTCLoss: 0.092468, NRTRLoss: 1.309306, loss: 1.402080, avg_reader_cost: 0.00057 s, avg_batch_cost: 0.12212 s, avg_samples: 14.9, ips: 122.01281 samples/s, eta: 0:31:29, max_mem_reserved: 14736 MB, max_mem_allocated: 13561 MB
[2025/11/12 14:42:31] ppocr INFO: save model in ./output/latest
[2025/11/12 14:42:32] ppocr INFO: save model in ./output/iter_epoch_127
[2025/11/12 14:42:39] ppocr INFO: epoch: [128/200], global_step: 4580, lr: 0.000093, acc: 0.984375, norm_edit_dis: 0.997808, CTCLoss: 0.114635, NRTRLoss: 1.309512, loss: 1.426620, avg_reader_cost: 0.35269 s, avg_batch_cost: 0.95382 s, avg_samples: 87.4, ips: 91.63167 samples/s, eta: 0:31:26, max_mem_reserved: 14736 MB, max_mem_allocated: 13561 MB
[2025/11/12 14:42:45] ppocr INFO: epoch: [128/200], global_step: 4590, lr: 0.000092, acc: 0.984375, norm_edit_dis: 0.998404, CTCLoss: 0.107767, NRTRLoss: 1.309498, loss: 1.420076, avg_reader_cost: 0.00285 s, avg_batch_cost: 0.58585 s, avg_samples: 85.2, ips: 145.43027 samples/s, eta: 0:31:18, max_mem_reserved: 14736 MB, max_mem_allocated: 13561 MB
[2025/11/12 14:42:52] ppocr INFO: epoch: [128/200], global_step: 4600, lr: 0.000092, acc: 0.986305, norm_edit_dis: 0.998532, CTCLoss: 0.103047, NRTRLoss: 1.309263, loss: 1.413479, avg_reader_cost: 0.00283 s, avg_batch_cost: 0.64649 s, avg_samples: 98.0, ips: 151.58726 samples/s, eta: 0:31:10, max_mem_reserved: 14736 MB, max_mem_allocated: 13561 MB
[2025/11/12 14:42:53] ppocr INFO: cur metric, acc: 0.5736433663842352, norm_edit_dis: 0.8777872954006739, fps: 583.9833180069681
[2025/11/12 14:42:53] ppocr INFO: best metric, acc: 0.5968991785349473, is_float16: False, norm_edit_dis: 0.8752267823170358, fps: 749.2058350699613, best_epoch: 114
[2025/11/12 14:42:57] ppocr INFO: epoch: [128/200], global_step: 4608, lr: 0.000091, acc: 0.984375, norm_edit_dis: 0.998426, CTCLoss: 0.105144, NRTRLoss: 1.309307, loss: 1.415347, avg_reader_cost: 0.00236 s, avg_batch_cost: 0.45818 s, avg_samples: 61.8, ips: 134.88182 samples/s, eta: 0:31:04, max_mem_reserved: 14736 MB, max_mem_allocated: 13561 MB
[2025/11/12 14:42:59] ppocr INFO: save model in ./output/latest
[2025/11/12 14:43:00] ppocr INFO: save model in ./output/iter_epoch_128
[2025/11/12 14:43:02] ppocr INFO: epoch: [129/200], global_step: 4610, lr: 0.000091, acc: 0.984375, norm_edit_dis: 0.998532, CTCLoss: 0.105144, NRTRLoss: 1.309288, loss: 1.415347, avg_reader_cost: 0.31853 s, avg_batch_cost: 0.45348 s, avg_samples: 14.9, ips: 32.85721 samples/s, eta: 0:31:04, max_mem_reserved: 14736 MB, max_mem_allocated: 13561 MB
[2025/11/12 14:43:08] ppocr INFO: epoch: [129/200], global_step: 4620, lr: 0.000090, acc: 0.984375, norm_edit_dis: 0.998166, CTCLoss: 0.106572, NRTRLoss: 1.309320, loss: 1.415950, avg_reader_cost: 0.00342 s, avg_batch_cost: 0.65680 s, avg_samples: 102.3, ips: 155.75566 samples/s, eta: 0:30:56, max_mem_reserved: 14736 MB, max_mem_allocated: 13561 MB
[2025/11/12 14:43:15] ppocr INFO: epoch: [129/200], global_step: 4630, lr: 0.000090, acc: 0.980469, norm_edit_dis: 0.997684, CTCLoss: 0.116397, NRTRLoss: 1.310060, loss: 1.426965, avg_reader_cost: 0.00318 s, avg_batch_cost: 0.63522 s, avg_samples: 87.3, ips: 137.43349 samples/s, eta: 0:30:49, max_mem_reserved: 14736 MB, max_mem_allocated: 13561 MB
[2025/11/12 14:43:21] ppocr INFO: epoch: [129/200], global_step: 4640, lr: 0.000089, acc: 0.980469, norm_edit_dis: 0.997680, CTCLoss: 0.097165, NRTRLoss: 1.310147, loss: 1.407845, avg_reader_cost: 0.00277 s, avg_batch_cost: 0.64354 s, avg_samples: 93.8, ips: 145.75666 samples/s, eta: 0:30:41, max_mem_reserved: 14736 MB, max_mem_allocated: 13561 MB
[2025/11/12 14:43:23] ppocr INFO: epoch: [129/200], global_step: 4644, lr: 0.000089, acc: 0.980469, norm_edit_dis: 0.998324, CTCLoss: 0.089779, NRTRLoss: 1.310144, loss: 1.400270, avg_reader_cost: 0.00111 s, avg_batch_cost: 0.24194 s, avg_samples: 34.1, ips: 140.94594 samples/s, eta: 0:30:38, max_mem_reserved: 14736 MB, max_mem_allocated: 13561 MB
[2025/11/12 14:43:25] ppocr INFO: save model in ./output/latest
[2025/11/12 14:43:26] ppocr INFO: save model in ./output/iter_epoch_129
[2025/11/12 14:43:31] ppocr INFO: epoch: [130/200], global_step: 4650, lr: 0.000089, acc: 0.980469, norm_edit_dis: 0.998563, CTCLoss: 0.089337, NRTRLoss: 1.310516, loss: 1.398950, avg_reader_cost: 0.33712 s, avg_batch_cost: 0.72473 s, avg_samples: 63.9, ips: 88.17023 samples/s, eta: 0:30:35, max_mem_reserved: 14736 MB, max_mem_allocated: 13561 MB
[2025/11/12 14:43:37] ppocr INFO: epoch: [130/200], global_step: 4660, lr: 0.000088, acc: 0.984375, norm_edit_dis: 0.998648, CTCLoss: 0.097914, NRTRLoss: 1.309735, loss: 1.407139, avg_reader_cost: 0.00290 s, avg_batch_cost: 0.64470 s, avg_samples: 91.6, ips: 142.08050 samples/s, eta: 0:30:28, max_mem_reserved: 14736 MB, max_mem_allocated: 13561 MB
[2025/11/12 14:43:43] ppocr INFO: epoch: [130/200], global_step: 4670, lr: 0.000087, acc: 0.986305, norm_edit_dis: 0.999118, CTCLoss: 0.079858, NRTRLoss: 1.309519, loss: 1.389161, avg_reader_cost: 0.00296 s, avg_batch_cost: 0.59990 s, avg_samples: 83.1, ips: 138.52318 samples/s, eta: 0:30:20, max_mem_reserved: 14736 MB, max_mem_allocated: 13561 MB
[2025/11/12 14:43:50] ppocr INFO: epoch: [130/200], global_step: 4680, lr: 0.000087, acc: 0.990211, norm_edit_dis: 0.999464, CTCLoss: 0.073506, NRTRLoss: 1.309420, loss: 1.382762, avg_reader_cost: 0.00294 s, avg_batch_cost: 0.64818 s, avg_samples: 93.8, ips: 144.71266 samples/s, eta: 0:30:12, max_mem_reserved: 14736 MB, max_mem_allocated: 13561 MB
[2025/11/12 14:43:52] ppocr INFO: save model in ./output/latest
[2025/11/12 14:43:53] ppocr INFO: save model in ./output/iter_epoch_130
[2025/11/12 14:44:00] ppocr INFO: epoch: [131/200], global_step: 4690, lr: 0.000086, acc: 0.984375, norm_edit_dis: 0.998481, CTCLoss: 0.089685, NRTRLoss: 1.309790, loss: 1.400622, avg_reader_cost: 0.37275 s, avg_batch_cost: 1.02707 s, avg_samples: 91.6, ips: 89.18597 samples/s, eta: 0:30:07, max_mem_reserved: 14736 MB, max_mem_allocated: 13561 MB
[2025/11/12 14:44:06] ppocr INFO: epoch: [131/200], global_step: 4700, lr: 0.000086, acc: 0.986305, norm_edit_dis: 0.998481, CTCLoss: 0.087233, NRTRLoss: 1.309580, loss: 1.397626, avg_reader_cost: 0.00283 s, avg_batch_cost: 0.62633 s, avg_samples: 89.5, ips: 142.89522 samples/s, eta: 0:29:59, max_mem_reserved: 14736 MB, max_mem_allocated: 13561 MB
[2025/11/12 14:44:07] ppocr INFO: cur metric, acc: 0.5891472411513766, norm_edit_dis: 0.8762332724554898, fps: 620.1590625150436
[2025/11/12 14:44:07] ppocr INFO: best metric, acc: 0.5968991785349473, is_float16: False, norm_edit_dis: 0.8752267823170358, fps: 749.2058350699613, best_epoch: 114
[2025/11/12 14:44:14] ppocr INFO: epoch: [131/200], global_step: 4710, lr: 0.000085, acc: 0.988235, norm_edit_dis: 0.998506, CTCLoss: 0.084385, NRTRLoss: 1.309370, loss: 1.393504, avg_reader_cost: 0.00304 s, avg_batch_cost: 0.67237 s, avg_samples: 91.6, ips: 136.23384 samples/s, eta: 0:29:52, max_mem_reserved: 14736 MB, max_mem_allocated: 13561 MB
[2025/11/12 14:44:18] ppocr INFO: epoch: [131/200], global_step: 4716, lr: 0.000085, acc: 0.984375, norm_edit_dis: 0.998047, CTCLoss: 0.081973, NRTRLoss: 1.309615, loss: 1.390981, avg_reader_cost: 0.00175 s, avg_batch_cost: 0.42351 s, avg_samples: 59.7, ips: 140.96368 samples/s, eta: 0:29:47, max_mem_reserved: 14736 MB, max_mem_allocated: 13561 MB
[2025/11/12 14:44:20] ppocr INFO: save model in ./output/latest
[2025/11/12 14:44:21] ppocr INFO: save model in ./output/iter_epoch_131
[2025/11/12 14:44:24] ppocr INFO: epoch: [132/200], global_step: 4720, lr: 0.000084, acc: 0.984375, norm_edit_dis: 0.997684, CTCLoss: 0.084553, NRTRLoss: 1.309520, loss: 1.397553, avg_reader_cost: 0.35714 s, avg_batch_cost: 0.62429 s, avg_samples: 34.1, ips: 54.62215 samples/s, eta: 0:29:46, max_mem_reserved: 14736 MB, max_mem_allocated: 13561 MB
[2025/11/12 14:44:31] ppocr INFO: epoch: [132/200], global_step: 4730, lr: 0.000084, acc: 0.984375, norm_edit_dis: 0.997196, CTCLoss: 0.122146, NRTRLoss: 1.309724, loss: 1.432689, avg_reader_cost: 0.00288 s, avg_batch_cost: 0.68469 s, avg_samples: 100.2, ips: 146.34448 samples/s, eta: 0:29:39, max_mem_reserved: 14736 MB, max_mem_allocated: 13561 MB
[2025/11/12 14:44:37] ppocr INFO: epoch: [132/200], global_step: 4740, lr: 0.000083, acc: 0.984375, norm_edit_dis: 0.998370, CTCLoss: 0.070242, NRTRLoss: 1.309584, loss: 1.379325, avg_reader_cost: 0.00324 s, avg_batch_cost: 0.56207 s, avg_samples: 76.7, ips: 136.46064 samples/s, eta: 0:29:31, max_mem_reserved: 14736 MB, max_mem_allocated: 13561 MB
[2025/11/12 14:44:44] ppocr INFO: epoch: [132/200], global_step: 4750, lr: 0.000083, acc: 0.984375, norm_edit_dis: 0.998149, CTCLoss: 0.074892, NRTRLoss: 1.310523, loss: 1.384959, avg_reader_cost: 0.00323 s, avg_batch_cost: 0.65979 s, avg_samples: 100.1, ips: 151.71416 samples/s, eta: 0:29:23, max_mem_reserved: 14736 MB, max_mem_allocated: 13561 MB
[2025/11/12 14:44:45] ppocr INFO: epoch: [132/200], global_step: 4752, lr: 0.000083, acc: 0.984375, norm_edit_dis: 0.998083, CTCLoss: 0.079478, NRTRLoss: 1.310523, loss: 1.391511, avg_reader_cost: 0.00057 s, avg_batch_cost: 0.12927 s, avg_samples: 21.3, ips: 164.77432 samples/s, eta: 0:29:22, max_mem_reserved: 14736 MB, max_mem_allocated: 13561 MB
[2025/11/12 14:44:47] ppocr INFO: save model in ./output/latest
[2025/11/12 14:44:48] ppocr INFO: save model in ./output/iter_epoch_132
[2025/11/12 14:44:53] ppocr INFO: epoch: [133/200], global_step: 4760, lr: 0.000082, acc: 0.984375, norm_edit_dis: 0.997714, CTCLoss: 0.158947, NRTRLoss: 1.310158, loss: 1.470407, avg_reader_cost: 0.37340 s, avg_batch_cost: 0.86087 s, avg_samples: 68.2, ips: 79.22244 samples/s, eta: 0:29:17, max_mem_reserved: 14736 MB, max_mem_allocated: 13561 MB
[2025/11/12 14:45:00] ppocr INFO: epoch: [133/200], global_step: 4770, lr: 0.000081, acc: 0.984375, norm_edit_dis: 0.998294, CTCLoss: 0.155368, NRTRLoss: 1.310122, loss: 1.465723, avg_reader_cost: 0.00323 s, avg_batch_cost: 0.67923 s, avg_samples: 108.7, ips: 160.03456 samples/s, eta: 0:29:10, max_mem_reserved: 14736 MB, max_mem_allocated: 13561 MB
[2025/11/12 14:45:06] ppocr INFO: epoch: [133/200], global_step: 4780, lr: 0.000081, acc: 0.984375, norm_edit_dis: 0.998809, CTCLoss: 0.110818, NRTRLoss: 1.310384, loss: 1.421063, avg_reader_cost: 0.00289 s, avg_batch_cost: 0.61578 s, avg_samples: 89.5, ips: 145.34517 samples/s, eta: 0:29:02, max_mem_reserved: 14736 MB, max_mem_allocated: 13561 MB
[2025/11/12 14:45:11] ppocr INFO: epoch: [133/200], global_step: 4788, lr: 0.000080, acc: 0.984375, norm_edit_dis: 0.998833, CTCLoss: 0.091137, NRTRLoss: 1.309697, loss: 1.401081, avg_reader_cost: 0.00290 s, avg_batch_cost: 0.46304 s, avg_samples: 66.0, ips: 142.53645 samples/s, eta: 0:28:56, max_mem_reserved: 14736 MB, max_mem_allocated: 13561 MB
[2025/11/12 14:45:13] ppocr INFO: save model in ./output/latest
[2025/11/12 14:45:14] ppocr INFO: save model in ./output/iter_epoch_133
[2025/11/12 14:45:16] ppocr INFO: epoch: [134/200], global_step: 4790, lr: 0.000080, acc: 0.986305, norm_edit_dis: 0.999305, CTCLoss: 0.078534, NRTRLoss: 1.309339, loss: 1.388440, avg_reader_cost: 0.35960 s, avg_batch_cost: 0.48239 s, avg_samples: 12.8, ips: 26.53438 samples/s, eta: 0:28:56, max_mem_reserved: 14736 MB, max_mem_allocated: 13561 MB
[2025/11/12 14:45:22] ppocr INFO: epoch: [134/200], global_step: 4800, lr: 0.000080, acc: 0.988235, norm_edit_dis: 0.998702, CTCLoss: 0.064130, NRTRLoss: 1.309256, loss: 1.373175, avg_reader_cost: 0.00286 s, avg_batch_cost: 0.65217 s, avg_samples: 95.9, ips: 147.04771 samples/s, eta: 0:28:49, max_mem_reserved: 14736 MB, max_mem_allocated: 13561 MB
[2025/11/12 14:45:23] ppocr INFO: cur metric, acc: 0.5581394916170936, norm_edit_dis: 0.8728016451961726, fps: 637.2835628926596
[2025/11/12 14:45:23] ppocr INFO: best metric, acc: 0.5968991785349473, is_float16: False, norm_edit_dis: 0.8752267823170358, fps: 749.2058350699613, best_epoch: 114
[2025/11/12 14:45:29] ppocr INFO: epoch: [134/200], global_step: 4810, lr: 0.000079, acc: 0.994118, norm_edit_dis: 0.999706, CTCLoss: 0.056742, NRTRLoss: 1.309326, loss: 1.366376, avg_reader_cost: 0.00393 s, avg_batch_cost: 0.60441 s, avg_samples: 91.6, ips: 151.55212 samples/s, eta: 0:28:41, max_mem_reserved: 14736 MB, max_mem_allocated: 13561 MB
[2025/11/12 14:45:36] ppocr INFO: epoch: [134/200], global_step: 4820, lr: 0.000079, acc: 0.996094, norm_edit_dis: 0.999706, CTCLoss: 0.073749, NRTRLoss: 1.309301, loss: 1.383622, avg_reader_cost: 0.00328 s, avg_batch_cost: 0.64447 s, avg_samples: 95.9, ips: 148.80357 samples/s, eta: 0:28:33, max_mem_reserved: 14736 MB, max_mem_allocated: 13561 MB
[2025/11/12 14:45:38] ppocr INFO: epoch: [134/200], global_step: 4824, lr: 0.000078, acc: 0.988235, norm_edit_dis: 0.999255, CTCLoss: 0.075875, NRTRLoss: 1.309554, loss: 1.385332, avg_reader_cost: 0.00115 s, avg_batch_cost: 0.25635 s, avg_samples: 36.2, ips: 141.21209 samples/s, eta: 0:28:30, max_mem_reserved: 14736 MB, max_mem_allocated: 13561 MB
[2025/11/12 14:45:40] ppocr INFO: save model in ./output/latest
[2025/11/12 14:45:41] ppocr INFO: save model in ./output/iter_epoch_134
[2025/11/12 14:45:47] ppocr INFO: epoch: [135/200], global_step: 4830, lr: 0.000078, acc: 0.988235, norm_edit_dis: 0.998779, CTCLoss: 0.116989, NRTRLoss: 1.309743, loss: 1.427839, avg_reader_cost: 0.34634 s, avg_batch_cost: 0.82314 s, avg_samples: 55.4, ips: 67.30322 samples/s, eta: 0:28:28, max_mem_reserved: 14736 MB, max_mem_allocated: 13561 MB
[2025/11/12 14:45:55] ppocr INFO: epoch: [135/200], global_step: 4840, lr: 0.000077, acc: 0.984375, norm_edit_dis: 0.998443, CTCLoss: 0.116989, NRTRLoss: 1.309617, loss: 1.427839, avg_reader_cost: 0.00304 s, avg_batch_cost: 0.77884 s, avg_samples: 102.3, ips: 131.34986 samples/s, eta: 0:28:21, max_mem_reserved: 14736 MB, max_mem_allocated: 13561 MB
[2025/11/12 14:46:01] ppocr INFO: epoch: [135/200], global_step: 4850, lr: 0.000077, acc: 0.984375, norm_edit_dis: 0.998693, CTCLoss: 0.118259, NRTRLoss: 1.309387, loss: 1.427484, avg_reader_cost: 0.00294 s, avg_batch_cost: 0.66059 s, avg_samples: 95.9, ips: 145.17305 samples/s, eta: 0:28:13, max_mem_reserved: 14736 MB, max_mem_allocated: 13561 MB
[2025/11/12 14:46:07] ppocr INFO: epoch: [135/200], global_step: 4860, lr: 0.000076, acc: 0.984375, norm_edit_dis: 0.997768, CTCLoss: 0.131993, NRTRLoss: 1.309088, loss: 1.441046, avg_reader_cost: 0.00295 s, avg_batch_cost: 0.59679 s, avg_samples: 78.8, ips: 132.03925 samples/s, eta: 0:28:06, max_mem_reserved: 14736 MB, max_mem_allocated: 13561 MB
[2025/11/12 14:46:09] ppocr INFO: save model in ./output/latest
[2025/11/12 14:46:10] ppocr INFO: save model in ./output/iter_epoch_135
[2025/11/12 14:46:17] ppocr INFO: epoch: [136/200], global_step: 4870, lr: 0.000076, acc: 0.984375, norm_edit_dis: 0.997768, CTCLoss: 0.133839, NRTRLoss: 1.309267, loss: 1.442666, avg_reader_cost: 0.36668 s, avg_batch_cost: 1.02767 s, avg_samples: 100.2, ips: 97.50217 samples/s, eta: 0:28:00, max_mem_reserved: 14736 MB, max_mem_allocated: 13561 MB
[2025/11/12 14:46:23] ppocr INFO: epoch: [136/200], global_step: 4880, lr: 0.000075, acc: 0.988235, norm_edit_dis: 0.998947, CTCLoss: 0.112744, NRTRLoss: 1.309541, loss: 1.428291, avg_reader_cost: 0.00288 s, avg_batch_cost: 0.57379 s, avg_samples: 76.7, ips: 133.67173 samples/s, eta: 0:27:52, max_mem_reserved: 14736 MB, max_mem_allocated: 13561 MB
[2025/11/12 14:46:30] ppocr INFO: epoch: [136/200], global_step: 4890, lr: 0.000075, acc: 0.988235, norm_edit_dis: 0.998854, CTCLoss: 0.095651, NRTRLoss: 1.309542, loss: 1.406191, avg_reader_cost: 0.00285 s, avg_batch_cost: 0.65976 s, avg_samples: 102.3, ips: 155.05624 samples/s, eta: 0:27:44, max_mem_reserved: 14736 MB, max_mem_allocated: 13561 MB
[2025/11/12 14:46:33] ppocr INFO: epoch: [136/200], global_step: 4896, lr: 0.000074, acc: 0.988235, norm_edit_dis: 0.998818, CTCLoss: 0.095651, NRTRLoss: 1.309390, loss: 1.406191, avg_reader_cost: 0.00170 s, avg_batch_cost: 0.36905 s, avg_samples: 53.2, ips: 144.15205 samples/s, eta: 0:27:40, max_mem_reserved: 14736 MB, max_mem_allocated: 13561 MB
[2025/11/12 14:46:35] ppocr INFO: save model in ./output/latest
[2025/11/12 14:46:36] ppocr INFO: save model in ./output/iter_epoch_136
[2025/11/12 14:46:39] ppocr INFO: epoch: [137/200], global_step: 4900, lr: 0.000074, acc: 0.988235, norm_edit_dis: 0.998818, CTCLoss: 0.082137, NRTRLoss: 1.309362, loss: 1.392258, avg_reader_cost: 0.32984 s, avg_batch_cost: 0.57108 s, avg_samples: 34.1, ips: 59.71160 samples/s, eta: 0:27:38, max_mem_reserved: 14736 MB, max_mem_allocated: 13561 MB
[2025/11/12 14:46:40] ppocr INFO: cur metric, acc: 0.5736433663842352, norm_edit_dis: 0.872837185601735, fps: 703.1907704664283
[2025/11/12 14:46:40] ppocr INFO: best metric, acc: 0.5968991785349473, is_float16: False, norm_edit_dis: 0.8752267823170358, fps: 749.2058350699613, best_epoch: 114
[2025/11/12 14:46:47] ppocr INFO: epoch: [137/200], global_step: 4910, lr: 0.000073, acc: 0.976562, norm_edit_dis: 0.997723, CTCLoss: 0.130178, NRTRLoss: 1.309315, loss: 1.440307, avg_reader_cost: 0.00285 s, avg_batch_cost: 0.67695 s, avg_samples: 108.7, ips: 160.57368 samples/s, eta: 0:27:31, max_mem_reserved: 14736 MB, max_mem_allocated: 13561 MB
[2025/11/12 14:46:53] ppocr INFO: epoch: [137/200], global_step: 4920, lr: 0.000073, acc: 0.984375, norm_edit_dis: 0.998326, CTCLoss: 0.081210, NRTRLoss: 1.309237, loss: 1.389886, avg_reader_cost: 0.00318 s, avg_batch_cost: 0.63138 s, avg_samples: 85.2, ips: 134.94155 samples/s, eta: 0:27:23, max_mem_reserved: 14736 MB, max_mem_allocated: 13561 MB
[2025/11/12 14:46:59] ppocr INFO: epoch: [137/200], global_step: 4930, lr: 0.000072, acc: 0.984375, norm_edit_dis: 0.998634, CTCLoss: 0.063277, NRTRLoss: 1.309148, loss: 1.373733, avg_reader_cost: 0.00284 s, avg_batch_cost: 0.61908 s, avg_samples: 87.4, ips: 141.17666 samples/s, eta: 0:27:16, max_mem_reserved: 14736 MB, max_mem_allocated: 13561 MB
[2025/11/12 14:47:01] ppocr INFO: epoch: [137/200], global_step: 4932, lr: 0.000072, acc: 0.986305, norm_edit_dis: 0.999318, CTCLoss: 0.054701, NRTRLoss: 1.309243, loss: 1.365393, avg_reader_cost: 0.00057 s, avg_batch_cost: 0.12617 s, avg_samples: 17.0, ips: 134.74377 samples/s, eta: 0:27:14, max_mem_reserved: 14736 MB, max_mem_allocated: 13561 MB
[2025/11/12 14:47:02] ppocr INFO: save model in ./output/latest
[2025/11/12 14:47:03] ppocr INFO: save model in ./output/iter_epoch_137
[2025/11/12 14:47:09] ppocr INFO: epoch: [138/200], global_step: 4940, lr: 0.000072, acc: 0.984375, norm_edit_dis: 0.998447, CTCLoss: 0.095451, NRTRLoss: 1.309329, loss: 1.404893, avg_reader_cost: 0.34281 s, avg_batch_cost: 0.86123 s, avg_samples: 74.6, ips: 86.61989 samples/s, eta: 0:27:10, max_mem_reserved: 14736 MB, max_mem_allocated: 13561 MB
[2025/11/12 14:47:15] ppocr INFO: epoch: [138/200], global_step: 4950, lr: 0.000071, acc: 1.000000, norm_edit_dis: 1.000000, CTCLoss: 0.044093, NRTRLoss: 1.309075, loss: 1.353233, avg_reader_cost: 0.00324 s, avg_batch_cost: 0.62565 s, avg_samples: 95.8, ips: 153.11979 samples/s, eta: 0:27:02, max_mem_reserved: 14736 MB, max_mem_allocated: 13561 MB
[2025/11/12 14:47:22] ppocr INFO: epoch: [138/200], global_step: 4960, lr: 0.000071, acc: 0.996094, norm_edit_dis: 0.999816, CTCLoss: 0.044093, NRTRLoss: 1.308981, loss: 1.353233, avg_reader_cost: 0.00297 s, avg_batch_cost: 0.68304 s, avg_samples: 100.2, ips: 146.69746 samples/s, eta: 0:26:55, max_mem_reserved: 14736 MB, max_mem_allocated: 13561 MB
[2025/11/12 14:47:27] ppocr INFO: epoch: [138/200], global_step: 4968, lr: 0.000070, acc: 0.996094, norm_edit_dis: 0.999816, CTCLoss: 0.035562, NRTRLoss: 1.308811, loss: 1.344226, avg_reader_cost: 0.00226 s, avg_batch_cost: 0.44442 s, avg_samples: 61.8, ips: 139.05863 samples/s, eta: 0:26:48, max_mem_reserved: 14736 MB, max_mem_allocated: 13561 MB
[2025/11/12 14:47:28] ppocr INFO: save model in ./output/latest
[2025/11/12 14:47:29] ppocr INFO: save model in ./output/iter_epoch_138
[2025/11/12 14:47:31] ppocr INFO: epoch: [139/200], global_step: 4970, lr: 0.000070, acc: 0.990211, norm_edit_dis: 0.998765, CTCLoss: 0.038173, NRTRLoss: 1.308858, loss: 1.346685, avg_reader_cost: 0.33569 s, avg_batch_cost: 0.46492 s, avg_samples: 17.0, ips: 36.56526 samples/s, eta: 0:26:48, max_mem_reserved: 14736 MB, max_mem_allocated: 13561 MB
[2025/11/12 14:47:38] ppocr INFO: epoch: [139/200], global_step: 4980, lr: 0.000070, acc: 0.984375, norm_edit_dis: 0.998140, CTCLoss: 0.064682, NRTRLoss: 1.309722, loss: 1.373902, avg_reader_cost: 0.00292 s, avg_batch_cost: 0.63060 s, avg_samples: 102.3, ips: 162.22545 samples/s, eta: 0:26:41, max_mem_reserved: 14736 MB, max_mem_allocated: 13561 MB
[2025/11/12 14:47:44] ppocr INFO: epoch: [139/200], global_step: 4990, lr: 0.000069, acc: 0.984375, norm_edit_dis: 0.997627, CTCLoss: 0.072548, NRTRLoss: 1.308958, loss: 1.381818, avg_reader_cost: 0.00288 s, avg_batch_cost: 0.61263 s, avg_samples: 85.2, ips: 139.07264 samples/s, eta: 0:26:33, max_mem_reserved: 14736 MB, max_mem_allocated: 13561 MB
[2025/11/12 14:47:50] ppocr INFO: epoch: [139/200], global_step: 5000, lr: 0.000068, acc: 0.986305, norm_edit_dis: 0.998011, CTCLoss: 0.082926, NRTRLoss: 1.309035, loss: 1.392487, avg_reader_cost: 0.00289 s, avg_batch_cost: 0.66075 s, avg_samples: 95.9, ips: 145.13707 samples/s, eta: 0:26:25, max_mem_reserved: 14736 MB, max_mem_allocated: 13561 MB
[2025/11/12 14:47:51] ppocr INFO: cur metric, acc: 0.5658914290006644, norm_edit_dis: 0.8813243265704936, fps: 707.8818123776729
[2025/11/12 14:47:51] ppocr INFO: best metric, acc: 0.5968991785349473, is_float16: False, norm_edit_dis: 0.8752267823170358, fps: 749.2058350699613, best_epoch: 114
[2025/11/12 14:47:54] ppocr INFO: epoch: [139/200], global_step: 5004, lr: 0.000068, acc: 0.988235, norm_edit_dis: 0.998594, CTCLoss: 0.052467, NRTRLoss: 1.309035, loss: 1.363482, avg_reader_cost: 0.00126 s, avg_batch_cost: 0.23447 s, avg_samples: 32.0, ips: 136.47637 samples/s, eta: 0:26:22, max_mem_reserved: 14736 MB, max_mem_allocated: 13561 MB
[2025/11/12 14:47:55] ppocr INFO: save model in ./output/latest
[2025/11/12 14:47:56] ppocr INFO: save model in ./output/iter_epoch_139
[2025/11/12 14:48:01] ppocr INFO: epoch: [140/200], global_step: 5010, lr: 0.000068, acc: 0.992187, norm_edit_dis: 0.999655, CTCLoss: 0.052120, NRTRLoss: 1.309012, loss: 1.363482, avg_reader_cost: 0.34848 s, avg_batch_cost: 0.74010 s, avg_samples: 51.1, ips: 69.04450 samples/s, eta: 0:26:19, max_mem_reserved: 14736 MB, max_mem_allocated: 13561 MB
[2025/11/12 14:48:07] ppocr INFO: epoch: [140/200], global_step: 5020, lr: 0.000067, acc: 0.996094, norm_edit_dis: 0.999706, CTCLoss: 0.041141, NRTRLoss: 1.308887, loss: 1.350027, avg_reader_cost: 0.00324 s, avg_batch_cost: 0.63539 s, avg_samples: 95.9, ips: 150.93097 samples/s, eta: 0:26:12, max_mem_reserved: 14736 MB, max_mem_allocated: 13561 MB
[2025/11/12 14:48:14] ppocr INFO: epoch: [140/200], global_step: 5030, lr: 0.000067, acc: 0.988281, norm_edit_dis: 0.999219, CTCLoss: 0.081224, NRTRLoss: 1.308937, loss: 1.392650, avg_reader_cost: 0.00282 s, avg_batch_cost: 0.63964 s, avg_samples: 89.5, ips: 139.92354 samples/s, eta: 0:26:04, max_mem_reserved: 14736 MB, max_mem_allocated: 13561 MB
[2025/11/12 14:48:20] ppocr INFO: epoch: [140/200], global_step: 5040, lr: 0.000066, acc: 0.984375, norm_edit_dis: 0.998094, CTCLoss: 0.110478, NRTRLoss: 1.309105, loss: 1.421177, avg_reader_cost: 0.00282 s, avg_batch_cost: 0.65633 s, avg_samples: 95.9, ips: 146.11634 samples/s, eta: 0:25:57, max_mem_reserved: 14736 MB, max_mem_allocated: 13561 MB
[2025/11/12 14:48:22] ppocr INFO: save model in ./output/latest
[2025/11/12 14:48:23] ppocr INFO: save model in ./output/iter_epoch_140
[2025/11/12 14:48:31] ppocr INFO: epoch: [141/200], global_step: 5050, lr: 0.000066, acc: 0.988235, norm_edit_dis: 0.998271, CTCLoss: 0.063670, NRTRLoss: 1.309079, loss: 1.373660, avg_reader_cost: 0.35431 s, avg_batch_cost: 1.02021 s, avg_samples: 87.3, ips: 85.57020 samples/s, eta: 0:25:51, max_mem_reserved: 14736 MB, max_mem_allocated: 13561 MB
[2025/11/12 14:48:37] ppocr INFO: epoch: [141/200], global_step: 5060, lr: 0.000065, acc: 0.992187, norm_edit_dis: 0.999710, CTCLoss: 0.055756, NRTRLoss: 1.308935, loss: 1.366789, avg_reader_cost: 0.00291 s, avg_batch_cost: 0.64950 s, avg_samples: 91.7, ips: 141.18463 samples/s, eta: 0:25:43, max_mem_reserved: 14736 MB, max_mem_allocated: 13561 MB
[2025/11/12 14:48:44] ppocr INFO: epoch: [141/200], global_step: 5070, lr: 0.000065, acc: 0.990211, norm_edit_dis: 0.998739, CTCLoss: 0.064037, NRTRLoss: 1.309089, loss: 1.372702, avg_reader_cost: 0.00280 s, avg_batch_cost: 0.65137 s, avg_samples: 102.3, ips: 157.05366 samples/s, eta: 0:25:36, max_mem_reserved: 14736 MB, max_mem_allocated: 13561 MB
[2025/11/12 14:48:47] ppocr INFO: epoch: [141/200], global_step: 5076, lr: 0.000064, acc: 0.990211, norm_edit_dis: 0.998739, CTCLoss: 0.051512, NRTRLoss: 1.308955, loss: 1.360224, avg_reader_cost: 0.00168 s, avg_batch_cost: 0.36346 s, avg_samples: 51.1, ips: 140.59507 samples/s, eta: 0:25:31, max_mem_reserved: 14736 MB, max_mem_allocated: 13561 MB
[2025/11/12 14:48:49] ppocr INFO: save model in ./output/latest
[2025/11/12 14:48:50] ppocr INFO: save model in ./output/iter_epoch_141
[2025/11/12 14:48:53] ppocr INFO: epoch: [142/200], global_step: 5080, lr: 0.000064, acc: 0.984375, norm_edit_dis: 0.998186, CTCLoss: 0.060552, NRTRLoss: 1.309220, loss: 1.370308, avg_reader_cost: 0.29781 s, avg_batch_cost: 0.54435 s, avg_samples: 38.4, ips: 70.54321 samples/s, eta: 0:25:29, max_mem_reserved: 14736 MB, max_mem_allocated: 13561 MB
[2025/11/12 14:48:59] ppocr INFO: epoch: [142/200], global_step: 5090, lr: 0.000064, acc: 0.986305, norm_edit_dis: 0.998610, CTCLoss: 0.052568, NRTRLoss: 1.309029, loss: 1.362312, avg_reader_cost: 0.00285 s, avg_batch_cost: 0.62023 s, avg_samples: 89.5, ips: 144.30122 samples/s, eta: 0:25:22, max_mem_reserved: 14736 MB, max_mem_allocated: 13561 MB
[2025/11/12 14:49:05] ppocr INFO: epoch: [142/200], global_step: 5100, lr: 0.000063, acc: 0.988235, norm_edit_dis: 0.999109, CTCLoss: 0.049992, NRTRLoss: 1.308888, loss: 1.359888, avg_reader_cost: 0.00282 s, avg_batch_cost: 0.62186 s, avg_samples: 85.2, ips: 137.00906 samples/s, eta: 0:25:14, max_mem_reserved: 14736 MB, max_mem_allocated: 13561 MB
[2025/11/12 14:49:06] ppocr INFO: cur metric, acc: 0.5658914290006644, norm_edit_dis: 0.8791887684958313, fps: 568.2037641850042
[2025/11/12 14:49:06] ppocr INFO: best metric, acc: 0.5968991785349473, is_float16: False, norm_edit_dis: 0.8752267823170358, fps: 749.2058350699613, best_epoch: 114
[2025/11/12 14:49:13] ppocr INFO: epoch: [142/200], global_step: 5110, lr: 0.000062, acc: 0.988235, norm_edit_dis: 0.999109, CTCLoss: 0.040733, NRTRLoss: 1.308963, loss: 1.351083, avg_reader_cost: 0.00303 s, avg_batch_cost: 0.64485 s, avg_samples: 98.0, ips: 151.97222 samples/s, eta: 0:25:06, max_mem_reserved: 14736 MB, max_mem_allocated: 13561 MB
[2025/11/12 14:49:14] ppocr INFO: epoch: [142/200], global_step: 5112, lr: 0.000062, acc: 0.988235, norm_edit_dis: 0.998821, CTCLoss: 0.060656, NRTRLoss: 1.309245, loss: 1.369910, avg_reader_cost: 0.00057 s, avg_batch_cost: 0.13037 s, avg_samples: 21.3, ips: 163.37586 samples/s, eta: 0:25:05, max_mem_reserved: 14736 MB, max_mem_allocated: 13561 MB
[2025/11/12 14:49:15] ppocr INFO: save model in ./output/latest
[2025/11/12 14:49:16] ppocr INFO: save model in ./output/iter_epoch_142
[2025/11/12 14:49:22] ppocr INFO: epoch: [143/200], global_step: 5120, lr: 0.000062, acc: 0.990211, norm_edit_dis: 0.998803, CTCLoss: 0.065518, NRTRLoss: 1.309043, loss: 1.374796, avg_reader_cost: 0.30593 s, avg_batch_cost: 0.81866 s, avg_samples: 74.6, ips: 91.12450 samples/s, eta: 0:25:00, max_mem_reserved: 14736 MB, max_mem_allocated: 13561 MB
[2025/11/12 14:49:28] ppocr INFO: epoch: [143/200], global_step: 5130, lr: 0.000061, acc: 0.986305, norm_edit_dis: 0.998614, CTCLoss: 0.082762, NRTRLoss: 1.309122, loss: 1.393241, avg_reader_cost: 0.00290 s, avg_batch_cost: 0.64390 s, avg_samples: 95.9, ips: 148.93571 samples/s, eta: 0:24:53, max_mem_reserved: 14736 MB, max_mem_allocated: 13561 MB
[2025/11/12 14:49:35] ppocr INFO: epoch: [143/200], global_step: 5140, lr: 0.000061, acc: 0.984375, norm_edit_dis: 0.998641, CTCLoss: 0.091342, NRTRLoss: 1.309150, loss: 1.402424, avg_reader_cost: 0.00289 s, avg_batch_cost: 0.66243 s, avg_samples: 100.2, ips: 151.26154 samples/s, eta: 0:24:45, max_mem_reserved: 14736 MB, max_mem_allocated: 13561 MB
[2025/11/12 14:49:40] ppocr INFO: epoch: [143/200], global_step: 5148, lr: 0.000060, acc: 0.994118, norm_edit_dis: 0.999580, CTCLoss: 0.047037, NRTRLoss: 1.308978, loss: 1.356404, avg_reader_cost: 0.00230 s, avg_batch_cost: 0.46428 s, avg_samples: 61.7, ips: 132.89396 samples/s, eta: 0:24:39, max_mem_reserved: 14736 MB, max_mem_allocated: 13561 MB
[2025/11/12 14:49:42] ppocr INFO: save model in ./output/latest
[2025/11/12 14:49:42] ppocr INFO: save model in ./output/iter_epoch_143
[2025/11/12 14:49:44] ppocr INFO: epoch: [144/200], global_step: 5150, lr: 0.000060, acc: 0.994118, norm_edit_dis: 0.999564, CTCLoss: 0.048215, NRTRLoss: 1.309059, loss: 1.360800, avg_reader_cost: 0.32556 s, avg_batch_cost: 0.46956 s, avg_samples: 14.9, ips: 31.73175 samples/s, eta: 0:24:39, max_mem_reserved: 14736 MB, max_mem_allocated: 13561 MB
[2025/11/12 14:49:51] ppocr INFO: epoch: [144/200], global_step: 5160, lr: 0.000060, acc: 0.988235, norm_edit_dis: 0.999030, CTCLoss: 0.070630, NRTRLoss: 1.309123, loss: 1.379841, avg_reader_cost: 0.00296 s, avg_batch_cost: 0.65399 s, avg_samples: 100.2, ips: 153.21244 samples/s, eta: 0:24:31, max_mem_reserved: 14736 MB, max_mem_allocated: 13561 MB
[2025/11/12 14:49:57] ppocr INFO: epoch: [144/200], global_step: 5170, lr: 0.000059, acc: 0.984375, norm_edit_dis: 0.998031, CTCLoss: 0.093253, NRTRLoss: 1.309242, loss: 1.402437, avg_reader_cost: 0.00293 s, avg_batch_cost: 0.64432 s, avg_samples: 95.9, ips: 148.83860 samples/s, eta: 0:24:24, max_mem_reserved: 14736 MB, max_mem_allocated: 13561 MB
[2025/11/12 14:50:04] ppocr INFO: epoch: [144/200], global_step: 5180, lr: 0.000059, acc: 0.984375, norm_edit_dis: 0.998208, CTCLoss: 0.082560, NRTRLoss: 1.309547, loss: 1.392860, avg_reader_cost: 0.00289 s, avg_batch_cost: 0.61551 s, avg_samples: 85.2, ips: 138.42140 samples/s, eta: 0:24:16, max_mem_reserved: 14736 MB, max_mem_allocated: 13561 MB
[2025/11/12 14:50:06] ppocr INFO: epoch: [144/200], global_step: 5184, lr: 0.000059, acc: 0.984375, norm_edit_dis: 0.998208, CTCLoss: 0.082560, NRTRLoss: 1.309574, loss: 1.392860, avg_reader_cost: 0.00115 s, avg_batch_cost: 0.25237 s, avg_samples: 36.2, ips: 143.44093 samples/s, eta: 0:24:13, max_mem_reserved: 14736 MB, max_mem_allocated: 13561 MB
[2025/11/12 14:50:08] ppocr INFO: save model in ./output/latest
[2025/11/12 14:50:09] ppocr INFO: save model in ./output/iter_epoch_144
[2025/11/12 14:50:14] ppocr INFO: epoch: [145/200], global_step: 5190, lr: 0.000058, acc: 0.988281, norm_edit_dis: 0.998688, CTCLoss: 0.072097, NRTRLoss: 1.309493, loss: 1.381020, avg_reader_cost: 0.37262 s, avg_batch_cost: 0.83005 s, avg_samples: 59.7, ips: 71.92326 samples/s, eta: 0:24:10, max_mem_reserved: 14736 MB, max_mem_allocated: 13561 MB
[2025/11/12 14:50:21] ppocr INFO: epoch: [145/200], global_step: 5200, lr: 0.000058, acc: 0.986305, norm_edit_dis: 0.999199, CTCLoss: 0.060158, NRTRLoss: 1.309331, loss: 1.369110, avg_reader_cost: 0.00298 s, avg_batch_cost: 0.69413 s, avg_samples: 91.7, ips: 132.10730 samples/s, eta: 0:24:03, max_mem_reserved: 14736 MB, max_mem_allocated: 13561 MB
[2025/11/12 14:50:22] ppocr INFO: cur metric, acc: 0.5581394916170936, norm_edit_dis: 0.868370033806455, fps: 794.4049156138277
[2025/11/12 14:50:22] ppocr INFO: best metric, acc: 0.5968991785349473, is_float16: False, norm_edit_dis: 0.8752267823170358, fps: 749.2058350699613, best_epoch: 114
[2025/11/12 14:50:29] ppocr INFO: epoch: [145/200], global_step: 5210, lr: 0.000057, acc: 0.984375, norm_edit_dis: 0.999054, CTCLoss: 0.081489, NRTRLoss: 1.309215, loss: 1.390538, avg_reader_cost: 0.00304 s, avg_batch_cost: 0.67734 s, avg_samples: 91.6, ips: 135.23560 samples/s, eta: 0:23:56, max_mem_reserved: 14736 MB, max_mem_allocated: 13561 MB
[2025/11/12 14:50:35] ppocr INFO: epoch: [145/200], global_step: 5220, lr: 0.000057, acc: 0.988235, norm_edit_dis: 0.998529, CTCLoss: 0.085420, NRTRLoss: 1.309321, loss: 1.394859, avg_reader_cost: 0.00294 s, avg_batch_cost: 0.62815 s, avg_samples: 89.4, ips: 142.32334 samples/s, eta: 0:23:48, max_mem_reserved: 14736 MB, max_mem_allocated: 13561 MB
[2025/11/12 14:50:37] ppocr INFO: save model in ./output/latest
[2025/11/12 14:50:38] ppocr INFO: save model in ./output/iter_epoch_145
[2025/11/12 14:50:46] ppocr INFO: epoch: [146/200], global_step: 5230, lr: 0.000056, acc: 0.986305, norm_edit_dis: 0.998552, CTCLoss: 0.085420, NRTRLoss: 1.309784, loss: 1.394859, avg_reader_cost: 0.36878 s, avg_batch_cost: 1.11209 s, avg_samples: 106.6, ips: 95.85588 samples/s, eta: 0:23:42, max_mem_reserved: 14736 MB, max_mem_allocated: 13561 MB
[2025/11/12 14:50:53] ppocr INFO: epoch: [146/200], global_step: 5240, lr: 0.000056, acc: 0.984375, norm_edit_dis: 0.998447, CTCLoss: 0.068427, NRTRLoss: 1.309177, loss: 1.378683, avg_reader_cost: 0.00305 s, avg_batch_cost: 0.68124 s, avg_samples: 89.4, ips: 131.23197 samples/s, eta: 0:23:35, max_mem_reserved: 14736 MB, max_mem_allocated: 13561 MB
[2025/11/12 14:51:00] ppocr INFO: epoch: [146/200], global_step: 5250, lr: 0.000055, acc: 0.988235, norm_edit_dis: 0.998179, CTCLoss: 0.062529, NRTRLoss: 1.308858, loss: 1.372517, avg_reader_cost: 0.00294 s, avg_batch_cost: 0.66030 s, avg_samples: 89.5, ips: 135.54453 samples/s, eta: 0:23:28, max_mem_reserved: 14736 MB, max_mem_allocated: 13561 MB
[2025/11/12 14:51:04] ppocr INFO: epoch: [146/200], global_step: 5256, lr: 0.000055, acc: 0.990211, norm_edit_dis: 0.999078, CTCLoss: 0.061629, NRTRLoss: 1.308858, loss: 1.372867, avg_reader_cost: 0.00177 s, avg_batch_cost: 0.38639 s, avg_samples: 46.9, ips: 121.37909 samples/s, eta: 0:23:23, max_mem_reserved: 14736 MB, max_mem_allocated: 13561 MB
[2025/11/12 14:51:05] ppocr INFO: save model in ./output/latest
[2025/11/12 14:51:06] ppocr INFO: save model in ./output/iter_epoch_146
[2025/11/12 14:51:10] ppocr INFO: epoch: [147/200], global_step: 5260, lr: 0.000055, acc: 0.986305, norm_edit_dis: 0.998531, CTCLoss: 0.099100, NRTRLoss: 1.308977, loss: 1.408251, avg_reader_cost: 0.35629 s, avg_batch_cost: 0.61274 s, avg_samples: 31.9, ips: 52.06164 samples/s, eta: 0:23:21, max_mem_reserved: 14736 MB, max_mem_allocated: 13561 MB
[2025/11/12 14:51:16] ppocr INFO: epoch: [147/200], global_step: 5270, lr: 0.000054, acc: 0.988281, norm_edit_dis: 0.999078, CTCLoss: 0.089936, NRTRLoss: 1.309024, loss: 1.399942, avg_reader_cost: 0.00292 s, avg_batch_cost: 0.63702 s, avg_samples: 100.2, ips: 157.29442 samples/s, eta: 0:23:14, max_mem_reserved: 14736 MB, max_mem_allocated: 13561 MB
[2025/11/12 14:51:22] ppocr INFO: epoch: [147/200], global_step: 5280, lr: 0.000054, acc: 0.988235, norm_edit_dis: 0.999253, CTCLoss: 0.064042, NRTRLoss: 1.308972, loss: 1.372775, avg_reader_cost: 0.00293 s, avg_batch_cost: 0.63157 s, avg_samples: 87.3, ips: 138.22804 samples/s, eta: 0:23:06, max_mem_reserved: 14736 MB, max_mem_allocated: 13561 MB
[2025/11/12 14:51:29] ppocr INFO: epoch: [147/200], global_step: 5290, lr: 0.000053, acc: 0.986305, norm_edit_dis: 0.998912, CTCLoss: 0.110868, NRTRLoss: 1.309057, loss: 1.420683, avg_reader_cost: 0.00290 s, avg_batch_cost: 0.65003 s, avg_samples: 100.2, ips: 154.14591 samples/s, eta: 0:22:59, max_mem_reserved: 14736 MB, max_mem_allocated: 13561 MB
[2025/11/12 14:51:30] ppocr INFO: epoch: [147/200], global_step: 5292, lr: 0.000053, acc: 0.988235, norm_edit_dis: 0.999198, CTCLoss: 0.078329, NRTRLoss: 1.308997, loss: 1.387218, avg_reader_cost: 0.00059 s, avg_batch_cost: 0.10005 s, avg_samples: 12.8, ips: 127.93250 samples/s, eta: 0:22:57, max_mem_reserved: 14736 MB, max_mem_allocated: 13561 MB
[2025/11/12 14:51:32] ppocr INFO: save model in ./output/latest
[2025/11/12 14:51:33] ppocr INFO: save model in ./output/iter_epoch_147
[2025/11/12 14:51:38] ppocr INFO: epoch: [148/200], global_step: 5300, lr: 0.000053, acc: 0.988235, norm_edit_dis: 0.998057, CTCLoss: 0.117175, NRTRLoss: 1.309129, loss: 1.428512, avg_reader_cost: 0.34799 s, avg_batch_cost: 0.84466 s, avg_samples: 76.6, ips: 90.68742 samples/s, eta: 0:22:52, max_mem_reserved: 14736 MB, max_mem_allocated: 13561 MB
[2025/11/12 14:51:39] ppocr INFO: cur metric, acc: 0.5736433663842352, norm_edit_dis: 0.8736646741557749, fps: 564.170244180154
[2025/11/12 14:51:39] ppocr INFO: best metric, acc: 0.5968991785349473, is_float16: False, norm_edit_dis: 0.8752267823170358, fps: 749.2058350699613, best_epoch: 114
[2025/11/12 14:51:46] ppocr INFO: epoch: [148/200], global_step: 5310, lr: 0.000052, acc: 0.988235, norm_edit_dis: 0.998319, CTCLoss: 0.077222, NRTRLoss: 1.309044, loss: 1.392030, avg_reader_cost: 0.00292 s, avg_batch_cost: 0.62182 s, avg_samples: 91.7, ips: 147.47043 samples/s, eta: 0:22:45, max_mem_reserved: 14736 MB, max_mem_allocated: 13561 MB
[2025/11/12 14:51:52] ppocr INFO: epoch: [148/200], global_step: 5320, lr: 0.000052, acc: 0.986305, norm_edit_dis: 0.999183, CTCLoss: 0.073909, NRTRLoss: 1.309158, loss: 1.385977, avg_reader_cost: 0.00294 s, avg_batch_cost: 0.66813 s, avg_samples: 95.9, ips: 143.53403 samples/s, eta: 0:22:37, max_mem_reserved: 14736 MB, max_mem_allocated: 13561 MB
[2025/11/12 14:51:57] ppocr INFO: epoch: [148/200], global_step: 5328, lr: 0.000051, acc: 1.000000, norm_edit_dis: 1.000000, CTCLoss: 0.043167, NRTRLoss: 1.308974, loss: 1.353082, avg_reader_cost: 0.00228 s, avg_batch_cost: 0.48973 s, avg_samples: 68.2, ips: 139.26004 samples/s, eta: 0:22:31, max_mem_reserved: 14736 MB, max_mem_allocated: 13561 MB
[2025/11/12 14:51:59] ppocr INFO: save model in ./output/latest
[2025/11/12 14:52:00] ppocr INFO: save model in ./output/iter_epoch_148
[2025/11/12 14:52:02] ppocr INFO: epoch: [149/200], global_step: 5330, lr: 0.000051, acc: 1.000000, norm_edit_dis: 1.000000, CTCLoss: 0.038797, NRTRLoss: 1.308911, loss: 1.348793, avg_reader_cost: 0.36590 s, avg_batch_cost: 0.52544 s, avg_samples: 17.0, ips: 32.35401 samples/s, eta: 0:22:31, max_mem_reserved: 14736 MB, max_mem_allocated: 13561 MB
[2025/11/12 14:52:09] ppocr INFO: epoch: [149/200], global_step: 5340, lr: 0.000051, acc: 0.986305, norm_edit_dis: 0.998957, CTCLoss: 0.064147, NRTRLoss: 1.309077, loss: 1.373398, avg_reader_cost: 0.00290 s, avg_batch_cost: 0.62809 s, avg_samples: 93.8, ips: 149.34116 samples/s, eta: 0:22:24, max_mem_reserved: 14736 MB, max_mem_allocated: 13561 MB
[2025/11/12 14:52:15] ppocr INFO: epoch: [149/200], global_step: 5350, lr: 0.000050, acc: 0.984375, norm_edit_dis: 0.998491, CTCLoss: 0.089563, NRTRLoss: 1.309161, loss: 1.399074, avg_reader_cost: 0.00294 s, avg_batch_cost: 0.62149 s, avg_samples: 83.1, ips: 133.71052 samples/s, eta: 0:22:16, max_mem_reserved: 14736 MB, max_mem_allocated: 13561 MB
[2025/11/12 14:52:22] ppocr INFO: epoch: [149/200], global_step: 5360, lr: 0.000050, acc: 0.988235, norm_edit_dis: 0.998923, CTCLoss: 0.075679, NRTRLoss: 1.308973, loss: 1.384803, avg_reader_cost: 0.00284 s, avg_batch_cost: 0.66647 s, avg_samples: 102.3, ips: 153.49425 samples/s, eta: 0:22:09, max_mem_reserved: 14736 MB, max_mem_allocated: 13561 MB
[2025/11/12 14:52:24] ppocr INFO: epoch: [149/200], global_step: 5364, lr: 0.000050, acc: 0.988235, norm_edit_dis: 0.999166, CTCLoss: 0.055015, NRTRLoss: 1.308972, loss: 1.363949, avg_reader_cost: 0.00114 s, avg_batch_cost: 0.25632 s, avg_samples: 36.2, ips: 141.23093 samples/s, eta: 0:22:06, max_mem_reserved: 14736 MB, max_mem_allocated: 13561 MB
[2025/11/12 14:52:26] ppocr INFO: save model in ./output/latest
[2025/11/12 14:52:27] ppocr INFO: save model in ./output/iter_epoch_149
[2025/11/12 14:52:32] ppocr INFO: epoch: [150/200], global_step: 5370, lr: 0.000049, acc: 0.988235, norm_edit_dis: 0.998858, CTCLoss: 0.076804, NRTRLoss: 1.308868, loss: 1.385698, avg_reader_cost: 0.39872 s, avg_batch_cost: 0.79932 s, avg_samples: 55.4, ips: 69.30914 samples/s, eta: 0:22:03, max_mem_reserved: 14736 MB, max_mem_allocated: 13561 MB
[2025/11/12 14:52:39] ppocr INFO: epoch: [150/200], global_step: 5380, lr: 0.000049, acc: 0.984375, norm_edit_dis: 0.998867, CTCLoss: 0.067929, NRTRLoss: 1.308915, loss: 1.377832, avg_reader_cost: 0.00281 s, avg_batch_cost: 0.63154 s, avg_samples: 95.9, ips: 151.85055 samples/s, eta: 0:21:55, max_mem_reserved: 14736 MB, max_mem_allocated: 13561 MB
[2025/11/12 14:52:45] ppocr INFO: epoch: [150/200], global_step: 5390, lr: 0.000048, acc: 0.986305, norm_edit_dis: 0.999162, CTCLoss: 0.075021, NRTRLoss: 1.309151, loss: 1.385070, avg_reader_cost: 0.00280 s, avg_batch_cost: 0.61047 s, avg_samples: 85.2, ips: 139.56473 samples/s, eta: 0:21:47, max_mem_reserved: 14736 MB, max_mem_allocated: 13561 MB
[2025/11/12 14:52:51] ppocr INFO: epoch: [150/200], global_step: 5400, lr: 0.000048, acc: 0.986305, norm_edit_dis: 0.999252, CTCLoss: 0.062019, NRTRLoss: 1.308955, loss: 1.371431, avg_reader_cost: 0.00281 s, avg_batch_cost: 0.62874 s, avg_samples: 95.9, ips: 152.52839 samples/s, eta: 0:21:40, max_mem_reserved: 14736 MB, max_mem_allocated: 13561 MB
[2025/11/12 14:52:52] ppocr INFO: cur metric, acc: 0.5581394916170936, norm_edit_dis: 0.8727184735736208, fps: 682.183804311235
[2025/11/12 14:52:52] ppocr INFO: best metric, acc: 0.5968991785349473, is_float16: False, norm_edit_dis: 0.8752267823170358, fps: 749.2058350699613, best_epoch: 114
[2025/11/12 14:52:54] ppocr INFO: save model in ./output/latest
[2025/11/12 14:52:55] ppocr INFO: save model in ./output/iter_epoch_150
[2025/11/12 14:53:02] ppocr INFO: epoch: [151/200], global_step: 5410, lr: 0.000047, acc: 0.990211, norm_edit_dis: 0.999483, CTCLoss: 0.060010, NRTRLoss: 1.308962, loss: 1.368885, avg_reader_cost: 0.33101 s, avg_batch_cost: 0.96171 s, avg_samples: 91.6, ips: 95.24717 samples/s, eta: 0:21:33, max_mem_reserved: 14736 MB, max_mem_allocated: 13561 MB
[2025/11/12 14:53:08] ppocr INFO: epoch: [151/200], global_step: 5420, lr: 0.000047, acc: 0.988235, norm_edit_dis: 0.999247, CTCLoss: 0.056976, NRTRLoss: 1.308876, loss: 1.365794, avg_reader_cost: 0.00291 s, avg_batch_cost: 0.63664 s, avg_samples: 95.9, ips: 150.63523 samples/s, eta: 0:21:26, max_mem_reserved: 14736 MB, max_mem_allocated: 13561 MB
[2025/11/12 14:53:14] ppocr INFO: epoch: [151/200], global_step: 5430, lr: 0.000046, acc: 0.990211, norm_edit_dis: 0.998805, CTCLoss: 0.060588, NRTRLoss: 1.308811, loss: 1.369384, avg_reader_cost: 0.00291 s, avg_batch_cost: 0.63796 s, avg_samples: 91.7, ips: 143.74051 samples/s, eta: 0:21:18, max_mem_reserved: 14736 MB, max_mem_allocated: 13561 MB
[2025/11/12 14:53:18] ppocr INFO: epoch: [151/200], global_step: 5436, lr: 0.000046, acc: 0.988281, norm_edit_dis: 0.998805, CTCLoss: 0.086294, NRTRLoss: 1.308822, loss: 1.396091, avg_reader_cost: 0.00170 s, avg_batch_cost: 0.38525 s, avg_samples: 53.2, ips: 138.09307 samples/s, eta: 0:21:14, max_mem_reserved: 14736 MB, max_mem_allocated: 13561 MB
[2025/11/12 14:53:20] ppocr INFO: save model in ./output/latest
[2025/11/12 14:53:21] ppocr INFO: save model in ./output/iter_epoch_151
[2025/11/12 14:53:24] ppocr INFO: epoch: [152/200], global_step: 5440, lr: 0.000046, acc: 0.988281, norm_edit_dis: 0.998915, CTCLoss: 0.086294, NRTRLoss: 1.308807, loss: 1.396091, avg_reader_cost: 0.31111 s, avg_batch_cost: 0.56856 s, avg_samples: 27.7, ips: 48.71940 samples/s, eta: 0:21:12, max_mem_reserved: 14736 MB, max_mem_allocated: 13561 MB
[2025/11/12 14:53:31] ppocr INFO: epoch: [152/200], global_step: 5450, lr: 0.000045, acc: 0.984375, norm_edit_dis: 0.998725, CTCLoss: 0.055923, NRTRLoss: 1.308712, loss: 1.365382, avg_reader_cost: 0.00321 s, avg_batch_cost: 0.67750 s, avg_samples: 102.3, ips: 150.99654 samples/s, eta: 0:21:05, max_mem_reserved: 14736 MB, max_mem_allocated: 13561 MB
[2025/11/12 14:53:37] ppocr INFO: epoch: [152/200], global_step: 5460, lr: 0.000045, acc: 0.984375, norm_edit_dis: 0.998849, CTCLoss: 0.072068, NRTRLoss: 1.308819, loss: 1.381332, avg_reader_cost: 0.00283 s, avg_batch_cost: 0.64573 s, avg_samples: 91.6, ips: 141.85408 samples/s, eta: 0:20:57, max_mem_reserved: 14736 MB, max_mem_allocated: 13561 MB
[2025/11/12 14:53:44] ppocr INFO: epoch: [152/200], global_step: 5470, lr: 0.000045, acc: 0.984375, norm_edit_dis: 0.998834, CTCLoss: 0.075507, NRTRLoss: 1.308956, loss: 1.385553, avg_reader_cost: 0.00281 s, avg_batch_cost: 0.65838 s, avg_samples: 95.9, ips: 145.65947 samples/s, eta: 0:20:50, max_mem_reserved: 14736 MB, max_mem_allocated: 13561 MB
[2025/11/12 14:53:45] ppocr INFO: epoch: [152/200], global_step: 5472, lr: 0.000044, acc: 0.984375, norm_edit_dis: 0.998202, CTCLoss: 0.075507, NRTRLoss: 1.308956, loss: 1.385553, avg_reader_cost: 0.00098 s, avg_batch_cost: 0.13014 s, avg_samples: 14.9, ips: 114.49427 samples/s, eta: 0:20:48, max_mem_reserved: 14736 MB, max_mem_allocated: 13561 MB
[2025/11/12 14:53:47] ppocr INFO: save model in ./output/latest
[2025/11/12 14:53:48] ppocr INFO: save model in ./output/iter_epoch_152
[2025/11/12 14:53:55] ppocr INFO: epoch: [153/200], global_step: 5480, lr: 0.000044, acc: 0.986305, norm_edit_dis: 0.998118, CTCLoss: 0.071591, NRTRLoss: 1.309077, loss: 1.381955, avg_reader_cost: 0.39851 s, avg_batch_cost: 0.95133 s, avg_samples: 72.5, ips: 76.20927 samples/s, eta: 0:20:44, max_mem_reserved: 14736 MB, max_mem_allocated: 13561 MB
[2025/11/12 14:54:01] ppocr INFO: epoch: [153/200], global_step: 5490, lr: 0.000044, acc: 0.996094, norm_edit_dis: 0.999438, CTCLoss: 0.050588, NRTRLoss: 1.308875, loss: 1.359311, avg_reader_cost: 0.00288 s, avg_batch_cost: 0.66977 s, avg_samples: 98.0, ips: 146.31984 samples/s, eta: 0:20:36, max_mem_reserved: 14736 MB, max_mem_allocated: 13561 MB
[2025/11/12 14:54:08] ppocr INFO: epoch: [153/200], global_step: 5500, lr: 0.000043, acc: 0.996094, norm_edit_dis: 0.999878, CTCLoss: 0.046784, NRTRLoss: 1.308792, loss: 1.355656, avg_reader_cost: 0.00285 s, avg_batch_cost: 0.65360 s, avg_samples: 93.8, ips: 143.51267 samples/s, eta: 0:20:29, max_mem_reserved: 14736 MB, max_mem_allocated: 13561 MB
[2025/11/12 14:54:09] ppocr INFO: cur metric, acc: 0.5581394916170936, norm_edit_dis: 0.8727260886969247, fps: 561.7820527596164
[2025/11/12 14:54:09] ppocr INFO: best metric, acc: 0.5968991785349473, is_float16: False, norm_edit_dis: 0.8752267823170358, fps: 749.2058350699613, best_epoch: 114
[2025/11/12 14:54:14] ppocr INFO: epoch: [153/200], global_step: 5508, lr: 0.000043, acc: 0.988235, norm_edit_dis: 0.998483, CTCLoss: 0.054524, NRTRLoss: 1.308792, loss: 1.363453, avg_reader_cost: 0.00230 s, avg_batch_cost: 0.49753 s, avg_samples: 68.1, ips: 136.87654 samples/s, eta: 0:20:23, max_mem_reserved: 14736 MB, max_mem_allocated: 13561 MB
[2025/11/12 14:54:16] ppocr INFO: save model in ./output/latest
[2025/11/12 14:54:17] ppocr INFO: save model in ./output/iter_epoch_153
[2025/11/12 14:54:19] ppocr INFO: epoch: [154/200], global_step: 5510, lr: 0.000043, acc: 0.988235, norm_edit_dis: 0.998351, CTCLoss: 0.066194, NRTRLoss: 1.308809, loss: 1.375369, avg_reader_cost: 0.38514 s, avg_batch_cost: 0.50918 s, avg_samples: 21.3, ips: 41.83175 samples/s, eta: 0:20:22, max_mem_reserved: 14736 MB, max_mem_allocated: 13561 MB
[2025/11/12 14:54:25] ppocr INFO: epoch: [154/200], global_step: 5520, lr: 0.000042, acc: 0.990211, norm_edit_dis: 0.999444, CTCLoss: 0.064381, NRTRLoss: 1.308808, loss: 1.373810, avg_reader_cost: 0.00292 s, avg_batch_cost: 0.63865 s, avg_samples: 93.8, ips: 146.87215 samples/s, eta: 0:20:15, max_mem_reserved: 14736 MB, max_mem_allocated: 13561 MB
[2025/11/12 14:54:32] ppocr INFO: epoch: [154/200], global_step: 5530, lr: 0.000042, acc: 0.992187, norm_edit_dis: 0.999140, CTCLoss: 0.061296, NRTRLoss: 1.308784, loss: 1.370493, avg_reader_cost: 0.00285 s, avg_batch_cost: 0.63438 s, avg_samples: 83.1, ips: 130.99369 samples/s, eta: 0:20:07, max_mem_reserved: 14736 MB, max_mem_allocated: 13561 MB
[2025/11/12 14:54:38] ppocr INFO: epoch: [154/200], global_step: 5540, lr: 0.000041, acc: 0.988235, norm_edit_dis: 0.998687, CTCLoss: 0.069022, NRTRLoss: 1.309118, loss: 1.378875, avg_reader_cost: 0.00282 s, avg_batch_cost: 0.65099 s, avg_samples: 104.4, ips: 160.37138 samples/s, eta: 0:20:00, max_mem_reserved: 14736 MB, max_mem_allocated: 13561 MB
[2025/11/12 14:54:41] ppocr INFO: epoch: [154/200], global_step: 5544, lr: 0.000041, acc: 0.988235, norm_edit_dis: 0.998802, CTCLoss: 0.090407, NRTRLoss: 1.309118, loss: 1.399994, avg_reader_cost: 0.00112 s, avg_batch_cost: 0.24071 s, avg_samples: 29.8, ips: 123.80218 samples/s, eta: 0:19:57, max_mem_reserved: 14736 MB, max_mem_allocated: 13561 MB
[2025/11/12 14:54:42] ppocr INFO: save model in ./output/latest
[2025/11/12 14:54:44] ppocr INFO: save model in ./output/iter_epoch_154
[2025/11/12 14:54:49] ppocr INFO: epoch: [155/200], global_step: 5550, lr: 0.000041, acc: 0.988235, norm_edit_dis: 0.998552, CTCLoss: 0.113401, NRTRLoss: 1.309079, loss: 1.422820, avg_reader_cost: 0.37084 s, avg_batch_cost: 0.83460 s, avg_samples: 59.7, ips: 71.53124 samples/s, eta: 0:19:54, max_mem_reserved: 14736 MB, max_mem_allocated: 13561 MB
[2025/11/12 14:54:56] ppocr INFO: epoch: [155/200], global_step: 5560, lr: 0.000040, acc: 0.990211, norm_edit_dis: 0.999177, CTCLoss: 0.074016, NRTRLoss: 1.308869, loss: 1.383125, avg_reader_cost: 0.00288 s, avg_batch_cost: 0.65747 s, avg_samples: 93.7, ips: 142.51512 samples/s, eta: 0:19:46, max_mem_reserved: 14736 MB, max_mem_allocated: 13561 MB
[2025/11/12 14:55:02] ppocr INFO: epoch: [155/200], global_step: 5570, lr: 0.000040, acc: 0.990211, norm_edit_dis: 0.999163, CTCLoss: 0.056079, NRTRLoss: 1.308791, loss: 1.366695, avg_reader_cost: 0.00286 s, avg_batch_cost: 0.66566 s, avg_samples: 89.5, ips: 134.45289 samples/s, eta: 0:19:39, max_mem_reserved: 14736 MB, max_mem_allocated: 13561 MB
[2025/11/12 14:55:09] ppocr INFO: epoch: [155/200], global_step: 5580, lr: 0.000040, acc: 0.986305, norm_edit_dis: 0.999163, CTCLoss: 0.054738, NRTRLoss: 1.308904, loss: 1.363588, avg_reader_cost: 0.00285 s, avg_batch_cost: 0.63031 s, avg_samples: 89.5, ips: 141.99436 samples/s, eta: 0:19:31, max_mem_reserved: 14736 MB, max_mem_allocated: 13561 MB
[2025/11/12 14:55:11] ppocr INFO: save model in ./output/latest
[2025/11/12 14:55:12] ppocr INFO: save model in ./output/iter_epoch_155
[2025/11/12 14:55:19] ppocr INFO: epoch: [156/200], global_step: 5590, lr: 0.000039, acc: 0.984375, norm_edit_dis: 0.998231, CTCLoss: 0.079257, NRTRLoss: 1.309127, loss: 1.388267, avg_reader_cost: 0.38637 s, avg_batch_cost: 1.05485 s, avg_samples: 102.3, ips: 96.98080 samples/s, eta: 0:19:25, max_mem_reserved: 14736 MB, max_mem_allocated: 13561 MB
[2025/11/12 14:55:25] ppocr INFO: epoch: [156/200], global_step: 5600, lr: 0.000039, acc: 0.986305, norm_edit_dis: 0.998546, CTCLoss: 0.073779, NRTRLoss: 1.308777, loss: 1.383238, avg_reader_cost: 0.00326 s, avg_batch_cost: 0.62152 s, avg_samples: 93.7, ips: 150.76042 samples/s, eta: 0:19:18, max_mem_reserved: 14736 MB, max_mem_allocated: 13561 MB
[2025/11/12 14:55:26] ppocr INFO: cur metric, acc: 0.5426356168499522, norm_edit_dis: 0.8671073829665814, fps: 829.5772517777798
[2025/11/12 14:55:26] ppocr INFO: best metric, acc: 0.5968991785349473, is_float16: False, norm_edit_dis: 0.8752267823170358, fps: 749.2058350699613, best_epoch: 114
[2025/11/12 14:55:32] ppocr INFO: epoch: [156/200], global_step: 5610, lr: 0.000038, acc: 0.988235, norm_edit_dis: 0.998770, CTCLoss: 0.047312, NRTRLoss: 1.308698, loss: 1.356835, avg_reader_cost: 0.00294 s, avg_batch_cost: 0.61390 s, avg_samples: 95.9, ips: 156.21384 samples/s, eta: 0:19:10, max_mem_reserved: 14736 MB, max_mem_allocated: 13561 MB
[2025/11/12 14:55:36] ppocr INFO: epoch: [156/200], global_step: 5616, lr: 0.000038, acc: 0.996094, norm_edit_dis: 0.999566, CTCLoss: 0.033244, NRTRLoss: 1.308734, loss: 1.342050, avg_reader_cost: 0.00167 s, avg_batch_cost: 0.35286 s, avg_samples: 40.5, ips: 114.77555 samples/s, eta: 0:19:05, max_mem_reserved: 14736 MB, max_mem_allocated: 13561 MB
[2025/11/12 14:55:38] ppocr INFO: save model in ./output/latest
[2025/11/12 14:55:38] ppocr INFO: save model in ./output/iter_epoch_156
[2025/11/12 14:55:42] ppocr INFO: epoch: [157/200], global_step: 5620, lr: 0.000038, acc: 1.000000, norm_edit_dis: 1.000000, CTCLoss: 0.036275, NRTRLoss: 1.308679, loss: 1.344963, avg_reader_cost: 0.34144 s, avg_batch_cost: 0.62391 s, avg_samples: 36.2, ips: 58.02122 samples/s, eta: 0:19:03, max_mem_reserved: 14736 MB, max_mem_allocated: 13561 MB
[2025/11/12 14:55:49] ppocr INFO: epoch: [157/200], global_step: 5630, lr: 0.000037, acc: 1.000000, norm_edit_dis: 1.000000, CTCLoss: 0.039423, NRTRLoss: 1.308671, loss: 1.348154, avg_reader_cost: 0.00285 s, avg_batch_cost: 0.65741 s, avg_samples: 102.3, ips: 155.61013 samples/s, eta: 0:18:56, max_mem_reserved: 14736 MB, max_mem_allocated: 13561 MB
[2025/11/12 14:55:55] ppocr INFO: epoch: [157/200], global_step: 5640, lr: 0.000037, acc: 0.990211, norm_edit_dis: 0.999397, CTCLoss: 0.048227, NRTRLoss: 1.308666, loss: 1.357612, avg_reader_cost: 0.00325 s, avg_batch_cost: 0.61635 s, avg_samples: 80.9, ips: 131.25588 samples/s, eta: 0:18:49, max_mem_reserved: 14736 MB, max_mem_allocated: 13561 MB
[2025/11/12 14:56:02] ppocr INFO: epoch: [157/200], global_step: 5650, lr: 0.000036, acc: 1.000000, norm_edit_dis: 1.000000, CTCLoss: 0.024667, NRTRLoss: 1.308642, loss: 1.333796, avg_reader_cost: 0.00328 s, avg_batch_cost: 0.66027 s, avg_samples: 93.8, ips: 142.06253 samples/s, eta: 0:18:41, max_mem_reserved: 14736 MB, max_mem_allocated: 13561 MB
[2025/11/12 14:56:03] ppocr INFO: epoch: [157/200], global_step: 5652, lr: 0.000036, acc: 1.000000, norm_edit_dis: 1.000000, CTCLoss: 0.024667, NRTRLoss: 1.308642, loss: 1.333796, avg_reader_cost: 0.00054 s, avg_batch_cost: 0.13283 s, avg_samples: 19.2, ips: 144.54750 samples/s, eta: 0:18:40, max_mem_reserved: 14736 MB, max_mem_allocated: 13561 MB
[2025/11/12 14:56:04] ppocr INFO: save model in ./output/latest
[2025/11/12 14:56:05] ppocr INFO: save model in ./output/iter_epoch_157
[2025/11/12 14:56:12] ppocr INFO: epoch: [158/200], global_step: 5660, lr: 0.000036, acc: 0.996094, norm_edit_dis: 0.999783, CTCLoss: 0.048823, NRTRLoss: 1.308667, loss: 1.358365, avg_reader_cost: 0.32250 s, avg_batch_cost: 0.86733 s, avg_samples: 72.4, ips: 83.47468 samples/s, eta: 0:18:35, max_mem_reserved: 14736 MB, max_mem_allocated: 13561 MB
[2025/11/12 14:56:18] ppocr INFO: epoch: [158/200], global_step: 5670, lr: 0.000036, acc: 0.992187, norm_edit_dis: 0.999135, CTCLoss: 0.051722, NRTRLoss: 1.308621, loss: 1.361095, avg_reader_cost: 0.00288 s, avg_batch_cost: 0.65148 s, avg_samples: 98.1, ips: 150.57924 samples/s, eta: 0:18:27, max_mem_reserved: 14736 MB, max_mem_allocated: 13561 MB
[2025/11/12 14:56:24] ppocr INFO: epoch: [158/200], global_step: 5680, lr: 0.000035, acc: 0.988235, norm_edit_dis: 0.999203, CTCLoss: 0.042729, NRTRLoss: 1.308639, loss: 1.351566, avg_reader_cost: 0.00284 s, avg_batch_cost: 0.63239 s, avg_samples: 89.5, ips: 141.52674 samples/s, eta: 0:18:20, max_mem_reserved: 14736 MB, max_mem_allocated: 13561 MB
[2025/11/12 14:56:30] ppocr INFO: epoch: [158/200], global_step: 5688, lr: 0.000035, acc: 0.996094, norm_edit_dis: 0.999765, CTCLoss: 0.044770, NRTRLoss: 1.308765, loss: 1.353458, avg_reader_cost: 0.00225 s, avg_batch_cost: 0.51670 s, avg_samples: 72.4, ips: 140.11885 samples/s, eta: 0:18:14, max_mem_reserved: 14736 MB, max_mem_allocated: 13561 MB
[2025/11/12 14:56:31] ppocr INFO: save model in ./output/latest
[2025/11/12 14:56:32] ppocr INFO: save model in ./output/iter_epoch_158
[2025/11/12 14:56:34] ppocr INFO: epoch: [159/200], global_step: 5690, lr: 0.000035, acc: 0.996094, norm_edit_dis: 0.999765, CTCLoss: 0.044770, NRTRLoss: 1.308688, loss: 1.353458, avg_reader_cost: 0.34904 s, avg_batch_cost: 0.47663 s, avg_samples: 12.8, ips: 26.85524 samples/s, eta: 0:18:13, max_mem_reserved: 14736 MB, max_mem_allocated: 13561 MB
[2025/11/12 14:56:41] ppocr INFO: epoch: [159/200], global_step: 5700, lr: 0.000034, acc: 0.996094, norm_edit_dis: 0.999765, CTCLoss: 0.042824, NRTRLoss: 1.308754, loss: 1.351578, avg_reader_cost: 0.00319 s, avg_batch_cost: 0.67102 s, avg_samples: 98.0, ips: 146.04690 samples/s, eta: 0:18:06, max_mem_reserved: 14736 MB, max_mem_allocated: 13561 MB
[2025/11/12 14:56:42] ppocr INFO: cur metric, acc: 0.5426356168499522, norm_edit_dis: 0.8774005128106322, fps: 604.3787221779139
[2025/11/12 14:56:42] ppocr INFO: best metric, acc: 0.5968991785349473, is_float16: False, norm_edit_dis: 0.8752267823170358, fps: 749.2058350699613, best_epoch: 114
[2025/11/12 14:56:48] ppocr INFO: epoch: [159/200], global_step: 5710, lr: 0.000034, acc: 0.996094, norm_edit_dis: 0.999765, CTCLoss: 0.034618, NRTRLoss: 1.308626, loss: 1.343465, avg_reader_cost: 0.00295 s, avg_batch_cost: 0.61380 s, avg_samples: 85.2, ips: 138.80681 samples/s, eta: 0:17:58, max_mem_reserved: 14736 MB, max_mem_allocated: 13561 MB
[2025/11/12 14:56:55] ppocr INFO: epoch: [159/200], global_step: 5720, lr: 0.000034, acc: 1.000000, norm_edit_dis: 1.000000, CTCLoss: 0.037370, NRTRLoss: 1.308678, loss: 1.348074, avg_reader_cost: 0.00287 s, avg_batch_cost: 0.67311 s, avg_samples: 100.2, ips: 148.86016 samples/s, eta: 0:17:51, max_mem_reserved: 14736 MB, max_mem_allocated: 13561 MB
[2025/11/12 14:56:57] ppocr INFO: epoch: [159/200], global_step: 5724, lr: 0.000033, acc: 1.000000, norm_edit_dis: 1.000000, CTCLoss: 0.034216, NRTRLoss: 1.308650, loss: 1.342884, avg_reader_cost: 0.00113 s, avg_batch_cost: 0.25112 s, avg_samples: 36.2, ips: 144.15174 samples/s, eta: 0:17:48, max_mem_reserved: 14736 MB, max_mem_allocated: 13561 MB
[2025/11/12 14:56:59] ppocr INFO: save model in ./output/latest
[2025/11/12 14:57:00] ppocr INFO: save model in ./output/iter_epoch_159
[2025/11/12 14:57:05] ppocr INFO: epoch: [160/200], global_step: 5730, lr: 0.000033, acc: 0.988235, norm_edit_dis: 0.999163, CTCLoss: 0.060070, NRTRLoss: 1.308683, loss: 1.369704, avg_reader_cost: 0.32119 s, avg_batch_cost: 0.72004 s, avg_samples: 55.4, ips: 76.94065 samples/s, eta: 0:17:44, max_mem_reserved: 14736 MB, max_mem_allocated: 13561 MB
[2025/11/12 14:57:11] ppocr INFO: epoch: [160/200], global_step: 5740, lr: 0.000033, acc: 0.986305, norm_edit_dis: 0.998449, CTCLoss: 0.075239, NRTRLoss: 1.308673, loss: 1.384606, avg_reader_cost: 0.00289 s, avg_batch_cost: 0.59955 s, avg_samples: 87.4, ips: 145.77717 samples/s, eta: 0:17:37, max_mem_reserved: 14736 MB, max_mem_allocated: 13561 MB
[2025/11/12 14:57:16] ppocr INFO: epoch: [160/200], global_step: 5750, lr: 0.000032, acc: 1.000000, norm_edit_dis: 1.000000, CTCLoss: 0.050475, NRTRLoss: 1.308654, loss: 1.359963, avg_reader_cost: 0.00284 s, avg_batch_cost: 0.59478 s, avg_samples: 85.2, ips: 143.24623 samples/s, eta: 0:17:29, max_mem_reserved: 14736 MB, max_mem_allocated: 13561 MB
[2025/11/12 14:57:23] ppocr INFO: epoch: [160/200], global_step: 5760, lr: 0.000032, acc: 0.996094, norm_edit_dis: 0.999399, CTCLoss: 0.038217, NRTRLoss: 1.308629, loss: 1.346913, avg_reader_cost: 0.00283 s, avg_batch_cost: 0.65587 s, avg_samples: 104.4, ips: 159.17871 samples/s, eta: 0:17:22, max_mem_reserved: 14736 MB, max_mem_allocated: 13561 MB
[2025/11/12 14:57:25] ppocr INFO: save model in ./output/latest
[2025/11/12 14:57:26] ppocr INFO: save model in ./output/iter_epoch_160
[2025/11/12 14:57:33] ppocr INFO: epoch: [161/200], global_step: 5770, lr: 0.000031, acc: 0.988235, norm_edit_dis: 0.998492, CTCLoss: 0.062366, NRTRLoss: 1.308682, loss: 1.372474, avg_reader_cost: 0.33730 s, avg_batch_cost: 0.98989 s, avg_samples: 89.5, ips: 90.41420 samples/s, eta: 0:17:15, max_mem_reserved: 14736 MB, max_mem_allocated: 13561 MB
[2025/11/12 14:57:40] ppocr INFO: epoch: [161/200], global_step: 5780, lr: 0.000031, acc: 0.988235, norm_edit_dis: 0.999088, CTCLoss: 0.066183, NRTRLoss: 1.308887, loss: 1.374785, avg_reader_cost: 0.00336 s, avg_batch_cost: 0.66582 s, avg_samples: 100.2, ips: 150.49121 samples/s, eta: 0:17:08, max_mem_reserved: 14736 MB, max_mem_allocated: 13561 MB
[2025/11/12 14:57:46] ppocr INFO: epoch: [161/200], global_step: 5790, lr: 0.000031, acc: 0.988235, norm_edit_dis: 0.999473, CTCLoss: 0.063599, NRTRLoss: 1.308874, loss: 1.372019, avg_reader_cost: 0.00291 s, avg_batch_cost: 0.64050 s, avg_samples: 98.0, ips: 153.00583 samples/s, eta: 0:17:00, max_mem_reserved: 14736 MB, max_mem_allocated: 13561 MB
[2025/11/12 14:57:49] ppocr INFO: epoch: [161/200], global_step: 5796, lr: 0.000030, acc: 0.994118, norm_edit_dis: 0.999774, CTCLoss: 0.044815, NRTRLoss: 1.308514, loss: 1.353859, avg_reader_cost: 0.00176 s, avg_batch_cost: 0.31903 s, avg_samples: 44.7, ips: 140.11216 samples/s, eta: 0:16:56, max_mem_reserved: 14736 MB, max_mem_allocated: 13561 MB
[2025/11/12 14:57:51] ppocr INFO: save model in ./output/latest
[2025/11/12 14:57:52] ppocr INFO: save model in ./output/iter_epoch_161
[2025/11/12 14:57:55] ppocr INFO: epoch: [162/200], global_step: 5800, lr: 0.000030, acc: 1.000000, norm_edit_dis: 1.000000, CTCLoss: 0.038125, NRTRLoss: 1.308369, loss: 1.346639, avg_reader_cost: 0.31380 s, avg_batch_cost: 0.60788 s, avg_samples: 36.2, ips: 59.55129 samples/s, eta: 0:16:54, max_mem_reserved: 14736 MB, max_mem_allocated: 13561 MB
[2025/11/12 14:57:56] ppocr INFO: cur metric, acc: 0.5658914290006644, norm_edit_dis: 0.8689609372585289, fps: 625.664432199911
[2025/11/12 14:57:56] ppocr INFO: best metric, acc: 0.5968991785349473, is_float16: False, norm_edit_dis: 0.8752267823170358, fps: 749.2058350699613, best_epoch: 114
[2025/11/12 14:58:03] ppocr INFO: epoch: [162/200], global_step: 5810, lr: 0.000030, acc: 0.996094, norm_edit_dis: 0.999774, CTCLoss: 0.038125, NRTRLoss: 1.308423, loss: 1.346639, avg_reader_cost: 0.00290 s, avg_batch_cost: 0.68550 s, avg_samples: 91.7, ips: 133.77006 samples/s, eta: 0:16:46, max_mem_reserved: 14736 MB, max_mem_allocated: 13561 MB
[2025/11/12 14:58:10] ppocr INFO: epoch: [162/200], global_step: 5820, lr: 0.000030, acc: 0.988235, norm_edit_dis: 0.998911, CTCLoss: 0.066976, NRTRLoss: 1.308543, loss: 1.380400, avg_reader_cost: 0.00294 s, avg_batch_cost: 0.63908 s, avg_samples: 91.6, ips: 143.33184 samples/s, eta: 0:16:39, max_mem_reserved: 14736 MB, max_mem_allocated: 13561 MB
[2025/11/12 14:58:16] ppocr INFO: epoch: [162/200], global_step: 5830, lr: 0.000029, acc: 0.986305, norm_edit_dis: 0.998820, CTCLoss: 0.061888, NRTRLoss: 1.308935, loss: 1.370653, avg_reader_cost: 0.00330 s, avg_batch_cost: 0.63379 s, avg_samples: 95.9, ips: 151.31203 samples/s, eta: 0:16:31, max_mem_reserved: 14736 MB, max_mem_allocated: 13561 MB
[2025/11/12 14:58:17] ppocr INFO: epoch: [162/200], global_step: 5832, lr: 0.000029, acc: 0.986305, norm_edit_dis: 0.998739, CTCLoss: 0.054621, NRTRLoss: 1.308935, loss: 1.363000, avg_reader_cost: 0.00056 s, avg_batch_cost: 0.11625 s, avg_samples: 17.0, ips: 146.24275 samples/s, eta: 0:16:30, max_mem_reserved: 14736 MB, max_mem_allocated: 13561 MB
[2025/11/12 14:58:19] ppocr INFO: save model in ./output/latest
[2025/11/12 14:58:20] ppocr INFO: save model in ./output/iter_epoch_162
[2025/11/12 14:58:27] ppocr INFO: epoch: [163/200], global_step: 5840, lr: 0.000029, acc: 0.986305, norm_edit_dis: 0.998904, CTCLoss: 0.052667, NRTRLoss: 1.308645, loss: 1.361066, avg_reader_cost: 0.42399 s, avg_batch_cost: 0.99289 s, avg_samples: 72.5, ips: 73.01948 samples/s, eta: 0:16:25, max_mem_reserved: 14736 MB, max_mem_allocated: 13561 MB
[2025/11/12 14:58:34] ppocr INFO: epoch: [163/200], global_step: 5850, lr: 0.000028, acc: 0.996094, norm_edit_dis: 0.999850, CTCLoss: 0.038789, NRTRLoss: 1.308381, loss: 1.347262, avg_reader_cost: 0.00328 s, avg_batch_cost: 0.69878 s, avg_samples: 98.0, ips: 140.24497 samples/s, eta: 0:16:18, max_mem_reserved: 14736 MB, max_mem_allocated: 13561 MB
[2025/11/12 14:58:41] ppocr INFO: epoch: [163/200], global_step: 5860, lr: 0.000028, acc: 0.990211, norm_edit_dis: 0.999170, CTCLoss: 0.065001, NRTRLoss: 1.308644, loss: 1.373642, avg_reader_cost: 0.00285 s, avg_batch_cost: 0.66104 s, avg_samples: 98.0, ips: 148.25128 samples/s, eta: 0:16:10, max_mem_reserved: 14736 MB, max_mem_allocated: 13561 MB
[2025/11/12 14:58:46] ppocr INFO: epoch: [163/200], global_step: 5868, lr: 0.000028, acc: 0.986305, norm_edit_dis: 0.998358, CTCLoss: 0.091140, NRTRLoss: 1.308689, loss: 1.400073, avg_reader_cost: 0.00274 s, avg_batch_cost: 0.48648 s, avg_samples: 63.9, ips: 131.35059 samples/s, eta: 0:16:04, max_mem_reserved: 14736 MB, max_mem_allocated: 13561 MB
[2025/11/12 14:58:47] ppocr INFO: save model in ./output/latest
[2025/11/12 14:58:48] ppocr INFO: save model in ./output/iter_epoch_163
[2025/11/12 14:58:51] ppocr INFO: epoch: [164/200], global_step: 5870, lr: 0.000028, acc: 0.984375, norm_edit_dis: 0.998487, CTCLoss: 0.117237, NRTRLoss: 1.308743, loss: 1.426044, avg_reader_cost: 0.37584 s, avg_batch_cost: 0.52993 s, avg_samples: 19.2, ips: 36.23129 samples/s, eta: 0:16:04, max_mem_reserved: 14736 MB, max_mem_allocated: 13561 MB
[2025/11/12 14:58:57] ppocr INFO: epoch: [164/200], global_step: 5880, lr: 0.000027, acc: 0.988235, norm_edit_dis: 0.998559, CTCLoss: 0.071690, NRTRLoss: 1.308851, loss: 1.380903, avg_reader_cost: 0.00290 s, avg_batch_cost: 0.65006 s, avg_samples: 110.8, ips: 170.44454 samples/s, eta: 0:15:56, max_mem_reserved: 14736 MB, max_mem_allocated: 13561 MB
[2025/11/12 14:59:03] ppocr INFO: epoch: [164/200], global_step: 5890, lr: 0.000027, acc: 0.990211, norm_edit_dis: 0.999372, CTCLoss: 0.052841, NRTRLoss: 1.308830, loss: 1.361567, avg_reader_cost: 0.00339 s, avg_batch_cost: 0.59999 s, avg_samples: 76.6, ips: 127.66927 samples/s, eta: 0:15:49, max_mem_reserved: 14736 MB, max_mem_allocated: 13561 MB
[2025/11/12 14:59:10] ppocr INFO: epoch: [164/200], global_step: 5900, lr: 0.000026, acc: 0.988235, norm_edit_dis: 0.999593, CTCLoss: 0.052841, NRTRLoss: 1.308561, loss: 1.361567, avg_reader_cost: 0.00283 s, avg_batch_cost: 0.64324 s, avg_samples: 91.7, ips: 142.55921 samples/s, eta: 0:15:41, max_mem_reserved: 14736 MB, max_mem_allocated: 13561 MB
[2025/11/12 14:59:11] ppocr INFO: cur metric, acc: 0.5658914290006644, norm_edit_dis: 0.864866560807127, fps: 781.1411312909653
[2025/11/12 14:59:11] ppocr INFO: best metric, acc: 0.5968991785349473, is_float16: False, norm_edit_dis: 0.8752267823170358, fps: 749.2058350699613, best_epoch: 114
[2025/11/12 14:59:13] ppocr INFO: epoch: [164/200], global_step: 5904, lr: 0.000026, acc: 0.988235, norm_edit_dis: 0.999593, CTCLoss: 0.052841, NRTRLoss: 1.308625, loss: 1.361567, avg_reader_cost: 0.00163 s, avg_batch_cost: 0.25048 s, avg_samples: 34.1, ips: 136.13996 samples/s, eta: 0:15:38, max_mem_reserved: 14736 MB, max_mem_allocated: 13561 MB
[2025/11/12 14:59:15] ppocr INFO: save model in ./output/latest
[2025/11/12 14:59:16] ppocr INFO: save model in ./output/iter_epoch_164
[2025/11/12 14:59:21] ppocr INFO: epoch: [165/200], global_step: 5910, lr: 0.000026, acc: 0.988235, norm_edit_dis: 0.999632, CTCLoss: 0.051326, NRTRLoss: 1.308555, loss: 1.359886, avg_reader_cost: 0.34929 s, avg_batch_cost: 0.74580 s, avg_samples: 51.1, ips: 68.51674 samples/s, eta: 0:15:35, max_mem_reserved: 14736 MB, max_mem_allocated: 13561 MB
[2025/11/12 14:59:28] ppocr INFO: epoch: [165/200], global_step: 5920, lr: 0.000026, acc: 0.988235, norm_edit_dis: 0.998994, CTCLoss: 0.099128, NRTRLoss: 1.308683, loss: 1.408618, avg_reader_cost: 0.00283 s, avg_batch_cost: 0.71276 s, avg_samples: 108.7, ips: 152.50535 samples/s, eta: 0:15:27, max_mem_reserved: 14736 MB, max_mem_allocated: 13561 MB
[2025/11/12 14:59:34] ppocr INFO: epoch: [165/200], global_step: 5930, lr: 0.000025, acc: 0.986305, norm_edit_dis: 0.998651, CTCLoss: 0.125966, NRTRLoss: 1.309007, loss: 1.436006, avg_reader_cost: 0.00285 s, avg_batch_cost: 0.65226 s, avg_samples: 91.6, ips: 140.43555 samples/s, eta: 0:15:20, max_mem_reserved: 14736 MB, max_mem_allocated: 13561 MB
[2025/11/12 14:59:40] ppocr INFO: epoch: [165/200], global_step: 5940, lr: 0.000025, acc: 0.988235, norm_edit_dis: 0.998798, CTCLoss: 0.061601, NRTRLoss: 1.308633, loss: 1.370350, avg_reader_cost: 0.00283 s, avg_batch_cost: 0.60345 s, avg_samples: 81.0, ips: 134.22771 samples/s, eta: 0:15:13, max_mem_reserved: 14736 MB, max_mem_allocated: 13561 MB
[2025/11/12 14:59:42] ppocr INFO: save model in ./output/latest
[2025/11/12 14:59:43] ppocr INFO: save model in ./output/iter_epoch_165
[2025/11/12 14:59:50] ppocr INFO: epoch: [166/200], global_step: 5950, lr: 0.000025, acc: 0.996094, norm_edit_dis: 0.999756, CTCLoss: 0.041871, NRTRLoss: 1.308507, loss: 1.350516, avg_reader_cost: 0.31915 s, avg_batch_cost: 0.96709 s, avg_samples: 93.7, ips: 96.88887 samples/s, eta: 0:15:06, max_mem_reserved: 14736 MB, max_mem_allocated: 13561 MB
[2025/11/12 14:59:56] ppocr INFO: epoch: [166/200], global_step: 5960, lr: 0.000024, acc: 1.000000, norm_edit_dis: 1.000000, CTCLoss: 0.034473, NRTRLoss: 1.308517, loss: 1.343055, avg_reader_cost: 0.00321 s, avg_batch_cost: 0.62641 s, avg_samples: 85.3, ips: 136.17262 samples/s, eta: 0:14:58, max_mem_reserved: 14736 MB, max_mem_allocated: 13561 MB
[2025/11/12 15:00:03] ppocr INFO: epoch: [166/200], global_step: 5970, lr: 0.000024, acc: 0.992187, norm_edit_dis: 0.999268, CTCLoss: 0.044195, NRTRLoss: 1.308641, loss: 1.352923, avg_reader_cost: 0.00286 s, avg_batch_cost: 0.60575 s, avg_samples: 91.6, ips: 151.21649 samples/s, eta: 0:14:51, max_mem_reserved: 14736 MB, max_mem_allocated: 13561 MB
[2025/11/12 15:00:06] ppocr INFO: epoch: [166/200], global_step: 5976, lr: 0.000024, acc: 0.992187, norm_edit_dis: 0.999292, CTCLoss: 0.044195, NRTRLoss: 1.308715, loss: 1.352923, avg_reader_cost: 0.00213 s, avg_batch_cost: 0.39007 s, avg_samples: 61.8, ips: 158.43177 samples/s, eta: 0:14:46, max_mem_reserved: 14736 MB, max_mem_allocated: 13561 MB
[2025/11/12 15:00:08] ppocr INFO: save model in ./output/latest
[2025/11/12 15:00:09] ppocr INFO: save model in ./output/iter_epoch_166
[2025/11/12 15:00:13] ppocr INFO: epoch: [167/200], global_step: 5980, lr: 0.000024, acc: 0.992187, norm_edit_dis: 0.999514, CTCLoss: 0.044198, NRTRLoss: 1.308715, loss: 1.352923, avg_reader_cost: 0.40566 s, avg_batch_cost: 0.66860 s, avg_samples: 29.8, ips: 44.57083 samples/s, eta: 0:14:44, max_mem_reserved: 14736 MB, max_mem_allocated: 13561 MB
[2025/11/12 15:00:19] ppocr INFO: epoch: [167/200], global_step: 5990, lr: 0.000023, acc: 1.000000, norm_edit_dis: 1.000000, CTCLoss: 0.046315, NRTRLoss: 1.308525, loss: 1.355524, avg_reader_cost: 0.00324 s, avg_batch_cost: 0.62711 s, avg_samples: 89.5, ips: 142.71741 samples/s, eta: 0:14:37, max_mem_reserved: 14736 MB, max_mem_allocated: 13561 MB
[2025/11/12 15:00:26] ppocr INFO: epoch: [167/200], global_step: 6000, lr: 0.000023, acc: 1.000000, norm_edit_dis: 1.000000, CTCLoss: 0.052934, NRTRLoss: 1.308569, loss: 1.361922, avg_reader_cost: 0.00332 s, avg_batch_cost: 0.61314 s, avg_samples: 91.6, ips: 149.39415 samples/s, eta: 0:14:29, max_mem_reserved: 14736 MB, max_mem_allocated: 13561 MB
[2025/11/12 15:00:27] ppocr INFO: cur metric, acc: 0.5891472411513766, norm_edit_dis: 0.8765245616776869, fps: 772.9867493753277
[2025/11/12 15:00:27] ppocr INFO: best metric, acc: 0.5968991785349473, is_float16: False, norm_edit_dis: 0.8752267823170358, fps: 749.2058350699613, best_epoch: 114
[2025/11/12 15:00:33] ppocr INFO: epoch: [167/200], global_step: 6010, lr: 0.000023, acc: 0.996094, norm_edit_dis: 0.999632, CTCLoss: 0.061341, NRTRLoss: 1.308565, loss: 1.370066, avg_reader_cost: 0.00309 s, avg_batch_cost: 0.68897 s, avg_samples: 102.3, ips: 148.48171 samples/s, eta: 0:14:22, max_mem_reserved: 14736 MB, max_mem_allocated: 13561 MB
[2025/11/12 15:00:35] ppocr INFO: epoch: [167/200], global_step: 6012, lr: 0.000022, acc: 0.992187, norm_edit_dis: 0.999332, CTCLoss: 0.069790, NRTRLoss: 1.308530, loss: 1.378775, avg_reader_cost: 0.00058 s, avg_batch_cost: 0.12350 s, avg_samples: 19.2, ips: 155.46383 samples/s, eta: 0:14:21, max_mem_reserved: 14736 MB, max_mem_allocated: 13561 MB
[2025/11/12 15:00:36] ppocr INFO: save model in ./output/latest
[2025/11/12 15:00:37] ppocr INFO: save model in ./output/iter_epoch_167
[2025/11/12 15:00:43] ppocr INFO: epoch: [168/200], global_step: 6020, lr: 0.000022, acc: 0.988235, norm_edit_dis: 0.998911, CTCLoss: 0.073792, NRTRLoss: 1.308454, loss: 1.383247, avg_reader_cost: 0.32410 s, avg_batch_cost: 0.84187 s, avg_samples: 70.3, ips: 83.50442 samples/s, eta: 0:14:15, max_mem_reserved: 14736 MB, max_mem_allocated: 13561 MB
[2025/11/12 15:00:50] ppocr INFO: epoch: [168/200], global_step: 6030, lr: 0.000022, acc: 0.996094, norm_edit_dis: 0.999850, CTCLoss: 0.031470, NRTRLoss: 1.308471, loss: 1.339873, avg_reader_cost: 0.00353 s, avg_batch_cost: 0.65303 s, avg_samples: 89.5, ips: 137.05350 samples/s, eta: 0:14:08, max_mem_reserved: 14736 MB, max_mem_allocated: 13561 MB
[2025/11/12 15:00:56] ppocr INFO: epoch: [168/200], global_step: 6040, lr: 0.000022, acc: 1.000000, norm_edit_dis: 1.000000, CTCLoss: 0.026703, NRTRLoss: 1.308506, loss: 1.335640, avg_reader_cost: 0.00289 s, avg_batch_cost: 0.65676 s, avg_samples: 91.6, ips: 139.47154 samples/s, eta: 0:14:00, max_mem_reserved: 14736 MB, max_mem_allocated: 13561 MB
[2025/11/12 15:01:01] ppocr INFO: epoch: [168/200], global_step: 6048, lr: 0.000021, acc: 0.996094, norm_edit_dis: 0.999777, CTCLoss: 0.035740, NRTRLoss: 1.308563, loss: 1.344209, avg_reader_cost: 0.00232 s, avg_batch_cost: 0.52676 s, avg_samples: 81.0, ips: 153.76965 samples/s, eta: 0:13:55, max_mem_reserved: 14736 MB, max_mem_allocated: 13561 MB
[2025/11/12 15:01:03] ppocr INFO: save model in ./output/latest
[2025/11/12 15:01:04] ppocr INFO: save model in ./output/iter_epoch_168
[2025/11/12 15:01:07] ppocr INFO: epoch: [169/200], global_step: 6050, lr: 0.000021, acc: 0.992187, norm_edit_dis: 0.999551, CTCLoss: 0.041016, NRTRLoss: 1.308644, loss: 1.349568, avg_reader_cost: 0.35202 s, avg_batch_cost: 0.51357 s, avg_samples: 21.3, ips: 41.47442 samples/s, eta: 0:13:54, max_mem_reserved: 14736 MB, max_mem_allocated: 13561 MB
[2025/11/12 15:01:13] ppocr INFO: epoch: [169/200], global_step: 6060, lr: 0.000021, acc: 0.986305, norm_edit_dis: 0.998602, CTCLoss: 0.101759, NRTRLoss: 1.308722, loss: 1.411004, avg_reader_cost: 0.00297 s, avg_batch_cost: 0.66537 s, avg_samples: 95.9, ips: 144.12963 samples/s, eta: 0:13:46, max_mem_reserved: 14736 MB, max_mem_allocated: 13561 MB
[2025/11/12 15:01:20] ppocr INFO: epoch: [169/200], global_step: 6070, lr: 0.000021, acc: 0.988235, norm_edit_dis: 0.998734, CTCLoss: 0.119615, NRTRLoss: 1.308659, loss: 1.432549, avg_reader_cost: 0.00292 s, avg_batch_cost: 0.64364 s, avg_samples: 95.9, ips: 148.99655 samples/s, eta: 0:13:39, max_mem_reserved: 14736 MB, max_mem_allocated: 13561 MB
[2025/11/12 15:01:26] ppocr INFO: epoch: [169/200], global_step: 6080, lr: 0.000020, acc: 1.000000, norm_edit_dis: 1.000000, CTCLoss: 0.027191, NRTRLoss: 1.308536, loss: 1.336007, avg_reader_cost: 0.00291 s, avg_batch_cost: 0.63056 s, avg_samples: 89.5, ips: 141.93829 samples/s, eta: 0:13:32, max_mem_reserved: 14736 MB, max_mem_allocated: 13561 MB
[2025/11/12 15:01:28] ppocr INFO: epoch: [169/200], global_step: 6084, lr: 0.000020, acc: 1.000000, norm_edit_dis: 1.000000, CTCLoss: 0.027191, NRTRLoss: 1.308523, loss: 1.336007, avg_reader_cost: 0.00114 s, avg_batch_cost: 0.22737 s, avg_samples: 29.8, ips: 131.06505 samples/s, eta: 0:13:29, max_mem_reserved: 14736 MB, max_mem_allocated: 13561 MB
[2025/11/12 15:01:30] ppocr INFO: save model in ./output/latest
[2025/11/12 15:01:31] ppocr INFO: save model in ./output/iter_epoch_169
[2025/11/12 15:01:35] ppocr INFO: epoch: [170/200], global_step: 6090, lr: 0.000020, acc: 0.996094, norm_edit_dis: 0.999850, CTCLoss: 0.034005, NRTRLoss: 1.308523, loss: 1.342399, avg_reader_cost: 0.32884 s, avg_batch_cost: 0.69809 s, avg_samples: 53.3, ips: 76.35101 samples/s, eta: 0:13:25, max_mem_reserved: 14736 MB, max_mem_allocated: 13561 MB
[2025/11/12 15:01:42] ppocr INFO: epoch: [170/200], global_step: 6100, lr: 0.000020, acc: 0.988235, norm_edit_dis: 0.999309, CTCLoss: 0.040530, NRTRLoss: 1.308558, loss: 1.349316, avg_reader_cost: 0.00286 s, avg_batch_cost: 0.62410 s, avg_samples: 98.0, ips: 157.02643 samples/s, eta: 0:13:17, max_mem_reserved: 14736 MB, max_mem_allocated: 13561 MB
[2025/11/12 15:01:43] ppocr INFO: cur metric, acc: 0.5813953037678059, norm_edit_dis: 0.8764685991260625, fps: 515.8170052280952
[2025/11/12 15:01:43] ppocr INFO: best metric, acc: 0.5968991785349473, is_float16: False, norm_edit_dis: 0.8752267823170358, fps: 749.2058350699613, best_epoch: 114
[2025/11/12 15:01:49] ppocr INFO: epoch: [170/200], global_step: 6110, lr: 0.000019, acc: 0.984375, norm_edit_dis: 0.998387, CTCLoss: 0.115751, NRTRLoss: 1.308692, loss: 1.425007, avg_reader_cost: 0.00301 s, avg_batch_cost: 0.66275 s, avg_samples: 91.6, ips: 138.21260 samples/s, eta: 0:13:10, max_mem_reserved: 14736 MB, max_mem_allocated: 13561 MB
[2025/11/12 15:01:56] ppocr INFO: epoch: [170/200], global_step: 6120, lr: 0.000019, acc: 0.990211, norm_edit_dis: 0.999165, CTCLoss: 0.088944, NRTRLoss: 1.308597, loss: 1.397376, avg_reader_cost: 0.00295 s, avg_batch_cost: 0.63778 s, avg_samples: 89.5, ips: 140.33121 samples/s, eta: 0:13:03, max_mem_reserved: 14736 MB, max_mem_allocated: 13561 MB
[2025/11/12 15:01:57] ppocr INFO: save model in ./output/latest
[2025/11/12 15:01:58] ppocr INFO: save model in ./output/iter_epoch_170
[2025/11/12 15:02:05] ppocr INFO: epoch: [171/200], global_step: 6130, lr: 0.000019, acc: 0.996094, norm_edit_dis: 0.999878, CTCLoss: 0.056919, NRTRLoss: 1.308568, loss: 1.365465, avg_reader_cost: 0.30133 s, avg_batch_cost: 0.97184 s, avg_samples: 102.4, ips: 105.36686 samples/s, eta: 0:12:56, max_mem_reserved: 14736 MB, max_mem_allocated: 13561 MB
[2025/11/12 15:02:12] ppocr INFO: epoch: [171/200], global_step: 6140, lr: 0.000018, acc: 0.992187, norm_edit_dis: 0.999733, CTCLoss: 0.040896, NRTRLoss: 1.308461, loss: 1.350191, avg_reader_cost: 0.00289 s, avg_batch_cost: 0.62064 s, avg_samples: 91.6, ips: 147.59022 samples/s, eta: 0:12:48, max_mem_reserved: 14736 MB, max_mem_allocated: 13561 MB
[2025/11/12 15:02:18] ppocr INFO: epoch: [171/200], global_step: 6150, lr: 0.000018, acc: 0.996094, norm_edit_dis: 0.999855, CTCLoss: 0.036771, NRTRLoss: 1.308335, loss: 1.345089, avg_reader_cost: 0.00324 s, avg_batch_cost: 0.64855 s, avg_samples: 91.6, ips: 141.23855 samples/s, eta: 0:12:41, max_mem_reserved: 14736 MB, max_mem_allocated: 13561 MB
[2025/11/12 15:02:22] ppocr INFO: epoch: [171/200], global_step: 6156, lr: 0.000018, acc: 0.996094, norm_edit_dis: 0.999855, CTCLoss: 0.040334, NRTRLoss: 1.308395, loss: 1.348847, avg_reader_cost: 0.00168 s, avg_batch_cost: 0.37696 s, avg_samples: 46.8, ips: 124.14958 samples/s, eta: 0:12:36, max_mem_reserved: 14736 MB, max_mem_allocated: 13561 MB
[2025/11/12 15:02:24] ppocr INFO: save model in ./output/latest
[2025/11/12 15:02:25] ppocr INFO: save model in ./output/iter_epoch_171
[2025/11/12 15:02:29] ppocr INFO: epoch: [172/200], global_step: 6160, lr: 0.000018, acc: 0.990211, norm_edit_dis: 0.999590, CTCLoss: 0.044340, NRTRLoss: 1.308455, loss: 1.354004, avg_reader_cost: 0.40741 s, avg_batch_cost: 0.69494 s, avg_samples: 34.1, ips: 49.06890 samples/s, eta: 0:12:34, max_mem_reserved: 14736 MB, max_mem_allocated: 13561 MB
[2025/11/12 15:02:36] ppocr INFO: epoch: [172/200], global_step: 6170, lr: 0.000017, acc: 0.988235, norm_edit_dis: 0.998916, CTCLoss: 0.070120, NRTRLoss: 1.308718, loss: 1.381018, avg_reader_cost: 0.00300 s, avg_batch_cost: 0.71365 s, avg_samples: 102.3, ips: 143.34692 samples/s, eta: 0:12:27, max_mem_reserved: 14736 MB, max_mem_allocated: 13561 MB
[2025/11/12 15:02:42] ppocr INFO: epoch: [172/200], global_step: 6180, lr: 0.000017, acc: 0.996094, norm_edit_dis: 0.999756, CTCLoss: 0.045900, NRTRLoss: 1.308610, loss: 1.354611, avg_reader_cost: 0.00293 s, avg_batch_cost: 0.62442 s, avg_samples: 78.8, ips: 126.19668 samples/s, eta: 0:12:20, max_mem_reserved: 14736 MB, max_mem_allocated: 13561 MB
[2025/11/12 15:02:49] ppocr INFO: epoch: [172/200], global_step: 6190, lr: 0.000017, acc: 0.994118, norm_edit_dis: 0.999700, CTCLoss: 0.045681, NRTRLoss: 1.308568, loss: 1.354539, avg_reader_cost: 0.00298 s, avg_batch_cost: 0.67014 s, avg_samples: 95.9, ips: 143.10510 samples/s, eta: 0:12:12, max_mem_reserved: 14736 MB, max_mem_allocated: 13561 MB
[2025/11/12 15:02:50] ppocr INFO: epoch: [172/200], global_step: 6192, lr: 0.000017, acc: 0.994118, norm_edit_dis: 0.999529, CTCLoss: 0.045681, NRTRLoss: 1.308594, loss: 1.354539, avg_reader_cost: 0.00059 s, avg_batch_cost: 0.14891 s, avg_samples: 21.3, ips: 143.03617 samples/s, eta: 0:12:11, max_mem_reserved: 14736 MB, max_mem_allocated: 13561 MB
[2025/11/12 15:02:52] ppocr INFO: save model in ./output/latest
[2025/11/12 15:02:53] ppocr INFO: save model in ./output/iter_epoch_172
[2025/11/12 15:02:59] ppocr INFO: epoch: [173/200], global_step: 6200, lr: 0.000016, acc: 0.984375, norm_edit_dis: 0.998665, CTCLoss: 0.085719, NRTRLoss: 1.308543, loss: 1.394325, avg_reader_cost: 0.32603 s, avg_batch_cost: 0.88926 s, avg_samples: 76.7, ips: 86.25194 samples/s, eta: 0:12:05, max_mem_reserved: 14736 MB, max_mem_allocated: 13561 MB
[2025/11/12 15:03:00] ppocr INFO: cur metric, acc: 0.5658914290006644, norm_edit_dis: 0.8786940436208526, fps: 537.2021950156425
[2025/11/12 15:03:00] ppocr INFO: best metric, acc: 0.5968991785349473, is_float16: False, norm_edit_dis: 0.8752267823170358, fps: 749.2058350699613, best_epoch: 114
[2025/11/12 15:03:07] ppocr INFO: epoch: [173/200], global_step: 6210, lr: 0.000016, acc: 0.984375, norm_edit_dis: 0.998275, CTCLoss: 0.108302, NRTRLoss: 1.308641, loss: 1.418066, avg_reader_cost: 0.00293 s, avg_batch_cost: 0.66411 s, avg_samples: 91.6, ips: 137.92955 samples/s, eta: 0:11:58, max_mem_reserved: 14736 MB, max_mem_allocated: 13561 MB
[2025/11/12 15:03:14] ppocr INFO: epoch: [173/200], global_step: 6220, lr: 0.000016, acc: 0.992187, norm_edit_dis: 0.998954, CTCLoss: 0.064651, NRTRLoss: 1.308641, loss: 1.373293, avg_reader_cost: 0.00281 s, avg_batch_cost: 0.66223 s, avg_samples: 91.6, ips: 138.32111 samples/s, eta: 0:11:51, max_mem_reserved: 14736 MB, max_mem_allocated: 13561 MB
[2025/11/12 15:03:19] ppocr INFO: epoch: [173/200], global_step: 6228, lr: 0.000016, acc: 1.000000, norm_edit_dis: 1.000000, CTCLoss: 0.038091, NRTRLoss: 1.308426, loss: 1.346481, avg_reader_cost: 0.00227 s, avg_batch_cost: 0.51039 s, avg_samples: 72.5, ips: 142.04767 samples/s, eta: 0:11:45, max_mem_reserved: 14736 MB, max_mem_allocated: 13561 MB
[2025/11/12 15:03:20] ppocr INFO: save model in ./output/latest
[2025/11/12 15:03:21] ppocr INFO: save model in ./output/iter_epoch_173
[2025/11/12 15:03:24] ppocr INFO: epoch: [174/200], global_step: 6230, lr: 0.000016, acc: 1.000000, norm_edit_dis: 1.000000, CTCLoss: 0.044465, NRTRLoss: 1.308486, loss: 1.352969, avg_reader_cost: 0.36215 s, avg_batch_cost: 0.50596 s, avg_samples: 21.3, ips: 42.09789 samples/s, eta: 0:11:44, max_mem_reserved: 14736 MB, max_mem_allocated: 13561 MB
[2025/11/12 15:03:30] ppocr INFO: epoch: [174/200], global_step: 6240, lr: 0.000015, acc: 0.990211, norm_edit_dis: 0.998802, CTCLoss: 0.101154, NRTRLoss: 1.308586, loss: 1.409920, avg_reader_cost: 0.00299 s, avg_batch_cost: 0.65613 s, avg_samples: 100.2, ips: 152.71405 samples/s, eta: 0:11:37, max_mem_reserved: 14736 MB, max_mem_allocated: 13561 MB
[2025/11/12 15:03:37] ppocr INFO: epoch: [174/200], global_step: 6250, lr: 0.000015, acc: 0.990211, norm_edit_dis: 0.998671, CTCLoss: 0.116795, NRTRLoss: 1.308602, loss: 1.426917, avg_reader_cost: 0.00290 s, avg_batch_cost: 0.62972 s, avg_samples: 95.8, ips: 152.13145 samples/s, eta: 0:11:29, max_mem_reserved: 14736 MB, max_mem_allocated: 13561 MB
[2025/11/12 15:03:43] ppocr INFO: epoch: [174/200], global_step: 6260, lr: 0.000015, acc: 0.996094, norm_edit_dis: 0.999512, CTCLoss: 0.055149, NRTRLoss: 1.308447, loss: 1.363646, avg_reader_cost: 0.00294 s, avg_batch_cost: 0.63686 s, avg_samples: 89.5, ips: 140.53294 samples/s, eta: 0:11:22, max_mem_reserved: 14736 MB, max_mem_allocated: 13561 MB
[2025/11/12 15:03:45] ppocr INFO: epoch: [174/200], global_step: 6264, lr: 0.000015, acc: 1.000000, norm_edit_dis: 1.000000, CTCLoss: 0.036884, NRTRLoss: 1.308435, loss: 1.345373, avg_reader_cost: 0.00115 s, avg_batch_cost: 0.21935 s, avg_samples: 25.6, ips: 116.70852 samples/s, eta: 0:11:19, max_mem_reserved: 14736 MB, max_mem_allocated: 13561 MB
[2025/11/12 15:03:47] ppocr INFO: save model in ./output/latest
[2025/11/12 15:03:48] ppocr INFO: save model in ./output/iter_epoch_174
[2025/11/12 15:03:53] ppocr INFO: epoch: [175/200], global_step: 6270, lr: 0.000014, acc: 1.000000, norm_edit_dis: 1.000000, CTCLoss: 0.039025, NRTRLoss: 1.308451, loss: 1.347455, avg_reader_cost: 0.37575 s, avg_batch_cost: 0.77201 s, avg_samples: 57.5, ips: 74.48086 samples/s, eta: 0:11:15, max_mem_reserved: 14736 MB, max_mem_allocated: 13561 MB
[2025/11/12 15:03:59] ppocr INFO: epoch: [175/200], global_step: 6280, lr: 0.000014, acc: 1.000000, norm_edit_dis: 1.000000, CTCLoss: 0.040942, NRTRLoss: 1.308590, loss: 1.349416, avg_reader_cost: 0.00273 s, avg_batch_cost: 0.62040 s, avg_samples: 87.4, ips: 140.87729 samples/s, eta: 0:11:07, max_mem_reserved: 14736 MB, max_mem_allocated: 13561 MB
[2025/11/12 15:04:05] ppocr INFO: epoch: [175/200], global_step: 6290, lr: 0.000014, acc: 0.992187, norm_edit_dis: 0.999577, CTCLoss: 0.052701, NRTRLoss: 1.308488, loss: 1.361445, avg_reader_cost: 0.00275 s, avg_batch_cost: 0.60153 s, avg_samples: 85.2, ips: 141.63835 samples/s, eta: 0:11:00, max_mem_reserved: 14736 MB, max_mem_allocated: 13561 MB
[2025/11/12 15:04:12] ppocr INFO: epoch: [175/200], global_step: 6300, lr: 0.000014, acc: 0.992187, norm_edit_dis: 0.999549, CTCLoss: 0.072839, NRTRLoss: 1.308499, loss: 1.381680, avg_reader_cost: 0.00275 s, avg_batch_cost: 0.65354 s, avg_samples: 102.3, ips: 156.53231 samples/s, eta: 0:10:53, max_mem_reserved: 14736 MB, max_mem_allocated: 13561 MB
[2025/11/12 15:04:13] ppocr INFO: cur metric, acc: 0.5426356168499522, norm_edit_dis: 0.8752395096201582, fps: 535.0602349827882
[2025/11/12 15:04:13] ppocr INFO: best metric, acc: 0.5968991785349473, is_float16: False, norm_edit_dis: 0.8752267823170358, fps: 749.2058350699613, best_epoch: 114
[2025/11/12 15:04:14] ppocr INFO: save model in ./output/latest
[2025/11/12 15:04:15] ppocr INFO: save model in ./output/iter_epoch_175
[2025/11/12 15:04:23] ppocr INFO: epoch: [176/200], global_step: 6310, lr: 0.000013, acc: 0.996094, norm_edit_dis: 0.999850, CTCLoss: 0.041713, NRTRLoss: 1.308615, loss: 1.350326, avg_reader_cost: 0.34317 s, avg_batch_cost: 1.00918 s, avg_samples: 93.7, ips: 92.84795 samples/s, eta: 0:10:46, max_mem_reserved: 14736 MB, max_mem_allocated: 13561 MB
[2025/11/12 15:04:29] ppocr INFO: epoch: [176/200], global_step: 6320, lr: 0.000013, acc: 0.996094, norm_edit_dis: 0.999850, CTCLoss: 0.041713, NRTRLoss: 1.308615, loss: 1.350326, avg_reader_cost: 0.00288 s, avg_batch_cost: 0.62706 s, avg_samples: 93.8, ips: 149.58663 samples/s, eta: 0:10:38, max_mem_reserved: 14736 MB, max_mem_allocated: 13561 MB
[2025/11/12 15:04:35] ppocr INFO: epoch: [176/200], global_step: 6330, lr: 0.000013, acc: 0.992187, norm_edit_dis: 0.999265, CTCLoss: 0.050702, NRTRLoss: 1.308662, loss: 1.359257, avg_reader_cost: 0.00287 s, avg_batch_cost: 0.63910 s, avg_samples: 89.5, ips: 140.04049 samples/s, eta: 0:10:31, max_mem_reserved: 14736 MB, max_mem_allocated: 13561 MB
[2025/11/12 15:04:39] ppocr INFO: epoch: [176/200], global_step: 6336, lr: 0.000013, acc: 0.992187, norm_edit_dis: 0.999287, CTCLoss: 0.049824, NRTRLoss: 1.308654, loss: 1.358353, avg_reader_cost: 0.00212 s, avg_batch_cost: 0.38776 s, avg_samples: 55.4, ips: 142.87065 samples/s, eta: 0:10:27, max_mem_reserved: 14736 MB, max_mem_allocated: 13561 MB
[2025/11/12 15:04:41] ppocr INFO: save model in ./output/latest
[2025/11/12 15:04:42] ppocr INFO: save model in ./output/iter_epoch_176
[2025/11/12 15:04:45] ppocr INFO: epoch: [177/200], global_step: 6340, lr: 0.000013, acc: 0.996094, norm_edit_dis: 0.999816, CTCLoss: 0.040553, NRTRLoss: 1.308379, loss: 1.349104, avg_reader_cost: 0.30706 s, avg_batch_cost: 0.56534 s, avg_samples: 27.7, ips: 48.99674 samples/s, eta: 0:10:24, max_mem_reserved: 14736 MB, max_mem_allocated: 13561 MB
[2025/11/12 15:04:52] ppocr INFO: epoch: [177/200], global_step: 6350, lr: 0.000012, acc: 0.990211, norm_edit_dis: 0.999581, CTCLoss: 0.032340, NRTRLoss: 1.308529, loss: 1.340942, avg_reader_cost: 0.00294 s, avg_batch_cost: 0.68141 s, avg_samples: 102.2, ips: 149.98389 samples/s, eta: 0:10:17, max_mem_reserved: 14736 MB, max_mem_allocated: 13561 MB
[2025/11/12 15:04:58] ppocr INFO: epoch: [177/200], global_step: 6360, lr: 0.000012, acc: 0.990211, norm_edit_dis: 0.999648, CTCLoss: 0.049282, NRTRLoss: 1.308546, loss: 1.358134, avg_reader_cost: 0.00287 s, avg_batch_cost: 0.62659 s, avg_samples: 81.0, ips: 129.27014 samples/s, eta: 0:10:09, max_mem_reserved: 14736 MB, max_mem_allocated: 13561 MB
[2025/11/12 15:05:05] ppocr INFO: epoch: [177/200], global_step: 6370, lr: 0.000012, acc: 0.988235, norm_edit_dis: 0.999632, CTCLoss: 0.073869, NRTRLoss: 1.308497, loss: 1.382767, avg_reader_cost: 0.00293 s, avg_batch_cost: 0.67447 s, avg_samples: 102.3, ips: 151.67549 samples/s, eta: 0:10:02, max_mem_reserved: 14736 MB, max_mem_allocated: 13561 MB
[2025/11/12 15:05:06] ppocr INFO: epoch: [177/200], global_step: 6372, lr: 0.000012, acc: 0.990211, norm_edit_dis: 0.999666, CTCLoss: 0.087919, NRTRLoss: 1.308427, loss: 1.396658, avg_reader_cost: 0.00057 s, avg_batch_cost: 0.12098 s, avg_samples: 19.2, ips: 158.70154 samples/s, eta: 0:10:01, max_mem_reserved: 14736 MB, max_mem_allocated: 13561 MB
[2025/11/12 15:05:08] ppocr INFO: save model in ./output/latest
[2025/11/12 15:05:09] ppocr INFO: save model in ./output/iter_epoch_177
[2025/11/12 15:05:15] ppocr INFO: epoch: [178/200], global_step: 6380, lr: 0.000011, acc: 0.986305, norm_edit_dis: 0.999187, CTCLoss: 0.101639, NRTRLoss: 1.308586, loss: 1.410169, avg_reader_cost: 0.35507 s, avg_batch_cost: 0.86200 s, avg_samples: 68.2, ips: 79.11799 samples/s, eta: 0:09:55, max_mem_reserved: 14736 MB, max_mem_allocated: 13561 MB
[2025/11/12 15:05:21] ppocr INFO: epoch: [178/200], global_step: 6390, lr: 0.000011, acc: 0.988235, norm_edit_dis: 0.999557, CTCLoss: 0.077476, NRTRLoss: 1.308451, loss: 1.386176, avg_reader_cost: 0.00290 s, avg_batch_cost: 0.65308 s, avg_samples: 102.3, ips: 156.64184 samples/s, eta: 0:09:48, max_mem_reserved: 14736 MB, max_mem_allocated: 13561 MB
[2025/11/12 15:05:27] ppocr INFO: epoch: [178/200], global_step: 6400, lr: 0.000011, acc: 0.988235, norm_edit_dis: 0.999557, CTCLoss: 0.045813, NRTRLoss: 1.308409, loss: 1.354021, avg_reader_cost: 0.00333 s, avg_batch_cost: 0.63457 s, avg_samples: 89.5, ips: 141.04002 samples/s, eta: 0:09:40, max_mem_reserved: 14736 MB, max_mem_allocated: 13561 MB
[2025/11/12 15:05:28] ppocr INFO: cur metric, acc: 0.5503875542335229, norm_edit_dis: 0.8705237477118193, fps: 624.668326090671
[2025/11/12 15:05:28] ppocr INFO: best metric, acc: 0.5968991785349473, is_float16: False, norm_edit_dis: 0.8752267823170358, fps: 749.2058350699613, best_epoch: 114
[2025/11/12 15:05:33] ppocr INFO: epoch: [178/200], global_step: 6408, lr: 0.000011, acc: 0.996094, norm_edit_dis: 0.999816, CTCLoss: 0.039664, NRTRLoss: 1.308409, loss: 1.348655, avg_reader_cost: 0.00288 s, avg_batch_cost: 0.49510 s, avg_samples: 72.4, ips: 146.23401 samples/s, eta: 0:09:34, max_mem_reserved: 14736 MB, max_mem_allocated: 13561 MB
[2025/11/12 15:05:35] ppocr INFO: save model in ./output/latest
[2025/11/12 15:05:36] ppocr INFO: save model in ./output/iter_epoch_178
[2025/11/12 15:05:38] ppocr INFO: epoch: [179/200], global_step: 6410, lr: 0.000011, acc: 1.000000, norm_edit_dis: 1.000000, CTCLoss: 0.026194, NRTRLoss: 1.308363, loss: 1.334533, avg_reader_cost: 0.30878 s, avg_batch_cost: 0.43174 s, avg_samples: 12.8, ips: 29.64773 samples/s, eta: 0:09:33, max_mem_reserved: 14736 MB, max_mem_allocated: 13561 MB
[2025/11/12 15:05:45] ppocr INFO: epoch: [179/200], global_step: 6420, lr: 0.000010, acc: 1.000000, norm_edit_dis: 1.000000, CTCLoss: 0.031144, NRTRLoss: 1.308378, loss: 1.339508, avg_reader_cost: 0.00277 s, avg_batch_cost: 0.68529 s, avg_samples: 100.2, ips: 146.21570 samples/s, eta: 0:09:26, max_mem_reserved: 14736 MB, max_mem_allocated: 13561 MB
[2025/11/12 15:05:51] ppocr INFO: epoch: [179/200], global_step: 6430, lr: 0.000010, acc: 0.986305, norm_edit_dis: 0.999306, CTCLoss: 0.054645, NRTRLoss: 1.308432, loss: 1.363151, avg_reader_cost: 0.00291 s, avg_batch_cost: 0.62315 s, avg_samples: 87.4, ips: 140.25521 samples/s, eta: 0:09:19, max_mem_reserved: 14736 MB, max_mem_allocated: 13561 MB
[2025/11/12 15:05:57] ppocr INFO: epoch: [179/200], global_step: 6440, lr: 0.000010, acc: 0.988235, norm_edit_dis: 0.999393, CTCLoss: 0.050276, NRTRLoss: 1.308432, loss: 1.358819, avg_reader_cost: 0.00287 s, avg_batch_cost: 0.64494 s, avg_samples: 93.7, ips: 145.28445 samples/s, eta: 0:09:11, max_mem_reserved: 14736 MB, max_mem_allocated: 13561 MB
[2025/11/12 15:06:00] ppocr INFO: epoch: [179/200], global_step: 6444, lr: 0.000010, acc: 0.992187, norm_edit_dis: 0.999584, CTCLoss: 0.040000, NRTRLoss: 1.308432, loss: 1.348262, avg_reader_cost: 0.00112 s, avg_batch_cost: 0.26494 s, avg_samples: 38.3, ips: 144.56162 samples/s, eta: 0:09:08, max_mem_reserved: 14736 MB, max_mem_allocated: 13561 MB
[2025/11/12 15:06:02] ppocr INFO: save model in ./output/latest
[2025/11/12 15:06:03] ppocr INFO: save model in ./output/iter_epoch_179
[2025/11/12 15:06:07] ppocr INFO: epoch: [180/200], global_step: 6450, lr: 0.000010, acc: 1.000000, norm_edit_dis: 1.000000, CTCLoss: 0.031937, NRTRLoss: 1.308441, loss: 1.340265, avg_reader_cost: 0.33891 s, avg_batch_cost: 0.70933 s, avg_samples: 49.0, ips: 69.07882 samples/s, eta: 0:09:04, max_mem_reserved: 14736 MB, max_mem_allocated: 13561 MB
[2025/11/12 15:06:13] ppocr INFO: epoch: [180/200], global_step: 6460, lr: 0.000010, acc: 1.000000, norm_edit_dis: 1.000000, CTCLoss: 0.018867, NRTRLoss: 1.308384, loss: 1.327154, avg_reader_cost: 0.00297 s, avg_batch_cost: 0.63074 s, avg_samples: 87.4, ips: 138.56718 samples/s, eta: 0:08:57, max_mem_reserved: 14736 MB, max_mem_allocated: 13561 MB
[2025/11/12 15:06:20] ppocr INFO: epoch: [180/200], global_step: 6470, lr: 0.000009, acc: 1.000000, norm_edit_dis: 1.000000, CTCLoss: 0.021835, NRTRLoss: 1.308413, loss: 1.330259, avg_reader_cost: 0.00303 s, avg_batch_cost: 0.69601 s, avg_samples: 108.7, ips: 156.17580 samples/s, eta: 0:08:50, max_mem_reserved: 14736 MB, max_mem_allocated: 13561 MB
[2025/11/12 15:06:26] ppocr INFO: epoch: [180/200], global_step: 6480, lr: 0.000009, acc: 0.990211, norm_edit_dis: 0.999172, CTCLoss: 0.041896, NRTRLoss: 1.308517, loss: 1.350579, avg_reader_cost: 0.00291 s, avg_batch_cost: 0.60276 s, avg_samples: 87.3, ips: 144.83416 samples/s, eta: 0:08:42, max_mem_reserved: 14736 MB, max_mem_allocated: 13561 MB
[2025/11/12 15:06:28] ppocr INFO: save model in ./output/latest
[2025/11/12 15:06:29] ppocr INFO: save model in ./output/iter_epoch_180
[2025/11/12 15:06:37] ppocr INFO: epoch: [181/200], global_step: 6490, lr: 0.000009, acc: 0.986305, norm_edit_dis: 0.998783, CTCLoss: 0.063591, NRTRLoss: 1.308565, loss: 1.372091, avg_reader_cost: 0.37894 s, avg_batch_cost: 1.03064 s, avg_samples: 91.7, ips: 88.97346 samples/s, eta: 0:08:35, max_mem_reserved: 14736 MB, max_mem_allocated: 13561 MB
[2025/11/12 15:06:43] ppocr INFO: epoch: [181/200], global_step: 6500, lr: 0.000009, acc: 0.986305, norm_edit_dis: 0.998792, CTCLoss: 0.072203, NRTRLoss: 1.308477, loss: 1.380667, avg_reader_cost: 0.00293 s, avg_batch_cost: 0.64118 s, avg_samples: 95.8, ips: 149.41195 samples/s, eta: 0:08:28, max_mem_reserved: 14736 MB, max_mem_allocated: 13561 MB
[2025/11/12 15:06:44] ppocr INFO: cur metric, acc: 0.5581394916170936, norm_edit_dis: 0.8771590369722804, fps: 644.3584535355652
[2025/11/12 15:06:44] ppocr INFO: best metric, acc: 0.5968991785349473, is_float16: False, norm_edit_dis: 0.8752267823170358, fps: 749.2058350699613, best_epoch: 114
[2025/11/12 15:06:50] ppocr INFO: epoch: [181/200], global_step: 6510, lr: 0.000008, acc: 0.992187, norm_edit_dis: 0.999473, CTCLoss: 0.059812, NRTRLoss: 1.308481, loss: 1.368358, avg_reader_cost: 0.00291 s, avg_batch_cost: 0.60943 s, avg_samples: 89.5, ips: 146.85768 samples/s, eta: 0:08:21, max_mem_reserved: 14736 MB, max_mem_allocated: 13561 MB
[2025/11/12 15:06:54] ppocr INFO: epoch: [181/200], global_step: 6516, lr: 0.000008, acc: 0.990211, norm_edit_dis: 0.999473, CTCLoss: 0.080558, NRTRLoss: 1.308600, loss: 1.389578, avg_reader_cost: 0.00175 s, avg_batch_cost: 0.37852 s, avg_samples: 55.4, ips: 146.36107 samples/s, eta: 0:08:16, max_mem_reserved: 14736 MB, max_mem_allocated: 13561 MB
[2025/11/12 15:06:56] ppocr INFO: save model in ./output/latest
[2025/11/12 15:06:57] ppocr INFO: save model in ./output/iter_epoch_181
[2025/11/12 15:07:01] ppocr INFO: epoch: [182/200], global_step: 6520, lr: 0.000008, acc: 0.990211, norm_edit_dis: 0.999176, CTCLoss: 0.080938, NRTRLoss: 1.308579, loss: 1.389578, avg_reader_cost: 0.40430 s, avg_batch_cost: 0.68659 s, avg_samples: 42.6, ips: 62.04566 samples/s, eta: 0:08:14, max_mem_reserved: 14736 MB, max_mem_allocated: 13561 MB
[2025/11/12 15:07:07] ppocr INFO: epoch: [182/200], global_step: 6530, lr: 0.000008, acc: 0.986305, norm_edit_dis: 0.998823, CTCLoss: 0.106110, NRTRLoss: 1.308539, loss: 1.414661, avg_reader_cost: 0.00289 s, avg_batch_cost: 0.66493 s, avg_samples: 106.6, ips: 160.31821 samples/s, eta: 0:08:06, max_mem_reserved: 14736 MB, max_mem_allocated: 13561 MB
[2025/11/12 15:07:14] ppocr INFO: epoch: [182/200], global_step: 6540, lr: 0.000008, acc: 0.988235, norm_edit_dis: 0.999551, CTCLoss: 0.044046, NRTRLoss: 1.308457, loss: 1.352321, avg_reader_cost: 0.00286 s, avg_batch_cost: 0.61346 s, avg_samples: 83.0, ips: 135.29744 samples/s, eta: 0:07:59, max_mem_reserved: 14736 MB, max_mem_allocated: 13561 MB
[2025/11/12 15:07:20] ppocr INFO: epoch: [182/200], global_step: 6550, lr: 0.000008, acc: 0.996094, norm_edit_dis: 0.999850, CTCLoss: 0.034817, NRTRLoss: 1.308347, loss: 1.343454, avg_reader_cost: 0.00278 s, avg_batch_cost: 0.61924 s, avg_samples: 87.4, ips: 141.14035 samples/s, eta: 0:07:52, max_mem_reserved: 14736 MB, max_mem_allocated: 13561 MB
[2025/11/12 15:07:21] ppocr INFO: epoch: [182/200], global_step: 6552, lr: 0.000008, acc: 0.992187, norm_edit_dis: 0.999624, CTCLoss: 0.042474, NRTRLoss: 1.308374, loss: 1.350892, avg_reader_cost: 0.00055 s, avg_batch_cost: 0.10272 s, avg_samples: 12.8, ips: 124.61250 samples/s, eta: 0:07:50, max_mem_reserved: 14736 MB, max_mem_allocated: 13561 MB
[2025/11/12 15:07:22] ppocr INFO: save model in ./output/latest
