[2025/11/14 16:55:23] ppocr WARNING: You are using VisualDL, the VisualDL is deprecated and removed in ppocr!
[2025/11/14 16:55:23] ppocr INFO: Architecture : 
[2025/11/14 16:55:23] ppocr INFO:     Backbone : 
[2025/11/14 16:55:23] ppocr INFO:         name : PPHGNetV2_B4
[2025/11/14 16:55:23] ppocr INFO:         text_rec : True
[2025/11/14 16:55:23] ppocr INFO:     Head : 
[2025/11/14 16:55:23] ppocr INFO:         head_list : 
[2025/11/14 16:55:23] ppocr INFO:             CTCHead : 
[2025/11/14 16:55:23] ppocr INFO:                 Head : 
[2025/11/14 16:55:23] ppocr INFO:                     fc_decay : 1e-05
[2025/11/14 16:55:23] ppocr INFO:                 Neck : 
[2025/11/14 16:55:23] ppocr INFO:                     depth : 2
[2025/11/14 16:55:23] ppocr INFO:                     dims : 120
[2025/11/14 16:55:23] ppocr INFO:                     hidden_dims : 120
[2025/11/14 16:55:23] ppocr INFO:                     kernel_size : [1, 3]
[2025/11/14 16:55:23] ppocr INFO:                     name : svtr
[2025/11/14 16:55:23] ppocr INFO:                     use_guide : True
[2025/11/14 16:55:23] ppocr INFO:             NRTRHead : 
[2025/11/14 16:55:23] ppocr INFO:                 max_text_length : 75
[2025/11/14 16:55:23] ppocr INFO:                 nrtr_dim : 384
[2025/11/14 16:55:23] ppocr INFO:         name : MultiHead
[2025/11/14 16:55:23] ppocr INFO:     Transform : None
[2025/11/14 16:55:23] ppocr INFO:     algorithm : SVTR_HGNet
[2025/11/14 16:55:23] ppocr INFO:     model_type : rec
[2025/11/14 16:55:23] ppocr INFO: Eval : 
[2025/11/14 16:55:23] ppocr INFO:     dataset : 
[2025/11/14 16:55:23] ppocr INFO:         data_dir : ./text/typed_text/az_config_train
[2025/11/14 16:55:23] ppocr INFO:         label_file_list : ['./text/typed_text/az_config_train/val_list.txt']
[2025/11/14 16:55:23] ppocr INFO:         name : SimpleDataSet
[2025/11/14 16:55:23] ppocr INFO:         transforms : 
[2025/11/14 16:55:23] ppocr INFO:             DecodeImage : 
[2025/11/14 16:55:23] ppocr INFO:                 channel_first : False
[2025/11/14 16:55:23] ppocr INFO:                 img_mode : BGR
[2025/11/14 16:55:23] ppocr INFO:             MultiLabelEncode : 
[2025/11/14 16:55:23] ppocr INFO:                 gtc_encode : NRTRLabelEncode
[2025/11/14 16:55:23] ppocr INFO:             RecResizeImg : 
[2025/11/14 16:55:23] ppocr INFO:                 image_shape : [3, 48, 320]
[2025/11/14 16:55:23] ppocr INFO:             KeepKeys : 
[2025/11/14 16:55:23] ppocr INFO:                 keep_keys : ['image', 'label_ctc', 'label_gtc', 'length', 'valid_ratio']
[2025/11/14 16:55:23] ppocr INFO:     loader : 
[2025/11/14 16:55:23] ppocr INFO:         batch_size_per_card : 512
[2025/11/14 16:55:23] ppocr INFO:         drop_last : False
[2025/11/14 16:55:23] ppocr INFO:         num_workers : 24
[2025/11/14 16:55:23] ppocr INFO:         shuffle : False
[2025/11/14 16:55:23] ppocr INFO: Global : 
[2025/11/14 16:55:23] ppocr INFO:     cal_metric_during_train : True
[2025/11/14 16:55:23] ppocr INFO:     calc_epoch_interval : 1
[2025/11/14 16:55:23] ppocr INFO:     character_dict_path : ./text/typed_text/dict.txt
[2025/11/14 16:55:23] ppocr INFO:     checkpoints : None
[2025/11/14 16:55:23] ppocr INFO:     d2s_train_image_shape : [3, 48, 320]
[2025/11/14 16:55:23] ppocr INFO:     debug : True
[2025/11/14 16:55:23] ppocr INFO:     distributed : False
[2025/11/14 16:55:23] ppocr INFO:     early_stop : 
[2025/11/14 16:55:23] ppocr INFO:         min_delta : 0.001
[2025/11/14 16:55:23] ppocr INFO:         patience : 5
[2025/11/14 16:55:23] ppocr INFO:     epoch_num : 20
[2025/11/14 16:55:23] ppocr INFO:     eval_batch_step : [0, 100]
[2025/11/14 16:55:23] ppocr INFO:     infer_mode : False
[2025/11/14 16:55:23] ppocr INFO:     log_smooth_window : 20
[2025/11/14 16:55:23] ppocr INFO:     max_text_length : 75
[2025/11/14 16:55:23] ppocr INFO:     model_name : PP-OCRv5_server_rec
[2025/11/14 16:55:23] ppocr INFO:     pretrained_model : ./text/typed_text/pretrain_models/PP-OCRv5_server_rec_pretrained.pdparams
[2025/11/14 16:55:23] ppocr INFO:     print_batch_step : 10
[2025/11/14 16:55:23] ppocr INFO:     save_epoch_step : 1
[2025/11/14 16:55:23] ppocr INFO:     save_inference_dir : None
[2025/11/14 16:55:23] ppocr INFO:     save_model_dir : ./output
[2025/11/14 16:55:23] ppocr INFO:     save_res_path : ./output/rec/predicts_ppocrv5.txt
[2025/11/14 16:55:23] ppocr INFO:     use_gpu : True
[2025/11/14 16:55:23] ppocr INFO:     use_space_char : True
[2025/11/14 16:55:23] ppocr INFO:     use_visualdl : True
[2025/11/14 16:55:23] ppocr INFO: Loss : 
[2025/11/14 16:55:23] ppocr INFO:     loss_config_list : 
[2025/11/14 16:55:23] ppocr INFO:         CTCLoss : 
[2025/11/14 16:55:23] ppocr INFO:             weight : 1.0
[2025/11/14 16:55:23] ppocr INFO:         NRTRLoss : 
[2025/11/14 16:55:23] ppocr INFO:             weight : 1.5
[2025/11/14 16:55:23] ppocr INFO:     name : MultiLoss
[2025/11/14 16:55:23] ppocr INFO: Metric : 
[2025/11/14 16:55:23] ppocr INFO:     main_indicator : acc
[2025/11/14 16:55:23] ppocr INFO:     name : RecMetric
[2025/11/14 16:55:23] ppocr INFO: Optimizer : 
[2025/11/14 16:55:23] ppocr INFO:     beta1 : 0.9
[2025/11/14 16:55:23] ppocr INFO:     beta2 : 0.999
[2025/11/14 16:55:23] ppocr INFO:     lr : 
[2025/11/14 16:55:23] ppocr INFO:         learning_rate : 6e-06
[2025/11/14 16:55:23] ppocr INFO:         name : Cosine
[2025/11/14 16:55:23] ppocr INFO:         warmup_epoch : 2
[2025/11/14 16:55:23] ppocr INFO:     name : Adam
[2025/11/14 16:55:23] ppocr INFO:     regularizer : 
[2025/11/14 16:55:23] ppocr INFO:         factor : 0.0003
[2025/11/14 16:55:23] ppocr INFO:         name : L2
[2025/11/14 16:55:23] ppocr INFO: PostProcess : 
[2025/11/14 16:55:23] ppocr INFO:     name : CTCLabelDecode
[2025/11/14 16:55:23] ppocr INFO: Train : 
[2025/11/14 16:55:23] ppocr INFO:     dataset : 
[2025/11/14 16:55:23] ppocr INFO:         data_dir : ./text/typed_text/az_config_train
[2025/11/14 16:55:23] ppocr INFO:         ds_width : False
[2025/11/14 16:55:23] ppocr INFO:         ext_op_transform_idx : 1
[2025/11/14 16:55:23] ppocr INFO:         label_file_list : ['./text/typed_text/az_config_train/train_list.txt']
[2025/11/14 16:55:23] ppocr INFO:         name : MultiScaleDataSet
[2025/11/14 16:55:23] ppocr INFO:         transforms : 
[2025/11/14 16:55:23] ppocr INFO:             DecodeImage : 
[2025/11/14 16:55:23] ppocr INFO:                 channel_first : False
[2025/11/14 16:55:23] ppocr INFO:                 img_mode : BGR
[2025/11/14 16:55:23] ppocr INFO:             RecAug : None
[2025/11/14 16:55:23] ppocr INFO:             MultiLabelEncode : 
[2025/11/14 16:55:23] ppocr INFO:                 gtc_encode : NRTRLabelEncode
[2025/11/14 16:55:23] ppocr INFO:             KeepKeys : 
[2025/11/14 16:55:23] ppocr INFO:                 keep_keys : ['image', 'label_ctc', 'label_gtc', 'length', 'valid_ratio']
[2025/11/14 16:55:23] ppocr INFO:     loader : 
[2025/11/14 16:55:23] ppocr INFO:         batch_size_per_card : 1500
[2025/11/14 16:55:23] ppocr INFO:         drop_last : True
[2025/11/14 16:55:23] ppocr INFO:         num_workers : 24
[2025/11/14 16:55:23] ppocr INFO:         shuffle : True
[2025/11/14 16:55:23] ppocr INFO:     sampler : 
[2025/11/14 16:55:23] ppocr INFO:         divided_factor : [8, 16]
[2025/11/14 16:55:23] ppocr INFO:         first_bs : 128
[2025/11/14 16:55:23] ppocr INFO:         fix_bs : False
[2025/11/14 16:55:23] ppocr INFO:         is_training : True
[2025/11/14 16:55:23] ppocr INFO:         name : MultiScaleSampler
[2025/11/14 16:55:23] ppocr INFO:         scales : [[320, 32], [320, 48], [320, 64]]
[2025/11/14 16:55:23] ppocr INFO: profiler_options : None
[2025/11/14 16:55:23] ppocr INFO: train with paddle 3.0.0 and device Place(gpu:0)
[2025/11/14 16:55:23] ppocr INFO: Initialize indexes of datasets:['./text/typed_text/az_config_train/train_list.txt']
[2025/11/14 16:55:24] ppocr INFO: Initialize indexes of datasets:['./text/typed_text/az_config_train/val_list.txt']
[2025/11/14 16:55:24] ppocr INFO: train dataloader has 1086 iters
[2025/11/14 16:55:24] ppocr INFO: valid dataloader has 20 iters
[2025/11/14 16:55:25] ppocr WARNING: The shape of model params head.ctc_head.fc.weight [120, 18387] not matched with loaded params head.ctc_head.fc.weight [120, 18385] !
[2025/11/14 16:55:25] ppocr WARNING: The shape of model params head.ctc_head.fc.bias [18387] not matched with loaded params head.ctc_head.fc.bias [18385] !
[2025/11/14 16:55:25] ppocr WARNING: The shape of model params head.gtc_head.embedding.embedding.weight [18391, 384] not matched with loaded params head.gtc_head.embedding.embedding.weight [18389, 384] !
[2025/11/14 16:55:25] ppocr WARNING: The shape of model params head.gtc_head.tgt_word_prj.weight [384, 18391] not matched with loaded params head.gtc_head.tgt_word_prj.weight [384, 18389] !
[2025/11/14 16:55:25] ppocr INFO: load pretrain successful from ./text/typed_text/pretrain_models/PP-OCRv5_server_rec_pretrained
[2025/11/14 16:55:25] ppocr INFO: During the training process, after the 0th iteration, an evaluation is run every 100 iterations
[2025/11/14 16:55:33] ppocr INFO: epoch: [1/20], global_step: 10, lr: 0.000000, acc: 0.000000, norm_edit_dis: 0.000000, CTCLoss: 381.529205, NRTRLoss: 11.693531, loss: 393.181000, avg_reader_cost: 0.08809 s, avg_batch_cost: 0.78906 s, avg_samples: 104.5, ips: 132.43571 samples/s, eta: 4:45:30, max_mem_reserved: 14742 MB, max_mem_allocated: 13607 MB
[2025/11/14 16:55:39] ppocr INFO: epoch: [1/20], global_step: 20, lr: 0.000000, acc: 0.000000, norm_edit_dis: 0.000000, CTCLoss: 381.128021, NRTRLoss: 11.675472, loss: 392.859100, avg_reader_cost: 0.00294 s, avg_batch_cost: 0.64546 s, avg_samples: 100.2, ips: 155.23815 samples/s, eta: 4:19:24, max_mem_reserved: 14742 MB, max_mem_allocated: 13607 MB
[2025/11/14 16:55:45] ppocr INFO: epoch: [1/20], global_step: 30, lr: 0.000000, acc: 0.000000, norm_edit_dis: 0.000000, CTCLoss: 381.522385, NRTRLoss: 11.641093, loss: 393.180374, avg_reader_cost: 0.00342 s, avg_batch_cost: 0.62234 s, avg_samples: 93.8, ips: 150.72262 samples/s, eta: 4:07:51, max_mem_reserved: 14742 MB, max_mem_allocated: 13607 MB
[2025/11/14 16:55:52] ppocr INFO: epoch: [1/20], global_step: 40, lr: 0.000000, acc: 0.000000, norm_edit_dis: 0.000000, CTCLoss: 381.901138, NRTRLoss: 11.645572, loss: 393.463669, avg_reader_cost: 0.00294 s, avg_batch_cost: 0.62492 s, avg_samples: 93.8, ips: 150.09990 samples/s, eta: 4:02:15, max_mem_reserved: 14742 MB, max_mem_allocated: 13607 MB
[2025/11/14 16:55:58] ppocr INFO: epoch: [1/20], global_step: 50, lr: 0.000000, acc: 0.000000, norm_edit_dis: 0.000000, CTCLoss: 381.125763, NRTRLoss: 11.641160, loss: 392.739273, avg_reader_cost: 0.00295 s, avg_batch_cost: 0.61219 s, avg_samples: 78.9, ips: 128.88100 samples/s, eta: 3:57:56, max_mem_reserved: 14742 MB, max_mem_allocated: 13607 MB
[2025/11/14 16:56:04] ppocr INFO: epoch: [1/20], global_step: 60, lr: 0.000000, acc: 0.000000, norm_edit_dis: 0.000000, CTCLoss: 380.600250, NRTRLoss: 11.617058, loss: 392.185608, avg_reader_cost: 0.00296 s, avg_batch_cost: 0.65110 s, avg_samples: 98.0, ips: 150.51549 samples/s, eta: 3:57:21, max_mem_reserved: 14742 MB, max_mem_allocated: 13607 MB
[2025/11/14 16:56:10] ppocr INFO: epoch: [1/20], global_step: 70, lr: 0.000000, acc: 0.000000, norm_edit_dis: 0.000000, CTCLoss: 380.962402, NRTRLoss: 11.601799, loss: 392.537033, avg_reader_cost: 0.00296 s, avg_batch_cost: 0.61745 s, avg_samples: 85.3, ips: 138.14818 samples/s, eta: 3:55:11, max_mem_reserved: 14742 MB, max_mem_allocated: 13607 MB
[2025/11/14 16:56:17] ppocr INFO: epoch: [1/20], global_step: 80, lr: 0.000000, acc: 0.000000, norm_edit_dis: 0.000000, CTCLoss: 380.239822, NRTRLoss: 11.565585, loss: 391.805176, avg_reader_cost: 0.00345 s, avg_batch_cost: 0.64535 s, avg_samples: 93.8, ips: 145.34661 samples/s, eta: 3:54:47, max_mem_reserved: 14742 MB, max_mem_allocated: 13607 MB
[2025/11/14 16:56:23] ppocr INFO: epoch: [1/20], global_step: 90, lr: 0.000000, acc: 0.000000, norm_edit_dis: 0.000000, CTCLoss: 380.669830, NRTRLoss: 11.525039, loss: 392.178650, avg_reader_cost: 0.00291 s, avg_batch_cost: 0.61190 s, avg_samples: 85.3, ips: 139.40171 samples/s, eta: 3:53:06, max_mem_reserved: 14742 MB, max_mem_allocated: 13607 MB
[2025/11/14 16:56:29] ppocr INFO: epoch: [1/20], global_step: 100, lr: 0.000000, acc: 0.000000, norm_edit_dis: 0.000000, CTCLoss: 380.669830, NRTRLoss: 11.448565, loss: 392.178650, avg_reader_cost: 0.00292 s, avg_batch_cost: 0.60427 s, avg_samples: 89.5, ips: 148.11354 samples/s, eta: 3:51:28, max_mem_reserved: 14742 MB, max_mem_allocated: 13607 MB
[2025/11/14 16:57:00] ppocr INFO: cur metric, acc: 0.0, norm_edit_dis: 9.631814460675514e-05, fps: 695.1961746495282
[2025/11/14 16:57:02] ppocr INFO: save best model is to ./output/best_accuracy
[2025/11/14 16:57:02] ppocr INFO: best metric, acc: 0.0, is_float16: False, norm_edit_dis: 9.631814460675514e-05, fps: 695.1961746495282, best_epoch: 1
[2025/11/14 16:57:08] ppocr INFO: epoch: [1/20], global_step: 110, lr: 0.000000, acc: 0.000000, norm_edit_dis: 0.000000, CTCLoss: 380.379211, NRTRLoss: 11.397865, loss: 391.697601, avg_reader_cost: 0.00293 s, avg_batch_cost: 0.64244 s, avg_samples: 104.4, ips: 162.50653 samples/s, eta: 3:51:22, max_mem_reserved: 25002 MB, max_mem_allocated: 13607 MB
[2025/11/14 16:57:15] ppocr INFO: epoch: [1/20], global_step: 120, lr: 0.000000, acc: 0.000000, norm_edit_dis: 0.000000, CTCLoss: 380.971680, NRTRLoss: 11.337191, loss: 392.317429, avg_reader_cost: 0.00291 s, avg_batch_cost: 0.63282 s, avg_samples: 91.6, ips: 144.74982 samples/s, eta: 3:50:58, max_mem_reserved: 25002 MB, max_mem_allocated: 13607 MB
[2025/11/14 16:57:21] ppocr INFO: epoch: [1/20], global_step: 130, lr: 0.000000, acc: 0.000000, norm_edit_dis: 0.000000, CTCLoss: 380.417847, NRTRLoss: 11.287467, loss: 391.541367, avg_reader_cost: 0.00289 s, avg_batch_cost: 0.64053 s, avg_samples: 89.5, ips: 139.72893 samples/s, eta: 3:50:50, max_mem_reserved: 25002 MB, max_mem_allocated: 13607 MB
[2025/11/14 16:57:28] ppocr INFO: epoch: [1/20], global_step: 140, lr: 0.000000, acc: 0.000000, norm_edit_dis: 0.000000, CTCLoss: 380.848343, NRTRLoss: 11.246639, loss: 392.017944, avg_reader_cost: 0.00290 s, avg_batch_cost: 0.64761 s, avg_samples: 100.2, ips: 154.72377 samples/s, eta: 3:50:53, max_mem_reserved: 25002 MB, max_mem_allocated: 13607 MB
[2025/11/14 16:57:34] ppocr INFO: epoch: [1/20], global_step: 150, lr: 0.000000, acc: 0.000000, norm_edit_dis: 0.000000, CTCLoss: 380.196228, NRTRLoss: 11.153821, loss: 391.250320, avg_reader_cost: 0.00288 s, avg_batch_cost: 0.62506 s, avg_samples: 85.3, ips: 136.46649 samples/s, eta: 3:50:22, max_mem_reserved: 25002 MB, max_mem_allocated: 13607 MB
[2025/11/14 16:57:40] ppocr INFO: epoch: [1/20], global_step: 160, lr: 0.000000, acc: 0.000000, norm_edit_dis: 0.000000, CTCLoss: 379.566238, NRTRLoss: 11.066891, loss: 390.573914, avg_reader_cost: 0.00291 s, avg_batch_cost: 0.62781 s, avg_samples: 108.7, ips: 173.14136 samples/s, eta: 3:49:58, max_mem_reserved: 25002 MB, max_mem_allocated: 13607 MB
[2025/11/14 16:57:47] ppocr INFO: epoch: [1/20], global_step: 170, lr: 0.000000, acc: 0.000000, norm_edit_dis: 0.000000, CTCLoss: 379.666901, NRTRLoss: 11.026039, loss: 390.650925, avg_reader_cost: 0.00322 s, avg_batch_cost: 0.64400 s, avg_samples: 102.3, ips: 158.85142 samples/s, eta: 3:49:57, max_mem_reserved: 25002 MB, max_mem_allocated: 13607 MB
[2025/11/14 16:57:53] ppocr INFO: epoch: [1/20], global_step: 180, lr: 0.000000, acc: 0.000000, norm_edit_dis: 0.000000, CTCLoss: 379.666901, NRTRLoss: 10.896888, loss: 390.650925, avg_reader_cost: 0.00289 s, avg_batch_cost: 0.62144 s, avg_samples: 89.5, ips: 144.02092 samples/s, eta: 3:49:28, max_mem_reserved: 25002 MB, max_mem_allocated: 13607 MB
[2025/11/14 16:57:59] ppocr INFO: epoch: [1/20], global_step: 190, lr: 0.000000, acc: 0.000000, norm_edit_dis: 0.000000, CTCLoss: 378.553146, NRTRLoss: 10.792936, loss: 389.351578, avg_reader_cost: 0.00289 s, avg_batch_cost: 0.59703 s, avg_samples: 83.1, ips: 139.18964 samples/s, eta: 3:48:34, max_mem_reserved: 25002 MB, max_mem_allocated: 13607 MB
[2025/11/14 16:58:04] ppocr INFO: epoch: [1/20], global_step: 200, lr: 0.000001, acc: 0.000000, norm_edit_dis: 0.000000, CTCLoss: 378.012970, NRTRLoss: 10.694965, loss: 388.655914, avg_reader_cost: 0.00287 s, avg_batch_cost: 0.57015 s, avg_samples: 78.8, ips: 138.20819 samples/s, eta: 3:47:16, max_mem_reserved: 25002 MB, max_mem_allocated: 13607 MB
[2025/11/14 16:58:36] ppocr INFO: cur metric, acc: 0.0, norm_edit_dis: 9.951054090084899e-05, fps: 670.8797978024633
[2025/11/14 16:58:39] ppocr INFO: save best model is to ./output/best_accuracy
[2025/11/14 16:58:39] ppocr INFO: best metric, acc: 0.0, is_float16: False, norm_edit_dis: 9.951054090084899e-05, fps: 670.8797978024633, best_epoch: 1
[2025/11/14 16:58:45] ppocr INFO: epoch: [1/20], global_step: 210, lr: 0.000001, acc: 0.000000, norm_edit_dis: 0.000000, CTCLoss: 378.264328, NRTRLoss: 10.574111, loss: 388.911636, avg_reader_cost: 0.00343 s, avg_batch_cost: 0.65467 s, avg_samples: 93.7, ips: 143.12571 samples/s, eta: 3:47:31, max_mem_reserved: 25002 MB, max_mem_allocated: 13607 MB
[2025/11/14 16:58:52] ppocr INFO: epoch: [1/20], global_step: 220, lr: 0.000001, acc: 0.000000, norm_edit_dis: 0.000000, CTCLoss: 378.652313, NRTRLoss: 10.445592, loss: 389.108414, avg_reader_cost: 0.00296 s, avg_batch_cost: 0.66105 s, avg_samples: 100.1, ips: 151.42652 samples/s, eta: 3:47:50, max_mem_reserved: 25002 MB, max_mem_allocated: 13607 MB
[2025/11/14 16:58:58] ppocr INFO: epoch: [1/20], global_step: 230, lr: 0.000001, acc: 0.000000, norm_edit_dis: 0.000000, CTCLoss: 378.949051, NRTRLoss: 10.249099, loss: 389.101852, avg_reader_cost: 0.00324 s, avg_batch_cost: 0.63406 s, avg_samples: 93.7, ips: 147.77745 samples/s, eta: 3:47:42, max_mem_reserved: 25002 MB, max_mem_allocated: 13607 MB
[2025/11/14 16:59:04] ppocr INFO: epoch: [1/20], global_step: 240, lr: 0.000001, acc: 0.000000, norm_edit_dis: 0.000000, CTCLoss: 378.162018, NRTRLoss: 10.106602, loss: 388.268158, avg_reader_cost: 0.00323 s, avg_batch_cost: 0.58674 s, avg_samples: 89.5, ips: 152.53858 samples/s, eta: 3:46:52, max_mem_reserved: 25002 MB, max_mem_allocated: 13607 MB
[2025/11/14 16:59:11] ppocr INFO: epoch: [1/20], global_step: 250, lr: 0.000001, acc: 0.000000, norm_edit_dis: 0.000000, CTCLoss: 377.920792, NRTRLoss: 9.927286, loss: 387.864975, avg_reader_cost: 0.00321 s, avg_batch_cost: 0.62269 s, avg_samples: 87.4, ips: 140.35954 samples/s, eta: 3:46:36, max_mem_reserved: 25002 MB, max_mem_allocated: 13607 MB
[2025/11/14 16:59:17] ppocr INFO: epoch: [1/20], global_step: 260, lr: 0.000001, acc: 0.000000, norm_edit_dis: 0.000000, CTCLoss: 377.382812, NRTRLoss: 9.728618, loss: 387.069489, avg_reader_cost: 0.00288 s, avg_batch_cost: 0.64619 s, avg_samples: 91.5, ips: 141.59965 samples/s, eta: 3:46:40, max_mem_reserved: 25002 MB, max_mem_allocated: 13607 MB
[2025/11/14 16:59:23] ppocr INFO: epoch: [1/20], global_step: 270, lr: 0.000001, acc: 0.000000, norm_edit_dis: 0.000000, CTCLoss: 377.217468, NRTRLoss: 9.588673, loss: 386.771912, avg_reader_cost: 0.00324 s, avg_batch_cost: 0.64365 s, avg_samples: 104.4, ips: 162.20055 samples/s, eta: 3:46:42, max_mem_reserved: 25002 MB, max_mem_allocated: 13607 MB
[2025/11/14 16:59:29] ppocr INFO: epoch: [1/20], global_step: 280, lr: 0.000001, acc: 0.000000, norm_edit_dis: 0.000000, CTCLoss: 377.145630, NRTRLoss: 9.345901, loss: 386.504776, avg_reader_cost: 0.00289 s, avg_batch_cost: 0.59864 s, avg_samples: 87.4, ips: 145.99864 samples/s, eta: 3:46:08, max_mem_reserved: 25002 MB, max_mem_allocated: 13607 MB
[2025/11/14 16:59:35] ppocr INFO: epoch: [1/20], global_step: 290, lr: 0.000001, acc: 0.000000, norm_edit_dis: 0.000000, CTCLoss: 376.204300, NRTRLoss: 9.199665, loss: 385.340103, avg_reader_cost: 0.00290 s, avg_batch_cost: 0.59503 s, avg_samples: 81.0, ips: 136.12812 samples/s, eta: 3:45:34, max_mem_reserved: 25002 MB, max_mem_allocated: 13607 MB
[2025/11/14 16:59:41] ppocr INFO: epoch: [1/20], global_step: 300, lr: 0.000001, acc: 0.000000, norm_edit_dis: 0.000000, CTCLoss: 375.410248, NRTRLoss: 8.972372, loss: 384.361237, avg_reader_cost: 0.00289 s, avg_batch_cost: 0.59874 s, avg_samples: 87.3, ips: 145.80515 samples/s, eta: 3:45:04, max_mem_reserved: 25002 MB, max_mem_allocated: 13607 MB
[2025/11/14 17:00:12] ppocr INFO: cur metric, acc: 0.0, norm_edit_dis: 0.00012390926718230943, fps: 690.822771722335
[2025/11/14 17:00:15] ppocr INFO: save best model is to ./output/best_accuracy
[2025/11/14 17:00:15] ppocr INFO: best metric, acc: 0.0, is_float16: False, norm_edit_dis: 0.00012390926718230943, fps: 690.822771722335, best_epoch: 1
[2025/11/14 17:00:21] ppocr INFO: epoch: [1/20], global_step: 310, lr: 0.000001, acc: 0.000000, norm_edit_dis: 0.000000, CTCLoss: 374.962555, NRTRLoss: 8.770217, loss: 383.730179, avg_reader_cost: 0.00295 s, avg_batch_cost: 0.62071 s, avg_samples: 83.1, ips: 133.87918 samples/s, eta: 3:44:51, max_mem_reserved: 25002 MB, max_mem_allocated: 13607 MB
[2025/11/14 17:00:28] ppocr INFO: epoch: [1/20], global_step: 320, lr: 0.000001, acc: 0.000000, norm_edit_dis: 0.000000, CTCLoss: 374.956360, NRTRLoss: 8.535830, loss: 383.577271, avg_reader_cost: 0.00330 s, avg_batch_cost: 0.64834 s, avg_samples: 98.0, ips: 151.15561 samples/s, eta: 3:44:57, max_mem_reserved: 25002 MB, max_mem_allocated: 13607 MB
[2025/11/14 17:00:34] ppocr INFO: epoch: [1/20], global_step: 330, lr: 0.000001, acc: 0.000000, norm_edit_dis: 0.000000, CTCLoss: 375.663605, NRTRLoss: 8.340001, loss: 384.117783, avg_reader_cost: 0.00288 s, avg_batch_cost: 0.64838 s, avg_samples: 98.0, ips: 151.14703 samples/s, eta: 3:45:02, max_mem_reserved: 25002 MB, max_mem_allocated: 13607 MB
[2025/11/14 17:00:41] ppocr INFO: epoch: [1/20], global_step: 340, lr: 0.000001, acc: 0.000000, norm_edit_dis: 0.000000, CTCLoss: 373.978394, NRTRLoss: 8.133627, loss: 382.177383, avg_reader_cost: 0.00288 s, avg_batch_cost: 0.63328 s, avg_samples: 91.6, ips: 144.64431 samples/s, eta: 3:44:57, max_mem_reserved: 25002 MB, max_mem_allocated: 13607 MB
[2025/11/14 17:00:47] ppocr INFO: epoch: [1/20], global_step: 350, lr: 0.000001, acc: 0.000000, norm_edit_dis: 0.000000, CTCLoss: 373.692108, NRTRLoss: 7.930207, loss: 381.668625, avg_reader_cost: 0.00286 s, avg_batch_cost: 0.62322 s, avg_samples: 91.7, ips: 147.13999 samples/s, eta: 3:44:46, max_mem_reserved: 25002 MB, max_mem_allocated: 13607 MB
[2025/11/14 17:00:53] ppocr INFO: epoch: [1/20], global_step: 360, lr: 0.000001, acc: 0.000000, norm_edit_dis: 0.000000, CTCLoss: 373.577698, NRTRLoss: 7.696651, loss: 381.230347, avg_reader_cost: 0.00293 s, avg_batch_cost: 0.63733 s, avg_samples: 85.3, ips: 133.83971 samples/s, eta: 3:44:43, max_mem_reserved: 25002 MB, max_mem_allocated: 13607 MB
[2025/11/14 17:00:59] ppocr INFO: epoch: [1/20], global_step: 370, lr: 0.000001, acc: 0.000000, norm_edit_dis: 0.000000, CTCLoss: 373.557983, NRTRLoss: 7.534413, loss: 380.942780, avg_reader_cost: 0.00336 s, avg_batch_cost: 0.61129 s, avg_samples: 89.5, ips: 146.41249 samples/s, eta: 3:44:26, max_mem_reserved: 25002 MB, max_mem_allocated: 13607 MB
[2025/11/14 17:01:06] ppocr INFO: epoch: [1/20], global_step: 380, lr: 0.000001, acc: 0.000000, norm_edit_dis: 0.000000, CTCLoss: 373.046005, NRTRLoss: 7.343816, loss: 380.142990, avg_reader_cost: 0.00282 s, avg_batch_cost: 0.63106 s, avg_samples: 87.2, ips: 138.18075 samples/s, eta: 3:44:19, max_mem_reserved: 25002 MB, max_mem_allocated: 13607 MB
[2025/11/14 17:01:12] ppocr INFO: epoch: [1/20], global_step: 390, lr: 0.000001, acc: 0.000000, norm_edit_dis: 0.000244, CTCLoss: 371.862473, NRTRLoss: 7.159867, loss: 379.013062, avg_reader_cost: 0.00290 s, avg_batch_cost: 0.65384 s, avg_samples: 98.0, ips: 149.88308 samples/s, eta: 3:44:26, max_mem_reserved: 25002 MB, max_mem_allocated: 13607 MB
[2025/11/14 17:01:19] ppocr INFO: epoch: [1/20], global_step: 400, lr: 0.000001, acc: 0.000000, norm_edit_dis: 0.000273, CTCLoss: 372.248337, NRTRLoss: 6.949360, loss: 379.140579, avg_reader_cost: 0.00314 s, avg_batch_cost: 0.64055 s, avg_samples: 95.8, ips: 149.55920 samples/s, eta: 3:44:24, max_mem_reserved: 25002 MB, max_mem_allocated: 13607 MB
[2025/11/14 17:01:49] ppocr INFO: cur metric, acc: 0.0, norm_edit_dis: 0.0003014973286896705, fps: 701.6580631120944
[2025/11/14 17:01:52] ppocr INFO: save best model is to ./output/best_accuracy
[2025/11/14 17:01:52] ppocr INFO: best metric, acc: 0.0, is_float16: False, norm_edit_dis: 0.0003014973286896705, fps: 701.6580631120944, best_epoch: 1
[2025/11/14 17:01:59] ppocr INFO: epoch: [1/20], global_step: 410, lr: 0.000001, acc: 0.000000, norm_edit_dis: 0.000230, CTCLoss: 370.839966, NRTRLoss: 6.810746, loss: 377.621201, avg_reader_cost: 0.00317 s, avg_batch_cost: 0.66041 s, avg_samples: 98.0, ips: 148.39161 samples/s, eta: 3:44:33, max_mem_reserved: 25002 MB, max_mem_allocated: 13607 MB
[2025/11/14 17:02:05] ppocr INFO: epoch: [1/20], global_step: 420, lr: 0.000001, acc: 0.000000, norm_edit_dis: 0.000233, CTCLoss: 370.951187, NRTRLoss: 6.618841, loss: 377.600769, avg_reader_cost: 0.00284 s, avg_batch_cost: 0.62403 s, avg_samples: 93.8, ips: 150.31229 samples/s, eta: 3:44:23, max_mem_reserved: 25002 MB, max_mem_allocated: 13607 MB
[2025/11/14 17:02:12] ppocr INFO: epoch: [1/20], global_step: 430, lr: 0.000001, acc: 0.000000, norm_edit_dis: 0.000440, CTCLoss: 369.111664, NRTRLoss: 6.573124, loss: 375.773636, avg_reader_cost: 0.00292 s, avg_batch_cost: 0.65695 s, avg_samples: 91.7, ips: 139.58502 samples/s, eta: 3:44:29, max_mem_reserved: 25002 MB, max_mem_allocated: 13607 MB
[2025/11/14 17:02:18] ppocr INFO: epoch: [1/20], global_step: 440, lr: 0.000001, acc: 0.000000, norm_edit_dis: 0.000513, CTCLoss: 368.202332, NRTRLoss: 6.472069, loss: 374.748520, avg_reader_cost: 0.00293 s, avg_batch_cost: 0.60878 s, avg_samples: 81.0, ips: 133.05349 samples/s, eta: 3:44:11, max_mem_reserved: 25002 MB, max_mem_allocated: 13607 MB
[2025/11/14 17:02:24] ppocr INFO: epoch: [1/20], global_step: 450, lr: 0.000001, acc: 0.000000, norm_edit_dis: 0.000520, CTCLoss: 368.453308, NRTRLoss: 6.425584, loss: 374.897186, avg_reader_cost: 0.00291 s, avg_batch_cost: 0.65342 s, avg_samples: 93.7, ips: 143.39864 samples/s, eta: 3:44:14, max_mem_reserved: 25002 MB, max_mem_allocated: 13607 MB
[2025/11/14 17:02:31] ppocr INFO: epoch: [1/20], global_step: 460, lr: 0.000001, acc: 0.000000, norm_edit_dis: 0.000899, CTCLoss: 367.642715, NRTRLoss: 6.336771, loss: 373.887695, avg_reader_cost: 0.00334 s, avg_batch_cost: 0.63478 s, avg_samples: 87.3, ips: 137.52873 samples/s, eta: 3:44:09, max_mem_reserved: 25002 MB, max_mem_allocated: 13607 MB
[2025/11/14 17:02:37] ppocr INFO: epoch: [1/20], global_step: 470, lr: 0.000001, acc: 0.000000, norm_edit_dis: 0.001277, CTCLoss: 366.223877, NRTRLoss: 6.241088, loss: 372.513443, avg_reader_cost: 0.00296 s, avg_batch_cost: 0.64113 s, avg_samples: 95.9, ips: 149.57889 samples/s, eta: 3:44:07, max_mem_reserved: 25002 MB, max_mem_allocated: 13607 MB
[2025/11/14 17:02:43] ppocr INFO: epoch: [1/20], global_step: 480, lr: 0.000001, acc: 0.000000, norm_edit_dis: 0.001491, CTCLoss: 365.234848, NRTRLoss: 6.205168, loss: 371.379776, avg_reader_cost: 0.00297 s, avg_batch_cost: 0.63489 s, avg_samples: 91.6, ips: 144.27677 samples/s, eta: 3:44:01, max_mem_reserved: 25002 MB, max_mem_allocated: 13607 MB
[2025/11/14 17:02:50] ppocr INFO: epoch: [1/20], global_step: 490, lr: 0.000001, acc: 0.000000, norm_edit_dis: 0.001528, CTCLoss: 364.555862, NRTRLoss: 6.138213, loss: 370.700867, avg_reader_cost: 0.00400 s, avg_batch_cost: 0.65659 s, avg_samples: 98.0, ips: 149.25707 samples/s, eta: 3:44:05, max_mem_reserved: 25002 MB, max_mem_allocated: 13607 MB
[2025/11/14 17:02:56] ppocr INFO: epoch: [1/20], global_step: 500, lr: 0.000001, acc: 0.000000, norm_edit_dis: 0.001528, CTCLoss: 364.080002, NRTRLoss: 6.070113, loss: 370.154373, avg_reader_cost: 0.00293 s, avg_batch_cost: 0.64038 s, avg_samples: 98.1, ips: 153.19052 samples/s, eta: 3:44:02, max_mem_reserved: 25002 MB, max_mem_allocated: 13607 MB
[2025/11/14 17:03:28] ppocr INFO: cur metric, acc: 0.0, norm_edit_dis: 0.0053926604833187675, fps: 664.9810813593898
[2025/11/14 17:03:31] ppocr INFO: save best model is to ./output/best_accuracy
[2025/11/14 17:03:31] ppocr INFO: best metric, acc: 0.0, is_float16: False, norm_edit_dis: 0.0053926604833187675, fps: 664.9810813593898, best_epoch: 1
[2025/11/14 17:03:37] ppocr INFO: epoch: [1/20], global_step: 510, lr: 0.000001, acc: 0.000000, norm_edit_dis: 0.002522, CTCLoss: 363.177704, NRTRLoss: 6.011708, loss: 369.138596, avg_reader_cost: 0.00299 s, avg_batch_cost: 0.62897 s, avg_samples: 87.4, ips: 138.95731 samples/s, eta: 3:43:54, max_mem_reserved: 25002 MB, max_mem_allocated: 13607 MB
[2025/11/14 17:03:43] ppocr INFO: epoch: [1/20], global_step: 520, lr: 0.000001, acc: 0.000000, norm_edit_dis: 0.003960, CTCLoss: 359.276566, NRTRLoss: 6.067768, loss: 365.403671, avg_reader_cost: 0.00290 s, avg_batch_cost: 0.58123 s, avg_samples: 76.7, ips: 131.96229 samples/s, eta: 3:43:26, max_mem_reserved: 25002 MB, max_mem_allocated: 13607 MB
[2025/11/14 17:03:49] ppocr INFO: epoch: [1/20], global_step: 530, lr: 0.000001, acc: 0.000000, norm_edit_dis: 0.004636, CTCLoss: 357.945068, NRTRLoss: 6.023618, loss: 363.912582, avg_reader_cost: 0.00294 s, avg_batch_cost: 0.63129 s, avg_samples: 95.8, ips: 151.75384 samples/s, eta: 3:43:19, max_mem_reserved: 25002 MB, max_mem_allocated: 13607 MB
[2025/11/14 17:03:56] ppocr INFO: epoch: [1/20], global_step: 540, lr: 0.000001, acc: 0.000000, norm_edit_dis: 0.005313, CTCLoss: 357.348114, NRTRLoss: 5.907454, loss: 363.228302, avg_reader_cost: 0.00287 s, avg_batch_cost: 0.66922 s, avg_samples: 102.3, ips: 152.86368 samples/s, eta: 3:43:27, max_mem_reserved: 25002 MB, max_mem_allocated: 13607 MB
[2025/11/14 17:04:02] ppocr INFO: epoch: [1/20], global_step: 550, lr: 0.000001, acc: 0.000000, norm_edit_dis: 0.005408, CTCLoss: 356.882416, NRTRLoss: 5.832767, loss: 362.816483, avg_reader_cost: 0.00283 s, avg_batch_cost: 0.62524 s, avg_samples: 93.8, ips: 150.02239 samples/s, eta: 3:43:18, max_mem_reserved: 25002 MB, max_mem_allocated: 13607 MB
[2025/11/14 17:04:09] ppocr INFO: epoch: [1/20], global_step: 560, lr: 0.000002, acc: 0.000000, norm_edit_dis: 0.006853, CTCLoss: 355.645325, NRTRLoss: 5.835376, loss: 361.529175, avg_reader_cost: 0.00291 s, avg_batch_cost: 0.65165 s, avg_samples: 93.8, ips: 143.94304 samples/s, eta: 3:43:19, max_mem_reserved: 25002 MB, max_mem_allocated: 13607 MB
[2025/11/14 17:04:15] ppocr INFO: epoch: [1/20], global_step: 570, lr: 0.000002, acc: 0.000000, norm_edit_dis: 0.008375, CTCLoss: 354.426025, NRTRLoss: 5.828241, loss: 360.139252, avg_reader_cost: 0.00298 s, avg_batch_cost: 0.64175 s, avg_samples: 95.9, ips: 149.43415 samples/s, eta: 3:43:16, max_mem_reserved: 25002 MB, max_mem_allocated: 13607 MB
[2025/11/14 17:04:21] ppocr INFO: epoch: [1/20], global_step: 580, lr: 0.000002, acc: 0.000000, norm_edit_dis: 0.009865, CTCLoss: 351.042542, NRTRLoss: 5.846496, loss: 356.934341, avg_reader_cost: 0.00289 s, avg_batch_cost: 0.57899 s, avg_samples: 74.5, ips: 128.67132 samples/s, eta: 3:42:49, max_mem_reserved: 25002 MB, max_mem_allocated: 13607 MB
[2025/11/14 17:04:27] ppocr INFO: epoch: [1/20], global_step: 590, lr: 0.000002, acc: 0.000000, norm_edit_dis: 0.010315, CTCLoss: 351.457718, NRTRLoss: 5.827682, loss: 357.360062, avg_reader_cost: 0.00334 s, avg_batch_cost: 0.63809 s, avg_samples: 93.8, ips: 147.00140 samples/s, eta: 3:42:45, max_mem_reserved: 25002 MB, max_mem_allocated: 13607 MB
[2025/11/14 17:04:34] ppocr INFO: epoch: [1/20], global_step: 600, lr: 0.000002, acc: 0.000000, norm_edit_dis: 0.009320, CTCLoss: 351.439850, NRTRLoss: 5.766442, loss: 357.250244, avg_reader_cost: 0.00296 s, avg_batch_cost: 0.66531 s, avg_samples: 100.2, ips: 150.60593 samples/s, eta: 3:42:50, max_mem_reserved: 25002 MB, max_mem_allocated: 13607 MB
[2025/11/14 17:05:05] ppocr INFO: cur metric, acc: 0.0, norm_edit_dis: 0.017082645927539164, fps: 702.7120188101401
[2025/11/14 17:05:08] ppocr INFO: save best model is to ./output/best_accuracy
[2025/11/14 17:05:08] ppocr INFO: best metric, acc: 0.0, is_float16: False, norm_edit_dis: 0.017082645927539164, fps: 702.7120188101401, best_epoch: 1
[2025/11/14 17:05:14] ppocr INFO: epoch: [1/20], global_step: 610, lr: 0.000002, acc: 0.000000, norm_edit_dis: 0.011498, CTCLoss: 348.692917, NRTRLoss: 5.722907, loss: 354.389206, avg_reader_cost: 0.00314 s, avg_batch_cost: 0.63555 s, avg_samples: 91.6, ips: 144.12650 samples/s, eta: 3:42:45, max_mem_reserved: 25002 MB, max_mem_allocated: 13607 MB
[2025/11/14 17:05:21] ppocr INFO: epoch: [1/20], global_step: 620, lr: 0.000002, acc: 0.000000, norm_edit_dis: 0.013390, CTCLoss: 347.134888, NRTRLoss: 5.698505, loss: 352.855576, avg_reader_cost: 0.00289 s, avg_batch_cost: 0.62687 s, avg_samples: 89.4, ips: 142.61388 samples/s, eta: 3:42:36, max_mem_reserved: 25002 MB, max_mem_allocated: 13607 MB
[2025/11/14 17:05:27] ppocr INFO: epoch: [1/20], global_step: 630, lr: 0.000002, acc: 0.000000, norm_edit_dis: 0.015857, CTCLoss: 343.529648, NRTRLoss: 5.688916, loss: 349.287094, avg_reader_cost: 0.00290 s, avg_batch_cost: 0.58223 s, avg_samples: 78.8, ips: 135.34285 samples/s, eta: 3:42:13, max_mem_reserved: 25002 MB, max_mem_allocated: 13607 MB
[2025/11/14 17:05:33] ppocr INFO: epoch: [1/20], global_step: 640, lr: 0.000002, acc: 0.000000, norm_edit_dis: 0.017236, CTCLoss: 342.280670, NRTRLoss: 5.691800, loss: 347.991608, avg_reader_cost: 0.00292 s, avg_batch_cost: 0.64771 s, avg_samples: 95.9, ips: 148.06090 samples/s, eta: 3:42:12, max_mem_reserved: 25002 MB, max_mem_allocated: 13607 MB
[2025/11/14 17:05:39] ppocr INFO: epoch: [1/20], global_step: 650, lr: 0.000002, acc: 0.000000, norm_edit_dis: 0.016257, CTCLoss: 341.544342, NRTRLoss: 5.662136, loss: 347.298004, avg_reader_cost: 0.00338 s, avg_batch_cost: 0.64248 s, avg_samples: 95.9, ips: 149.26543 samples/s, eta: 3:42:09, max_mem_reserved: 25002 MB, max_mem_allocated: 13607 MB
[2025/11/14 17:05:46] ppocr INFO: epoch: [1/20], global_step: 660, lr: 0.000002, acc: 0.000000, norm_edit_dis: 0.017746, CTCLoss: 339.996155, NRTRLoss: 5.628798, loss: 345.600204, avg_reader_cost: 0.00290 s, avg_batch_cost: 0.64217 s, avg_samples: 93.8, ips: 146.06674 samples/s, eta: 3:42:06, max_mem_reserved: 25002 MB, max_mem_allocated: 13607 MB
[2025/11/14 17:05:52] ppocr INFO: epoch: [1/20], global_step: 670, lr: 0.000002, acc: 0.000000, norm_edit_dis: 0.019506, CTCLoss: 336.381577, NRTRLoss: 5.586389, loss: 341.983200, avg_reader_cost: 0.00343 s, avg_batch_cost: 0.62142 s, avg_samples: 87.3, ips: 140.48439 samples/s, eta: 3:41:56, max_mem_reserved: 25002 MB, max_mem_allocated: 13607 MB
[2025/11/14 17:05:58] ppocr INFO: epoch: [1/20], global_step: 680, lr: 0.000002, acc: 0.000000, norm_edit_dis: 0.020074, CTCLoss: 334.986542, NRTRLoss: 5.569733, loss: 340.728958, avg_reader_cost: 0.00286 s, avg_batch_cost: 0.63269 s, avg_samples: 93.7, ips: 148.09750 samples/s, eta: 3:41:49, max_mem_reserved: 25002 MB, max_mem_allocated: 13607 MB
[2025/11/14 17:06:05] ppocr INFO: epoch: [1/20], global_step: 690, lr: 0.000002, acc: 0.000000, norm_edit_dis: 0.020802, CTCLoss: 333.759827, NRTRLoss: 5.532624, loss: 339.252625, avg_reader_cost: 0.00289 s, avg_batch_cost: 0.63583 s, avg_samples: 87.3, ips: 137.30187 samples/s, eta: 3:41:44, max_mem_reserved: 25002 MB, max_mem_allocated: 13607 MB
[2025/11/14 17:06:11] ppocr INFO: epoch: [1/20], global_step: 700, lr: 0.000002, acc: 0.000000, norm_edit_dis: 0.020426, CTCLoss: 332.949661, NRTRLoss: 5.517070, loss: 338.437881, avg_reader_cost: 0.00290 s, avg_batch_cost: 0.66007 s, avg_samples: 106.6, ips: 161.49712 samples/s, eta: 3:41:46, max_mem_reserved: 25002 MB, max_mem_allocated: 13654 MB
[2025/11/14 17:06:42] ppocr INFO: cur metric, acc: 0.0, norm_edit_dis: 0.023836484508378386, fps: 685.9005022164476
[2025/11/14 17:06:45] ppocr INFO: save best model is to ./output/best_accuracy
[2025/11/14 17:06:45] ppocr INFO: best metric, acc: 0.0, is_float16: False, norm_edit_dis: 0.023836484508378386, fps: 685.9005022164476, best_epoch: 1
[2025/11/14 17:06:52] ppocr INFO: epoch: [1/20], global_step: 710, lr: 0.000002, acc: 0.000000, norm_edit_dis: 0.018419, CTCLoss: 331.578522, NRTRLoss: 5.500118, loss: 337.080460, avg_reader_cost: 0.00340 s, avg_batch_cost: 0.71956 s, avg_samples: 100.2, ips: 139.25214 samples/s, eta: 3:42:05, max_mem_reserved: 25002 MB, max_mem_allocated: 13654 MB
[2025/11/14 17:06:58] ppocr INFO: epoch: [1/20], global_step: 720, lr: 0.000002, acc: 0.000000, norm_edit_dis: 0.019736, CTCLoss: 328.635422, NRTRLoss: 5.492229, loss: 334.174484, avg_reader_cost: 0.00292 s, avg_batch_cost: 0.63646 s, avg_samples: 98.0, ips: 153.97564 samples/s, eta: 3:41:59, max_mem_reserved: 25002 MB, max_mem_allocated: 13654 MB
[2025/11/14 17:07:05] ppocr INFO: epoch: [1/20], global_step: 730, lr: 0.000002, acc: 0.000000, norm_edit_dis: 0.021722, CTCLoss: 326.282852, NRTRLoss: 5.489575, loss: 331.816177, avg_reader_cost: 0.00290 s, avg_batch_cost: 0.65283 s, avg_samples: 95.9, ips: 146.90000 samples/s, eta: 3:41:58, max_mem_reserved: 25002 MB, max_mem_allocated: 13654 MB
[2025/11/14 17:07:11] ppocr INFO: epoch: [1/20], global_step: 740, lr: 0.000002, acc: 0.000000, norm_edit_dis: 0.022709, CTCLoss: 323.380859, NRTRLoss: 5.472214, loss: 328.934631, avg_reader_cost: 0.00292 s, avg_batch_cost: 0.64576 s, avg_samples: 93.8, ips: 145.25429 samples/s, eta: 3:41:55, max_mem_reserved: 25002 MB, max_mem_allocated: 13654 MB
[2025/11/14 17:07:18] ppocr INFO: epoch: [1/20], global_step: 750, lr: 0.000002, acc: 0.000000, norm_edit_dis: 0.024645, CTCLoss: 321.374420, NRTRLoss: 5.441553, loss: 326.749374, avg_reader_cost: 0.00286 s, avg_batch_cost: 0.63826 s, avg_samples: 93.7, ips: 146.80519 samples/s, eta: 3:41:50, max_mem_reserved: 25002 MB, max_mem_allocated: 13654 MB
[2025/11/14 17:07:23] ppocr INFO: epoch: [1/20], global_step: 760, lr: 0.000002, acc: 0.000000, norm_edit_dis: 0.025107, CTCLoss: 319.144547, NRTRLoss: 5.421329, loss: 324.551712, avg_reader_cost: 0.00285 s, avg_batch_cost: 0.58170 s, avg_samples: 83.1, ips: 142.85760 samples/s, eta: 3:41:29, max_mem_reserved: 25002 MB, max_mem_allocated: 13654 MB
[2025/11/14 17:07:30] ppocr INFO: epoch: [1/20], global_step: 770, lr: 0.000002, acc: 0.000000, norm_edit_dis: 0.024661, CTCLoss: 318.614258, NRTRLoss: 5.391581, loss: 323.940140, avg_reader_cost: 0.00288 s, avg_batch_cost: 0.64171 s, avg_samples: 93.8, ips: 146.17283 samples/s, eta: 3:41:25, max_mem_reserved: 25002 MB, max_mem_allocated: 13654 MB
[2025/11/14 17:07:36] ppocr INFO: epoch: [1/20], global_step: 780, lr: 0.000002, acc: 0.000000, norm_edit_dis: 0.025338, CTCLoss: 316.506836, NRTRLoss: 5.371367, loss: 321.854797, avg_reader_cost: 0.00288 s, avg_batch_cost: 0.64793 s, avg_samples: 89.5, ips: 138.13166 samples/s, eta: 3:41:22, max_mem_reserved: 25002 MB, max_mem_allocated: 13654 MB
[2025/11/14 17:07:43] ppocr INFO: epoch: [1/20], global_step: 790, lr: 0.000002, acc: 0.000000, norm_edit_dis: 0.027698, CTCLoss: 314.297684, NRTRLoss: 5.377343, loss: 319.641464, avg_reader_cost: 0.00338 s, avg_batch_cost: 0.62018 s, avg_samples: 81.0, ips: 130.60683 samples/s, eta: 3:41:12, max_mem_reserved: 25002 MB, max_mem_allocated: 13654 MB
[2025/11/14 17:07:49] ppocr INFO: epoch: [1/20], global_step: 800, lr: 0.000002, acc: 0.000000, norm_edit_dis: 0.028127, CTCLoss: 309.867386, NRTRLoss: 5.381731, loss: 315.170975, avg_reader_cost: 0.00290 s, avg_batch_cost: 0.66248 s, avg_samples: 100.1, ips: 151.09940 samples/s, eta: 3:41:13, max_mem_reserved: 25002 MB, max_mem_allocated: 13654 MB
[2025/11/14 17:08:21] ppocr INFO: cur metric, acc: 0.0, norm_edit_dis: 0.028218490910067784, fps: 676.8990220712316
[2025/11/14 17:08:23] ppocr INFO: save best model is to ./output/best_accuracy
[2025/11/14 17:08:23] ppocr INFO: best metric, acc: 0.0, is_float16: False, norm_edit_dis: 0.028218490910067784, fps: 676.8990220712316, best_epoch: 1
[2025/11/14 17:08:30] ppocr INFO: epoch: [1/20], global_step: 810, lr: 0.000002, acc: 0.000000, norm_edit_dis: 0.027426, CTCLoss: 309.270172, NRTRLoss: 5.315973, loss: 314.619095, avg_reader_cost: 0.00300 s, avg_batch_cost: 0.63788 s, avg_samples: 87.3, ips: 136.85930 samples/s, eta: 3:41:08, max_mem_reserved: 25002 MB, max_mem_allocated: 13654 MB
[2025/11/14 17:08:36] ppocr INFO: epoch: [1/20], global_step: 820, lr: 0.000002, acc: 0.000000, norm_edit_dis: 0.027641, CTCLoss: 308.484161, NRTRLoss: 5.330679, loss: 313.823303, avg_reader_cost: 0.00292 s, avg_batch_cost: 0.63614 s, avg_samples: 95.9, ips: 150.75356 samples/s, eta: 3:41:02, max_mem_reserved: 25002 MB, max_mem_allocated: 13654 MB
[2025/11/14 17:08:42] ppocr INFO: epoch: [1/20], global_step: 830, lr: 0.000002, acc: 0.000000, norm_edit_dis: 0.028668, CTCLoss: 305.027390, NRTRLoss: 5.343615, loss: 310.324646, avg_reader_cost: 0.00292 s, avg_batch_cost: 0.61540 s, avg_samples: 89.5, ips: 145.43409 samples/s, eta: 3:40:50, max_mem_reserved: 25002 MB, max_mem_allocated: 13654 MB
[2025/11/14 17:08:49] ppocr INFO: epoch: [1/20], global_step: 840, lr: 0.000002, acc: 0.000000, norm_edit_dis: 0.028928, CTCLoss: 302.916245, NRTRLoss: 5.297289, loss: 308.260681, avg_reader_cost: 0.00310 s, avg_batch_cost: 0.64579 s, avg_samples: 102.2, ips: 158.25501 samples/s, eta: 3:40:47, max_mem_reserved: 25002 MB, max_mem_allocated: 13654 MB
[2025/11/14 17:08:55] ppocr INFO: epoch: [1/20], global_step: 850, lr: 0.000002, acc: 0.000000, norm_edit_dis: 0.029254, CTCLoss: 302.390472, NRTRLoss: 5.276565, loss: 307.681519, avg_reader_cost: 0.00295 s, avg_batch_cost: 0.63011 s, avg_samples: 95.9, ips: 152.19447 samples/s, eta: 3:40:40, max_mem_reserved: 25002 MB, max_mem_allocated: 13654 MB
[2025/11/14 17:09:02] ppocr INFO: epoch: [1/20], global_step: 860, lr: 0.000002, acc: 0.000000, norm_edit_dis: 0.030119, CTCLoss: 299.473816, NRTRLoss: 5.247764, loss: 304.807266, avg_reader_cost: 0.00340 s, avg_batch_cost: 0.65712 s, avg_samples: 98.0, ips: 149.13487 samples/s, eta: 3:40:39, max_mem_reserved: 25002 MB, max_mem_allocated: 13654 MB
[2025/11/14 17:09:08] ppocr INFO: epoch: [1/20], global_step: 870, lr: 0.000002, acc: 0.000000, norm_edit_dis: 0.032281, CTCLoss: 296.704910, NRTRLoss: 5.229465, loss: 301.894424, avg_reader_cost: 0.00290 s, avg_batch_cost: 0.60999 s, avg_samples: 85.2, ips: 139.67339 samples/s, eta: 3:40:26, max_mem_reserved: 25002 MB, max_mem_allocated: 13654 MB
[2025/11/14 17:09:14] ppocr INFO: epoch: [1/20], global_step: 880, lr: 0.000002, acc: 0.000000, norm_edit_dis: 0.032811, CTCLoss: 295.989517, NRTRLoss: 5.192217, loss: 301.252182, avg_reader_cost: 0.00344 s, avg_batch_cost: 0.61499 s, avg_samples: 91.7, ips: 149.10830 samples/s, eta: 3:40:16, max_mem_reserved: 25002 MB, max_mem_allocated: 13654 MB
[2025/11/14 17:09:20] ppocr INFO: epoch: [1/20], global_step: 890, lr: 0.000002, acc: 0.000000, norm_edit_dis: 0.032699, CTCLoss: 292.898010, NRTRLoss: 5.203165, loss: 298.171524, avg_reader_cost: 0.00294 s, avg_batch_cost: 0.64840 s, avg_samples: 93.7, ips: 144.51010 samples/s, eta: 3:40:13, max_mem_reserved: 25002 MB, max_mem_allocated: 13654 MB
[2025/11/14 17:09:27] ppocr INFO: epoch: [1/20], global_step: 900, lr: 0.000002, acc: 0.000000, norm_edit_dis: 0.031027, CTCLoss: 292.848419, NRTRLoss: 5.196726, loss: 298.048981, avg_reader_cost: 0.00290 s, avg_batch_cost: 0.65931 s, avg_samples: 89.6, ips: 135.89926 samples/s, eta: 3:40:12, max_mem_reserved: 25002 MB, max_mem_allocated: 13654 MB
[2025/11/14 17:09:58] ppocr INFO: cur metric, acc: 0.0, norm_edit_dis: 0.03432112592486258, fps: 692.2612795543731
[2025/11/14 17:10:01] ppocr INFO: save best model is to ./output/best_accuracy
[2025/11/14 17:10:01] ppocr INFO: best metric, acc: 0.0, is_float16: False, norm_edit_dis: 0.03432112592486258, fps: 692.2612795543731, best_epoch: 1
[2025/11/14 17:10:07] ppocr INFO: epoch: [1/20], global_step: 910, lr: 0.000002, acc: 0.000000, norm_edit_dis: 0.032943, CTCLoss: 290.002502, NRTRLoss: 5.137068, loss: 295.197479, avg_reader_cost: 0.00291 s, avg_batch_cost: 0.61584 s, avg_samples: 83.1, ips: 134.93780 samples/s, eta: 3:40:01, max_mem_reserved: 25002 MB, max_mem_allocated: 13654 MB
[2025/11/14 17:10:14] ppocr INFO: epoch: [1/20], global_step: 920, lr: 0.000003, acc: 0.000000, norm_edit_dis: 0.036321, CTCLoss: 286.628464, NRTRLoss: 5.140287, loss: 291.782684, avg_reader_cost: 0.00307 s, avg_batch_cost: 0.67880 s, avg_samples: 104.4, ips: 153.80140 samples/s, eta: 3:40:05, max_mem_reserved: 25002 MB, max_mem_allocated: 13654 MB
[2025/11/14 17:10:20] ppocr INFO: epoch: [1/20], global_step: 930, lr: 0.000003, acc: 0.000000, norm_edit_dis: 0.034395, CTCLoss: 286.447083, NRTRLoss: 5.129713, loss: 291.590485, avg_reader_cost: 0.00288 s, avg_batch_cost: 0.60367 s, avg_samples: 85.2, ips: 141.13670 samples/s, eta: 3:39:52, max_mem_reserved: 25002 MB, max_mem_allocated: 13654 MB
[2025/11/14 17:10:26] ppocr INFO: epoch: [1/20], global_step: 940, lr: 0.000003, acc: 0.000000, norm_edit_dis: 0.033986, CTCLoss: 284.473450, NRTRLoss: 5.107290, loss: 289.571243, avg_reader_cost: 0.00289 s, avg_batch_cost: 0.66727 s, avg_samples: 106.5, ips: 159.60539 samples/s, eta: 3:39:53, max_mem_reserved: 25002 MB, max_mem_allocated: 13654 MB
[2025/11/14 17:10:33] ppocr INFO: epoch: [1/20], global_step: 950, lr: 0.000003, acc: 0.000000, norm_edit_dis: 0.035717, CTCLoss: 281.677109, NRTRLoss: 5.061386, loss: 286.785004, avg_reader_cost: 0.00337 s, avg_batch_cost: 0.62346 s, avg_samples: 89.5, ips: 143.55323 samples/s, eta: 3:39:44, max_mem_reserved: 25002 MB, max_mem_allocated: 13654 MB
[2025/11/14 17:10:38] ppocr INFO: epoch: [1/20], global_step: 960, lr: 0.000003, acc: 0.000000, norm_edit_dis: 0.036440, CTCLoss: 281.417206, NRTRLoss: 5.035041, loss: 286.486633, avg_reader_cost: 0.00287 s, avg_batch_cost: 0.58099 s, avg_samples: 74.6, ips: 128.40257 samples/s, eta: 3:39:26, max_mem_reserved: 25002 MB, max_mem_allocated: 13654 MB
[2025/11/14 17:10:45] ppocr INFO: epoch: [1/20], global_step: 970, lr: 0.000003, acc: 0.000000, norm_edit_dis: 0.036342, CTCLoss: 279.340744, NRTRLoss: 5.032671, loss: 284.337265, avg_reader_cost: 0.00290 s, avg_batch_cost: 0.65422 s, avg_samples: 100.2, ips: 153.16056 samples/s, eta: 3:39:24, max_mem_reserved: 25002 MB, max_mem_allocated: 13654 MB
[2025/11/14 17:10:51] ppocr INFO: epoch: [1/20], global_step: 980, lr: 0.000003, acc: 0.000000, norm_edit_dis: 0.036577, CTCLoss: 275.993652, NRTRLoss: 5.004595, loss: 281.060837, avg_reader_cost: 0.00291 s, avg_batch_cost: 0.61337 s, avg_samples: 74.5, ips: 121.46034 samples/s, eta: 3:39:13, max_mem_reserved: 25002 MB, max_mem_allocated: 13654 MB
[2025/11/14 17:10:57] ppocr INFO: epoch: [1/20], global_step: 990, lr: 0.000003, acc: 0.000000, norm_edit_dis: 0.036711, CTCLoss: 274.748886, NRTRLoss: 4.990971, loss: 279.676041, avg_reader_cost: 0.00293 s, avg_batch_cost: 0.62975 s, avg_samples: 85.2, ips: 135.29209 samples/s, eta: 3:39:06, max_mem_reserved: 25002 MB, max_mem_allocated: 13654 MB
[2025/11/14 17:11:04] ppocr INFO: epoch: [1/20], global_step: 1000, lr: 0.000003, acc: 0.000000, norm_edit_dis: 0.035981, CTCLoss: 272.910156, NRTRLoss: 4.990981, loss: 277.886246, avg_reader_cost: 0.00286 s, avg_batch_cost: 0.61692 s, avg_samples: 95.8, ips: 155.28876 samples/s, eta: 3:38:56, max_mem_reserved: 25002 MB, max_mem_allocated: 13654 MB
[2025/11/14 17:11:35] ppocr INFO: cur metric, acc: 0.0, norm_edit_dis: 0.0383359453284553, fps: 651.6104198346027
[2025/11/14 17:11:38] ppocr INFO: save best model is to ./output/best_accuracy
[2025/11/14 17:11:38] ppocr INFO: best metric, acc: 0.0, is_float16: False, norm_edit_dis: 0.0383359453284553, fps: 651.6104198346027, best_epoch: 1
[2025/11/14 17:11:44] ppocr INFO: epoch: [1/20], global_step: 1010, lr: 0.000003, acc: 0.000000, norm_edit_dis: 0.037222, CTCLoss: 272.784485, NRTRLoss: 4.925560, loss: 277.738617, avg_reader_cost: 0.00298 s, avg_batch_cost: 0.62518 s, avg_samples: 98.0, ips: 156.75546 samples/s, eta: 3:38:48, max_mem_reserved: 25002 MB, max_mem_allocated: 13654 MB
[2025/11/14 17:11:51] ppocr INFO: epoch: [1/20], global_step: 1020, lr: 0.000003, acc: 0.000000, norm_edit_dis: 0.038312, CTCLoss: 270.744553, NRTRLoss: 4.892233, loss: 275.644974, avg_reader_cost: 0.00293 s, avg_batch_cost: 0.67045 s, avg_samples: 106.6, ips: 158.99784 samples/s, eta: 3:38:49, max_mem_reserved: 25002 MB, max_mem_allocated: 13654 MB
[2025/11/14 17:11:58] ppocr INFO: epoch: [1/20], global_step: 1030, lr: 0.000003, acc: 0.000000, norm_edit_dis: 0.039206, CTCLoss: 267.681046, NRTRLoss: 4.878408, loss: 272.541885, avg_reader_cost: 0.00288 s, avg_batch_cost: 0.64729 s, avg_samples: 98.0, ips: 151.40146 samples/s, eta: 3:38:45, max_mem_reserved: 25002 MB, max_mem_allocated: 13654 MB
[2025/11/14 17:12:04] ppocr INFO: epoch: [1/20], global_step: 1040, lr: 0.000003, acc: 0.000000, norm_edit_dis: 0.040540, CTCLoss: 266.485870, NRTRLoss: 4.851349, loss: 271.398666, avg_reader_cost: 0.00285 s, avg_batch_cost: 0.61328 s, avg_samples: 89.4, ips: 145.77374 samples/s, eta: 3:38:34, max_mem_reserved: 25002 MB, max_mem_allocated: 13654 MB
[2025/11/14 17:12:10] ppocr INFO: epoch: [1/20], global_step: 1050, lr: 0.000003, acc: 0.000000, norm_edit_dis: 0.038159, CTCLoss: 266.710220, NRTRLoss: 4.845694, loss: 271.554031, avg_reader_cost: 0.00326 s, avg_batch_cost: 0.64890 s, avg_samples: 97.9, ips: 150.87168 samples/s, eta: 3:38:31, max_mem_reserved: 25002 MB, max_mem_allocated: 13654 MB
[2025/11/14 17:12:16] ppocr INFO: epoch: [1/20], global_step: 1060, lr: 0.000003, acc: 0.000000, norm_edit_dis: 0.039030, CTCLoss: 265.118423, NRTRLoss: 4.830365, loss: 269.926895, avg_reader_cost: 0.00289 s, avg_batch_cost: 0.60402 s, avg_samples: 78.9, ips: 130.62579 samples/s, eta: 3:38:19, max_mem_reserved: 25002 MB, max_mem_allocated: 13654 MB
[2025/11/14 17:12:23] ppocr INFO: epoch: [1/20], global_step: 1070, lr: 0.000003, acc: 0.000000, norm_edit_dis: 0.042040, CTCLoss: 264.060043, NRTRLoss: 4.779100, loss: 268.874588, avg_reader_cost: 0.00288 s, avg_batch_cost: 0.62290 s, avg_samples: 95.9, ips: 153.95808 samples/s, eta: 3:38:10, max_mem_reserved: 25002 MB, max_mem_allocated: 13654 MB
[2025/11/14 17:12:29] ppocr INFO: epoch: [1/20], global_step: 1080, lr: 0.000003, acc: 0.000000, norm_edit_dis: 0.038489, CTCLoss: 262.510300, NRTRLoss: 4.778271, loss: 267.284531, avg_reader_cost: 0.00283 s, avg_batch_cost: 0.65446 s, avg_samples: 100.2, ips: 153.10295 samples/s, eta: 3:38:08, max_mem_reserved: 25002 MB, max_mem_allocated: 13654 MB
[2025/11/14 17:12:33] ppocr INFO: epoch: [1/20], global_step: 1086, lr: 0.000003, acc: 0.000000, norm_edit_dis: 0.038351, CTCLoss: 261.572418, NRTRLoss: 4.790505, loss: 266.370377, avg_reader_cost: 0.00173 s, avg_batch_cost: 0.37361 s, avg_samples: 51.1, ips: 136.77276 samples/s, eta: 3:38:03, max_mem_reserved: 25002 MB, max_mem_allocated: 13654 MB
[2025/11/14 17:12:34] ppocr INFO: save model in ./output/latest
[2025/11/14 17:12:35] ppocr INFO: save model in ./output/iter_epoch_1
[2025/11/14 17:12:39] ppocr INFO: epoch: [2/20], global_step: 1090, lr: 0.000003, acc: 0.000000, norm_edit_dis: 0.038711, CTCLoss: 261.260620, NRTRLoss: 4.772933, loss: 266.033417, avg_reader_cost: 0.36129 s, avg_batch_cost: 0.63670 s, avg_samples: 40.5, ips: 63.60930 samples/s, eta: 3:39:13, max_mem_reserved: 25002 MB, max_mem_allocated: 13654 MB
[2025/11/14 17:12:46] ppocr INFO: epoch: [2/20], global_step: 1100, lr: 0.000003, acc: 0.000000, norm_edit_dis: 0.039518, CTCLoss: 260.879044, NRTRLoss: 4.733269, loss: 265.602402, avg_reader_cost: 0.00291 s, avg_batch_cost: 0.64928 s, avg_samples: 102.3, ips: 157.55866 samples/s, eta: 3:39:08, max_mem_reserved: 25002 MB, max_mem_allocated: 13654 MB
[2025/11/14 17:13:17] ppocr INFO: cur metric, acc: 0.0, norm_edit_dis: 0.03830830963750598, fps: 678.2779192892576
[2025/11/14 17:13:20] ppocr INFO: save best model is to ./output/best_accuracy
[2025/11/14 17:13:20] ppocr INFO: best metric, acc: 0.0, is_float16: False, norm_edit_dis: 0.03830830963750598, fps: 678.2779192892576, best_epoch: 2
[2025/11/14 17:13:26] ppocr INFO: epoch: [2/20], global_step: 1110, lr: 0.000003, acc: 0.000000, norm_edit_dis: 0.038710, CTCLoss: 258.340240, NRTRLoss: 4.724555, loss: 263.048157, avg_reader_cost: 0.00333 s, avg_batch_cost: 0.66125 s, avg_samples: 100.2, ips: 151.53092 samples/s, eta: 3:39:06, max_mem_reserved: 25002 MB, max_mem_allocated: 13654 MB
[2025/11/14 17:13:33] ppocr INFO: epoch: [2/20], global_step: 1120, lr: 0.000003, acc: 0.000000, norm_edit_dis: 0.038595, CTCLoss: 257.005524, NRTRLoss: 4.730496, loss: 261.666611, avg_reader_cost: 0.00295 s, avg_batch_cost: 0.68698 s, avg_samples: 110.9, ips: 161.43173 samples/s, eta: 3:39:09, max_mem_reserved: 25002 MB, max_mem_allocated: 13654 MB
[2025/11/14 17:13:39] ppocr INFO: epoch: [2/20], global_step: 1130, lr: 0.000003, acc: 0.000000, norm_edit_dis: 0.040840, CTCLoss: 256.812515, NRTRLoss: 4.690145, loss: 261.466614, avg_reader_cost: 0.00334 s, avg_batch_cost: 0.60783 s, avg_samples: 87.4, ips: 143.78979 samples/s, eta: 3:38:57, max_mem_reserved: 25002 MB, max_mem_allocated: 13654 MB
[2025/11/14 17:13:45] ppocr INFO: epoch: [2/20], global_step: 1140, lr: 0.000003, acc: 0.000000, norm_edit_dis: 0.042059, CTCLoss: 255.676811, NRTRLoss: 4.668749, loss: 260.371979, avg_reader_cost: 0.00305 s, avg_batch_cost: 0.61787 s, avg_samples: 91.6, ips: 148.25223 samples/s, eta: 3:38:47, max_mem_reserved: 25002 MB, max_mem_allocated: 13654 MB
[2025/11/14 17:13:52] ppocr INFO: epoch: [2/20], global_step: 1150, lr: 0.000003, acc: 0.000000, norm_edit_dis: 0.042059, CTCLoss: 251.616585, NRTRLoss: 4.668653, loss: 256.259216, avg_reader_cost: 0.00291 s, avg_batch_cost: 0.65000 s, avg_samples: 102.3, ips: 157.38526 samples/s, eta: 3:38:43, max_mem_reserved: 25002 MB, max_mem_allocated: 13654 MB
[2025/11/14 17:13:58] ppocr INFO: epoch: [2/20], global_step: 1160, lr: 0.000003, acc: 0.000000, norm_edit_dis: 0.042566, CTCLoss: 250.470779, NRTRLoss: 4.659927, loss: 255.099052, avg_reader_cost: 0.00290 s, avg_batch_cost: 0.63198 s, avg_samples: 93.8, ips: 148.42163 samples/s, eta: 3:38:35, max_mem_reserved: 25002 MB, max_mem_allocated: 13654 MB
[2025/11/14 17:14:04] ppocr INFO: epoch: [2/20], global_step: 1170, lr: 0.000003, acc: 0.000000, norm_edit_dis: 0.045676, CTCLoss: 249.598213, NRTRLoss: 4.636300, loss: 254.218971, avg_reader_cost: 0.00340 s, avg_batch_cost: 0.62413 s, avg_samples: 80.9, ips: 129.62063 samples/s, eta: 3:38:27, max_mem_reserved: 25002 MB, max_mem_allocated: 13654 MB
[2025/11/14 17:14:11] ppocr INFO: epoch: [2/20], global_step: 1180, lr: 0.000003, acc: 0.000000, norm_edit_dis: 0.044709, CTCLoss: 248.212791, NRTRLoss: 4.598841, loss: 252.765396, avg_reader_cost: 0.00286 s, avg_batch_cost: 0.63954 s, avg_samples: 87.4, ips: 136.65988 samples/s, eta: 3:38:21, max_mem_reserved: 25002 MB, max_mem_allocated: 13654 MB
[2025/11/14 17:14:17] ppocr INFO: epoch: [2/20], global_step: 1190, lr: 0.000003, acc: 0.000000, norm_edit_dis: 0.044460, CTCLoss: 246.220222, NRTRLoss: 4.564038, loss: 250.780602, avg_reader_cost: 0.00289 s, avg_batch_cost: 0.64405 s, avg_samples: 98.0, ips: 152.16320 samples/s, eta: 3:38:15, max_mem_reserved: 25002 MB, max_mem_allocated: 13654 MB
[2025/11/14 17:14:24] ppocr INFO: epoch: [2/20], global_step: 1200, lr: 0.000003, acc: 0.000000, norm_edit_dis: 0.045429, CTCLoss: 245.579468, NRTRLoss: 4.589976, loss: 250.179596, avg_reader_cost: 0.00331 s, avg_batch_cost: 0.62853 s, avg_samples: 87.3, ips: 138.89622 samples/s, eta: 3:38:07, max_mem_reserved: 25002 MB, max_mem_allocated: 13654 MB
[2025/11/14 17:14:55] ppocr INFO: cur metric, acc: 0.0, norm_edit_dis: 0.0447039845268572, fps: 687.9898650723956
[2025/11/14 17:14:58] ppocr INFO: save best model is to ./output/best_accuracy
[2025/11/14 17:14:58] ppocr INFO: best metric, acc: 0.0, is_float16: False, norm_edit_dis: 0.0447039845268572, fps: 687.9898650723956, best_epoch: 2
[2025/11/14 17:15:04] ppocr INFO: epoch: [2/20], global_step: 1210, lr: 0.000003, acc: 0.000000, norm_edit_dis: 0.045156, CTCLoss: 245.602119, NRTRLoss: 4.545899, loss: 250.136246, avg_reader_cost: 0.00294 s, avg_batch_cost: 0.62593 s, avg_samples: 93.7, ips: 149.69789 samples/s, eta: 3:37:59, max_mem_reserved: 25002 MB, max_mem_allocated: 13654 MB
[2025/11/14 17:15:11] ppocr INFO: epoch: [2/20], global_step: 1220, lr: 0.000003, acc: 0.000000, norm_edit_dis: 0.042802, CTCLoss: 245.401886, NRTRLoss: 4.517856, loss: 249.875298, avg_reader_cost: 0.00291 s, avg_batch_cost: 0.66572 s, avg_samples: 100.2, ips: 150.51372 samples/s, eta: 3:37:57, max_mem_reserved: 25002 MB, max_mem_allocated: 13654 MB
[2025/11/14 17:15:17] ppocr INFO: epoch: [2/20], global_step: 1230, lr: 0.000003, acc: 0.000000, norm_edit_dis: 0.044968, CTCLoss: 244.161873, NRTRLoss: 4.501302, loss: 248.713264, avg_reader_cost: 0.00285 s, avg_batch_cost: 0.63051 s, avg_samples: 93.7, ips: 148.61099 samples/s, eta: 3:37:50, max_mem_reserved: 25002 MB, max_mem_allocated: 13654 MB
[2025/11/14 17:15:24] ppocr INFO: epoch: [2/20], global_step: 1240, lr: 0.000003, acc: 0.000000, norm_edit_dis: 0.046049, CTCLoss: 242.210876, NRTRLoss: 4.486730, loss: 246.697609, avg_reader_cost: 0.00287 s, avg_batch_cost: 0.67006 s, avg_samples: 102.3, ips: 152.67356 samples/s, eta: 3:37:49, max_mem_reserved: 25002 MB, max_mem_allocated: 13654 MB
[2025/11/14 17:15:30] ppocr INFO: epoch: [2/20], global_step: 1250, lr: 0.000003, acc: 0.000000, norm_edit_dis: 0.046146, CTCLoss: 240.166069, NRTRLoss: 4.489273, loss: 244.679726, avg_reader_cost: 0.00287 s, avg_batch_cost: 0.61924 s, avg_samples: 85.2, ips: 137.58902 samples/s, eta: 3:37:39, max_mem_reserved: 25002 MB, max_mem_allocated: 13654 MB
[2025/11/14 17:15:37] ppocr INFO: epoch: [2/20], global_step: 1260, lr: 0.000003, acc: 0.000000, norm_edit_dis: 0.043767, CTCLoss: 239.887161, NRTRLoss: 4.475845, loss: 244.453651, avg_reader_cost: 0.00290 s, avg_batch_cost: 0.66125 s, avg_samples: 113.0, ips: 170.88739 samples/s, eta: 3:37:36, max_mem_reserved: 25002 MB, max_mem_allocated: 13654 MB
[2025/11/14 17:15:43] ppocr INFO: epoch: [2/20], global_step: 1270, lr: 0.000003, acc: 0.000000, norm_edit_dis: 0.044840, CTCLoss: 238.975380, NRTRLoss: 4.429062, loss: 243.456024, avg_reader_cost: 0.00286 s, avg_batch_cost: 0.67456 s, avg_samples: 113.0, ips: 167.51780 samples/s, eta: 3:37:36, max_mem_reserved: 25002 MB, max_mem_allocated: 13654 MB
[2025/11/14 17:15:50] ppocr INFO: epoch: [2/20], global_step: 1280, lr: 0.000004, acc: 0.000000, norm_edit_dis: 0.046337, CTCLoss: 235.622421, NRTRLoss: 4.421383, loss: 240.054871, avg_reader_cost: 0.00286 s, avg_batch_cost: 0.62515 s, avg_samples: 89.5, ips: 143.16512 samples/s, eta: 3:37:27, max_mem_reserved: 25002 MB, max_mem_allocated: 13654 MB
[2025/11/14 17:15:56] ppocr INFO: epoch: [2/20], global_step: 1290, lr: 0.000004, acc: 0.000000, norm_edit_dis: 0.049394, CTCLoss: 234.191986, NRTRLoss: 4.398645, loss: 238.613853, avg_reader_cost: 0.00288 s, avg_batch_cost: 0.60869 s, avg_samples: 76.7, ips: 126.00889 samples/s, eta: 3:37:16, max_mem_reserved: 25002 MB, max_mem_allocated: 13654 MB
[2025/11/14 17:16:01] ppocr INFO: epoch: [2/20], global_step: 1300, lr: 0.000004, acc: 0.000000, norm_edit_dis: 0.050443, CTCLoss: 234.127548, NRTRLoss: 4.393249, loss: 238.489380, avg_reader_cost: 0.00287 s, avg_batch_cost: 0.57553 s, avg_samples: 72.4, ips: 125.79702 samples/s, eta: 3:37:00, max_mem_reserved: 25002 MB, max_mem_allocated: 13654 MB
[2025/11/14 17:16:32] ppocr INFO: cur metric, acc: 0.0, norm_edit_dis: 0.04786380757397002, fps: 707.2182357758775
[2025/11/14 17:16:35] ppocr INFO: save best model is to ./output/best_accuracy
[2025/11/14 17:16:35] ppocr INFO: best metric, acc: 0.0, is_float16: False, norm_edit_dis: 0.04786380757397002, fps: 707.2182357758775, best_epoch: 2
[2025/11/14 17:16:41] ppocr INFO: epoch: [2/20], global_step: 1310, lr: 0.000004, acc: 0.000000, norm_edit_dis: 0.047774, CTCLoss: 234.127548, NRTRLoss: 4.354317, loss: 238.489380, avg_reader_cost: 0.00338 s, avg_batch_cost: 0.61158 s, avg_samples: 76.7, ips: 125.41344 samples/s, eta: 3:36:50, max_mem_reserved: 25002 MB, max_mem_allocated: 13654 MB
[2025/11/14 17:16:47] ppocr INFO: epoch: [2/20], global_step: 1320, lr: 0.000004, acc: 0.000000, norm_edit_dis: 0.046870, CTCLoss: 230.705109, NRTRLoss: 4.354317, loss: 235.085678, avg_reader_cost: 0.00293 s, avg_batch_cost: 0.59686 s, avg_samples: 83.0, ips: 139.06129 samples/s, eta: 3:36:37, max_mem_reserved: 25002 MB, max_mem_allocated: 13654 MB
[2025/11/14 17:16:53] ppocr INFO: epoch: [2/20], global_step: 1330, lr: 0.000004, acc: 0.000000, norm_edit_dis: 0.048688, CTCLoss: 232.649384, NRTRLoss: 4.350159, loss: 237.030487, avg_reader_cost: 0.00305 s, avg_batch_cost: 0.65835 s, avg_samples: 93.7, ips: 142.32493 samples/s, eta: 3:36:34, max_mem_reserved: 25002 MB, max_mem_allocated: 13654 MB
[2025/11/14 17:17:00] ppocr INFO: epoch: [2/20], global_step: 1340, lr: 0.000004, acc: 0.000000, norm_edit_dis: 0.050413, CTCLoss: 231.782448, NRTRLoss: 4.311320, loss: 236.148338, avg_reader_cost: 0.00290 s, avg_batch_cost: 0.64014 s, avg_samples: 98.0, ips: 153.09180 samples/s, eta: 3:36:28, max_mem_reserved: 25002 MB, max_mem_allocated: 13654 MB
[2025/11/14 17:17:06] ppocr INFO: epoch: [2/20], global_step: 1350, lr: 0.000004, acc: 0.000000, norm_edit_dis: 0.052308, CTCLoss: 230.488533, NRTRLoss: 4.289108, loss: 234.802559, avg_reader_cost: 0.00292 s, avg_batch_cost: 0.57933 s, avg_samples: 76.7, ips: 132.39332 samples/s, eta: 3:36:13, max_mem_reserved: 25002 MB, max_mem_allocated: 13654 MB
[2025/11/14 17:17:12] ppocr INFO: epoch: [2/20], global_step: 1360, lr: 0.000004, acc: 0.000000, norm_edit_dis: 0.049334, CTCLoss: 229.790459, NRTRLoss: 4.273357, loss: 234.077324, avg_reader_cost: 0.00289 s, avg_batch_cost: 0.64232 s, avg_samples: 89.5, ips: 139.33853 samples/s, eta: 3:36:07, max_mem_reserved: 25002 MB, max_mem_allocated: 13654 MB
[2025/11/14 17:17:18] ppocr INFO: epoch: [2/20], global_step: 1370, lr: 0.000004, acc: 0.000000, norm_edit_dis: 0.049381, CTCLoss: 228.607361, NRTRLoss: 4.259217, loss: 232.934235, avg_reader_cost: 0.00289 s, avg_batch_cost: 0.63470 s, avg_samples: 91.7, ips: 144.47729 samples/s, eta: 3:36:01, max_mem_reserved: 25002 MB, max_mem_allocated: 13654 MB
[2025/11/14 17:17:25] ppocr INFO: epoch: [2/20], global_step: 1380, lr: 0.000004, acc: 0.000000, norm_edit_dis: 0.050016, CTCLoss: 227.622139, NRTRLoss: 4.234783, loss: 231.841492, avg_reader_cost: 0.00291 s, avg_batch_cost: 0.63032 s, avg_samples: 91.7, ips: 145.48079 samples/s, eta: 3:35:53, max_mem_reserved: 25002 MB, max_mem_allocated: 13654 MB
[2025/11/14 17:17:31] ppocr INFO: epoch: [2/20], global_step: 1390, lr: 0.000004, acc: 0.000000, norm_edit_dis: 0.049262, CTCLoss: 226.980972, NRTRLoss: 4.230546, loss: 231.156464, avg_reader_cost: 0.00329 s, avg_batch_cost: 0.63837 s, avg_samples: 91.6, ips: 143.49062 samples/s, eta: 3:35:47, max_mem_reserved: 25002 MB, max_mem_allocated: 13654 MB
[2025/11/14 17:17:38] ppocr INFO: epoch: [2/20], global_step: 1400, lr: 0.000004, acc: 0.000000, norm_edit_dis: 0.049270, CTCLoss: 225.258209, NRTRLoss: 4.207167, loss: 229.499405, avg_reader_cost: 0.00325 s, avg_batch_cost: 0.66861 s, avg_samples: 98.0, ips: 146.57192 samples/s, eta: 3:35:45, max_mem_reserved: 25002 MB, max_mem_allocated: 13654 MB
[2025/11/14 17:18:09] ppocr INFO: cur metric, acc: 0.0, norm_edit_dis: 0.04857949702798636, fps: 709.0015986370846
[2025/11/14 17:18:11] ppocr INFO: save best model is to ./output/best_accuracy
[2025/11/14 17:18:11] ppocr INFO: best metric, acc: 0.0, is_float16: False, norm_edit_dis: 0.04857949702798636, fps: 709.0015986370846, best_epoch: 2
[2025/11/14 17:18:18] ppocr INFO: epoch: [2/20], global_step: 1410, lr: 0.000004, acc: 0.000000, norm_edit_dis: 0.050432, CTCLoss: 225.077942, NRTRLoss: 4.191686, loss: 229.217201, avg_reader_cost: 0.00305 s, avg_batch_cost: 0.67630 s, avg_samples: 108.7, ips: 160.72700 samples/s, eta: 3:35:45, max_mem_reserved: 25002 MB, max_mem_allocated: 13654 MB
[2025/11/14 17:18:24] ppocr INFO: epoch: [2/20], global_step: 1420, lr: 0.000004, acc: 0.000000, norm_edit_dis: 0.051204, CTCLoss: 222.578842, NRTRLoss: 4.156143, loss: 226.753212, avg_reader_cost: 0.00296 s, avg_batch_cost: 0.64102 s, avg_samples: 87.4, ips: 136.34510 samples/s, eta: 3:35:39, max_mem_reserved: 25002 MB, max_mem_allocated: 13654 MB
[2025/11/14 17:18:31] ppocr INFO: epoch: [2/20], global_step: 1430, lr: 0.000004, acc: 0.000000, norm_edit_dis: 0.047751, CTCLoss: 222.334015, NRTRLoss: 4.151807, loss: 226.502907, avg_reader_cost: 0.00293 s, avg_batch_cost: 0.61609 s, avg_samples: 83.0, ips: 134.72153 samples/s, eta: 3:35:29, max_mem_reserved: 25002 MB, max_mem_allocated: 13654 MB
[2025/11/14 17:18:37] ppocr INFO: epoch: [2/20], global_step: 1440, lr: 0.000004, acc: 0.000000, norm_edit_dis: 0.050432, CTCLoss: 220.187592, NRTRLoss: 4.159098, loss: 224.325790, avg_reader_cost: 0.00296 s, avg_batch_cost: 0.60037 s, avg_samples: 83.1, ips: 138.41558 samples/s, eta: 3:35:18, max_mem_reserved: 25002 MB, max_mem_allocated: 13654 MB
[2025/11/14 17:18:43] ppocr INFO: epoch: [2/20], global_step: 1450, lr: 0.000004, acc: 0.000000, norm_edit_dis: 0.053503, CTCLoss: 219.132263, NRTRLoss: 4.109053, loss: 223.286804, avg_reader_cost: 0.00326 s, avg_batch_cost: 0.63171 s, avg_samples: 91.7, ips: 145.16103 samples/s, eta: 3:35:11, max_mem_reserved: 25002 MB, max_mem_allocated: 13654 MB
[2025/11/14 17:18:49] ppocr INFO: epoch: [2/20], global_step: 1460, lr: 0.000004, acc: 0.000000, norm_edit_dis: 0.053560, CTCLoss: 218.428680, NRTRLoss: 4.106255, loss: 222.537056, avg_reader_cost: 0.00291 s, avg_batch_cost: 0.63947 s, avg_samples: 87.4, ips: 136.67521 samples/s, eta: 3:35:05, max_mem_reserved: 25002 MB, max_mem_allocated: 13654 MB
[2025/11/14 17:18:56] ppocr INFO: epoch: [2/20], global_step: 1470, lr: 0.000004, acc: 0.000000, norm_edit_dis: 0.054562, CTCLoss: 218.589279, NRTRLoss: 4.104163, loss: 222.700317, avg_reader_cost: 0.00297 s, avg_batch_cost: 0.64128 s, avg_samples: 89.5, ips: 139.56451 samples/s, eta: 3:34:59, max_mem_reserved: 25002 MB, max_mem_allocated: 13654 MB
[2025/11/14 17:19:02] ppocr INFO: epoch: [2/20], global_step: 1480, lr: 0.000004, acc: 0.000000, norm_edit_dis: 0.056257, CTCLoss: 218.205803, NRTRLoss: 4.083205, loss: 222.279381, avg_reader_cost: 0.00323 s, avg_batch_cost: 0.62091 s, avg_samples: 89.5, ips: 144.14287 samples/s, eta: 3:34:50, max_mem_reserved: 25002 MB, max_mem_allocated: 13654 MB
[2025/11/14 17:19:09] ppocr INFO: epoch: [2/20], global_step: 1490, lr: 0.000004, acc: 0.000000, norm_edit_dis: 0.055232, CTCLoss: 215.654747, NRTRLoss: 4.025498, loss: 219.617111, avg_reader_cost: 0.00308 s, avg_batch_cost: 0.65444 s, avg_samples: 93.7, ips: 143.17670 samples/s, eta: 3:34:46, max_mem_reserved: 25002 MB, max_mem_allocated: 13654 MB
[2025/11/14 17:19:15] ppocr INFO: epoch: [2/20], global_step: 1500, lr: 0.000004, acc: 0.000000, norm_edit_dis: 0.053563, CTCLoss: 214.034332, NRTRLoss: 4.020203, loss: 218.043884, avg_reader_cost: 0.00362 s, avg_batch_cost: 0.62339 s, avg_samples: 85.2, ips: 136.67310 samples/s, eta: 3:34:38, max_mem_reserved: 25002 MB, max_mem_allocated: 13654 MB
[2025/11/14 17:19:46] ppocr INFO: cur metric, acc: 0.0, norm_edit_dis: 0.05421055462041757, fps: 688.8811279040953
[2025/11/14 17:19:49] ppocr INFO: save best model is to ./output/best_accuracy
[2025/11/14 17:19:49] ppocr INFO: best metric, acc: 0.0, is_float16: False, norm_edit_dis: 0.05421055462041757, fps: 688.8811279040953, best_epoch: 2
[2025/11/14 17:19:55] ppocr INFO: epoch: [2/20], global_step: 1510, lr: 0.000004, acc: 0.000000, norm_edit_dis: 0.055777, CTCLoss: 211.319252, NRTRLoss: 4.009213, loss: 215.321236, avg_reader_cost: 0.00302 s, avg_batch_cost: 0.62649 s, avg_samples: 85.1, ips: 135.83521 samples/s, eta: 3:34:30, max_mem_reserved: 25002 MB, max_mem_allocated: 13654 MB
[2025/11/14 17:20:01] ppocr INFO: epoch: [2/20], global_step: 1520, lr: 0.000004, acc: 0.000000, norm_edit_dis: 0.056580, CTCLoss: 212.907677, NRTRLoss: 3.946115, loss: 216.765045, avg_reader_cost: 0.00323 s, avg_batch_cost: 0.63576 s, avg_samples: 87.4, ips: 137.47283 samples/s, eta: 3:34:24, max_mem_reserved: 25002 MB, max_mem_allocated: 13654 MB
[2025/11/14 17:20:08] ppocr INFO: epoch: [2/20], global_step: 1530, lr: 0.000004, acc: 0.000000, norm_edit_dis: 0.056329, CTCLoss: 213.230446, NRTRLoss: 3.922295, loss: 217.155289, avg_reader_cost: 0.00285 s, avg_batch_cost: 0.63001 s, avg_samples: 89.4, ips: 141.90141 samples/s, eta: 3:34:17, max_mem_reserved: 25002 MB, max_mem_allocated: 13654 MB
[2025/11/14 17:20:14] ppocr INFO: epoch: [2/20], global_step: 1540, lr: 0.000004, acc: 0.000000, norm_edit_dis: 0.056948, CTCLoss: 211.661598, NRTRLoss: 3.915765, loss: 215.560867, avg_reader_cost: 0.00297 s, avg_batch_cost: 0.64028 s, avg_samples: 93.8, ips: 146.49821 samples/s, eta: 3:34:11, max_mem_reserved: 25002 MB, max_mem_allocated: 13654 MB
[2025/11/14 17:20:21] ppocr INFO: epoch: [2/20], global_step: 1550, lr: 0.000004, acc: 0.000000, norm_edit_dis: 0.059363, CTCLoss: 210.109055, NRTRLoss: 3.892279, loss: 214.000000, avg_reader_cost: 0.00291 s, avg_batch_cost: 0.66476 s, avg_samples: 95.9, ips: 144.26247 samples/s, eta: 3:34:08, max_mem_reserved: 25002 MB, max_mem_allocated: 13654 MB
[2025/11/14 17:20:27] ppocr INFO: epoch: [2/20], global_step: 1560, lr: 0.000004, acc: 0.000000, norm_edit_dis: 0.058947, CTCLoss: 210.985016, NRTRLoss: 3.878673, loss: 214.857834, avg_reader_cost: 0.00293 s, avg_batch_cost: 0.65435 s, avg_samples: 100.2, ips: 153.12926 samples/s, eta: 3:34:04, max_mem_reserved: 25002 MB, max_mem_allocated: 13654 MB
[2025/11/14 17:20:34] ppocr INFO: epoch: [2/20], global_step: 1570, lr: 0.000004, acc: 0.000000, norm_edit_dis: 0.059269, CTCLoss: 211.063354, NRTRLoss: 3.844155, loss: 214.915253, avg_reader_cost: 0.00287 s, avg_batch_cost: 0.63894 s, avg_samples: 89.5, ips: 140.07583 samples/s, eta: 3:33:58, max_mem_reserved: 25002 MB, max_mem_allocated: 13654 MB
[2025/11/14 17:20:40] ppocr INFO: epoch: [2/20], global_step: 1580, lr: 0.000004, acc: 0.000000, norm_edit_dis: 0.059243, CTCLoss: 205.979012, NRTRLoss: 3.799216, loss: 209.756859, avg_reader_cost: 0.00281 s, avg_batch_cost: 0.61714 s, avg_samples: 81.0, ips: 131.25159 samples/s, eta: 3:33:49, max_mem_reserved: 25002 MB, max_mem_allocated: 13654 MB
[2025/11/14 17:20:46] ppocr INFO: epoch: [2/20], global_step: 1590, lr: 0.000004, acc: 0.000000, norm_edit_dis: 0.059649, CTCLoss: 207.098526, NRTRLoss: 3.766397, loss: 210.884796, avg_reader_cost: 0.00281 s, avg_batch_cost: 0.65277 s, avg_samples: 98.1, ips: 150.28151 samples/s, eta: 3:33:44, max_mem_reserved: 25002 MB, max_mem_allocated: 13654 MB
[2025/11/14 17:20:53] ppocr INFO: epoch: [2/20], global_step: 1600, lr: 0.000004, acc: 0.000000, norm_edit_dis: 0.064190, CTCLoss: 203.409477, NRTRLoss: 3.691733, loss: 207.091362, avg_reader_cost: 0.00288 s, avg_batch_cost: 0.62750 s, avg_samples: 81.0, ips: 129.08280 samples/s, eta: 3:33:37, max_mem_reserved: 25002 MB, max_mem_allocated: 13654 MB
[2025/11/14 17:21:24] ppocr INFO: cur metric, acc: 0.0, norm_edit_dis: 0.0632373254363684, fps: 675.201394323436
[2025/11/14 17:21:27] ppocr INFO: save best model is to ./output/best_accuracy
[2025/11/14 17:21:27] ppocr INFO: best metric, acc: 0.0, is_float16: False, norm_edit_dis: 0.0632373254363684, fps: 675.201394323436, best_epoch: 2
[2025/11/14 17:21:33] ppocr INFO: epoch: [2/20], global_step: 1610, lr: 0.000004, acc: 0.000000, norm_edit_dis: 0.064658, CTCLoss: 202.885643, NRTRLoss: 3.643482, loss: 206.496010, avg_reader_cost: 0.00289 s, avg_batch_cost: 0.61182 s, avg_samples: 89.5, ips: 146.28507 samples/s, eta: 3:33:27, max_mem_reserved: 25002 MB, max_mem_allocated: 13654 MB
[2025/11/14 17:21:39] ppocr INFO: epoch: [2/20], global_step: 1620, lr: 0.000004, acc: 0.000000, norm_edit_dis: 0.066406, CTCLoss: 202.764954, NRTRLoss: 3.574799, loss: 206.376984, avg_reader_cost: 0.00286 s, avg_batch_cost: 0.63095 s, avg_samples: 93.8, ips: 148.66473 samples/s, eta: 3:33:20, max_mem_reserved: 25002 MB, max_mem_allocated: 13654 MB
[2025/11/14 17:21:45] ppocr INFO: epoch: [2/20], global_step: 1630, lr: 0.000004, acc: 0.000000, norm_edit_dis: 0.067357, CTCLoss: 200.479813, NRTRLoss: 3.503151, loss: 204.070412, avg_reader_cost: 0.00286 s, avg_batch_cost: 0.59925 s, avg_samples: 93.7, ips: 156.36178 samples/s, eta: 3:33:09, max_mem_reserved: 25002 MB, max_mem_allocated: 13654 MB
[2025/11/14 17:21:52] ppocr INFO: epoch: [2/20], global_step: 1640, lr: 0.000005, acc: 0.000000, norm_edit_dis: 0.067994, CTCLoss: 199.757416, NRTRLoss: 3.428617, loss: 203.169937, avg_reader_cost: 0.00295 s, avg_batch_cost: 0.64478 s, avg_samples: 102.3, ips: 158.65816 samples/s, eta: 3:33:04, max_mem_reserved: 25002 MB, max_mem_allocated: 13654 MB
[2025/11/14 17:21:58] ppocr INFO: epoch: [2/20], global_step: 1650, lr: 0.000005, acc: 0.000000, norm_edit_dis: 0.069213, CTCLoss: 199.984756, NRTRLoss: 3.325183, loss: 203.228142, avg_reader_cost: 0.00288 s, avg_batch_cost: 0.62233 s, avg_samples: 83.1, ips: 133.53117 samples/s, eta: 3:32:56, max_mem_reserved: 25002 MB, max_mem_allocated: 13654 MB
[2025/11/14 17:22:04] ppocr INFO: epoch: [2/20], global_step: 1660, lr: 0.000005, acc: 0.000000, norm_edit_dis: 0.071609, CTCLoss: 198.199585, NRTRLoss: 3.212059, loss: 201.310608, avg_reader_cost: 0.00285 s, avg_batch_cost: 0.63203 s, avg_samples: 89.5, ips: 141.60667 samples/s, eta: 3:32:49, max_mem_reserved: 25002 MB, max_mem_allocated: 13654 MB
[2025/11/14 17:22:11] ppocr INFO: epoch: [2/20], global_step: 1670, lr: 0.000005, acc: 0.000000, norm_edit_dis: 0.077203, CTCLoss: 195.724236, NRTRLoss: 3.113654, loss: 198.754654, avg_reader_cost: 0.00289 s, avg_batch_cost: 0.63165 s, avg_samples: 87.3, ips: 138.20945 samples/s, eta: 3:32:42, max_mem_reserved: 25002 MB, max_mem_allocated: 13654 MB
[2025/11/14 17:22:17] ppocr INFO: epoch: [2/20], global_step: 1680, lr: 0.000005, acc: 0.000000, norm_edit_dis: 0.081362, CTCLoss: 195.149345, NRTRLoss: 2.996500, loss: 198.130707, avg_reader_cost: 0.00290 s, avg_batch_cost: 0.64108 s, avg_samples: 91.6, ips: 142.88317 samples/s, eta: 3:32:36, max_mem_reserved: 25002 MB, max_mem_allocated: 13654 MB
[2025/11/14 17:22:23] ppocr INFO: epoch: [2/20], global_step: 1690, lr: 0.000005, acc: 0.000000, norm_edit_dis: 0.080119, CTCLoss: 191.679153, NRTRLoss: 2.942928, loss: 194.582382, avg_reader_cost: 0.00287 s, avg_batch_cost: 0.57382 s, avg_samples: 70.3, ips: 122.51274 samples/s, eta: 3:32:22, max_mem_reserved: 25002 MB, max_mem_allocated: 13654 MB
[2025/11/14 17:22:29] ppocr INFO: epoch: [2/20], global_step: 1700, lr: 0.000005, acc: 0.000000, norm_edit_dis: 0.084420, CTCLoss: 189.982956, NRTRLoss: 2.825800, loss: 192.753517, avg_reader_cost: 0.00289 s, avg_batch_cost: 0.63541 s, avg_samples: 89.5, ips: 140.85493 samples/s, eta: 3:32:16, max_mem_reserved: 25002 MB, max_mem_allocated: 13654 MB
[2025/11/14 17:23:01] ppocr INFO: cur metric, acc: 0.0, norm_edit_dis: 0.09187151805249738, fps: 688.0078200840023
[2025/11/14 17:23:04] ppocr INFO: save best model is to ./output/best_accuracy
[2025/11/14 17:23:04] ppocr INFO: best metric, acc: 0.0, is_float16: False, norm_edit_dis: 0.09187151805249738, fps: 688.0078200840023, best_epoch: 2
[2025/11/14 17:23:10] ppocr INFO: epoch: [2/20], global_step: 1710, lr: 0.000005, acc: 0.000000, norm_edit_dis: 0.084577, CTCLoss: 191.239243, NRTRLoss: 2.746197, loss: 193.918976, avg_reader_cost: 0.00371 s, avg_batch_cost: 0.66522 s, avg_samples: 102.2, ips: 153.63301 samples/s, eta: 3:32:13, max_mem_reserved: 25002 MB, max_mem_allocated: 13654 MB
[2025/11/14 17:23:16] ppocr INFO: epoch: [2/20], global_step: 1720, lr: 0.000005, acc: 0.000000, norm_edit_dis: 0.090799, CTCLoss: 188.471832, NRTRLoss: 2.659648, loss: 191.043503, avg_reader_cost: 0.00296 s, avg_batch_cost: 0.57969 s, avg_samples: 76.7, ips: 132.31244 samples/s, eta: 3:32:00, max_mem_reserved: 25002 MB, max_mem_allocated: 13654 MB
[2025/11/14 17:23:23] ppocr INFO: epoch: [2/20], global_step: 1730, lr: 0.000005, acc: 0.000000, norm_edit_dis: 0.094988, CTCLoss: 186.859207, NRTRLoss: 2.631845, loss: 189.507385, avg_reader_cost: 0.00295 s, avg_batch_cost: 0.65145 s, avg_samples: 102.3, ips: 157.03323 samples/s, eta: 3:31:55, max_mem_reserved: 25002 MB, max_mem_allocated: 13654 MB
[2025/11/14 17:23:29] ppocr INFO: epoch: [2/20], global_step: 1740, lr: 0.000005, acc: 0.000000, norm_edit_dis: 0.094385, CTCLoss: 192.719315, NRTRLoss: 2.653716, loss: 195.453697, avg_reader_cost: 0.00296 s, avg_batch_cost: 0.65555 s, avg_samples: 108.7, ips: 165.81412 samples/s, eta: 3:31:51, max_mem_reserved: 25002 MB, max_mem_allocated: 13654 MB
[2025/11/14 17:23:36] ppocr INFO: epoch: [2/20], global_step: 1750, lr: 0.000005, acc: 0.000000, norm_edit_dis: 0.097113, CTCLoss: 188.645851, NRTRLoss: 2.627285, loss: 191.289879, avg_reader_cost: 0.00295 s, avg_batch_cost: 0.64961 s, avg_samples: 98.1, ips: 151.01356 samples/s, eta: 3:31:46, max_mem_reserved: 25002 MB, max_mem_allocated: 13654 MB
[2025/11/14 17:23:42] ppocr INFO: epoch: [2/20], global_step: 1760, lr: 0.000005, acc: 0.000000, norm_edit_dis: 0.100476, CTCLoss: 185.745499, NRTRLoss: 2.485210, loss: 188.201401, avg_reader_cost: 0.00295 s, avg_batch_cost: 0.63040 s, avg_samples: 98.0, ips: 155.45674 samples/s, eta: 3:31:39, max_mem_reserved: 25002 MB, max_mem_allocated: 13654 MB
[2025/11/14 17:23:49] ppocr INFO: epoch: [2/20], global_step: 1770, lr: 0.000005, acc: 0.000000, norm_edit_dis: 0.105160, CTCLoss: 183.728058, NRTRLoss: 2.481126, loss: 186.209183, avg_reader_cost: 0.00295 s, avg_batch_cost: 0.66021 s, avg_samples: 104.4, ips: 158.13075 samples/s, eta: 3:31:36, max_mem_reserved: 25002 MB, max_mem_allocated: 13654 MB
[2025/11/14 17:23:55] ppocr INFO: epoch: [2/20], global_step: 1780, lr: 0.000005, acc: 0.000000, norm_edit_dis: 0.109788, CTCLoss: 181.933548, NRTRLoss: 2.412722, loss: 184.336426, avg_reader_cost: 0.00295 s, avg_batch_cost: 0.63160 s, avg_samples: 87.4, ips: 138.37908 samples/s, eta: 3:31:29, max_mem_reserved: 25002 MB, max_mem_allocated: 13654 MB
[2025/11/14 17:24:01] ppocr INFO: epoch: [2/20], global_step: 1790, lr: 0.000005, acc: 0.000000, norm_edit_dis: 0.112065, CTCLoss: 177.544220, NRTRLoss: 2.361711, loss: 179.820831, avg_reader_cost: 0.00295 s, avg_batch_cost: 0.61414 s, avg_samples: 80.9, ips: 131.72795 samples/s, eta: 3:31:20, max_mem_reserved: 25002 MB, max_mem_allocated: 13654 MB
[2025/11/14 17:24:08] ppocr INFO: epoch: [2/20], global_step: 1800, lr: 0.000005, acc: 0.000000, norm_edit_dis: 0.108760, CTCLoss: 176.609253, NRTRLoss: 2.355958, loss: 179.072296, avg_reader_cost: 0.00293 s, avg_batch_cost: 0.65806 s, avg_samples: 95.9, ips: 145.73206 samples/s, eta: 3:31:16, max_mem_reserved: 25002 MB, max_mem_allocated: 13654 MB
[2025/11/14 17:24:39] ppocr INFO: cur metric, acc: 0.0, norm_edit_dis: 0.11925890268883887, fps: 704.869304032345
[2025/11/14 17:24:41] ppocr INFO: save best model is to ./output/best_accuracy
[2025/11/14 17:24:41] ppocr INFO: best metric, acc: 0.0, is_float16: False, norm_edit_dis: 0.11925890268883887, fps: 704.869304032345, best_epoch: 2
[2025/11/14 17:24:48] ppocr INFO: epoch: [2/20], global_step: 1810, lr: 0.000005, acc: 0.000000, norm_edit_dis: 0.114266, CTCLoss: 174.627708, NRTRLoss: 2.302734, loss: 176.839836, avg_reader_cost: 0.00300 s, avg_batch_cost: 0.66247 s, avg_samples: 93.6, ips: 141.29035 samples/s, eta: 3:31:12, max_mem_reserved: 25002 MB, max_mem_allocated: 13654 MB
[2025/11/14 17:24:54] ppocr INFO: epoch: [2/20], global_step: 1820, lr: 0.000005, acc: 0.000000, norm_edit_dis: 0.116519, CTCLoss: 173.733406, NRTRLoss: 2.256391, loss: 176.013481, avg_reader_cost: 0.00291 s, avg_batch_cost: 0.59813 s, avg_samples: 85.3, ips: 142.61019 samples/s, eta: 3:31:02, max_mem_reserved: 25002 MB, max_mem_allocated: 13654 MB
[2025/11/14 17:25:00] ppocr INFO: epoch: [2/20], global_step: 1830, lr: 0.000005, acc: 0.000000, norm_edit_dis: 0.117854, CTCLoss: 171.328148, NRTRLoss: 2.207805, loss: 173.494591, avg_reader_cost: 0.00292 s, avg_batch_cost: 0.64498 s, avg_samples: 87.3, ips: 135.35328 samples/s, eta: 3:30:56, max_mem_reserved: 25002 MB, max_mem_allocated: 13654 MB
[2025/11/14 17:25:06] ppocr INFO: epoch: [2/20], global_step: 1840, lr: 0.000005, acc: 0.000000, norm_edit_dis: 0.125439, CTCLoss: 169.724426, NRTRLoss: 2.188567, loss: 171.864059, avg_reader_cost: 0.00301 s, avg_batch_cost: 0.63877 s, avg_samples: 95.9, ips: 150.13209 samples/s, eta: 3:30:50, max_mem_reserved: 25002 MB, max_mem_allocated: 13654 MB
[2025/11/14 17:25:13] ppocr INFO: epoch: [2/20], global_step: 1850, lr: 0.000005, acc: 0.000000, norm_edit_dis: 0.127035, CTCLoss: 170.701378, NRTRLoss: 2.189924, loss: 172.869370, avg_reader_cost: 0.00288 s, avg_batch_cost: 0.65024 s, avg_samples: 98.0, ips: 150.71338 samples/s, eta: 3:30:45, max_mem_reserved: 25002 MB, max_mem_allocated: 13654 MB
[2025/11/14 17:25:19] ppocr INFO: epoch: [2/20], global_step: 1860, lr: 0.000005, acc: 0.000000, norm_edit_dis: 0.128529, CTCLoss: 169.836243, NRTRLoss: 2.148772, loss: 172.004265, avg_reader_cost: 0.00282 s, avg_batch_cost: 0.61168 s, avg_samples: 87.4, ips: 142.88550 samples/s, eta: 3:30:36, max_mem_reserved: 25002 MB, max_mem_allocated: 13654 MB
[2025/11/14 17:25:26] ppocr INFO: epoch: [2/20], global_step: 1870, lr: 0.000005, acc: 0.000000, norm_edit_dis: 0.130706, CTCLoss: 166.508064, NRTRLoss: 2.122896, loss: 168.563614, avg_reader_cost: 0.00283 s, avg_batch_cost: 0.64273 s, avg_samples: 93.7, ips: 145.78498 samples/s, eta: 3:30:31, max_mem_reserved: 25002 MB, max_mem_allocated: 13654 MB
[2025/11/14 17:25:32] ppocr INFO: epoch: [2/20], global_step: 1880, lr: 0.000005, acc: 0.000000, norm_edit_dis: 0.136480, CTCLoss: 165.800148, NRTRLoss: 2.115267, loss: 167.889938, avg_reader_cost: 0.00337 s, avg_batch_cost: 0.61567 s, avg_samples: 95.9, ips: 155.76480 samples/s, eta: 3:30:22, max_mem_reserved: 25002 MB, max_mem_allocated: 13654 MB
[2025/11/14 17:25:38] ppocr INFO: epoch: [2/20], global_step: 1890, lr: 0.000005, acc: 0.000000, norm_edit_dis: 0.139413, CTCLoss: 166.172981, NRTRLoss: 2.107896, loss: 168.319748, avg_reader_cost: 0.00288 s, avg_batch_cost: 0.65727 s, avg_samples: 97.9, ips: 148.95012 samples/s, eta: 3:30:18, max_mem_reserved: 25002 MB, max_mem_allocated: 13654 MB
[2025/11/14 17:25:45] ppocr INFO: epoch: [2/20], global_step: 1900, lr: 0.000005, acc: 0.000000, norm_edit_dis: 0.139039, CTCLoss: 161.718552, NRTRLoss: 2.062661, loss: 163.757286, avg_reader_cost: 0.00288 s, avg_batch_cost: 0.64910 s, avg_samples: 95.9, ips: 147.74282 samples/s, eta: 3:30:13, max_mem_reserved: 25002 MB, max_mem_allocated: 13654 MB
[2025/11/14 17:26:17] ppocr INFO: cur metric, acc: 0.0, norm_edit_dis: 0.1483226845270229, fps: 678.5364844414886
[2025/11/14 17:26:19] ppocr INFO: save best model is to ./output/best_accuracy
[2025/11/14 17:26:19] ppocr INFO: best metric, acc: 0.0, is_float16: False, norm_edit_dis: 0.1483226845270229, fps: 678.5364844414886, best_epoch: 2
[2025/11/14 17:26:25] ppocr INFO: epoch: [2/20], global_step: 1910, lr: 0.000005, acc: 0.000000, norm_edit_dis: 0.146287, CTCLoss: 161.336647, NRTRLoss: 2.059722, loss: 163.272217, avg_reader_cost: 0.00309 s, avg_batch_cost: 0.62310 s, avg_samples: 91.7, ips: 147.16758 samples/s, eta: 3:30:05, max_mem_reserved: 25002 MB, max_mem_allocated: 13654 MB
[2025/11/14 17:26:32] ppocr INFO: epoch: [2/20], global_step: 1920, lr: 0.000005, acc: 0.000000, norm_edit_dis: 0.146901, CTCLoss: 161.982712, NRTRLoss: 2.068412, loss: 164.033989, avg_reader_cost: 0.00298 s, avg_batch_cost: 0.65000 s, avg_samples: 98.0, ips: 150.76867 samples/s, eta: 3:30:00, max_mem_reserved: 25002 MB, max_mem_allocated: 13654 MB
[2025/11/14 17:26:38] ppocr INFO: epoch: [2/20], global_step: 1930, lr: 0.000005, acc: 0.000000, norm_edit_dis: 0.150227, CTCLoss: 160.603981, NRTRLoss: 2.029528, loss: 162.582130, avg_reader_cost: 0.00294 s, avg_batch_cost: 0.65296 s, avg_samples: 93.7, ips: 143.50077 samples/s, eta: 3:29:56, max_mem_reserved: 25002 MB, max_mem_allocated: 13654 MB
[2025/11/14 17:26:44] ppocr INFO: epoch: [2/20], global_step: 1940, lr: 0.000005, acc: 0.000000, norm_edit_dis: 0.155885, CTCLoss: 158.045998, NRTRLoss: 2.007645, loss: 160.025627, avg_reader_cost: 0.00286 s, avg_batch_cost: 0.57970 s, avg_samples: 81.0, ips: 139.72641 samples/s, eta: 3:29:44, max_mem_reserved: 25002 MB, max_mem_allocated: 13654 MB
[2025/11/14 17:26:50] ppocr INFO: epoch: [2/20], global_step: 1950, lr: 0.000005, acc: 0.000000, norm_edit_dis: 0.160294, CTCLoss: 156.245560, NRTRLoss: 2.027604, loss: 158.167046, avg_reader_cost: 0.00293 s, avg_batch_cost: 0.63541 s, avg_samples: 87.4, ips: 137.54858 samples/s, eta: 3:29:37, max_mem_reserved: 25002 MB, max_mem_allocated: 13654 MB
[2025/11/14 17:26:57] ppocr INFO: epoch: [2/20], global_step: 1960, lr: 0.000005, acc: 0.000000, norm_edit_dis: 0.166838, CTCLoss: 154.868393, NRTRLoss: 1.973710, loss: 156.902733, avg_reader_cost: 0.00295 s, avg_batch_cost: 0.62005 s, avg_samples: 78.8, ips: 127.08671 samples/s, eta: 3:29:29, max_mem_reserved: 25002 MB, max_mem_allocated: 13654 MB
[2025/11/14 17:27:03] ppocr INFO: epoch: [2/20], global_step: 1970, lr: 0.000005, acc: 0.000000, norm_edit_dis: 0.171446, CTCLoss: 154.073357, NRTRLoss: 1.974051, loss: 156.048836, avg_reader_cost: 0.00337 s, avg_batch_cost: 0.64096 s, avg_samples: 95.9, ips: 149.61828 samples/s, eta: 3:29:23, max_mem_reserved: 25002 MB, max_mem_allocated: 13654 MB
[2025/11/14 17:27:09] ppocr INFO: epoch: [2/20], global_step: 1980, lr: 0.000005, acc: 0.000000, norm_edit_dis: 0.171859, CTCLoss: 153.017967, NRTRLoss: 1.972590, loss: 155.004196, avg_reader_cost: 0.00286 s, avg_batch_cost: 0.63571 s, avg_samples: 91.6, ips: 144.09064 samples/s, eta: 3:29:17, max_mem_reserved: 25002 MB, max_mem_allocated: 13654 MB
[2025/11/14 17:27:16] ppocr INFO: epoch: [2/20], global_step: 1990, lr: 0.000005, acc: 0.000000, norm_edit_dis: 0.175373, CTCLoss: 152.512192, NRTRLoss: 1.930846, loss: 154.424706, avg_reader_cost: 0.00293 s, avg_batch_cost: 0.64401 s, avg_samples: 91.6, ips: 142.23400 samples/s, eta: 3:29:11, max_mem_reserved: 25002 MB, max_mem_allocated: 13654 MB
[2025/11/14 17:27:22] ppocr INFO: epoch: [2/20], global_step: 2000, lr: 0.000005, acc: 0.000000, norm_edit_dis: 0.184768, CTCLoss: 152.577110, NRTRLoss: 1.952301, loss: 154.390892, avg_reader_cost: 0.00287 s, avg_batch_cost: 0.65160 s, avg_samples: 93.8, ips: 143.95338 samples/s, eta: 3:29:06, max_mem_reserved: 25002 MB, max_mem_allocated: 13654 MB
[2025/11/14 17:27:54] ppocr INFO: cur metric, acc: 0.0, norm_edit_dis: 0.19015021614729266, fps: 695.0910688083487
[2025/11/14 17:27:56] ppocr INFO: save best model is to ./output/best_accuracy
[2025/11/14 17:27:56] ppocr INFO: best metric, acc: 0.0, is_float16: False, norm_edit_dis: 0.19015021614729266, fps: 695.0910688083487, best_epoch: 2
[2025/11/14 17:28:02] ppocr INFO: epoch: [2/20], global_step: 2010, lr: 0.000006, acc: 0.000000, norm_edit_dis: 0.186468, CTCLoss: 148.556061, NRTRLoss: 1.940891, loss: 150.494453, avg_reader_cost: 0.00300 s, avg_batch_cost: 0.60808 s, avg_samples: 89.4, ips: 147.01941 samples/s, eta: 3:28:57, max_mem_reserved: 25002 MB, max_mem_allocated: 13654 MB
[2025/11/14 17:28:09] ppocr INFO: epoch: [2/20], global_step: 2020, lr: 0.000006, acc: 0.000000, norm_edit_dis: 0.193826, CTCLoss: 146.985298, NRTRLoss: 1.934997, loss: 148.835320, avg_reader_cost: 0.00289 s, avg_batch_cost: 0.65488 s, avg_samples: 98.0, ips: 149.64545 samples/s, eta: 3:28:53, max_mem_reserved: 25002 MB, max_mem_allocated: 13654 MB
[2025/11/14 17:28:15] ppocr INFO: epoch: [2/20], global_step: 2030, lr: 0.000006, acc: 0.000000, norm_edit_dis: 0.199147, CTCLoss: 145.526642, NRTRLoss: 1.882600, loss: 147.359032, avg_reader_cost: 0.00293 s, avg_batch_cost: 0.62375 s, avg_samples: 80.9, ips: 129.70040 samples/s, eta: 3:28:45, max_mem_reserved: 25002 MB, max_mem_allocated: 13654 MB
[2025/11/14 17:28:21] ppocr INFO: epoch: [2/20], global_step: 2040, lr: 0.000006, acc: 0.000000, norm_edit_dis: 0.198123, CTCLoss: 145.704422, NRTRLoss: 1.882858, loss: 147.549255, avg_reader_cost: 0.00323 s, avg_batch_cost: 0.64327 s, avg_samples: 96.0, ips: 149.23776 samples/s, eta: 3:28:40, max_mem_reserved: 25002 MB, max_mem_allocated: 13654 MB
[2025/11/14 17:28:28] ppocr INFO: epoch: [2/20], global_step: 2050, lr: 0.000006, acc: 0.000000, norm_edit_dis: 0.183098, CTCLoss: 149.458862, NRTRLoss: 1.968509, loss: 151.370926, avg_reader_cost: 0.00287 s, avg_batch_cost: 0.64279 s, avg_samples: 93.8, ips: 145.92624 samples/s, eta: 3:28:34, max_mem_reserved: 25002 MB, max_mem_allocated: 13654 MB
[2025/11/14 17:28:34] ppocr INFO: epoch: [2/20], global_step: 2060, lr: 0.000006, acc: 0.000000, norm_edit_dis: 0.196889, CTCLoss: 152.841133, NRTRLoss: 2.028050, loss: 154.818268, avg_reader_cost: 0.00327 s, avg_batch_cost: 0.66637 s, avg_samples: 108.7, ips: 163.12314 samples/s, eta: 3:28:30, max_mem_reserved: 25002 MB, max_mem_allocated: 13654 MB
[2025/11/14 17:28:41] ppocr INFO: epoch: [2/20], global_step: 2070, lr: 0.000006, acc: 0.000000, norm_edit_dis: 0.218994, CTCLoss: 143.281487, NRTRLoss: 1.877691, loss: 145.074371, avg_reader_cost: 0.00288 s, avg_batch_cost: 0.62794 s, avg_samples: 85.2, ips: 135.68147 samples/s, eta: 3:28:23, max_mem_reserved: 25002 MB, max_mem_allocated: 13654 MB
[2025/11/14 17:28:47] ppocr INFO: epoch: [2/20], global_step: 2080, lr: 0.000006, acc: 0.000000, norm_edit_dis: 0.227173, CTCLoss: 140.906120, NRTRLoss: 1.822576, loss: 142.693993, avg_reader_cost: 0.00364 s, avg_batch_cost: 0.65363 s, avg_samples: 102.3, ips: 156.51115 samples/s, eta: 3:28:18, max_mem_reserved: 25002 MB, max_mem_allocated: 13654 MB
[2025/11/14 17:28:54] ppocr INFO: epoch: [2/20], global_step: 2090, lr: 0.000006, acc: 0.000000, norm_edit_dis: 0.224270, CTCLoss: 140.504868, NRTRLoss: 1.855276, loss: 142.296089, avg_reader_cost: 0.00292 s, avg_batch_cost: 0.62587 s, avg_samples: 83.1, ips: 132.77607 samples/s, eta: 3:28:11, max_mem_reserved: 25002 MB, max_mem_allocated: 13654 MB
[2025/11/14 17:29:00] ppocr INFO: epoch: [2/20], global_step: 2100, lr: 0.000006, acc: 0.000000, norm_edit_dis: 0.224270, CTCLoss: 139.630066, NRTRLoss: 1.855276, loss: 141.472916, avg_reader_cost: 0.00287 s, avg_batch_cost: 0.65610 s, avg_samples: 104.4, ips: 159.12177 samples/s, eta: 3:28:07, max_mem_reserved: 25002 MB, max_mem_allocated: 13654 MB
[2025/11/14 17:29:32] ppocr INFO: cur metric, acc: 9.99999999e-05, norm_edit_dis: 0.2520897861583318, fps: 673.983750680724
[2025/11/14 17:29:34] ppocr INFO: save best model is to ./output/best_accuracy
[2025/11/14 17:29:34] ppocr INFO: best metric, acc: 9.99999999e-05, is_float16: False, norm_edit_dis: 0.2520897861583318, fps: 673.983750680724, best_epoch: 2
[2025/11/14 17:29:41] ppocr INFO: epoch: [2/20], global_step: 2110, lr: 0.000006, acc: 0.000000, norm_edit_dis: 0.235446, CTCLoss: 138.825951, NRTRLoss: 1.835988, loss: 140.650284, avg_reader_cost: 0.00344 s, avg_batch_cost: 0.62526 s, avg_samples: 93.7, ips: 149.85804 samples/s, eta: 3:27:59, max_mem_reserved: 25002 MB, max_mem_allocated: 13654 MB
[2025/11/14 17:29:47] ppocr INFO: epoch: [2/20], global_step: 2120, lr: 0.000006, acc: 0.000000, norm_edit_dis: 0.241042, CTCLoss: 137.843346, NRTRLoss: 1.819960, loss: 139.628433, avg_reader_cost: 0.00283 s, avg_batch_cost: 0.64134 s, avg_samples: 93.8, ips: 146.25557 samples/s, eta: 3:27:53, max_mem_reserved: 25002 MB, max_mem_allocated: 13654 MB
[2025/11/14 17:29:53] ppocr INFO: epoch: [2/20], global_step: 2130, lr: 0.000006, acc: 0.000000, norm_edit_dis: 0.253108, CTCLoss: 136.874504, NRTRLoss: 1.800884, loss: 138.682327, avg_reader_cost: 0.00286 s, avg_batch_cost: 0.60338 s, avg_samples: 83.1, ips: 137.72479 samples/s, eta: 3:27:44, max_mem_reserved: 25002 MB, max_mem_allocated: 13654 MB
[2025/11/14 17:30:00] ppocr INFO: epoch: [2/20], global_step: 2140, lr: 0.000006, acc: 0.000000, norm_edit_dis: 0.259478, CTCLoss: 135.618126, NRTRLoss: 1.793882, loss: 137.400154, avg_reader_cost: 0.00342 s, avg_batch_cost: 0.65660 s, avg_samples: 106.6, ips: 162.35222 samples/s, eta: 3:27:39, max_mem_reserved: 25002 MB, max_mem_allocated: 13654 MB
[2025/11/14 17:30:06] ppocr INFO: epoch: [2/20], global_step: 2150, lr: 0.000006, acc: 0.000000, norm_edit_dis: 0.247882, CTCLoss: 141.675278, NRTRLoss: 1.907772, loss: 143.516434, avg_reader_cost: 0.00283 s, avg_batch_cost: 0.64774 s, avg_samples: 102.2, ips: 157.77922 samples/s, eta: 3:27:34, max_mem_reserved: 25002 MB, max_mem_allocated: 13654 MB
[2025/11/14 17:30:12] ppocr INFO: epoch: [2/20], global_step: 2160, lr: 0.000006, acc: 0.000000, norm_edit_dis: 0.270809, CTCLoss: 132.486618, NRTRLoss: 1.830583, loss: 134.281471, avg_reader_cost: 0.00292 s, avg_batch_cost: 0.62715 s, avg_samples: 95.9, ips: 152.91376 samples/s, eta: 3:27:27, max_mem_reserved: 25002 MB, max_mem_allocated: 13654 MB
[2025/11/14 17:30:19] ppocr INFO: epoch: [2/20], global_step: 2170, lr: 0.000006, acc: 0.000000, norm_edit_dis: 0.279432, CTCLoss: 130.652222, NRTRLoss: 1.821243, loss: 132.442955, avg_reader_cost: 0.00287 s, avg_batch_cost: 0.64845 s, avg_samples: 98.0, ips: 151.13019 samples/s, eta: 3:27:22, max_mem_reserved: 25002 MB, max_mem_allocated: 13654 MB
[2025/11/14 17:30:20] ppocr INFO: epoch: [2/20], global_step: 2172, lr: 0.000006, acc: 0.000000, norm_edit_dis: 0.273397, CTCLoss: 136.612778, NRTRLoss: 1.852929, loss: 138.468544, avg_reader_cost: 0.00056 s, avg_batch_cost: 0.13217 s, avg_samples: 19.2, ips: 145.26734 samples/s, eta: 3:27:21, max_mem_reserved: 25002 MB, max_mem_allocated: 13654 MB
[2025/11/14 17:30:22] ppocr INFO: save model in ./output/latest
[2025/11/14 17:30:23] ppocr INFO: save model in ./output/iter_epoch_2
[2025/11/14 17:30:30] ppocr INFO: epoch: [3/20], global_step: 2180, lr: 0.000006, acc: 0.000000, norm_edit_dis: 0.263370, CTCLoss: 144.664215, NRTRLoss: 1.880988, loss: 146.562721, avg_reader_cost: 0.43899 s, avg_batch_cost: 0.95508 s, avg_samples: 89.6, ips: 93.81413 samples/s, eta: 3:27:56, max_mem_reserved: 25002 MB, max_mem_allocated: 13654 MB
[2025/11/14 17:30:36] ppocr INFO: epoch: [3/20], global_step: 2190, lr: 0.000006, acc: 0.000000, norm_edit_dis: 0.263370, CTCLoss: 142.674454, NRTRLoss: 1.885990, loss: 144.645752, avg_reader_cost: 0.00294 s, avg_batch_cost: 0.63426 s, avg_samples: 93.8, ips: 147.88816 samples/s, eta: 3:27:49, max_mem_reserved: 25002 MB, max_mem_allocated: 13654 MB
[2025/11/14 17:30:42] ppocr INFO: epoch: [3/20], global_step: 2200, lr: 0.000006, acc: 0.000000, norm_edit_dis: 0.314800, CTCLoss: 126.245800, NRTRLoss: 1.781631, loss: 127.985184, avg_reader_cost: 0.00277 s, avg_batch_cost: 0.59042 s, avg_samples: 76.7, ips: 129.90848 samples/s, eta: 3:27:38, max_mem_reserved: 25002 MB, max_mem_allocated: 13654 MB
[2025/11/14 17:31:13] ppocr INFO: cur metric, acc: 0.0001999999998, norm_edit_dis: 0.34669410325641503, fps: 702.834752401421
[2025/11/14 17:31:15] ppocr INFO: save best model is to ./output/best_accuracy
[2025/11/14 17:31:15] ppocr INFO: best metric, acc: 0.0001999999998, is_float16: False, norm_edit_dis: 0.34669410325641503, fps: 702.834752401421, best_epoch: 3
[2025/11/14 17:31:21] ppocr INFO: epoch: [3/20], global_step: 2210, lr: 0.000006, acc: 0.000000, norm_edit_dis: 0.316875, CTCLoss: 125.638187, NRTRLoss: 1.781631, loss: 127.346203, avg_reader_cost: 0.00276 s, avg_batch_cost: 0.63798 s, avg_samples: 100.2, ips: 157.05867 samples/s, eta: 3:27:32, max_mem_reserved: 25002 MB, max_mem_allocated: 13654 MB
[2025/11/14 17:31:28] ppocr INFO: epoch: [3/20], global_step: 2220, lr: 0.000006, acc: 0.000000, norm_edit_dis: 0.285776, CTCLoss: 132.992271, NRTRLoss: 1.882318, loss: 134.825562, avg_reader_cost: 0.00283 s, avg_batch_cost: 0.63298 s, avg_samples: 96.0, ips: 151.66306 samples/s, eta: 3:27:25, max_mem_reserved: 25002 MB, max_mem_allocated: 13654 MB
[2025/11/14 17:31:34] ppocr INFO: epoch: [3/20], global_step: 2230, lr: 0.000006, acc: 0.000000, norm_edit_dis: 0.327224, CTCLoss: 126.371502, NRTRLoss: 1.825116, loss: 128.139172, avg_reader_cost: 0.00344 s, avg_batch_cost: 0.62130 s, avg_samples: 85.3, ips: 137.29357 samples/s, eta: 3:27:17, max_mem_reserved: 25002 MB, max_mem_allocated: 13654 MB
[2025/11/14 17:31:40] ppocr INFO: epoch: [3/20], global_step: 2240, lr: 0.000006, acc: 0.000000, norm_edit_dis: 0.341704, CTCLoss: 124.704559, NRTRLoss: 1.782398, loss: 126.426846, avg_reader_cost: 0.00287 s, avg_batch_cost: 0.60840 s, avg_samples: 91.6, ips: 150.55898 samples/s, eta: 3:27:08, max_mem_reserved: 25002 MB, max_mem_allocated: 13654 MB
[2025/11/14 17:31:47] ppocr INFO: epoch: [3/20], global_step: 2250, lr: 0.000006, acc: 0.000000, norm_edit_dis: 0.353312, CTCLoss: 125.845924, NRTRLoss: 1.773768, loss: 127.603138, avg_reader_cost: 0.00335 s, avg_batch_cost: 0.65799 s, avg_samples: 102.3, ips: 155.47380 samples/s, eta: 3:27:03, max_mem_reserved: 25002 MB, max_mem_allocated: 13654 MB
[2025/11/14 17:31:53] ppocr INFO: epoch: [3/20], global_step: 2260, lr: 0.000006, acc: 0.000000, norm_edit_dis: 0.342879, CTCLoss: 121.801800, NRTRLoss: 1.772209, loss: 123.564152, avg_reader_cost: 0.00293 s, avg_batch_cost: 0.63594 s, avg_samples: 91.6, ips: 144.03882 samples/s, eta: 3:26:57, max_mem_reserved: 25002 MB, max_mem_allocated: 13654 MB
[2025/11/14 17:31:59] ppocr INFO: epoch: [3/20], global_step: 2270, lr: 0.000006, acc: 0.000000, norm_edit_dis: 0.355731, CTCLoss: 119.445629, NRTRLoss: 1.732982, loss: 121.162640, avg_reader_cost: 0.00338 s, avg_batch_cost: 0.62937 s, avg_samples: 89.5, ips: 142.20586 samples/s, eta: 3:26:50, max_mem_reserved: 25002 MB, max_mem_allocated: 13654 MB
[2025/11/14 17:32:06] ppocr INFO: epoch: [3/20], global_step: 2280, lr: 0.000006, acc: 0.000000, norm_edit_dis: 0.372872, CTCLoss: 116.861732, NRTRLoss: 1.795333, loss: 118.587959, avg_reader_cost: 0.00281 s, avg_batch_cost: 0.63314 s, avg_samples: 89.5, ips: 141.35794 samples/s, eta: 3:26:43, max_mem_reserved: 25002 MB, max_mem_allocated: 13654 MB
[2025/11/14 17:32:12] ppocr INFO: epoch: [3/20], global_step: 2290, lr: 0.000006, acc: 0.000000, norm_edit_dis: 0.380035, CTCLoss: 115.135197, NRTRLoss: 1.780651, loss: 116.900993, avg_reader_cost: 0.00291 s, avg_batch_cost: 0.61490 s, avg_samples: 81.0, ips: 131.72795 samples/s, eta: 3:26:35, max_mem_reserved: 25002 MB, max_mem_allocated: 13654 MB
[2025/11/14 17:32:18] ppocr INFO: epoch: [3/20], global_step: 2300, lr: 0.000006, acc: 0.000000, norm_edit_dis: 0.391926, CTCLoss: 118.853897, NRTRLoss: 1.720218, loss: 120.604153, avg_reader_cost: 0.00291 s, avg_batch_cost: 0.63360 s, avg_samples: 98.1, ips: 154.82966 samples/s, eta: 3:26:28, max_mem_reserved: 25002 MB, max_mem_allocated: 13654 MB
[2025/11/14 17:32:49] ppocr INFO: cur metric, acc: 0.0005999999994, norm_edit_dis: 0.4162955680917241, fps: 691.2992548601169
[2025/11/14 17:32:52] ppocr INFO: save best model is to ./output/best_accuracy
[2025/11/14 17:32:52] ppocr INFO: best metric, acc: 0.0005999999994, is_float16: False, norm_edit_dis: 0.4162955680917241, fps: 691.2992548601169, best_epoch: 3
[2025/11/14 17:32:58] ppocr INFO: epoch: [3/20], global_step: 2310, lr: 0.000006, acc: 0.000000, norm_edit_dis: 0.322677, CTCLoss: 132.872658, NRTRLoss: 1.884938, loss: 134.790604, avg_reader_cost: 0.00289 s, avg_batch_cost: 0.64347 s, avg_samples: 104.5, ips: 162.40039 samples/s, eta: 3:26:22, max_mem_reserved: 25002 MB, max_mem_allocated: 13654 MB
[2025/11/14 17:33:05] ppocr INFO: epoch: [3/20], global_step: 2320, lr: 0.000006, acc: 0.000000, norm_edit_dis: 0.355778, CTCLoss: 125.020634, NRTRLoss: 1.852561, loss: 126.891205, avg_reader_cost: 0.00284 s, avg_batch_cost: 0.64047 s, avg_samples: 98.0, ips: 153.01186 samples/s, eta: 3:26:16, max_mem_reserved: 25002 MB, max_mem_allocated: 13654 MB
[2025/11/14 17:33:11] ppocr INFO: epoch: [3/20], global_step: 2330, lr: 0.000006, acc: 0.000000, norm_edit_dis: 0.401506, CTCLoss: 112.569218, NRTRLoss: 1.733309, loss: 114.276653, avg_reader_cost: 0.00331 s, avg_batch_cost: 0.62901 s, avg_samples: 87.4, ips: 138.94779 samples/s, eta: 3:26:09, max_mem_reserved: 25002 MB, max_mem_allocated: 13654 MB
[2025/11/14 17:33:18] ppocr INFO: epoch: [3/20], global_step: 2340, lr: 0.000006, acc: 0.000000, norm_edit_dis: 0.402689, CTCLoss: 114.705517, NRTRLoss: 1.743337, loss: 116.425556, avg_reader_cost: 0.00287 s, avg_batch_cost: 0.67090 s, avg_samples: 104.4, ips: 155.61246 samples/s, eta: 3:26:05, max_mem_reserved: 25002 MB, max_mem_allocated: 13654 MB
[2025/11/14 17:33:24] ppocr INFO: epoch: [3/20], global_step: 2350, lr: 0.000006, acc: 0.000000, norm_edit_dis: 0.372018, CTCLoss: 129.233406, NRTRLoss: 1.828568, loss: 131.072876, avg_reader_cost: 0.00285 s, avg_batch_cost: 0.64288 s, avg_samples: 102.4, ips: 159.28444 samples/s, eta: 3:25:59, max_mem_reserved: 25002 MB, max_mem_allocated: 13654 MB
[2025/11/14 17:33:30] ppocr INFO: epoch: [3/20], global_step: 2360, lr: 0.000006, acc: 0.000000, norm_edit_dis: 0.427257, CTCLoss: 109.684692, NRTRLoss: 1.693874, loss: 111.373276, avg_reader_cost: 0.00286 s, avg_batch_cost: 0.60838 s, avg_samples: 81.0, ips: 133.14046 samples/s, eta: 3:25:50, max_mem_reserved: 25002 MB, max_mem_allocated: 13654 MB
[2025/11/14 17:33:37] ppocr INFO: epoch: [3/20], global_step: 2370, lr: 0.000006, acc: 0.000000, norm_edit_dis: 0.444339, CTCLoss: 106.136993, NRTRLoss: 1.699330, loss: 107.799969, avg_reader_cost: 0.00288 s, avg_batch_cost: 0.64467 s, avg_samples: 91.6, ips: 142.08801 samples/s, eta: 3:25:44, max_mem_reserved: 25002 MB, max_mem_allocated: 13654 MB
[2025/11/14 17:33:43] ppocr INFO: epoch: [3/20], global_step: 2380, lr: 0.000006, acc: 0.000000, norm_edit_dis: 0.463064, CTCLoss: 106.357227, NRTRLoss: 1.702949, loss: 108.009792, avg_reader_cost: 0.00287 s, avg_batch_cost: 0.65906 s, avg_samples: 93.7, ips: 142.17130 samples/s, eta: 3:25:40, max_mem_reserved: 25002 MB, max_mem_allocated: 13654 MB
[2025/11/14 17:33:49] ppocr INFO: epoch: [3/20], global_step: 2390, lr: 0.000006, acc: 0.000000, norm_edit_dis: 0.464421, CTCLoss: 106.357227, NRTRLoss: 1.662660, loss: 108.009792, avg_reader_cost: 0.00282 s, avg_batch_cost: 0.56919 s, avg_samples: 70.4, ips: 123.68561 samples/s, eta: 3:25:28, max_mem_reserved: 25002 MB, max_mem_allocated: 13654 MB
[2025/11/14 17:33:55] ppocr INFO: epoch: [3/20], global_step: 2400, lr: 0.000006, acc: 0.000000, norm_edit_dis: 0.479505, CTCLoss: 102.831573, NRTRLoss: 1.658869, loss: 104.450455, avg_reader_cost: 0.00284 s, avg_batch_cost: 0.61746 s, avg_samples: 85.2, ips: 137.98438 samples/s, eta: 3:25:20, max_mem_reserved: 25002 MB, max_mem_allocated: 13654 MB
[2025/11/14 17:34:27] ppocr INFO: cur metric, acc: 0.0041999999958, norm_edit_dis: 0.522898472956325, fps: 664.0939141233323
[2025/11/14 17:34:29] ppocr INFO: save best model is to ./output/best_accuracy
[2025/11/14 17:34:29] ppocr INFO: best metric, acc: 0.0041999999958, is_float16: False, norm_edit_dis: 0.522898472956325, fps: 664.0939141233323, best_epoch: 3
[2025/11/14 17:34:36] ppocr INFO: epoch: [3/20], global_step: 2410, lr: 0.000006, acc: 0.000000, norm_edit_dis: 0.474853, CTCLoss: 103.939701, NRTRLoss: 1.702709, loss: 105.619431, avg_reader_cost: 0.00302 s, avg_batch_cost: 0.65260 s, avg_samples: 104.4, ips: 159.97605 samples/s, eta: 3:25:15, max_mem_reserved: 25002 MB, max_mem_allocated: 13654 MB
[2025/11/14 17:34:42] ppocr INFO: epoch: [3/20], global_step: 2420, lr: 0.000006, acc: 0.000000, norm_edit_dis: 0.444663, CTCLoss: 112.947166, NRTRLoss: 1.770661, loss: 114.728466, avg_reader_cost: 0.00290 s, avg_batch_cost: 0.65497 s, avg_samples: 104.4, ips: 159.39569 samples/s, eta: 3:25:10, max_mem_reserved: 25002 MB, max_mem_allocated: 13654 MB
[2025/11/14 17:34:49] ppocr INFO: epoch: [3/20], global_step: 2430, lr: 0.000006, acc: 0.000000, norm_edit_dis: 0.487655, CTCLoss: 101.393185, NRTRLoss: 1.715814, loss: 103.108932, avg_reader_cost: 0.00286 s, avg_batch_cost: 0.62507 s, avg_samples: 87.3, ips: 139.66482 samples/s, eta: 3:25:02, max_mem_reserved: 25002 MB, max_mem_allocated: 13654 MB
[2025/11/14 17:34:55] ppocr INFO: epoch: [3/20], global_step: 2440, lr: 0.000006, acc: 0.000000, norm_edit_dis: 0.505692, CTCLoss: 99.319233, NRTRLoss: 1.679345, loss: 100.967930, avg_reader_cost: 0.00287 s, avg_batch_cost: 0.61120 s, avg_samples: 87.4, ips: 142.99747 samples/s, eta: 3:24:54, max_mem_reserved: 25002 MB, max_mem_allocated: 13654 MB
[2025/11/14 17:35:01] ppocr INFO: epoch: [3/20], global_step: 2450, lr: 0.000006, acc: 0.000000, norm_edit_dis: 0.494979, CTCLoss: 100.129173, NRTRLoss: 1.707911, loss: 101.792088, avg_reader_cost: 0.00286 s, avg_batch_cost: 0.65159 s, avg_samples: 91.7, ips: 140.73315 samples/s, eta: 3:24:48, max_mem_reserved: 25002 MB, max_mem_allocated: 13654 MB
[2025/11/14 17:35:08] ppocr INFO: epoch: [3/20], global_step: 2460, lr: 0.000006, acc: 0.000000, norm_edit_dis: 0.504429, CTCLoss: 102.975910, NRTRLoss: 1.718185, loss: 104.632023, avg_reader_cost: 0.00286 s, avg_batch_cost: 0.64832 s, avg_samples: 95.9, ips: 147.92072 samples/s, eta: 3:24:43, max_mem_reserved: 25002 MB, max_mem_allocated: 13654 MB
[2025/11/14 17:35:14] ppocr INFO: epoch: [3/20], global_step: 2470, lr: 0.000006, acc: 0.000000, norm_edit_dis: 0.507822, CTCLoss: 105.132683, NRTRLoss: 1.710586, loss: 106.825279, avg_reader_cost: 0.00287 s, avg_batch_cost: 0.66020 s, avg_samples: 104.4, ips: 158.13335 samples/s, eta: 3:24:38, max_mem_reserved: 25002 MB, max_mem_allocated: 13654 MB
[2025/11/14 17:35:20] ppocr INFO: epoch: [3/20], global_step: 2480, lr: 0.000006, acc: 0.000000, norm_edit_dis: 0.517301, CTCLoss: 97.370453, NRTRLoss: 1.669394, loss: 99.021580, avg_reader_cost: 0.00286 s, avg_batch_cost: 0.60591 s, avg_samples: 83.2, ips: 137.31380 samples/s, eta: 3:24:29, max_mem_reserved: 25002 MB, max_mem_allocated: 13654 MB
[2025/11/14 17:35:27] ppocr INFO: epoch: [3/20], global_step: 2490, lr: 0.000006, acc: 0.000000, norm_edit_dis: 0.519004, CTCLoss: 95.804268, NRTRLoss: 1.652322, loss: 97.401905, avg_reader_cost: 0.00334 s, avg_batch_cost: 0.67016 s, avg_samples: 95.9, ips: 143.10038 samples/s, eta: 3:24:25, max_mem_reserved: 25002 MB, max_mem_allocated: 13654 MB
[2025/11/14 17:35:34] ppocr INFO: epoch: [3/20], global_step: 2500, lr: 0.000006, acc: 0.000000, norm_edit_dis: 0.516253, CTCLoss: 95.664825, NRTRLoss: 1.665578, loss: 97.251400, avg_reader_cost: 0.00298 s, avg_batch_cost: 0.64495 s, avg_samples: 95.9, ips: 148.69278 samples/s, eta: 3:24:20, max_mem_reserved: 25002 MB, max_mem_allocated: 13654 MB
[2025/11/14 17:36:05] ppocr INFO: cur metric, acc: 0.0066999999933, norm_edit_dis: 0.5676115402278203, fps: 703.9013564995082
[2025/11/14 17:36:08] ppocr INFO: save best model is to ./output/best_accuracy
[2025/11/14 17:36:08] ppocr INFO: best metric, acc: 0.0066999999933, is_float16: False, norm_edit_dis: 0.5676115402278203, fps: 703.9013564995082, best_epoch: 3
[2025/11/14 17:36:14] ppocr INFO: epoch: [3/20], global_step: 2510, lr: 0.000006, acc: 0.000000, norm_edit_dis: 0.529360, CTCLoss: 93.820717, NRTRLoss: 1.678595, loss: 95.441288, avg_reader_cost: 0.00309 s, avg_batch_cost: 0.66718 s, avg_samples: 93.7, ips: 140.44162 samples/s, eta: 3:24:16, max_mem_reserved: 25002 MB, max_mem_allocated: 13654 MB
[2025/11/14 17:36:21] ppocr INFO: epoch: [3/20], global_step: 2520, lr: 0.000006, acc: 0.000000, norm_edit_dis: 0.554903, CTCLoss: 92.036469, NRTRLoss: 1.678595, loss: 93.614117, avg_reader_cost: 0.00291 s, avg_batch_cost: 0.64541 s, avg_samples: 91.6, ips: 141.92589 samples/s, eta: 3:24:10, max_mem_reserved: 25002 MB, max_mem_allocated: 13654 MB
[2025/11/14 17:36:27] ppocr INFO: epoch: [3/20], global_step: 2530, lr: 0.000006, acc: 0.000000, norm_edit_dis: 0.559525, CTCLoss: 90.961315, NRTRLoss: 1.667642, loss: 92.605938, avg_reader_cost: 0.00300 s, avg_batch_cost: 0.60605 s, avg_samples: 81.0, ips: 133.65163 samples/s, eta: 3:24:01, max_mem_reserved: 25002 MB, max_mem_allocated: 13654 MB
[2025/11/14 17:36:33] ppocr INFO: epoch: [3/20], global_step: 2540, lr: 0.000006, acc: 0.000000, norm_edit_dis: 0.573485, CTCLoss: 90.146675, NRTRLoss: 1.646396, loss: 91.800259, avg_reader_cost: 0.00339 s, avg_batch_cost: 0.62525 s, avg_samples: 87.3, ips: 139.62345 samples/s, eta: 3:23:54, max_mem_reserved: 25002 MB, max_mem_allocated: 13654 MB
[2025/11/14 17:36:39] ppocr INFO: epoch: [3/20], global_step: 2550, lr: 0.000006, acc: 0.011765, norm_edit_dis: 0.578743, CTCLoss: 88.761311, NRTRLoss: 1.640203, loss: 90.424011, avg_reader_cost: 0.00288 s, avg_batch_cost: 0.62602 s, avg_samples: 83.1, ips: 132.74332 samples/s, eta: 3:23:46, max_mem_reserved: 25002 MB, max_mem_allocated: 13654 MB
[2025/11/14 17:36:45] ppocr INFO: epoch: [3/20], global_step: 2560, lr: 0.000006, acc: 0.011765, norm_edit_dis: 0.578735, CTCLoss: 88.604458, NRTRLoss: 1.641828, loss: 90.218502, avg_reader_cost: 0.00288 s, avg_batch_cost: 0.60786 s, avg_samples: 87.3, ips: 143.61850 samples/s, eta: 3:23:38, max_mem_reserved: 25002 MB, max_mem_allocated: 13654 MB
[2025/11/14 17:36:52] ppocr INFO: epoch: [3/20], global_step: 2570, lr: 0.000006, acc: 0.011765, norm_edit_dis: 0.592672, CTCLoss: 88.724377, NRTRLoss: 1.654437, loss: 90.352932, avg_reader_cost: 0.00288 s, avg_batch_cost: 0.62098 s, avg_samples: 95.9, ips: 154.43246 samples/s, eta: 3:23:30, max_mem_reserved: 25002 MB, max_mem_allocated: 13654 MB
[2025/11/14 17:36:58] ppocr INFO: epoch: [3/20], global_step: 2580, lr: 0.000006, acc: 0.007812, norm_edit_dis: 0.596091, CTCLoss: 88.242821, NRTRLoss: 1.653433, loss: 89.868134, avg_reader_cost: 0.00285 s, avg_batch_cost: 0.63414 s, avg_samples: 91.6, ips: 144.44700 samples/s, eta: 3:23:23, max_mem_reserved: 25002 MB, max_mem_allocated: 13654 MB
[2025/11/14 17:37:05] ppocr INFO: epoch: [3/20], global_step: 2590, lr: 0.000006, acc: 0.007812, norm_edit_dis: 0.550809, CTCLoss: 102.893265, NRTRLoss: 1.726895, loss: 104.623734, avg_reader_cost: 0.00286 s, avg_batch_cost: 0.67531 s, avg_samples: 113.0, ips: 167.33066 samples/s, eta: 3:23:20, max_mem_reserved: 25002 MB, max_mem_allocated: 13654 MB
[2025/11/14 17:37:11] ppocr INFO: epoch: [3/20], global_step: 2600, lr: 0.000006, acc: 0.007812, norm_edit_dis: 0.482720, CTCLoss: 110.222111, NRTRLoss: 1.835019, loss: 112.151115, avg_reader_cost: 0.00287 s, avg_batch_cost: 0.65425 s, avg_samples: 104.5, ips: 159.72394 samples/s, eta: 3:23:15, max_mem_reserved: 25002 MB, max_mem_allocated: 13654 MB
[2025/11/14 17:37:42] ppocr INFO: cur metric, acc: 0.008999999991, norm_edit_dis: 0.5868568160334368, fps: 682.1459974170757
[2025/11/14 17:37:45] ppocr INFO: save best model is to ./output/best_accuracy
[2025/11/14 17:37:45] ppocr INFO: best metric, acc: 0.008999999991, is_float16: False, norm_edit_dis: 0.5868568160334368, fps: 682.1459974170757, best_epoch: 3
[2025/11/14 17:37:51] ppocr INFO: epoch: [3/20], global_step: 2610, lr: 0.000006, acc: 0.007812, norm_edit_dis: 0.541031, CTCLoss: 97.248207, NRTRLoss: 1.728205, loss: 98.967316, avg_reader_cost: 0.00298 s, avg_batch_cost: 0.64297 s, avg_samples: 93.8, ips: 145.88616 samples/s, eta: 3:23:09, max_mem_reserved: 25002 MB, max_mem_allocated: 13654 MB
[2025/11/14 17:37:58] ppocr INFO: epoch: [3/20], global_step: 2620, lr: 0.000006, acc: 0.007812, norm_edit_dis: 0.514161, CTCLoss: 105.652393, NRTRLoss: 1.770802, loss: 107.425930, avg_reader_cost: 0.00289 s, avg_batch_cost: 0.67475 s, avg_samples: 113.0, ips: 167.46870 samples/s, eta: 3:23:05, max_mem_reserved: 25002 MB, max_mem_allocated: 13654 MB
[2025/11/14 17:38:04] ppocr INFO: epoch: [3/20], global_step: 2630, lr: 0.000006, acc: 0.003906, norm_edit_dis: 0.595104, CTCLoss: 88.370308, NRTRLoss: 1.684965, loss: 90.028038, avg_reader_cost: 0.00286 s, avg_batch_cost: 0.61593 s, avg_samples: 83.0, ips: 134.75554 samples/s, eta: 3:22:57, max_mem_reserved: 25002 MB, max_mem_allocated: 13654 MB
[2025/11/14 17:38:11] ppocr INFO: epoch: [3/20], global_step: 2640, lr: 0.000006, acc: 0.011765, norm_edit_dis: 0.610415, CTCLoss: 82.579315, NRTRLoss: 1.636973, loss: 84.250546, avg_reader_cost: 0.00292 s, avg_batch_cost: 0.63635 s, avg_samples: 89.5, ips: 140.64687 samples/s, eta: 3:22:51, max_mem_reserved: 25002 MB, max_mem_allocated: 13654 MB
[2025/11/14 17:38:17] ppocr INFO: epoch: [3/20], global_step: 2650, lr: 0.000006, acc: 0.011765, norm_edit_dis: 0.604335, CTCLoss: 83.707474, NRTRLoss: 1.674527, loss: 85.370766, avg_reader_cost: 0.00294 s, avg_batch_cost: 0.66568 s, avg_samples: 102.3, ips: 153.67642 samples/s, eta: 3:22:46, max_mem_reserved: 25002 MB, max_mem_allocated: 13654 MB
[2025/11/14 17:38:24] ppocr INFO: epoch: [3/20], global_step: 2660, lr: 0.000006, acc: 0.015625, norm_edit_dis: 0.603403, CTCLoss: 84.830414, NRTRLoss: 1.688838, loss: 86.462284, avg_reader_cost: 0.00289 s, avg_batch_cost: 0.62676 s, avg_samples: 98.0, ips: 156.36076 samples/s, eta: 3:22:39, max_mem_reserved: 25002 MB, max_mem_allocated: 13654 MB
[2025/11/14 17:38:30] ppocr INFO: epoch: [3/20], global_step: 2670, lr: 0.000006, acc: 0.019531, norm_edit_dis: 0.634655, CTCLoss: 80.084606, NRTRLoss: 1.633529, loss: 81.713940, avg_reader_cost: 0.00288 s, avg_batch_cost: 0.59553 s, avg_samples: 80.8, ips: 135.67674 samples/s, eta: 3:22:30, max_mem_reserved: 25002 MB, max_mem_allocated: 13654 MB
[2025/11/14 17:38:36] ppocr INFO: epoch: [3/20], global_step: 2680, lr: 0.000006, acc: 0.023529, norm_edit_dis: 0.655882, CTCLoss: 78.098583, NRTRLoss: 1.613665, loss: 79.774380, avg_reader_cost: 0.00287 s, avg_batch_cost: 0.60582 s, avg_samples: 81.0, ips: 133.70206 samples/s, eta: 3:22:21, max_mem_reserved: 25002 MB, max_mem_allocated: 13654 MB
[2025/11/14 17:38:42] ppocr INFO: epoch: [3/20], global_step: 2690, lr: 0.000006, acc: 0.023529, norm_edit_dis: 0.645663, CTCLoss: 79.930588, NRTRLoss: 1.608918, loss: 81.551277, avg_reader_cost: 0.00338 s, avg_batch_cost: 0.64886 s, avg_samples: 91.6, ips: 141.17111 samples/s, eta: 3:22:15, max_mem_reserved: 25002 MB, max_mem_allocated: 13654 MB
[2025/11/14 17:38:48] ppocr INFO: epoch: [3/20], global_step: 2700, lr: 0.000006, acc: 0.023529, norm_edit_dis: 0.653279, CTCLoss: 76.494492, NRTRLoss: 1.619603, loss: 78.155445, avg_reader_cost: 0.00289 s, avg_batch_cost: 0.62400 s, avg_samples: 83.0, ips: 133.01325 samples/s, eta: 3:22:08, max_mem_reserved: 25002 MB, max_mem_allocated: 13654 MB
[2025/11/14 17:39:19] ppocr INFO: cur metric, acc: 0.038599999961400004, norm_edit_dis: 0.6877643140507028, fps: 695.3885304589021
[2025/11/14 17:39:22] ppocr INFO: save best model is to ./output/best_accuracy
[2025/11/14 17:39:22] ppocr INFO: best metric, acc: 0.038599999961400004, is_float16: False, norm_edit_dis: 0.6877643140507028, fps: 695.3885304589021, best_epoch: 3
[2025/11/14 17:39:28] ppocr INFO: epoch: [3/20], global_step: 2710, lr: 0.000006, acc: 0.035294, norm_edit_dis: 0.654946, CTCLoss: 75.534283, NRTRLoss: 1.632190, loss: 77.163082, avg_reader_cost: 0.00287 s, avg_batch_cost: 0.62573 s, avg_samples: 89.5, ips: 143.03238 samples/s, eta: 3:22:01, max_mem_reserved: 25002 MB, max_mem_allocated: 13654 MB
[2025/11/14 17:39:35] ppocr INFO: epoch: [3/20], global_step: 2720, lr: 0.000006, acc: 0.033272, norm_edit_dis: 0.666501, CTCLoss: 76.323273, NRTRLoss: 1.614056, loss: 77.912231, avg_reader_cost: 0.00289 s, avg_batch_cost: 0.63341 s, avg_samples: 85.1, ips: 134.35271 samples/s, eta: 3:21:54, max_mem_reserved: 25002 MB, max_mem_allocated: 13654 MB
[2025/11/14 17:39:41] ppocr INFO: epoch: [3/20], global_step: 2730, lr: 0.000006, acc: 0.027390, norm_edit_dis: 0.666501, CTCLoss: 74.499001, NRTRLoss: 1.632541, loss: 76.096230, avg_reader_cost: 0.00333 s, avg_batch_cost: 0.63613 s, avg_samples: 87.4, ips: 137.39320 samples/s, eta: 3:21:48, max_mem_reserved: 25002 MB, max_mem_allocated: 13654 MB
[2025/11/14 17:39:47] ppocr INFO: epoch: [3/20], global_step: 2740, lr: 0.000006, acc: 0.031250, norm_edit_dis: 0.653285, CTCLoss: 74.798782, NRTRLoss: 1.639213, loss: 76.440826, avg_reader_cost: 0.00289 s, avg_batch_cost: 0.61517 s, avg_samples: 85.2, ips: 138.49753 samples/s, eta: 3:21:40, max_mem_reserved: 25002 MB, max_mem_allocated: 13654 MB
[2025/11/14 17:39:54] ppocr INFO: epoch: [3/20], global_step: 2750, lr: 0.000006, acc: 0.031250, norm_edit_dis: 0.658718, CTCLoss: 76.470612, NRTRLoss: 1.636196, loss: 78.104576, avg_reader_cost: 0.00289 s, avg_batch_cost: 0.64396 s, avg_samples: 102.3, ips: 158.86035 samples/s, eta: 3:21:34, max_mem_reserved: 25002 MB, max_mem_allocated: 13654 MB
[2025/11/14 17:40:00] ppocr INFO: epoch: [3/20], global_step: 2760, lr: 0.000006, acc: 0.031250, norm_edit_dis: 0.676630, CTCLoss: 73.964748, NRTRLoss: 1.627021, loss: 75.535774, avg_reader_cost: 0.00326 s, avg_batch_cost: 0.62409 s, avg_samples: 83.1, ips: 133.15432 samples/s, eta: 3:21:26, max_mem_reserved: 25002 MB, max_mem_allocated: 13654 MB
[2025/11/14 17:40:07] ppocr INFO: epoch: [3/20], global_step: 2770, lr: 0.000006, acc: 0.033272, norm_edit_dis: 0.685882, CTCLoss: 73.964748, NRTRLoss: 1.617980, loss: 75.535774, avg_reader_cost: 0.00286 s, avg_batch_cost: 0.66820 s, avg_samples: 102.3, ips: 153.09777 samples/s, eta: 3:21:22, max_mem_reserved: 25002 MB, max_mem_allocated: 13654 MB
[2025/11/14 17:40:13] ppocr INFO: epoch: [3/20], global_step: 2780, lr: 0.000006, acc: 0.033272, norm_edit_dis: 0.612516, CTCLoss: 88.852657, NRTRLoss: 1.675006, loss: 90.548035, avg_reader_cost: 0.00288 s, avg_batch_cost: 0.65712 s, avg_samples: 100.2, ips: 152.48247 samples/s, eta: 3:21:17, max_mem_reserved: 25002 MB, max_mem_allocated: 13654 MB
[2025/11/14 17:40:19] ppocr INFO: epoch: [3/20], global_step: 2790, lr: 0.000006, acc: 0.031250, norm_edit_dis: 0.647581, CTCLoss: 76.009048, NRTRLoss: 1.708200, loss: 77.636738, avg_reader_cost: 0.00288 s, avg_batch_cost: 0.63293 s, avg_samples: 93.8, ips: 148.19948 samples/s, eta: 3:21:10, max_mem_reserved: 25002 MB, max_mem_allocated: 13654 MB
[2025/11/14 17:40:26] ppocr INFO: epoch: [3/20], global_step: 2800, lr: 0.000006, acc: 0.031250, norm_edit_dis: 0.657389, CTCLoss: 74.563320, NRTRLoss: 1.675414, loss: 76.135834, avg_reader_cost: 0.00286 s, avg_batch_cost: 0.62911 s, avg_samples: 93.8, ips: 149.10048 samples/s, eta: 3:21:03, max_mem_reserved: 25002 MB, max_mem_allocated: 13654 MB
[2025/11/14 17:40:57] ppocr INFO: cur metric, acc: 0.048999999951, norm_edit_dis: 0.7118309344380396, fps: 701.9816271551399
[2025/11/14 17:41:00] ppocr INFO: save best model is to ./output/best_accuracy
[2025/11/14 17:41:00] ppocr INFO: best metric, acc: 0.048999999951, is_float16: False, norm_edit_dis: 0.7118309344380396, fps: 701.9816271551399, best_epoch: 3
[2025/11/14 17:41:06] ppocr INFO: epoch: [3/20], global_step: 2810, lr: 0.000006, acc: 0.039062, norm_edit_dis: 0.683481, CTCLoss: 69.909843, NRTRLoss: 1.599525, loss: 71.519081, avg_reader_cost: 0.00295 s, avg_batch_cost: 0.61132 s, avg_samples: 85.2, ips: 139.37145 samples/s, eta: 3:20:55, max_mem_reserved: 25002 MB, max_mem_allocated: 13654 MB
[2025/11/14 17:41:12] ppocr INFO: epoch: [3/20], global_step: 2820, lr: 0.000006, acc: 0.047059, norm_edit_dis: 0.688998, CTCLoss: 68.730396, NRTRLoss: 1.592150, loss: 70.290958, avg_reader_cost: 0.00290 s, avg_batch_cost: 0.63830 s, avg_samples: 85.2, ips: 133.47887 samples/s, eta: 3:20:49, max_mem_reserved: 25002 MB, max_mem_allocated: 13654 MB
[2025/11/14 17:41:18] ppocr INFO: epoch: [3/20], global_step: 2830, lr: 0.000006, acc: 0.060662, norm_edit_dis: 0.673856, CTCLoss: 67.712555, NRTRLoss: 1.618293, loss: 69.290871, avg_reader_cost: 0.00293 s, avg_batch_cost: 0.60828 s, avg_samples: 85.2, ips: 140.06763 samples/s, eta: 3:20:41, max_mem_reserved: 25002 MB, max_mem_allocated: 13654 MB
[2025/11/14 17:41:24] ppocr INFO: epoch: [3/20], global_step: 2840, lr: 0.000006, acc: 0.050873, norm_edit_dis: 0.679408, CTCLoss: 67.712555, NRTRLoss: 1.624012, loss: 69.290871, avg_reader_cost: 0.00285 s, avg_batch_cost: 0.62583 s, avg_samples: 98.0, ips: 156.59321 samples/s, eta: 3:20:34, max_mem_reserved: 25002 MB, max_mem_allocated: 13654 MB
[2025/11/14 17:41:31] ppocr INFO: epoch: [3/20], global_step: 2850, lr: 0.000006, acc: 0.060662, norm_edit_dis: 0.697543, CTCLoss: 66.068298, NRTRLoss: 1.627776, loss: 67.660412, avg_reader_cost: 0.00292 s, avg_batch_cost: 0.62461 s, avg_samples: 91.6, ips: 146.65262 samples/s, eta: 3:20:26, max_mem_reserved: 25002 MB, max_mem_allocated: 13654 MB
[2025/11/14 17:41:37] ppocr INFO: epoch: [3/20], global_step: 2860, lr: 0.000006, acc: 0.050873, norm_edit_dis: 0.706568, CTCLoss: 66.435791, NRTRLoss: 1.627776, loss: 68.042374, avg_reader_cost: 0.00289 s, avg_batch_cost: 0.62448 s, avg_samples: 91.5, ips: 146.52130 samples/s, eta: 3:20:19, max_mem_reserved: 25002 MB, max_mem_allocated: 13654 MB
[2025/11/14 17:41:43] ppocr INFO: epoch: [3/20], global_step: 2870, lr: 0.000006, acc: 0.046967, norm_edit_dis: 0.701417, CTCLoss: 67.976551, NRTRLoss: 1.629856, loss: 69.608990, avg_reader_cost: 0.00283 s, avg_batch_cost: 0.61427 s, avg_samples: 93.7, ips: 152.53901 samples/s, eta: 3:20:11, max_mem_reserved: 25002 MB, max_mem_allocated: 13654 MB
[2025/11/14 17:41:49] ppocr INFO: epoch: [3/20], global_step: 2880, lr: 0.000006, acc: 0.047059, norm_edit_dis: 0.708759, CTCLoss: 66.099659, NRTRLoss: 1.616749, loss: 67.655933, avg_reader_cost: 0.00286 s, avg_batch_cost: 0.59139 s, avg_samples: 80.9, ips: 136.79713 samples/s, eta: 3:20:02, max_mem_reserved: 25002 MB, max_mem_allocated: 13654 MB
[2025/11/14 17:41:55] ppocr INFO: epoch: [3/20], global_step: 2890, lr: 0.000006, acc: 0.047059, norm_edit_dis: 0.720381, CTCLoss: 65.870045, NRTRLoss: 1.615849, loss: 67.402649, avg_reader_cost: 0.00290 s, avg_batch_cost: 0.64804 s, avg_samples: 91.6, ips: 141.34956 samples/s, eta: 3:19:56, max_mem_reserved: 25002 MB, max_mem_allocated: 13654 MB
[2025/11/14 17:42:01] ppocr INFO: epoch: [3/20], global_step: 2900, lr: 0.000006, acc: 0.050873, norm_edit_dis: 0.722929, CTCLoss: 66.427120, NRTRLoss: 1.606462, loss: 68.061337, avg_reader_cost: 0.00285 s, avg_batch_cost: 0.60464 s, avg_samples: 74.6, ips: 123.37951 samples/s, eta: 3:19:48, max_mem_reserved: 25002 MB, max_mem_allocated: 13654 MB
[2025/11/14 17:42:32] ppocr INFO: cur metric, acc: 0.09749999990250001, norm_edit_dis: 0.7588220070062165, fps: 741.3823509100039
[2025/11/14 17:42:35] ppocr INFO: save best model is to ./output/best_accuracy
[2025/11/14 17:42:35] ppocr INFO: best metric, acc: 0.09749999990250001, is_float16: False, norm_edit_dis: 0.7588220070062165, fps: 741.3823509100039, best_epoch: 3
[2025/11/14 17:42:41] ppocr INFO: epoch: [3/20], global_step: 2910, lr: 0.000006, acc: 0.058594, norm_edit_dis: 0.718389, CTCLoss: 65.126366, NRTRLoss: 1.606462, loss: 66.732826, avg_reader_cost: 0.00335 s, avg_batch_cost: 0.64698 s, avg_samples: 93.8, ips: 144.98221 samples/s, eta: 3:19:42, max_mem_reserved: 25002 MB, max_mem_allocated: 13654 MB
[2025/11/14 17:42:47] ppocr INFO: epoch: [3/20], global_step: 2920, lr: 0.000006, acc: 0.047059, norm_edit_dis: 0.706986, CTCLoss: 65.735538, NRTRLoss: 1.621984, loss: 67.358112, avg_reader_cost: 0.00289 s, avg_batch_cost: 0.62873 s, avg_samples: 91.6, ips: 145.69165 samples/s, eta: 3:19:35, max_mem_reserved: 25002 MB, max_mem_allocated: 13654 MB
[2025/11/14 17:42:54] ppocr INFO: epoch: [3/20], global_step: 2930, lr: 0.000006, acc: 0.047059, norm_edit_dis: 0.708578, CTCLoss: 65.568359, NRTRLoss: 1.613586, loss: 67.157478, avg_reader_cost: 0.00293 s, avg_batch_cost: 0.65065 s, avg_samples: 89.5, ips: 137.55514 samples/s, eta: 3:19:30, max_mem_reserved: 25002 MB, max_mem_allocated: 13654 MB
[2025/11/14 17:43:00] ppocr INFO: epoch: [3/20], global_step: 2940, lr: 0.000006, acc: 0.058824, norm_edit_dis: 0.716709, CTCLoss: 64.715784, NRTRLoss: 1.617214, loss: 66.294422, avg_reader_cost: 0.00291 s, avg_batch_cost: 0.62853 s, avg_samples: 89.5, ips: 142.39555 samples/s, eta: 3:19:23, max_mem_reserved: 25002 MB, max_mem_allocated: 13654 MB
[2025/11/14 17:43:06] ppocr INFO: epoch: [3/20], global_step: 2950, lr: 0.000006, acc: 0.093750, norm_edit_dis: 0.725960, CTCLoss: 62.222250, NRTRLoss: 1.595609, loss: 63.792648, avg_reader_cost: 0.00283 s, avg_batch_cost: 0.63807 s, avg_samples: 83.0, ips: 130.07910 samples/s, eta: 3:19:16, max_mem_reserved: 25002 MB, max_mem_allocated: 13654 MB
[2025/11/14 17:43:13] ppocr INFO: epoch: [3/20], global_step: 2960, lr: 0.000006, acc: 0.093750, norm_edit_dis: 0.742015, CTCLoss: 62.451603, NRTRLoss: 1.590228, loss: 64.061630, avg_reader_cost: 0.00311 s, avg_batch_cost: 0.64710 s, avg_samples: 91.6, ips: 141.55528 samples/s, eta: 3:19:11, max_mem_reserved: 25002 MB, max_mem_allocated: 13654 MB
[2025/11/14 17:43:19] ppocr INFO: epoch: [3/20], global_step: 2970, lr: 0.000006, acc: 0.082353, norm_edit_dis: 0.733767, CTCLoss: 64.819218, NRTRLoss: 1.609603, loss: 66.409492, avg_reader_cost: 0.00288 s, avg_batch_cost: 0.63249 s, avg_samples: 95.9, ips: 151.62359 samples/s, eta: 3:19:04, max_mem_reserved: 25002 MB, max_mem_allocated: 13654 MB
[2025/11/14 17:43:26] ppocr INFO: epoch: [3/20], global_step: 2980, lr: 0.000006, acc: 0.078125, norm_edit_dis: 0.734111, CTCLoss: 61.650131, NRTRLoss: 1.596371, loss: 63.247490, avg_reader_cost: 0.00283 s, avg_batch_cost: 0.65313 s, avg_samples: 91.6, ips: 140.24844 samples/s, eta: 3:18:59, max_mem_reserved: 25002 MB, max_mem_allocated: 13654 MB
[2025/11/14 17:43:32] ppocr INFO: epoch: [3/20], global_step: 2990, lr: 0.000006, acc: 0.082353, norm_edit_dis: 0.738060, CTCLoss: 60.604301, NRTRLoss: 1.596693, loss: 62.142237, avg_reader_cost: 0.00290 s, avg_batch_cost: 0.64997 s, avg_samples: 93.7, ips: 144.16094 samples/s, eta: 3:18:53, max_mem_reserved: 25002 MB, max_mem_allocated: 13654 MB
[2025/11/14 17:43:39] ppocr INFO: epoch: [3/20], global_step: 3000, lr: 0.000006, acc: 0.080239, norm_edit_dis: 0.729982, CTCLoss: 60.001247, NRTRLoss: 1.595904, loss: 61.596222, avg_reader_cost: 0.00288 s, avg_batch_cost: 0.64743 s, avg_samples: 95.9, ips: 148.12401 samples/s, eta: 3:18:47, max_mem_reserved: 25002 MB, max_mem_allocated: 13654 MB
[2025/11/14 17:44:11] ppocr INFO: cur metric, acc: 0.08619999991380001, norm_edit_dis: 0.7547342891902209, fps: 670.2197563843073
[2025/11/14 17:44:11] ppocr INFO: best metric, acc: 0.09749999990250001, is_float16: False, norm_edit_dis: 0.7588220070062165, fps: 741.3823509100039, best_epoch: 3
[2025/11/14 17:44:17] ppocr INFO: epoch: [3/20], global_step: 3010, lr: 0.000006, acc: 0.080239, norm_edit_dis: 0.744350, CTCLoss: 59.258310, NRTRLoss: 1.586488, loss: 60.823292, avg_reader_cost: 0.00291 s, avg_batch_cost: 0.61724 s, avg_samples: 85.2, ips: 138.03338 samples/s, eta: 3:18:40, max_mem_reserved: 25002 MB, max_mem_allocated: 13654 MB
[2025/11/14 17:44:23] ppocr INFO: epoch: [3/20], global_step: 3020, lr: 0.000006, acc: 0.088051, norm_edit_dis: 0.747634, CTCLoss: 59.258310, NRTRLoss: 1.575040, loss: 60.823292, avg_reader_cost: 0.00293 s, avg_batch_cost: 0.63855 s, avg_samples: 85.1, ips: 133.27113 samples/s, eta: 3:18:33, max_mem_reserved: 25002 MB, max_mem_allocated: 13654 MB
[2025/11/14 17:44:30] ppocr INFO: epoch: [3/20], global_step: 3030, lr: 0.000006, acc: 0.076471, norm_edit_dis: 0.722020, CTCLoss: 59.810804, NRTRLoss: 1.617009, loss: 61.419605, avg_reader_cost: 0.00293 s, avg_batch_cost: 0.65216 s, avg_samples: 100.2, ips: 153.64257 samples/s, eta: 3:18:28, max_mem_reserved: 25002 MB, max_mem_allocated: 13654 MB
[2025/11/14 17:44:36] ppocr INFO: epoch: [3/20], global_step: 3040, lr: 0.000006, acc: 0.076471, norm_edit_dis: 0.722753, CTCLoss: 58.341949, NRTRLoss: 1.631006, loss: 59.974459, avg_reader_cost: 0.00290 s, avg_batch_cost: 0.58730 s, avg_samples: 85.2, ips: 145.07187 samples/s, eta: 3:18:19, max_mem_reserved: 25002 MB, max_mem_allocated: 13654 MB
[2025/11/14 17:44:42] ppocr INFO: epoch: [3/20], global_step: 3050, lr: 0.000006, acc: 0.099816, norm_edit_dis: 0.742981, CTCLoss: 57.622522, NRTRLoss: 1.593881, loss: 59.207962, avg_reader_cost: 0.00295 s, avg_batch_cost: 0.64773 s, avg_samples: 98.0, ips: 151.29803 samples/s, eta: 3:18:13, max_mem_reserved: 25002 MB, max_mem_allocated: 13654 MB
[2025/11/14 17:44:49] ppocr INFO: epoch: [3/20], global_step: 3060, lr: 0.000006, acc: 0.100000, norm_edit_dis: 0.737626, CTCLoss: 60.410694, NRTRLoss: 1.614002, loss: 62.019567, avg_reader_cost: 0.00292 s, avg_batch_cost: 0.63592 s, avg_samples: 93.7, ips: 147.34650 samples/s, eta: 3:18:06, max_mem_reserved: 25002 MB, max_mem_allocated: 13654 MB
[2025/11/14 17:44:55] ppocr INFO: epoch: [3/20], global_step: 3070, lr: 0.000006, acc: 0.088235, norm_edit_dis: 0.738388, CTCLoss: 57.875099, NRTRLoss: 1.591272, loss: 59.479197, avg_reader_cost: 0.00354 s, avg_batch_cost: 0.64904 s, avg_samples: 93.7, ips: 144.36699 samples/s, eta: 3:18:01, max_mem_reserved: 25002 MB, max_mem_allocated: 13654 MB
[2025/11/14 17:45:02] ppocr INFO: epoch: [3/20], global_step: 3080, lr: 0.000006, acc: 0.076471, norm_edit_dis: 0.740193, CTCLoss: 57.519352, NRTRLoss: 1.612004, loss: 59.163292, avg_reader_cost: 0.00288 s, avg_batch_cost: 0.63969 s, avg_samples: 95.9, ips: 149.91546 samples/s, eta: 3:17:55, max_mem_reserved: 25002 MB, max_mem_allocated: 13654 MB
[2025/11/14 17:45:08] ppocr INFO: epoch: [3/20], global_step: 3090, lr: 0.000006, acc: 0.082031, norm_edit_dis: 0.736559, CTCLoss: 57.037069, NRTRLoss: 1.590109, loss: 58.676620, avg_reader_cost: 0.00282 s, avg_batch_cost: 0.60620 s, avg_samples: 83.2, ips: 137.24799 samples/s, eta: 3:17:46, max_mem_reserved: 25002 MB, max_mem_allocated: 13654 MB
[2025/11/14 17:45:14] ppocr INFO: epoch: [3/20], global_step: 3100, lr: 0.000006, acc: 0.093750, norm_edit_dis: 0.736559, CTCLoss: 55.889059, NRTRLoss: 1.567235, loss: 57.433294, avg_reader_cost: 0.00288 s, avg_batch_cost: 0.63734 s, avg_samples: 95.9, ips: 150.46917 samples/s, eta: 3:17:40, max_mem_reserved: 25002 MB, max_mem_allocated: 13654 MB
[2025/11/14 17:45:45] ppocr INFO: cur metric, acc: 0.1357999998642, norm_edit_dis: 0.7857934730298534, fps: 715.2228445740884
[2025/11/14 17:45:48] ppocr INFO: save best model is to ./output/best_accuracy
[2025/11/14 17:45:48] ppocr INFO: best metric, acc: 0.1357999998642, is_float16: False, norm_edit_dis: 0.7857934730298534, fps: 715.2228445740884, best_epoch: 3
[2025/11/14 17:45:55] ppocr INFO: epoch: [3/20], global_step: 3110, lr: 0.000006, acc: 0.103722, norm_edit_dis: 0.737570, CTCLoss: 60.564711, NRTRLoss: 1.616663, loss: 62.181376, avg_reader_cost: 0.00333 s, avg_batch_cost: 0.68368 s, avg_samples: 104.4, ips: 152.70263 samples/s, eta: 3:17:36, max_mem_reserved: 25002 MB, max_mem_allocated: 13654 MB
[2025/11/14 17:46:01] ppocr INFO: epoch: [3/20], global_step: 3120, lr: 0.000006, acc: 0.103722, norm_edit_dis: 0.758756, CTCLoss: 56.822460, NRTRLoss: 1.562492, loss: 58.379946, avg_reader_cost: 0.00292 s, avg_batch_cost: 0.60747 s, avg_samples: 78.8, ips: 129.71746 samples/s, eta: 3:17:28, max_mem_reserved: 25002 MB, max_mem_allocated: 13654 MB
[2025/11/14 17:46:07] ppocr INFO: epoch: [3/20], global_step: 3130, lr: 0.000006, acc: 0.100000, norm_edit_dis: 0.769835, CTCLoss: 52.815798, NRTRLoss: 1.570017, loss: 54.394979, avg_reader_cost: 0.00289 s, avg_batch_cost: 0.63438 s, avg_samples: 89.5, ips: 141.08288 samples/s, eta: 3:17:22, max_mem_reserved: 25002 MB, max_mem_allocated: 13654 MB
[2025/11/14 17:46:13] ppocr INFO: epoch: [3/20], global_step: 3140, lr: 0.000006, acc: 0.097840, norm_edit_dis: 0.750266, CTCLoss: 54.183491, NRTRLoss: 1.598455, loss: 55.766405, avg_reader_cost: 0.00391 s, avg_batch_cost: 0.60935 s, avg_samples: 91.6, ips: 150.32511 samples/s, eta: 3:17:14, max_mem_reserved: 25002 MB, max_mem_allocated: 13654 MB
[2025/11/14 17:46:20] ppocr INFO: epoch: [3/20], global_step: 3150, lr: 0.000006, acc: 0.103722, norm_edit_dis: 0.749461, CTCLoss: 54.429466, NRTRLoss: 1.585361, loss: 55.987394, avg_reader_cost: 0.00288 s, avg_batch_cost: 0.65827 s, avg_samples: 95.9, ips: 145.68598 samples/s, eta: 3:17:09, max_mem_reserved: 25002 MB, max_mem_allocated: 13654 MB
[2025/11/14 17:46:26] ppocr INFO: epoch: [3/20], global_step: 3160, lr: 0.000006, acc: 0.093750, norm_edit_dis: 0.751527, CTCLoss: 57.761156, NRTRLoss: 1.585638, loss: 59.307667, avg_reader_cost: 0.00293 s, avg_batch_cost: 0.65273 s, avg_samples: 106.5, ips: 163.16080 samples/s, eta: 3:17:03, max_mem_reserved: 25002 MB, max_mem_allocated: 13654 MB
[2025/11/14 17:46:32] ppocr INFO: epoch: [3/20], global_step: 3170, lr: 0.000006, acc: 0.121094, norm_edit_dis: 0.770023, CTCLoss: 52.574369, NRTRLoss: 1.559765, loss: 54.180281, avg_reader_cost: 0.00292 s, avg_batch_cost: 0.58525 s, avg_samples: 76.6, ips: 130.88462 samples/s, eta: 3:16:54, max_mem_reserved: 25002 MB, max_mem_allocated: 13654 MB
[2025/11/14 17:46:39] ppocr INFO: epoch: [3/20], global_step: 3180, lr: 0.000006, acc: 0.127206, norm_edit_dis: 0.771358, CTCLoss: 52.230200, NRTRLoss: 1.553782, loss: 53.785812, avg_reader_cost: 0.00292 s, avg_batch_cost: 0.63612 s, avg_samples: 95.9, ips: 150.75856 samples/s, eta: 3:16:47, max_mem_reserved: 25002 MB, max_mem_allocated: 13654 MB
[2025/11/14 17:46:45] ppocr INFO: epoch: [3/20], global_step: 3190, lr: 0.000006, acc: 0.101562, norm_edit_dis: 0.760394, CTCLoss: 54.212666, NRTRLoss: 1.562432, loss: 55.729891, avg_reader_cost: 0.00291 s, avg_batch_cost: 0.64236 s, avg_samples: 95.9, ips: 149.29317 samples/s, eta: 3:16:41, max_mem_reserved: 25002 MB, max_mem_allocated: 13654 MB
[2025/11/14 17:46:51] ppocr INFO: epoch: [3/20], global_step: 3200, lr: 0.000006, acc: 0.101562, norm_edit_dis: 0.770084, CTCLoss: 53.099216, NRTRLoss: 1.559602, loss: 54.630306, avg_reader_cost: 0.00295 s, avg_batch_cost: 0.64214 s, avg_samples: 89.5, ips: 139.37697 samples/s, eta: 3:16:35, max_mem_reserved: 25002 MB, max_mem_allocated: 13654 MB
[2025/11/14 17:47:23] ppocr INFO: cur metric, acc: 0.15459999984540002, norm_edit_dis: 0.7970341970685366, fps: 687.126795062364
[2025/11/14 17:47:26] ppocr INFO: save best model is to ./output/best_accuracy
[2025/11/14 17:47:26] ppocr INFO: best metric, acc: 0.15459999984540002, is_float16: False, norm_edit_dis: 0.7970341970685366, fps: 687.126795062364, best_epoch: 3
[2025/11/14 17:47:33] ppocr INFO: epoch: [3/20], global_step: 3210, lr: 0.000006, acc: 0.109375, norm_edit_dis: 0.757737, CTCLoss: 54.550991, NRTRLoss: 1.581387, loss: 56.100958, avg_reader_cost: 0.00306 s, avg_batch_cost: 0.66162 s, avg_samples: 104.4, ips: 157.79437 samples/s, eta: 3:16:30, max_mem_reserved: 25002 MB, max_mem_allocated: 13654 MB
[2025/11/14 17:47:40] ppocr INFO: epoch: [3/20], global_step: 3220, lr: 0.000006, acc: 0.101562, norm_edit_dis: 0.650533, CTCLoss: 78.411137, NRTRLoss: 1.678188, loss: 80.099873, avg_reader_cost: 0.00286 s, avg_batch_cost: 0.66296 s, avg_samples: 106.6, ips: 160.79381 samples/s, eta: 3:16:25, max_mem_reserved: 25002 MB, max_mem_allocated: 13654 MB
[2025/11/14 17:47:46] ppocr INFO: epoch: [3/20], global_step: 3230, lr: 0.000006, acc: 0.097840, norm_edit_dis: 0.768528, CTCLoss: 50.890013, NRTRLoss: 1.549389, loss: 52.421562, avg_reader_cost: 0.00285 s, avg_batch_cost: 0.60020 s, avg_samples: 85.2, ips: 141.95253 samples/s, eta: 3:16:17, max_mem_reserved: 25002 MB, max_mem_allocated: 13654 MB
[2025/11/14 17:47:52] ppocr INFO: epoch: [3/20], global_step: 3240, lr: 0.000006, acc: 0.097840, norm_edit_dis: 0.759959, CTCLoss: 51.602467, NRTRLoss: 1.571154, loss: 53.162472, avg_reader_cost: 0.00293 s, avg_batch_cost: 0.67383 s, avg_samples: 110.8, ips: 164.43398 samples/s, eta: 3:16:13, max_mem_reserved: 25002 MB, max_mem_allocated: 13654 MB
[2025/11/14 17:47:58] ppocr INFO: epoch: [3/20], global_step: 3250, lr: 0.000006, acc: 0.109605, norm_edit_dis: 0.759959, CTCLoss: 52.749763, NRTRLoss: 1.599082, loss: 54.317722, avg_reader_cost: 0.00286 s, avg_batch_cost: 0.61025 s, avg_samples: 89.5, ips: 146.66177 samples/s, eta: 3:16:05, max_mem_reserved: 25002 MB, max_mem_allocated: 13654 MB
[2025/11/14 17:48:04] ppocr INFO: epoch: [3/20], global_step: 3258, lr: 0.000006, acc: 0.125000, norm_edit_dis: 0.775546, CTCLoss: 50.771805, NRTRLoss: 1.569991, loss: 52.263607, avg_reader_cost: 0.00228 s, avg_batch_cost: 0.53099 s, avg_samples: 74.6, ips: 140.49347 samples/s, eta: 3:16:01, max_mem_reserved: 25002 MB, max_mem_allocated: 13654 MB
[2025/11/14 17:48:06] ppocr INFO: save model in ./output/latest
[2025/11/14 17:48:06] ppocr INFO: save model in ./output/iter_epoch_3
[2025/11/14 17:48:09] ppocr INFO: epoch: [4/20], global_step: 3260, lr: 0.000006, acc: 0.125000, norm_edit_dis: 0.775546, CTCLoss: 51.725250, NRTRLoss: 1.569094, loss: 53.222109, avg_reader_cost: 0.39817 s, avg_batch_cost: 0.52235 s, avg_samples: 19.2, ips: 36.75698 samples/s, eta: 3:16:22, max_mem_reserved: 25002 MB, max_mem_allocated: 13654 MB
[2025/11/14 17:48:15] ppocr INFO: epoch: [4/20], global_step: 3270, lr: 0.000006, acc: 0.132812, norm_edit_dis: 0.778668, CTCLoss: 51.948317, NRTRLoss: 1.569277, loss: 53.462679, avg_reader_cost: 0.00323 s, avg_batch_cost: 0.60666 s, avg_samples: 91.6, ips: 150.99006 samples/s, eta: 3:16:14, max_mem_reserved: 25002 MB, max_mem_allocated: 13654 MB
[2025/11/14 17:48:21] ppocr INFO: epoch: [4/20], global_step: 3280, lr: 0.000006, acc: 0.141176, norm_edit_dis: 0.769220, CTCLoss: 51.241653, NRTRLoss: 1.585361, loss: 52.793938, avg_reader_cost: 0.00287 s, avg_batch_cost: 0.60891 s, avg_samples: 91.6, ips: 150.43336 samples/s, eta: 3:16:06, max_mem_reserved: 25002 MB, max_mem_allocated: 13654 MB
[2025/11/14 17:48:27] ppocr INFO: epoch: [4/20], global_step: 3290, lr: 0.000006, acc: 0.152941, norm_edit_dis: 0.777063, CTCLoss: 49.176693, NRTRLoss: 1.564719, loss: 50.712202, avg_reader_cost: 0.00362 s, avg_batch_cost: 0.62083 s, avg_samples: 85.2, ips: 137.23560 samples/s, eta: 3:15:58, max_mem_reserved: 25002 MB, max_mem_allocated: 13654 MB
[2025/11/14 17:48:34] ppocr INFO: epoch: [4/20], global_step: 3300, lr: 0.000006, acc: 0.141176, norm_edit_dis: 0.788405, CTCLoss: 49.479671, NRTRLoss: 1.538960, loss: 51.001852, avg_reader_cost: 0.00295 s, avg_batch_cost: 0.63608 s, avg_samples: 89.4, ips: 140.54767 samples/s, eta: 3:15:52, max_mem_reserved: 25002 MB, max_mem_allocated: 13654 MB
[2025/11/14 17:49:06] ppocr INFO: cur metric, acc: 0.1845999998154, norm_edit_dis: 0.8103957640268165, fps: 691.80071052053
[2025/11/14 17:49:08] ppocr INFO: save best model is to ./output/best_accuracy
[2025/11/14 17:49:08] ppocr INFO: best metric, acc: 0.1845999998154, is_float16: False, norm_edit_dis: 0.8103957640268165, fps: 691.80071052053, best_epoch: 4
[2025/11/14 17:49:15] ppocr INFO: epoch: [4/20], global_step: 3310, lr: 0.000006, acc: 0.154596, norm_edit_dis: 0.780436, CTCLoss: 50.509268, NRTRLoss: 1.560438, loss: 52.089516, avg_reader_cost: 0.00295 s, avg_batch_cost: 0.61712 s, avg_samples: 89.5, ips: 145.02930 samples/s, eta: 3:15:44, max_mem_reserved: 25002 MB, max_mem_allocated: 13654 MB
[2025/11/14 17:49:21] ppocr INFO: epoch: [4/20], global_step: 3320, lr: 0.000006, acc: 0.136994, norm_edit_dis: 0.716218, CTCLoss: 64.492111, NRTRLoss: 1.628426, loss: 66.111294, avg_reader_cost: 0.00336 s, avg_batch_cost: 0.67462 s, avg_samples: 113.0, ips: 167.50117 samples/s, eta: 3:15:40, max_mem_reserved: 25002 MB, max_mem_allocated: 13654 MB
[2025/11/14 17:49:28] ppocr INFO: epoch: [4/20], global_step: 3330, lr: 0.000006, acc: 0.109375, norm_edit_dis: 0.674551, CTCLoss: 73.020527, NRTRLoss: 1.666250, loss: 74.728012, avg_reader_cost: 0.00283 s, avg_batch_cost: 0.64868 s, avg_samples: 100.2, ips: 154.46845 samples/s, eta: 3:15:34, max_mem_reserved: 25002 MB, max_mem_allocated: 13654 MB
[2025/11/14 17:49:34] ppocr INFO: epoch: [4/20], global_step: 3340, lr: 0.000006, acc: 0.123529, norm_edit_dis: 0.767655, CTCLoss: 50.472425, NRTRLoss: 1.586556, loss: 52.033951, avg_reader_cost: 0.00289 s, avg_batch_cost: 0.63061 s, avg_samples: 89.5, ips: 141.92719 samples/s, eta: 3:15:27, max_mem_reserved: 25002 MB, max_mem_allocated: 13654 MB
[2025/11/14 17:49:40] ppocr INFO: epoch: [4/20], global_step: 3350, lr: 0.000006, acc: 0.156250, norm_edit_dis: 0.789214, CTCLoss: 47.741079, NRTRLoss: 1.545774, loss: 49.252266, avg_reader_cost: 0.00279 s, avg_batch_cost: 0.59537 s, avg_samples: 80.9, ips: 135.88244 samples/s, eta: 3:15:19, max_mem_reserved: 25002 MB, max_mem_allocated: 13654 MB
[2025/11/14 17:49:47] ppocr INFO: epoch: [4/20], global_step: 3360, lr: 0.000006, acc: 0.158824, norm_edit_dis: 0.785808, CTCLoss: 46.756584, NRTRLoss: 1.547137, loss: 48.276493, avg_reader_cost: 0.00286 s, avg_batch_cost: 0.63674 s, avg_samples: 100.1, ips: 157.20642 samples/s, eta: 3:15:12, max_mem_reserved: 25002 MB, max_mem_allocated: 13654 MB
[2025/11/14 17:49:53] ppocr INFO: epoch: [4/20], global_step: 3370, lr: 0.000006, acc: 0.147059, norm_edit_dis: 0.782488, CTCLoss: 47.943611, NRTRLoss: 1.556965, loss: 49.498535, avg_reader_cost: 0.00296 s, avg_batch_cost: 0.63306 s, avg_samples: 89.5, ips: 141.37750 samples/s, eta: 3:15:06, max_mem_reserved: 25002 MB, max_mem_allocated: 13654 MB
[2025/11/14 17:49:59] ppocr INFO: epoch: [4/20], global_step: 3380, lr: 0.000006, acc: 0.121324, norm_edit_dis: 0.784084, CTCLoss: 47.988705, NRTRLoss: 1.546173, loss: 49.528028, avg_reader_cost: 0.00285 s, avg_batch_cost: 0.65136 s, avg_samples: 95.9, ips: 147.22993 samples/s, eta: 3:15:00, max_mem_reserved: 25002 MB, max_mem_allocated: 13654 MB
[2025/11/14 17:50:06] ppocr INFO: epoch: [4/20], global_step: 3390, lr: 0.000006, acc: 0.105469, norm_edit_dis: 0.722894, CTCLoss: 60.445673, NRTRLoss: 1.608989, loss: 62.034313, avg_reader_cost: 0.00335 s, avg_batch_cost: 0.67003 s, avg_samples: 102.4, ips: 152.83002 samples/s, eta: 3:14:55, max_mem_reserved: 25002 MB, max_mem_allocated: 13654 MB
[2025/11/14 17:50:12] ppocr INFO: epoch: [4/20], global_step: 3400, lr: 0.000006, acc: 0.117187, norm_edit_dis: 0.749012, CTCLoss: 59.742115, NRTRLoss: 1.595171, loss: 61.340534, avg_reader_cost: 0.00288 s, avg_batch_cost: 0.63659 s, avg_samples: 93.8, ips: 147.34823 samples/s, eta: 3:14:49, max_mem_reserved: 25002 MB, max_mem_allocated: 13654 MB
[2025/11/14 17:50:44] ppocr INFO: cur metric, acc: 0.1768999998231, norm_edit_dis: 0.8092918599432296, fps: 703.7919488076625
[2025/11/14 17:50:44] ppocr INFO: best metric, acc: 0.1845999998154, is_float16: False, norm_edit_dis: 0.8103957640268165, fps: 691.80071052053, best_epoch: 4
[2025/11/14 17:50:50] ppocr INFO: epoch: [4/20], global_step: 3410, lr: 0.000006, acc: 0.148437, norm_edit_dis: 0.769086, CTCLoss: 47.944498, NRTRLoss: 1.584413, loss: 49.497129, avg_reader_cost: 0.00303 s, avg_batch_cost: 0.65691 s, avg_samples: 100.2, ips: 152.53138 samples/s, eta: 3:14:43, max_mem_reserved: 25002 MB, max_mem_allocated: 13654 MB
[2025/11/14 17:50:56] ppocr INFO: epoch: [4/20], global_step: 3420, lr: 0.000006, acc: 0.181985, norm_edit_dis: 0.795976, CTCLoss: 45.306675, NRTRLoss: 1.537681, loss: 46.829231, avg_reader_cost: 0.00291 s, avg_batch_cost: 0.61248 s, avg_samples: 76.6, ips: 125.06561 samples/s, eta: 3:14:36, max_mem_reserved: 25002 MB, max_mem_allocated: 13654 MB
[2025/11/14 17:51:03] ppocr INFO: epoch: [4/20], global_step: 3430, lr: 0.000006, acc: 0.174173, norm_edit_dis: 0.804013, CTCLoss: 44.835907, NRTRLoss: 1.537681, loss: 46.358297, avg_reader_cost: 0.00286 s, avg_batch_cost: 0.64943 s, avg_samples: 98.0, ips: 150.90185 samples/s, eta: 3:14:30, max_mem_reserved: 25002 MB, max_mem_allocated: 13654 MB
[2025/11/14 17:51:09] ppocr INFO: epoch: [4/20], global_step: 3440, lr: 0.000006, acc: 0.141176, norm_edit_dis: 0.787275, CTCLoss: 46.008461, NRTRLoss: 1.562405, loss: 47.616896, avg_reader_cost: 0.00286 s, avg_batch_cost: 0.62744 s, avg_samples: 89.5, ips: 142.64343 samples/s, eta: 3:14:23, max_mem_reserved: 25002 MB, max_mem_allocated: 13654 MB
[2025/11/14 17:51:16] ppocr INFO: epoch: [4/20], global_step: 3450, lr: 0.000006, acc: 0.141176, norm_edit_dis: 0.795272, CTCLoss: 47.870462, NRTRLoss: 1.556475, loss: 49.433475, avg_reader_cost: 0.00303 s, avg_batch_cost: 0.67106 s, avg_samples: 95.9, ips: 142.90873 samples/s, eta: 3:14:18, max_mem_reserved: 25002 MB, max_mem_allocated: 13654 MB
[2025/11/14 17:51:22] ppocr INFO: epoch: [4/20], global_step: 3460, lr: 0.000006, acc: 0.146783, norm_edit_dis: 0.784382, CTCLoss: 47.870462, NRTRLoss: 1.556475, loss: 49.433475, avg_reader_cost: 0.00287 s, avg_batch_cost: 0.62245 s, avg_samples: 87.3, ips: 140.25190 samples/s, eta: 3:14:11, max_mem_reserved: 25002 MB, max_mem_allocated: 13654 MB
[2025/11/14 17:51:28] ppocr INFO: epoch: [4/20], global_step: 3470, lr: 0.000006, acc: 0.170588, norm_edit_dis: 0.788448, CTCLoss: 46.186718, NRTRLoss: 1.547451, loss: 47.765276, avg_reader_cost: 0.00287 s, avg_batch_cost: 0.58833 s, avg_samples: 78.8, ips: 133.93837 samples/s, eta: 3:14:02, max_mem_reserved: 25002 MB, max_mem_allocated: 13654 MB
[2025/11/14 17:51:35] ppocr INFO: epoch: [4/20], global_step: 3480, lr: 0.000006, acc: 0.187500, norm_edit_dis: 0.803091, CTCLoss: 44.473175, NRTRLoss: 1.557878, loss: 46.024834, avg_reader_cost: 0.00344 s, avg_batch_cost: 0.65494 s, avg_samples: 91.6, ips: 139.86119 samples/s, eta: 3:13:57, max_mem_reserved: 25002 MB, max_mem_allocated: 13654 MB
[2025/11/14 17:51:41] ppocr INFO: epoch: [4/20], global_step: 3490, lr: 0.000006, acc: 0.179687, norm_edit_dis: 0.803091, CTCLoss: 44.473175, NRTRLoss: 1.539309, loss: 46.024834, avg_reader_cost: 0.00331 s, avg_batch_cost: 0.63347 s, avg_samples: 87.3, ips: 137.81322 samples/s, eta: 3:13:50, max_mem_reserved: 25002 MB, max_mem_allocated: 13654 MB
[2025/11/14 17:51:47] ppocr INFO: epoch: [4/20], global_step: 3500, lr: 0.000006, acc: 0.168290, norm_edit_dis: 0.810659, CTCLoss: 44.593704, NRTRLoss: 1.531475, loss: 46.123293, avg_reader_cost: 0.00285 s, avg_batch_cost: 0.59585 s, avg_samples: 89.5, ips: 150.20550 samples/s, eta: 3:13:41, max_mem_reserved: 25002 MB, max_mem_allocated: 13654 MB
[2025/11/14 17:52:18] ppocr INFO: cur metric, acc: 0.21549999978450002, norm_edit_dis: 0.8252757774510356, fps: 706.5335041311274
[2025/11/14 17:52:21] ppocr INFO: save best model is to ./output/best_accuracy
[2025/11/14 17:52:21] ppocr INFO: best metric, acc: 0.21549999978450002, is_float16: False, norm_edit_dis: 0.8252757774510356, fps: 706.5335041311274, best_epoch: 4
[2025/11/14 17:52:27] ppocr INFO: epoch: [4/20], global_step: 3510, lr: 0.000006, acc: 0.154596, norm_edit_dis: 0.805439, CTCLoss: 44.252403, NRTRLoss: 1.540715, loss: 45.771532, avg_reader_cost: 0.00298 s, avg_batch_cost: 0.65743 s, avg_samples: 95.9, ips: 145.87098 samples/s, eta: 3:13:36, max_mem_reserved: 25002 MB, max_mem_allocated: 13654 MB
[2025/11/14 17:52:34] ppocr INFO: epoch: [4/20], global_step: 3520, lr: 0.000006, acc: 0.121094, norm_edit_dis: 0.677704, CTCLoss: 67.589302, NRTRLoss: 1.657819, loss: 69.259293, avg_reader_cost: 0.00292 s, avg_batch_cost: 0.66280 s, avg_samples: 113.0, ips: 170.48779 samples/s, eta: 3:13:31, max_mem_reserved: 25002 MB, max_mem_allocated: 13654 MB
[2025/11/14 17:52:40] ppocr INFO: epoch: [4/20], global_step: 3530, lr: 0.000006, acc: 0.135018, norm_edit_dis: 0.781011, CTCLoss: 45.015873, NRTRLoss: 1.562431, loss: 46.543346, avg_reader_cost: 0.00285 s, avg_batch_cost: 0.61513 s, avg_samples: 74.6, ips: 121.27492 samples/s, eta: 3:13:23, max_mem_reserved: 25002 MB, max_mem_allocated: 13654 MB
[2025/11/14 17:52:46] ppocr INFO: epoch: [4/20], global_step: 3540, lr: 0.000006, acc: 0.171875, norm_edit_dis: 0.792444, CTCLoss: 42.612814, NRTRLoss: 1.551978, loss: 44.140415, avg_reader_cost: 0.00278 s, avg_batch_cost: 0.59647 s, avg_samples: 83.1, ips: 139.31976 samples/s, eta: 3:13:15, max_mem_reserved: 25002 MB, max_mem_allocated: 13654 MB
[2025/11/14 17:52:53] ppocr INFO: epoch: [4/20], global_step: 3550, lr: 0.000006, acc: 0.187868, norm_edit_dis: 0.793041, CTCLoss: 42.384285, NRTRLoss: 1.567178, loss: 43.920572, avg_reader_cost: 0.00286 s, avg_batch_cost: 0.65225 s, avg_samples: 93.8, ips: 143.81092 samples/s, eta: 3:13:09, max_mem_reserved: 25002 MB, max_mem_allocated: 13654 MB
[2025/11/14 17:52:59] ppocr INFO: epoch: [4/20], global_step: 3560, lr: 0.000006, acc: 0.164062, norm_edit_dis: 0.775518, CTCLoss: 46.409027, NRTRLoss: 1.580562, loss: 47.925920, avg_reader_cost: 0.00284 s, avg_batch_cost: 0.64464 s, avg_samples: 104.4, ips: 161.95033 samples/s, eta: 3:13:03, max_mem_reserved: 25002 MB, max_mem_allocated: 13654 MB
[2025/11/14 17:53:06] ppocr INFO: epoch: [4/20], global_step: 3570, lr: 0.000006, acc: 0.170312, norm_edit_dis: 0.784497, CTCLoss: 43.475876, NRTRLoss: 1.561608, loss: 44.973560, avg_reader_cost: 0.00280 s, avg_batch_cost: 0.64141 s, avg_samples: 91.6, ips: 142.81049 samples/s, eta: 3:12:57, max_mem_reserved: 25002 MB, max_mem_allocated: 13654 MB
[2025/11/14 17:53:12] ppocr INFO: epoch: [4/20], global_step: 3580, lr: 0.000006, acc: 0.174173, norm_edit_dis: 0.810094, CTCLoss: 42.923321, NRTRLoss: 1.555165, loss: 44.431786, avg_reader_cost: 0.00289 s, avg_batch_cost: 0.66154 s, avg_samples: 100.2, ips: 151.46471 samples/s, eta: 3:12:52, max_mem_reserved: 25002 MB, max_mem_allocated: 13654 MB
[2025/11/14 17:53:18] ppocr INFO: epoch: [4/20], global_step: 3590, lr: 0.000006, acc: 0.156250, norm_edit_dis: 0.793443, CTCLoss: 42.416067, NRTRLoss: 1.554245, loss: 43.907040, avg_reader_cost: 0.00284 s, avg_batch_cost: 0.63171 s, avg_samples: 91.6, ips: 145.00332 samples/s, eta: 3:12:45, max_mem_reserved: 25002 MB, max_mem_allocated: 13654 MB
[2025/11/14 17:53:25] ppocr INFO: epoch: [4/20], global_step: 3600, lr: 0.000006, acc: 0.154596, norm_edit_dis: 0.777634, CTCLoss: 41.751997, NRTRLoss: 1.589469, loss: 43.276291, avg_reader_cost: 0.00281 s, avg_batch_cost: 0.64826 s, avg_samples: 93.8, ips: 144.69487 samples/s, eta: 3:12:39, max_mem_reserved: 25002 MB, max_mem_allocated: 13654 MB
[2025/11/14 17:53:56] ppocr INFO: cur metric, acc: 0.2242999997757, norm_edit_dis: 0.8276899946669739, fps: 691.2663622458404
[2025/11/14 17:53:59] ppocr INFO: save best model is to ./output/best_accuracy
[2025/11/14 17:53:59] ppocr INFO: best metric, acc: 0.2242999997757, is_float16: False, norm_edit_dis: 0.8276899946669739, fps: 691.2663622458404, best_epoch: 4
[2025/11/14 17:54:05] ppocr INFO: epoch: [4/20], global_step: 3610, lr: 0.000006, acc: 0.156250, norm_edit_dis: 0.787761, CTCLoss: 39.886396, NRTRLoss: 1.552977, loss: 41.486027, avg_reader_cost: 0.00288 s, avg_batch_cost: 0.61747 s, avg_samples: 85.2, ips: 137.98154 samples/s, eta: 3:12:32, max_mem_reserved: 25002 MB, max_mem_allocated: 13654 MB
[2025/11/14 17:54:11] ppocr INFO: epoch: [4/20], global_step: 3620, lr: 0.000006, acc: 0.193750, norm_edit_dis: 0.812284, CTCLoss: 38.639339, NRTRLoss: 1.512705, loss: 40.158932, avg_reader_cost: 0.00290 s, avg_batch_cost: 0.61230 s, avg_samples: 78.9, ips: 128.85929 samples/s, eta: 3:12:24, max_mem_reserved: 25002 MB, max_mem_allocated: 13654 MB
[2025/11/14 17:54:17] ppocr INFO: epoch: [4/20], global_step: 3630, lr: 0.000006, acc: 0.203125, norm_edit_dis: 0.807781, CTCLoss: 39.451967, NRTRLoss: 1.516682, loss: 40.964153, avg_reader_cost: 0.00284 s, avg_batch_cost: 0.57225 s, avg_samples: 81.0, ips: 141.54730 samples/s, eta: 3:12:15, max_mem_reserved: 25002 MB, max_mem_allocated: 13654 MB
[2025/11/14 17:54:24] ppocr INFO: epoch: [4/20], global_step: 3640, lr: 0.000006, acc: 0.203125, norm_edit_dis: 0.798686, CTCLoss: 39.973316, NRTRLoss: 1.527319, loss: 41.502789, avg_reader_cost: 0.00287 s, avg_batch_cost: 0.63842 s, avg_samples: 93.7, ips: 146.76953 samples/s, eta: 3:12:08, max_mem_reserved: 25002 MB, max_mem_allocated: 13654 MB
[2025/11/14 17:54:30] ppocr INFO: epoch: [4/20], global_step: 3650, lr: 0.000006, acc: 0.176471, norm_edit_dis: 0.798686, CTCLoss: 42.347376, NRTRLoss: 1.533548, loss: 43.860157, avg_reader_cost: 0.00290 s, avg_batch_cost: 0.63510 s, avg_samples: 98.0, ips: 154.30552 samples/s, eta: 3:12:02, max_mem_reserved: 25002 MB, max_mem_allocated: 13654 MB
[2025/11/14 17:54:36] ppocr INFO: epoch: [4/20], global_step: 3660, lr: 0.000006, acc: 0.209375, norm_edit_dis: 0.804117, CTCLoss: 41.908236, NRTRLoss: 1.537814, loss: 43.413538, avg_reader_cost: 0.00325 s, avg_batch_cost: 0.65591 s, avg_samples: 91.6, ips: 139.65371 samples/s, eta: 3:11:56, max_mem_reserved: 25002 MB, max_mem_allocated: 13654 MB
[2025/11/14 17:54:43] ppocr INFO: epoch: [4/20], global_step: 3670, lr: 0.000006, acc: 0.203125, norm_edit_dis: 0.798545, CTCLoss: 39.614223, NRTRLoss: 1.530783, loss: 41.206764, avg_reader_cost: 0.00285 s, avg_batch_cost: 0.61388 s, avg_samples: 89.5, ips: 145.79445 samples/s, eta: 3:11:49, max_mem_reserved: 25002 MB, max_mem_allocated: 13654 MB
[2025/11/14 17:54:49] ppocr INFO: epoch: [4/20], global_step: 3680, lr: 0.000006, acc: 0.215257, norm_edit_dis: 0.798448, CTCLoss: 39.149607, NRTRLoss: 1.530196, loss: 40.646486, avg_reader_cost: 0.00288 s, avg_batch_cost: 0.59783 s, avg_samples: 85.2, ips: 142.51570 samples/s, eta: 3:11:40, max_mem_reserved: 25002 MB, max_mem_allocated: 13654 MB
[2025/11/14 17:54:55] ppocr INFO: epoch: [4/20], global_step: 3690, lr: 0.000006, acc: 0.200000, norm_edit_dis: 0.804969, CTCLoss: 38.841219, NRTRLoss: 1.532222, loss: 40.340958, avg_reader_cost: 0.00295 s, avg_batch_cost: 0.61226 s, avg_samples: 81.0, ips: 132.29578 samples/s, eta: 3:11:33, max_mem_reserved: 25002 MB, max_mem_allocated: 13654 MB
[2025/11/14 17:55:01] ppocr INFO: epoch: [4/20], global_step: 3700, lr: 0.000006, acc: 0.199632, norm_edit_dis: 0.806624, CTCLoss: 39.726501, NRTRLoss: 1.535718, loss: 41.266621, avg_reader_cost: 0.00284 s, avg_batch_cost: 0.62331 s, avg_samples: 95.9, ips: 153.85588 samples/s, eta: 3:11:26, max_mem_reserved: 25002 MB, max_mem_allocated: 13654 MB
[2025/11/14 17:55:33] ppocr INFO: cur metric, acc: 0.2435999997564, norm_edit_dis: 0.8368667103012671, fps: 699.6790717636534
[2025/11/14 17:55:35] ppocr INFO: save best model is to ./output/best_accuracy
[2025/11/14 17:55:35] ppocr INFO: best metric, acc: 0.2435999997564, is_float16: False, norm_edit_dis: 0.8368667103012671, fps: 699.6790717636534, best_epoch: 4
[2025/11/14 17:55:42] ppocr INFO: epoch: [4/20], global_step: 3710, lr: 0.000006, acc: 0.221140, norm_edit_dis: 0.811304, CTCLoss: 39.108904, NRTRLoss: 1.563718, loss: 40.657354, avg_reader_cost: 0.00357 s, avg_batch_cost: 0.65824 s, avg_samples: 87.4, ips: 132.77814 samples/s, eta: 3:11:20, max_mem_reserved: 25002 MB, max_mem_allocated: 13654 MB
[2025/11/14 17:55:48] ppocr INFO: epoch: [4/20], global_step: 3720, lr: 0.000006, acc: 0.228952, norm_edit_dis: 0.820645, CTCLoss: 37.782310, NRTRLoss: 1.537122, loss: 39.335711, avg_reader_cost: 0.00290 s, avg_batch_cost: 0.59068 s, avg_samples: 81.0, ips: 137.12973 samples/s, eta: 3:11:12, max_mem_reserved: 25002 MB, max_mem_allocated: 13654 MB
[2025/11/14 17:55:54] ppocr INFO: epoch: [4/20], global_step: 3730, lr: 0.000006, acc: 0.213327, norm_edit_dis: 0.817602, CTCLoss: 37.096806, NRTRLoss: 1.537122, loss: 38.595188, avg_reader_cost: 0.00331 s, avg_batch_cost: 0.63381 s, avg_samples: 91.6, ips: 144.52225 samples/s, eta: 3:11:05, max_mem_reserved: 25002 MB, max_mem_allocated: 13654 MB
[2025/11/14 17:56:01] ppocr INFO: epoch: [4/20], global_step: 3740, lr: 0.000006, acc: 0.195680, norm_edit_dis: 0.794610, CTCLoss: 37.826553, NRTRLoss: 1.558669, loss: 39.322014, avg_reader_cost: 0.00289 s, avg_batch_cost: 0.63986 s, avg_samples: 98.1, ips: 153.31507 samples/s, eta: 3:10:59, max_mem_reserved: 25002 MB, max_mem_allocated: 13654 MB
[2025/11/14 17:56:07] ppocr INFO: epoch: [4/20], global_step: 3750, lr: 0.000006, acc: 0.226562, norm_edit_dis: 0.814464, CTCLoss: 38.117517, NRTRLoss: 1.541427, loss: 39.600065, avg_reader_cost: 0.00292 s, avg_batch_cost: 0.64926 s, avg_samples: 87.3, ips: 134.45986 samples/s, eta: 3:10:53, max_mem_reserved: 25002 MB, max_mem_allocated: 13654 MB
[2025/11/14 17:56:14] ppocr INFO: epoch: [4/20], global_step: 3760, lr: 0.000006, acc: 0.205882, norm_edit_dis: 0.814464, CTCLoss: 37.954458, NRTRLoss: 1.535813, loss: 39.466463, avg_reader_cost: 0.00324 s, avg_batch_cost: 0.64262 s, avg_samples: 100.1, ips: 155.76918 samples/s, eta: 3:10:47, max_mem_reserved: 25002 MB, max_mem_allocated: 13654 MB
[2025/11/14 17:56:20] ppocr INFO: epoch: [4/20], global_step: 3770, lr: 0.000006, acc: 0.200000, norm_edit_dis: 0.787965, CTCLoss: 39.382303, NRTRLoss: 1.568053, loss: 40.915115, avg_reader_cost: 0.00284 s, avg_batch_cost: 0.63840 s, avg_samples: 95.9, ips: 150.22026 samples/s, eta: 3:10:41, max_mem_reserved: 25002 MB, max_mem_allocated: 13654 MB
[2025/11/14 17:56:26] ppocr INFO: epoch: [4/20], global_step: 3780, lr: 0.000006, acc: 0.201562, norm_edit_dis: 0.791401, CTCLoss: 39.572041, NRTRLoss: 1.567699, loss: 41.122509, avg_reader_cost: 0.00286 s, avg_batch_cost: 0.63744 s, avg_samples: 89.5, ips: 140.40457 samples/s, eta: 3:10:34, max_mem_reserved: 25002 MB, max_mem_allocated: 13654 MB
[2025/11/14 17:56:33] ppocr INFO: epoch: [4/20], global_step: 3790, lr: 0.000006, acc: 0.203125, norm_edit_dis: 0.813872, CTCLoss: 37.571020, NRTRLoss: 1.518351, loss: 39.113382, avg_reader_cost: 0.00288 s, avg_batch_cost: 0.62420 s, avg_samples: 87.3, ips: 139.85925 samples/s, eta: 3:10:27, max_mem_reserved: 25002 MB, max_mem_allocated: 13654 MB
[2025/11/14 17:56:39] ppocr INFO: epoch: [4/20], global_step: 3800, lr: 0.000006, acc: 0.207445, norm_edit_dis: 0.808048, CTCLoss: 36.949728, NRTRLoss: 1.521100, loss: 38.469780, avg_reader_cost: 0.00282 s, avg_batch_cost: 0.61701 s, avg_samples: 87.4, ips: 141.65185 samples/s, eta: 3:10:20, max_mem_reserved: 25002 MB, max_mem_allocated: 13654 MB
[2025/11/14 17:57:10] ppocr INFO: cur metric, acc: 0.2531999997468, norm_edit_dis: 0.840790662103353, fps: 685.4090055006377
[2025/11/14 17:57:13] ppocr INFO: save best model is to ./output/best_accuracy
[2025/11/14 17:57:13] ppocr INFO: best metric, acc: 0.2531999997468, is_float16: False, norm_edit_dis: 0.840790662103353, fps: 685.4090055006377, best_epoch: 4
[2025/11/14 17:57:20] ppocr INFO: epoch: [4/20], global_step: 3810, lr: 0.000006, acc: 0.200000, norm_edit_dis: 0.806112, CTCLoss: 38.041332, NRTRLoss: 1.532853, loss: 39.555061, avg_reader_cost: 0.00294 s, avg_batch_cost: 0.67967 s, avg_samples: 100.1, ips: 147.27662 samples/s, eta: 3:10:16, max_mem_reserved: 25002 MB, max_mem_allocated: 13654 MB
[2025/11/14 17:57:26] ppocr INFO: epoch: [4/20], global_step: 3820, lr: 0.000006, acc: 0.180055, norm_edit_dis: 0.807275, CTCLoss: 38.210052, NRTRLoss: 1.520955, loss: 39.725128, avg_reader_cost: 0.00286 s, avg_batch_cost: 0.61722 s, avg_samples: 89.5, ips: 145.00393 samples/s, eta: 3:10:08, max_mem_reserved: 25002 MB, max_mem_allocated: 13654 MB
[2025/11/14 17:57:32] ppocr INFO: epoch: [4/20], global_step: 3830, lr: 0.000006, acc: 0.180055, norm_edit_dis: 0.806375, CTCLoss: 38.210052, NRTRLoss: 1.517696, loss: 39.725128, avg_reader_cost: 0.00289 s, avg_batch_cost: 0.63585 s, avg_samples: 91.6, ips: 144.05886 samples/s, eta: 3:10:02, max_mem_reserved: 25002 MB, max_mem_allocated: 13654 MB
[2025/11/14 17:57:39] ppocr INFO: epoch: [4/20], global_step: 3840, lr: 0.000006, acc: 0.207445, norm_edit_dis: 0.811004, CTCLoss: 37.407675, NRTRLoss: 1.521325, loss: 38.889822, avg_reader_cost: 0.00288 s, avg_batch_cost: 0.65225 s, avg_samples: 100.1, ips: 153.46907 samples/s, eta: 3:09:56, max_mem_reserved: 25002 MB, max_mem_allocated: 13654 MB
[2025/11/14 17:57:45] ppocr INFO: epoch: [4/20], global_step: 3850, lr: 0.000006, acc: 0.195312, norm_edit_dis: 0.807545, CTCLoss: 36.892872, NRTRLoss: 1.526102, loss: 38.392550, avg_reader_cost: 0.00288 s, avg_batch_cost: 0.66130 s, avg_samples: 102.3, ips: 154.69582 samples/s, eta: 3:09:51, max_mem_reserved: 25002 MB, max_mem_allocated: 13654 MB
[2025/11/14 17:57:51] ppocr INFO: epoch: [4/20], global_step: 3860, lr: 0.000006, acc: 0.205882, norm_edit_dis: 0.813984, CTCLoss: 36.448818, NRTRLoss: 1.511339, loss: 37.950615, avg_reader_cost: 0.00291 s, avg_batch_cost: 0.58529 s, avg_samples: 80.9, ips: 138.22233 samples/s, eta: 3:09:42, max_mem_reserved: 25002 MB, max_mem_allocated: 13654 MB
[2025/11/14 17:57:58] ppocr INFO: epoch: [4/20], global_step: 3870, lr: 0.000006, acc: 0.200000, norm_edit_dis: 0.817343, CTCLoss: 36.448818, NRTRLoss: 1.544326, loss: 37.950615, avg_reader_cost: 0.00292 s, avg_batch_cost: 0.65990 s, avg_samples: 113.0, ips: 171.23772 samples/s, eta: 3:09:37, max_mem_reserved: 25002 MB, max_mem_allocated: 13654 MB
[2025/11/14 17:58:04] ppocr INFO: epoch: [4/20], global_step: 3880, lr: 0.000006, acc: 0.125000, norm_edit_dis: 0.685540, CTCLoss: 58.823765, NRTRLoss: 1.635133, loss: 60.485168, avg_reader_cost: 0.00286 s, avg_batch_cost: 0.62737 s, avg_samples: 95.9, ips: 152.86038 samples/s, eta: 3:09:30, max_mem_reserved: 25002 MB, max_mem_allocated: 13654 MB
[2025/11/14 17:58:10] ppocr INFO: epoch: [4/20], global_step: 3890, lr: 0.000006, acc: 0.207445, norm_edit_dis: 0.787783, CTCLoss: 36.077402, NRTRLoss: 1.548951, loss: 37.601133, avg_reader_cost: 0.00287 s, avg_batch_cost: 0.64511 s, avg_samples: 95.9, ips: 148.65773 samples/s, eta: 3:09:24, max_mem_reserved: 25002 MB, max_mem_allocated: 13654 MB
[2025/11/14 17:58:17] ppocr INFO: epoch: [4/20], global_step: 3900, lr: 0.000006, acc: 0.203125, norm_edit_dis: 0.800913, CTCLoss: 34.851664, NRTRLoss: 1.529154, loss: 36.351498, avg_reader_cost: 0.00285 s, avg_batch_cost: 0.62358 s, avg_samples: 87.3, ips: 139.99782 samples/s, eta: 3:09:17, max_mem_reserved: 25002 MB, max_mem_allocated: 13654 MB
[2025/11/14 17:58:48] ppocr INFO: cur metric, acc: 0.2665999997334, norm_edit_dis: 0.8450961412863234, fps: 720.5519612074971
[2025/11/14 17:58:50] ppocr INFO: save best model is to ./output/best_accuracy
[2025/11/14 17:58:50] ppocr INFO: best metric, acc: 0.2665999997334, is_float16: False, norm_edit_dis: 0.8450961412863234, fps: 720.5519612074971, best_epoch: 4
[2025/11/14 17:58:56] ppocr INFO: epoch: [4/20], global_step: 3910, lr: 0.000006, acc: 0.217647, norm_edit_dis: 0.817321, CTCLoss: 34.353956, NRTRLoss: 1.521786, loss: 35.851881, avg_reader_cost: 0.00283 s, avg_batch_cost: 0.63001 s, avg_samples: 93.7, ips: 148.72781 samples/s, eta: 3:09:10, max_mem_reserved: 25002 MB, max_mem_allocated: 13654 MB
[2025/11/14 17:59:03] ppocr INFO: epoch: [4/20], global_step: 3920, lr: 0.000006, acc: 0.223529, norm_edit_dis: 0.803541, CTCLoss: 35.877514, NRTRLoss: 1.545801, loss: 37.426157, avg_reader_cost: 0.00285 s, avg_batch_cost: 0.64746 s, avg_samples: 95.8, ips: 147.96240 samples/s, eta: 3:09:04, max_mem_reserved: 25002 MB, max_mem_allocated: 13654 MB
[2025/11/14 17:59:09] ppocr INFO: epoch: [4/20], global_step: 3930, lr: 0.000006, acc: 0.221140, norm_edit_dis: 0.803541, CTCLoss: 37.878206, NRTRLoss: 1.541017, loss: 39.364582, avg_reader_cost: 0.00288 s, avg_batch_cost: 0.64391 s, avg_samples: 93.8, ips: 145.67272 samples/s, eta: 3:08:58, max_mem_reserved: 25002 MB, max_mem_allocated: 13654 MB
[2025/11/14 17:59:16] ppocr INFO: epoch: [4/20], global_step: 3940, lr: 0.000006, acc: 0.218750, norm_edit_dis: 0.798969, CTCLoss: 37.003847, NRTRLoss: 1.545401, loss: 38.513769, avg_reader_cost: 0.00289 s, avg_batch_cost: 0.63610 s, avg_samples: 85.3, ips: 134.09829 samples/s, eta: 3:08:52, max_mem_reserved: 25002 MB, max_mem_allocated: 13654 MB
[2025/11/14 17:59:22] ppocr INFO: epoch: [4/20], global_step: 3950, lr: 0.000006, acc: 0.210937, norm_edit_dis: 0.791710, CTCLoss: 35.608675, NRTRLoss: 1.546299, loss: 37.124029, avg_reader_cost: 0.00283 s, avg_batch_cost: 0.64800 s, avg_samples: 95.9, ips: 147.99331 samples/s, eta: 3:08:46, max_mem_reserved: 25002 MB, max_mem_allocated: 13654 MB
[2025/11/14 17:59:29] ppocr INFO: epoch: [4/20], global_step: 3960, lr: 0.000006, acc: 0.187868, norm_edit_dis: 0.763685, CTCLoss: 45.296162, NRTRLoss: 1.561295, loss: 46.828230, avg_reader_cost: 0.00281 s, avg_batch_cost: 0.66490 s, avg_samples: 106.6, ips: 160.32412 samples/s, eta: 3:08:41, max_mem_reserved: 25002 MB, max_mem_allocated: 13654 MB
[2025/11/14 17:59:35] ppocr INFO: epoch: [4/20], global_step: 3970, lr: 0.000006, acc: 0.183961, norm_edit_dis: 0.741186, CTCLoss: 47.064402, NRTRLoss: 1.593499, loss: 48.680204, avg_reader_cost: 0.00291 s, avg_batch_cost: 0.64849 s, avg_samples: 100.1, ips: 154.35866 samples/s, eta: 3:08:35, max_mem_reserved: 25002 MB, max_mem_allocated: 13654 MB
[2025/11/14 17:59:41] ppocr INFO: epoch: [4/20], global_step: 3980, lr: 0.000006, acc: 0.223070, norm_edit_dis: 0.811242, CTCLoss: 34.305328, NRTRLoss: 1.537701, loss: 35.802546, avg_reader_cost: 0.00285 s, avg_batch_cost: 0.59721 s, avg_samples: 80.9, ips: 135.46360 samples/s, eta: 3:08:27, max_mem_reserved: 25002 MB, max_mem_allocated: 13654 MB
[2025/11/14 17:59:47] ppocr INFO: epoch: [4/20], global_step: 3990, lr: 0.000006, acc: 0.221140, norm_edit_dis: 0.815379, CTCLoss: 36.185062, NRTRLoss: 1.526426, loss: 37.681990, avg_reader_cost: 0.00284 s, avg_batch_cost: 0.59008 s, avg_samples: 91.6, ips: 155.23329 samples/s, eta: 3:08:18, max_mem_reserved: 25002 MB, max_mem_allocated: 13654 MB
[2025/11/14 17:59:54] ppocr INFO: epoch: [4/20], global_step: 4000, lr: 0.000006, acc: 0.218750, norm_edit_dis: 0.797653, CTCLoss: 36.185062, NRTRLoss: 1.540098, loss: 37.681990, avg_reader_cost: 0.00291 s, avg_batch_cost: 0.64228 s, avg_samples: 93.8, ips: 146.04223 samples/s, eta: 3:08:12, max_mem_reserved: 25002 MB, max_mem_allocated: 13654 MB
[2025/11/14 18:00:23] ppocr INFO: cur metric, acc: 0.2624999997375, norm_edit_dis: 0.8441046797793866, fps: 864.8349769505398
[2025/11/14 18:00:23] ppocr INFO: best metric, acc: 0.2665999997334, is_float16: False, norm_edit_dis: 0.8450961412863234, fps: 720.5519612074971, best_epoch: 4
[2025/11/14 18:00:27] ppocr INFO: epoch: [4/20], global_step: 4010, lr: 0.000006, acc: 0.218750, norm_edit_dis: 0.812192, CTCLoss: 34.648130, NRTRLoss: 1.539644, loss: 36.197470, avg_reader_cost: 0.00292 s, avg_batch_cost: 0.48032 s, avg_samples: 87.4, ips: 181.96221 samples/s, eta: 3:07:59, max_mem_reserved: 25002 MB, max_mem_allocated: 13654 MB
[2025/11/14 18:00:31] ppocr INFO: epoch: [4/20], global_step: 4020, lr: 0.000006, acc: 0.257812, norm_edit_dis: 0.820906, CTCLoss: 33.156693, NRTRLoss: 1.514973, loss: 34.639486, avg_reader_cost: 0.00284 s, avg_batch_cost: 0.41049 s, avg_samples: 70.3, ips: 171.26055 samples/s, eta: 3:07:42, max_mem_reserved: 25002 MB, max_mem_allocated: 13654 MB
[2025/11/14 18:00:36] ppocr INFO: epoch: [4/20], global_step: 4030, lr: 0.000006, acc: 0.227022, norm_edit_dis: 0.817673, CTCLoss: 33.998875, NRTRLoss: 1.514669, loss: 35.539688, avg_reader_cost: 0.00283 s, avg_batch_cost: 0.47552 s, avg_samples: 98.1, ips: 206.30151 samples/s, eta: 3:07:29, max_mem_reserved: 25002 MB, max_mem_allocated: 13654 MB
[2025/11/14 18:00:41] ppocr INFO: epoch: [4/20], global_step: 4040, lr: 0.000006, acc: 0.152344, norm_edit_dis: 0.693594, CTCLoss: 52.110046, NRTRLoss: 1.584719, loss: 53.737120, avg_reader_cost: 0.00351 s, avg_batch_cost: 0.50215 s, avg_samples: 108.7, ips: 216.47030 samples/s, eta: 3:07:17, max_mem_reserved: 25002 MB, max_mem_allocated: 13654 MB
[2025/11/14 18:00:46] ppocr INFO: epoch: [4/20], global_step: 4050, lr: 0.000006, acc: 0.211765, norm_edit_dis: 0.807315, CTCLoss: 33.911158, NRTRLoss: 1.547016, loss: 35.411808, avg_reader_cost: 0.00283 s, avg_batch_cost: 0.44022 s, avg_samples: 85.1, ips: 193.31435 samples/s, eta: 3:07:02, max_mem_reserved: 25002 MB, max_mem_allocated: 13654 MB
[2025/11/14 18:00:50] ppocr INFO: epoch: [4/20], global_step: 4060, lr: 0.000006, acc: 0.235294, norm_edit_dis: 0.818016, CTCLoss: 33.651579, NRTRLoss: 1.522577, loss: 35.120882, avg_reader_cost: 0.00283 s, avg_batch_cost: 0.45284 s, avg_samples: 89.5, ips: 197.64344 samples/s, eta: 3:06:48, max_mem_reserved: 25002 MB, max_mem_allocated: 13654 MB
[2025/11/14 18:00:55] ppocr INFO: epoch: [4/20], global_step: 4070, lr: 0.000006, acc: 0.187868, norm_edit_dis: 0.817693, CTCLoss: 34.241747, NRTRLoss: 1.523733, loss: 35.720572, avg_reader_cost: 0.00284 s, avg_batch_cost: 0.47854 s, avg_samples: 100.2, ips: 209.38509 samples/s, eta: 3:06:35, max_mem_reserved: 25002 MB, max_mem_allocated: 13654 MB
[2025/11/14 18:01:00] ppocr INFO: epoch: [4/20], global_step: 4080, lr: 0.000006, acc: 0.158548, norm_edit_dis: 0.803220, CTCLoss: 36.558903, NRTRLoss: 1.544011, loss: 38.035172, avg_reader_cost: 0.00288 s, avg_batch_cost: 0.46731 s, avg_samples: 93.8, ips: 200.72466 samples/s, eta: 3:06:21, max_mem_reserved: 25002 MB, max_mem_allocated: 13654 MB
[2025/11/14 18:01:04] ppocr INFO: epoch: [4/20], global_step: 4090, lr: 0.000006, acc: 0.191406, norm_edit_dis: 0.816416, CTCLoss: 37.288937, NRTRLoss: 1.510387, loss: 38.776285, avg_reader_cost: 0.00318 s, avg_batch_cost: 0.47125 s, avg_samples: 95.9, ips: 203.50182 samples/s, eta: 3:06:08, max_mem_reserved: 25002 MB, max_mem_allocated: 13654 MB
[2025/11/14 18:01:09] ppocr INFO: epoch: [4/20], global_step: 4100, lr: 0.000006, acc: 0.219210, norm_edit_dis: 0.812266, CTCLoss: 35.241360, NRTRLoss: 1.511826, loss: 36.758400, avg_reader_cost: 0.00285 s, avg_batch_cost: 0.47907 s, avg_samples: 100.1, ips: 208.94725 samples/s, eta: 3:05:55, max_mem_reserved: 25002 MB, max_mem_allocated: 13654 MB
[2025/11/14 18:01:37] ppocr INFO: cur metric, acc: 0.2621999997378, norm_edit_dis: 0.8448407106038912, fps: 920.997735836064
[2025/11/14 18:01:37] ppocr INFO: best metric, acc: 0.2665999997334, is_float16: False, norm_edit_dis: 0.8450961412863234, fps: 720.5519612074971, best_epoch: 4
[2025/11/14 18:01:41] ppocr INFO: epoch: [4/20], global_step: 4110, lr: 0.000006, acc: 0.247059, norm_edit_dis: 0.812397, CTCLoss: 33.337030, NRTRLoss: 1.518322, loss: 34.840286, avg_reader_cost: 0.00296 s, avg_batch_cost: 0.46474 s, avg_samples: 87.3, ips: 187.84530 samples/s, eta: 3:05:41, max_mem_reserved: 25002 MB, max_mem_allocated: 13654 MB
[2025/11/14 18:01:46] ppocr INFO: epoch: [4/20], global_step: 4120, lr: 0.000006, acc: 0.252941, norm_edit_dis: 0.819565, CTCLoss: 33.221558, NRTRLoss: 1.513466, loss: 34.706465, avg_reader_cost: 0.00288 s, avg_batch_cost: 0.47546 s, avg_samples: 95.9, ips: 201.69884 samples/s, eta: 3:05:28, max_mem_reserved: 25002 MB, max_mem_allocated: 13654 MB
[2025/11/14 18:01:51] ppocr INFO: epoch: [4/20], global_step: 4130, lr: 0.000006, acc: 0.195680, norm_edit_dis: 0.816750, CTCLoss: 34.918493, NRTRLoss: 1.517105, loss: 36.413334, avg_reader_cost: 0.00335 s, avg_batch_cost: 0.49838 s, avg_samples: 104.4, ips: 209.47932 samples/s, eta: 3:05:16, max_mem_reserved: 25002 MB, max_mem_allocated: 13654 MB
[2025/11/14 18:01:56] ppocr INFO: epoch: [4/20], global_step: 4140, lr: 0.000006, acc: 0.195312, norm_edit_dis: 0.814361, CTCLoss: 35.886618, NRTRLoss: 1.517105, loss: 37.370100, avg_reader_cost: 0.00286 s, avg_batch_cost: 0.47062 s, avg_samples: 93.8, ips: 199.31081 samples/s, eta: 3:05:03, max_mem_reserved: 25002 MB, max_mem_allocated: 13654 MB
[2025/11/14 18:02:00] ppocr INFO: epoch: [4/20], global_step: 4150, lr: 0.000006, acc: 0.248529, norm_edit_dis: 0.823693, CTCLoss: 31.393335, NRTRLoss: 1.492287, loss: 32.862129, avg_reader_cost: 0.00286 s, avg_batch_cost: 0.44651 s, avg_samples: 83.1, ips: 186.10975 samples/s, eta: 3:04:49, max_mem_reserved: 25002 MB, max_mem_allocated: 13654 MB
[2025/11/14 18:02:05] ppocr INFO: epoch: [4/20], global_step: 4160, lr: 0.000006, acc: 0.247059, norm_edit_dis: 0.821208, CTCLoss: 32.043808, NRTRLoss: 1.507408, loss: 33.555813, avg_reader_cost: 0.00286 s, avg_batch_cost: 0.46838 s, avg_samples: 93.7, ips: 200.05096 samples/s, eta: 3:04:36, max_mem_reserved: 25002 MB, max_mem_allocated: 13654 MB
[2025/11/14 18:02:10] ppocr INFO: epoch: [4/20], global_step: 4170, lr: 0.000006, acc: 0.218750, norm_edit_dis: 0.815574, CTCLoss: 32.363626, NRTRLoss: 1.525768, loss: 33.897009, avg_reader_cost: 0.00286 s, avg_batch_cost: 0.47481 s, avg_samples: 95.9, ips: 201.97714 samples/s, eta: 3:04:23, max_mem_reserved: 25002 MB, max_mem_allocated: 13654 MB
[2025/11/14 18:02:15] ppocr INFO: epoch: [4/20], global_step: 4180, lr: 0.000006, acc: 0.195312, norm_edit_dis: 0.751415, CTCLoss: 43.503277, NRTRLoss: 1.547906, loss: 45.050964, avg_reader_cost: 0.00285 s, avg_batch_cost: 0.49938 s, avg_samples: 106.6, ips: 213.46588 samples/s, eta: 3:04:11, max_mem_reserved: 25002 MB, max_mem_allocated: 13654 MB
[2025/11/14 18:02:19] ppocr INFO: epoch: [4/20], global_step: 4190, lr: 0.000006, acc: 0.197610, norm_edit_dis: 0.795300, CTCLoss: 34.279516, NRTRLoss: 1.505559, loss: 35.772619, avg_reader_cost: 0.00334 s, avg_batch_cost: 0.44922 s, avg_samples: 85.2, ips: 189.66068 samples/s, eta: 3:03:57, max_mem_reserved: 25002 MB, max_mem_allocated: 13654 MB
[2025/11/14 18:02:24] ppocr INFO: epoch: [4/20], global_step: 4200, lr: 0.000006, acc: 0.221140, norm_edit_dis: 0.824822, CTCLoss: 32.181850, NRTRLoss: 1.487380, loss: 33.667847, avg_reader_cost: 0.00328 s, avg_batch_cost: 0.47661 s, avg_samples: 95.9, ips: 201.21320 samples/s, eta: 3:03:44, max_mem_reserved: 25002 MB, max_mem_allocated: 13654 MB
[2025/11/14 18:02:52] ppocr INFO: cur metric, acc: 0.2658999997341, norm_edit_dis: 0.8469353437895718, fps: 922.0264822688737
[2025/11/14 18:02:52] ppocr INFO: best metric, acc: 0.2665999997334, is_float16: False, norm_edit_dis: 0.8450961412863234, fps: 720.5519612074971, best_epoch: 4
[2025/11/14 18:02:56] ppocr INFO: epoch: [4/20], global_step: 4210, lr: 0.000006, acc: 0.172243, norm_edit_dis: 0.804080, CTCLoss: 35.781887, NRTRLoss: 1.556554, loss: 37.254080, avg_reader_cost: 0.00304 s, avg_batch_cost: 0.48877 s, avg_samples: 102.3, ips: 209.30246 samples/s, eta: 3:03:32, max_mem_reserved: 25002 MB, max_mem_allocated: 13654 MB
[2025/11/14 18:03:01] ppocr INFO: epoch: [4/20], global_step: 4220, lr: 0.000006, acc: 0.211305, norm_edit_dis: 0.829804, CTCLoss: 32.003261, NRTRLoss: 1.495180, loss: 33.449738, avg_reader_cost: 0.00318 s, avg_batch_cost: 0.45190 s, avg_samples: 85.2, ips: 188.53567 samples/s, eta: 3:03:19, max_mem_reserved: 25002 MB, max_mem_allocated: 13654 MB
[2025/11/14 18:03:05] ppocr INFO: epoch: [4/20], global_step: 4230, lr: 0.000006, acc: 0.248529, norm_edit_dis: 0.843036, CTCLoss: 31.182806, NRTRLoss: 1.484133, loss: 32.699692, avg_reader_cost: 0.00282 s, avg_batch_cost: 0.44593 s, avg_samples: 85.2, ips: 191.05942 samples/s, eta: 3:03:05, max_mem_reserved: 25002 MB, max_mem_allocated: 13654 MB
[2025/11/14 18:03:10] ppocr INFO: epoch: [4/20], global_step: 4240, lr: 0.000006, acc: 0.281250, norm_edit_dis: 0.829439, CTCLoss: 29.877622, NRTRLoss: 1.504130, loss: 31.377244, avg_reader_cost: 0.00281 s, avg_batch_cost: 0.41649 s, avg_samples: 72.4, ips: 173.83318 samples/s, eta: 3:02:50, max_mem_reserved: 25002 MB, max_mem_allocated: 13654 MB
[2025/11/14 18:03:14] ppocr INFO: epoch: [4/20], global_step: 4250, lr: 0.000006, acc: 0.265625, norm_edit_dis: 0.827931, CTCLoss: 29.701365, NRTRLoss: 1.501315, loss: 31.242987, avg_reader_cost: 0.00285 s, avg_batch_cost: 0.45916 s, avg_samples: 89.5, ips: 194.92205 samples/s, eta: 3:02:37, max_mem_reserved: 25002 MB, max_mem_allocated: 13654 MB
[2025/11/14 18:03:19] ppocr INFO: epoch: [4/20], global_step: 4260, lr: 0.000006, acc: 0.226562, norm_edit_dis: 0.825449, CTCLoss: 30.886785, NRTRLoss: 1.497587, loss: 32.360445, avg_reader_cost: 0.00317 s, avg_batch_cost: 0.48108 s, avg_samples: 98.0, ips: 203.71027 samples/s, eta: 3:02:24, max_mem_reserved: 25002 MB, max_mem_allocated: 13654 MB
[2025/11/14 18:03:23] ppocr INFO: epoch: [4/20], global_step: 4270, lr: 0.000006, acc: 0.234375, norm_edit_dis: 0.811780, CTCLoss: 29.558084, NRTRLoss: 1.523338, loss: 31.078709, avg_reader_cost: 0.00316 s, avg_batch_cost: 0.44194 s, avg_samples: 81.0, ips: 183.28252 samples/s, eta: 3:02:10, max_mem_reserved: 25002 MB, max_mem_allocated: 13654 MB
[2025/11/14 18:03:28] ppocr INFO: epoch: [4/20], global_step: 4280, lr: 0.000006, acc: 0.240717, norm_edit_dis: 0.821918, CTCLoss: 29.056360, NRTRLoss: 1.514686, loss: 30.597391, avg_reader_cost: 0.00320 s, avg_batch_cost: 0.45476 s, avg_samples: 87.3, ips: 191.97106 samples/s, eta: 3:01:57, max_mem_reserved: 25002 MB, max_mem_allocated: 13654 MB
[2025/11/14 18:03:33] ppocr INFO: epoch: [4/20], global_step: 4290, lr: 0.000006, acc: 0.229412, norm_edit_dis: 0.829695, CTCLoss: 29.398424, NRTRLoss: 1.490093, loss: 30.856581, avg_reader_cost: 0.00285 s, avg_batch_cost: 0.47705 s, avg_samples: 98.0, ips: 205.42784 samples/s, eta: 3:01:45, max_mem_reserved: 25002 MB, max_mem_allocated: 13654 MB
[2025/11/14 18:03:37] ppocr INFO: epoch: [4/20], global_step: 4300, lr: 0.000006, acc: 0.221140, norm_edit_dis: 0.813512, CTCLoss: 31.053335, NRTRLoss: 1.491071, loss: 32.544050, avg_reader_cost: 0.00281 s, avg_batch_cost: 0.46336 s, avg_samples: 91.6, ips: 197.68767 samples/s, eta: 3:01:32, max_mem_reserved: 25002 MB, max_mem_allocated: 13654 MB
[2025/11/14 18:04:05] ppocr INFO: cur metric, acc: 0.28599999971400003, norm_edit_dis: 0.8513049931627478, fps: 922.8670428261782
[2025/11/14 18:04:08] ppocr INFO: save best model is to ./output/best_accuracy
[2025/11/14 18:04:08] ppocr INFO: best metric, acc: 0.28599999971400003, is_float16: False, norm_edit_dis: 0.8513049931627478, fps: 922.8670428261782, best_epoch: 4
[2025/11/14 18:04:13] ppocr INFO: epoch: [4/20], global_step: 4310, lr: 0.000006, acc: 0.223529, norm_edit_dis: 0.812734, CTCLoss: 33.445745, NRTRLoss: 1.497021, loss: 34.947067, avg_reader_cost: 0.00289 s, avg_batch_cost: 0.51620 s, avg_samples: 102.3, ips: 198.17905 samples/s, eta: 3:01:21, max_mem_reserved: 25002 MB, max_mem_allocated: 13654 MB
[2025/11/14 18:04:18] ppocr INFO: epoch: [4/20], global_step: 4320, lr: 0.000006, acc: 0.197702, norm_edit_dis: 0.809124, CTCLoss: 33.294277, NRTRLoss: 1.503785, loss: 34.798063, avg_reader_cost: 0.00276 s, avg_batch_cost: 0.47431 s, avg_samples: 95.9, ips: 202.18821 samples/s, eta: 3:01:09, max_mem_reserved: 25002 MB, max_mem_allocated: 13654 MB
[2025/11/14 18:04:22] ppocr INFO: epoch: [4/20], global_step: 4330, lr: 0.000006, acc: 0.244577, norm_edit_dis: 0.821290, CTCLoss: 28.722281, NRTRLoss: 1.483645, loss: 30.212537, avg_reader_cost: 0.00280 s, avg_batch_cost: 0.43551 s, avg_samples: 78.9, ips: 181.16865 samples/s, eta: 3:00:55, max_mem_reserved: 25002 MB, max_mem_allocated: 13654 MB
[2025/11/14 18:04:27] ppocr INFO: epoch: [4/20], global_step: 4340, lr: 0.000006, acc: 0.215257, norm_edit_dis: 0.810849, CTCLoss: 30.873362, NRTRLoss: 1.491346, loss: 32.357412, avg_reader_cost: 0.00280 s, avg_batch_cost: 0.48724 s, avg_samples: 102.3, ips: 209.95870 samples/s, eta: 3:00:43, max_mem_reserved: 25002 MB, max_mem_allocated: 13654 MB
[2025/11/14 18:04:29] ppocr INFO: epoch: [4/20], global_step: 4344, lr: 0.000006, acc: 0.195726, norm_edit_dis: 0.801102, CTCLoss: 30.895279, NRTRLoss: 1.508701, loss: 32.378904, avg_reader_cost: 0.00153 s, avg_batch_cost: 0.19184 s, avg_samples: 38.4, ips: 200.17150 samples/s, eta: 3:00:39, max_mem_reserved: 25002 MB, max_mem_allocated: 13654 MB
[2025/11/14 18:04:31] ppocr INFO: save model in ./output/latest
[2025/11/14 18:04:32] ppocr INFO: save model in ./output/iter_epoch_4
[2025/11/14 18:04:36] ppocr INFO: epoch: [5/20], global_step: 4350, lr: 0.000006, acc: 0.215257, norm_edit_dis: 0.815445, CTCLoss: 31.475525, NRTRLoss: 1.524973, loss: 32.947054, avg_reader_cost: 0.46780 s, avg_batch_cost: 0.72565 s, avg_samples: 46.8, ips: 64.49381 samples/s, eta: 3:00:49, max_mem_reserved: 25002 MB, max_mem_allocated: 13654 MB
[2025/11/14 18:04:41] ppocr INFO: epoch: [5/20], global_step: 4360, lr: 0.000006, acc: 0.228952, norm_edit_dis: 0.821031, CTCLoss: 29.931396, NRTRLoss: 1.501542, loss: 31.428041, avg_reader_cost: 0.00325 s, avg_batch_cost: 0.48540 s, avg_samples: 100.2, ips: 206.42778 samples/s, eta: 3:00:37, max_mem_reserved: 25002 MB, max_mem_allocated: 13654 MB
[2025/11/14 18:04:46] ppocr INFO: epoch: [5/20], global_step: 4370, lr: 0.000006, acc: 0.241176, norm_edit_dis: 0.819219, CTCLoss: 29.269993, NRTRLoss: 1.505266, loss: 30.754191, avg_reader_cost: 0.00286 s, avg_batch_cost: 0.45064 s, avg_samples: 87.2, ips: 193.50165 samples/s, eta: 3:00:24, max_mem_reserved: 25002 MB, max_mem_allocated: 13654 MB
[2025/11/14 18:04:50] ppocr INFO: epoch: [5/20], global_step: 4380, lr: 0.000006, acc: 0.258823, norm_edit_dis: 0.823117, CTCLoss: 26.798100, NRTRLoss: 1.485977, loss: 28.319395, avg_reader_cost: 0.00287 s, avg_batch_cost: 0.43976 s, avg_samples: 83.0, ips: 188.74116 samples/s, eta: 3:00:11, max_mem_reserved: 25002 MB, max_mem_allocated: 13654 MB
[2025/11/14 18:04:54] ppocr INFO: epoch: [5/20], global_step: 4390, lr: 0.000006, acc: 0.252941, norm_edit_dis: 0.841061, CTCLoss: 26.798100, NRTRLoss: 1.480397, loss: 28.319395, avg_reader_cost: 0.00286 s, avg_batch_cost: 0.43576 s, avg_samples: 78.9, ips: 181.06494 samples/s, eta: 2:59:57, max_mem_reserved: 25002 MB, max_mem_allocated: 13654 MB
[2025/11/14 18:04:59] ppocr INFO: epoch: [5/20], global_step: 4400, lr: 0.000006, acc: 0.207031, norm_edit_dis: 0.817669, CTCLoss: 29.646369, NRTRLoss: 1.503626, loss: 31.229356, avg_reader_cost: 0.00287 s, avg_batch_cost: 0.48692 s, avg_samples: 102.3, ips: 210.09734 samples/s, eta: 2:59:45, max_mem_reserved: 25002 MB, max_mem_allocated: 13654 MB
[2025/11/14 18:05:27] ppocr INFO: cur metric, acc: 0.2780999997219, norm_edit_dis: 0.84897711025177, fps: 922.3173899949054
[2025/11/14 18:05:27] ppocr INFO: best metric, acc: 0.28599999971400003, is_float16: False, norm_edit_dis: 0.8513049931627478, fps: 922.8670428261782, best_epoch: 4
[2025/11/14 18:05:32] ppocr INFO: epoch: [5/20], global_step: 4410, lr: 0.000006, acc: 0.210937, norm_edit_dis: 0.785950, CTCLoss: 33.219152, NRTRLoss: 1.527545, loss: 34.702732, avg_reader_cost: 0.00295 s, avg_batch_cost: 0.49289 s, avg_samples: 93.8, ips: 190.30635 samples/s, eta: 2:59:34, max_mem_reserved: 25002 MB, max_mem_allocated: 13654 MB
[2025/11/14 18:05:37] ppocr INFO: epoch: [5/20], global_step: 4420, lr: 0.000006, acc: 0.270588, norm_edit_dis: 0.826198, CTCLoss: 28.087181, NRTRLoss: 1.493672, loss: 29.585636, avg_reader_cost: 0.00282 s, avg_batch_cost: 0.45505 s, avg_samples: 89.4, ips: 196.46251 samples/s, eta: 2:59:21, max_mem_reserved: 25002 MB, max_mem_allocated: 13654 MB
[2025/11/14 18:05:41] ppocr INFO: epoch: [5/20], global_step: 4430, lr: 0.000006, acc: 0.265625, norm_edit_dis: 0.827277, CTCLoss: 26.751743, NRTRLoss: 1.488259, loss: 28.269744, avg_reader_cost: 0.00337 s, avg_batch_cost: 0.43792 s, avg_samples: 81.0, ips: 184.96456 samples/s, eta: 2:59:08, max_mem_reserved: 25002 MB, max_mem_allocated: 13654 MB
[2025/11/14 18:05:46] ppocr INFO: epoch: [5/20], global_step: 4440, lr: 0.000006, acc: 0.242647, norm_edit_dis: 0.812910, CTCLoss: 29.800086, NRTRLoss: 1.512976, loss: 31.304310, avg_reader_cost: 0.00285 s, avg_batch_cost: 0.48483 s, avg_samples: 102.3, ips: 211.00024 samples/s, eta: 2:58:56, max_mem_reserved: 25002 MB, max_mem_allocated: 13654 MB
[2025/11/14 18:05:50] ppocr INFO: epoch: [5/20], global_step: 4450, lr: 0.000006, acc: 0.199219, norm_edit_dis: 0.790828, CTCLoss: 29.800086, NRTRLoss: 1.545546, loss: 31.304310, avg_reader_cost: 0.00383 s, avg_batch_cost: 0.46872 s, avg_samples: 93.8, ips: 200.11861 samples/s, eta: 2:58:44, max_mem_reserved: 25002 MB, max_mem_allocated: 13654 MB
[2025/11/14 18:05:55] ppocr INFO: epoch: [5/20], global_step: 4460, lr: 0.000006, acc: 0.265625, norm_edit_dis: 0.831471, CTCLoss: 27.649483, NRTRLoss: 1.492369, loss: 29.119368, avg_reader_cost: 0.00286 s, avg_batch_cost: 0.44692 s, avg_samples: 87.3, ips: 195.33607 samples/s, eta: 2:58:31, max_mem_reserved: 25002 MB, max_mem_allocated: 13654 MB
[2025/11/14 18:06:00] ppocr INFO: epoch: [5/20], global_step: 4470, lr: 0.000006, acc: 0.218750, norm_edit_dis: 0.834139, CTCLoss: 28.148313, NRTRLoss: 1.492369, loss: 29.609680, avg_reader_cost: 0.00284 s, avg_batch_cost: 0.47626 s, avg_samples: 98.1, ips: 205.97800 samples/s, eta: 2:58:19, max_mem_reserved: 25002 MB, max_mem_allocated: 13654 MB
[2025/11/14 18:06:04] ppocr INFO: epoch: [5/20], global_step: 4480, lr: 0.000006, acc: 0.203125, norm_edit_dis: 0.823403, CTCLoss: 28.059127, NRTRLoss: 1.498214, loss: 29.537300, avg_reader_cost: 0.00302 s, avg_batch_cost: 0.44752 s, avg_samples: 87.3, ips: 195.07350 samples/s, eta: 2:58:07, max_mem_reserved: 25002 MB, max_mem_allocated: 13654 MB
[2025/11/14 18:06:09] ppocr INFO: epoch: [5/20], global_step: 4490, lr: 0.000006, acc: 0.229412, norm_edit_dis: 0.828495, CTCLoss: 27.574472, NRTRLoss: 1.494165, loss: 29.065080, avg_reader_cost: 0.00348 s, avg_batch_cost: 0.47093 s, avg_samples: 95.9, ips: 203.63820 samples/s, eta: 2:57:55, max_mem_reserved: 25002 MB, max_mem_allocated: 13654 MB
[2025/11/14 18:06:14] ppocr INFO: epoch: [5/20], global_step: 4500, lr: 0.000006, acc: 0.232904, norm_edit_dis: 0.829242, CTCLoss: 31.254469, NRTRLoss: 1.495153, loss: 32.742937, avg_reader_cost: 0.00285 s, avg_batch_cost: 0.46622 s, avg_samples: 95.9, ips: 205.69639 samples/s, eta: 2:57:43, max_mem_reserved: 25002 MB, max_mem_allocated: 13654 MB
[2025/11/14 18:06:41] ppocr INFO: cur metric, acc: 0.2775999997224, norm_edit_dis: 0.8482591571884968, fps: 922.6413999445928
[2025/11/14 18:06:41] ppocr INFO: best metric, acc: 0.28599999971400003, is_float16: False, norm_edit_dis: 0.8513049931627478, fps: 922.8670428261782, best_epoch: 4
[2025/11/14 18:06:46] ppocr INFO: epoch: [5/20], global_step: 4510, lr: 0.000006, acc: 0.252941, norm_edit_dis: 0.823153, CTCLoss: 27.417549, NRTRLoss: 1.482425, loss: 28.940972, avg_reader_cost: 0.00290 s, avg_batch_cost: 0.45433 s, avg_samples: 89.4, ips: 196.77126 samples/s, eta: 2:57:30, max_mem_reserved: 25002 MB, max_mem_allocated: 13654 MB
[2025/11/14 18:06:51] ppocr INFO: epoch: [5/20], global_step: 4520, lr: 0.000006, acc: 0.229412, norm_edit_dis: 0.799365, CTCLoss: 27.417549, NRTRLoss: 1.531143, loss: 28.940972, avg_reader_cost: 0.00323 s, avg_batch_cost: 0.50422 s, avg_samples: 108.8, ips: 215.77673 samples/s, eta: 2:57:20, max_mem_reserved: 25002 MB, max_mem_allocated: 13654 MB
[2025/11/14 18:06:56] ppocr INFO: epoch: [5/20], global_step: 4530, lr: 0.000006, acc: 0.187500, norm_edit_dis: 0.743709, CTCLoss: 36.726555, NRTRLoss: 1.553521, loss: 38.285213, avg_reader_cost: 0.00301 s, avg_batch_cost: 0.46544 s, avg_samples: 93.7, ips: 201.31616 samples/s, eta: 2:57:08, max_mem_reserved: 25002 MB, max_mem_allocated: 13654 MB
[2025/11/14 18:07:00] ppocr INFO: epoch: [5/20], global_step: 4540, lr: 0.000006, acc: 0.242187, norm_edit_dis: 0.815445, CTCLoss: 29.335557, NRTRLoss: 1.474935, loss: 30.838557, avg_reader_cost: 0.00286 s, avg_batch_cost: 0.45427 s, avg_samples: 89.5, ips: 197.02060 samples/s, eta: 2:56:55, max_mem_reserved: 25002 MB, max_mem_allocated: 13654 MB
[2025/11/14 18:07:05] ppocr INFO: epoch: [5/20], global_step: 4550, lr: 0.000006, acc: 0.250000, norm_edit_dis: 0.816546, CTCLoss: 28.753727, NRTRLoss: 1.478819, loss: 30.238678, avg_reader_cost: 0.00283 s, avg_batch_cost: 0.43884 s, avg_samples: 83.1, ips: 189.36167 samples/s, eta: 2:56:42, max_mem_reserved: 25002 MB, max_mem_allocated: 13654 MB
[2025/11/14 18:07:09] ppocr INFO: epoch: [5/20], global_step: 4560, lr: 0.000006, acc: 0.250000, norm_edit_dis: 0.819607, CTCLoss: 26.947817, NRTRLoss: 1.491964, loss: 28.425559, avg_reader_cost: 0.00286 s, avg_batch_cost: 0.48117 s, avg_samples: 100.2, ips: 208.24097 samples/s, eta: 2:56:31, max_mem_reserved: 25002 MB, max_mem_allocated: 13654 MB
[2025/11/14 18:07:14] ppocr INFO: epoch: [5/20], global_step: 4570, lr: 0.000006, acc: 0.199219, norm_edit_dis: 0.694839, CTCLoss: 43.279549, NRTRLoss: 1.585767, loss: 44.894142, avg_reader_cost: 0.00283 s, avg_batch_cost: 0.50041 s, avg_samples: 108.7, ips: 217.22391 samples/s, eta: 2:56:20, max_mem_reserved: 25002 MB, max_mem_allocated: 13654 MB
[2025/11/14 18:07:20] ppocr INFO: epoch: [5/20], global_step: 4580, lr: 0.000006, acc: 0.171875, norm_edit_dis: 0.688500, CTCLoss: 43.525547, NRTRLoss: 1.593462, loss: 45.141577, avg_reader_cost: 0.00289 s, avg_batch_cost: 0.53163 s, avg_samples: 106.6, ips: 200.51530 samples/s, eta: 2:56:11, max_mem_reserved: 25002 MB, max_mem_allocated: 13654 MB
[2025/11/14 18:07:24] ppocr INFO: epoch: [5/20], global_step: 4590, lr: 0.000006, acc: 0.234375, norm_edit_dis: 0.819099, CTCLoss: 28.088491, NRTRLoss: 1.510061, loss: 29.602255, avg_reader_cost: 0.00283 s, avg_batch_cost: 0.43895 s, avg_samples: 80.9, ips: 184.30435 samples/s, eta: 2:55:58, max_mem_reserved: 25002 MB, max_mem_allocated: 13654 MB
[2025/11/14 18:07:29] ppocr INFO: epoch: [5/20], global_step: 4600, lr: 0.000006, acc: 0.234835, norm_edit_dis: 0.828703, CTCLoss: 26.810877, NRTRLoss: 1.489598, loss: 28.286948, avg_reader_cost: 0.00321 s, avg_batch_cost: 0.50482 s, avg_samples: 102.3, ips: 202.64484 samples/s, eta: 2:55:48, max_mem_reserved: 25002 MB, max_mem_allocated: 13654 MB
[2025/11/14 18:07:57] ppocr INFO: cur metric, acc: 0.2916999997083, norm_edit_dis: 0.8507890572322583, fps: 924.0654567221605
[2025/11/14 18:07:59] ppocr INFO: save best model is to ./output/best_accuracy
[2025/11/14 18:07:59] ppocr INFO: best metric, acc: 0.2916999997083, is_float16: False, norm_edit_dis: 0.8507890572322583, fps: 924.0654567221605, best_epoch: 5
[2025/11/14 18:08:04] ppocr INFO: epoch: [5/20], global_step: 4610, lr: 0.000006, acc: 0.218750, norm_edit_dis: 0.813962, CTCLoss: 26.878416, NRTRLoss: 1.501918, loss: 28.371784, avg_reader_cost: 0.00356 s, avg_batch_cost: 0.46193 s, avg_samples: 91.6, ips: 198.29941 samples/s, eta: 2:55:36, max_mem_reserved: 25002 MB, max_mem_allocated: 13654 MB
[2025/11/14 18:08:09] ppocr INFO: epoch: [5/20], global_step: 4620, lr: 0.000006, acc: 0.228952, norm_edit_dis: 0.824068, CTCLoss: 27.675226, NRTRLoss: 1.477824, loss: 29.149706, avg_reader_cost: 0.00282 s, avg_batch_cost: 0.47137 s, avg_samples: 95.9, ips: 203.45046 samples/s, eta: 2:55:24, max_mem_reserved: 25002 MB, max_mem_allocated: 13654 MB
[2025/11/14 18:08:13] ppocr INFO: epoch: [5/20], global_step: 4630, lr: 0.000006, acc: 0.242647, norm_edit_dis: 0.828638, CTCLoss: 27.911758, NRTRLoss: 1.486503, loss: 29.392601, avg_reader_cost: 0.00287 s, avg_batch_cost: 0.47314 s, avg_samples: 93.7, ips: 198.04032 samples/s, eta: 2:55:13, max_mem_reserved: 25002 MB, max_mem_allocated: 13654 MB
[2025/11/14 18:08:18] ppocr INFO: epoch: [5/20], global_step: 4640, lr: 0.000006, acc: 0.250000, norm_edit_dis: 0.835894, CTCLoss: 26.797483, NRTRLoss: 1.486503, loss: 28.282727, avg_reader_cost: 0.00285 s, avg_batch_cost: 0.44931 s, avg_samples: 87.3, ips: 194.29770 samples/s, eta: 2:55:01, max_mem_reserved: 25002 MB, max_mem_allocated: 13654 MB
[2025/11/14 18:08:23] ppocr INFO: epoch: [5/20], global_step: 4650, lr: 0.000006, acc: 0.254412, norm_edit_dis: 0.833045, CTCLoss: 26.443827, NRTRLoss: 1.483441, loss: 27.915689, avg_reader_cost: 0.00334 s, avg_batch_cost: 0.45624 s, avg_samples: 89.5, ips: 196.16817 samples/s, eta: 2:54:49, max_mem_reserved: 25002 MB, max_mem_allocated: 13654 MB
[2025/11/14 18:08:27] ppocr INFO: epoch: [5/20], global_step: 4660, lr: 0.000006, acc: 0.275919, norm_edit_dis: 0.826643, CTCLoss: 25.547954, NRTRLoss: 1.485130, loss: 27.013780, avg_reader_cost: 0.00282 s, avg_batch_cost: 0.43741 s, avg_samples: 83.1, ips: 189.98260 samples/s, eta: 2:54:36, max_mem_reserved: 25002 MB, max_mem_allocated: 13654 MB
[2025/11/14 18:08:31] ppocr INFO: epoch: [5/20], global_step: 4670, lr: 0.000006, acc: 0.257812, norm_edit_dis: 0.829645, CTCLoss: 25.065293, NRTRLoss: 1.485978, loss: 26.509247, avg_reader_cost: 0.00330 s, avg_batch_cost: 0.45256 s, avg_samples: 87.4, ips: 193.12284 samples/s, eta: 2:54:24, max_mem_reserved: 25002 MB, max_mem_allocated: 13654 MB
[2025/11/14 18:08:36] ppocr INFO: epoch: [5/20], global_step: 4680, lr: 0.000006, acc: 0.240717, norm_edit_dis: 0.830721, CTCLoss: 26.059659, NRTRLoss: 1.484015, loss: 27.544191, avg_reader_cost: 0.00285 s, avg_batch_cost: 0.44865 s, avg_samples: 85.3, ips: 190.12795 samples/s, eta: 2:54:12, max_mem_reserved: 25002 MB, max_mem_allocated: 13654 MB
[2025/11/14 18:08:40] ppocr INFO: epoch: [5/20], global_step: 4690, lr: 0.000006, acc: 0.273437, norm_edit_dis: 0.830803, CTCLoss: 25.782405, NRTRLoss: 1.474814, loss: 27.296047, avg_reader_cost: 0.00331 s, avg_batch_cost: 0.44337 s, avg_samples: 85.2, ips: 192.16295 samples/s, eta: 2:54:00, max_mem_reserved: 25002 MB, max_mem_allocated: 13654 MB
[2025/11/14 18:08:45] ppocr INFO: epoch: [5/20], global_step: 4700, lr: 0.000006, acc: 0.273437, norm_edit_dis: 0.823186, CTCLoss: 26.029116, NRTRLoss: 1.508340, loss: 27.537035, avg_reader_cost: 0.00283 s, avg_batch_cost: 0.45926 s, avg_samples: 91.7, ips: 199.67102 samples/s, eta: 2:53:48, max_mem_reserved: 25002 MB, max_mem_allocated: 13654 MB
[2025/11/14 18:09:13] ppocr INFO: cur metric, acc: 0.3060999996939, norm_edit_dis: 0.8549229641764409, fps: 923.2694338807266
[2025/11/14 18:09:16] ppocr INFO: save best model is to ./output/best_accuracy
[2025/11/14 18:09:16] ppocr INFO: best metric, acc: 0.3060999996939, is_float16: False, norm_edit_dis: 0.8549229641764409, fps: 923.2694338807266, best_epoch: 5
[2025/11/14 18:09:21] ppocr INFO: epoch: [5/20], global_step: 4710, lr: 0.000006, acc: 0.248529, norm_edit_dis: 0.823799, CTCLoss: 26.070839, NRTRLoss: 1.496381, loss: 27.541379, avg_reader_cost: 0.00297 s, avg_batch_cost: 0.47226 s, avg_samples: 89.5, ips: 189.51594 samples/s, eta: 2:53:37, max_mem_reserved: 25002 MB, max_mem_allocated: 13654 MB
[2025/11/14 18:09:25] ppocr INFO: epoch: [5/20], global_step: 4720, lr: 0.000006, acc: 0.275919, norm_edit_dis: 0.833929, CTCLoss: 25.121760, NRTRLoss: 1.478046, loss: 26.612608, avg_reader_cost: 0.00278 s, avg_batch_cost: 0.46643 s, avg_samples: 95.8, ips: 205.38976 samples/s, eta: 2:53:25, max_mem_reserved: 25002 MB, max_mem_allocated: 13654 MB
[2025/11/14 18:09:30] ppocr INFO: epoch: [5/20], global_step: 4730, lr: 0.000006, acc: 0.268107, norm_edit_dis: 0.835191, CTCLoss: 23.978980, NRTRLoss: 1.466999, loss: 25.425941, avg_reader_cost: 0.00283 s, avg_batch_cost: 0.43413 s, avg_samples: 81.0, ips: 186.58131 samples/s, eta: 2:53:13, max_mem_reserved: 25002 MB, max_mem_allocated: 13654 MB
[2025/11/14 18:09:34] ppocr INFO: epoch: [5/20], global_step: 4740, lr: 0.000006, acc: 0.258823, norm_edit_dis: 0.836387, CTCLoss: 22.783390, NRTRLoss: 1.470501, loss: 24.251814, avg_reader_cost: 0.00277 s, avg_batch_cost: 0.46810 s, avg_samples: 95.9, ips: 204.87206 samples/s, eta: 2:53:02, max_mem_reserved: 25002 MB, max_mem_allocated: 13654 MB
[2025/11/14 18:09:39] ppocr INFO: epoch: [5/20], global_step: 4750, lr: 0.000006, acc: 0.247059, norm_edit_dis: 0.822414, CTCLoss: 24.058737, NRTRLoss: 1.485579, loss: 25.553074, avg_reader_cost: 0.00282 s, avg_batch_cost: 0.45776 s, avg_samples: 91.6, ips: 200.10308 samples/s, eta: 2:52:50, max_mem_reserved: 25002 MB, max_mem_allocated: 13654 MB
[2025/11/14 18:09:43] ppocr INFO: epoch: [5/20], global_step: 4760, lr: 0.000006, acc: 0.229412, norm_edit_dis: 0.818592, CTCLoss: 25.686304, NRTRLoss: 1.482214, loss: 27.159822, avg_reader_cost: 0.00280 s, avg_batch_cost: 0.46687 s, avg_samples: 95.8, ips: 205.19701 samples/s, eta: 2:52:39, max_mem_reserved: 25002 MB, max_mem_allocated: 13654 MB
[2025/11/14 18:09:48] ppocr INFO: epoch: [5/20], global_step: 4770, lr: 0.000006, acc: 0.252941, norm_edit_dis: 0.833279, CTCLoss: 25.309673, NRTRLoss: 1.480385, loss: 26.783185, avg_reader_cost: 0.00277 s, avg_batch_cost: 0.45573 s, avg_samples: 91.5, ips: 200.77819 samples/s, eta: 2:52:27, max_mem_reserved: 25002 MB, max_mem_allocated: 13654 MB
[2025/11/14 18:09:52] ppocr INFO: epoch: [5/20], global_step: 4780, lr: 0.000006, acc: 0.287684, norm_edit_dis: 0.838832, CTCLoss: 24.645701, NRTRLoss: 1.475353, loss: 26.131957, avg_reader_cost: 0.00319 s, avg_batch_cost: 0.41312 s, avg_samples: 72.4, ips: 175.25229 samples/s, eta: 2:52:14, max_mem_reserved: 25002 MB, max_mem_allocated: 13654 MB
[2025/11/14 18:09:57] ppocr INFO: epoch: [5/20], global_step: 4790, lr: 0.000006, acc: 0.287684, norm_edit_dis: 0.838373, CTCLoss: 24.881731, NRTRLoss: 1.471844, loss: 26.360843, avg_reader_cost: 0.00278 s, avg_batch_cost: 0.45227 s, avg_samples: 89.5, ips: 197.89094 samples/s, eta: 2:52:02, max_mem_reserved: 25002 MB, max_mem_allocated: 13654 MB
[2025/11/14 18:10:02] ppocr INFO: epoch: [5/20], global_step: 4800, lr: 0.000006, acc: 0.191406, norm_edit_dis: 0.812179, CTCLoss: 28.092370, NRTRLoss: 1.499964, loss: 29.574965, avg_reader_cost: 0.00287 s, avg_batch_cost: 0.48440 s, avg_samples: 102.4, ips: 211.39521 samples/s, eta: 2:51:52, max_mem_reserved: 25002 MB, max_mem_allocated: 13654 MB
[2025/11/14 18:10:30] ppocr INFO: cur metric, acc: 0.3021999996978, norm_edit_dis: 0.8515164142083995, fps: 920.8790187258834
[2025/11/14 18:10:30] ppocr INFO: best metric, acc: 0.3060999996939, is_float16: False, norm_edit_dis: 0.8549229641764409, fps: 923.2694338807266, best_epoch: 5
[2025/11/14 18:10:35] ppocr INFO: epoch: [5/20], global_step: 4810, lr: 0.000006, acc: 0.179687, norm_edit_dis: 0.699332, CTCLoss: 38.588829, NRTRLoss: 1.556422, loss: 40.176550, avg_reader_cost: 0.00300 s, avg_batch_cost: 0.49876 s, avg_samples: 102.3, ips: 205.10848 samples/s, eta: 2:51:42, max_mem_reserved: 25002 MB, max_mem_allocated: 13654 MB
[2025/11/14 18:10:39] ppocr INFO: epoch: [5/20], global_step: 4820, lr: 0.000006, acc: 0.210937, norm_edit_dis: 0.744821, CTCLoss: 32.753226, NRTRLoss: 1.521755, loss: 34.308357, avg_reader_cost: 0.00284 s, avg_batch_cost: 0.47421 s, avg_samples: 96.0, ips: 202.44384 samples/s, eta: 2:51:31, max_mem_reserved: 25002 MB, max_mem_allocated: 13654 MB
[2025/11/14 18:10:44] ppocr INFO: epoch: [5/20], global_step: 4830, lr: 0.000006, acc: 0.189798, norm_edit_dis: 0.809395, CTCLoss: 29.101084, NRTRLoss: 1.507690, loss: 30.579571, avg_reader_cost: 0.00279 s, avg_batch_cost: 0.46613 s, avg_samples: 93.8, ips: 201.22963 samples/s, eta: 2:51:20, max_mem_reserved: 25002 MB, max_mem_allocated: 13654 MB
[2025/11/14 18:10:49] ppocr INFO: epoch: [5/20], global_step: 4840, lr: 0.000006, acc: 0.203125, norm_edit_dis: 0.809395, CTCLoss: 24.671359, NRTRLoss: 1.498251, loss: 26.148378, avg_reader_cost: 0.00320 s, avg_batch_cost: 0.47286 s, avg_samples: 91.7, ips: 193.92832 samples/s, eta: 2:51:09, max_mem_reserved: 25002 MB, max_mem_allocated: 13654 MB
[2025/11/14 18:10:54] ppocr INFO: epoch: [5/20], global_step: 4850, lr: 0.000006, acc: 0.228952, norm_edit_dis: 0.800153, CTCLoss: 26.385782, NRTRLoss: 1.508687, loss: 27.892547, avg_reader_cost: 0.00286 s, avg_batch_cost: 0.48503 s, avg_samples: 100.2, ips: 206.58502 samples/s, eta: 2:50:59, max_mem_reserved: 25002 MB, max_mem_allocated: 13654 MB
[2025/11/14 18:10:58] ppocr INFO: epoch: [5/20], global_step: 4860, lr: 0.000006, acc: 0.247059, norm_edit_dis: 0.804600, CTCLoss: 26.396137, NRTRLoss: 1.508841, loss: 27.889610, avg_reader_cost: 0.00324 s, avg_batch_cost: 0.46551 s, avg_samples: 91.6, ips: 196.77483 samples/s, eta: 2:50:48, max_mem_reserved: 25002 MB, max_mem_allocated: 13654 MB
[2025/11/14 18:11:03] ppocr INFO: epoch: [5/20], global_step: 4870, lr: 0.000006, acc: 0.254412, norm_edit_dis: 0.818923, CTCLoss: 24.945386, NRTRLoss: 1.481126, loss: 26.445862, avg_reader_cost: 0.00325 s, avg_batch_cost: 0.43668 s, avg_samples: 80.9, ips: 185.26204 samples/s, eta: 2:50:36, max_mem_reserved: 25002 MB, max_mem_allocated: 13654 MB
[2025/11/14 18:11:07] ppocr INFO: epoch: [5/20], global_step: 4880, lr: 0.000006, acc: 0.270588, norm_edit_dis: 0.814441, CTCLoss: 23.226622, NRTRLoss: 1.485087, loss: 24.722043, avg_reader_cost: 0.00285 s, avg_batch_cost: 0.48203 s, avg_samples: 100.1, ips: 207.66558 samples/s, eta: 2:50:25, max_mem_reserved: 25002 MB, max_mem_allocated: 13654 MB
[2025/11/14 18:11:12] ppocr INFO: epoch: [5/20], global_step: 4890, lr: 0.000006, acc: 0.288235, norm_edit_dis: 0.822090, CTCLoss: 22.606209, NRTRLoss: 1.495254, loss: 24.097531, avg_reader_cost: 0.00286 s, avg_batch_cost: 0.45641 s, avg_samples: 89.4, ips: 195.87494 samples/s, eta: 2:50:14, max_mem_reserved: 25002 MB, max_mem_allocated: 13654 MB
[2025/11/14 18:11:16] ppocr INFO: epoch: [5/20], global_step: 4900, lr: 0.000006, acc: 0.303309, norm_edit_dis: 0.829484, CTCLoss: 23.507766, NRTRLoss: 1.482286, loss: 24.983002, avg_reader_cost: 0.00321 s, avg_batch_cost: 0.43919 s, avg_samples: 78.9, ips: 179.64931 samples/s, eta: 2:50:02, max_mem_reserved: 25002 MB, max_mem_allocated: 13654 MB
[2025/11/14 18:11:45] ppocr INFO: cur metric, acc: 0.3223999996776, norm_edit_dis: 0.8571829726635012, fps: 918.00876137989
[2025/11/14 18:11:48] ppocr INFO: save best model is to ./output/best_accuracy
[2025/11/14 18:11:48] ppocr INFO: best metric, acc: 0.3223999996776, is_float16: False, norm_edit_dis: 0.8571829726635012, fps: 918.00876137989, best_epoch: 5
[2025/11/14 18:11:52] ppocr INFO: epoch: [5/20], global_step: 4910, lr: 0.000006, acc: 0.281250, norm_edit_dis: 0.830450, CTCLoss: 24.186806, NRTRLoss: 1.475236, loss: 25.638198, avg_reader_cost: 0.00355 s, avg_batch_cost: 0.47313 s, avg_samples: 89.5, ips: 189.16465 samples/s, eta: 2:49:52, max_mem_reserved: 25002 MB, max_mem_allocated: 13654 MB
[2025/11/14 18:11:57] ppocr INFO: epoch: [5/20], global_step: 4920, lr: 0.000006, acc: 0.281801, norm_edit_dis: 0.832077, CTCLoss: 24.647760, NRTRLoss: 1.484192, loss: 26.112464, avg_reader_cost: 0.00288 s, avg_batch_cost: 0.47509 s, avg_samples: 95.9, ips: 201.85453 samples/s, eta: 2:49:41, max_mem_reserved: 25002 MB, max_mem_allocated: 13654 MB
[2025/11/14 18:12:02] ppocr INFO: epoch: [5/20], global_step: 4930, lr: 0.000006, acc: 0.281801, norm_edit_dis: 0.837786, CTCLoss: 23.446218, NRTRLoss: 1.467289, loss: 24.892145, avg_reader_cost: 0.00286 s, avg_batch_cost: 0.46620 s, avg_samples: 91.6, ips: 196.48362 samples/s, eta: 2:49:30, max_mem_reserved: 25002 MB, max_mem_allocated: 13654 MB
[2025/11/14 18:12:06] ppocr INFO: epoch: [5/20], global_step: 4940, lr: 0.000006, acc: 0.289614, norm_edit_dis: 0.828668, CTCLoss: 22.409199, NRTRLoss: 1.468528, loss: 23.872016, avg_reader_cost: 0.00285 s, avg_batch_cost: 0.42036 s, avg_samples: 72.4, ips: 172.23206 samples/s, eta: 2:49:18, max_mem_reserved: 25002 MB, max_mem_allocated: 13654 MB
[2025/11/14 18:12:10] ppocr INFO: epoch: [5/20], global_step: 4950, lr: 0.000006, acc: 0.281801, norm_edit_dis: 0.824744, CTCLoss: 24.443945, NRTRLoss: 1.472702, loss: 25.933706, avg_reader_cost: 0.00287 s, avg_batch_cost: 0.42984 s, avg_samples: 76.7, ips: 178.43642 samples/s, eta: 2:49:06, max_mem_reserved: 25002 MB, max_mem_allocated: 13654 MB
[2025/11/14 18:12:15] ppocr INFO: epoch: [5/20], global_step: 4960, lr: 0.000006, acc: 0.273437, norm_edit_dis: 0.823406, CTCLoss: 24.786981, NRTRLoss: 1.474287, loss: 26.230742, avg_reader_cost: 0.00286 s, avg_batch_cost: 0.45767 s, avg_samples: 87.4, ips: 190.96531 samples/s, eta: 2:48:55, max_mem_reserved: 25002 MB, max_mem_allocated: 13654 MB
[2025/11/14 18:12:20] ppocr INFO: epoch: [5/20], global_step: 4970, lr: 0.000006, acc: 0.289062, norm_edit_dis: 0.821416, CTCLoss: 24.387895, NRTRLoss: 1.497620, loss: 25.850160, avg_reader_cost: 0.00287 s, avg_batch_cost: 0.46790 s, avg_samples: 91.7, ips: 195.98057 samples/s, eta: 2:48:44, max_mem_reserved: 25002 MB, max_mem_allocated: 13654 MB
[2025/11/14 18:12:24] ppocr INFO: epoch: [5/20], global_step: 4980, lr: 0.000006, acc: 0.288235, norm_edit_dis: 0.831090, CTCLoss: 22.266646, NRTRLoss: 1.465320, loss: 23.725100, avg_reader_cost: 0.00282 s, avg_batch_cost: 0.44226 s, avg_samples: 83.0, ips: 187.67321 samples/s, eta: 2:48:33, max_mem_reserved: 25002 MB, max_mem_allocated: 13654 MB
[2025/11/14 18:12:29] ppocr INFO: epoch: [5/20], global_step: 4990, lr: 0.000006, acc: 0.300000, norm_edit_dis: 0.829575, CTCLoss: 22.470349, NRTRLoss: 1.458722, loss: 23.930203, avg_reader_cost: 0.00284 s, avg_batch_cost: 0.47013 s, avg_samples: 93.7, ips: 199.30860 samples/s, eta: 2:48:22, max_mem_reserved: 25002 MB, max_mem_allocated: 13654 MB
[2025/11/14 18:12:33] ppocr INFO: epoch: [5/20], global_step: 5000, lr: 0.000006, acc: 0.287684, norm_edit_dis: 0.820528, CTCLoss: 22.903605, NRTRLoss: 1.473393, loss: 24.400114, avg_reader_cost: 0.00285 s, avg_batch_cost: 0.46326 s, avg_samples: 89.5, ips: 193.19726 samples/s, eta: 2:48:11, max_mem_reserved: 25002 MB, max_mem_allocated: 13654 MB
[2025/11/14 18:13:02] ppocr INFO: cur metric, acc: 0.3212999996787, norm_edit_dis: 0.8560115337793825, fps: 919.9387559083248
[2025/11/14 18:13:02] ppocr INFO: best metric, acc: 0.3223999996776, is_float16: False, norm_edit_dis: 0.8571829726635012, fps: 918.00876137989, best_epoch: 5
[2025/11/14 18:13:07] ppocr INFO: epoch: [5/20], global_step: 5010, lr: 0.000006, acc: 0.270037, norm_edit_dis: 0.814880, CTCLoss: 23.088044, NRTRLoss: 1.479016, loss: 24.570017, avg_reader_cost: 0.00329 s, avg_batch_cost: 0.48611 s, avg_samples: 93.8, ips: 192.96035 samples/s, eta: 2:48:01, max_mem_reserved: 25002 MB, max_mem_allocated: 13654 MB
[2025/11/14 18:13:12] ppocr INFO: epoch: [5/20], global_step: 5020, lr: 0.000006, acc: 0.240717, norm_edit_dis: 0.816693, CTCLoss: 23.406115, NRTRLoss: 1.492215, loss: 24.893709, avg_reader_cost: 0.00286 s, avg_batch_cost: 0.47481 s, avg_samples: 98.0, ips: 206.39808 samples/s, eta: 2:47:51, max_mem_reserved: 25002 MB, max_mem_allocated: 13654 MB
[2025/11/14 18:13:16] ppocr INFO: epoch: [5/20], global_step: 5030, lr: 0.000006, acc: 0.248529, norm_edit_dis: 0.817780, CTCLoss: 22.882355, NRTRLoss: 1.477496, loss: 24.335606, avg_reader_cost: 0.00286 s, avg_batch_cost: 0.44148 s, avg_samples: 83.1, ips: 188.23208 samples/s, eta: 2:47:40, max_mem_reserved: 25002 MB, max_mem_allocated: 13654 MB
[2025/11/14 18:13:21] ppocr INFO: epoch: [5/20], global_step: 5040, lr: 0.000006, acc: 0.276471, norm_edit_dis: 0.825327, CTCLoss: 22.665291, NRTRLoss: 1.473793, loss: 24.119184, avg_reader_cost: 0.00286 s, avg_batch_cost: 0.44863 s, avg_samples: 87.3, ips: 194.59214 samples/s, eta: 2:47:29, max_mem_reserved: 25002 MB, max_mem_allocated: 13654 MB
[2025/11/14 18:13:25] ppocr INFO: epoch: [5/20], global_step: 5050, lr: 0.000006, acc: 0.281801, norm_edit_dis: 0.821955, CTCLoss: 23.371212, NRTRLoss: 1.479095, loss: 24.843235, avg_reader_cost: 0.00282 s, avg_batch_cost: 0.44707 s, avg_samples: 87.3, ips: 195.27031 samples/s, eta: 2:47:17, max_mem_reserved: 25002 MB, max_mem_allocated: 13654 MB
[2025/11/14 18:13:29] ppocr INFO: epoch: [5/20], global_step: 5060, lr: 0.000006, acc: 0.294118, norm_edit_dis: 0.824497, CTCLoss: 22.827953, NRTRLoss: 1.479279, loss: 24.303174, avg_reader_cost: 0.00281 s, avg_batch_cost: 0.43232 s, avg_samples: 80.9, ips: 187.13136 samples/s, eta: 2:47:06, max_mem_reserved: 25002 MB, max_mem_allocated: 13654 MB
[2025/11/14 18:13:34] ppocr INFO: epoch: [5/20], global_step: 5070, lr: 0.000006, acc: 0.282353, norm_edit_dis: 0.824988, CTCLoss: 22.224358, NRTRLoss: 1.483113, loss: 23.686005, avg_reader_cost: 0.00288 s, avg_batch_cost: 0.47305 s, avg_samples: 98.0, ips: 207.16525 samples/s, eta: 2:46:56, max_mem_reserved: 25002 MB, max_mem_allocated: 13654 MB
[2025/11/14 18:13:39] ppocr INFO: epoch: [5/20], global_step: 5080, lr: 0.000006, acc: 0.254412, norm_edit_dis: 0.818820, CTCLoss: 23.853859, NRTRLoss: 1.505531, loss: 25.331764, avg_reader_cost: 0.00283 s, avg_batch_cost: 0.46318 s, avg_samples: 93.8, ips: 202.51376 samples/s, eta: 2:46:45, max_mem_reserved: 25002 MB, max_mem_allocated: 13654 MB
[2025/11/14 18:13:43] ppocr INFO: epoch: [5/20], global_step: 5090, lr: 0.000006, acc: 0.218750, norm_edit_dis: 0.806453, CTCLoss: 24.148467, NRTRLoss: 1.501630, loss: 25.626860, avg_reader_cost: 0.00381 s, avg_batch_cost: 0.47296 s, avg_samples: 95.9, ips: 202.76480 samples/s, eta: 2:46:35, max_mem_reserved: 25002 MB, max_mem_allocated: 13654 MB
[2025/11/14 18:13:48] ppocr INFO: epoch: [5/20], global_step: 5100, lr: 0.000006, acc: 0.199219, norm_edit_dis: 0.798640, CTCLoss: 23.053518, NRTRLoss: 1.501630, loss: 24.530764, avg_reader_cost: 0.00331 s, avg_batch_cost: 0.47497 s, avg_samples: 98.1, ips: 206.54064 samples/s, eta: 2:46:25, max_mem_reserved: 25002 MB, max_mem_allocated: 13654 MB
[2025/11/14 18:14:16] ppocr INFO: cur metric, acc: 0.3194999996805, norm_edit_dis: 0.8530770241625381, fps: 926.2972588270349
[2025/11/14 18:14:16] ppocr INFO: best metric, acc: 0.3223999996776, is_float16: False, norm_edit_dis: 0.8571829726635012, fps: 918.00876137989, best_epoch: 5
[2025/11/14 18:14:20] ppocr INFO: epoch: [5/20], global_step: 5110, lr: 0.000006, acc: 0.223070, norm_edit_dis: 0.806736, CTCLoss: 23.849524, NRTRLoss: 1.483802, loss: 25.367954, avg_reader_cost: 0.00279 s, avg_batch_cost: 0.45859 s, avg_samples: 91.6, ips: 199.74271 samples/s, eta: 2:46:14, max_mem_reserved: 25002 MB, max_mem_allocated: 13654 MB
[2025/11/14 18:14:25] ppocr INFO: epoch: [5/20], global_step: 5120, lr: 0.000006, acc: 0.294118, norm_edit_dis: 0.825995, CTCLoss: 22.447661, NRTRLoss: 1.465474, loss: 23.914592, avg_reader_cost: 0.00376 s, avg_batch_cost: 0.42106 s, avg_samples: 74.5, ips: 176.93363 samples/s, eta: 2:46:02, max_mem_reserved: 25002 MB, max_mem_allocated: 13654 MB
[2025/11/14 18:14:30] ppocr INFO: epoch: [5/20], global_step: 5130, lr: 0.000006, acc: 0.294118, norm_edit_dis: 0.825521, CTCLoss: 22.061951, NRTRLoss: 1.460543, loss: 23.524698, avg_reader_cost: 0.00336 s, avg_batch_cost: 0.48109 s, avg_samples: 95.9, ips: 199.33909 samples/s, eta: 2:45:52, max_mem_reserved: 25002 MB, max_mem_allocated: 13654 MB
[2025/11/14 18:14:34] ppocr INFO: epoch: [5/20], global_step: 5140, lr: 0.000006, acc: 0.281801, norm_edit_dis: 0.824018, CTCLoss: 21.558496, NRTRLoss: 1.467046, loss: 23.004650, avg_reader_cost: 0.00286 s, avg_batch_cost: 0.45208 s, avg_samples: 89.4, ips: 197.75420 samples/s, eta: 2:45:42, max_mem_reserved: 25002 MB, max_mem_allocated: 13654 MB
[2025/11/14 18:14:39] ppocr INFO: epoch: [5/20], global_step: 5150, lr: 0.000006, acc: 0.258823, norm_edit_dis: 0.805744, CTCLoss: 23.614934, NRTRLoss: 1.508214, loss: 25.069735, avg_reader_cost: 0.00283 s, avg_batch_cost: 0.50849 s, avg_samples: 113.0, ips: 222.22674 samples/s, eta: 2:45:33, max_mem_reserved: 25002 MB, max_mem_allocated: 13654 MB
[2025/11/14 18:14:43] ppocr INFO: epoch: [5/20], global_step: 5160, lr: 0.000006, acc: 0.282353, norm_edit_dis: 0.824803, CTCLoss: 23.723349, NRTRLoss: 1.474940, loss: 25.163234, avg_reader_cost: 0.00280 s, avg_batch_cost: 0.42481 s, avg_samples: 76.6, ips: 180.31619 samples/s, eta: 2:45:21, max_mem_reserved: 25002 MB, max_mem_allocated: 13654 MB
[2025/11/14 18:14:48] ppocr INFO: epoch: [5/20], global_step: 5170, lr: 0.000006, acc: 0.305882, norm_edit_dis: 0.827148, CTCLoss: 23.140435, NRTRLoss: 1.467667, loss: 24.578002, avg_reader_cost: 0.00285 s, avg_batch_cost: 0.50357 s, avg_samples: 106.6, ips: 211.68695 samples/s, eta: 2:45:12, max_mem_reserved: 25002 MB, max_mem_allocated: 13654 MB
[2025/11/14 18:14:53] ppocr INFO: epoch: [5/20], global_step: 5180, lr: 0.000006, acc: 0.234835, norm_edit_dis: 0.805889, CTCLoss: 24.816522, NRTRLoss: 1.482230, loss: 26.287266, avg_reader_cost: 0.00287 s, avg_batch_cost: 0.45579 s, avg_samples: 89.5, ips: 196.36257 samples/s, eta: 2:45:02, max_mem_reserved: 25002 MB, max_mem_allocated: 13654 MB
[2025/11/14 18:14:58] ppocr INFO: epoch: [5/20], global_step: 5190, lr: 0.000006, acc: 0.256342, norm_edit_dis: 0.813176, CTCLoss: 22.344648, NRTRLoss: 1.475281, loss: 23.829865, avg_reader_cost: 0.00285 s, avg_batch_cost: 0.47302 s, avg_samples: 95.9, ips: 202.73853 samples/s, eta: 2:44:52, max_mem_reserved: 25002 MB, max_mem_allocated: 13654 MB
[2025/11/14 18:15:02] ppocr INFO: epoch: [5/20], global_step: 5200, lr: 0.000006, acc: 0.256342, norm_edit_dis: 0.817037, CTCLoss: 22.027587, NRTRLoss: 1.480106, loss: 23.501871, avg_reader_cost: 0.00283 s, avg_batch_cost: 0.45693 s, avg_samples: 89.5, ips: 195.87069 samples/s, eta: 2:44:41, max_mem_reserved: 25002 MB, max_mem_allocated: 13654 MB
[2025/11/14 18:15:31] ppocr INFO: cur metric, acc: 0.32949999967050003, norm_edit_dis: 0.8529083765933576, fps: 917.5509011877836
[2025/11/14 18:15:33] ppocr INFO: save best model is to ./output/best_accuracy
[2025/11/14 18:15:33] ppocr INFO: best metric, acc: 0.32949999967050003, is_float16: False, norm_edit_dis: 0.8529083765933576, fps: 917.5509011877836, best_epoch: 5
[2025/11/14 18:15:38] ppocr INFO: epoch: [5/20], global_step: 5210, lr: 0.000006, acc: 0.301379, norm_edit_dis: 0.826416, CTCLoss: 20.918016, NRTRLoss: 1.474245, loss: 22.377544, avg_reader_cost: 0.00289 s, avg_batch_cost: 0.48727 s, avg_samples: 95.8, ips: 196.60633 samples/s, eta: 2:44:32, max_mem_reserved: 25002 MB, max_mem_allocated: 13654 MB
[2025/11/14 18:15:43] ppocr INFO: epoch: [5/20], global_step: 5220, lr: 0.000006, acc: 0.229044, norm_edit_dis: 0.818853, CTCLoss: 23.505200, NRTRLoss: 1.472831, loss: 24.965879, avg_reader_cost: 0.00322 s, avg_batch_cost: 0.49407 s, avg_samples: 104.5, ips: 211.50703 samples/s, eta: 2:44:22, max_mem_reserved: 25002 MB, max_mem_allocated: 13654 MB
[2025/11/14 18:15:48] ppocr INFO: epoch: [5/20], global_step: 5230, lr: 0.000006, acc: 0.187500, norm_edit_dis: 0.692477, CTCLoss: 35.522339, NRTRLoss: 1.527108, loss: 37.069239, avg_reader_cost: 0.00286 s, avg_batch_cost: 0.47681 s, avg_samples: 98.1, ips: 205.74362 samples/s, eta: 2:44:13, max_mem_reserved: 25002 MB, max_mem_allocated: 13654 MB
[2025/11/14 18:15:52] ppocr INFO: epoch: [5/20], global_step: 5240, lr: 0.000006, acc: 0.210937, norm_edit_dis: 0.743136, CTCLoss: 29.356890, NRTRLoss: 1.511385, loss: 30.850969, avg_reader_cost: 0.00288 s, avg_batch_cost: 0.48537 s, avg_samples: 102.3, ips: 210.76682 samples/s, eta: 2:44:03, max_mem_reserved: 25002 MB, max_mem_allocated: 13654 MB
[2025/11/14 18:15:57] ppocr INFO: epoch: [5/20], global_step: 5250, lr: 0.000006, acc: 0.195680, norm_edit_dis: 0.793465, CTCLoss: 25.220606, NRTRLoss: 1.495977, loss: 26.685682, avg_reader_cost: 0.00286 s, avg_batch_cost: 0.47096 s, avg_samples: 95.9, ips: 203.62850 samples/s, eta: 2:43:53, max_mem_reserved: 25002 MB, max_mem_allocated: 13654 MB
[2025/11/14 18:16:02] ppocr INFO: epoch: [5/20], global_step: 5260, lr: 0.000006, acc: 0.242647, norm_edit_dis: 0.826705, CTCLoss: 22.636068, NRTRLoss: 1.484762, loss: 24.113029, avg_reader_cost: 0.00284 s, avg_batch_cost: 0.46988 s, avg_samples: 95.9, ips: 204.09529 samples/s, eta: 2:43:43, max_mem_reserved: 25002 MB, max_mem_allocated: 13654 MB
[2025/11/14 18:16:06] ppocr INFO: epoch: [5/20], global_step: 5270, lr: 0.000006, acc: 0.254412, norm_edit_dis: 0.822518, CTCLoss: 20.314459, NRTRLoss: 1.474549, loss: 21.751847, avg_reader_cost: 0.00284 s, avg_batch_cost: 0.45889 s, avg_samples: 87.3, ips: 190.24039 samples/s, eta: 2:43:33, max_mem_reserved: 25002 MB, max_mem_allocated: 13654 MB
[2025/11/14 18:16:11] ppocr INFO: epoch: [5/20], global_step: 5280, lr: 0.000006, acc: 0.293566, norm_edit_dis: 0.818939, CTCLoss: 20.314459, NRTRLoss: 1.470508, loss: 21.751847, avg_reader_cost: 0.00284 s, avg_batch_cost: 0.47552 s, avg_samples: 98.0, ips: 206.09182 samples/s, eta: 2:43:23, max_mem_reserved: 25002 MB, max_mem_allocated: 13654 MB
[2025/11/14 18:16:16] ppocr INFO: epoch: [5/20], global_step: 5290, lr: 0.000006, acc: 0.281801, norm_edit_dis: 0.818939, CTCLoss: 20.573305, NRTRLoss: 1.486399, loss: 22.050142, avg_reader_cost: 0.00285 s, avg_batch_cost: 0.45452 s, avg_samples: 89.5, ips: 196.91196 samples/s, eta: 2:43:13, max_mem_reserved: 25002 MB, max_mem_allocated: 13654 MB
[2025/11/14 18:16:20] ppocr INFO: epoch: [5/20], global_step: 5300, lr: 0.000006, acc: 0.276471, norm_edit_dis: 0.828027, CTCLoss: 20.474016, NRTRLoss: 1.473529, loss: 21.949588, avg_reader_cost: 0.00281 s, avg_batch_cost: 0.45137 s, avg_samples: 87.4, ips: 193.63447 samples/s, eta: 2:43:02, max_mem_reserved: 25002 MB, max_mem_allocated: 13654 MB
[2025/11/14 18:16:48] ppocr INFO: cur metric, acc: 0.3357999996642, norm_edit_dis: 0.854448207289994, fps: 919.0039954494852
[2025/11/14 18:16:51] ppocr INFO: save best model is to ./output/best_accuracy
[2025/11/14 18:16:51] ppocr INFO: best metric, acc: 0.3357999996642, is_float16: False, norm_edit_dis: 0.854448207289994, fps: 919.0039954494852, best_epoch: 5
[2025/11/14 18:16:56] ppocr INFO: epoch: [5/20], global_step: 5310, lr: 0.000006, acc: 0.281250, norm_edit_dis: 0.822461, CTCLoss: 20.536869, NRTRLoss: 1.477118, loss: 22.010378, avg_reader_cost: 0.00338 s, avg_batch_cost: 0.49913 s, avg_samples: 100.2, ips: 200.74824 samples/s, eta: 2:42:53, max_mem_reserved: 25002 MB, max_mem_allocated: 13654 MB
[2025/11/14 18:17:01] ppocr INFO: epoch: [5/20], global_step: 5320, lr: 0.000006, acc: 0.258823, norm_edit_dis: 0.819558, CTCLoss: 23.618898, NRTRLoss: 1.496255, loss: 25.087982, avg_reader_cost: 0.00285 s, avg_batch_cost: 0.47104 s, avg_samples: 95.9, ips: 203.59020 samples/s, eta: 2:42:44, max_mem_reserved: 25002 MB, max_mem_allocated: 13654 MB
[2025/11/14 18:17:05] ppocr INFO: epoch: [5/20], global_step: 5330, lr: 0.000006, acc: 0.275919, norm_edit_dis: 0.844260, CTCLoss: 20.982475, NRTRLoss: 1.459198, loss: 22.417282, avg_reader_cost: 0.00294 s, avg_batch_cost: 0.43036 s, avg_samples: 78.8, ips: 183.10345 samples/s, eta: 2:42:33, max_mem_reserved: 25002 MB, max_mem_allocated: 13654 MB
[2025/11/14 18:17:10] ppocr INFO: epoch: [5/20], global_step: 5340, lr: 0.000006, acc: 0.275919, norm_edit_dis: 0.826106, CTCLoss: 21.122555, NRTRLoss: 1.477873, loss: 22.586171, avg_reader_cost: 0.00305 s, avg_batch_cost: 0.52495 s, avg_samples: 104.5, ips: 199.06845 samples/s, eta: 2:42:24, max_mem_reserved: 25002 MB, max_mem_allocated: 13654 MB
[2025/11/14 18:17:15] ppocr INFO: epoch: [5/20], global_step: 5350, lr: 0.000006, acc: 0.187500, norm_edit_dis: 0.697638, CTCLoss: 32.806795, NRTRLoss: 1.551311, loss: 34.358662, avg_reader_cost: 0.00289 s, avg_batch_cost: 0.49474 s, avg_samples: 104.5, ips: 211.22401 samples/s, eta: 2:42:15, max_mem_reserved: 25002 MB, max_mem_allocated: 13654 MB
[2025/11/14 18:17:20] ppocr INFO: epoch: [5/20], global_step: 5360, lr: 0.000006, acc: 0.187500, norm_edit_dis: 0.686297, CTCLoss: 33.978949, NRTRLoss: 1.556875, loss: 35.536819, avg_reader_cost: 0.00285 s, avg_batch_cost: 0.50801 s, avg_samples: 110.9, ips: 218.30149 samples/s, eta: 2:42:07, max_mem_reserved: 25002 MB, max_mem_allocated: 13654 MB
[2025/11/14 18:17:25] ppocr INFO: epoch: [5/20], global_step: 5370, lr: 0.000006, acc: 0.207031, norm_edit_dis: 0.745226, CTCLoss: 29.614560, NRTRLoss: 1.499282, loss: 31.130765, avg_reader_cost: 0.00330 s, avg_batch_cost: 0.46319 s, avg_samples: 91.6, ips: 197.75745 samples/s, eta: 2:41:57, max_mem_reserved: 25002 MB, max_mem_allocated: 13654 MB
[2025/11/14 18:17:30] ppocr INFO: epoch: [5/20], global_step: 5380, lr: 0.000006, acc: 0.235294, norm_edit_dis: 0.814704, CTCLoss: 22.206946, NRTRLoss: 1.488731, loss: 23.682257, avg_reader_cost: 0.00288 s, avg_batch_cost: 0.48680 s, avg_samples: 102.3, ips: 210.14732 samples/s, eta: 2:41:48, max_mem_reserved: 25002 MB, max_mem_allocated: 13654 MB
[2025/11/14 18:17:34] ppocr INFO: epoch: [5/20], global_step: 5390, lr: 0.000006, acc: 0.256342, norm_edit_dis: 0.811103, CTCLoss: 22.527368, NRTRLoss: 1.490137, loss: 23.976155, avg_reader_cost: 0.00284 s, avg_batch_cost: 0.47354 s, avg_samples: 98.0, ips: 206.95345 samples/s, eta: 2:41:38, max_mem_reserved: 25002 MB, max_mem_allocated: 13654 MB
[2025/11/14 18:17:39] ppocr INFO: epoch: [5/20], global_step: 5400, lr: 0.000006, acc: 0.246094, norm_edit_dis: 0.760492, CTCLoss: 27.212935, NRTRLoss: 1.512399, loss: 28.746820, avg_reader_cost: 0.00280 s, avg_batch_cost: 0.49149 s, avg_samples: 104.5, ips: 212.61751 samples/s, eta: 2:41:29, max_mem_reserved: 25002 MB, max_mem_allocated: 13654 MB
[2025/11/14 18:18:07] ppocr INFO: cur metric, acc: 0.31579999968420003, norm_edit_dis: 0.8463016712629218, fps: 919.0652736218811
[2025/11/14 18:18:07] ppocr INFO: best metric, acc: 0.3357999996642, is_float16: False, norm_edit_dis: 0.854448207289994, fps: 919.0039954494852, best_epoch: 5
[2025/11/14 18:18:11] ppocr INFO: epoch: [5/20], global_step: 5410, lr: 0.000006, acc: 0.295496, norm_edit_dis: 0.818758, CTCLoss: 19.817207, NRTRLoss: 1.486578, loss: 21.286362, avg_reader_cost: 0.00346 s, avg_batch_cost: 0.46621 s, avg_samples: 80.9, ips: 173.52611 samples/s, eta: 2:41:19, max_mem_reserved: 25002 MB, max_mem_allocated: 13654 MB
[2025/11/14 18:18:16] ppocr INFO: epoch: [5/20], global_step: 5420, lr: 0.000006, acc: 0.305882, norm_edit_dis: 0.819171, CTCLoss: 18.460903, NRTRLoss: 1.461058, loss: 19.927717, avg_reader_cost: 0.00322 s, avg_batch_cost: 0.46687 s, avg_samples: 93.7, ips: 200.69764 samples/s, eta: 2:41:10, max_mem_reserved: 25002 MB, max_mem_allocated: 13654 MB
[2025/11/14 18:18:21] ppocr INFO: epoch: [5/20], global_step: 5430, lr: 0.000006, acc: 0.305882, norm_edit_dis: 0.821519, CTCLoss: 19.750828, NRTRLoss: 1.475513, loss: 21.218048, avg_reader_cost: 0.00276 s, avg_batch_cost: 0.45683 s, avg_samples: 89.4, ips: 195.69570 samples/s, eta: 2:41:00, max_mem_reserved: 25002 MB, max_mem_allocated: 13654 MB
[2025/11/14 18:18:23] ppocr INFO: save model in ./output/latest
[2025/11/14 18:18:24] ppocr INFO: save model in ./output/iter_epoch_5
[2025/11/14 18:18:31] ppocr INFO: epoch: [6/20], global_step: 5440, lr: 0.000006, acc: 0.315073, norm_edit_dis: 0.823189, CTCLoss: 20.663632, NRTRLoss: 1.477100, loss: 22.134985, avg_reader_cost: 0.54806 s, avg_batch_cost: 1.01956 s, avg_samples: 95.9, ips: 94.05973 samples/s, eta: 2:41:06, max_mem_reserved: 25002 MB, max_mem_allocated: 13654 MB
[2025/11/14 18:18:36] ppocr INFO: epoch: [6/20], global_step: 5450, lr: 0.000006, acc: 0.297426, norm_edit_dis: 0.821694, CTCLoss: 19.997900, NRTRLoss: 1.471480, loss: 21.445732, avg_reader_cost: 0.00289 s, avg_batch_cost: 0.48245 s, avg_samples: 100.2, ips: 207.68819 samples/s, eta: 2:40:57, max_mem_reserved: 25002 MB, max_mem_allocated: 13654 MB
[2025/11/14 18:18:40] ppocr INFO: epoch: [6/20], global_step: 5460, lr: 0.000006, acc: 0.241176, norm_edit_dis: 0.815828, CTCLoss: 21.866493, NRTRLoss: 1.477381, loss: 23.308405, avg_reader_cost: 0.00288 s, avg_batch_cost: 0.45551 s, avg_samples: 89.5, ips: 196.48261 samples/s, eta: 2:40:47, max_mem_reserved: 25002 MB, max_mem_allocated: 13654 MB
[2025/11/14 18:18:45] ppocr INFO: epoch: [6/20], global_step: 5470, lr: 0.000006, acc: 0.241176, norm_edit_dis: 0.813532, CTCLoss: 21.866493, NRTRLoss: 1.479689, loss: 23.308405, avg_reader_cost: 0.00287 s, avg_batch_cost: 0.48609 s, avg_samples: 102.3, ips: 210.45379 samples/s, eta: 2:40:38, max_mem_reserved: 25002 MB, max_mem_allocated: 13654 MB
[2025/11/14 18:18:49] ppocr INFO: epoch: [6/20], global_step: 5480, lr: 0.000006, acc: 0.281801, norm_edit_dis: 0.821182, CTCLoss: 20.341094, NRTRLoss: 1.461508, loss: 21.797479, avg_reader_cost: 0.00288 s, avg_batch_cost: 0.42675 s, avg_samples: 76.7, ips: 179.73034 samples/s, eta: 2:40:27, max_mem_reserved: 25002 MB, max_mem_allocated: 13654 MB
[2025/11/14 18:18:54] ppocr INFO: epoch: [6/20], global_step: 5490, lr: 0.000006, acc: 0.273437, norm_edit_dis: 0.821920, CTCLoss: 20.538153, NRTRLoss: 1.456164, loss: 21.966108, avg_reader_cost: 0.00310 s, avg_batch_cost: 0.48513 s, avg_samples: 102.3, ips: 210.86942 samples/s, eta: 2:40:18, max_mem_reserved: 25002 MB, max_mem_allocated: 13654 MB
[2025/11/14 18:18:59] ppocr INFO: epoch: [6/20], global_step: 5500, lr: 0.000006, acc: 0.262224, norm_edit_dis: 0.813153, CTCLoss: 21.291946, NRTRLoss: 1.486250, loss: 22.793521, avg_reader_cost: 0.00288 s, avg_batch_cost: 0.45648 s, avg_samples: 91.5, ips: 200.44686 samples/s, eta: 2:40:08, max_mem_reserved: 25002 MB, max_mem_allocated: 13654 MB
[2025/11/14 18:19:27] ppocr INFO: cur metric, acc: 0.3421999996578, norm_edit_dis: 0.8555472542642268, fps: 919.6049870286774
[2025/11/14 18:19:29] ppocr INFO: save best model is to ./output/best_accuracy
[2025/11/14 18:19:29] ppocr INFO: best metric, acc: 0.3421999996578, is_float16: False, norm_edit_dis: 0.8555472542642268, fps: 919.6049870286774, best_epoch: 6
[2025/11/14 18:19:35] ppocr INFO: epoch: [6/20], global_step: 5510, lr: 0.000006, acc: 0.288235, norm_edit_dis: 0.815543, CTCLoss: 20.592297, NRTRLoss: 1.470154, loss: 22.067119, avg_reader_cost: 0.00292 s, avg_batch_cost: 0.52378 s, avg_samples: 100.1, ips: 191.10935 samples/s, eta: 2:40:00, max_mem_reserved: 25002 MB, max_mem_allocated: 13654 MB
[2025/11/14 18:19:40] ppocr INFO: epoch: [6/20], global_step: 5520, lr: 0.000006, acc: 0.214844, norm_edit_dis: 0.710409, CTCLoss: 31.919186, NRTRLoss: 1.513111, loss: 33.417913, avg_reader_cost: 0.00288 s, avg_batch_cost: 0.51108 s, avg_samples: 108.8, ips: 212.88198 samples/s, eta: 2:39:52, max_mem_reserved: 25002 MB, max_mem_allocated: 13654 MB
[2025/11/14 18:19:44] ppocr INFO: epoch: [6/20], global_step: 5530, lr: 0.000006, acc: 0.218750, norm_edit_dis: 0.770951, CTCLoss: 26.111414, NRTRLoss: 1.484760, loss: 27.575272, avg_reader_cost: 0.00289 s, avg_batch_cost: 0.45795 s, avg_samples: 87.4, ips: 190.85247 samples/s, eta: 2:39:42, max_mem_reserved: 25002 MB, max_mem_allocated: 13654 MB
[2025/11/14 18:19:49] ppocr INFO: epoch: [6/20], global_step: 5540, lr: 0.000006, acc: 0.294118, norm_edit_dis: 0.823724, CTCLoss: 19.961761, NRTRLoss: 1.459661, loss: 21.406951, avg_reader_cost: 0.00290 s, avg_batch_cost: 0.47519 s, avg_samples: 95.8, ips: 201.60557 samples/s, eta: 2:39:33, max_mem_reserved: 25002 MB, max_mem_allocated: 13654 MB
[2025/11/14 18:19:53] ppocr INFO: epoch: [6/20], global_step: 5550, lr: 0.000006, acc: 0.281801, norm_edit_dis: 0.835671, CTCLoss: 19.290342, NRTRLoss: 1.443880, loss: 20.714393, avg_reader_cost: 0.00289 s, avg_batch_cost: 0.42803 s, avg_samples: 76.6, ips: 178.95866 samples/s, eta: 2:39:22, max_mem_reserved: 25002 MB, max_mem_allocated: 13654 MB
[2025/11/14 18:19:58] ppocr INFO: epoch: [6/20], global_step: 5560, lr: 0.000006, acc: 0.315073, norm_edit_dis: 0.839173, CTCLoss: 18.261341, NRTRLoss: 1.441533, loss: 19.684039, avg_reader_cost: 0.00284 s, avg_batch_cost: 0.44930 s, avg_samples: 85.2, ips: 189.62644 samples/s, eta: 2:39:12, max_mem_reserved: 25002 MB, max_mem_allocated: 13654 MB
[2025/11/14 18:20:02] ppocr INFO: epoch: [6/20], global_step: 5570, lr: 0.000006, acc: 0.309191, norm_edit_dis: 0.829865, CTCLoss: 20.963287, NRTRLoss: 1.448209, loss: 22.439523, avg_reader_cost: 0.00286 s, avg_batch_cost: 0.46832 s, avg_samples: 91.7, ips: 195.80758 samples/s, eta: 2:39:02, max_mem_reserved: 25002 MB, max_mem_allocated: 13654 MB
[2025/11/14 18:20:07] ppocr INFO: epoch: [6/20], global_step: 5580, lr: 0.000006, acc: 0.203125, norm_edit_dis: 0.759333, CTCLoss: 26.284961, NRTRLoss: 1.504006, loss: 27.804129, avg_reader_cost: 0.00285 s, avg_batch_cost: 0.50250 s, avg_samples: 106.6, ips: 212.13975 samples/s, eta: 2:38:54, max_mem_reserved: 25002 MB, max_mem_allocated: 13654 MB
[2025/11/14 18:20:13] ppocr INFO: epoch: [6/20], global_step: 5590, lr: 0.000006, acc: 0.203125, norm_edit_dis: 0.703003, CTCLoss: 31.084727, NRTRLoss: 1.527502, loss: 32.616226, avg_reader_cost: 0.00288 s, avg_batch_cost: 0.51076 s, avg_samples: 108.7, ips: 212.81848 samples/s, eta: 2:38:46, max_mem_reserved: 25002 MB, max_mem_allocated: 13654 MB
[2025/11/14 18:20:17] ppocr INFO: epoch: [6/20], global_step: 5600, lr: 0.000006, acc: 0.248529, norm_edit_dis: 0.827711, CTCLoss: 21.133486, NRTRLoss: 1.471088, loss: 22.572365, avg_reader_cost: 0.00282 s, avg_batch_cost: 0.45942 s, avg_samples: 87.4, ips: 190.24068 samples/s, eta: 2:38:36, max_mem_reserved: 25002 MB, max_mem_allocated: 13654 MB
[2025/11/14 18:20:45] ppocr INFO: cur metric, acc: 0.3387999996612, norm_edit_dis: 0.8533764277074978, fps: 918.1898907177095
[2025/11/14 18:20:45] ppocr INFO: best metric, acc: 0.3421999996578, is_float16: False, norm_edit_dis: 0.8555472542642268, fps: 919.6049870286774, best_epoch: 6
[2025/11/14 18:20:49] ppocr INFO: epoch: [6/20], global_step: 5610, lr: 0.000006, acc: 0.295496, norm_edit_dis: 0.833407, CTCLoss: 18.302286, NRTRLoss: 1.443157, loss: 19.761460, avg_reader_cost: 0.00291 s, avg_batch_cost: 0.44903 s, avg_samples: 85.1, ips: 189.52063 samples/s, eta: 2:38:26, max_mem_reserved: 25002 MB, max_mem_allocated: 13654 MB
[2025/11/14 18:20:54] ppocr INFO: epoch: [6/20], global_step: 5620, lr: 0.000006, acc: 0.294118, norm_edit_dis: 0.815679, CTCLoss: 18.362045, NRTRLoss: 1.465416, loss: 19.857097, avg_reader_cost: 0.00283 s, avg_batch_cost: 0.48486 s, avg_samples: 102.3, ips: 210.98792 samples/s, eta: 2:38:17, max_mem_reserved: 25002 MB, max_mem_allocated: 13654 MB
[2025/11/14 18:20:59] ppocr INFO: epoch: [6/20], global_step: 5630, lr: 0.000006, acc: 0.300000, norm_edit_dis: 0.828292, CTCLoss: 19.068721, NRTRLoss: 1.454110, loss: 20.509050, avg_reader_cost: 0.00282 s, avg_batch_cost: 0.45068 s, avg_samples: 87.3, ips: 193.70783 samples/s, eta: 2:38:07, max_mem_reserved: 25002 MB, max_mem_allocated: 13654 MB
[2025/11/14 18:21:03] ppocr INFO: epoch: [6/20], global_step: 5640, lr: 0.000006, acc: 0.309191, norm_edit_dis: 0.835014, CTCLoss: 17.612049, NRTRLoss: 1.452891, loss: 19.087476, avg_reader_cost: 0.00283 s, avg_batch_cost: 0.45534 s, avg_samples: 89.5, ips: 196.55484 samples/s, eta: 2:37:58, max_mem_reserved: 25002 MB, max_mem_allocated: 13654 MB
[2025/11/14 18:21:08] ppocr INFO: epoch: [6/20], global_step: 5650, lr: 0.000006, acc: 0.281801, norm_edit_dis: 0.829338, CTCLoss: 17.959691, NRTRLoss: 1.448744, loss: 19.419749, avg_reader_cost: 0.00279 s, avg_batch_cost: 0.44261 s, avg_samples: 83.2, ips: 187.97443 samples/s, eta: 2:37:47, max_mem_reserved: 25002 MB, max_mem_allocated: 13654 MB
[2025/11/14 18:21:12] ppocr INFO: epoch: [6/20], global_step: 5660, lr: 0.000006, acc: 0.289062, norm_edit_dis: 0.820818, CTCLoss: 18.876698, NRTRLoss: 1.441685, loss: 20.377292, avg_reader_cost: 0.00281 s, avg_batch_cost: 0.45571 s, avg_samples: 85.2, ips: 186.96135 samples/s, eta: 2:37:38, max_mem_reserved: 25002 MB, max_mem_allocated: 13654 MB
[2025/11/14 18:21:17] ppocr INFO: epoch: [6/20], global_step: 5670, lr: 0.000006, acc: 0.312500, norm_edit_dis: 0.825283, CTCLoss: 18.405096, NRTRLoss: 1.466733, loss: 19.897170, avg_reader_cost: 0.00281 s, avg_batch_cost: 0.43521 s, avg_samples: 80.9, ips: 185.88933 samples/s, eta: 2:37:28, max_mem_reserved: 25002 MB, max_mem_allocated: 13654 MB
[2025/11/14 18:21:22] ppocr INFO: epoch: [6/20], global_step: 5680, lr: 0.000006, acc: 0.303309, norm_edit_dis: 0.823473, CTCLoss: 19.285195, NRTRLoss: 1.482787, loss: 20.721030, avg_reader_cost: 0.00323 s, avg_batch_cost: 0.49462 s, avg_samples: 104.4, ips: 211.07269 samples/s, eta: 2:37:19, max_mem_reserved: 25002 MB, max_mem_allocated: 13654 MB
[2025/11/14 18:21:26] ppocr INFO: epoch: [6/20], global_step: 5690, lr: 0.000006, acc: 0.294118, norm_edit_dis: 0.806475, CTCLoss: 19.915491, NRTRLoss: 1.485595, loss: 21.401086, avg_reader_cost: 0.00282 s, avg_batch_cost: 0.44673 s, avg_samples: 85.2, ips: 190.72090 samples/s, eta: 2:37:09, max_mem_reserved: 25002 MB, max_mem_allocated: 13654 MB
[2025/11/14 18:21:30] ppocr INFO: epoch: [6/20], global_step: 5700, lr: 0.000006, acc: 0.309191, norm_edit_dis: 0.824853, CTCLoss: 18.967188, NRTRLoss: 1.458801, loss: 20.415442, avg_reader_cost: 0.00281 s, avg_batch_cost: 0.44045 s, avg_samples: 83.1, ips: 188.67174 samples/s, eta: 2:36:59, max_mem_reserved: 25002 MB, max_mem_allocated: 13654 MB
[2025/11/14 18:21:58] ppocr INFO: cur metric, acc: 0.3542999996457, norm_edit_dis: 0.8589698272376272, fps: 918.539831627252
[2025/11/14 18:22:01] ppocr INFO: save best model is to ./output/best_accuracy
[2025/11/14 18:22:01] ppocr INFO: best metric, acc: 0.3542999996457, is_float16: False, norm_edit_dis: 0.8589698272376272, fps: 918.539831627252, best_epoch: 6
[2025/11/14 18:22:06] ppocr INFO: epoch: [6/20], global_step: 5710, lr: 0.000006, acc: 0.328768, norm_edit_dis: 0.838428, CTCLoss: 17.924834, NRTRLoss: 1.443397, loss: 19.364693, avg_reader_cost: 0.00288 s, avg_batch_cost: 0.50756 s, avg_samples: 100.1, ips: 197.21683 samples/s, eta: 2:36:51, max_mem_reserved: 25002 MB, max_mem_allocated: 13654 MB
[2025/11/14 18:22:10] ppocr INFO: epoch: [6/20], global_step: 5720, lr: 0.000006, acc: 0.311121, norm_edit_dis: 0.836621, CTCLoss: 19.413758, NRTRLoss: 1.442276, loss: 20.852699, avg_reader_cost: 0.00286 s, avg_batch_cost: 0.45943 s, avg_samples: 89.5, ips: 194.80596 samples/s, eta: 2:36:41, max_mem_reserved: 25002 MB, max_mem_allocated: 13654 MB
[2025/11/14 18:22:15] ppocr INFO: epoch: [6/20], global_step: 5730, lr: 0.000006, acc: 0.352941, norm_edit_dis: 0.843764, CTCLoss: 18.061191, NRTRLoss: 1.435094, loss: 19.480181, avg_reader_cost: 0.00286 s, avg_batch_cost: 0.44593 s, avg_samples: 85.2, ips: 191.06162 samples/s, eta: 2:36:32, max_mem_reserved: 25002 MB, max_mem_allocated: 13654 MB
[2025/11/14 18:22:20] ppocr INFO: epoch: [6/20], global_step: 5740, lr: 0.000006, acc: 0.334651, norm_edit_dis: 0.837912, CTCLoss: 18.385313, NRTRLoss: 1.448582, loss: 19.807560, avg_reader_cost: 0.00283 s, avg_batch_cost: 0.47080 s, avg_samples: 95.9, ips: 203.69601 samples/s, eta: 2:36:23, max_mem_reserved: 25002 MB, max_mem_allocated: 13654 MB
[2025/11/14 18:22:24] ppocr INFO: epoch: [6/20], global_step: 5750, lr: 0.000006, acc: 0.281801, norm_edit_dis: 0.819261, CTCLoss: 19.029860, NRTRLoss: 1.468389, loss: 20.478179, avg_reader_cost: 0.00286 s, avg_batch_cost: 0.45619 s, avg_samples: 89.5, ips: 196.19026 samples/s, eta: 2:36:13, max_mem_reserved: 25002 MB, max_mem_allocated: 13654 MB
[2025/11/14 18:22:29] ppocr INFO: epoch: [6/20], global_step: 5760, lr: 0.000006, acc: 0.329412, norm_edit_dis: 0.819261, CTCLoss: 19.145532, NRTRLoss: 1.462266, loss: 20.596239, avg_reader_cost: 0.00288 s, avg_batch_cost: 0.46055 s, avg_samples: 91.6, ips: 198.89391 samples/s, eta: 2:36:04, max_mem_reserved: 25002 MB, max_mem_allocated: 13654 MB
[2025/11/14 18:22:33] ppocr INFO: epoch: [6/20], global_step: 5770, lr: 0.000006, acc: 0.299448, norm_edit_dis: 0.816436, CTCLoss: 18.609024, NRTRLoss: 1.449285, loss: 20.072914, avg_reader_cost: 0.00284 s, avg_batch_cost: 0.45743 s, avg_samples: 89.5, ips: 195.65765 samples/s, eta: 2:35:54, max_mem_reserved: 25002 MB, max_mem_allocated: 13654 MB
[2025/11/14 18:22:38] ppocr INFO: epoch: [6/20], global_step: 5780, lr: 0.000006, acc: 0.262224, norm_edit_dis: 0.800095, CTCLoss: 19.294222, NRTRLoss: 1.463890, loss: 20.780383, avg_reader_cost: 0.00290 s, avg_batch_cost: 0.47688 s, avg_samples: 98.0, ips: 205.50311 samples/s, eta: 2:35:45, max_mem_reserved: 25002 MB, max_mem_allocated: 13654 MB
[2025/11/14 18:22:43] ppocr INFO: epoch: [6/20], global_step: 5790, lr: 0.000006, acc: 0.262224, norm_edit_dis: 0.789957, CTCLoss: 23.141667, NRTRLoss: 1.497084, loss: 24.617245, avg_reader_cost: 0.00286 s, avg_batch_cost: 0.48154 s, avg_samples: 100.2, ips: 208.08264 samples/s, eta: 2:35:37, max_mem_reserved: 25002 MB, max_mem_allocated: 13654 MB
[2025/11/14 18:22:48] ppocr INFO: epoch: [6/20], global_step: 5800, lr: 0.000006, acc: 0.241176, norm_edit_dis: 0.802773, CTCLoss: 21.624706, NRTRLoss: 1.482928, loss: 23.086288, avg_reader_cost: 0.00288 s, avg_batch_cost: 0.47605 s, avg_samples: 98.0, ips: 205.85870 samples/s, eta: 2:35:28, max_mem_reserved: 25002 MB, max_mem_allocated: 13654 MB
[2025/11/14 18:23:16] ppocr INFO: cur metric, acc: 0.3440999996559, norm_edit_dis: 0.8535369426762622, fps: 923.3336807141021
[2025/11/14 18:23:16] ppocr INFO: best metric, acc: 0.3542999996457, is_float16: False, norm_edit_dis: 0.8589698272376272, fps: 918.539831627252, best_epoch: 6
[2025/11/14 18:23:20] ppocr INFO: epoch: [6/20], global_step: 5810, lr: 0.000006, acc: 0.258823, norm_edit_dis: 0.815197, CTCLoss: 20.088710, NRTRLoss: 1.473805, loss: 21.519465, avg_reader_cost: 0.00286 s, avg_batch_cost: 0.47457 s, avg_samples: 93.7, ips: 197.44060 samples/s, eta: 2:35:19, max_mem_reserved: 25002 MB, max_mem_allocated: 13654 MB
[2025/11/14 18:23:25] ppocr INFO: epoch: [6/20], global_step: 5820, lr: 0.000006, acc: 0.270037, norm_edit_dis: 0.815129, CTCLoss: 19.791709, NRTRLoss: 1.475286, loss: 21.244612, avg_reader_cost: 0.00287 s, avg_batch_cost: 0.47213 s, avg_samples: 95.9, ips: 203.12225 samples/s, eta: 2:35:10, max_mem_reserved: 25002 MB, max_mem_allocated: 13654 MB
[2025/11/14 18:23:30] ppocr INFO: epoch: [6/20], global_step: 5830, lr: 0.000006, acc: 0.288235, norm_edit_dis: 0.807491, CTCLoss: 18.780056, NRTRLoss: 1.480205, loss: 20.238241, avg_reader_cost: 0.00284 s, avg_batch_cost: 0.47011 s, avg_samples: 95.8, ips: 203.78360 samples/s, eta: 2:35:01, max_mem_reserved: 25002 MB, max_mem_allocated: 13654 MB
[2025/11/14 18:23:34] ppocr INFO: epoch: [6/20], global_step: 5840, lr: 0.000006, acc: 0.322886, norm_edit_dis: 0.826784, CTCLoss: 17.897097, NRTRLoss: 1.467900, loss: 19.348950, avg_reader_cost: 0.00281 s, avg_batch_cost: 0.43431 s, avg_samples: 80.9, ips: 186.27187 samples/s, eta: 2:34:51, max_mem_reserved: 25002 MB, max_mem_allocated: 13654 MB
[2025/11/14 18:23:39] ppocr INFO: epoch: [6/20], global_step: 5850, lr: 0.000006, acc: 0.311765, norm_edit_dis: 0.824304, CTCLoss: 18.832173, NRTRLoss: 1.462150, loss: 20.289651, avg_reader_cost: 0.00282 s, avg_batch_cost: 0.46106 s, avg_samples: 91.6, ips: 198.67060 samples/s, eta: 2:34:42, max_mem_reserved: 25002 MB, max_mem_allocated: 13654 MB
[2025/11/14 18:23:43] ppocr INFO: epoch: [6/20], global_step: 5860, lr: 0.000006, acc: 0.281250, norm_edit_dis: 0.822771, CTCLoss: 18.466229, NRTRLoss: 1.457671, loss: 19.934123, avg_reader_cost: 0.00281 s, avg_batch_cost: 0.44587 s, avg_samples: 85.2, ips: 191.08818 samples/s, eta: 2:34:32, max_mem_reserved: 25002 MB, max_mem_allocated: 13654 MB
[2025/11/14 18:23:48] ppocr INFO: epoch: [6/20], global_step: 5870, lr: 0.000006, acc: 0.294118, norm_edit_dis: 0.830477, CTCLoss: 17.342978, NRTRLoss: 1.435425, loss: 18.792029, avg_reader_cost: 0.00328 s, avg_batch_cost: 0.43311 s, avg_samples: 78.8, ips: 181.93836 samples/s, eta: 2:34:22, max_mem_reserved: 25002 MB, max_mem_allocated: 13654 MB
[2025/11/14 18:23:52] ppocr INFO: epoch: [6/20], global_step: 5880, lr: 0.000006, acc: 0.322886, norm_edit_dis: 0.832184, CTCLoss: 17.711869, NRTRLoss: 1.437028, loss: 19.172778, avg_reader_cost: 0.00328 s, avg_batch_cost: 0.44771 s, avg_samples: 85.2, ips: 190.30251 samples/s, eta: 2:34:13, max_mem_reserved: 25002 MB, max_mem_allocated: 13654 MB
[2025/11/14 18:23:57] ppocr INFO: epoch: [6/20], global_step: 5890, lr: 0.000006, acc: 0.322886, norm_edit_dis: 0.822850, CTCLoss: 17.673069, NRTRLoss: 1.457471, loss: 19.130540, avg_reader_cost: 0.00283 s, avg_batch_cost: 0.44303 s, avg_samples: 85.1, ips: 192.08767 samples/s, eta: 2:34:03, max_mem_reserved: 25002 MB, max_mem_allocated: 13654 MB
[2025/11/14 18:24:01] ppocr INFO: epoch: [6/20], global_step: 5900, lr: 0.000006, acc: 0.322886, norm_edit_dis: 0.826920, CTCLoss: 17.390429, NRTRLoss: 1.453708, loss: 18.831706, avg_reader_cost: 0.00284 s, avg_batch_cost: 0.45268 s, avg_samples: 87.4, ips: 193.07412 samples/s, eta: 2:33:54, max_mem_reserved: 25002 MB, max_mem_allocated: 13654 MB
[2025/11/14 18:24:29] ppocr INFO: cur metric, acc: 0.3581999996418, norm_edit_dis: 0.8576080505518419, fps: 923.8134669906872
[2025/11/14 18:24:32] ppocr INFO: save best model is to ./output/best_accuracy
[2025/11/14 18:24:32] ppocr INFO: best metric, acc: 0.3581999996418, is_float16: False, norm_edit_dis: 0.8576080505518419, fps: 923.8134669906872, best_epoch: 6
[2025/11/14 18:24:37] ppocr INFO: epoch: [6/20], global_step: 5910, lr: 0.000006, acc: 0.307261, norm_edit_dis: 0.837685, CTCLoss: 18.074679, NRTRLoss: 1.440017, loss: 19.505684, avg_reader_cost: 0.00283 s, avg_batch_cost: 0.50350 s, avg_samples: 98.0, ips: 194.63923 samples/s, eta: 2:33:46, max_mem_reserved: 25002 MB, max_mem_allocated: 13654 MB
[2025/11/14 18:24:42] ppocr INFO: epoch: [6/20], global_step: 5920, lr: 0.000006, acc: 0.322886, norm_edit_dis: 0.828895, CTCLoss: 18.560652, NRTRLoss: 1.457978, loss: 20.022655, avg_reader_cost: 0.00285 s, avg_batch_cost: 0.46692 s, avg_samples: 93.8, ips: 200.88896 samples/s, eta: 2:33:37, max_mem_reserved: 25002 MB, max_mem_allocated: 13654 MB
[2025/11/14 18:24:46] ppocr INFO: epoch: [6/20], global_step: 5930, lr: 0.000006, acc: 0.300000, norm_edit_dis: 0.821245, CTCLoss: 18.438248, NRTRLoss: 1.457978, loss: 19.898221, avg_reader_cost: 0.00287 s, avg_batch_cost: 0.46872 s, avg_samples: 95.8, ips: 204.38495 samples/s, eta: 2:33:28, max_mem_reserved: 25002 MB, max_mem_allocated: 13654 MB
[2025/11/14 18:24:51] ppocr INFO: epoch: [6/20], global_step: 5940, lr: 0.000006, acc: 0.309191, norm_edit_dis: 0.830910, CTCLoss: 17.512960, NRTRLoss: 1.441494, loss: 18.932432, avg_reader_cost: 0.00287 s, avg_batch_cost: 0.43310 s, avg_samples: 78.9, ips: 182.17659 samples/s, eta: 2:33:18, max_mem_reserved: 25002 MB, max_mem_allocated: 13654 MB
[2025/11/14 18:24:55] ppocr INFO: epoch: [6/20], global_step: 5950, lr: 0.000006, acc: 0.312500, norm_edit_dis: 0.822806, CTCLoss: 17.512960, NRTRLoss: 1.463157, loss: 18.932432, avg_reader_cost: 0.00305 s, avg_batch_cost: 0.47829 s, avg_samples: 98.1, ips: 205.10470 samples/s, eta: 2:33:09, max_mem_reserved: 25002 MB, max_mem_allocated: 13654 MB
[2025/11/14 18:25:00] ppocr INFO: epoch: [6/20], global_step: 5960, lr: 0.000006, acc: 0.276471, norm_edit_dis: 0.815834, CTCLoss: 19.195473, NRTRLoss: 1.465234, loss: 20.655782, avg_reader_cost: 0.00288 s, avg_batch_cost: 0.47855 s, avg_samples: 100.1, ips: 209.17504 samples/s, eta: 2:33:01, max_mem_reserved: 25002 MB, max_mem_allocated: 13654 MB
[2025/11/14 18:25:04] ppocr INFO: epoch: [6/20], global_step: 5970, lr: 0.000006, acc: 0.329412, norm_edit_dis: 0.833757, CTCLoss: 16.471574, NRTRLoss: 1.448942, loss: 17.910716, avg_reader_cost: 0.00286 s, avg_batch_cost: 0.42496 s, avg_samples: 76.7, ips: 180.48945 samples/s, eta: 2:32:51, max_mem_reserved: 25002 MB, max_mem_allocated: 13654 MB
[2025/11/14 18:25:09] ppocr INFO: epoch: [6/20], global_step: 5980, lr: 0.000006, acc: 0.315073, norm_edit_dis: 0.833065, CTCLoss: 16.885424, NRTRLoss: 1.450448, loss: 18.313675, avg_reader_cost: 0.00291 s, avg_batch_cost: 0.48837 s, avg_samples: 102.2, ips: 209.26836 samples/s, eta: 2:32:42, max_mem_reserved: 25002 MB, max_mem_allocated: 13654 MB
[2025/11/14 18:25:14] ppocr INFO: epoch: [6/20], global_step: 5990, lr: 0.000006, acc: 0.273989, norm_edit_dis: 0.824381, CTCLoss: 17.708610, NRTRLoss: 1.461648, loss: 19.148318, avg_reader_cost: 0.00279 s, avg_batch_cost: 0.45164 s, avg_samples: 89.5, ips: 198.16558 samples/s, eta: 2:32:33, max_mem_reserved: 25002 MB, max_mem_allocated: 13654 MB
[2025/11/14 18:25:18] ppocr INFO: epoch: [6/20], global_step: 6000, lr: 0.000006, acc: 0.283732, norm_edit_dis: 0.827096, CTCLoss: 16.712760, NRTRLoss: 1.442099, loss: 18.152005, avg_reader_cost: 0.00303 s, avg_batch_cost: 0.44754 s, avg_samples: 87.3, ips: 195.06804 samples/s, eta: 2:32:24, max_mem_reserved: 25002 MB, max_mem_allocated: 13654 MB
[2025/11/14 18:25:46] ppocr INFO: cur metric, acc: 0.3593999996406, norm_edit_dis: 0.8553882016971618, fps: 927.2928832864964
[2025/11/14 18:25:48] ppocr INFO: save best model is to ./output/best_accuracy
[2025/11/14 18:25:48] ppocr INFO: best metric, acc: 0.3593999996406, is_float16: False, norm_edit_dis: 0.8553882016971618, fps: 927.2928832864964, best_epoch: 6
[2025/11/14 18:25:53] ppocr INFO: epoch: [6/20], global_step: 6010, lr: 0.000006, acc: 0.268107, norm_edit_dis: 0.826344, CTCLoss: 17.578987, NRTRLoss: 1.442178, loss: 19.006526, avg_reader_cost: 0.00349 s, avg_batch_cost: 0.47607 s, avg_samples: 95.9, ips: 201.44139 samples/s, eta: 2:32:15, max_mem_reserved: 25002 MB, max_mem_allocated: 13654 MB
[2025/11/14 18:25:58] ppocr INFO: epoch: [6/20], global_step: 6020, lr: 0.000006, acc: 0.294118, norm_edit_dis: 0.822744, CTCLoss: 18.021017, NRTRLoss: 1.471908, loss: 19.485515, avg_reader_cost: 0.00282 s, avg_batch_cost: 0.44884 s, avg_samples: 87.4, ips: 194.72609 samples/s, eta: 2:32:06, max_mem_reserved: 25002 MB, max_mem_allocated: 13654 MB
[2025/11/14 18:26:03] ppocr INFO: epoch: [6/20], global_step: 6030, lr: 0.000006, acc: 0.279871, norm_edit_dis: 0.810518, CTCLoss: 17.937619, NRTRLoss: 1.467431, loss: 19.409599, avg_reader_cost: 0.00290 s, avg_batch_cost: 0.47406 s, avg_samples: 98.0, ips: 206.72638 samples/s, eta: 2:31:57, max_mem_reserved: 25002 MB, max_mem_allocated: 13654 MB
[2025/11/14 18:26:07] ppocr INFO: epoch: [6/20], global_step: 6040, lr: 0.000006, acc: 0.242647, norm_edit_dis: 0.802153, CTCLoss: 19.493446, NRTRLoss: 1.471409, loss: 20.922952, avg_reader_cost: 0.00285 s, avg_batch_cost: 0.46470 s, avg_samples: 93.8, ips: 201.84899 samples/s, eta: 2:31:49, max_mem_reserved: 25002 MB, max_mem_allocated: 13654 MB
[2025/11/14 18:26:12] ppocr INFO: epoch: [6/20], global_step: 6050, lr: 0.000006, acc: 0.315073, norm_edit_dis: 0.828315, CTCLoss: 18.774734, NRTRLoss: 1.458939, loss: 20.200161, avg_reader_cost: 0.00321 s, avg_batch_cost: 0.46799 s, avg_samples: 93.8, ips: 200.43012 samples/s, eta: 2:31:40, max_mem_reserved: 25002 MB, max_mem_allocated: 13654 MB
[2025/11/14 18:26:16] ppocr INFO: epoch: [6/20], global_step: 6060, lr: 0.000006, acc: 0.326838, norm_edit_dis: 0.830986, CTCLoss: 17.466598, NRTRLoss: 1.444376, loss: 18.893002, avg_reader_cost: 0.00283 s, avg_batch_cost: 0.43426 s, avg_samples: 81.0, ips: 186.52314 samples/s, eta: 2:31:30, max_mem_reserved: 25002 MB, max_mem_allocated: 13654 MB
[2025/11/14 18:26:21] ppocr INFO: epoch: [6/20], global_step: 6070, lr: 0.000006, acc: 0.312500, norm_edit_dis: 0.831855, CTCLoss: 17.609169, NRTRLoss: 1.447945, loss: 19.053408, avg_reader_cost: 0.00290 s, avg_batch_cost: 0.47718 s, avg_samples: 100.1, ips: 209.77217 samples/s, eta: 2:31:22, max_mem_reserved: 25002 MB, max_mem_allocated: 13654 MB
[2025/11/14 18:26:26] ppocr INFO: epoch: [6/20], global_step: 6080, lr: 0.000006, acc: 0.300000, norm_edit_dis: 0.822375, CTCLoss: 18.352654, NRTRLoss: 1.456069, loss: 19.807014, avg_reader_cost: 0.00284 s, avg_batch_cost: 0.45485 s, avg_samples: 89.5, ips: 196.76867 samples/s, eta: 2:31:13, max_mem_reserved: 25002 MB, max_mem_allocated: 13654 MB
[2025/11/14 18:26:30] ppocr INFO: epoch: [6/20], global_step: 6090, lr: 0.000006, acc: 0.335294, norm_edit_dis: 0.824158, CTCLoss: 16.399801, NRTRLoss: 1.445207, loss: 17.835932, avg_reader_cost: 0.00284 s, avg_batch_cost: 0.44406 s, avg_samples: 85.2, ips: 191.86637 samples/s, eta: 2:31:03, max_mem_reserved: 25002 MB, max_mem_allocated: 13654 MB
[2025/11/14 18:26:35] ppocr INFO: epoch: [6/20], global_step: 6100, lr: 0.000006, acc: 0.341176, norm_edit_dis: 0.833341, CTCLoss: 15.624366, NRTRLoss: 1.440015, loss: 17.050124, avg_reader_cost: 0.00322 s, avg_batch_cost: 0.45519 s, avg_samples: 89.5, ips: 196.62256 samples/s, eta: 2:30:54, max_mem_reserved: 25002 MB, max_mem_allocated: 13654 MB
[2025/11/14 18:27:03] ppocr INFO: cur metric, acc: 0.3632999996367, norm_edit_dis: 0.8563336472278943, fps: 921.7282430928848
[2025/11/14 18:27:05] ppocr INFO: save best model is to ./output/best_accuracy
[2025/11/14 18:27:05] ppocr INFO: best metric, acc: 0.3632999996367, is_float16: False, norm_edit_dis: 0.8563336472278943, fps: 921.7282430928848, best_epoch: 6
[2025/11/14 18:27:10] ppocr INFO: epoch: [6/20], global_step: 6110, lr: 0.000006, acc: 0.320312, norm_edit_dis: 0.827845, CTCLoss: 16.509295, NRTRLoss: 1.441063, loss: 17.943080, avg_reader_cost: 0.00285 s, avg_batch_cost: 0.45220 s, avg_samples: 87.4, ips: 193.27909 samples/s, eta: 2:30:45, max_mem_reserved: 25002 MB, max_mem_allocated: 13654 MB
[2025/11/14 18:27:14] ppocr INFO: epoch: [6/20], global_step: 6120, lr: 0.000006, acc: 0.295542, norm_edit_dis: 0.831256, CTCLoss: 17.266750, NRTRLoss: 1.440636, loss: 18.735946, avg_reader_cost: 0.00277 s, avg_batch_cost: 0.47178 s, avg_samples: 91.6, ips: 194.15955 samples/s, eta: 2:30:37, max_mem_reserved: 25002 MB, max_mem_allocated: 13654 MB
[2025/11/14 18:27:19] ppocr INFO: epoch: [6/20], global_step: 6130, lr: 0.000006, acc: 0.295542, norm_edit_dis: 0.835345, CTCLoss: 16.992600, NRTRLoss: 1.458830, loss: 18.433492, avg_reader_cost: 0.00292 s, avg_batch_cost: 0.49100 s, avg_samples: 102.3, ips: 208.35062 samples/s, eta: 2:30:29, max_mem_reserved: 25002 MB, max_mem_allocated: 13654 MB
[2025/11/14 18:27:24] ppocr INFO: epoch: [6/20], global_step: 6140, lr: 0.000006, acc: 0.258318, norm_edit_dis: 0.779856, CTCLoss: 22.509143, NRTRLoss: 1.500952, loss: 23.989306, avg_reader_cost: 0.00288 s, avg_batch_cost: 0.49716 s, avg_samples: 98.1, ips: 197.32157 samples/s, eta: 2:30:21, max_mem_reserved: 25002 MB, max_mem_allocated: 13654 MB
[2025/11/14 18:27:29] ppocr INFO: epoch: [6/20], global_step: 6150, lr: 0.000006, acc: 0.336581, norm_edit_dis: 0.828496, CTCLoss: 17.023232, NRTRLoss: 1.459550, loss: 18.493445, avg_reader_cost: 0.00283 s, avg_batch_cost: 0.44646 s, avg_samples: 85.2, ips: 190.83591 samples/s, eta: 2:30:12, max_mem_reserved: 25002 MB, max_mem_allocated: 13654 MB
[2025/11/14 18:27:33] ppocr INFO: epoch: [6/20], global_step: 6160, lr: 0.000006, acc: 0.348346, norm_edit_dis: 0.825678, CTCLoss: 16.401448, NRTRLoss: 1.441972, loss: 17.829548, avg_reader_cost: 0.00283 s, avg_batch_cost: 0.44632 s, avg_samples: 85.2, ips: 190.89565 samples/s, eta: 2:30:03, max_mem_reserved: 25002 MB, max_mem_allocated: 13654 MB
[2025/11/14 18:27:38] ppocr INFO: epoch: [6/20], global_step: 6170, lr: 0.000006, acc: 0.342463, norm_edit_dis: 0.829333, CTCLoss: 16.120527, NRTRLoss: 1.437336, loss: 17.553359, avg_reader_cost: 0.00290 s, avg_batch_cost: 0.45975 s, avg_samples: 83.1, ips: 180.75010 samples/s, eta: 2:29:54, max_mem_reserved: 25002 MB, max_mem_allocated: 13654 MB
[2025/11/14 18:27:42] ppocr INFO: epoch: [6/20], global_step: 6180, lr: 0.000006, acc: 0.322886, norm_edit_dis: 0.830887, CTCLoss: 17.227991, NRTRLoss: 1.447777, loss: 18.656927, avg_reader_cost: 0.00331 s, avg_batch_cost: 0.46965 s, avg_samples: 93.7, ips: 199.50898 samples/s, eta: 2:29:45, max_mem_reserved: 25002 MB, max_mem_allocated: 13654 MB
[2025/11/14 18:27:47] ppocr INFO: epoch: [6/20], global_step: 6190, lr: 0.000006, acc: 0.315073, norm_edit_dis: 0.823144, CTCLoss: 17.351631, NRTRLoss: 1.455719, loss: 18.787682, avg_reader_cost: 0.00287 s, avg_batch_cost: 0.46834 s, avg_samples: 93.8, ips: 200.28100 samples/s, eta: 2:29:37, max_mem_reserved: 25002 MB, max_mem_allocated: 13654 MB
[2025/11/14 18:27:52] ppocr INFO: epoch: [6/20], global_step: 6200, lr: 0.000006, acc: 0.305882, norm_edit_dis: 0.819731, CTCLoss: 17.137886, NRTRLoss: 1.467060, loss: 18.610579, avg_reader_cost: 0.00306 s, avg_batch_cost: 0.45851 s, avg_samples: 89.5, ips: 195.19542 samples/s, eta: 2:29:28, max_mem_reserved: 25002 MB, max_mem_allocated: 13654 MB
[2025/11/14 18:28:20] ppocr INFO: cur metric, acc: 0.3658999996341, norm_edit_dis: 0.8563771636796492, fps: 921.1850034571584
[2025/11/14 18:28:22] ppocr INFO: save best model is to ./output/best_accuracy
[2025/11/14 18:28:22] ppocr INFO: best metric, acc: 0.3658999996341, is_float16: False, norm_edit_dis: 0.8563771636796492, fps: 921.1850034571584, best_epoch: 6
[2025/11/14 18:28:27] ppocr INFO: epoch: [6/20], global_step: 6210, lr: 0.000006, acc: 0.264154, norm_edit_dis: 0.801122, CTCLoss: 18.116631, NRTRLoss: 1.484827, loss: 19.546897, avg_reader_cost: 0.00322 s, avg_batch_cost: 0.51384 s, avg_samples: 102.3, ips: 199.08827 samples/s, eta: 2:29:21, max_mem_reserved: 25002 MB, max_mem_allocated: 13654 MB
[2025/11/14 18:28:32] ppocr INFO: epoch: [6/20], global_step: 6220, lr: 0.000006, acc: 0.240717, norm_edit_dis: 0.756859, CTCLoss: 22.843866, NRTRLoss: 1.489192, loss: 24.334919, avg_reader_cost: 0.00332 s, avg_batch_cost: 0.48293 s, avg_samples: 100.2, ips: 207.48449 samples/s, eta: 2:29:13, max_mem_reserved: 25002 MB, max_mem_allocated: 13654 MB
[2025/11/14 18:28:37] ppocr INFO: epoch: [6/20], global_step: 6230, lr: 0.000006, acc: 0.328125, norm_edit_dis: 0.821875, CTCLoss: 16.593113, NRTRLoss: 1.439327, loss: 18.056655, avg_reader_cost: 0.00282 s, avg_batch_cost: 0.46208 s, avg_samples: 85.3, ips: 184.59834 samples/s, eta: 2:29:04, max_mem_reserved: 25002 MB, max_mem_allocated: 13654 MB
[2025/11/14 18:28:41] ppocr INFO: epoch: [6/20], global_step: 6240, lr: 0.000005, acc: 0.342463, norm_edit_dis: 0.830741, CTCLoss: 15.850629, NRTRLoss: 1.439429, loss: 17.334865, avg_reader_cost: 0.00322 s, avg_batch_cost: 0.45515 s, avg_samples: 89.4, ips: 196.41978 samples/s, eta: 2:28:55, max_mem_reserved: 25002 MB, max_mem_allocated: 13654 MB
[2025/11/14 18:28:46] ppocr INFO: epoch: [6/20], global_step: 6250, lr: 0.000005, acc: 0.326838, norm_edit_dis: 0.828826, CTCLoss: 16.156210, NRTRLoss: 1.454652, loss: 17.612966, avg_reader_cost: 0.00286 s, avg_batch_cost: 0.46304 s, avg_samples: 91.7, ips: 198.03800 samples/s, eta: 2:28:46, max_mem_reserved: 25002 MB, max_mem_allocated: 13654 MB
[2025/11/14 18:28:50] ppocr INFO: epoch: [6/20], global_step: 6260, lr: 0.000005, acc: 0.320956, norm_edit_dis: 0.831208, CTCLoss: 16.202118, NRTRLoss: 1.447802, loss: 17.653660, avg_reader_cost: 0.00288 s, avg_batch_cost: 0.44955 s, avg_samples: 87.3, ips: 194.19262 samples/s, eta: 2:28:38, max_mem_reserved: 25002 MB, max_mem_allocated: 13654 MB
[2025/11/14 18:28:55] ppocr INFO: epoch: [6/20], global_step: 6270, lr: 0.000005, acc: 0.348346, norm_edit_dis: 0.832105, CTCLoss: 15.822052, NRTRLoss: 1.446410, loss: 17.253194, avg_reader_cost: 0.00278 s, avg_batch_cost: 0.45462 s, avg_samples: 85.2, ips: 187.40902 samples/s, eta: 2:28:29, max_mem_reserved: 25002 MB, max_mem_allocated: 13654 MB
[2025/11/14 18:29:00] ppocr INFO: epoch: [6/20], global_step: 6280, lr: 0.000005, acc: 0.352941, norm_edit_dis: 0.827647, CTCLoss: 15.946375, NRTRLoss: 1.456424, loss: 17.409980, avg_reader_cost: 0.00303 s, avg_batch_cost: 0.47094 s, avg_samples: 95.9, ips: 203.63448 samples/s, eta: 2:28:20, max_mem_reserved: 25002 MB, max_mem_allocated: 13654 MB
[2025/11/14 18:29:04] ppocr INFO: epoch: [6/20], global_step: 6290, lr: 0.000005, acc: 0.348346, norm_edit_dis: 0.832499, CTCLoss: 16.563228, NRTRLoss: 1.451193, loss: 18.020604, avg_reader_cost: 0.00285 s, avg_batch_cost: 0.45098 s, avg_samples: 87.4, ips: 193.79858 samples/s, eta: 2:28:12, max_mem_reserved: 25002 MB, max_mem_allocated: 13654 MB
[2025/11/14 18:29:09] ppocr INFO: epoch: [6/20], global_step: 6300, lr: 0.000005, acc: 0.335937, norm_edit_dis: 0.835792, CTCLoss: 16.612288, NRTRLoss: 1.433355, loss: 18.029801, avg_reader_cost: 0.00283 s, avg_batch_cost: 0.46846 s, avg_samples: 95.9, ips: 204.71421 samples/s, eta: 2:28:03, max_mem_reserved: 25002 MB, max_mem_allocated: 13654 MB
[2025/11/14 18:29:37] ppocr INFO: cur metric, acc: 0.3713999996286, norm_edit_dis: 0.8603869324547564, fps: 921.4808261625872
[2025/11/14 18:29:40] ppocr INFO: save best model is to ./output/best_accuracy
[2025/11/14 18:29:40] ppocr INFO: best metric, acc: 0.3713999996286, is_float16: False, norm_edit_dis: 0.8603869324547564, fps: 921.4808261625872, best_epoch: 6
[2025/11/14 18:29:44] ppocr INFO: epoch: [6/20], global_step: 6310, lr: 0.000005, acc: 0.294118, norm_edit_dis: 0.818388, CTCLoss: 17.412447, NRTRLoss: 1.444102, loss: 18.849629, avg_reader_cost: 0.00300 s, avg_batch_cost: 0.49651 s, avg_samples: 93.7, ips: 188.71612 samples/s, eta: 2:27:55, max_mem_reserved: 25002 MB, max_mem_allocated: 13654 MB
[2025/11/14 18:29:49] ppocr INFO: epoch: [6/20], global_step: 6320, lr: 0.000005, acc: 0.309191, norm_edit_dis: 0.818877, CTCLoss: 17.412447, NRTRLoss: 1.442607, loss: 18.849629, avg_reader_cost: 0.00284 s, avg_batch_cost: 0.44573 s, avg_samples: 83.1, ips: 186.43500 samples/s, eta: 2:27:47, max_mem_reserved: 25002 MB, max_mem_allocated: 13654 MB
[2025/11/14 18:29:54] ppocr INFO: epoch: [6/20], global_step: 6330, lr: 0.000005, acc: 0.312500, norm_edit_dis: 0.827766, CTCLoss: 16.914501, NRTRLoss: 1.442758, loss: 18.344197, avg_reader_cost: 0.00277 s, avg_batch_cost: 0.48597 s, avg_samples: 100.1, ips: 205.98175 samples/s, eta: 2:27:39, max_mem_reserved: 25002 MB, max_mem_allocated: 13654 MB
[2025/11/14 18:29:59] ppocr INFO: epoch: [6/20], global_step: 6340, lr: 0.000005, acc: 0.311121, norm_edit_dis: 0.820916, CTCLoss: 16.605839, NRTRLoss: 1.468719, loss: 18.051359, avg_reader_cost: 0.00282 s, avg_batch_cost: 0.49431 s, avg_samples: 98.1, ips: 198.45745 samples/s, eta: 2:27:31, max_mem_reserved: 25002 MB, max_mem_allocated: 13654 MB
[2025/11/14 18:30:04] ppocr INFO: epoch: [6/20], global_step: 6350, lr: 0.000005, acc: 0.252528, norm_edit_dis: 0.761319, CTCLoss: 22.176945, NRTRLoss: 1.478256, loss: 23.691995, avg_reader_cost: 0.00280 s, avg_batch_cost: 0.50084 s, avg_samples: 106.5, ips: 212.64271 samples/s, eta: 2:27:23, max_mem_reserved: 25002 MB, max_mem_allocated: 13654 MB
[2025/11/14 18:30:08] ppocr INFO: epoch: [6/20], global_step: 6360, lr: 0.000005, acc: 0.311765, norm_edit_dis: 0.812839, CTCLoss: 15.821731, NRTRLoss: 1.453892, loss: 17.275621, avg_reader_cost: 0.00280 s, avg_batch_cost: 0.45413 s, avg_samples: 85.3, ips: 187.83108 samples/s, eta: 2:27:15, max_mem_reserved: 25002 MB, max_mem_allocated: 13654 MB
[2025/11/14 18:30:13] ppocr INFO: epoch: [6/20], global_step: 6370, lr: 0.000005, acc: 0.336581, norm_edit_dis: 0.842915, CTCLoss: 15.136230, NRTRLoss: 1.427424, loss: 16.560088, avg_reader_cost: 0.00276 s, avg_batch_cost: 0.43320 s, avg_samples: 78.8, ips: 181.90138 samples/s, eta: 2:27:05, max_mem_reserved: 25002 MB, max_mem_allocated: 13654 MB
[2025/11/14 18:30:17] ppocr INFO: epoch: [6/20], global_step: 6380, lr: 0.000005, acc: 0.312500, norm_edit_dis: 0.823393, CTCLoss: 16.763151, NRTRLoss: 1.436100, loss: 18.193872, avg_reader_cost: 0.00280 s, avg_batch_cost: 0.47520 s, avg_samples: 95.9, ips: 201.81075 samples/s, eta: 2:26:57, max_mem_reserved: 25002 MB, max_mem_allocated: 13654 MB
[2025/11/14 18:30:22] ppocr INFO: epoch: [6/20], global_step: 6390, lr: 0.000005, acc: 0.309191, norm_edit_dis: 0.814185, CTCLoss: 16.241082, NRTRLoss: 1.452301, loss: 17.678886, avg_reader_cost: 0.00280 s, avg_batch_cost: 0.46597 s, avg_samples: 91.7, ips: 196.79555 samples/s, eta: 2:26:49, max_mem_reserved: 25002 MB, max_mem_allocated: 13654 MB
[2025/11/14 18:30:26] ppocr INFO: epoch: [6/20], global_step: 6400, lr: 0.000005, acc: 0.334651, norm_edit_dis: 0.840388, CTCLoss: 15.082779, NRTRLoss: 1.425117, loss: 16.530657, avg_reader_cost: 0.00282 s, avg_batch_cost: 0.44159 s, avg_samples: 81.0, ips: 183.42825 samples/s, eta: 2:26:40, max_mem_reserved: 25002 MB, max_mem_allocated: 13654 MB
[2025/11/14 18:30:54] ppocr INFO: cur metric, acc: 0.3745999996254, norm_edit_dis: 0.8603768146758913, fps: 920.5828548361425
[2025/11/14 18:30:57] ppocr INFO: save best model is to ./output/best_accuracy
[2025/11/14 18:30:57] ppocr INFO: best metric, acc: 0.3745999996254, is_float16: False, norm_edit_dis: 0.8603768146758913, fps: 920.5828548361425, best_epoch: 6
[2025/11/14 18:31:03] ppocr INFO: epoch: [6/20], global_step: 6410, lr: 0.000005, acc: 0.315073, norm_edit_dis: 0.835791, CTCLoss: 16.166463, NRTRLoss: 1.441658, loss: 17.562444, avg_reader_cost: 0.00331 s, avg_batch_cost: 0.52655 s, avg_samples: 106.5, ips: 202.26189 samples/s, eta: 2:26:33, max_mem_reserved: 25002 MB, max_mem_allocated: 13654 MB
[2025/11/14 18:31:07] ppocr INFO: epoch: [6/20], global_step: 6420, lr: 0.000005, acc: 0.270083, norm_edit_dis: 0.812630, CTCLoss: 19.590313, NRTRLoss: 1.467079, loss: 21.045232, avg_reader_cost: 0.00284 s, avg_batch_cost: 0.46681 s, avg_samples: 93.8, ips: 200.93854 samples/s, eta: 2:26:25, max_mem_reserved: 25002 MB, max_mem_allocated: 13654 MB
[2025/11/14 18:31:12] ppocr INFO: epoch: [6/20], global_step: 6430, lr: 0.000005, acc: 0.305882, norm_edit_dis: 0.826092, CTCLoss: 15.770607, NRTRLoss: 1.439121, loss: 17.190536, avg_reader_cost: 0.00282 s, avg_batch_cost: 0.45974 s, avg_samples: 91.6, ips: 199.24269 samples/s, eta: 2:26:16, max_mem_reserved: 25002 MB, max_mem_allocated: 13654 MB
[2025/11/14 18:31:17] ppocr INFO: epoch: [6/20], global_step: 6440, lr: 0.000005, acc: 0.317647, norm_edit_dis: 0.824207, CTCLoss: 16.305804, NRTRLoss: 1.439574, loss: 17.754831, avg_reader_cost: 0.00287 s, avg_batch_cost: 0.48119 s, avg_samples: 100.1, ips: 208.02380 samples/s, eta: 2:26:08, max_mem_reserved: 25002 MB, max_mem_allocated: 13654 MB
[2025/11/14 18:31:21] ppocr INFO: epoch: [6/20], global_step: 6450, lr: 0.000005, acc: 0.309191, norm_edit_dis: 0.814152, CTCLoss: 16.506143, NRTRLoss: 1.453418, loss: 17.955764, avg_reader_cost: 0.00285 s, avg_batch_cost: 0.45936 s, avg_samples: 91.6, ips: 199.40740 samples/s, eta: 2:26:00, max_mem_reserved: 25002 MB, max_mem_allocated: 13654 MB
[2025/11/14 18:31:26] ppocr INFO: epoch: [6/20], global_step: 6460, lr: 0.000005, acc: 0.265625, norm_edit_dis: 0.819335, CTCLoss: 16.012021, NRTRLoss: 1.458481, loss: 17.458147, avg_reader_cost: 0.00285 s, avg_batch_cost: 0.48162 s, avg_samples: 100.2, ips: 208.04953 samples/s, eta: 2:25:52, max_mem_reserved: 25002 MB, max_mem_allocated: 13654 MB
[2025/11/14 18:31:31] ppocr INFO: epoch: [6/20], global_step: 6470, lr: 0.000005, acc: 0.203125, norm_edit_dis: 0.703629, CTCLoss: 26.006696, NRTRLoss: 1.504092, loss: 27.533553, avg_reader_cost: 0.00282 s, avg_batch_cost: 0.50728 s, avg_samples: 110.9, ips: 218.61654 samples/s, eta: 2:25:45, max_mem_reserved: 25002 MB, max_mem_allocated: 13654 MB
[2025/11/14 18:31:36] ppocr INFO: epoch: [6/20], global_step: 6480, lr: 0.000005, acc: 0.203125, norm_edit_dis: 0.695222, CTCLoss: 27.674589, NRTRLoss: 1.519273, loss: 29.200126, avg_reader_cost: 0.00277 s, avg_batch_cost: 0.49002 s, avg_samples: 104.5, ips: 213.25713 samples/s, eta: 2:25:37, max_mem_reserved: 25002 MB, max_mem_allocated: 13654 MB
[2025/11/14 18:31:41] ppocr INFO: epoch: [6/20], global_step: 6490, lr: 0.000005, acc: 0.254412, norm_edit_dis: 0.798616, CTCLoss: 18.476025, NRTRLoss: 1.474287, loss: 19.926743, avg_reader_cost: 0.00277 s, avg_batch_cost: 0.45937 s, avg_samples: 91.6, ips: 199.40314 samples/s, eta: 2:25:29, max_mem_reserved: 25002 MB, max_mem_allocated: 13654 MB
[2025/11/14 18:31:46] ppocr INFO: epoch: [6/20], global_step: 6500, lr: 0.000005, acc: 0.214844, norm_edit_dis: 0.743190, CTCLoss: 22.626634, NRTRLoss: 1.495680, loss: 24.140582, avg_reader_cost: 0.00280 s, avg_batch_cost: 0.50417 s, avg_samples: 110.9, ips: 219.96405 samples/s, eta: 2:25:21, max_mem_reserved: 25002 MB, max_mem_allocated: 13654 MB
[2025/11/14 18:32:14] ppocr INFO: cur metric, acc: 0.3391999996608, norm_edit_dis: 0.8465168265192291, fps: 921.6564627090302
[2025/11/14 18:32:14] ppocr INFO: best metric, acc: 0.3745999996254, is_float16: False, norm_edit_dis: 0.8603768146758913, fps: 920.5828548361425, best_epoch: 6
[2025/11/14 18:32:18] ppocr INFO: epoch: [6/20], global_step: 6510, lr: 0.000005, acc: 0.304687, norm_edit_dis: 0.811569, CTCLoss: 16.687881, NRTRLoss: 1.474537, loss: 18.146747, avg_reader_cost: 0.00360 s, avg_batch_cost: 0.44686 s, avg_samples: 83.1, ips: 185.96446 samples/s, eta: 2:25:13, max_mem_reserved: 25002 MB, max_mem_allocated: 13654 MB
[2025/11/14 18:32:21] ppocr INFO: epoch: [6/20], global_step: 6516, lr: 0.000005, acc: 0.320956, norm_edit_dis: 0.819031, CTCLoss: 16.647603, NRTRLoss: 1.457495, loss: 18.096982, avg_reader_cost: 0.00167 s, avg_batch_cost: 0.28630 s, avg_samples: 53.3, ips: 186.16822 samples/s, eta: 2:25:08, max_mem_reserved: 25002 MB, max_mem_allocated: 13654 MB
[2025/11/14 18:32:23] ppocr INFO: save model in ./output/latest
[2025/11/14 18:32:24] ppocr INFO: save model in ./output/iter_epoch_6
[2025/11/14 18:32:28] ppocr INFO: epoch: [7/20], global_step: 6520, lr: 0.000005, acc: 0.329412, norm_edit_dis: 0.831770, CTCLoss: 15.731049, NRTRLoss: 1.437491, loss: 17.165532, avg_reader_cost: 0.52356 s, avg_batch_cost: 0.70910 s, avg_samples: 38.3, ips: 54.01197 samples/s, eta: 2:25:17, max_mem_reserved: 25002 MB, max_mem_allocated: 13654 MB
[2025/11/14 18:32:33] ppocr INFO: epoch: [7/20], global_step: 6530, lr: 0.000005, acc: 0.294118, norm_edit_dis: 0.814650, CTCLoss: 17.653242, NRTRLoss: 1.437491, loss: 19.075773, avg_reader_cost: 0.00283 s, avg_batch_cost: 0.48487 s, avg_samples: 102.3, ips: 210.98311 samples/s, eta: 2:25:09, max_mem_reserved: 25002 MB, max_mem_allocated: 13654 MB
[2025/11/14 18:32:37] ppocr INFO: epoch: [7/20], global_step: 6540, lr: 0.000005, acc: 0.317647, norm_edit_dis: 0.817144, CTCLoss: 15.626508, NRTRLoss: 1.430318, loss: 17.051167, avg_reader_cost: 0.00285 s, avg_batch_cost: 0.42464 s, avg_samples: 76.7, ips: 180.62545 samples/s, eta: 2:25:00, max_mem_reserved: 25002 MB, max_mem_allocated: 13654 MB
[2025/11/14 18:32:42] ppocr INFO: epoch: [7/20], global_step: 6550, lr: 0.000005, acc: 0.328768, norm_edit_dis: 0.845055, CTCLoss: 14.926615, NRTRLoss: 1.426615, loss: 16.342883, avg_reader_cost: 0.00284 s, avg_batch_cost: 0.44285 s, avg_samples: 83.1, ips: 187.64906 samples/s, eta: 2:24:51, max_mem_reserved: 25002 MB, max_mem_allocated: 13654 MB
[2025/11/14 18:32:47] ppocr INFO: epoch: [7/20], global_step: 6560, lr: 0.000005, acc: 0.269531, norm_edit_dis: 0.822549, CTCLoss: 18.127974, NRTRLoss: 1.443566, loss: 19.561780, avg_reader_cost: 0.00286 s, avg_batch_cost: 0.50186 s, avg_samples: 108.8, ips: 216.79362 samples/s, eta: 2:24:44, max_mem_reserved: 25002 MB, max_mem_allocated: 13654 MB
[2025/11/14 18:32:52] ppocr INFO: epoch: [7/20], global_step: 6570, lr: 0.000005, acc: 0.218750, norm_edit_dis: 0.705490, CTCLoss: 25.286175, NRTRLoss: 1.511765, loss: 26.811960, avg_reader_cost: 0.00288 s, avg_batch_cost: 0.49610 s, avg_samples: 106.6, ips: 214.87486 samples/s, eta: 2:24:36, max_mem_reserved: 25002 MB, max_mem_allocated: 13654 MB
[2025/11/14 18:32:57] ppocr INFO: epoch: [7/20], global_step: 6580, lr: 0.000005, acc: 0.214844, norm_edit_dis: 0.700335, CTCLoss: 24.866024, NRTRLoss: 1.512886, loss: 26.396141, avg_reader_cost: 0.00324 s, avg_batch_cost: 0.49414 s, avg_samples: 104.4, ips: 211.27653 samples/s, eta: 2:24:29, max_mem_reserved: 25002 MB, max_mem_allocated: 13654 MB
[2025/11/14 18:33:01] ppocr INFO: epoch: [7/20], global_step: 6590, lr: 0.000005, acc: 0.335294, norm_edit_dis: 0.816923, CTCLoss: 16.597458, NRTRLoss: 1.462481, loss: 18.065134, avg_reader_cost: 0.00286 s, avg_batch_cost: 0.43549 s, avg_samples: 80.9, ips: 185.76597 samples/s, eta: 2:24:20, max_mem_reserved: 25002 MB, max_mem_allocated: 13654 MB
[2025/11/14 18:33:06] ppocr INFO: epoch: [7/20], global_step: 6600, lr: 0.000005, acc: 0.347059, norm_edit_dis: 0.817494, CTCLoss: 15.311807, NRTRLoss: 1.458642, loss: 16.759655, avg_reader_cost: 0.00289 s, avg_batch_cost: 0.47141 s, avg_samples: 95.9, ips: 203.43020 samples/s, eta: 2:24:12, max_mem_reserved: 25002 MB, max_mem_allocated: 13654 MB
[2025/11/14 18:33:33] ppocr INFO: cur metric, acc: 0.3798999996201, norm_edit_dis: 0.861320312646054, fps: 920.6911074951007
[2025/11/14 18:33:36] ppocr INFO: save best model is to ./output/best_accuracy
[2025/11/14 18:33:36] ppocr INFO: best metric, acc: 0.3798999996201, is_float16: False, norm_edit_dis: 0.861320312646054, fps: 920.6911074951007, best_epoch: 7
[2025/11/14 18:33:41] ppocr INFO: epoch: [7/20], global_step: 6610, lr: 0.000005, acc: 0.348346, norm_edit_dis: 0.829224, CTCLoss: 15.312805, NRTRLoss: 1.452124, loss: 16.754608, avg_reader_cost: 0.00383 s, avg_batch_cost: 0.46734 s, avg_samples: 80.9, ips: 173.10598 samples/s, eta: 2:24:04, max_mem_reserved: 25002 MB, max_mem_allocated: 13654 MB
[2025/11/14 18:33:46] ppocr INFO: epoch: [7/20], global_step: 6620, lr: 0.000005, acc: 0.348346, norm_edit_dis: 0.835302, CTCLoss: 15.416978, NRTRLoss: 1.446713, loss: 16.880856, avg_reader_cost: 0.00284 s, avg_batch_cost: 0.48345 s, avg_samples: 95.9, ips: 198.36459 samples/s, eta: 2:23:56, max_mem_reserved: 25002 MB, max_mem_allocated: 13654 MB
[2025/11/14 18:33:50] ppocr INFO: epoch: [7/20], global_step: 6630, lr: 0.000005, acc: 0.334651, norm_edit_dis: 0.822706, CTCLoss: 16.360187, NRTRLoss: 1.442227, loss: 17.793115, avg_reader_cost: 0.00283 s, avg_batch_cost: 0.45490 s, avg_samples: 87.3, ips: 191.91024 samples/s, eta: 2:23:47, max_mem_reserved: 25002 MB, max_mem_allocated: 13654 MB
[2025/11/14 18:33:55] ppocr INFO: epoch: [7/20], global_step: 6640, lr: 0.000005, acc: 0.334651, norm_edit_dis: 0.826703, CTCLoss: 16.624192, NRTRLoss: 1.443577, loss: 18.061186, avg_reader_cost: 0.00283 s, avg_batch_cost: 0.48104 s, avg_samples: 98.1, ips: 203.93149 samples/s, eta: 2:23:40, max_mem_reserved: 25002 MB, max_mem_allocated: 13654 MB
[2025/11/14 18:34:00] ppocr INFO: epoch: [7/20], global_step: 6650, lr: 0.000005, acc: 0.359375, norm_edit_dis: 0.833221, CTCLoss: 15.288008, NRTRLoss: 1.447287, loss: 16.715714, avg_reader_cost: 0.00282 s, avg_batch_cost: 0.46666 s, avg_samples: 93.6, ips: 200.57565 samples/s, eta: 2:23:32, max_mem_reserved: 25002 MB, max_mem_allocated: 13654 MB
[2025/11/14 18:34:05] ppocr INFO: epoch: [7/20], global_step: 6660, lr: 0.000005, acc: 0.329412, norm_edit_dis: 0.825090, CTCLoss: 15.288008, NRTRLoss: 1.461574, loss: 16.715714, avg_reader_cost: 0.00285 s, avg_batch_cost: 0.49686 s, avg_samples: 104.5, ips: 210.32128 samples/s, eta: 2:23:24, max_mem_reserved: 25002 MB, max_mem_allocated: 13654 MB
[2025/11/14 18:34:09] ppocr INFO: epoch: [7/20], global_step: 6670, lr: 0.000005, acc: 0.230469, norm_edit_dis: 0.722672, CTCLoss: 23.805524, NRTRLoss: 1.475164, loss: 25.305527, avg_reader_cost: 0.00283 s, avg_batch_cost: 0.48520 s, avg_samples: 100.2, ips: 206.51436 samples/s, eta: 2:23:17, max_mem_reserved: 25002 MB, max_mem_allocated: 13654 MB
[2025/11/14 18:34:14] ppocr INFO: epoch: [7/20], global_step: 6680, lr: 0.000005, acc: 0.304687, norm_edit_dis: 0.821848, CTCLoss: 15.033676, NRTRLoss: 1.441785, loss: 16.463370, avg_reader_cost: 0.00284 s, avg_batch_cost: 0.43922 s, avg_samples: 81.0, ips: 184.41696 samples/s, eta: 2:23:08, max_mem_reserved: 25002 MB, max_mem_allocated: 13654 MB
[2025/11/14 18:34:18] ppocr INFO: epoch: [7/20], global_step: 6690, lr: 0.000005, acc: 0.312500, norm_edit_dis: 0.826292, CTCLoss: 15.033676, NRTRLoss: 1.438350, loss: 16.463370, avg_reader_cost: 0.00283 s, avg_batch_cost: 0.46002 s, avg_samples: 89.5, ips: 194.55729 samples/s, eta: 2:23:00, max_mem_reserved: 25002 MB, max_mem_allocated: 13654 MB
[2025/11/14 18:34:23] ppocr INFO: epoch: [7/20], global_step: 6700, lr: 0.000005, acc: 0.323529, norm_edit_dis: 0.830646, CTCLoss: 14.274026, NRTRLoss: 1.435484, loss: 15.673032, avg_reader_cost: 0.00287 s, avg_batch_cost: 0.46450 s, avg_samples: 91.5, ips: 196.98520 samples/s, eta: 2:22:52, max_mem_reserved: 25002 MB, max_mem_allocated: 13654 MB
[2025/11/14 18:34:51] ppocr INFO: cur metric, acc: 0.3844999996155, norm_edit_dis: 0.8608888723541889, fps: 919.627246882944
[2025/11/14 18:34:54] ppocr INFO: save best model is to ./output/best_accuracy
[2025/11/14 18:34:54] ppocr INFO: best metric, acc: 0.3844999996155, is_float16: False, norm_edit_dis: 0.8608888723541889, fps: 919.627246882944, best_epoch: 7
[2025/11/14 18:34:59] ppocr INFO: epoch: [7/20], global_step: 6710, lr: 0.000005, acc: 0.335294, norm_edit_dis: 0.838062, CTCLoss: 13.373877, NRTRLoss: 1.428802, loss: 14.805890, avg_reader_cost: 0.00285 s, avg_batch_cost: 0.46496 s, avg_samples: 89.5, ips: 192.49064 samples/s, eta: 2:22:43, max_mem_reserved: 25002 MB, max_mem_allocated: 13654 MB
[2025/11/14 18:35:03] ppocr INFO: epoch: [7/20], global_step: 6720, lr: 0.000005, acc: 0.364706, norm_edit_dis: 0.845823, CTCLoss: 14.097476, NRTRLoss: 1.430905, loss: 15.506724, avg_reader_cost: 0.00283 s, avg_batch_cost: 0.45527 s, avg_samples: 89.4, ips: 196.36732 samples/s, eta: 2:22:35, max_mem_reserved: 25002 MB, max_mem_allocated: 13654 MB
[2025/11/14 18:35:08] ppocr INFO: epoch: [7/20], global_step: 6730, lr: 0.000005, acc: 0.358823, norm_edit_dis: 0.841716, CTCLoss: 14.534162, NRTRLoss: 1.441633, loss: 15.967091, avg_reader_cost: 0.00280 s, avg_batch_cost: 0.46072 s, avg_samples: 91.6, ips: 198.81918 samples/s, eta: 2:22:27, max_mem_reserved: 25002 MB, max_mem_allocated: 13654 MB
[2025/11/14 18:35:12] ppocr INFO: epoch: [7/20], global_step: 6740, lr: 0.000005, acc: 0.324816, norm_edit_dis: 0.841716, CTCLoss: 15.015877, NRTRLoss: 1.433257, loss: 16.434661, avg_reader_cost: 0.00280 s, avg_batch_cost: 0.43984 s, avg_samples: 83.0, ips: 188.70679 samples/s, eta: 2:22:18, max_mem_reserved: 25002 MB, max_mem_allocated: 13654 MB
[2025/11/14 18:35:17] ppocr INFO: epoch: [7/20], global_step: 6750, lr: 0.000005, acc: 0.294118, norm_edit_dis: 0.814438, CTCLoss: 16.419254, NRTRLoss: 1.447412, loss: 17.839184, avg_reader_cost: 0.00281 s, avg_batch_cost: 0.50091 s, avg_samples: 108.7, ips: 217.00602 samples/s, eta: 2:22:11, max_mem_reserved: 25002 MB, max_mem_allocated: 13654 MB
[2025/11/14 18:35:22] ppocr INFO: epoch: [7/20], global_step: 6760, lr: 0.000005, acc: 0.318934, norm_edit_dis: 0.827419, CTCLoss: 16.782505, NRTRLoss: 1.448473, loss: 18.207730, avg_reader_cost: 0.00281 s, avg_batch_cost: 0.44328 s, avg_samples: 83.1, ips: 187.46825 samples/s, eta: 2:22:03, max_mem_reserved: 25002 MB, max_mem_allocated: 13654 MB
[2025/11/14 18:35:26] ppocr INFO: epoch: [7/20], global_step: 6770, lr: 0.000005, acc: 0.335937, norm_edit_dis: 0.838456, CTCLoss: 14.549525, NRTRLoss: 1.413214, loss: 15.972386, avg_reader_cost: 0.00285 s, avg_batch_cost: 0.45353 s, avg_samples: 87.4, ips: 192.70905 samples/s, eta: 2:21:54, max_mem_reserved: 25002 MB, max_mem_allocated: 13654 MB
[2025/11/14 18:35:31] ppocr INFO: epoch: [7/20], global_step: 6780, lr: 0.000005, acc: 0.312500, norm_edit_dis: 0.830725, CTCLoss: 15.112212, NRTRLoss: 1.432963, loss: 16.510912, avg_reader_cost: 0.00282 s, avg_batch_cost: 0.48351 s, avg_samples: 100.2, ips: 207.23499 samples/s, eta: 2:21:47, max_mem_reserved: 25002 MB, max_mem_allocated: 13654 MB
[2025/11/14 18:35:36] ppocr INFO: epoch: [7/20], global_step: 6790, lr: 0.000005, acc: 0.315073, norm_edit_dis: 0.842309, CTCLoss: 13.878959, NRTRLoss: 1.431218, loss: 15.307139, avg_reader_cost: 0.00316 s, avg_batch_cost: 0.47462 s, avg_samples: 95.9, ips: 202.05565 samples/s, eta: 2:21:39, max_mem_reserved: 25002 MB, max_mem_allocated: 13654 MB
[2025/11/14 18:35:40] ppocr INFO: epoch: [7/20], global_step: 6800, lr: 0.000005, acc: 0.329412, norm_edit_dis: 0.835416, CTCLoss: 14.002179, NRTRLoss: 1.435671, loss: 15.441630, avg_reader_cost: 0.00353 s, avg_batch_cost: 0.46081 s, avg_samples: 89.4, ips: 194.00469 samples/s, eta: 2:21:31, max_mem_reserved: 25002 MB, max_mem_allocated: 13654 MB
[2025/11/14 18:36:08] ppocr INFO: cur metric, acc: 0.3844999996155, norm_edit_dis: 0.8616498792179796, fps: 921.7435160955541
[2025/11/14 18:36:11] ppocr INFO: save best model is to ./output/best_accuracy
[2025/11/14 18:36:11] ppocr INFO: best metric, acc: 0.3844999996155, is_float16: False, norm_edit_dis: 0.8616498792179796, fps: 921.7435160955541, best_epoch: 7
[2025/11/14 18:36:15] ppocr INFO: epoch: [7/20], global_step: 6810, lr: 0.000005, acc: 0.359375, norm_edit_dis: 0.837970, CTCLoss: 14.298810, NRTRLoss: 1.430403, loss: 15.715886, avg_reader_cost: 0.00302 s, avg_batch_cost: 0.45586 s, avg_samples: 85.2, ips: 186.89803 samples/s, eta: 2:21:23, max_mem_reserved: 25002 MB, max_mem_allocated: 13654 MB
[2025/11/14 18:36:20] ppocr INFO: epoch: [7/20], global_step: 6820, lr: 0.000005, acc: 0.342463, norm_edit_dis: 0.840495, CTCLoss: 14.494888, NRTRLoss: 1.427106, loss: 15.937931, avg_reader_cost: 0.00278 s, avg_batch_cost: 0.48275 s, avg_samples: 100.2, ips: 207.55979 samples/s, eta: 2:21:15, max_mem_reserved: 25002 MB, max_mem_allocated: 13654 MB
[2025/11/14 18:36:25] ppocr INFO: epoch: [7/20], global_step: 6830, lr: 0.000005, acc: 0.296875, norm_edit_dis: 0.823055, CTCLoss: 15.577970, NRTRLoss: 1.456975, loss: 16.990387, avg_reader_cost: 0.00283 s, avg_batch_cost: 0.47022 s, avg_samples: 95.9, ips: 203.94532 samples/s, eta: 2:21:07, max_mem_reserved: 25002 MB, max_mem_allocated: 13654 MB
[2025/11/14 18:36:30] ppocr INFO: epoch: [7/20], global_step: 6840, lr: 0.000005, acc: 0.304687, norm_edit_dis: 0.825116, CTCLoss: 15.678696, NRTRLoss: 1.447839, loss: 17.106897, avg_reader_cost: 0.00281 s, avg_batch_cost: 0.47684 s, avg_samples: 98.1, ips: 205.72756 samples/s, eta: 2:21:00, max_mem_reserved: 25002 MB, max_mem_allocated: 13654 MB
[2025/11/14 18:36:34] ppocr INFO: epoch: [7/20], global_step: 6850, lr: 0.000005, acc: 0.315073, norm_edit_dis: 0.815637, CTCLoss: 15.368618, NRTRLoss: 1.447839, loss: 16.811692, avg_reader_cost: 0.00277 s, avg_batch_cost: 0.46178 s, avg_samples: 87.3, ips: 189.04945 samples/s, eta: 2:20:52, max_mem_reserved: 25002 MB, max_mem_allocated: 13654 MB
[2025/11/14 18:36:39] ppocr INFO: epoch: [7/20], global_step: 6860, lr: 0.000005, acc: 0.322886, norm_edit_dis: 0.822104, CTCLoss: 14.824661, NRTRLoss: 1.437020, loss: 16.277155, avg_reader_cost: 0.00283 s, avg_batch_cost: 0.47424 s, avg_samples: 95.9, ips: 202.21629 samples/s, eta: 2:20:44, max_mem_reserved: 25002 MB, max_mem_allocated: 13654 MB
[2025/11/14 18:36:43] ppocr INFO: epoch: [7/20], global_step: 6870, lr: 0.000005, acc: 0.334651, norm_edit_dis: 0.828463, CTCLoss: 14.351401, NRTRLoss: 1.436544, loss: 15.761613, avg_reader_cost: 0.00278 s, avg_batch_cost: 0.44541 s, avg_samples: 85.2, ips: 191.28293 samples/s, eta: 2:20:36, max_mem_reserved: 25002 MB, max_mem_allocated: 13654 MB
[2025/11/14 18:36:48] ppocr INFO: epoch: [7/20], global_step: 6880, lr: 0.000005, acc: 0.335294, norm_edit_dis: 0.828463, CTCLoss: 14.053684, NRTRLoss: 1.426237, loss: 15.462042, avg_reader_cost: 0.00279 s, avg_batch_cost: 0.45606 s, avg_samples: 89.5, ips: 196.24544 samples/s, eta: 2:20:28, max_mem_reserved: 25002 MB, max_mem_allocated: 13654 MB
[2025/11/14 18:36:53] ppocr INFO: epoch: [7/20], global_step: 6890, lr: 0.000005, acc: 0.295496, norm_edit_dis: 0.819932, CTCLoss: 16.362136, NRTRLoss: 1.440336, loss: 17.786365, avg_reader_cost: 0.00279 s, avg_batch_cost: 0.49190 s, avg_samples: 104.4, ips: 212.23809 samples/s, eta: 2:20:20, max_mem_reserved: 25002 MB, max_mem_allocated: 13654 MB
[2025/11/14 18:36:57] ppocr INFO: epoch: [7/20], global_step: 6900, lr: 0.000005, acc: 0.305882, norm_edit_dis: 0.823131, CTCLoss: 15.322835, NRTRLoss: 1.438385, loss: 16.746830, avg_reader_cost: 0.00282 s, avg_batch_cost: 0.45795 s, avg_samples: 89.5, ips: 195.43743 samples/s, eta: 2:20:12, max_mem_reserved: 25002 MB, max_mem_allocated: 13654 MB
[2025/11/14 18:37:26] ppocr INFO: cur metric, acc: 0.38869999961130003, norm_edit_dis: 0.8644256043823525, fps: 918.0539315184908
[2025/11/14 18:37:29] ppocr INFO: save best model is to ./output/best_accuracy
[2025/11/14 18:37:29] ppocr INFO: best metric, acc: 0.38869999961130003, is_float16: False, norm_edit_dis: 0.8644256043823525, fps: 918.0539315184908, best_epoch: 7
[2025/11/14 18:37:33] ppocr INFO: epoch: [7/20], global_step: 6910, lr: 0.000005, acc: 0.336581, norm_edit_dis: 0.833600, CTCLoss: 14.222952, NRTRLoss: 1.432008, loss: 15.637985, avg_reader_cost: 0.00289 s, avg_batch_cost: 0.46414 s, avg_samples: 89.5, ips: 192.82771 samples/s, eta: 2:20:04, max_mem_reserved: 25002 MB, max_mem_allocated: 13654 MB
[2025/11/14 18:37:38] ppocr INFO: epoch: [7/20], global_step: 6920, lr: 0.000005, acc: 0.329412, norm_edit_dis: 0.832629, CTCLoss: 14.377930, NRTRLoss: 1.421733, loss: 15.781385, avg_reader_cost: 0.00286 s, avg_batch_cost: 0.45435 s, avg_samples: 87.3, ips: 192.14186 samples/s, eta: 2:19:56, max_mem_reserved: 25002 MB, max_mem_allocated: 13654 MB
[2025/11/14 18:37:43] ppocr INFO: epoch: [7/20], global_step: 6930, lr: 0.000005, acc: 0.270037, norm_edit_dis: 0.763687, CTCLoss: 19.918060, NRTRLoss: 1.477202, loss: 21.409353, avg_reader_cost: 0.00286 s, avg_batch_cost: 0.53974 s, avg_samples: 117.3, ips: 217.32681 samples/s, eta: 2:19:50, max_mem_reserved: 25002 MB, max_mem_allocated: 13654 MB
[2025/11/14 18:37:48] ppocr INFO: epoch: [7/20], global_step: 6940, lr: 0.000005, acc: 0.253906, norm_edit_dis: 0.716231, CTCLoss: 23.952836, NRTRLoss: 1.495214, loss: 25.501434, avg_reader_cost: 0.00330 s, avg_batch_cost: 0.47953 s, avg_samples: 98.0, ips: 204.36640 samples/s, eta: 2:19:42, max_mem_reserved: 25002 MB, max_mem_allocated: 13654 MB
[2025/11/14 18:37:53] ppocr INFO: epoch: [7/20], global_step: 6950, lr: 0.000005, acc: 0.300000, norm_edit_dis: 0.815150, CTCLoss: 14.716535, NRTRLoss: 1.445912, loss: 16.136310, avg_reader_cost: 0.00284 s, avg_batch_cost: 0.49123 s, avg_samples: 104.4, ips: 212.52703 samples/s, eta: 2:19:35, max_mem_reserved: 25002 MB, max_mem_allocated: 13654 MB
[2025/11/14 18:37:57] ppocr INFO: epoch: [7/20], global_step: 6960, lr: 0.000005, acc: 0.301379, norm_edit_dis: 0.827157, CTCLoss: 15.300276, NRTRLoss: 1.445386, loss: 16.745662, avg_reader_cost: 0.00286 s, avg_batch_cost: 0.45180 s, avg_samples: 87.3, ips: 193.22510 samples/s, eta: 2:19:27, max_mem_reserved: 25002 MB, max_mem_allocated: 13654 MB
[2025/11/14 18:38:02] ppocr INFO: epoch: [7/20], global_step: 6970, lr: 0.000005, acc: 0.311765, norm_edit_dis: 0.828536, CTCLoss: 15.300276, NRTRLoss: 1.445386, loss: 16.745662, avg_reader_cost: 0.00288 s, avg_batch_cost: 0.49433 s, avg_samples: 104.4, ips: 211.19459 samples/s, eta: 2:19:20, max_mem_reserved: 25002 MB, max_mem_allocated: 13654 MB
[2025/11/14 18:38:07] ppocr INFO: epoch: [7/20], global_step: 6980, lr: 0.000005, acc: 0.347059, norm_edit_dis: 0.836541, CTCLoss: 14.510505, NRTRLoss: 1.430012, loss: 15.945291, avg_reader_cost: 0.00284 s, avg_batch_cost: 0.42816 s, avg_samples: 76.6, ips: 178.90509 samples/s, eta: 2:19:11, max_mem_reserved: 25002 MB, max_mem_allocated: 13654 MB
[2025/11/14 18:38:11] ppocr INFO: epoch: [7/20], global_step: 6990, lr: 0.000005, acc: 0.369853, norm_edit_dis: 0.848000, CTCLoss: 12.934374, NRTRLoss: 1.420140, loss: 14.379153, avg_reader_cost: 0.00281 s, avg_batch_cost: 0.44112 s, avg_samples: 81.0, ips: 183.62511 samples/s, eta: 2:19:03, max_mem_reserved: 25002 MB, max_mem_allocated: 13654 MB
[2025/11/14 18:38:16] ppocr INFO: epoch: [7/20], global_step: 7000, lr: 0.000005, acc: 0.304687, norm_edit_dis: 0.834290, CTCLoss: 15.862902, NRTRLoss: 1.432863, loss: 17.297655, avg_reader_cost: 0.00281 s, avg_batch_cost: 0.49363 s, avg_samples: 102.4, ips: 207.44489 samples/s, eta: 2:18:56, max_mem_reserved: 25002 MB, max_mem_allocated: 13654 MB
[2025/11/14 18:38:45] ppocr INFO: cur metric, acc: 0.3876999996123, norm_edit_dis: 0.8649373319168372, fps: 919.4697170680627
[2025/11/14 18:38:45] ppocr INFO: best metric, acc: 0.38869999961130003, is_float16: False, norm_edit_dis: 0.8644256043823525, fps: 918.0539315184908, best_epoch: 7
[2025/11/14 18:38:49] ppocr INFO: epoch: [7/20], global_step: 7010, lr: 0.000005, acc: 0.356158, norm_edit_dis: 0.843021, CTCLoss: 13.888093, NRTRLoss: 1.413625, loss: 15.291345, avg_reader_cost: 0.00326 s, avg_batch_cost: 0.44097 s, avg_samples: 78.8, ips: 178.69686 samples/s, eta: 2:18:47, max_mem_reserved: 25002 MB, max_mem_allocated: 13654 MB
[2025/11/14 18:38:54] ppocr INFO: epoch: [7/20], global_step: 7020, lr: 0.000005, acc: 0.352941, norm_edit_dis: 0.838822, CTCLoss: 13.489034, NRTRLoss: 1.417363, loss: 14.941188, avg_reader_cost: 0.00286 s, avg_batch_cost: 0.47310 s, avg_samples: 95.9, ips: 202.70421 samples/s, eta: 2:18:40, max_mem_reserved: 25002 MB, max_mem_allocated: 13654 MB
[2025/11/14 18:38:59] ppocr INFO: epoch: [7/20], global_step: 7030, lr: 0.000005, acc: 0.343750, norm_edit_dis: 0.820365, CTCLoss: 13.804343, NRTRLoss: 1.460559, loss: 15.205753, avg_reader_cost: 0.00290 s, avg_batch_cost: 0.45642 s, avg_samples: 89.5, ips: 196.09005 samples/s, eta: 2:18:32, max_mem_reserved: 25002 MB, max_mem_allocated: 13654 MB
[2025/11/14 18:39:03] ppocr INFO: epoch: [7/20], global_step: 7040, lr: 0.000005, acc: 0.343750, norm_edit_dis: 0.823605, CTCLoss: 14.034731, NRTRLoss: 1.434431, loss: 15.483832, avg_reader_cost: 0.00290 s, avg_batch_cost: 0.48302 s, avg_samples: 100.2, ips: 207.44353 samples/s, eta: 2:18:24, max_mem_reserved: 25002 MB, max_mem_allocated: 13654 MB
[2025/11/14 18:39:08] ppocr INFO: epoch: [7/20], global_step: 7050, lr: 0.000005, acc: 0.307261, norm_edit_dis: 0.818906, CTCLoss: 14.874883, NRTRLoss: 1.442134, loss: 16.311580, avg_reader_cost: 0.00286 s, avg_batch_cost: 0.46096 s, avg_samples: 91.6, ips: 198.71490 samples/s, eta: 2:18:17, max_mem_reserved: 25002 MB, max_mem_allocated: 13654 MB
[2025/11/14 18:39:13] ppocr INFO: epoch: [7/20], global_step: 7060, lr: 0.000005, acc: 0.329412, norm_edit_dis: 0.823473, CTCLoss: 15.384446, NRTRLoss: 1.436292, loss: 16.812556, avg_reader_cost: 0.00285 s, avg_batch_cost: 0.46133 s, avg_samples: 91.6, ips: 198.55639 samples/s, eta: 2:18:09, max_mem_reserved: 25002 MB, max_mem_allocated: 13654 MB
[2025/11/14 18:39:17] ppocr INFO: epoch: [7/20], global_step: 7070, lr: 0.000005, acc: 0.311765, norm_edit_dis: 0.819485, CTCLoss: 15.384446, NRTRLoss: 1.436089, loss: 16.812556, avg_reader_cost: 0.00288 s, avg_batch_cost: 0.46147 s, avg_samples: 91.6, ips: 198.49784 samples/s, eta: 2:18:01, max_mem_reserved: 25002 MB, max_mem_allocated: 13654 MB
[2025/11/14 18:39:22] ppocr INFO: epoch: [7/20], global_step: 7080, lr: 0.000005, acc: 0.300000, norm_edit_dis: 0.811838, CTCLoss: 15.478225, NRTRLoss: 1.446256, loss: 16.954208, avg_reader_cost: 0.00284 s, avg_batch_cost: 0.48518 s, avg_samples: 102.3, ips: 210.84873 samples/s, eta: 2:17:54, max_mem_reserved: 25002 MB, max_mem_allocated: 13654 MB
[2025/11/14 18:39:27] ppocr INFO: epoch: [7/20], global_step: 7090, lr: 0.000005, acc: 0.264200, norm_edit_dis: 0.741826, CTCLoss: 21.565366, NRTRLoss: 1.451063, loss: 23.046624, avg_reader_cost: 0.00284 s, avg_batch_cost: 0.50088 s, avg_samples: 108.7, ips: 217.01689 samples/s, eta: 2:17:47, max_mem_reserved: 25002 MB, max_mem_allocated: 13654 MB
[2025/11/14 18:39:32] ppocr INFO: epoch: [7/20], global_step: 7100, lr: 0.000005, acc: 0.299403, norm_edit_dis: 0.826659, CTCLoss: 15.000491, NRTRLoss: 1.421281, loss: 16.406770, avg_reader_cost: 0.00284 s, avg_batch_cost: 0.46825 s, avg_samples: 95.8, ips: 204.59124 samples/s, eta: 2:17:39, max_mem_reserved: 25002 MB, max_mem_allocated: 13654 MB
[2025/11/14 18:40:00] ppocr INFO: cur metric, acc: 0.3864999996135, norm_edit_dis: 0.8592687955167799, fps: 921.1390189464827
[2025/11/14 18:40:00] ppocr INFO: best metric, acc: 0.38869999961130003, is_float16: False, norm_edit_dis: 0.8644256043823525, fps: 918.0539315184908, best_epoch: 7
[2025/11/14 18:40:04] ppocr INFO: epoch: [7/20], global_step: 7110, lr: 0.000005, acc: 0.328768, norm_edit_dis: 0.828799, CTCLoss: 13.191580, NRTRLoss: 1.420944, loss: 14.623105, avg_reader_cost: 0.00292 s, avg_batch_cost: 0.44136 s, avg_samples: 81.0, ips: 183.52161 samples/s, eta: 2:17:31, max_mem_reserved: 25002 MB, max_mem_allocated: 13654 MB
[2025/11/14 18:40:09] ppocr INFO: epoch: [7/20], global_step: 7120, lr: 0.000005, acc: 0.307261, norm_edit_dis: 0.826093, CTCLoss: 13.918228, NRTRLoss: 1.427194, loss: 15.341875, avg_reader_cost: 0.00284 s, avg_batch_cost: 0.47799 s, avg_samples: 98.0, ips: 205.02709 samples/s, eta: 2:17:23, max_mem_reserved: 25002 MB, max_mem_allocated: 13654 MB
[2025/11/14 18:40:14] ppocr INFO: epoch: [7/20], global_step: 7130, lr: 0.000005, acc: 0.301379, norm_edit_dis: 0.816873, CTCLoss: 17.002062, NRTRLoss: 1.440184, loss: 18.425465, avg_reader_cost: 0.00284 s, avg_batch_cost: 0.47844 s, avg_samples: 98.0, ips: 204.83266 samples/s, eta: 2:17:16, max_mem_reserved: 25002 MB, max_mem_allocated: 13654 MB
[2025/11/14 18:40:18] ppocr INFO: epoch: [7/20], global_step: 7140, lr: 0.000005, acc: 0.317004, norm_edit_dis: 0.817971, CTCLoss: 14.228115, NRTRLoss: 1.422839, loss: 15.634279, avg_reader_cost: 0.00283 s, avg_batch_cost: 0.45196 s, avg_samples: 87.3, ips: 193.15928 samples/s, eta: 2:17:08, max_mem_reserved: 25002 MB, max_mem_allocated: 13654 MB
[2025/11/14 18:40:23] ppocr INFO: epoch: [7/20], global_step: 7150, lr: 0.000005, acc: 0.311765, norm_edit_dis: 0.815072, CTCLoss: 14.516269, NRTRLoss: 1.434063, loss: 15.950332, avg_reader_cost: 0.00283 s, avg_batch_cost: 0.48488 s, avg_samples: 100.2, ips: 206.64995 samples/s, eta: 2:17:01, max_mem_reserved: 25002 MB, max_mem_allocated: 13654 MB
[2025/11/14 18:40:28] ppocr INFO: epoch: [7/20], global_step: 7160, lr: 0.000005, acc: 0.305882, norm_edit_dis: 0.825652, CTCLoss: 15.106761, NRTRLoss: 1.457548, loss: 16.552640, avg_reader_cost: 0.00334 s, avg_batch_cost: 0.47073 s, avg_samples: 93.8, ips: 199.26471 samples/s, eta: 2:16:53, max_mem_reserved: 25002 MB, max_mem_allocated: 13654 MB
[2025/11/14 18:40:33] ppocr INFO: epoch: [7/20], global_step: 7170, lr: 0.000005, acc: 0.329412, norm_edit_dis: 0.840847, CTCLoss: 13.899184, NRTRLoss: 1.410849, loss: 15.285940, avg_reader_cost: 0.00286 s, avg_batch_cost: 0.46791 s, avg_samples: 93.7, ips: 200.25206 samples/s, eta: 2:16:46, max_mem_reserved: 25002 MB, max_mem_allocated: 13654 MB
[2025/11/14 18:40:37] ppocr INFO: epoch: [7/20], global_step: 7180, lr: 0.000005, acc: 0.342463, norm_edit_dis: 0.843309, CTCLoss: 12.870056, NRTRLoss: 1.424083, loss: 14.283748, avg_reader_cost: 0.00285 s, avg_batch_cost: 0.47357 s, avg_samples: 95.9, ips: 202.50597 samples/s, eta: 2:16:38, max_mem_reserved: 25002 MB, max_mem_allocated: 13654 MB
[2025/11/14 18:40:42] ppocr INFO: epoch: [7/20], global_step: 7190, lr: 0.000005, acc: 0.342463, norm_edit_dis: 0.844442, CTCLoss: 12.557143, NRTRLoss: 1.428328, loss: 13.980805, avg_reader_cost: 0.00284 s, avg_batch_cost: 0.44978 s, avg_samples: 85.3, ips: 189.64762 samples/s, eta: 2:16:30, max_mem_reserved: 25002 MB, max_mem_allocated: 13654 MB
[2025/11/14 18:40:46] ppocr INFO: epoch: [7/20], global_step: 7200, lr: 0.000005, acc: 0.335294, norm_edit_dis: 0.837497, CTCLoss: 12.812737, NRTRLoss: 1.425102, loss: 14.252035, avg_reader_cost: 0.00281 s, avg_batch_cost: 0.44708 s, avg_samples: 85.1, ips: 190.34704 samples/s, eta: 2:16:22, max_mem_reserved: 25002 MB, max_mem_allocated: 13654 MB
[2025/11/14 18:41:14] ppocr INFO: cur metric, acc: 0.3991999996008, norm_edit_dis: 0.8654393855713628, fps: 920.9682104113597
[2025/11/14 18:41:16] ppocr INFO: save best model is to ./output/best_accuracy
[2025/11/14 18:41:16] ppocr INFO: best metric, acc: 0.3991999996008, is_float16: False, norm_edit_dis: 0.8654393855713628, fps: 920.9682104113597, best_epoch: 7
[2025/11/14 18:41:21] ppocr INFO: epoch: [7/20], global_step: 7210, lr: 0.000005, acc: 0.329412, norm_edit_dis: 0.826929, CTCLoss: 13.231890, NRTRLoss: 1.437207, loss: 14.666725, avg_reader_cost: 0.00289 s, avg_batch_cost: 0.49725 s, avg_samples: 104.5, ips: 210.15635 samples/s, eta: 2:16:15, max_mem_reserved: 25002 MB, max_mem_allocated: 13654 MB
[2025/11/14 18:41:26] ppocr INFO: epoch: [7/20], global_step: 7220, lr: 0.000005, acc: 0.269531, norm_edit_dis: 0.718416, CTCLoss: 22.449757, NRTRLoss: 1.506637, loss: 23.957767, avg_reader_cost: 0.00282 s, avg_batch_cost: 0.48658 s, avg_samples: 100.2, ips: 205.92513 samples/s, eta: 2:16:08, max_mem_reserved: 25002 MB, max_mem_allocated: 13654 MB
[2025/11/14 18:41:31] ppocr INFO: epoch: [7/20], global_step: 7230, lr: 0.000005, acc: 0.367187, norm_edit_dis: 0.836957, CTCLoss: 13.358234, NRTRLoss: 1.430235, loss: 14.792834, avg_reader_cost: 0.00326 s, avg_batch_cost: 0.46334 s, avg_samples: 89.5, ips: 193.16319 samples/s, eta: 2:16:01, max_mem_reserved: 25002 MB, max_mem_allocated: 13654 MB
[2025/11/14 18:41:36] ppocr INFO: epoch: [7/20], global_step: 7240, lr: 0.000005, acc: 0.359375, norm_edit_dis: 0.848848, CTCLoss: 13.575804, NRTRLoss: 1.403956, loss: 14.993474, avg_reader_cost: 0.00282 s, avg_batch_cost: 0.45470 s, avg_samples: 87.4, ips: 192.21341 samples/s, eta: 2:15:53, max_mem_reserved: 25002 MB, max_mem_allocated: 13654 MB
[2025/11/14 18:41:40] ppocr INFO: epoch: [7/20], global_step: 7250, lr: 0.000005, acc: 0.375735, norm_edit_dis: 0.842859, CTCLoss: 13.628520, NRTRLoss: 1.407290, loss: 15.062280, avg_reader_cost: 0.00281 s, avg_batch_cost: 0.44710 s, avg_samples: 85.2, ips: 190.56042 samples/s, eta: 2:15:45, max_mem_reserved: 25002 MB, max_mem_allocated: 13654 MB
[2025/11/14 18:41:44] ppocr INFO: epoch: [7/20], global_step: 7260, lr: 0.000005, acc: 0.390625, norm_edit_dis: 0.852547, CTCLoss: 12.249440, NRTRLoss: 1.407638, loss: 13.650141, avg_reader_cost: 0.00282 s, avg_batch_cost: 0.43878 s, avg_samples: 80.9, ips: 184.37297 samples/s, eta: 2:15:37, max_mem_reserved: 25002 MB, max_mem_allocated: 13654 MB
[2025/11/14 18:41:49] ppocr INFO: epoch: [7/20], global_step: 7270, lr: 0.000005, acc: 0.398437, norm_edit_dis: 0.856266, CTCLoss: 11.830828, NRTRLoss: 1.406867, loss: 13.223686, avg_reader_cost: 0.00283 s, avg_batch_cost: 0.43394 s, avg_samples: 78.9, ips: 181.82242 samples/s, eta: 2:15:28, max_mem_reserved: 25002 MB, max_mem_allocated: 13654 MB
[2025/11/14 18:41:53] ppocr INFO: epoch: [7/20], global_step: 7280, lr: 0.000005, acc: 0.390625, norm_edit_dis: 0.852507, CTCLoss: 11.607292, NRTRLoss: 1.418010, loss: 13.000263, avg_reader_cost: 0.00277 s, avg_batch_cost: 0.44434 s, avg_samples: 83.1, ips: 187.02074 samples/s, eta: 2:15:20, max_mem_reserved: 25002 MB, max_mem_allocated: 13654 MB
[2025/11/14 18:41:58] ppocr INFO: epoch: [7/20], global_step: 7290, lr: 0.000005, acc: 0.343750, norm_edit_dis: 0.846121, CTCLoss: 13.377634, NRTRLoss: 1.412251, loss: 14.778887, avg_reader_cost: 0.00372 s, avg_batch_cost: 0.46973 s, avg_samples: 91.7, ips: 195.22043 samples/s, eta: 2:15:13, max_mem_reserved: 25002 MB, max_mem_allocated: 13654 MB
[2025/11/14 18:42:02] ppocr INFO: epoch: [7/20], global_step: 7300, lr: 0.000005, acc: 0.348346, norm_edit_dis: 0.839767, CTCLoss: 13.422819, NRTRLoss: 1.428294, loss: 14.818251, avg_reader_cost: 0.00329 s, avg_batch_cost: 0.45785 s, avg_samples: 87.4, ips: 190.89408 samples/s, eta: 2:15:05, max_mem_reserved: 25002 MB, max_mem_allocated: 13654 MB
[2025/11/14 18:42:31] ppocr INFO: cur metric, acc: 0.4046999995953, norm_edit_dis: 0.8684955978857092, fps: 922.9749803447424
[2025/11/14 18:42:33] ppocr INFO: save best model is to ./output/best_accuracy
[2025/11/14 18:42:33] ppocr INFO: best metric, acc: 0.4046999995953, is_float16: False, norm_edit_dis: 0.8684955978857092, fps: 922.9749803447424, best_epoch: 7
[2025/11/14 18:42:37] ppocr INFO: epoch: [7/20], global_step: 7310, lr: 0.000005, acc: 0.369853, norm_edit_dis: 0.844226, CTCLoss: 12.542129, NRTRLoss: 1.426726, loss: 13.965462, avg_reader_cost: 0.00347 s, avg_batch_cost: 0.43862 s, avg_samples: 83.0, ips: 189.23177 samples/s, eta: 2:14:57, max_mem_reserved: 25002 MB, max_mem_allocated: 13654 MB
[2025/11/14 18:42:42] ppocr INFO: epoch: [7/20], global_step: 7320, lr: 0.000005, acc: 0.356158, norm_edit_dis: 0.845388, CTCLoss: 12.844977, NRTRLoss: 1.417152, loss: 14.252357, avg_reader_cost: 0.00281 s, avg_batch_cost: 0.47681 s, avg_samples: 98.0, ips: 205.53362 samples/s, eta: 2:14:50, max_mem_reserved: 25002 MB, max_mem_allocated: 13654 MB
[2025/11/14 18:42:47] ppocr INFO: epoch: [7/20], global_step: 7330, lr: 0.000005, acc: 0.342463, norm_edit_dis: 0.841667, CTCLoss: 13.291801, NRTRLoss: 1.430455, loss: 14.707688, avg_reader_cost: 0.00281 s, avg_batch_cost: 0.45554 s, avg_samples: 81.0, ips: 177.81147 samples/s, eta: 2:14:42, max_mem_reserved: 25002 MB, max_mem_allocated: 13654 MB
[2025/11/14 18:42:51] ppocr INFO: epoch: [7/20], global_step: 7340, lr: 0.000005, acc: 0.348346, norm_edit_dis: 0.841563, CTCLoss: 12.792542, NRTRLoss: 1.438558, loss: 14.209290, avg_reader_cost: 0.00282 s, avg_batch_cost: 0.45216 s, avg_samples: 89.5, ips: 197.93791 samples/s, eta: 2:14:35, max_mem_reserved: 25002 MB, max_mem_allocated: 13654 MB
[2025/11/14 18:42:56] ppocr INFO: epoch: [7/20], global_step: 7350, lr: 0.000005, acc: 0.358823, norm_edit_dis: 0.838000, CTCLoss: 12.545159, NRTRLoss: 1.427002, loss: 13.960323, avg_reader_cost: 0.00372 s, avg_batch_cost: 0.43484 s, avg_samples: 80.9, ips: 186.04465 samples/s, eta: 2:14:26, max_mem_reserved: 25002 MB, max_mem_allocated: 13654 MB
[2025/11/14 18:43:00] ppocr INFO: epoch: [7/20], global_step: 7360, lr: 0.000005, acc: 0.369853, norm_edit_dis: 0.836186, CTCLoss: 12.397794, NRTRLoss: 1.427002, loss: 13.809037, avg_reader_cost: 0.00325 s, avg_batch_cost: 0.45602 s, avg_samples: 89.5, ips: 196.26394 samples/s, eta: 2:14:19, max_mem_reserved: 25002 MB, max_mem_allocated: 13654 MB
[2025/11/14 18:43:05] ppocr INFO: epoch: [7/20], global_step: 7370, lr: 0.000005, acc: 0.375000, norm_edit_dis: 0.848959, CTCLoss: 12.392102, NRTRLoss: 1.428604, loss: 13.805675, avg_reader_cost: 0.00286 s, avg_batch_cost: 0.43477 s, avg_samples: 81.0, ips: 186.30530 samples/s, eta: 2:14:11, max_mem_reserved: 25002 MB, max_mem_allocated: 13654 MB
[2025/11/14 18:43:10] ppocr INFO: epoch: [7/20], global_step: 7380, lr: 0.000005, acc: 0.389430, norm_edit_dis: 0.845914, CTCLoss: 12.487262, NRTRLoss: 1.429487, loss: 13.907671, avg_reader_cost: 0.00285 s, avg_batch_cost: 0.49426 s, avg_samples: 100.1, ips: 202.52529 samples/s, eta: 2:14:04, max_mem_reserved: 25002 MB, max_mem_allocated: 13654 MB
[2025/11/14 18:43:14] ppocr INFO: epoch: [7/20], global_step: 7390, lr: 0.000005, acc: 0.401195, norm_edit_dis: 0.843806, CTCLoss: 12.320658, NRTRLoss: 1.410746, loss: 13.726353, avg_reader_cost: 0.00286 s, avg_batch_cost: 0.41827 s, avg_samples: 72.4, ips: 173.09585 samples/s, eta: 2:13:55, max_mem_reserved: 25002 MB, max_mem_allocated: 13654 MB
[2025/11/14 18:43:18] ppocr INFO: epoch: [7/20], global_step: 7400, lr: 0.000005, acc: 0.377665, norm_edit_dis: 0.854318, CTCLoss: 12.180542, NRTRLoss: 1.400377, loss: 13.584509, avg_reader_cost: 0.00284 s, avg_batch_cost: 0.47130 s, avg_samples: 93.7, ips: 198.81164 samples/s, eta: 2:13:48, max_mem_reserved: 25002 MB, max_mem_allocated: 13654 MB
[2025/11/14 18:43:47] ppocr INFO: cur metric, acc: 0.40779999959220004, norm_edit_dis: 0.8677732860740084, fps: 915.7127228340237
[2025/11/14 18:43:50] ppocr INFO: save best model is to ./output/best_accuracy
[2025/11/14 18:43:50] ppocr INFO: best metric, acc: 0.40779999959220004, is_float16: False, norm_edit_dis: 0.8677732860740084, fps: 915.7127228340237, best_epoch: 7
[2025/11/14 18:43:54] ppocr INFO: epoch: [7/20], global_step: 7410, lr: 0.000005, acc: 0.362040, norm_edit_dis: 0.850579, CTCLoss: 12.105116, NRTRLoss: 1.413477, loss: 13.522362, avg_reader_cost: 0.00279 s, avg_batch_cost: 0.44568 s, avg_samples: 81.0, ips: 181.74546 samples/s, eta: 2:13:40, max_mem_reserved: 25002 MB, max_mem_allocated: 13654 MB
[2025/11/14 18:43:59] ppocr INFO: epoch: [7/20], global_step: 7420, lr: 0.000005, acc: 0.348346, norm_edit_dis: 0.847249, CTCLoss: 12.061193, NRTRLoss: 1.409255, loss: 13.476296, avg_reader_cost: 0.00278 s, avg_batch_cost: 0.46800 s, avg_samples: 91.6, ips: 195.72745 samples/s, eta: 2:13:33, max_mem_reserved: 25002 MB, max_mem_allocated: 13654 MB
[2025/11/14 18:44:03] ppocr INFO: epoch: [7/20], global_step: 7430, lr: 0.000005, acc: 0.315073, norm_edit_dis: 0.821724, CTCLoss: 13.106626, NRTRLoss: 1.425243, loss: 14.596276, avg_reader_cost: 0.00317 s, avg_batch_cost: 0.47246 s, avg_samples: 95.9, ips: 202.98044 samples/s, eta: 2:13:26, max_mem_reserved: 25002 MB, max_mem_allocated: 13654 MB
[2025/11/14 18:44:08] ppocr INFO: epoch: [7/20], global_step: 7440, lr: 0.000005, acc: 0.312500, norm_edit_dis: 0.821724, CTCLoss: 14.029505, NRTRLoss: 1.453418, loss: 15.460120, avg_reader_cost: 0.00284 s, avg_batch_cost: 0.46301 s, avg_samples: 91.7, ips: 198.05117 samples/s, eta: 2:13:18, max_mem_reserved: 25002 MB, max_mem_allocated: 13654 MB
[2025/11/14 18:44:13] ppocr INFO: epoch: [7/20], global_step: 7450, lr: 0.000005, acc: 0.336581, norm_edit_dis: 0.836899, CTCLoss: 13.728613, NRTRLoss: 1.451865, loss: 15.159845, avg_reader_cost: 0.00319 s, avg_batch_cost: 0.47721 s, avg_samples: 98.0, ips: 205.36226 samples/s, eta: 2:13:11, max_mem_reserved: 25002 MB, max_mem_allocated: 13654 MB
[2025/11/14 18:44:17] ppocr INFO: epoch: [7/20], global_step: 7460, lr: 0.000005, acc: 0.359375, norm_edit_dis: 0.841481, CTCLoss: 11.726083, NRTRLoss: 1.437968, loss: 13.147340, avg_reader_cost: 0.00282 s, avg_batch_cost: 0.45607 s, avg_samples: 89.5, ips: 196.24130 samples/s, eta: 2:13:03, max_mem_reserved: 25002 MB, max_mem_allocated: 13654 MB
[2025/11/14 18:44:22] ppocr INFO: epoch: [7/20], global_step: 7470, lr: 0.000005, acc: 0.323529, norm_edit_dis: 0.824631, CTCLoss: 12.733787, NRTRLoss: 1.452957, loss: 14.156009, avg_reader_cost: 0.00285 s, avg_batch_cost: 0.50171 s, avg_samples: 108.7, ips: 216.66061 samples/s, eta: 2:12:57, max_mem_reserved: 25002 MB, max_mem_allocated: 13654 MB
[2025/11/14 18:44:27] ppocr INFO: epoch: [7/20], global_step: 7480, lr: 0.000005, acc: 0.242187, norm_edit_dis: 0.723392, CTCLoss: 21.757495, NRTRLoss: 1.476126, loss: 23.258231, avg_reader_cost: 0.00280 s, avg_batch_cost: 0.47462 s, avg_samples: 98.1, ips: 206.69366 samples/s, eta: 2:12:49, max_mem_reserved: 25002 MB, max_mem_allocated: 13654 MB
[2025/11/14 18:44:32] ppocr INFO: epoch: [7/20], global_step: 7490, lr: 0.000005, acc: 0.348346, norm_edit_dis: 0.837780, CTCLoss: 12.515588, NRTRLoss: 1.426905, loss: 13.942493, avg_reader_cost: 0.00281 s, avg_batch_cost: 0.46913 s, avg_samples: 95.9, ips: 204.41946 samples/s, eta: 2:12:42, max_mem_reserved: 25002 MB, max_mem_allocated: 13654 MB
[2025/11/14 18:44:36] ppocr INFO: epoch: [7/20], global_step: 7500, lr: 0.000005, acc: 0.377665, norm_edit_dis: 0.856343, CTCLoss: 11.772764, NRTRLoss: 1.420367, loss: 13.183740, avg_reader_cost: 0.00283 s, avg_batch_cost: 0.44065 s, avg_samples: 83.1, ips: 188.58591 samples/s, eta: 2:12:34, max_mem_reserved: 25002 MB, max_mem_allocated: 13654 MB
[2025/11/14 18:45:06] ppocr INFO: cur metric, acc: 0.4175999995824, norm_edit_dis: 0.8717279284769154, fps: 915.5690421087139
[2025/11/14 18:45:08] ppocr INFO: save best model is to ./output/best_accuracy
[2025/11/14 18:45:08] ppocr INFO: best metric, acc: 0.4175999995824, is_float16: False, norm_edit_dis: 0.8717279284769154, fps: 915.5690421087139, best_epoch: 7
[2025/11/14 18:45:13] ppocr INFO: epoch: [7/20], global_step: 7510, lr: 0.000005, acc: 0.364706, norm_edit_dis: 0.848274, CTCLoss: 11.772764, NRTRLoss: 1.420367, loss: 13.183740, avg_reader_cost: 0.00388 s, avg_batch_cost: 0.47667 s, avg_samples: 89.5, ips: 187.76177 samples/s, eta: 2:12:27, max_mem_reserved: 25002 MB, max_mem_allocated: 13654 MB
[2025/11/14 18:45:18] ppocr INFO: epoch: [7/20], global_step: 7520, lr: 0.000005, acc: 0.304687, norm_edit_dis: 0.842418, CTCLoss: 15.352015, NRTRLoss: 1.434624, loss: 16.774809, avg_reader_cost: 0.00284 s, avg_batch_cost: 0.48738 s, avg_samples: 102.3, ips: 209.89974 samples/s, eta: 2:12:20, max_mem_reserved: 25002 MB, max_mem_allocated: 13654 MB
[2025/11/14 18:45:22] ppocr INFO: epoch: [7/20], global_step: 7530, lr: 0.000005, acc: 0.281250, norm_edit_dis: 0.834614, CTCLoss: 16.437948, NRTRLoss: 1.440239, loss: 17.862049, avg_reader_cost: 0.00281 s, avg_batch_cost: 0.47310 s, avg_samples: 95.9, ips: 202.70510 samples/s, eta: 2:12:13, max_mem_reserved: 25002 MB, max_mem_allocated: 13654 MB
[2025/11/14 18:45:27] ppocr INFO: epoch: [7/20], global_step: 7540, lr: 0.000005, acc: 0.335294, norm_edit_dis: 0.845109, CTCLoss: 12.412096, NRTRLoss: 1.423927, loss: 13.826456, avg_reader_cost: 0.00282 s, avg_batch_cost: 0.45871 s, avg_samples: 89.5, ips: 195.11278 samples/s, eta: 2:12:05, max_mem_reserved: 25002 MB, max_mem_allocated: 13654 MB
[2025/11/14 18:45:31] ppocr INFO: epoch: [7/20], global_step: 7550, lr: 0.000005, acc: 0.362040, norm_edit_dis: 0.851281, CTCLoss: 12.313058, NRTRLoss: 1.415739, loss: 13.721481, avg_reader_cost: 0.00286 s, avg_batch_cost: 0.43756 s, avg_samples: 80.9, ips: 184.88870 samples/s, eta: 2:11:58, max_mem_reserved: 25002 MB, max_mem_allocated: 13654 MB
[2025/11/14 18:45:36] ppocr INFO: epoch: [7/20], global_step: 7560, lr: 0.000005, acc: 0.351562, norm_edit_dis: 0.828833, CTCLoss: 13.070024, NRTRLoss: 1.423211, loss: 14.506178, avg_reader_cost: 0.00282 s, avg_batch_cost: 0.46818 s, avg_samples: 93.8, ips: 200.35157 samples/s, eta: 2:11:50, max_mem_reserved: 25002 MB, max_mem_allocated: 13654 MB
[2025/11/14 18:45:41] ppocr INFO: epoch: [7/20], global_step: 7570, lr: 0.000005, acc: 0.277987, norm_edit_dis: 0.813971, CTCLoss: 14.368216, NRTRLoss: 1.466354, loss: 15.772775, avg_reader_cost: 0.00279 s, avg_batch_cost: 0.47730 s, avg_samples: 98.1, ips: 205.53095 samples/s, eta: 2:11:43, max_mem_reserved: 25002 MB, max_mem_allocated: 13654 MB
[2025/11/14 18:45:45] ppocr INFO: epoch: [7/20], global_step: 7580, lr: 0.000005, acc: 0.358823, norm_edit_dis: 0.830811, CTCLoss: 13.918019, NRTRLoss: 1.462359, loss: 15.370966, avg_reader_cost: 0.00280 s, avg_batch_cost: 0.46811 s, avg_samples: 95.8, ips: 204.65165 samples/s, eta: 2:11:36, max_mem_reserved: 25002 MB, max_mem_allocated: 13654 MB
[2025/11/14 18:45:50] ppocr INFO: epoch: [7/20], global_step: 7590, lr: 0.000005, acc: 0.364706, norm_edit_dis: 0.844924, CTCLoss: 12.900713, NRTRLoss: 1.436700, loss: 14.337567, avg_reader_cost: 0.00324 s, avg_batch_cost: 0.47403 s, avg_samples: 95.9, ips: 202.30845 samples/s, eta: 2:11:29, max_mem_reserved: 25002 MB, max_mem_allocated: 13654 MB
[2025/11/14 18:45:55] ppocr INFO: epoch: [7/20], global_step: 7600, lr: 0.000005, acc: 0.375735, norm_edit_dis: 0.836703, CTCLoss: 12.482371, NRTRLoss: 1.434016, loss: 13.915805, avg_reader_cost: 0.00320 s, avg_batch_cost: 0.46143 s, avg_samples: 91.6, ips: 198.51227 samples/s, eta: 2:11:21, max_mem_reserved: 25002 MB, max_mem_allocated: 13654 MB
[2025/11/14 18:46:23] ppocr INFO: cur metric, acc: 0.414999999585, norm_edit_dis: 0.8711046895431892, fps: 918.4720264625153
[2025/11/14 18:46:23] ppocr INFO: best metric, acc: 0.4175999995824, is_float16: False, norm_edit_dis: 0.8717279284769154, fps: 915.5690421087139, best_epoch: 7
[2025/11/14 18:46:24] ppocr INFO: epoch: [7/20], global_step: 7602, lr: 0.000005, acc: 0.382353, norm_edit_dis: 0.843300, CTCLoss: 11.914234, NRTRLoss: 1.423097, loss: 13.314958, avg_reader_cost: 0.00062 s, avg_batch_cost: 0.12366 s, avg_samples: 21.3, ips: 172.24928 samples/s, eta: 2:11:20, max_mem_reserved: 25002 MB, max_mem_allocated: 13654 MB
[2025/11/14 18:46:27] ppocr INFO: save model in ./output/latest
[2025/11/14 18:46:28] ppocr INFO: save model in ./output/iter_epoch_7
[2025/11/14 18:46:34] ppocr INFO: epoch: [8/20], global_step: 7610, lr: 0.000005, acc: 0.297426, norm_edit_dis: 0.801108, CTCLoss: 15.221981, NRTRLoss: 1.449637, loss: 16.633270, avg_reader_cost: 0.53154 s, avg_batch_cost: 0.94480 s, avg_samples: 89.5, ips: 94.72950 samples/s, eta: 2:11:25, max_mem_reserved: 25002 MB, max_mem_allocated: 13654 MB
[2025/11/14 18:46:39] ppocr INFO: epoch: [8/20], global_step: 7620, lr: 0.000005, acc: 0.301425, norm_edit_dis: 0.828741, CTCLoss: 15.232676, NRTRLoss: 1.440897, loss: 16.633270, avg_reader_cost: 0.00286 s, avg_batch_cost: 0.47353 s, avg_samples: 93.7, ips: 197.87611 samples/s, eta: 2:11:18, max_mem_reserved: 25002 MB, max_mem_allocated: 13654 MB
[2025/11/14 18:46:43] ppocr INFO: epoch: [8/20], global_step: 7630, lr: 0.000005, acc: 0.329412, norm_edit_dis: 0.841348, CTCLoss: 13.731872, NRTRLoss: 1.425418, loss: 15.164629, avg_reader_cost: 0.00288 s, avg_batch_cost: 0.47060 s, avg_samples: 91.7, ips: 194.85786 samples/s, eta: 2:11:11, max_mem_reserved: 25002 MB, max_mem_allocated: 13654 MB
[2025/11/14 18:46:48] ppocr INFO: epoch: [8/20], global_step: 7640, lr: 0.000005, acc: 0.292969, norm_edit_dis: 0.819258, CTCLoss: 14.961922, NRTRLoss: 1.433396, loss: 16.381100, avg_reader_cost: 0.00293 s, avg_batch_cost: 0.49689 s, avg_samples: 102.3, ips: 205.87933 samples/s, eta: 2:11:04, max_mem_reserved: 25002 MB, max_mem_allocated: 13654 MB
[2025/11/14 18:46:53] ppocr INFO: epoch: [8/20], global_step: 7650, lr: 0.000005, acc: 0.390625, norm_edit_dis: 0.839095, CTCLoss: 13.054903, NRTRLoss: 1.431811, loss: 14.479220, avg_reader_cost: 0.00341 s, avg_batch_cost: 0.47414 s, avg_samples: 93.7, ips: 197.62278 samples/s, eta: 2:10:57, max_mem_reserved: 25002 MB, max_mem_allocated: 13654 MB
[2025/11/14 18:46:58] ppocr INFO: epoch: [8/20], global_step: 7660, lr: 0.000005, acc: 0.311121, norm_edit_dis: 0.832435, CTCLoss: 13.054903, NRTRLoss: 1.437756, loss: 14.479220, avg_reader_cost: 0.00289 s, avg_batch_cost: 0.50356 s, avg_samples: 106.6, ips: 211.69253 samples/s, eta: 2:10:50, max_mem_reserved: 25002 MB, max_mem_allocated: 13654 MB
[2025/11/14 18:47:03] ppocr INFO: epoch: [8/20], global_step: 7670, lr: 0.000005, acc: 0.322886, norm_edit_dis: 0.824630, CTCLoss: 15.093033, NRTRLoss: 1.458305, loss: 16.508823, avg_reader_cost: 0.00290 s, avg_batch_cost: 0.46779 s, avg_samples: 91.6, ips: 195.81474 samples/s, eta: 2:10:43, max_mem_reserved: 25002 MB, max_mem_allocated: 13654 MB
[2025/11/14 18:47:08] ppocr INFO: epoch: [8/20], global_step: 7680, lr: 0.000005, acc: 0.359375, norm_edit_dis: 0.835973, CTCLoss: 14.157088, NRTRLoss: 1.447393, loss: 15.580097, avg_reader_cost: 0.00287 s, avg_batch_cost: 0.48911 s, avg_samples: 100.2, ips: 204.86308 samples/s, eta: 2:10:36, max_mem_reserved: 25002 MB, max_mem_allocated: 13654 MB
[2025/11/14 18:47:12] ppocr INFO: epoch: [8/20], global_step: 7690, lr: 0.000005, acc: 0.367923, norm_edit_dis: 0.835175, CTCLoss: 12.205908, NRTRLoss: 1.449148, loss: 13.659058, avg_reader_cost: 0.00291 s, avg_batch_cost: 0.46363 s, avg_samples: 89.5, ips: 193.04275 samples/s, eta: 2:10:29, max_mem_reserved: 25002 MB, max_mem_allocated: 13654 MB
[2025/11/14 18:47:17] ppocr INFO: epoch: [8/20], global_step: 7700, lr: 0.000005, acc: 0.394118, norm_edit_dis: 0.841887, CTCLoss: 11.783429, NRTRLoss: 1.432762, loss: 13.222809, avg_reader_cost: 0.00335 s, avg_batch_cost: 0.46092 s, avg_samples: 89.4, ips: 193.96105 samples/s, eta: 2:10:22, max_mem_reserved: 25002 MB, max_mem_allocated: 13654 MB
[2025/11/14 18:47:45] ppocr INFO: cur metric, acc: 0.4177999995822, norm_edit_dis: 0.8697132595766619, fps: 916.0944712813296
[2025/11/14 18:47:48] ppocr INFO: save best model is to ./output/best_accuracy
[2025/11/14 18:47:48] ppocr INFO: best metric, acc: 0.4177999995822, is_float16: False, norm_edit_dis: 0.8697132595766619, fps: 916.0944712813296, best_epoch: 8
[2025/11/14 18:47:52] ppocr INFO: epoch: [8/20], global_step: 7710, lr: 0.000005, acc: 0.406250, norm_edit_dis: 0.860921, CTCLoss: 10.837089, NRTRLoss: 1.403010, loss: 12.241704, avg_reader_cost: 0.00333 s, avg_batch_cost: 0.46022 s, avg_samples: 74.6, ips: 162.09603 samples/s, eta: 2:10:14, max_mem_reserved: 25002 MB, max_mem_allocated: 13654 MB
[2025/11/14 18:47:57] ppocr INFO: epoch: [8/20], global_step: 7720, lr: 0.000005, acc: 0.406250, norm_edit_dis: 0.861795, CTCLoss: 11.229353, NRTRLoss: 1.396686, loss: 12.612304, avg_reader_cost: 0.00285 s, avg_batch_cost: 0.45288 s, avg_samples: 87.2, ips: 192.54620 samples/s, eta: 2:10:07, max_mem_reserved: 25002 MB, max_mem_allocated: 13654 MB
[2025/11/14 18:48:01] ppocr INFO: epoch: [8/20], global_step: 7730, lr: 0.000005, acc: 0.358823, norm_edit_dis: 0.843471, CTCLoss: 11.976512, NRTRLoss: 1.409127, loss: 13.382826, avg_reader_cost: 0.00285 s, avg_batch_cost: 0.47615 s, avg_samples: 95.9, ips: 201.40779 samples/s, eta: 2:10:00, max_mem_reserved: 25002 MB, max_mem_allocated: 13654 MB
[2025/11/14 18:48:06] ppocr INFO: epoch: [8/20], global_step: 7740, lr: 0.000005, acc: 0.352941, norm_edit_dis: 0.847254, CTCLoss: 12.596160, NRTRLoss: 1.412452, loss: 13.988543, avg_reader_cost: 0.00281 s, avg_batch_cost: 0.43721 s, avg_samples: 80.8, ips: 184.80753 samples/s, eta: 2:09:52, max_mem_reserved: 25002 MB, max_mem_allocated: 13654 MB
[2025/11/14 18:48:11] ppocr INFO: epoch: [8/20], global_step: 7750, lr: 0.000005, acc: 0.352941, norm_edit_dis: 0.851093, CTCLoss: 12.596160, NRTRLoss: 1.412752, loss: 13.988543, avg_reader_cost: 0.00333 s, avg_batch_cost: 0.48343 s, avg_samples: 98.0, ips: 202.71989 samples/s, eta: 2:09:45, max_mem_reserved: 25002 MB, max_mem_allocated: 13654 MB
[2025/11/14 18:48:16] ppocr INFO: epoch: [8/20], global_step: 7760, lr: 0.000005, acc: 0.293566, norm_edit_dis: 0.836833, CTCLoss: 13.103783, NRTRLoss: 1.439886, loss: 14.534717, avg_reader_cost: 0.00284 s, avg_batch_cost: 0.48160 s, avg_samples: 98.1, ips: 203.69470 samples/s, eta: 2:09:38, max_mem_reserved: 25002 MB, max_mem_allocated: 13654 MB
[2025/11/14 18:48:20] ppocr INFO: epoch: [8/20], global_step: 7770, lr: 0.000005, acc: 0.317096, norm_edit_dis: 0.831996, CTCLoss: 12.381291, NRTRLoss: 1.440649, loss: 13.800653, avg_reader_cost: 0.00284 s, avg_batch_cost: 0.47572 s, avg_samples: 95.9, ips: 201.58804 samples/s, eta: 2:09:31, max_mem_reserved: 25002 MB, max_mem_allocated: 13654 MB
[2025/11/14 18:48:25] ppocr INFO: epoch: [8/20], global_step: 7780, lr: 0.000005, acc: 0.356158, norm_edit_dis: 0.847101, CTCLoss: 11.561090, NRTRLoss: 1.421189, loss: 12.961969, avg_reader_cost: 0.00282 s, avg_batch_cost: 0.45982 s, avg_samples: 89.5, ips: 194.64309 samples/s, eta: 2:09:24, max_mem_reserved: 25002 MB, max_mem_allocated: 13654 MB
[2025/11/14 18:48:30] ppocr INFO: epoch: [8/20], global_step: 7790, lr: 0.000005, acc: 0.292969, norm_edit_dis: 0.840226, CTCLoss: 13.722558, NRTRLoss: 1.442205, loss: 15.164763, avg_reader_cost: 0.00283 s, avg_batch_cost: 0.51150 s, avg_samples: 110.8, ips: 216.61797 samples/s, eta: 2:09:17, max_mem_reserved: 25002 MB, max_mem_allocated: 13654 MB
[2025/11/14 18:48:35] ppocr INFO: epoch: [8/20], global_step: 7800, lr: 0.000005, acc: 0.348346, norm_edit_dis: 0.841768, CTCLoss: 11.428045, NRTRLoss: 1.432198, loss: 12.830503, avg_reader_cost: 0.00282 s, avg_batch_cost: 0.45169 s, avg_samples: 81.0, ips: 179.32667 samples/s, eta: 2:09:10, max_mem_reserved: 25002 MB, max_mem_allocated: 13654 MB
[2025/11/14 18:49:03] ppocr INFO: cur metric, acc: 0.42559999957440003, norm_edit_dis: 0.8745798871710437, fps: 919.3437965515577
[2025/11/14 18:49:06] ppocr INFO: save best model is to ./output/best_accuracy
[2025/11/14 18:49:06] ppocr INFO: best metric, acc: 0.42559999957440003, is_float16: False, norm_edit_dis: 0.8745798871710437, fps: 919.3437965515577, best_epoch: 8
[2025/11/14 18:49:11] ppocr INFO: epoch: [8/20], global_step: 7810, lr: 0.000005, acc: 0.342463, norm_edit_dis: 0.840871, CTCLoss: 11.940941, NRTRLoss: 1.417316, loss: 13.357940, avg_reader_cost: 0.00294 s, avg_batch_cost: 0.50122 s, avg_samples: 95.9, ips: 191.33447 samples/s, eta: 2:09:03, max_mem_reserved: 25002 MB, max_mem_allocated: 13654 MB
[2025/11/14 18:49:15] ppocr INFO: epoch: [8/20], global_step: 7820, lr: 0.000005, acc: 0.350276, norm_edit_dis: 0.846320, CTCLoss: 12.524004, NRTRLoss: 1.415897, loss: 13.966938, avg_reader_cost: 0.00282 s, avg_batch_cost: 0.45145 s, avg_samples: 87.4, ips: 193.59678 samples/s, eta: 2:08:56, max_mem_reserved: 25002 MB, max_mem_allocated: 13654 MB
[2025/11/14 18:49:20] ppocr INFO: epoch: [8/20], global_step: 7830, lr: 0.000005, acc: 0.382812, norm_edit_dis: 0.846121, CTCLoss: 12.380813, NRTRLoss: 1.418182, loss: 13.809364, avg_reader_cost: 0.00285 s, avg_batch_cost: 0.48903 s, avg_samples: 100.2, ips: 204.89551 samples/s, eta: 2:08:49, max_mem_reserved: 25002 MB, max_mem_allocated: 13654 MB
[2025/11/14 18:49:24] ppocr INFO: epoch: [8/20], global_step: 7840, lr: 0.000005, acc: 0.394118, norm_edit_dis: 0.833756, CTCLoss: 12.947535, NRTRLoss: 1.427881, loss: 14.400527, avg_reader_cost: 0.00281 s, avg_batch_cost: 0.43610 s, avg_samples: 80.9, ips: 185.50824 samples/s, eta: 2:08:42, max_mem_reserved: 25002 MB, max_mem_allocated: 13654 MB
[2025/11/14 18:49:29] ppocr INFO: epoch: [8/20], global_step: 7850, lr: 0.000005, acc: 0.395312, norm_edit_dis: 0.840464, CTCLoss: 11.786841, NRTRLoss: 1.409900, loss: 13.188981, avg_reader_cost: 0.00281 s, avg_batch_cost: 0.44493 s, avg_samples: 85.1, ips: 191.26590 samples/s, eta: 2:08:34, max_mem_reserved: 25002 MB, max_mem_allocated: 13654 MB
[2025/11/14 18:49:34] ppocr INFO: epoch: [8/20], global_step: 7860, lr: 0.000005, acc: 0.375000, norm_edit_dis: 0.839474, CTCLoss: 12.236997, NRTRLoss: 1.428449, loss: 13.643578, avg_reader_cost: 0.00283 s, avg_batch_cost: 0.48154 s, avg_samples: 100.2, ips: 208.08178 samples/s, eta: 2:08:27, max_mem_reserved: 25002 MB, max_mem_allocated: 13654 MB
[2025/11/14 18:49:39] ppocr INFO: epoch: [8/20], global_step: 7870, lr: 0.000005, acc: 0.317096, norm_edit_dis: 0.784014, CTCLoss: 16.531428, NRTRLoss: 1.448058, loss: 17.989699, avg_reader_cost: 0.00282 s, avg_batch_cost: 0.48684 s, avg_samples: 102.3, ips: 210.13067 samples/s, eta: 2:08:20, max_mem_reserved: 25002 MB, max_mem_allocated: 13654 MB
[2025/11/14 18:49:43] ppocr INFO: epoch: [8/20], global_step: 7880, lr: 0.000005, acc: 0.363971, norm_edit_dis: 0.846356, CTCLoss: 11.986651, NRTRLoss: 1.420188, loss: 13.380348, avg_reader_cost: 0.00316 s, avg_batch_cost: 0.45017 s, avg_samples: 85.2, ips: 189.26064 samples/s, eta: 2:08:13, max_mem_reserved: 25002 MB, max_mem_allocated: 13654 MB
[2025/11/14 18:49:48] ppocr INFO: epoch: [8/20], global_step: 7890, lr: 0.000005, acc: 0.381618, norm_edit_dis: 0.849891, CTCLoss: 10.984013, NRTRLoss: 1.406825, loss: 12.376480, avg_reader_cost: 0.00281 s, avg_batch_cost: 0.45374 s, avg_samples: 87.4, ips: 192.62010 samples/s, eta: 2:08:06, max_mem_reserved: 25002 MB, max_mem_allocated: 13654 MB
[2025/11/14 18:49:52] ppocr INFO: epoch: [8/20], global_step: 7900, lr: 0.000005, acc: 0.375000, norm_edit_dis: 0.844019, CTCLoss: 11.903046, NRTRLoss: 1.419575, loss: 13.335565, avg_reader_cost: 0.00282 s, avg_batch_cost: 0.42859 s, avg_samples: 76.7, ips: 178.96087 samples/s, eta: 2:07:58, max_mem_reserved: 25002 MB, max_mem_allocated: 13654 MB
[2025/11/14 18:50:20] ppocr INFO: cur metric, acc: 0.4355999995644, norm_edit_dis: 0.8772277299657002, fps: 922.521650029232
[2025/11/14 18:50:23] ppocr INFO: save best model is to ./output/best_accuracy
[2025/11/14 18:50:23] ppocr INFO: best metric, acc: 0.4355999995644, is_float16: False, norm_edit_dis: 0.8772277299657002, fps: 922.521650029232, best_epoch: 8
[2025/11/14 18:50:28] ppocr INFO: epoch: [8/20], global_step: 7910, lr: 0.000005, acc: 0.359375, norm_edit_dis: 0.841178, CTCLoss: 12.024858, NRTRLoss: 1.424159, loss: 13.450047, avg_reader_cost: 0.00306 s, avg_batch_cost: 0.50061 s, avg_samples: 93.8, ips: 187.37166 samples/s, eta: 2:07:51, max_mem_reserved: 25002 MB, max_mem_allocated: 13654 MB
[2025/11/14 18:50:32] ppocr INFO: epoch: [8/20], global_step: 7920, lr: 0.000005, acc: 0.335937, norm_edit_dis: 0.837836, CTCLoss: 11.322216, NRTRLoss: 1.419911, loss: 12.722232, avg_reader_cost: 0.00282 s, avg_batch_cost: 0.45436 s, avg_samples: 85.3, ips: 187.73499 samples/s, eta: 2:07:44, max_mem_reserved: 25002 MB, max_mem_allocated: 13654 MB
[2025/11/14 18:50:37] ppocr INFO: epoch: [8/20], global_step: 7930, lr: 0.000005, acc: 0.364706, norm_edit_dis: 0.833683, CTCLoss: 11.009880, NRTRLoss: 1.420667, loss: 12.418627, avg_reader_cost: 0.00283 s, avg_batch_cost: 0.46023 s, avg_samples: 91.6, ips: 199.03121 samples/s, eta: 2:07:37, max_mem_reserved: 25002 MB, max_mem_allocated: 13654 MB
[2025/11/14 18:50:42] ppocr INFO: epoch: [8/20], global_step: 7940, lr: 0.000005, acc: 0.369853, norm_edit_dis: 0.839649, CTCLoss: 11.669611, NRTRLoss: 1.424489, loss: 13.069795, avg_reader_cost: 0.00279 s, avg_batch_cost: 0.47620 s, avg_samples: 98.0, ips: 205.79737 samples/s, eta: 2:07:30, max_mem_reserved: 25002 MB, max_mem_allocated: 13654 MB
[2025/11/14 18:50:46] ppocr INFO: epoch: [8/20], global_step: 7950, lr: 0.000005, acc: 0.359375, norm_edit_dis: 0.848819, CTCLoss: 11.897412, NRTRLoss: 1.418795, loss: 13.294541, avg_reader_cost: 0.00278 s, avg_batch_cost: 0.46316 s, avg_samples: 93.7, ips: 202.30666 samples/s, eta: 2:07:23, max_mem_reserved: 25002 MB, max_mem_allocated: 13654 MB
[2025/11/14 18:50:51] ppocr INFO: epoch: [8/20], global_step: 7960, lr: 0.000005, acc: 0.358823, norm_edit_dis: 0.843900, CTCLoss: 11.897412, NRTRLoss: 1.418143, loss: 13.294541, avg_reader_cost: 0.00280 s, avg_batch_cost: 0.44581 s, avg_samples: 85.2, ips: 191.11400 samples/s, eta: 2:07:15, max_mem_reserved: 25002 MB, max_mem_allocated: 13654 MB
[2025/11/14 18:50:55] ppocr INFO: epoch: [8/20], global_step: 7970, lr: 0.000005, acc: 0.369853, norm_edit_dis: 0.848993, CTCLoss: 11.897117, NRTRLoss: 1.409918, loss: 13.313015, avg_reader_cost: 0.00280 s, avg_batch_cost: 0.45416 s, avg_samples: 87.4, ips: 192.44270 samples/s, eta: 2:07:08, max_mem_reserved: 25002 MB, max_mem_allocated: 13654 MB
[2025/11/14 18:51:00] ppocr INFO: epoch: [8/20], global_step: 7980, lr: 0.000005, acc: 0.375735, norm_edit_dis: 0.847377, CTCLoss: 11.329110, NRTRLoss: 1.409866, loss: 12.712680, avg_reader_cost: 0.00278 s, avg_batch_cost: 0.47358 s, avg_samples: 95.9, ips: 202.49903 samples/s, eta: 2:07:01, max_mem_reserved: 25002 MB, max_mem_allocated: 13654 MB
[2025/11/14 18:51:04] ppocr INFO: epoch: [8/20], global_step: 7990, lr: 0.000005, acc: 0.388235, norm_edit_dis: 0.850168, CTCLoss: 11.033684, NRTRLoss: 1.412263, loss: 12.421879, avg_reader_cost: 0.00282 s, avg_batch_cost: 0.43554 s, avg_samples: 80.9, ips: 185.74513 samples/s, eta: 2:06:53, max_mem_reserved: 25002 MB, max_mem_allocated: 13654 MB
[2025/11/14 18:51:09] ppocr INFO: epoch: [8/20], global_step: 8000, lr: 0.000005, acc: 0.348346, norm_edit_dis: 0.829532, CTCLoss: 12.370439, NRTRLoss: 1.434256, loss: 13.804694, avg_reader_cost: 0.00282 s, avg_batch_cost: 0.51293 s, avg_samples: 113.0, ips: 220.30280 samples/s, eta: 2:06:47, max_mem_reserved: 25002 MB, max_mem_allocated: 13654 MB
[2025/11/14 18:51:38] ppocr INFO: cur metric, acc: 0.4132999995867, norm_edit_dis: 0.8684443952147871, fps: 923.1349530103562
[2025/11/14 18:51:38] ppocr INFO: best metric, acc: 0.4355999995644, is_float16: False, norm_edit_dis: 0.8772277299657002, fps: 922.521650029232, best_epoch: 8
[2025/11/14 18:51:42] ppocr INFO: epoch: [8/20], global_step: 8010, lr: 0.000005, acc: 0.375735, norm_edit_dis: 0.834369, CTCLoss: 12.987246, NRTRLoss: 1.461070, loss: 14.404435, avg_reader_cost: 0.00299 s, avg_batch_cost: 0.45653 s, avg_samples: 83.1, ips: 182.02410 samples/s, eta: 2:06:40, max_mem_reserved: 25002 MB, max_mem_allocated: 13654 MB
[2025/11/14 18:51:47] ppocr INFO: epoch: [8/20], global_step: 8020, lr: 0.000005, acc: 0.414062, norm_edit_dis: 0.849867, CTCLoss: 11.402458, NRTRLoss: 1.427198, loss: 12.807094, avg_reader_cost: 0.00287 s, avg_batch_cost: 0.47660 s, avg_samples: 98.0, ips: 205.62519 samples/s, eta: 2:06:33, max_mem_reserved: 25002 MB, max_mem_allocated: 13654 MB
[2025/11/14 18:51:51] ppocr INFO: epoch: [8/20], global_step: 8030, lr: 0.000005, acc: 0.377665, norm_edit_dis: 0.850659, CTCLoss: 11.747767, NRTRLoss: 1.415439, loss: 13.156746, avg_reader_cost: 0.00283 s, avg_batch_cost: 0.42451 s, avg_samples: 76.7, ips: 180.67903 samples/s, eta: 2:06:25, max_mem_reserved: 25002 MB, max_mem_allocated: 13654 MB
[2025/11/14 18:51:56] ppocr INFO: epoch: [8/20], global_step: 8040, lr: 0.000005, acc: 0.362040, norm_edit_dis: 0.841089, CTCLoss: 12.041978, NRTRLoss: 1.416151, loss: 13.488873, avg_reader_cost: 0.00286 s, avg_batch_cost: 0.47300 s, avg_samples: 98.0, ips: 207.18905 samples/s, eta: 2:06:18, max_mem_reserved: 25002 MB, max_mem_allocated: 13654 MB
[2025/11/14 18:52:00] ppocr INFO: epoch: [8/20], global_step: 8050, lr: 0.000005, acc: 0.379687, norm_edit_dis: 0.845720, CTCLoss: 12.171398, NRTRLoss: 1.412178, loss: 13.584293, avg_reader_cost: 0.00285 s, avg_batch_cost: 0.43314 s, avg_samples: 81.0, ips: 187.00765 samples/s, eta: 2:06:11, max_mem_reserved: 25002 MB, max_mem_allocated: 13654 MB
[2025/11/14 18:52:05] ppocr INFO: epoch: [8/20], global_step: 8060, lr: 0.000005, acc: 0.421875, norm_edit_dis: 0.857004, CTCLoss: 10.807336, NRTRLoss: 1.408230, loss: 12.210515, avg_reader_cost: 0.00281 s, avg_batch_cost: 0.43316 s, avg_samples: 78.8, ips: 181.92030 samples/s, eta: 2:06:03, max_mem_reserved: 25002 MB, max_mem_allocated: 13654 MB
[2025/11/14 18:52:09] ppocr INFO: epoch: [8/20], global_step: 8070, lr: 0.000005, acc: 0.375000, norm_edit_dis: 0.850455, CTCLoss: 10.985957, NRTRLoss: 1.414906, loss: 12.365911, avg_reader_cost: 0.00288 s, avg_batch_cost: 0.44538 s, avg_samples: 85.2, ips: 191.29738 samples/s, eta: 2:05:56, max_mem_reserved: 25002 MB, max_mem_allocated: 13654 MB
[2025/11/14 18:52:14] ppocr INFO: epoch: [8/20], global_step: 8080, lr: 0.000005, acc: 0.334651, norm_edit_dis: 0.839501, CTCLoss: 11.965721, NRTRLoss: 1.407137, loss: 13.366241, avg_reader_cost: 0.00286 s, avg_batch_cost: 0.49557 s, avg_samples: 106.6, ips: 215.10799 samples/s, eta: 2:05:49, max_mem_reserved: 25002 MB, max_mem_allocated: 13654 MB
[2025/11/14 18:52:19] ppocr INFO: epoch: [8/20], global_step: 8090, lr: 0.000005, acc: 0.250000, norm_edit_dis: 0.731071, CTCLoss: 18.885461, NRTRLoss: 1.467195, loss: 20.380406, avg_reader_cost: 0.00287 s, avg_batch_cost: 0.48788 s, avg_samples: 104.4, ips: 213.98615 samples/s, eta: 2:05:43, max_mem_reserved: 25002 MB, max_mem_allocated: 13654 MB
[2025/11/14 18:52:24] ppocr INFO: epoch: [8/20], global_step: 8100, lr: 0.000005, acc: 0.346323, norm_edit_dis: 0.836012, CTCLoss: 11.776349, NRTRLoss: 1.435449, loss: 13.214677, avg_reader_cost: 0.00288 s, avg_batch_cost: 0.45300 s, avg_samples: 89.4, ips: 197.35027 samples/s, eta: 2:05:35, max_mem_reserved: 25002 MB, max_mem_allocated: 13654 MB
[2025/11/14 18:52:52] ppocr INFO: cur metric, acc: 0.4358999995641, norm_edit_dis: 0.8768706247572284, fps: 927.0365692956136
[2025/11/14 18:52:54] ppocr INFO: save best model is to ./output/best_accuracy
[2025/11/14 18:52:54] ppocr INFO: best metric, acc: 0.4358999995641, is_float16: False, norm_edit_dis: 0.8768706247572284, fps: 927.0365692956136, best_epoch: 8
[2025/11/14 18:52:59] ppocr INFO: epoch: [8/20], global_step: 8110, lr: 0.000005, acc: 0.376471, norm_edit_dis: 0.852360, CTCLoss: 11.490800, NRTRLoss: 1.417650, loss: 12.939941, avg_reader_cost: 0.00295 s, avg_batch_cost: 0.49596 s, avg_samples: 98.0, ips: 197.59773 samples/s, eta: 2:05:29, max_mem_reserved: 25002 MB, max_mem_allocated: 13654 MB
[2025/11/14 18:53:04] ppocr INFO: epoch: [8/20], global_step: 8120, lr: 0.000005, acc: 0.388235, norm_edit_dis: 0.860890, CTCLoss: 11.070712, NRTRLoss: 1.409649, loss: 12.459965, avg_reader_cost: 0.00278 s, avg_batch_cost: 0.44629 s, avg_samples: 85.2, ips: 190.90780 samples/s, eta: 2:05:22, max_mem_reserved: 25002 MB, max_mem_allocated: 13654 MB
[2025/11/14 18:53:09] ppocr INFO: epoch: [8/20], global_step: 8130, lr: 0.000005, acc: 0.395312, norm_edit_dis: 0.853420, CTCLoss: 10.356990, NRTRLoss: 1.415864, loss: 11.776224, avg_reader_cost: 0.00282 s, avg_batch_cost: 0.47306 s, avg_samples: 95.9, ips: 202.72467 samples/s, eta: 2:05:15, max_mem_reserved: 25002 MB, max_mem_allocated: 13654 MB
[2025/11/14 18:53:13] ppocr INFO: epoch: [8/20], global_step: 8140, lr: 0.000005, acc: 0.422702, norm_edit_dis: 0.846018, CTCLoss: 10.691184, NRTRLoss: 1.417497, loss: 12.096909, avg_reader_cost: 0.00279 s, avg_batch_cost: 0.44620 s, avg_samples: 85.2, ips: 190.94708 samples/s, eta: 2:05:07, max_mem_reserved: 25002 MB, max_mem_allocated: 13654 MB
[2025/11/14 18:53:18] ppocr INFO: epoch: [8/20], global_step: 8150, lr: 0.000005, acc: 0.416820, norm_edit_dis: 0.840260, CTCLoss: 10.870943, NRTRLoss: 1.417497, loss: 12.270411, avg_reader_cost: 0.00282 s, avg_batch_cost: 0.47801 s, avg_samples: 98.1, ips: 205.22719 samples/s, eta: 2:05:01, max_mem_reserved: 25002 MB, max_mem_allocated: 13654 MB
[2025/11/14 18:53:22] ppocr INFO: epoch: [8/20], global_step: 8160, lr: 0.000005, acc: 0.398437, norm_edit_dis: 0.842901, CTCLoss: 11.015464, NRTRLoss: 1.419756, loss: 12.422727, avg_reader_cost: 0.00281 s, avg_batch_cost: 0.45736 s, avg_samples: 89.5, ips: 195.68860 samples/s, eta: 2:04:54, max_mem_reserved: 25002 MB, max_mem_allocated: 13654 MB
[2025/11/14 18:53:27] ppocr INFO: epoch: [8/20], global_step: 8170, lr: 0.000005, acc: 0.401195, norm_edit_dis: 0.848971, CTCLoss: 10.821234, NRTRLoss: 1.418131, loss: 12.222354, avg_reader_cost: 0.00281 s, avg_batch_cost: 0.46096 s, avg_samples: 91.6, ips: 198.71675 samples/s, eta: 2:04:47, max_mem_reserved: 25002 MB, max_mem_allocated: 13654 MB
[2025/11/14 18:53:32] ppocr INFO: epoch: [8/20], global_step: 8180, lr: 0.000005, acc: 0.367923, norm_edit_dis: 0.843293, CTCLoss: 10.809630, NRTRLoss: 1.418926, loss: 12.233311, avg_reader_cost: 0.00281 s, avg_batch_cost: 0.47425 s, avg_samples: 95.9, ips: 202.21260 samples/s, eta: 2:04:40, max_mem_reserved: 25002 MB, max_mem_allocated: 13654 MB
[2025/11/14 18:53:37] ppocr INFO: epoch: [8/20], global_step: 8190, lr: 0.000005, acc: 0.356158, norm_edit_dis: 0.843984, CTCLoss: 10.969183, NRTRLoss: 1.432537, loss: 12.401251, avg_reader_cost: 0.00280 s, avg_batch_cost: 0.47986 s, avg_samples: 100.1, ips: 208.60047 samples/s, eta: 2:04:33, max_mem_reserved: 25002 MB, max_mem_allocated: 13654 MB
[2025/11/14 18:53:41] ppocr INFO: epoch: [8/20], global_step: 8200, lr: 0.000005, acc: 0.359375, norm_edit_dis: 0.854063, CTCLoss: 10.903860, NRTRLoss: 1.428697, loss: 12.305681, avg_reader_cost: 0.00280 s, avg_batch_cost: 0.44432 s, avg_samples: 83.2, ips: 187.25346 samples/s, eta: 2:04:26, max_mem_reserved: 25002 MB, max_mem_allocated: 13654 MB
[2025/11/14 18:54:09] ppocr INFO: cur metric, acc: 0.44419999955580003, norm_edit_dis: 0.880298311171406, fps: 920.722353336256
[2025/11/14 18:54:12] ppocr INFO: save best model is to ./output/best_accuracy
[2025/11/14 18:54:12] ppocr INFO: best metric, acc: 0.44419999955580003, is_float16: False, norm_edit_dis: 0.880298311171406, fps: 920.722353336256, best_epoch: 8
[2025/11/14 18:54:16] ppocr INFO: epoch: [8/20], global_step: 8210, lr: 0.000005, acc: 0.363971, norm_edit_dis: 0.853575, CTCLoss: 11.034701, NRTRLoss: 1.408417, loss: 12.421009, avg_reader_cost: 0.00289 s, avg_batch_cost: 0.47910 s, avg_samples: 95.9, ips: 200.16552 samples/s, eta: 2:04:19, max_mem_reserved: 25002 MB, max_mem_allocated: 13654 MB
[2025/11/14 18:54:21] ppocr INFO: epoch: [8/20], global_step: 8220, lr: 0.000005, acc: 0.409007, norm_edit_dis: 0.852071, CTCLoss: 11.399744, NRTRLoss: 1.413126, loss: 12.799270, avg_reader_cost: 0.00288 s, avg_batch_cost: 0.43904 s, avg_samples: 85.2, ips: 194.06147 samples/s, eta: 2:04:12, max_mem_reserved: 25002 MB, max_mem_allocated: 13654 MB
[2025/11/14 18:54:25] ppocr INFO: epoch: [8/20], global_step: 8230, lr: 0.000005, acc: 0.388235, norm_edit_dis: 0.849523, CTCLoss: 11.190382, NRTRLoss: 1.417552, loss: 12.597046, avg_reader_cost: 0.00285 s, avg_batch_cost: 0.46032 s, avg_samples: 93.8, ips: 203.76971 samples/s, eta: 2:04:05, max_mem_reserved: 25002 MB, max_mem_allocated: 13654 MB
[2025/11/14 18:54:30] ppocr INFO: epoch: [8/20], global_step: 8240, lr: 0.000005, acc: 0.351562, norm_edit_dis: 0.847776, CTCLoss: 11.448398, NRTRLoss: 1.424522, loss: 12.848569, avg_reader_cost: 0.00284 s, avg_batch_cost: 0.48108 s, avg_samples: 102.3, ips: 212.64507 samples/s, eta: 2:03:58, max_mem_reserved: 25002 MB, max_mem_allocated: 13654 MB
[2025/11/14 18:54:35] ppocr INFO: epoch: [8/20], global_step: 8250, lr: 0.000005, acc: 0.389430, norm_edit_dis: 0.855993, CTCLoss: 11.529125, NRTRLoss: 1.422316, loss: 12.923954, avg_reader_cost: 0.00284 s, avg_batch_cost: 0.44671 s, avg_samples: 87.4, ips: 195.65268 samples/s, eta: 2:03:51, max_mem_reserved: 25002 MB, max_mem_allocated: 13654 MB
[2025/11/14 18:54:39] ppocr INFO: epoch: [8/20], global_step: 8260, lr: 0.000005, acc: 0.388235, norm_edit_dis: 0.832187, CTCLoss: 12.130236, NRTRLoss: 1.422316, loss: 13.541431, avg_reader_cost: 0.00286 s, avg_batch_cost: 0.47210 s, avg_samples: 98.0, ips: 207.58424 samples/s, eta: 2:03:44, max_mem_reserved: 25002 MB, max_mem_allocated: 13654 MB
[2025/11/14 18:54:44] ppocr INFO: epoch: [8/20], global_step: 8270, lr: 0.000005, acc: 0.343750, norm_edit_dis: 0.828803, CTCLoss: 14.121010, NRTRLoss: 1.431378, loss: 15.554905, avg_reader_cost: 0.00352 s, avg_batch_cost: 0.48000 s, avg_samples: 100.1, ips: 208.54383 samples/s, eta: 2:03:37, max_mem_reserved: 25002 MB, max_mem_allocated: 13654 MB
[2025/11/14 18:54:49] ppocr INFO: epoch: [8/20], global_step: 8280, lr: 0.000005, acc: 0.369853, norm_edit_dis: 0.855692, CTCLoss: 11.601732, NRTRLoss: 1.423509, loss: 13.017218, avg_reader_cost: 0.00281 s, avg_batch_cost: 0.45416 s, avg_samples: 89.5, ips: 197.06679 samples/s, eta: 2:03:30, max_mem_reserved: 25002 MB, max_mem_allocated: 13654 MB
[2025/11/14 18:54:54] ppocr INFO: epoch: [8/20], global_step: 8290, lr: 0.000005, acc: 0.362040, norm_edit_dis: 0.828175, CTCLoss: 11.681508, NRTRLoss: 1.443127, loss: 13.120547, avg_reader_cost: 0.00281 s, avg_batch_cost: 0.49056 s, avg_samples: 106.6, ips: 217.30417 samples/s, eta: 2:03:24, max_mem_reserved: 25002 MB, max_mem_allocated: 13654 MB
[2025/11/14 18:54:59] ppocr INFO: epoch: [8/20], global_step: 8300, lr: 0.000005, acc: 0.296875, norm_edit_dis: 0.755509, CTCLoss: 18.890474, NRTRLoss: 1.452790, loss: 20.381376, avg_reader_cost: 0.00289 s, avg_batch_cost: 0.47730 s, avg_samples: 100.2, ips: 209.93024 samples/s, eta: 2:03:17, max_mem_reserved: 25002 MB, max_mem_allocated: 13654 MB
[2025/11/14 18:55:27] ppocr INFO: cur metric, acc: 0.4187999995812, norm_edit_dis: 0.8697806013519814, fps: 919.5175307539221
[2025/11/14 18:55:27] ppocr INFO: best metric, acc: 0.44419999955580003, is_float16: False, norm_edit_dis: 0.880298311171406, fps: 920.722353336256, best_epoch: 8
[2025/11/14 18:55:32] ppocr INFO: epoch: [8/20], global_step: 8310, lr: 0.000005, acc: 0.335937, norm_edit_dis: 0.804951, CTCLoss: 14.966461, NRTRLoss: 1.447679, loss: 16.413780, avg_reader_cost: 0.00281 s, avg_batch_cost: 0.48883 s, avg_samples: 98.1, ips: 200.68412 samples/s, eta: 2:03:10, max_mem_reserved: 25002 MB, max_mem_allocated: 13654 MB
[2025/11/14 18:55:36] ppocr INFO: epoch: [8/20], global_step: 8320, lr: 0.000005, acc: 0.356158, norm_edit_dis: 0.854461, CTCLoss: 11.472753, NRTRLoss: 1.432911, loss: 12.871006, avg_reader_cost: 0.00277 s, avg_batch_cost: 0.47321 s, avg_samples: 98.0, ips: 207.09506 samples/s, eta: 2:03:04, max_mem_reserved: 25002 MB, max_mem_allocated: 13654 MB
[2025/11/14 18:55:41] ppocr INFO: epoch: [8/20], global_step: 8330, lr: 0.000005, acc: 0.376471, norm_edit_dis: 0.854461, CTCLoss: 11.085161, NRTRLoss: 1.424657, loss: 12.508018, avg_reader_cost: 0.00318 s, avg_batch_cost: 0.45985 s, avg_samples: 91.6, ips: 199.19541 samples/s, eta: 2:02:57, max_mem_reserved: 25002 MB, max_mem_allocated: 13654 MB
[2025/11/14 18:55:46] ppocr INFO: epoch: [8/20], global_step: 8340, lr: 0.000005, acc: 0.389430, norm_edit_dis: 0.841534, CTCLoss: 10.992961, NRTRLoss: 1.429004, loss: 12.423567, avg_reader_cost: 0.00276 s, avg_batch_cost: 0.47604 s, avg_samples: 98.1, ips: 206.07586 samples/s, eta: 2:02:50, max_mem_reserved: 25002 MB, max_mem_allocated: 13654 MB
[2025/11/14 18:55:50] ppocr INFO: epoch: [8/20], global_step: 8350, lr: 0.000005, acc: 0.363971, norm_edit_dis: 0.844889, CTCLoss: 10.832786, NRTRLoss: 1.424228, loss: 12.242255, avg_reader_cost: 0.00278 s, avg_batch_cost: 0.45265 s, avg_samples: 89.4, ips: 197.50383 samples/s, eta: 2:02:43, max_mem_reserved: 25002 MB, max_mem_allocated: 13654 MB
[2025/11/14 18:55:55] ppocr INFO: epoch: [8/20], global_step: 8360, lr: 0.000005, acc: 0.403125, norm_edit_dis: 0.862668, CTCLoss: 10.268601, NRTRLoss: 1.395999, loss: 11.647676, avg_reader_cost: 0.00281 s, avg_batch_cost: 0.46407 s, avg_samples: 93.7, ips: 201.90869 samples/s, eta: 2:02:36, max_mem_reserved: 25002 MB, max_mem_allocated: 13654 MB
[2025/11/14 18:55:59] ppocr INFO: epoch: [8/20], global_step: 8370, lr: 0.000005, acc: 0.409007, norm_edit_dis: 0.863666, CTCLoss: 10.623507, NRTRLoss: 1.400770, loss: 12.007792, avg_reader_cost: 0.00281 s, avg_batch_cost: 0.46192 s, avg_samples: 91.7, ips: 198.51747 samples/s, eta: 2:02:29, max_mem_reserved: 25002 MB, max_mem_allocated: 13654 MB
[2025/11/14 18:56:04] ppocr INFO: epoch: [8/20], global_step: 8380, lr: 0.000005, acc: 0.343750, norm_edit_dis: 0.837349, CTCLoss: 13.005426, NRTRLoss: 1.431509, loss: 14.423434, avg_reader_cost: 0.00281 s, avg_batch_cost: 0.48269 s, avg_samples: 100.2, ips: 207.58681 samples/s, eta: 2:02:22, max_mem_reserved: 25002 MB, max_mem_allocated: 13654 MB
[2025/11/14 18:56:09] ppocr INFO: epoch: [8/20], global_step: 8390, lr: 0.000005, acc: 0.375000, norm_edit_dis: 0.843054, CTCLoss: 12.334934, NRTRLoss: 1.416374, loss: 13.756887, avg_reader_cost: 0.00279 s, avg_batch_cost: 0.45887 s, avg_samples: 89.5, ips: 195.04226 samples/s, eta: 2:02:15, max_mem_reserved: 25002 MB, max_mem_allocated: 13654 MB
[2025/11/14 18:56:14] ppocr INFO: epoch: [8/20], global_step: 8400, lr: 0.000005, acc: 0.428585, norm_edit_dis: 0.865760, CTCLoss: 11.450644, NRTRLoss: 1.400726, loss: 12.829844, avg_reader_cost: 0.00283 s, avg_batch_cost: 0.47400 s, avg_samples: 93.8, ips: 197.89169 samples/s, eta: 2:02:09, max_mem_reserved: 25002 MB, max_mem_allocated: 13654 MB
[2025/11/14 18:56:42] ppocr INFO: cur metric, acc: 0.4482999995517, norm_edit_dis: 0.8814834798770811, fps: 917.5009636452485
[2025/11/14 18:56:44] ppocr INFO: save best model is to ./output/best_accuracy
[2025/11/14 18:56:44] ppocr INFO: best metric, acc: 0.4482999995517, is_float16: False, norm_edit_dis: 0.8814834798770811, fps: 917.5009636452485, best_epoch: 8
[2025/11/14 18:56:49] ppocr INFO: epoch: [8/20], global_step: 8410, lr: 0.000005, acc: 0.383548, norm_edit_dis: 0.847170, CTCLoss: 11.714592, NRTRLoss: 1.424852, loss: 13.119350, avg_reader_cost: 0.00297 s, avg_batch_cost: 0.46533 s, avg_samples: 91.6, ips: 196.85142 samples/s, eta: 2:02:02, max_mem_reserved: 25002 MB, max_mem_allocated: 13654 MB
[2025/11/14 18:56:53] ppocr INFO: epoch: [8/20], global_step: 8420, lr: 0.000005, acc: 0.383548, norm_edit_dis: 0.848010, CTCLoss: 10.775859, NRTRLoss: 1.420577, loss: 12.205242, avg_reader_cost: 0.00290 s, avg_batch_cost: 0.43206 s, avg_samples: 78.8, ips: 182.38394 samples/s, eta: 2:01:54, max_mem_reserved: 25002 MB, max_mem_allocated: 13654 MB
[2025/11/14 18:56:58] ppocr INFO: epoch: [8/20], global_step: 8430, lr: 0.000005, acc: 0.403125, norm_edit_dis: 0.853121, CTCLoss: 10.122554, NRTRLoss: 1.412397, loss: 11.515228, avg_reader_cost: 0.00287 s, avg_batch_cost: 0.47032 s, avg_samples: 93.8, ips: 199.43738 samples/s, eta: 2:01:48, max_mem_reserved: 25002 MB, max_mem_allocated: 13654 MB
[2025/11/14 18:57:03] ppocr INFO: epoch: [8/20], global_step: 8440, lr: 0.000005, acc: 0.414062, norm_edit_dis: 0.846260, CTCLoss: 10.122554, NRTRLoss: 1.434196, loss: 11.515228, avg_reader_cost: 0.00289 s, avg_batch_cost: 0.46632 s, avg_samples: 91.7, ips: 196.64678 samples/s, eta: 2:01:41, max_mem_reserved: 25002 MB, max_mem_allocated: 13654 MB
[2025/11/14 18:57:07] ppocr INFO: epoch: [8/20], global_step: 8450, lr: 0.000005, acc: 0.410937, norm_edit_dis: 0.866888, CTCLoss: 9.412012, NRTRLoss: 1.406897, loss: 10.785798, avg_reader_cost: 0.00288 s, avg_batch_cost: 0.43916 s, avg_samples: 80.9, ips: 184.21465 samples/s, eta: 2:01:34, max_mem_reserved: 25002 MB, max_mem_allocated: 13654 MB
[2025/11/14 18:57:12] ppocr INFO: epoch: [8/20], global_step: 8460, lr: 0.000005, acc: 0.405882, norm_edit_dis: 0.856166, CTCLoss: 9.375628, NRTRLoss: 1.406670, loss: 10.757455, avg_reader_cost: 0.00293 s, avg_batch_cost: 0.46209 s, avg_samples: 91.6, ips: 198.22781 samples/s, eta: 2:01:27, max_mem_reserved: 25002 MB, max_mem_allocated: 13654 MB
[2025/11/14 18:57:16] ppocr INFO: epoch: [8/20], global_step: 8470, lr: 0.000005, acc: 0.401195, norm_edit_dis: 0.845262, CTCLoss: 9.814581, NRTRLoss: 1.416015, loss: 11.216265, avg_reader_cost: 0.00291 s, avg_batch_cost: 0.45747 s, avg_samples: 89.5, ips: 195.63932 samples/s, eta: 2:01:20, max_mem_reserved: 25002 MB, max_mem_allocated: 13654 MB
[2025/11/14 18:57:21] ppocr INFO: epoch: [8/20], global_step: 8480, lr: 0.000005, acc: 0.382353, norm_edit_dis: 0.855817, CTCLoss: 9.690798, NRTRLoss: 1.412075, loss: 11.070133, avg_reader_cost: 0.00292 s, avg_batch_cost: 0.44840 s, avg_samples: 85.2, ips: 190.01038 samples/s, eta: 2:01:13, max_mem_reserved: 25002 MB, max_mem_allocated: 13654 MB
[2025/11/14 18:57:25] ppocr INFO: epoch: [8/20], global_step: 8490, lr: 0.000005, acc: 0.416820, norm_edit_dis: 0.863968, CTCLoss: 9.736869, NRTRLoss: 1.411892, loss: 11.114995, avg_reader_cost: 0.00288 s, avg_batch_cost: 0.45888 s, avg_samples: 89.5, ips: 195.03952 samples/s, eta: 2:01:06, max_mem_reserved: 25002 MB, max_mem_allocated: 13654 MB
[2025/11/14 18:57:30] ppocr INFO: epoch: [8/20], global_step: 8500, lr: 0.000005, acc: 0.414062, norm_edit_dis: 0.865209, CTCLoss: 10.193798, NRTRLoss: 1.406943, loss: 11.611536, avg_reader_cost: 0.00289 s, avg_batch_cost: 0.45110 s, avg_samples: 85.2, ips: 188.87286 samples/s, eta: 2:00:59, max_mem_reserved: 25002 MB, max_mem_allocated: 13654 MB
[2025/11/14 18:57:59] ppocr INFO: cur metric, acc: 0.4555999995444, norm_edit_dis: 0.8852824088018417, fps: 919.9506201737348
[2025/11/14 18:58:01] ppocr INFO: save best model is to ./output/best_accuracy
[2025/11/14 18:58:01] ppocr INFO: best metric, acc: 0.4555999995444, is_float16: False, norm_edit_dis: 0.8852824088018417, fps: 919.9506201737348, best_epoch: 8
[2025/11/14 18:58:05] ppocr INFO: epoch: [8/20], global_step: 8510, lr: 0.000005, acc: 0.429687, norm_edit_dis: 0.866151, CTCLoss: 10.584284, NRTRLoss: 1.401752, loss: 11.973555, avg_reader_cost: 0.00287 s, avg_batch_cost: 0.43098 s, avg_samples: 78.8, ips: 182.83945 samples/s, eta: 2:00:52, max_mem_reserved: 25002 MB, max_mem_allocated: 13654 MB
[2025/11/14 18:58:10] ppocr INFO: epoch: [8/20], global_step: 8520, lr: 0.000005, acc: 0.437500, norm_edit_dis: 0.873975, CTCLoss: 10.217032, NRTRLoss: 1.410842, loss: 11.592715, avg_reader_cost: 0.00328 s, avg_batch_cost: 0.46095 s, avg_samples: 89.5, ips: 194.16587 samples/s, eta: 2:00:45, max_mem_reserved: 25002 MB, max_mem_allocated: 13654 MB
[2025/11/14 18:58:15] ppocr INFO: epoch: [8/20], global_step: 8530, lr: 0.000005, acc: 0.352941, norm_edit_dis: 0.861404, CTCLoss: 11.026312, NRTRLoss: 1.420068, loss: 12.446380, avg_reader_cost: 0.00283 s, avg_batch_cost: 0.49035 s, avg_samples: 104.4, ips: 212.90980 samples/s, eta: 2:00:38, max_mem_reserved: 25002 MB, max_mem_allocated: 13654 MB
[2025/11/14 18:58:19] ppocr INFO: epoch: [8/20], global_step: 8540, lr: 0.000005, acc: 0.383548, norm_edit_dis: 0.860133, CTCLoss: 11.254720, NRTRLoss: 1.418955, loss: 12.659528, avg_reader_cost: 0.00281 s, avg_batch_cost: 0.44369 s, avg_samples: 83.1, ips: 187.29267 samples/s, eta: 2:00:31, max_mem_reserved: 25002 MB, max_mem_allocated: 13654 MB
[2025/11/14 18:58:24] ppocr INFO: epoch: [8/20], global_step: 8550, lr: 0.000005, acc: 0.383548, norm_edit_dis: 0.856735, CTCLoss: 10.777541, NRTRLoss: 1.413088, loss: 12.168739, avg_reader_cost: 0.00287 s, avg_batch_cost: 0.47155 s, avg_samples: 95.9, ips: 203.37237 samples/s, eta: 2:00:25, max_mem_reserved: 25002 MB, max_mem_allocated: 13654 MB
[2025/11/14 18:58:29] ppocr INFO: epoch: [8/20], global_step: 8560, lr: 0.000005, acc: 0.369853, norm_edit_dis: 0.857939, CTCLoss: 10.427378, NRTRLoss: 1.415758, loss: 11.823871, avg_reader_cost: 0.00285 s, avg_batch_cost: 0.45207 s, avg_samples: 87.4, ips: 193.33400 samples/s, eta: 2:00:18, max_mem_reserved: 25002 MB, max_mem_allocated: 13654 MB
[2025/11/14 18:58:33] ppocr INFO: epoch: [8/20], global_step: 8570, lr: 0.000005, acc: 0.391360, norm_edit_dis: 0.862761, CTCLoss: 9.563248, NRTRLoss: 1.412107, loss: 10.955119, avg_reader_cost: 0.00329 s, avg_batch_cost: 0.46264 s, avg_samples: 91.6, ips: 197.99397 samples/s, eta: 2:00:11, max_mem_reserved: 25002 MB, max_mem_allocated: 13654 MB
[2025/11/14 18:58:38] ppocr INFO: epoch: [8/20], global_step: 8580, lr: 0.000005, acc: 0.369853, norm_edit_dis: 0.853209, CTCLoss: 11.126709, NRTRLoss: 1.415606, loss: 12.560390, avg_reader_cost: 0.00281 s, avg_batch_cost: 0.47185 s, avg_samples: 95.9, ips: 203.24387 samples/s, eta: 2:00:04, max_mem_reserved: 25002 MB, max_mem_allocated: 13654 MB
[2025/11/14 18:58:42] ppocr INFO: epoch: [8/20], global_step: 8590, lr: 0.000005, acc: 0.369853, norm_edit_dis: 0.850376, CTCLoss: 11.894577, NRTRLoss: 1.425844, loss: 13.325391, avg_reader_cost: 0.00281 s, avg_batch_cost: 0.45899 s, avg_samples: 91.6, ips: 199.56840 samples/s, eta: 1:59:57, max_mem_reserved: 25002 MB, max_mem_allocated: 13654 MB
[2025/11/14 18:58:47] ppocr INFO: epoch: [8/20], global_step: 8600, lr: 0.000005, acc: 0.389430, norm_edit_dis: 0.846260, CTCLoss: 12.243062, NRTRLoss: 1.428339, loss: 13.664013, avg_reader_cost: 0.00283 s, avg_batch_cost: 0.46054 s, avg_samples: 91.6, ips: 198.89868 samples/s, eta: 1:59:50, max_mem_reserved: 25002 MB, max_mem_allocated: 13654 MB
[2025/11/14 18:59:15] ppocr INFO: cur metric, acc: 0.4542999995457, norm_edit_dis: 0.8839231691923526, fps: 922.9475620260968
[2025/11/14 18:59:15] ppocr INFO: best metric, acc: 0.4555999995444, is_float16: False, norm_edit_dis: 0.8852824088018417, fps: 919.9506201737348, best_epoch: 8
[2025/11/14 18:59:20] ppocr INFO: epoch: [8/20], global_step: 8610, lr: 0.000005, acc: 0.375000, norm_edit_dis: 0.858801, CTCLoss: 10.814394, NRTRLoss: 1.406970, loss: 12.218801, avg_reader_cost: 0.00283 s, avg_batch_cost: 0.44600 s, avg_samples: 76.7, ips: 171.97216 samples/s, eta: 1:59:43, max_mem_reserved: 25002 MB, max_mem_allocated: 13654 MB
[2025/11/14 18:59:24] ppocr INFO: epoch: [8/20], global_step: 8620, lr: 0.000005, acc: 0.400000, norm_edit_dis: 0.865765, CTCLoss: 10.844533, NRTRLoss: 1.398699, loss: 12.244063, avg_reader_cost: 0.00286 s, avg_batch_cost: 0.46215 s, avg_samples: 91.6, ips: 198.20284 samples/s, eta: 1:59:37, max_mem_reserved: 25002 MB, max_mem_allocated: 13654 MB
[2025/11/14 18:59:29] ppocr INFO: epoch: [8/20], global_step: 8630, lr: 0.000005, acc: 0.400000, norm_edit_dis: 0.852608, CTCLoss: 10.625286, NRTRLoss: 1.407602, loss: 12.034709, avg_reader_cost: 0.00282 s, avg_batch_cost: 0.46604 s, avg_samples: 93.7, ips: 201.05518 samples/s, eta: 1:59:30, max_mem_reserved: 25002 MB, max_mem_allocated: 13654 MB
[2025/11/14 18:59:34] ppocr INFO: epoch: [8/20], global_step: 8640, lr: 0.000005, acc: 0.383548, norm_edit_dis: 0.848632, CTCLoss: 10.440663, NRTRLoss: 1.412519, loss: 11.841609, avg_reader_cost: 0.00281 s, avg_batch_cost: 0.46918 s, avg_samples: 93.8, ips: 199.92287 samples/s, eta: 1:59:23, max_mem_reserved: 25002 MB, max_mem_allocated: 13654 MB
[2025/11/14 18:59:38] ppocr INFO: epoch: [8/20], global_step: 8650, lr: 0.000005, acc: 0.309283, norm_edit_dis: 0.789146, CTCLoss: 15.043013, NRTRLoss: 1.444678, loss: 16.477623, avg_reader_cost: 0.00278 s, avg_batch_cost: 0.49295 s, avg_samples: 104.5, ips: 211.98888 samples/s, eta: 1:59:17, max_mem_reserved: 25002 MB, max_mem_allocated: 13654 MB
[2025/11/14 18:59:43] ppocr INFO: epoch: [8/20], global_step: 8660, lr: 0.000005, acc: 0.373805, norm_edit_dis: 0.844893, CTCLoss: 11.029885, NRTRLoss: 1.406040, loss: 12.439351, avg_reader_cost: 0.00276 s, avg_batch_cost: 0.43948 s, avg_samples: 83.0, ips: 188.85994 samples/s, eta: 1:59:10, max_mem_reserved: 25002 MB, max_mem_allocated: 13654 MB
[2025/11/14 18:59:48] ppocr INFO: epoch: [8/20], global_step: 8670, lr: 0.000005, acc: 0.410937, norm_edit_dis: 0.867710, CTCLoss: 9.556717, NRTRLoss: 1.396728, loss: 10.953085, avg_reader_cost: 0.00276 s, avg_batch_cost: 0.47014 s, avg_samples: 95.8, ips: 203.77028 samples/s, eta: 1:59:03, max_mem_reserved: 25002 MB, max_mem_allocated: 13654 MB
[2025/11/14 18:59:52] ppocr INFO: epoch: [8/20], global_step: 8680, lr: 0.000005, acc: 0.400000, norm_edit_dis: 0.864005, CTCLoss: 10.613895, NRTRLoss: 1.397094, loss: 11.996974, avg_reader_cost: 0.00278 s, avg_batch_cost: 0.48507 s, avg_samples: 98.0, ips: 202.03276 samples/s, eta: 1:58:57, max_mem_reserved: 25002 MB, max_mem_allocated: 13654 MB
[2025/11/14 18:59:57] ppocr INFO: epoch: [8/20], global_step: 8688, lr: 0.000005, acc: 0.300781, norm_edit_dis: 0.744145, CTCLoss: 17.337567, NRTRLoss: 1.446822, loss: 18.833239, avg_reader_cost: 0.00221 s, avg_batch_cost: 0.40823 s, avg_samples: 89.6, ips: 219.48663 samples/s, eta: 1:58:52, max_mem_reserved: 25002 MB, max_mem_allocated: 13654 MB
[2025/11/14 18:59:59] ppocr INFO: save model in ./output/latest
[2025/11/14 19:00:00] ppocr INFO: save model in ./output/iter_epoch_8
[2025/11/14 19:00:02] ppocr INFO: epoch: [9/20], global_step: 8690, lr: 0.000005, acc: 0.375781, norm_edit_dis: 0.791615, CTCLoss: 15.545054, NRTRLoss: 1.432636, loss: 16.982534, avg_reader_cost: 0.49357 s, avg_batch_cost: 0.57999 s, avg_samples: 14.9, ips: 25.68992 samples/s, eta: 1:58:58, max_mem_reserved: 25002 MB, max_mem_allocated: 13654 MB
[2025/11/14 19:00:07] ppocr INFO: epoch: [9/20], global_step: 8700, lr: 0.000005, acc: 0.403125, norm_edit_dis: 0.840341, CTCLoss: 11.269223, NRTRLoss: 1.425335, loss: 12.698642, avg_reader_cost: 0.00308 s, avg_batch_cost: 0.45767 s, avg_samples: 89.4, ips: 195.33533 samples/s, eta: 1:58:51, max_mem_reserved: 25002 MB, max_mem_allocated: 13654 MB
[2025/11/14 19:00:35] ppocr INFO: cur metric, acc: 0.458999999541, norm_edit_dis: 0.8831434828196512, fps: 919.0749201910091
[2025/11/14 19:00:38] ppocr INFO: save best model is to ./output/best_accuracy
[2025/11/14 19:00:38] ppocr INFO: best metric, acc: 0.458999999541, is_float16: False, norm_edit_dis: 0.8831434828196512, fps: 919.0749201910091, best_epoch: 9
[2025/11/14 19:00:43] ppocr INFO: epoch: [9/20], global_step: 8710, lr: 0.000005, acc: 0.409007, norm_edit_dis: 0.856322, CTCLoss: 10.714378, NRTRLoss: 1.415561, loss: 12.132283, avg_reader_cost: 0.00294 s, avg_batch_cost: 0.49391 s, avg_samples: 104.4, ips: 211.37549 samples/s, eta: 1:58:45, max_mem_reserved: 25002 MB, max_mem_allocated: 13654 MB
[2025/11/14 19:00:47] ppocr INFO: epoch: [9/20], global_step: 8720, lr: 0.000005, acc: 0.435294, norm_edit_dis: 0.862624, CTCLoss: 10.063045, NRTRLoss: 1.416445, loss: 11.447489, avg_reader_cost: 0.00321 s, avg_batch_cost: 0.44582 s, avg_samples: 83.1, ips: 186.39729 samples/s, eta: 1:58:38, max_mem_reserved: 25002 MB, max_mem_allocated: 13654 MB
[2025/11/14 19:00:52] ppocr INFO: epoch: [9/20], global_step: 8730, lr: 0.000005, acc: 0.395312, norm_edit_dis: 0.834942, CTCLoss: 11.886191, NRTRLoss: 1.434049, loss: 13.314993, avg_reader_cost: 0.00287 s, avg_batch_cost: 0.51513 s, avg_samples: 113.0, ips: 219.36185 samples/s, eta: 1:58:32, max_mem_reserved: 25002 MB, max_mem_allocated: 13654 MB
[2025/11/14 19:00:57] ppocr INFO: epoch: [9/20], global_step: 8740, lr: 0.000005, acc: 0.400000, norm_edit_dis: 0.863021, CTCLoss: 10.412039, NRTRLoss: 1.413816, loss: 11.798205, avg_reader_cost: 0.00285 s, avg_batch_cost: 0.42480 s, avg_samples: 74.6, ips: 175.61406 samples/s, eta: 1:58:25, max_mem_reserved: 25002 MB, max_mem_allocated: 13654 MB
[2025/11/14 19:01:01] ppocr INFO: epoch: [9/20], global_step: 8750, lr: 0.000005, acc: 0.422702, norm_edit_dis: 0.873407, CTCLoss: 9.744491, NRTRLoss: 1.394058, loss: 11.160906, avg_reader_cost: 0.00284 s, avg_batch_cost: 0.45347 s, avg_samples: 89.4, ips: 197.14556 samples/s, eta: 1:58:18, max_mem_reserved: 25002 MB, max_mem_allocated: 13654 MB
[2025/11/14 19:01:06] ppocr INFO: epoch: [9/20], global_step: 8760, lr: 0.000005, acc: 0.394118, norm_edit_dis: 0.863154, CTCLoss: 9.696235, NRTRLoss: 1.409097, loss: 11.102778, avg_reader_cost: 0.00285 s, avg_batch_cost: 0.48159 s, avg_samples: 100.2, ips: 208.05988 samples/s, eta: 1:58:11, max_mem_reserved: 25002 MB, max_mem_allocated: 13654 MB
[2025/11/14 19:01:11] ppocr INFO: epoch: [9/20], global_step: 8770, lr: 0.000005, acc: 0.332629, norm_edit_dis: 0.833540, CTCLoss: 10.468091, NRTRLoss: 1.439984, loss: 11.880539, avg_reader_cost: 0.00286 s, avg_batch_cost: 0.46770 s, avg_samples: 91.7, ips: 196.06623 samples/s, eta: 1:58:05, max_mem_reserved: 25002 MB, max_mem_allocated: 13654 MB
[2025/11/14 19:01:15] ppocr INFO: epoch: [9/20], global_step: 8780, lr: 0.000005, acc: 0.406250, norm_edit_dis: 0.860754, CTCLoss: 9.439890, NRTRLoss: 1.416760, loss: 10.842806, avg_reader_cost: 0.00282 s, avg_batch_cost: 0.44314 s, avg_samples: 83.0, ips: 187.30100 samples/s, eta: 1:57:58, max_mem_reserved: 25002 MB, max_mem_allocated: 13654 MB
[2025/11/14 19:01:20] ppocr INFO: epoch: [9/20], global_step: 8790, lr: 0.000005, acc: 0.411765, norm_edit_dis: 0.861471, CTCLoss: 9.376655, NRTRLoss: 1.396128, loss: 10.792966, avg_reader_cost: 0.00284 s, avg_batch_cost: 0.46355 s, avg_samples: 89.5, ips: 193.07474 samples/s, eta: 1:57:51, max_mem_reserved: 25002 MB, max_mem_allocated: 13654 MB
[2025/11/14 19:01:24] ppocr INFO: epoch: [9/20], global_step: 8800, lr: 0.000005, acc: 0.452941, norm_edit_dis: 0.874166, CTCLoss: 9.266150, NRTRLoss: 1.399981, loss: 10.661630, avg_reader_cost: 0.00321 s, avg_batch_cost: 0.44796 s, avg_samples: 85.2, ips: 190.19406 samples/s, eta: 1:57:44, max_mem_reserved: 25002 MB, max_mem_allocated: 13654 MB
[2025/11/14 19:01:53] ppocr INFO: cur metric, acc: 0.46699999953300003, norm_edit_dis: 0.8880722304235507, fps: 920.3386776398311
[2025/11/14 19:01:55] ppocr INFO: save best model is to ./output/best_accuracy
[2025/11/14 19:01:55] ppocr INFO: best metric, acc: 0.46699999953300003, is_float16: False, norm_edit_dis: 0.8880722304235507, fps: 920.3386776398311, best_epoch: 9
[2025/11/14 19:02:00] ppocr INFO: epoch: [9/20], global_step: 8810, lr: 0.000005, acc: 0.423529, norm_edit_dis: 0.866575, CTCLoss: 10.558188, NRTRLoss: 1.399973, loss: 11.956661, avg_reader_cost: 0.00288 s, avg_batch_cost: 0.45459 s, avg_samples: 85.2, ips: 187.42280 samples/s, eta: 1:57:37, max_mem_reserved: 25002 MB, max_mem_allocated: 13654 MB
[2025/11/14 19:02:04] ppocr INFO: epoch: [9/20], global_step: 8820, lr: 0.000005, acc: 0.405882, norm_edit_dis: 0.862728, CTCLoss: 10.848856, NRTRLoss: 1.400067, loss: 12.250832, avg_reader_cost: 0.00283 s, avg_batch_cost: 0.46543 s, avg_samples: 91.6, ips: 196.80594 samples/s, eta: 1:57:30, max_mem_reserved: 25002 MB, max_mem_allocated: 13654 MB
[2025/11/14 19:02:09] ppocr INFO: epoch: [9/20], global_step: 8830, lr: 0.000005, acc: 0.428585, norm_edit_dis: 0.859250, CTCLoss: 10.848856, NRTRLoss: 1.415881, loss: 12.250832, avg_reader_cost: 0.00283 s, avg_batch_cost: 0.48100 s, avg_samples: 100.1, ips: 208.10887 samples/s, eta: 1:57:24, max_mem_reserved: 25002 MB, max_mem_allocated: 13654 MB
[2025/11/14 19:02:14] ppocr INFO: epoch: [9/20], global_step: 8840, lr: 0.000005, acc: 0.435294, norm_edit_dis: 0.856127, CTCLoss: 10.310422, NRTRLoss: 1.410421, loss: 11.715783, avg_reader_cost: 0.00280 s, avg_batch_cost: 0.43531 s, avg_samples: 80.9, ips: 185.84541 samples/s, eta: 1:57:17, max_mem_reserved: 25002 MB, max_mem_allocated: 13654 MB
[2025/11/14 19:02:18] ppocr INFO: epoch: [9/20], global_step: 8850, lr: 0.000005, acc: 0.429412, norm_edit_dis: 0.860126, CTCLoss: 10.157683, NRTRLoss: 1.405593, loss: 11.577058, avg_reader_cost: 0.00283 s, avg_batch_cost: 0.45846 s, avg_samples: 89.5, ips: 195.21988 samples/s, eta: 1:57:10, max_mem_reserved: 25002 MB, max_mem_allocated: 13654 MB
[2025/11/14 19:02:23] ppocr INFO: epoch: [9/20], global_step: 8860, lr: 0.000005, acc: 0.422702, norm_edit_dis: 0.865968, CTCLoss: 10.367288, NRTRLoss: 1.401696, loss: 11.756109, avg_reader_cost: 0.00284 s, avg_batch_cost: 0.46857 s, avg_samples: 93.8, ips: 200.18246 samples/s, eta: 1:57:04, max_mem_reserved: 25002 MB, max_mem_allocated: 13654 MB
[2025/11/14 19:02:27] ppocr INFO: epoch: [9/20], global_step: 8870, lr: 0.000005, acc: 0.409007, norm_edit_dis: 0.865717, CTCLoss: 9.977829, NRTRLoss: 1.397612, loss: 11.379206, avg_reader_cost: 0.00280 s, avg_batch_cost: 0.46786 s, avg_samples: 93.8, ips: 200.48739 samples/s, eta: 1:56:57, max_mem_reserved: 25002 MB, max_mem_allocated: 13654 MB
[2025/11/14 19:02:32] ppocr INFO: epoch: [9/20], global_step: 8880, lr: 0.000005, acc: 0.398437, norm_edit_dis: 0.859859, CTCLoss: 9.720140, NRTRLoss: 1.416376, loss: 11.139939, avg_reader_cost: 0.00281 s, avg_batch_cost: 0.46047 s, avg_samples: 91.6, ips: 198.92852 samples/s, eta: 1:56:50, max_mem_reserved: 25002 MB, max_mem_allocated: 13654 MB
[2025/11/14 19:02:37] ppocr INFO: epoch: [9/20], global_step: 8890, lr: 0.000005, acc: 0.390625, norm_edit_dis: 0.859991, CTCLoss: 10.002248, NRTRLoss: 1.407688, loss: 11.409197, avg_reader_cost: 0.00281 s, avg_batch_cost: 0.44619 s, avg_samples: 85.2, ips: 190.94997 samples/s, eta: 1:56:43, max_mem_reserved: 25002 MB, max_mem_allocated: 13654 MB
[2025/11/14 19:02:41] ppocr INFO: epoch: [9/20], global_step: 8900, lr: 0.000005, acc: 0.400000, norm_edit_dis: 0.860060, CTCLoss: 10.055832, NRTRLoss: 1.400747, loss: 11.455624, avg_reader_cost: 0.00281 s, avg_batch_cost: 0.45107 s, avg_samples: 87.3, ips: 193.53787 samples/s, eta: 1:56:37, max_mem_reserved: 25002 MB, max_mem_allocated: 13654 MB
[2025/11/14 19:03:10] ppocr INFO: cur metric, acc: 0.4633999995366, norm_edit_dis: 0.8870379237786037, fps: 918.5828411000155
[2025/11/14 19:03:10] ppocr INFO: best metric, acc: 0.46699999953300003, is_float16: False, norm_edit_dis: 0.8880722304235507, fps: 920.3386776398311, best_epoch: 9
[2025/11/14 19:03:15] ppocr INFO: epoch: [9/20], global_step: 8910, lr: 0.000005, acc: 0.326838, norm_edit_dis: 0.845110, CTCLoss: 13.758386, NRTRLoss: 1.433199, loss: 15.158424, avg_reader_cost: 0.00282 s, avg_batch_cost: 0.51172 s, avg_samples: 113.0, ips: 220.82272 samples/s, eta: 1:56:31, max_mem_reserved: 25002 MB, max_mem_allocated: 13654 MB
[2025/11/14 19:03:19] ppocr INFO: epoch: [9/20], global_step: 8920, lr: 0.000005, acc: 0.320312, norm_edit_dis: 0.810013, CTCLoss: 14.394349, NRTRLoss: 1.433416, loss: 15.831377, avg_reader_cost: 0.00283 s, avg_batch_cost: 0.45633 s, avg_samples: 89.5, ips: 196.12900 samples/s, eta: 1:56:24, max_mem_reserved: 25002 MB, max_mem_allocated: 13654 MB
[2025/11/14 19:03:24] ppocr INFO: epoch: [9/20], global_step: 8930, lr: 0.000005, acc: 0.435294, norm_edit_dis: 0.860754, CTCLoss: 9.156752, NRTRLoss: 1.403045, loss: 10.551774, avg_reader_cost: 0.00279 s, avg_batch_cost: 0.46842 s, avg_samples: 95.8, ips: 204.51897 samples/s, eta: 1:56:17, max_mem_reserved: 25002 MB, max_mem_allocated: 13654 MB
[2025/11/14 19:03:29] ppocr INFO: epoch: [9/20], global_step: 8940, lr: 0.000005, acc: 0.420772, norm_edit_dis: 0.856511, CTCLoss: 9.217072, NRTRLoss: 1.415655, loss: 10.616399, avg_reader_cost: 0.00278 s, avg_batch_cost: 0.47525 s, avg_samples: 98.0, ips: 206.20929 samples/s, eta: 1:56:11, max_mem_reserved: 25002 MB, max_mem_allocated: 13654 MB
[2025/11/14 19:03:34] ppocr INFO: epoch: [9/20], global_step: 8950, lr: 0.000005, acc: 0.312500, norm_edit_dis: 0.799414, CTCLoss: 14.804280, NRTRLoss: 1.450158, loss: 16.250444, avg_reader_cost: 0.00284 s, avg_batch_cost: 0.49347 s, avg_samples: 104.5, ips: 211.76357 samples/s, eta: 1:56:05, max_mem_reserved: 25002 MB, max_mem_allocated: 13654 MB
[2025/11/14 19:03:38] ppocr INFO: epoch: [9/20], global_step: 8960, lr: 0.000005, acc: 0.292969, norm_edit_dis: 0.803403, CTCLoss: 14.404985, NRTRLoss: 1.446318, loss: 15.841910, avg_reader_cost: 0.00284 s, avg_batch_cost: 0.46619 s, avg_samples: 93.8, ips: 201.20401 samples/s, eta: 1:55:58, max_mem_reserved: 25002 MB, max_mem_allocated: 13654 MB
[2025/11/14 19:03:43] ppocr INFO: epoch: [9/20], global_step: 8970, lr: 0.000005, acc: 0.300781, norm_edit_dis: 0.797731, CTCLoss: 14.404985, NRTRLoss: 1.436950, loss: 15.841910, avg_reader_cost: 0.00284 s, avg_batch_cost: 0.49411 s, avg_samples: 106.6, ips: 215.73940 samples/s, eta: 1:55:52, max_mem_reserved: 25002 MB, max_mem_allocated: 13654 MB
[2025/11/14 19:03:48] ppocr INFO: epoch: [9/20], global_step: 8980, lr: 0.000005, acc: 0.273437, norm_edit_dis: 0.745343, CTCLoss: 16.999040, NRTRLoss: 1.461510, loss: 18.473492, avg_reader_cost: 0.00282 s, avg_batch_cost: 0.47482 s, avg_samples: 98.1, ips: 206.60271 samples/s, eta: 1:55:45, max_mem_reserved: 25002 MB, max_mem_allocated: 13654 MB
[2025/11/14 19:03:53] ppocr INFO: epoch: [9/20], global_step: 8990, lr: 0.000005, acc: 0.387500, norm_edit_dis: 0.850959, CTCLoss: 10.515189, NRTRLoss: 1.412866, loss: 11.925297, avg_reader_cost: 0.00283 s, avg_batch_cost: 0.45913 s, avg_samples: 91.6, ips: 199.50833 samples/s, eta: 1:55:39, max_mem_reserved: 25002 MB, max_mem_allocated: 13654 MB
[2025/11/14 19:03:57] ppocr INFO: epoch: [9/20], global_step: 9000, lr: 0.000005, acc: 0.424632, norm_edit_dis: 0.868022, CTCLoss: 10.378372, NRTRLoss: 1.402518, loss: 11.786396, avg_reader_cost: 0.00287 s, avg_batch_cost: 0.46238 s, avg_samples: 85.2, ips: 184.26574 samples/s, eta: 1:55:32, max_mem_reserved: 25002 MB, max_mem_allocated: 13654 MB
[2025/11/14 19:04:26] ppocr INFO: cur metric, acc: 0.47359999952640003, norm_edit_dis: 0.8903321308576982, fps: 921.2459455706547
[2025/11/14 19:04:29] ppocr INFO: save best model is to ./output/best_accuracy
[2025/11/14 19:04:29] ppocr INFO: best metric, acc: 0.47359999952640003, is_float16: False, norm_edit_dis: 0.8903321308576982, fps: 921.2459455706547, best_epoch: 9
[2025/11/14 19:04:34] ppocr INFO: epoch: [9/20], global_step: 9010, lr: 0.000005, acc: 0.409007, norm_edit_dis: 0.855334, CTCLoss: 10.363780, NRTRLoss: 1.405662, loss: 11.767022, avg_reader_cost: 0.00305 s, avg_batch_cost: 0.48864 s, avg_samples: 95.9, ips: 196.26022 samples/s, eta: 1:55:26, max_mem_reserved: 25002 MB, max_mem_allocated: 13654 MB
[2025/11/14 19:04:38] ppocr INFO: epoch: [9/20], global_step: 9020, lr: 0.000005, acc: 0.403125, norm_edit_dis: 0.855334, CTCLoss: 10.998027, NRTRLoss: 1.411162, loss: 12.387354, avg_reader_cost: 0.00328 s, avg_batch_cost: 0.47152 s, avg_samples: 93.8, ips: 198.92934 samples/s, eta: 1:55:19, max_mem_reserved: 25002 MB, max_mem_allocated: 13654 MB
[2025/11/14 19:04:43] ppocr INFO: epoch: [9/20], global_step: 9030, lr: 0.000005, acc: 0.422702, norm_edit_dis: 0.860032, CTCLoss: 10.923656, NRTRLoss: 1.405876, loss: 12.321496, avg_reader_cost: 0.00279 s, avg_batch_cost: 0.44732 s, avg_samples: 85.2, ips: 190.46585 samples/s, eta: 1:55:13, max_mem_reserved: 25002 MB, max_mem_allocated: 13654 MB
[2025/11/14 19:04:47] ppocr INFO: epoch: [9/20], global_step: 9040, lr: 0.000005, acc: 0.436397, norm_edit_dis: 0.856408, CTCLoss: 9.747466, NRTRLoss: 1.408427, loss: 11.119430, avg_reader_cost: 0.00378 s, avg_batch_cost: 0.45658 s, avg_samples: 87.3, ips: 191.20262 samples/s, eta: 1:55:06, max_mem_reserved: 25002 MB, max_mem_allocated: 13654 MB
[2025/11/14 19:04:52] ppocr INFO: epoch: [9/20], global_step: 9050, lr: 0.000005, acc: 0.410937, norm_edit_dis: 0.856257, CTCLoss: 9.607393, NRTRLoss: 1.408088, loss: 10.983234, avg_reader_cost: 0.00370 s, avg_batch_cost: 0.46681 s, avg_samples: 91.6, ips: 196.22388 samples/s, eta: 1:54:59, max_mem_reserved: 25002 MB, max_mem_allocated: 13654 MB
[2025/11/14 19:04:57] ppocr INFO: epoch: [9/20], global_step: 9060, lr: 0.000005, acc: 0.395312, norm_edit_dis: 0.851729, CTCLoss: 10.588515, NRTRLoss: 1.409283, loss: 11.984475, avg_reader_cost: 0.00324 s, avg_batch_cost: 0.47589 s, avg_samples: 95.9, ips: 201.51774 samples/s, eta: 1:54:53, max_mem_reserved: 25002 MB, max_mem_allocated: 13654 MB
[2025/11/14 19:05:01] ppocr INFO: epoch: [9/20], global_step: 9070, lr: 0.000005, acc: 0.382353, norm_edit_dis: 0.856588, CTCLoss: 10.428180, NRTRLoss: 1.409283, loss: 11.808397, avg_reader_cost: 0.00278 s, avg_batch_cost: 0.45488 s, avg_samples: 89.4, ips: 196.53378 samples/s, eta: 1:54:46, max_mem_reserved: 25002 MB, max_mem_allocated: 13654 MB
[2025/11/14 19:05:06] ppocr INFO: epoch: [9/20], global_step: 9080, lr: 0.000005, acc: 0.403125, norm_edit_dis: 0.856588, CTCLoss: 9.584996, NRTRLoss: 1.408997, loss: 10.968258, avg_reader_cost: 0.00280 s, avg_batch_cost: 0.45936 s, avg_samples: 89.5, ips: 194.83481 samples/s, eta: 1:54:40, max_mem_reserved: 25002 MB, max_mem_allocated: 13654 MB
[2025/11/14 19:05:10] ppocr INFO: epoch: [9/20], global_step: 9090, lr: 0.000005, acc: 0.435294, norm_edit_dis: 0.870600, CTCLoss: 9.127906, NRTRLoss: 1.405229, loss: 10.524880, avg_reader_cost: 0.00282 s, avg_batch_cost: 0.45225 s, avg_samples: 87.3, ips: 193.03480 samples/s, eta: 1:54:33, max_mem_reserved: 25002 MB, max_mem_allocated: 13654 MB
[2025/11/14 19:05:15] ppocr INFO: epoch: [9/20], global_step: 9100, lr: 0.000005, acc: 0.416820, norm_edit_dis: 0.869111, CTCLoss: 9.556028, NRTRLoss: 1.416750, loss: 10.965353, avg_reader_cost: 0.00280 s, avg_batch_cost: 0.48187 s, avg_samples: 100.1, ips: 207.73218 samples/s, eta: 1:54:27, max_mem_reserved: 25002 MB, max_mem_allocated: 13654 MB
[2025/11/14 19:05:43] ppocr INFO: cur metric, acc: 0.46449999953550003, norm_edit_dis: 0.8868882079291, fps: 916.8049934927739
[2025/11/14 19:05:43] ppocr INFO: best metric, acc: 0.47359999952640003, is_float16: False, norm_edit_dis: 0.8903321308576982, fps: 921.2459455706547, best_epoch: 9
[2025/11/14 19:05:48] ppocr INFO: epoch: [9/20], global_step: 9110, lr: 0.000005, acc: 0.371783, norm_edit_dis: 0.841983, CTCLoss: 9.846003, NRTRLoss: 1.435114, loss: 11.288379, avg_reader_cost: 0.00349 s, avg_batch_cost: 0.47691 s, avg_samples: 91.6, ips: 192.06896 samples/s, eta: 1:54:20, max_mem_reserved: 25002 MB, max_mem_allocated: 13654 MB
[2025/11/14 19:05:53] ppocr INFO: epoch: [9/20], global_step: 9120, lr: 0.000005, acc: 0.389430, norm_edit_dis: 0.864308, CTCLoss: 9.504409, NRTRLoss: 1.412881, loss: 10.906335, avg_reader_cost: 0.00289 s, avg_batch_cost: 0.45671 s, avg_samples: 87.3, ips: 191.15012 samples/s, eta: 1:54:14, max_mem_reserved: 25002 MB, max_mem_allocated: 13654 MB
[2025/11/14 19:05:57] ppocr INFO: epoch: [9/20], global_step: 9130, lr: 0.000005, acc: 0.435294, norm_edit_dis: 0.876968, CTCLoss: 9.284749, NRTRLoss: 1.383017, loss: 10.677611, avg_reader_cost: 0.00287 s, avg_batch_cost: 0.43792 s, avg_samples: 78.8, ips: 179.94338 samples/s, eta: 1:54:07, max_mem_reserved: 25002 MB, max_mem_allocated: 13654 MB
[2025/11/14 19:06:02] ppocr INFO: epoch: [9/20], global_step: 9140, lr: 0.000005, acc: 0.400000, norm_edit_dis: 0.862533, CTCLoss: 10.457954, NRTRLoss: 1.399512, loss: 11.866726, avg_reader_cost: 0.00380 s, avg_batch_cost: 0.50316 s, avg_samples: 102.3, ips: 203.31642 samples/s, eta: 1:54:01, max_mem_reserved: 25002 MB, max_mem_allocated: 13654 MB
[2025/11/14 19:06:07] ppocr INFO: epoch: [9/20], global_step: 9150, lr: 0.000005, acc: 0.400000, norm_edit_dis: 0.855746, CTCLoss: 9.307378, NRTRLoss: 1.410203, loss: 10.719174, avg_reader_cost: 0.00285 s, avg_batch_cost: 0.45843 s, avg_samples: 89.4, ips: 195.01323 samples/s, eta: 1:53:54, max_mem_reserved: 25002 MB, max_mem_allocated: 13654 MB
[2025/11/14 19:06:12] ppocr INFO: epoch: [9/20], global_step: 9160, lr: 0.000005, acc: 0.343750, norm_edit_dis: 0.855107, CTCLoss: 12.946473, NRTRLoss: 1.420208, loss: 14.347753, avg_reader_cost: 0.00339 s, avg_batch_cost: 0.51679 s, avg_samples: 110.9, ips: 214.59492 samples/s, eta: 1:53:48, max_mem_reserved: 25002 MB, max_mem_allocated: 13654 MB
[2025/11/14 19:06:16] ppocr INFO: epoch: [9/20], global_step: 9170, lr: 0.000005, acc: 0.300781, norm_edit_dis: 0.804839, CTCLoss: 15.263280, NRTRLoss: 1.425307, loss: 16.680671, avg_reader_cost: 0.00287 s, avg_batch_cost: 0.45931 s, avg_samples: 89.5, ips: 194.85823 samples/s, eta: 1:53:42, max_mem_reserved: 25002 MB, max_mem_allocated: 13654 MB
[2025/11/14 19:06:21] ppocr INFO: epoch: [9/20], global_step: 9180, lr: 0.000005, acc: 0.365993, norm_edit_dis: 0.855587, CTCLoss: 10.639041, NRTRLoss: 1.414624, loss: 12.035912, avg_reader_cost: 0.00288 s, avg_batch_cost: 0.49445 s, avg_samples: 104.5, ips: 211.34570 samples/s, eta: 1:53:36, max_mem_reserved: 25002 MB, max_mem_allocated: 13654 MB
[2025/11/14 19:06:26] ppocr INFO: epoch: [9/20], global_step: 9190, lr: 0.000005, acc: 0.350368, norm_edit_dis: 0.800352, CTCLoss: 14.701995, NRTRLoss: 1.424367, loss: 16.139433, avg_reader_cost: 0.00380 s, avg_batch_cost: 0.48091 s, avg_samples: 98.0, ips: 203.78031 samples/s, eta: 1:53:29, max_mem_reserved: 25002 MB, max_mem_allocated: 13654 MB
[2025/11/14 19:06:31] ppocr INFO: epoch: [9/20], global_step: 9200, lr: 0.000005, acc: 0.411765, norm_edit_dis: 0.857359, CTCLoss: 10.052316, NRTRLoss: 1.404997, loss: 11.455047, avg_reader_cost: 0.00283 s, avg_batch_cost: 0.45322 s, avg_samples: 87.3, ips: 192.62105 samples/s, eta: 1:53:23, max_mem_reserved: 25002 MB, max_mem_allocated: 13654 MB
[2025/11/14 19:06:59] ppocr INFO: cur metric, acc: 0.4743999995256, norm_edit_dis: 0.8912618922279547, fps: 919.3073851876736
[2025/11/14 19:07:02] ppocr INFO: save best model is to ./output/best_accuracy
[2025/11/14 19:07:02] ppocr INFO: best metric, acc: 0.4743999995256, is_float16: False, norm_edit_dis: 0.8912618922279547, fps: 919.3073851876736, best_epoch: 9
[2025/11/14 19:07:07] ppocr INFO: epoch: [9/20], global_step: 9210, lr: 0.000005, acc: 0.441176, norm_edit_dis: 0.870849, CTCLoss: 8.992661, NRTRLoss: 1.391870, loss: 10.397682, avg_reader_cost: 0.00313 s, avg_batch_cost: 0.48040 s, avg_samples: 83.0, ips: 172.77427 samples/s, eta: 1:53:16, max_mem_reserved: 25002 MB, max_mem_allocated: 13654 MB
[2025/11/14 19:07:11] ppocr INFO: epoch: [9/20], global_step: 9220, lr: 0.000005, acc: 0.422702, norm_edit_dis: 0.867737, CTCLoss: 9.033766, NRTRLoss: 1.412046, loss: 10.424747, avg_reader_cost: 0.00288 s, avg_batch_cost: 0.46617 s, avg_samples: 89.5, ips: 191.98934 samples/s, eta: 1:53:10, max_mem_reserved: 25002 MB, max_mem_allocated: 13654 MB
[2025/11/14 19:07:16] ppocr INFO: epoch: [9/20], global_step: 9230, lr: 0.000005, acc: 0.403125, norm_edit_dis: 0.872778, CTCLoss: 8.930442, NRTRLoss: 1.388717, loss: 10.334113, avg_reader_cost: 0.00337 s, avg_batch_cost: 0.44453 s, avg_samples: 78.8, ips: 177.26421 samples/s, eta: 1:53:03, max_mem_reserved: 25002 MB, max_mem_allocated: 13654 MB
[2025/11/14 19:07:20] ppocr INFO: epoch: [9/20], global_step: 9240, lr: 0.000005, acc: 0.395312, norm_edit_dis: 0.871683, CTCLoss: 9.040432, NRTRLoss: 1.389064, loss: 10.435864, avg_reader_cost: 0.00375 s, avg_batch_cost: 0.44912 s, avg_samples: 85.2, ips: 189.70587 samples/s, eta: 1:52:56, max_mem_reserved: 25002 MB, max_mem_allocated: 13654 MB
[2025/11/14 19:07:25] ppocr INFO: epoch: [9/20], global_step: 9250, lr: 0.000005, acc: 0.389430, norm_edit_dis: 0.859460, CTCLoss: 10.290705, NRTRLoss: 1.407903, loss: 11.711736, avg_reader_cost: 0.00284 s, avg_batch_cost: 0.46240 s, avg_samples: 91.7, ips: 198.31441 samples/s, eta: 1:52:50, max_mem_reserved: 25002 MB, max_mem_allocated: 13654 MB
[2025/11/14 19:07:29] ppocr INFO: epoch: [9/20], global_step: 9260, lr: 0.000005, acc: 0.389430, norm_edit_dis: 0.851443, CTCLoss: 10.804550, NRTRLoss: 1.410128, loss: 12.222448, avg_reader_cost: 0.00284 s, avg_batch_cost: 0.46670 s, avg_samples: 93.8, ips: 200.98745 samples/s, eta: 1:52:43, max_mem_reserved: 25002 MB, max_mem_allocated: 13654 MB
[2025/11/14 19:07:34] ppocr INFO: epoch: [9/20], global_step: 9270, lr: 0.000005, acc: 0.394118, norm_edit_dis: 0.849273, CTCLoss: 9.366665, NRTRLoss: 1.419737, loss: 10.778633, avg_reader_cost: 0.00376 s, avg_batch_cost: 0.46525 s, avg_samples: 91.6, ips: 196.88429 samples/s, eta: 1:52:37, max_mem_reserved: 25002 MB, max_mem_allocated: 13654 MB
[2025/11/14 19:07:39] ppocr INFO: epoch: [9/20], global_step: 9280, lr: 0.000005, acc: 0.394118, norm_edit_dis: 0.845594, CTCLoss: 9.543246, NRTRLoss: 1.425168, loss: 10.973488, avg_reader_cost: 0.00287 s, avg_batch_cost: 0.48448 s, avg_samples: 102.3, ips: 211.15490 samples/s, eta: 1:52:31, max_mem_reserved: 25002 MB, max_mem_allocated: 13654 MB
[2025/11/14 19:07:44] ppocr INFO: epoch: [9/20], global_step: 9290, lr: 0.000005, acc: 0.354274, norm_edit_dis: 0.815385, CTCLoss: 13.713256, NRTRLoss: 1.417316, loss: 15.118555, avg_reader_cost: 0.00337 s, avg_batch_cost: 0.49580 s, avg_samples: 106.5, ips: 214.80380 samples/s, eta: 1:52:25, max_mem_reserved: 25002 MB, max_mem_allocated: 13654 MB
[2025/11/14 19:07:48] ppocr INFO: epoch: [9/20], global_step: 9300, lr: 0.000005, acc: 0.389430, norm_edit_dis: 0.862735, CTCLoss: 9.858083, NRTRLoss: 1.408332, loss: 11.294377, avg_reader_cost: 0.00288 s, avg_batch_cost: 0.44299 s, avg_samples: 85.2, ips: 192.32771 samples/s, eta: 1:52:18, max_mem_reserved: 25002 MB, max_mem_allocated: 13654 MB
[2025/11/14 19:08:16] ppocr INFO: cur metric, acc: 0.4738999995261, norm_edit_dis: 0.8905183899361233, fps: 924.3666569366166
[2025/11/14 19:08:16] ppocr INFO: best metric, acc: 0.4743999995256, is_float16: False, norm_edit_dis: 0.8912618922279547, fps: 919.3073851876736, best_epoch: 9
[2025/11/14 19:08:21] ppocr INFO: epoch: [9/20], global_step: 9310, lr: 0.000005, acc: 0.437500, norm_edit_dis: 0.871226, CTCLoss: 9.049008, NRTRLoss: 1.384036, loss: 10.418981, avg_reader_cost: 0.00289 s, avg_batch_cost: 0.43030 s, avg_samples: 76.7, ips: 178.24760 samples/s, eta: 1:52:11, max_mem_reserved: 25002 MB, max_mem_allocated: 13654 MB
[2025/11/14 19:08:25] ppocr INFO: epoch: [9/20], global_step: 9320, lr: 0.000005, acc: 0.416820, norm_edit_dis: 0.861497, CTCLoss: 9.379935, NRTRLoss: 1.399188, loss: 10.765969, avg_reader_cost: 0.00281 s, avg_batch_cost: 0.45493 s, avg_samples: 87.4, ips: 192.11942 samples/s, eta: 1:52:04, max_mem_reserved: 25002 MB, max_mem_allocated: 13654 MB
[2025/11/14 19:08:29] ppocr INFO: epoch: [9/20], global_step: 9330, lr: 0.000005, acc: 0.406250, norm_edit_dis: 0.856312, CTCLoss: 9.430740, NRTRLoss: 1.408073, loss: 10.812571, avg_reader_cost: 0.00288 s, avg_batch_cost: 0.42923 s, avg_samples: 76.7, ips: 178.69375 samples/s, eta: 1:51:58, max_mem_reserved: 25002 MB, max_mem_allocated: 13654 MB
[2025/11/14 19:08:34] ppocr INFO: epoch: [9/20], global_step: 9340, lr: 0.000005, acc: 0.463787, norm_edit_dis: 0.876346, CTCLoss: 8.826106, NRTRLoss: 1.400633, loss: 10.231496, avg_reader_cost: 0.00284 s, avg_batch_cost: 0.46616 s, avg_samples: 91.6, ips: 196.49852 samples/s, eta: 1:51:51, max_mem_reserved: 25002 MB, max_mem_allocated: 13654 MB
[2025/11/14 19:08:39] ppocr INFO: epoch: [9/20], global_step: 9350, lr: 0.000005, acc: 0.417647, norm_edit_dis: 0.863609, CTCLoss: 9.552351, NRTRLoss: 1.403579, loss: 10.959558, avg_reader_cost: 0.00285 s, avg_batch_cost: 0.46676 s, avg_samples: 93.8, ips: 200.96101 samples/s, eta: 1:51:45, max_mem_reserved: 25002 MB, max_mem_allocated: 13654 MB
[2025/11/14 19:08:44] ppocr INFO: epoch: [9/20], global_step: 9360, lr: 0.000005, acc: 0.375000, norm_edit_dis: 0.857322, CTCLoss: 10.284663, NRTRLoss: 1.407207, loss: 11.672304, avg_reader_cost: 0.00282 s, avg_batch_cost: 0.48582 s, avg_samples: 102.3, ips: 210.56966 samples/s, eta: 1:51:39, max_mem_reserved: 25002 MB, max_mem_allocated: 13654 MB
[2025/11/14 19:08:48] ppocr INFO: epoch: [9/20], global_step: 9370, lr: 0.000005, acc: 0.343750, norm_edit_dis: 0.813621, CTCLoss: 12.921428, NRTRLoss: 1.427377, loss: 14.348785, avg_reader_cost: 0.00281 s, avg_batch_cost: 0.48582 s, avg_samples: 102.3, ips: 210.57006 samples/s, eta: 1:51:32, max_mem_reserved: 25002 MB, max_mem_allocated: 13654 MB
[2025/11/14 19:08:53] ppocr INFO: epoch: [9/20], global_step: 9380, lr: 0.000005, acc: 0.355469, norm_edit_dis: 0.812941, CTCLoss: 14.160548, NRTRLoss: 1.405756, loss: 15.566304, avg_reader_cost: 0.00284 s, avg_batch_cost: 0.47812 s, avg_samples: 98.1, ips: 205.17813 samples/s, eta: 1:51:26, max_mem_reserved: 25002 MB, max_mem_allocated: 13654 MB
[2025/11/14 19:08:58] ppocr INFO: epoch: [9/20], global_step: 9390, lr: 0.000005, acc: 0.364706, norm_edit_dis: 0.851278, CTCLoss: 12.307525, NRTRLoss: 1.411317, loss: 13.720784, avg_reader_cost: 0.00282 s, avg_batch_cost: 0.47642 s, avg_samples: 98.0, ips: 205.70291 samples/s, eta: 1:51:20, max_mem_reserved: 25002 MB, max_mem_allocated: 13654 MB
[2025/11/14 19:09:03] ppocr INFO: epoch: [9/20], global_step: 9400, lr: 0.000005, acc: 0.370588, norm_edit_dis: 0.861657, CTCLoss: 9.740614, NRTRLoss: 1.416605, loss: 11.140488, avg_reader_cost: 0.00284 s, avg_batch_cost: 0.46099 s, avg_samples: 91.6, ips: 198.70190 samples/s, eta: 1:51:13, max_mem_reserved: 25002 MB, max_mem_allocated: 13654 MB
[2025/11/14 19:09:31] ppocr INFO: cur metric, acc: 0.4725999995274, norm_edit_dis: 0.889578055379394, fps: 920.4745670286469
[2025/11/14 19:09:31] ppocr INFO: best metric, acc: 0.4743999995256, is_float16: False, norm_edit_dis: 0.8912618922279547, fps: 919.3073851876736, best_epoch: 9
[2025/11/14 19:09:36] ppocr INFO: epoch: [9/20], global_step: 9410, lr: 0.000005, acc: 0.397243, norm_edit_dis: 0.865394, CTCLoss: 9.161273, NRTRLoss: 1.413422, loss: 10.571098, avg_reader_cost: 0.00310 s, avg_batch_cost: 0.49979 s, avg_samples: 91.6, ips: 183.27825 samples/s, eta: 1:51:07, max_mem_reserved: 25002 MB, max_mem_allocated: 13654 MB
[2025/11/14 19:09:40] ppocr INFO: epoch: [9/20], global_step: 9420, lr: 0.000005, acc: 0.421875, norm_edit_dis: 0.882832, CTCLoss: 8.818957, NRTRLoss: 1.394387, loss: 10.189956, avg_reader_cost: 0.00288 s, avg_batch_cost: 0.45098 s, avg_samples: 85.3, ips: 189.14178 samples/s, eta: 1:51:01, max_mem_reserved: 25002 MB, max_mem_allocated: 13654 MB
[2025/11/14 19:09:45] ppocr INFO: epoch: [9/20], global_step: 9430, lr: 0.000004, acc: 0.416820, norm_edit_dis: 0.875576, CTCLoss: 8.974155, NRTRLoss: 1.399056, loss: 10.359306, avg_reader_cost: 0.00334 s, avg_batch_cost: 0.45328 s, avg_samples: 87.4, ips: 192.81491 samples/s, eta: 1:50:54, max_mem_reserved: 25002 MB, max_mem_allocated: 13654 MB
[2025/11/14 19:09:50] ppocr INFO: epoch: [9/20], global_step: 9440, lr: 0.000004, acc: 0.296875, norm_edit_dis: 0.774094, CTCLoss: 15.386006, NRTRLoss: 1.458609, loss: 16.854442, avg_reader_cost: 0.00286 s, avg_batch_cost: 0.52610 s, avg_samples: 117.3, ips: 222.96089 samples/s, eta: 1:50:49, max_mem_reserved: 25002 MB, max_mem_allocated: 13654 MB
[2025/11/14 19:09:55] ppocr INFO: epoch: [9/20], global_step: 9450, lr: 0.000004, acc: 0.296875, norm_edit_dis: 0.767329, CTCLoss: 15.188673, NRTRLoss: 1.457091, loss: 16.659658, avg_reader_cost: 0.00334 s, avg_batch_cost: 0.47033 s, avg_samples: 93.7, ips: 199.22240 samples/s, eta: 1:50:42, max_mem_reserved: 25002 MB, max_mem_allocated: 13654 MB
[2025/11/14 19:10:00] ppocr INFO: epoch: [9/20], global_step: 9460, lr: 0.000004, acc: 0.422702, norm_edit_dis: 0.859647, CTCLoss: 10.257943, NRTRLoss: 1.439220, loss: 11.706025, avg_reader_cost: 0.00288 s, avg_batch_cost: 0.46969 s, avg_samples: 93.8, ips: 199.70444 samples/s, eta: 1:50:36, max_mem_reserved: 25002 MB, max_mem_allocated: 13654 MB
[2025/11/14 19:10:04] ppocr INFO: epoch: [9/20], global_step: 9470, lr: 0.000004, acc: 0.390625, norm_edit_dis: 0.862385, CTCLoss: 9.501464, NRTRLoss: 1.396984, loss: 10.904905, avg_reader_cost: 0.00333 s, avg_batch_cost: 0.44117 s, avg_samples: 81.0, ips: 183.60451 samples/s, eta: 1:50:29, max_mem_reserved: 25002 MB, max_mem_allocated: 13654 MB
[2025/11/14 19:10:09] ppocr INFO: epoch: [9/20], global_step: 9480, lr: 0.000004, acc: 0.455974, norm_edit_dis: 0.873969, CTCLoss: 8.633879, NRTRLoss: 1.391281, loss: 10.000706, avg_reader_cost: 0.00286 s, avg_batch_cost: 0.45843 s, avg_samples: 89.4, ips: 195.01378 samples/s, eta: 1:50:23, max_mem_reserved: 25002 MB, max_mem_allocated: 13654 MB
[2025/11/14 19:10:13] ppocr INFO: epoch: [9/20], global_step: 9490, lr: 0.000004, acc: 0.463787, norm_edit_dis: 0.871668, CTCLoss: 8.541957, NRTRLoss: 1.395653, loss: 9.909337, avg_reader_cost: 0.00332 s, avg_batch_cost: 0.45225 s, avg_samples: 85.3, ips: 188.61353 samples/s, eta: 1:50:16, max_mem_reserved: 25002 MB, max_mem_allocated: 13654 MB
[2025/11/14 19:10:18] ppocr INFO: epoch: [9/20], global_step: 9500, lr: 0.000004, acc: 0.429687, norm_edit_dis: 0.871668, CTCLoss: 8.580837, NRTRLoss: 1.392370, loss: 9.972158, avg_reader_cost: 0.00290 s, avg_batch_cost: 0.45597 s, avg_samples: 87.4, ips: 191.67784 samples/s, eta: 1:50:10, max_mem_reserved: 25002 MB, max_mem_allocated: 13654 MB
[2025/11/14 19:10:46] ppocr INFO: cur metric, acc: 0.4887999995112, norm_edit_dis: 0.8962148416726771, fps: 926.643356006834
[2025/11/14 19:10:49] ppocr INFO: save best model is to ./output/best_accuracy
[2025/11/14 19:10:49] ppocr INFO: best metric, acc: 0.4887999995112, is_float16: False, norm_edit_dis: 0.8962148416726771, fps: 926.643356006834, best_epoch: 9
[2025/11/14 19:10:53] ppocr INFO: epoch: [9/20], global_step: 9510, lr: 0.000004, acc: 0.416820, norm_edit_dis: 0.873282, CTCLoss: 8.719350, NRTRLoss: 1.389466, loss: 10.123934, avg_reader_cost: 0.00285 s, avg_batch_cost: 0.43166 s, avg_samples: 78.8, ips: 182.55226 samples/s, eta: 1:50:03, max_mem_reserved: 25002 MB, max_mem_allocated: 13654 MB
[2025/11/14 19:10:57] ppocr INFO: epoch: [9/20], global_step: 9520, lr: 0.000004, acc: 0.416820, norm_edit_dis: 0.874747, CTCLoss: 8.666709, NRTRLoss: 1.390037, loss: 10.080744, avg_reader_cost: 0.00284 s, avg_batch_cost: 0.44301 s, avg_samples: 83.1, ips: 187.58245 samples/s, eta: 1:49:56, max_mem_reserved: 25002 MB, max_mem_allocated: 13654 MB
[2025/11/14 19:11:02] ppocr INFO: epoch: [9/20], global_step: 9530, lr: 0.000004, acc: 0.414890, norm_edit_dis: 0.875190, CTCLoss: 9.151781, NRTRLoss: 1.393592, loss: 10.560637, avg_reader_cost: 0.00333 s, avg_batch_cost: 0.45282 s, avg_samples: 87.3, ips: 192.79360 samples/s, eta: 1:49:50, max_mem_reserved: 25002 MB, max_mem_allocated: 13654 MB
[2025/11/14 19:11:07] ppocr INFO: epoch: [9/20], global_step: 9540, lr: 0.000004, acc: 0.395312, norm_edit_dis: 0.862981, CTCLoss: 9.434842, NRTRLoss: 1.407544, loss: 10.850849, avg_reader_cost: 0.00286 s, avg_batch_cost: 0.48040 s, avg_samples: 100.2, ips: 208.57795 samples/s, eta: 1:49:44, max_mem_reserved: 25002 MB, max_mem_allocated: 13654 MB
[2025/11/14 19:11:11] ppocr INFO: epoch: [9/20], global_step: 9550, lr: 0.000004, acc: 0.395312, norm_edit_dis: 0.860870, CTCLoss: 9.281664, NRTRLoss: 1.401046, loss: 10.667148, avg_reader_cost: 0.00285 s, avg_batch_cost: 0.44598 s, avg_samples: 85.2, ips: 191.03831 samples/s, eta: 1:49:37, max_mem_reserved: 25002 MB, max_mem_allocated: 13654 MB
[2025/11/14 19:11:16] ppocr INFO: epoch: [9/20], global_step: 9560, lr: 0.000004, acc: 0.426654, norm_edit_dis: 0.881350, CTCLoss: 8.712008, NRTRLoss: 1.391878, loss: 10.085996, avg_reader_cost: 0.00375 s, avg_batch_cost: 0.47461 s, avg_samples: 93.7, ips: 197.42540 samples/s, eta: 1:49:31, max_mem_reserved: 25002 MB, max_mem_allocated: 13654 MB
[2025/11/14 19:11:21] ppocr INFO: epoch: [9/20], global_step: 9570, lr: 0.000004, acc: 0.437500, norm_edit_dis: 0.870979, CTCLoss: 8.880188, NRTRLoss: 1.411527, loss: 10.266696, avg_reader_cost: 0.00376 s, avg_batch_cost: 0.48125 s, avg_samples: 95.9, ips: 199.27374 samples/s, eta: 1:49:24, max_mem_reserved: 25002 MB, max_mem_allocated: 13654 MB
[2025/11/14 19:11:26] ppocr INFO: epoch: [9/20], global_step: 9580, lr: 0.000004, acc: 0.437500, norm_edit_dis: 0.863918, CTCLoss: 9.215774, NRTRLoss: 1.411795, loss: 10.634478, avg_reader_cost: 0.00289 s, avg_batch_cost: 0.46761 s, avg_samples: 85.3, ips: 182.41802 samples/s, eta: 1:49:18, max_mem_reserved: 25002 MB, max_mem_allocated: 13654 MB
[2025/11/14 19:11:30] ppocr INFO: epoch: [9/20], global_step: 9590, lr: 0.000004, acc: 0.437500, norm_edit_dis: 0.870555, CTCLoss: 9.374912, NRTRLoss: 1.393785, loss: 10.762626, avg_reader_cost: 0.00287 s, avg_batch_cost: 0.43879 s, avg_samples: 81.0, ips: 184.59753 samples/s, eta: 1:49:11, max_mem_reserved: 25002 MB, max_mem_allocated: 13654 MB
[2025/11/14 19:11:35] ppocr INFO: epoch: [9/20], global_step: 9600, lr: 0.000004, acc: 0.411765, norm_edit_dis: 0.871188, CTCLoss: 9.380356, NRTRLoss: 1.387058, loss: 10.780534, avg_reader_cost: 0.00284 s, avg_batch_cost: 0.46574 s, avg_samples: 93.7, ips: 201.18324 samples/s, eta: 1:49:05, max_mem_reserved: 25002 MB, max_mem_allocated: 13654 MB
[2025/11/14 19:12:03] ppocr INFO: cur metric, acc: 0.487999999512, norm_edit_dis: 0.8954834952713561, fps: 920.5706711858713
[2025/11/14 19:12:03] ppocr INFO: best metric, acc: 0.4887999995112, is_float16: False, norm_edit_dis: 0.8962148416726771, fps: 926.643356006834, best_epoch: 9
[2025/11/14 19:12:08] ppocr INFO: epoch: [9/20], global_step: 9610, lr: 0.000004, acc: 0.303355, norm_edit_dis: 0.813876, CTCLoss: 12.843473, NRTRLoss: 1.422031, loss: 14.265503, avg_reader_cost: 0.00307 s, avg_batch_cost: 0.54244 s, avg_samples: 115.1, ips: 212.19003 samples/s, eta: 1:49:00, max_mem_reserved: 25002 MB, max_mem_allocated: 13654 MB
[2025/11/14 19:12:12] ppocr INFO: epoch: [9/20], global_step: 9620, lr: 0.000004, acc: 0.421875, norm_edit_dis: 0.869081, CTCLoss: 10.192046, NRTRLoss: 1.390229, loss: 11.569431, avg_reader_cost: 0.00281 s, avg_batch_cost: 0.41735 s, avg_samples: 74.6, ips: 178.74876 samples/s, eta: 1:48:53, max_mem_reserved: 25002 MB, max_mem_allocated: 13654 MB
[2025/11/14 19:12:17] ppocr INFO: epoch: [9/20], global_step: 9630, lr: 0.000004, acc: 0.429687, norm_edit_dis: 0.868137, CTCLoss: 9.204154, NRTRLoss: 1.398398, loss: 10.592591, avg_reader_cost: 0.00285 s, avg_batch_cost: 0.46351 s, avg_samples: 93.8, ips: 202.36791 samples/s, eta: 1:48:46, max_mem_reserved: 25002 MB, max_mem_allocated: 13654 MB
[2025/11/14 19:12:21] ppocr INFO: epoch: [9/20], global_step: 9640, lr: 0.000004, acc: 0.388235, norm_edit_dis: 0.848373, CTCLoss: 10.476114, NRTRLoss: 1.425359, loss: 11.911145, avg_reader_cost: 0.00283 s, avg_batch_cost: 0.46547 s, avg_samples: 95.8, ips: 205.81399 samples/s, eta: 1:48:40, max_mem_reserved: 25002 MB, max_mem_allocated: 13654 MB
[2025/11/14 19:12:26] ppocr INFO: epoch: [9/20], global_step: 9650, lr: 0.000004, acc: 0.382353, norm_edit_dis: 0.849858, CTCLoss: 10.366313, NRTRLoss: 1.416193, loss: 11.786333, avg_reader_cost: 0.00281 s, avg_batch_cost: 0.47918 s, avg_samples: 100.2, ips: 209.10509 samples/s, eta: 1:48:34, max_mem_reserved: 25002 MB, max_mem_allocated: 13654 MB
[2025/11/14 19:12:31] ppocr INFO: epoch: [9/20], global_step: 9660, lr: 0.000004, acc: 0.334697, norm_edit_dis: 0.805857, CTCLoss: 12.618984, NRTRLoss: 1.420547, loss: 14.042088, avg_reader_cost: 0.00280 s, avg_batch_cost: 0.47551 s, avg_samples: 98.1, ips: 206.30512 samples/s, eta: 1:48:28, max_mem_reserved: 25002 MB, max_mem_allocated: 13654 MB
[2025/11/14 19:12:36] ppocr INFO: epoch: [9/20], global_step: 9670, lr: 0.000004, acc: 0.351562, norm_edit_dis: 0.796624, CTCLoss: 12.448939, NRTRLoss: 1.434025, loss: 13.891194, avg_reader_cost: 0.00280 s, avg_batch_cost: 0.47463 s, avg_samples: 98.1, ips: 206.68637 samples/s, eta: 1:48:22, max_mem_reserved: 25002 MB, max_mem_allocated: 13654 MB
[2025/11/14 19:12:40] ppocr INFO: epoch: [9/20], global_step: 9680, lr: 0.000004, acc: 0.390625, norm_edit_dis: 0.850922, CTCLoss: 9.581413, NRTRLoss: 1.415742, loss: 11.006789, avg_reader_cost: 0.00285 s, avg_batch_cost: 0.45834 s, avg_samples: 91.6, ips: 199.85140 samples/s, eta: 1:48:15, max_mem_reserved: 25002 MB, max_mem_allocated: 13654 MB
[2025/11/14 19:12:45] ppocr INFO: epoch: [9/20], global_step: 9690, lr: 0.000004, acc: 0.389430, norm_edit_dis: 0.857718, CTCLoss: 10.195065, NRTRLoss: 1.413038, loss: 11.595726, avg_reader_cost: 0.00286 s, avg_batch_cost: 0.48360 s, avg_samples: 102.3, ips: 211.53679 samples/s, eta: 1:48:09, max_mem_reserved: 25002 MB, max_mem_allocated: 13654 MB
[2025/11/14 19:12:50] ppocr INFO: epoch: [9/20], global_step: 9700, lr: 0.000004, acc: 0.389430, norm_edit_dis: 0.860923, CTCLoss: 10.334930, NRTRLoss: 1.400022, loss: 11.708897, avg_reader_cost: 0.00323 s, avg_batch_cost: 0.47105 s, avg_samples: 95.8, ips: 203.37590 samples/s, eta: 1:48:03, max_mem_reserved: 25002 MB, max_mem_allocated: 13654 MB
[2025/11/14 19:13:19] ppocr INFO: cur metric, acc: 0.47119999952880004, norm_edit_dis: 0.8883692546599353, fps: 919.0052841603127
[2025/11/14 19:13:19] ppocr INFO: best metric, acc: 0.4887999995112, is_float16: False, norm_edit_dis: 0.8962148416726771, fps: 926.643356006834, best_epoch: 9
[2025/11/14 19:13:23] ppocr INFO: epoch: [9/20], global_step: 9710, lr: 0.000004, acc: 0.416820, norm_edit_dis: 0.871131, CTCLoss: 9.416127, NRTRLoss: 1.402126, loss: 10.817257, avg_reader_cost: 0.00326 s, avg_batch_cost: 0.47929 s, avg_samples: 98.0, ips: 204.46770 samples/s, eta: 1:47:57, max_mem_reserved: 25002 MB, max_mem_allocated: 13654 MB
[2025/11/14 19:13:28] ppocr INFO: epoch: [9/20], global_step: 9720, lr: 0.000004, acc: 0.423529, norm_edit_dis: 0.872325, CTCLoss: 9.410748, NRTRLoss: 1.404422, loss: 10.811187, avg_reader_cost: 0.00284 s, avg_batch_cost: 0.44028 s, avg_samples: 83.1, ips: 188.74443 samples/s, eta: 1:47:50, max_mem_reserved: 25002 MB, max_mem_allocated: 13654 MB
[2025/11/14 19:13:33] ppocr INFO: epoch: [9/20], global_step: 9730, lr: 0.000004, acc: 0.409007, norm_edit_dis: 0.868297, CTCLoss: 10.522111, NRTRLoss: 1.403091, loss: 11.905417, avg_reader_cost: 0.00283 s, avg_batch_cost: 0.49400 s, avg_samples: 104.5, ips: 211.53681 samples/s, eta: 1:47:44, max_mem_reserved: 25002 MB, max_mem_allocated: 13654 MB
[2025/11/14 19:13:37] ppocr INFO: epoch: [9/20], global_step: 9740, lr: 0.000004, acc: 0.373805, norm_edit_dis: 0.861450, CTCLoss: 10.522111, NRTRLoss: 1.392373, loss: 11.905417, avg_reader_cost: 0.00277 s, avg_batch_cost: 0.46954 s, avg_samples: 95.8, ips: 204.02767 samples/s, eta: 1:47:38, max_mem_reserved: 25002 MB, max_mem_allocated: 13654 MB
[2025/11/14 19:13:42] ppocr INFO: epoch: [9/20], global_step: 9750, lr: 0.000004, acc: 0.362040, norm_edit_dis: 0.867280, CTCLoss: 9.604556, NRTRLoss: 1.390919, loss: 10.989388, avg_reader_cost: 0.00278 s, avg_batch_cost: 0.49461 s, avg_samples: 106.5, ips: 215.32136 samples/s, eta: 1:47:32, max_mem_reserved: 25002 MB, max_mem_allocated: 13654 MB
[2025/11/14 19:13:47] ppocr INFO: epoch: [9/20], global_step: 9760, lr: 0.000004, acc: 0.358823, norm_edit_dis: 0.866242, CTCLoss: 11.179384, NRTRLoss: 1.398657, loss: 12.570247, avg_reader_cost: 0.00283 s, avg_batch_cost: 0.45828 s, avg_samples: 89.6, ips: 195.51222 samples/s, eta: 1:47:26, max_mem_reserved: 25002 MB, max_mem_allocated: 13654 MB
[2025/11/14 19:13:51] ppocr INFO: epoch: [9/20], global_step: 9770, lr: 0.000004, acc: 0.434467, norm_edit_dis: 0.879926, CTCLoss: 8.729236, NRTRLoss: 1.387422, loss: 10.104669, avg_reader_cost: 0.00282 s, avg_batch_cost: 0.44677 s, avg_samples: 85.2, ips: 190.70258 samples/s, eta: 1:47:19, max_mem_reserved: 25002 MB, max_mem_allocated: 13654 MB
[2025/11/14 19:13:53] ppocr INFO: epoch: [9/20], global_step: 9774, lr: 0.000004, acc: 0.453125, norm_edit_dis: 0.882998, CTCLoss: 8.486989, NRTRLoss: 1.386878, loss: 9.866330, avg_reader_cost: 0.00110 s, avg_batch_cost: 0.16352 s, avg_samples: 27.7, ips: 169.40024 samples/s, eta: 1:47:16, max_mem_reserved: 25002 MB, max_mem_allocated: 13654 MB
[2025/11/14 19:13:56] ppocr INFO: save model in ./output/latest
[2025/11/14 19:13:57] ppocr INFO: save model in ./output/iter_epoch_9
[2025/11/14 19:14:01] ppocr INFO: epoch: [10/20], global_step: 9780, lr: 0.000004, acc: 0.450092, norm_edit_dis: 0.882998, CTCLoss: 8.486989, NRTRLoss: 1.388822, loss: 9.866330, avg_reader_cost: 0.51574 s, avg_batch_cost: 0.80041 s, avg_samples: 57.5, ips: 71.83784 samples/s, eta: 1:47:19, max_mem_reserved: 25002 MB, max_mem_allocated: 13654 MB
[2025/11/14 19:14:06] ppocr INFO: epoch: [10/20], global_step: 9790, lr: 0.000004, acc: 0.450092, norm_edit_dis: 0.877843, CTCLoss: 9.196972, NRTRLoss: 1.405171, loss: 10.610344, avg_reader_cost: 0.00317 s, avg_batch_cost: 0.47450 s, avg_samples: 95.9, ips: 202.10620 samples/s, eta: 1:47:13, max_mem_reserved: 25002 MB, max_mem_allocated: 13654 MB
[2025/11/14 19:14:10] ppocr INFO: epoch: [10/20], global_step: 9800, lr: 0.000004, acc: 0.445312, norm_edit_dis: 0.869767, CTCLoss: 8.968014, NRTRLoss: 1.400377, loss: 10.382936, avg_reader_cost: 0.00280 s, avg_batch_cost: 0.44411 s, avg_samples: 83.1, ips: 187.11429 samples/s, eta: 1:47:06, max_mem_reserved: 25002 MB, max_mem_allocated: 13654 MB
[2025/11/14 19:14:38] ppocr INFO: cur metric, acc: 0.4952999995047, norm_edit_dis: 0.8978642018958233, fps: 925.9357620232345
[2025/11/14 19:14:41] ppocr INFO: save best model is to ./output/best_accuracy
[2025/11/14 19:14:41] ppocr INFO: best metric, acc: 0.4952999995047, is_float16: False, norm_edit_dis: 0.8978642018958233, fps: 925.9357620232345, best_epoch: 10
[2025/11/14 19:14:45] ppocr INFO: epoch: [10/20], global_step: 9810, lr: 0.000004, acc: 0.437500, norm_edit_dis: 0.872404, CTCLoss: 8.962055, NRTRLoss: 1.401632, loss: 10.353395, avg_reader_cost: 0.00277 s, avg_batch_cost: 0.46351 s, avg_samples: 91.6, ips: 197.62177 samples/s, eta: 1:47:00, max_mem_reserved: 25002 MB, max_mem_allocated: 13654 MB
[2025/11/14 19:14:50] ppocr INFO: epoch: [10/20], global_step: 9820, lr: 0.000004, acc: 0.430515, norm_edit_dis: 0.871175, CTCLoss: 9.311574, NRTRLoss: 1.414019, loss: 10.719157, avg_reader_cost: 0.00323 s, avg_batch_cost: 0.46826 s, avg_samples: 91.6, ips: 195.61921 samples/s, eta: 1:46:54, max_mem_reserved: 25002 MB, max_mem_allocated: 13654 MB
[2025/11/14 19:14:55] ppocr INFO: epoch: [10/20], global_step: 9830, lr: 0.000004, acc: 0.399265, norm_edit_dis: 0.860816, CTCLoss: 9.576951, NRTRLoss: 1.418776, loss: 10.963839, avg_reader_cost: 0.00286 s, avg_batch_cost: 0.49763 s, avg_samples: 106.6, ips: 214.21546 samples/s, eta: 1:46:48, max_mem_reserved: 25002 MB, max_mem_allocated: 13654 MB
[2025/11/14 19:14:59] ppocr INFO: epoch: [10/20], global_step: 9840, lr: 0.000004, acc: 0.436397, norm_edit_dis: 0.867339, CTCLoss: 8.762815, NRTRLoss: 1.405225, loss: 10.153724, avg_reader_cost: 0.00277 s, avg_batch_cost: 0.42956 s, avg_samples: 78.8, ips: 183.44401 samples/s, eta: 1:46:41, max_mem_reserved: 25002 MB, max_mem_allocated: 13654 MB
[2025/11/14 19:15:04] ppocr INFO: epoch: [10/20], global_step: 9850, lr: 0.000004, acc: 0.437500, norm_edit_dis: 0.879020, CTCLoss: 8.166127, NRTRLoss: 1.395608, loss: 9.568776, avg_reader_cost: 0.00282 s, avg_batch_cost: 0.43579 s, avg_samples: 81.0, ips: 185.86856 samples/s, eta: 1:46:34, max_mem_reserved: 25002 MB, max_mem_allocated: 13654 MB
[2025/11/14 19:15:08] ppocr INFO: epoch: [10/20], global_step: 9860, lr: 0.000004, acc: 0.437500, norm_edit_dis: 0.875081, CTCLoss: 8.166127, NRTRLoss: 1.396585, loss: 9.568776, avg_reader_cost: 0.00284 s, avg_batch_cost: 0.46328 s, avg_samples: 93.8, ips: 202.46982 samples/s, eta: 1:46:28, max_mem_reserved: 25002 MB, max_mem_allocated: 13654 MB
[2025/11/14 19:15:13] ppocr INFO: epoch: [10/20], global_step: 9870, lr: 0.000004, acc: 0.398437, norm_edit_dis: 0.868046, CTCLoss: 9.862397, NRTRLoss: 1.417796, loss: 11.267855, avg_reader_cost: 0.00282 s, avg_batch_cost: 0.46742 s, avg_samples: 95.9, ips: 205.17037 samples/s, eta: 1:46:22, max_mem_reserved: 25002 MB, max_mem_allocated: 13654 MB
[2025/11/14 19:15:18] ppocr INFO: epoch: [10/20], global_step: 9880, lr: 0.000004, acc: 0.320312, norm_edit_dis: 0.812223, CTCLoss: 14.680184, NRTRLoss: 1.431237, loss: 16.101768, avg_reader_cost: 0.00287 s, avg_batch_cost: 0.49547 s, avg_samples: 106.6, ips: 215.14929 samples/s, eta: 1:46:16, max_mem_reserved: 25002 MB, max_mem_allocated: 13654 MB
[2025/11/14 19:15:23] ppocr INFO: epoch: [10/20], global_step: 9890, lr: 0.000004, acc: 0.273437, norm_edit_dis: 0.763545, CTCLoss: 15.310772, NRTRLoss: 1.432735, loss: 16.779572, avg_reader_cost: 0.00283 s, avg_batch_cost: 0.48073 s, avg_samples: 100.2, ips: 208.43202 samples/s, eta: 1:46:10, max_mem_reserved: 25002 MB, max_mem_allocated: 13654 MB
[2025/11/14 19:15:27] ppocr INFO: epoch: [10/20], global_step: 9900, lr: 0.000004, acc: 0.364706, norm_edit_dis: 0.852833, CTCLoss: 9.400492, NRTRLoss: 1.415486, loss: 10.790980, avg_reader_cost: 0.00286 s, avg_batch_cost: 0.46204 s, avg_samples: 91.6, ips: 198.25106 samples/s, eta: 1:46:04, max_mem_reserved: 25002 MB, max_mem_allocated: 13654 MB
[2025/11/14 19:15:56] ppocr INFO: cur metric, acc: 0.4910999995089, norm_edit_dis: 0.8957170801675052, fps: 919.6066000253805
[2025/11/14 19:15:56] ppocr INFO: best metric, acc: 0.4952999995047, is_float16: False, norm_edit_dis: 0.8978642018958233, fps: 925.9357620232345, best_epoch: 10
[2025/11/14 19:16:01] ppocr INFO: epoch: [10/20], global_step: 9910, lr: 0.000004, acc: 0.428585, norm_edit_dis: 0.878672, CTCLoss: 9.142340, NRTRLoss: 1.390563, loss: 10.525271, avg_reader_cost: 0.00295 s, avg_batch_cost: 0.47890 s, avg_samples: 93.7, ips: 195.65618 samples/s, eta: 1:45:57, max_mem_reserved: 25002 MB, max_mem_allocated: 13654 MB
[2025/11/14 19:16:05] ppocr INFO: epoch: [10/20], global_step: 9920, lr: 0.000004, acc: 0.447059, norm_edit_dis: 0.878388, CTCLoss: 9.016499, NRTRLoss: 1.390563, loss: 10.409712, avg_reader_cost: 0.00289 s, avg_batch_cost: 0.45437 s, avg_samples: 89.4, ips: 196.75426 samples/s, eta: 1:45:51, max_mem_reserved: 25002 MB, max_mem_allocated: 13654 MB
[2025/11/14 19:16:10] ppocr INFO: epoch: [10/20], global_step: 9930, lr: 0.000004, acc: 0.447059, norm_edit_dis: 0.874789, CTCLoss: 8.434869, NRTRLoss: 1.386089, loss: 9.815542, avg_reader_cost: 0.00289 s, avg_batch_cost: 0.43200 s, avg_samples: 78.8, ips: 182.40951 samples/s, eta: 1:45:44, max_mem_reserved: 25002 MB, max_mem_allocated: 13654 MB
[2025/11/14 19:16:14] ppocr INFO: epoch: [10/20], global_step: 9940, lr: 0.000004, acc: 0.450092, norm_edit_dis: 0.873355, CTCLoss: 8.282049, NRTRLoss: 1.392461, loss: 9.659935, avg_reader_cost: 0.00291 s, avg_batch_cost: 0.46885 s, avg_samples: 95.8, ips: 204.33110 samples/s, eta: 1:45:38, max_mem_reserved: 25002 MB, max_mem_allocated: 13654 MB
[2025/11/14 19:16:19] ppocr INFO: epoch: [10/20], global_step: 9950, lr: 0.000004, acc: 0.405055, norm_edit_dis: 0.872477, CTCLoss: 8.941072, NRTRLoss: 1.394590, loss: 10.339854, avg_reader_cost: 0.00292 s, avg_batch_cost: 0.44083 s, avg_samples: 83.1, ips: 188.50772 samples/s, eta: 1:45:32, max_mem_reserved: 25002 MB, max_mem_allocated: 13654 MB
[2025/11/14 19:16:24] ppocr INFO: epoch: [10/20], global_step: 9960, lr: 0.000004, acc: 0.382353, norm_edit_dis: 0.868758, CTCLoss: 9.559947, NRTRLoss: 1.395456, loss: 10.937793, avg_reader_cost: 0.00291 s, avg_batch_cost: 0.49626 s, avg_samples: 106.6, ips: 214.80674 samples/s, eta: 1:45:26, max_mem_reserved: 25002 MB, max_mem_allocated: 13654 MB
[2025/11/14 19:16:28] ppocr INFO: epoch: [10/20], global_step: 9970, lr: 0.000004, acc: 0.390625, norm_edit_dis: 0.852740, CTCLoss: 10.733686, NRTRLoss: 1.408668, loss: 12.131261, avg_reader_cost: 0.00293 s, avg_batch_cost: 0.45009 s, avg_samples: 87.4, ips: 194.18217 samples/s, eta: 1:45:19, max_mem_reserved: 25002 MB, max_mem_allocated: 13654 MB
[2025/11/14 19:16:33] ppocr INFO: epoch: [10/20], global_step: 9980, lr: 0.000004, acc: 0.367187, norm_edit_dis: 0.852740, CTCLoss: 10.733686, NRTRLoss: 1.413316, loss: 12.131261, avg_reader_cost: 0.00289 s, avg_batch_cost: 0.48831 s, avg_samples: 102.4, ips: 209.70342 samples/s, eta: 1:45:13, max_mem_reserved: 25002 MB, max_mem_allocated: 13654 MB
[2025/11/14 19:16:38] ppocr INFO: epoch: [10/20], global_step: 9990, lr: 0.000004, acc: 0.354228, norm_edit_dis: 0.869073, CTCLoss: 9.362422, NRTRLoss: 1.407269, loss: 10.754333, avg_reader_cost: 0.00289 s, avg_batch_cost: 0.45143 s, avg_samples: 89.4, ips: 198.03707 samples/s, eta: 1:45:07, max_mem_reserved: 25002 MB, max_mem_allocated: 13654 MB
[2025/11/14 19:16:42] ppocr INFO: epoch: [10/20], global_step: 10000, lr: 0.000004, acc: 0.441176, norm_edit_dis: 0.876060, CTCLoss: 9.084332, NRTRLoss: 1.405596, loss: 10.466913, avg_reader_cost: 0.00290 s, avg_batch_cost: 0.46016 s, avg_samples: 91.6, ips: 199.06007 samples/s, eta: 1:45:01, max_mem_reserved: 25002 MB, max_mem_allocated: 13654 MB
[2025/11/14 19:17:11] ppocr INFO: cur metric, acc: 0.4993999995006, norm_edit_dis: 0.9007633965096365, fps: 918.9956793243413
[2025/11/14 19:17:14] ppocr INFO: save best model is to ./output/best_accuracy
[2025/11/14 19:17:14] ppocr INFO: best metric, acc: 0.4993999995006, is_float16: False, norm_edit_dis: 0.9007633965096365, fps: 918.9956793243413, best_epoch: 10
[2025/11/14 19:17:18] ppocr INFO: epoch: [10/20], global_step: 10010, lr: 0.000004, acc: 0.435294, norm_edit_dis: 0.875131, CTCLoss: 9.454742, NRTRLoss: 1.405526, loss: 10.882082, avg_reader_cost: 0.00291 s, avg_batch_cost: 0.44421 s, avg_samples: 85.2, ips: 191.80258 samples/s, eta: 1:44:54, max_mem_reserved: 25002 MB, max_mem_allocated: 13654 MB
[2025/11/14 19:17:23] ppocr INFO: epoch: [10/20], global_step: 10020, lr: 0.000004, acc: 0.429412, norm_edit_dis: 0.857753, CTCLoss: 9.052685, NRTRLoss: 1.403476, loss: 10.479070, avg_reader_cost: 0.00285 s, avg_batch_cost: 0.46510 s, avg_samples: 93.8, ips: 201.67723 samples/s, eta: 1:44:48, max_mem_reserved: 25002 MB, max_mem_allocated: 13654 MB
[2025/11/14 19:17:27] ppocr INFO: epoch: [10/20], global_step: 10030, lr: 0.000004, acc: 0.442279, norm_edit_dis: 0.872623, CTCLoss: 8.782162, NRTRLoss: 1.394218, loss: 10.162363, avg_reader_cost: 0.00334 s, avg_batch_cost: 0.44492 s, avg_samples: 85.2, ips: 191.49601 samples/s, eta: 1:44:42, max_mem_reserved: 25002 MB, max_mem_allocated: 13654 MB
[2025/11/14 19:17:32] ppocr INFO: epoch: [10/20], global_step: 10040, lr: 0.000004, acc: 0.452941, norm_edit_dis: 0.876124, CTCLoss: 8.448902, NRTRLoss: 1.378334, loss: 9.814911, avg_reader_cost: 0.00283 s, avg_batch_cost: 0.43148 s, avg_samples: 78.9, ips: 182.86093 samples/s, eta: 1:44:35, max_mem_reserved: 25002 MB, max_mem_allocated: 13654 MB
[2025/11/14 19:17:36] ppocr INFO: epoch: [10/20], global_step: 10050, lr: 0.000004, acc: 0.411765, norm_edit_dis: 0.872885, CTCLoss: 8.695420, NRTRLoss: 1.394667, loss: 10.106719, avg_reader_cost: 0.00282 s, avg_batch_cost: 0.46337 s, avg_samples: 93.7, ips: 202.21505 samples/s, eta: 1:44:29, max_mem_reserved: 25002 MB, max_mem_allocated: 13654 MB
[2025/11/14 19:17:41] ppocr INFO: epoch: [10/20], global_step: 10060, lr: 0.000004, acc: 0.424632, norm_edit_dis: 0.872269, CTCLoss: 8.980395, NRTRLoss: 1.408542, loss: 10.362442, avg_reader_cost: 0.00280 s, avg_batch_cost: 0.44183 s, avg_samples: 83.2, ips: 188.30785 samples/s, eta: 1:44:22, max_mem_reserved: 25002 MB, max_mem_allocated: 13654 MB
[2025/11/14 19:17:45] ppocr INFO: epoch: [10/20], global_step: 10070, lr: 0.000004, acc: 0.454044, norm_edit_dis: 0.875386, CTCLoss: 8.980395, NRTRLoss: 1.410909, loss: 10.378499, avg_reader_cost: 0.00282 s, avg_batch_cost: 0.45230 s, avg_samples: 87.4, ips: 193.23362 samples/s, eta: 1:44:16, max_mem_reserved: 25002 MB, max_mem_allocated: 13654 MB
[2025/11/14 19:17:50] ppocr INFO: epoch: [10/20], global_step: 10080, lr: 0.000004, acc: 0.464706, norm_edit_dis: 0.872364, CTCLoss: 9.289884, NRTRLoss: 1.410909, loss: 10.759443, avg_reader_cost: 0.00282 s, avg_batch_cost: 0.48454 s, avg_samples: 102.3, ips: 211.12725 samples/s, eta: 1:44:10, max_mem_reserved: 25002 MB, max_mem_allocated: 13654 MB
[2025/11/14 19:17:54] ppocr INFO: epoch: [10/20], global_step: 10090, lr: 0.000004, acc: 0.421875, norm_edit_dis: 0.871476, CTCLoss: 7.799781, NRTRLoss: 1.397256, loss: 9.231050, avg_reader_cost: 0.00281 s, avg_batch_cost: 0.44051 s, avg_samples: 83.1, ips: 188.64420 samples/s, eta: 1:44:03, max_mem_reserved: 25002 MB, max_mem_allocated: 13654 MB
[2025/11/14 19:17:59] ppocr INFO: epoch: [10/20], global_step: 10100, lr: 0.000004, acc: 0.424632, norm_edit_dis: 0.873459, CTCLoss: 8.173390, NRTRLoss: 1.397256, loss: 9.596526, avg_reader_cost: 0.00278 s, avg_batch_cost: 0.46457 s, avg_samples: 93.8, ips: 201.90678 samples/s, eta: 1:43:57, max_mem_reserved: 25002 MB, max_mem_allocated: 13654 MB
[2025/11/14 19:18:27] ppocr INFO: cur metric, acc: 0.4978999995021, norm_edit_dis: 0.8997748514695406, fps: 925.8122127588292
[2025/11/14 19:18:27] ppocr INFO: best metric, acc: 0.4993999995006, is_float16: False, norm_edit_dis: 0.9007633965096365, fps: 918.9956793243413, best_epoch: 10
[2025/11/14 19:18:32] ppocr INFO: epoch: [10/20], global_step: 10110, lr: 0.000004, acc: 0.436397, norm_edit_dis: 0.878684, CTCLoss: 8.911901, NRTRLoss: 1.393158, loss: 10.296488, avg_reader_cost: 0.00292 s, avg_batch_cost: 0.46330 s, avg_samples: 87.3, ips: 188.43124 samples/s, eta: 1:43:51, max_mem_reserved: 25002 MB, max_mem_allocated: 13654 MB
[2025/11/14 19:18:36] ppocr INFO: epoch: [10/20], global_step: 10120, lr: 0.000004, acc: 0.435294, norm_edit_dis: 0.883906, CTCLoss: 8.911901, NRTRLoss: 1.385067, loss: 10.296488, avg_reader_cost: 0.00283 s, avg_batch_cost: 0.42576 s, avg_samples: 74.6, ips: 175.21803 samples/s, eta: 1:43:44, max_mem_reserved: 25002 MB, max_mem_allocated: 13654 MB
[2025/11/14 19:18:41] ppocr INFO: epoch: [10/20], global_step: 10130, lr: 0.000004, acc: 0.445312, norm_edit_dis: 0.882835, CTCLoss: 8.645304, NRTRLoss: 1.388783, loss: 10.020412, avg_reader_cost: 0.00283 s, avg_batch_cost: 0.45383 s, avg_samples: 87.4, ips: 192.58460 samples/s, eta: 1:43:38, max_mem_reserved: 25002 MB, max_mem_allocated: 13654 MB
[2025/11/14 19:18:46] ppocr INFO: epoch: [10/20], global_step: 10140, lr: 0.000004, acc: 0.340579, norm_edit_dis: 0.811501, CTCLoss: 12.268949, NRTRLoss: 1.416332, loss: 13.686766, avg_reader_cost: 0.00285 s, avg_batch_cost: 0.52126 s, avg_samples: 115.1, ips: 220.81146 samples/s, eta: 1:43:33, max_mem_reserved: 25002 MB, max_mem_allocated: 13654 MB
[2025/11/14 19:18:51] ppocr INFO: epoch: [10/20], global_step: 10150, lr: 0.000004, acc: 0.300781, norm_edit_dis: 0.768889, CTCLoss: 15.883710, NRTRLoss: 1.440557, loss: 17.326188, avg_reader_cost: 0.00282 s, avg_batch_cost: 0.49805 s, avg_samples: 106.5, ips: 213.83203 samples/s, eta: 1:43:27, max_mem_reserved: 25002 MB, max_mem_allocated: 13654 MB
[2025/11/14 19:18:56] ppocr INFO: epoch: [10/20], global_step: 10160, lr: 0.000004, acc: 0.417647, norm_edit_dis: 0.854844, CTCLoss: 9.439208, NRTRLoss: 1.416757, loss: 10.879838, avg_reader_cost: 0.00347 s, avg_batch_cost: 0.48450 s, avg_samples: 93.7, ips: 193.39595 samples/s, eta: 1:43:21, max_mem_reserved: 25002 MB, max_mem_allocated: 13654 MB
[2025/11/14 19:19:00] ppocr INFO: epoch: [10/20], global_step: 10170, lr: 0.000004, acc: 0.453125, norm_edit_dis: 0.880151, CTCLoss: 8.518437, NRTRLoss: 1.402466, loss: 9.915386, avg_reader_cost: 0.00275 s, avg_batch_cost: 0.44413 s, avg_samples: 81.0, ips: 182.37706 samples/s, eta: 1:43:14, max_mem_reserved: 25002 MB, max_mem_allocated: 13654 MB
[2025/11/14 19:19:05] ppocr INFO: epoch: [10/20], global_step: 10180, lr: 0.000004, acc: 0.457904, norm_edit_dis: 0.874519, CTCLoss: 8.525204, NRTRLoss: 1.398485, loss: 9.927670, avg_reader_cost: 0.00278 s, avg_batch_cost: 0.48230 s, avg_samples: 100.2, ips: 207.75497 samples/s, eta: 1:43:08, max_mem_reserved: 25002 MB, max_mem_allocated: 13654 MB
[2025/11/14 19:19:10] ppocr INFO: epoch: [10/20], global_step: 10190, lr: 0.000004, acc: 0.316406, norm_edit_dis: 0.772791, CTCLoss: 14.370497, NRTRLoss: 1.424962, loss: 15.821866, avg_reader_cost: 0.00282 s, avg_batch_cost: 0.49824 s, avg_samples: 108.7, ips: 218.16685 samples/s, eta: 1:43:03, max_mem_reserved: 25002 MB, max_mem_allocated: 13654 MB
[2025/11/14 19:19:15] ppocr INFO: epoch: [10/20], global_step: 10200, lr: 0.000004, acc: 0.308594, norm_edit_dis: 0.767985, CTCLoss: 14.370497, NRTRLoss: 1.425928, loss: 15.821866, avg_reader_cost: 0.00285 s, avg_batch_cost: 0.48328 s, avg_samples: 102.3, ips: 211.67891 samples/s, eta: 1:42:57, max_mem_reserved: 25002 MB, max_mem_allocated: 13654 MB
[2025/11/14 19:19:44] ppocr INFO: cur metric, acc: 0.4762999995237, norm_edit_dis: 0.8914518694372885, fps: 919.3790621049247
[2025/11/14 19:19:44] ppocr INFO: best metric, acc: 0.4993999995006, is_float16: False, norm_edit_dis: 0.9007633965096365, fps: 918.9956793243413, best_epoch: 10
[2025/11/14 19:19:48] ppocr INFO: epoch: [10/20], global_step: 10210, lr: 0.000004, acc: 0.422702, norm_edit_dis: 0.867014, CTCLoss: 9.517643, NRTRLoss: 1.414674, loss: 10.905139, avg_reader_cost: 0.00348 s, avg_batch_cost: 0.46372 s, avg_samples: 91.6, ips: 197.53150 samples/s, eta: 1:42:50, max_mem_reserved: 25002 MB, max_mem_allocated: 13654 MB
[2025/11/14 19:19:53] ppocr INFO: epoch: [10/20], global_step: 10220, lr: 0.000004, acc: 0.455974, norm_edit_dis: 0.870871, CTCLoss: 8.992239, NRTRLoss: 1.401869, loss: 10.376289, avg_reader_cost: 0.00288 s, avg_batch_cost: 0.47213 s, avg_samples: 95.9, ips: 203.12398 samples/s, eta: 1:42:44, max_mem_reserved: 25002 MB, max_mem_allocated: 13654 MB
[2025/11/14 19:19:58] ppocr INFO: epoch: [10/20], global_step: 10230, lr: 0.000004, acc: 0.470588, norm_edit_dis: 0.874947, CTCLoss: 8.746242, NRTRLoss: 1.389344, loss: 10.142260, avg_reader_cost: 0.00290 s, avg_batch_cost: 0.44267 s, avg_samples: 83.1, ips: 187.72383 samples/s, eta: 1:42:38, max_mem_reserved: 25002 MB, max_mem_allocated: 13654 MB
[2025/11/14 19:20:03] ppocr INFO: epoch: [10/20], global_step: 10240, lr: 0.000004, acc: 0.390625, norm_edit_dis: 0.872892, CTCLoss: 8.900918, NRTRLoss: 1.393508, loss: 10.297261, avg_reader_cost: 0.00292 s, avg_batch_cost: 0.51075 s, avg_samples: 100.2, ips: 196.18390 samples/s, eta: 1:42:32, max_mem_reserved: 25002 MB, max_mem_allocated: 13654 MB
[2025/11/14 19:20:08] ppocr INFO: epoch: [10/20], global_step: 10250, lr: 0.000004, acc: 0.356158, norm_edit_dis: 0.867987, CTCLoss: 10.599047, NRTRLoss: 1.408695, loss: 11.999388, avg_reader_cost: 0.00286 s, avg_batch_cost: 0.48603 s, avg_samples: 93.7, ips: 192.78634 samples/s, eta: 1:42:26, max_mem_reserved: 25002 MB, max_mem_allocated: 13654 MB
[2025/11/14 19:20:12] ppocr INFO: epoch: [10/20], global_step: 10260, lr: 0.000004, acc: 0.379687, norm_edit_dis: 0.866497, CTCLoss: 9.669170, NRTRLoss: 1.405530, loss: 11.060530, avg_reader_cost: 0.00282 s, avg_batch_cost: 0.47836 s, avg_samples: 98.0, ips: 204.86680 samples/s, eta: 1:42:20, max_mem_reserved: 25002 MB, max_mem_allocated: 13654 MB
[2025/11/14 19:20:17] ppocr INFO: epoch: [10/20], global_step: 10270, lr: 0.000004, acc: 0.379687, norm_edit_dis: 0.861522, CTCLoss: 11.228468, NRTRLoss: 1.416577, loss: 12.638644, avg_reader_cost: 0.00284 s, avg_batch_cost: 0.49618 s, avg_samples: 104.4, ips: 210.40850 samples/s, eta: 1:42:15, max_mem_reserved: 25002 MB, max_mem_allocated: 13654 MB
[2025/11/14 19:20:22] ppocr INFO: epoch: [10/20], global_step: 10280, lr: 0.000004, acc: 0.381526, norm_edit_dis: 0.869959, CTCLoss: 11.126624, NRTRLoss: 1.410259, loss: 12.534312, avg_reader_cost: 0.00334 s, avg_batch_cost: 0.48633 s, avg_samples: 100.1, ips: 205.82826 samples/s, eta: 1:42:09, max_mem_reserved: 25002 MB, max_mem_allocated: 13654 MB
[2025/11/14 19:20:27] ppocr INFO: epoch: [10/20], global_step: 10290, lr: 0.000004, acc: 0.422702, norm_edit_dis: 0.878059, CTCLoss: 8.957886, NRTRLoss: 1.401905, loss: 10.345045, avg_reader_cost: 0.00288 s, avg_batch_cost: 0.46840 s, avg_samples: 93.7, ips: 200.04121 samples/s, eta: 1:42:03, max_mem_reserved: 25002 MB, max_mem_allocated: 13654 MB
[2025/11/14 19:20:32] ppocr INFO: epoch: [10/20], global_step: 10300, lr: 0.000004, acc: 0.423529, norm_edit_dis: 0.867266, CTCLoss: 8.397926, NRTRLoss: 1.387677, loss: 9.776234, avg_reader_cost: 0.00327 s, avg_batch_cost: 0.48147 s, avg_samples: 98.1, ips: 203.75191 samples/s, eta: 1:41:57, max_mem_reserved: 25002 MB, max_mem_allocated: 13654 MB
[2025/11/14 19:21:00] ppocr INFO: cur metric, acc: 0.4882999995117, norm_edit_dis: 0.8962611547506878, fps: 921.3770631918902
[2025/11/14 19:21:00] ppocr INFO: best metric, acc: 0.4993999995006, is_float16: False, norm_edit_dis: 0.9007633965096365, fps: 918.9956793243413, best_epoch: 10
[2025/11/14 19:21:05] ppocr INFO: epoch: [10/20], global_step: 10310, lr: 0.000004, acc: 0.448162, norm_edit_dis: 0.870770, CTCLoss: 8.137386, NRTRLoss: 1.415128, loss: 9.534043, avg_reader_cost: 0.00300 s, avg_batch_cost: 0.46524 s, avg_samples: 91.6, ips: 196.88680 samples/s, eta: 1:41:51, max_mem_reserved: 25002 MB, max_mem_allocated: 13654 MB
[2025/11/14 19:21:09] ppocr INFO: epoch: [10/20], global_step: 10320, lr: 0.000004, acc: 0.489246, norm_edit_dis: 0.896277, CTCLoss: 8.043674, NRTRLoss: 1.394666, loss: 9.424964, avg_reader_cost: 0.00285 s, avg_batch_cost: 0.45827 s, avg_samples: 89.4, ips: 195.08185 samples/s, eta: 1:41:44, max_mem_reserved: 25002 MB, max_mem_allocated: 13654 MB
[2025/11/14 19:21:14] ppocr INFO: epoch: [10/20], global_step: 10330, lr: 0.000004, acc: 0.470588, norm_edit_dis: 0.895468, CTCLoss: 8.717361, NRTRLoss: 1.387107, loss: 10.091490, avg_reader_cost: 0.00285 s, avg_batch_cost: 0.47737 s, avg_samples: 98.0, ips: 205.29186 samples/s, eta: 1:41:38, max_mem_reserved: 25002 MB, max_mem_allocated: 13654 MB
[2025/11/14 19:21:19] ppocr INFO: epoch: [10/20], global_step: 10340, lr: 0.000004, acc: 0.422702, norm_edit_dis: 0.883115, CTCLoss: 8.033759, NRTRLoss: 1.388107, loss: 9.426075, avg_reader_cost: 0.00285 s, avg_batch_cost: 0.48381 s, avg_samples: 89.5, ips: 184.99108 samples/s, eta: 1:41:32, max_mem_reserved: 25002 MB, max_mem_allocated: 13654 MB
[2025/11/14 19:21:23] ppocr INFO: epoch: [10/20], global_step: 10350, lr: 0.000004, acc: 0.421875, norm_edit_dis: 0.878307, CTCLoss: 8.003506, NRTRLoss: 1.393317, loss: 9.416316, avg_reader_cost: 0.00280 s, avg_batch_cost: 0.46748 s, avg_samples: 93.8, ips: 200.64897 samples/s, eta: 1:41:26, max_mem_reserved: 25002 MB, max_mem_allocated: 13654 MB
[2025/11/14 19:21:28] ppocr INFO: epoch: [10/20], global_step: 10360, lr: 0.000004, acc: 0.409007, norm_edit_dis: 0.863134, CTCLoss: 9.535970, NRTRLoss: 1.419733, loss: 10.941536, avg_reader_cost: 0.00283 s, avg_batch_cost: 0.48077 s, avg_samples: 93.7, ips: 194.89513 samples/s, eta: 1:41:20, max_mem_reserved: 25002 MB, max_mem_allocated: 13654 MB
[2025/11/14 19:21:33] ppocr INFO: epoch: [10/20], global_step: 10370, lr: 0.000004, acc: 0.367831, norm_edit_dis: 0.852769, CTCLoss: 10.084339, NRTRLoss: 1.435446, loss: 11.488195, avg_reader_cost: 0.00286 s, avg_batch_cost: 0.49900 s, avg_samples: 106.6, ips: 213.62922 samples/s, eta: 1:41:15, max_mem_reserved: 25002 MB, max_mem_allocated: 13654 MB
[2025/11/14 19:21:38] ppocr INFO: epoch: [10/20], global_step: 10380, lr: 0.000004, acc: 0.445312, norm_edit_dis: 0.874488, CTCLoss: 9.313648, NRTRLoss: 1.402179, loss: 10.716636, avg_reader_cost: 0.00281 s, avg_batch_cost: 0.42539 s, avg_samples: 74.6, ips: 175.36803 samples/s, eta: 1:41:08, max_mem_reserved: 25002 MB, max_mem_allocated: 13654 MB
[2025/11/14 19:21:42] ppocr INFO: epoch: [10/20], global_step: 10390, lr: 0.000004, acc: 0.476471, norm_edit_dis: 0.883656, CTCLoss: 7.701823, NRTRLoss: 1.387686, loss: 9.092955, avg_reader_cost: 0.00281 s, avg_batch_cost: 0.44891 s, avg_samples: 85.2, ips: 189.79286 samples/s, eta: 1:41:02, max_mem_reserved: 25002 MB, max_mem_allocated: 13654 MB
[2025/11/14 19:21:47] ppocr INFO: epoch: [10/20], global_step: 10400, lr: 0.000004, acc: 0.482353, norm_edit_dis: 0.886123, CTCLoss: 7.813127, NRTRLoss: 1.391602, loss: 9.190838, avg_reader_cost: 0.00284 s, avg_batch_cost: 0.49086 s, avg_samples: 102.3, ips: 208.41010 samples/s, eta: 1:40:56, max_mem_reserved: 25002 MB, max_mem_allocated: 13654 MB
[2025/11/14 19:22:16] ppocr INFO: cur metric, acc: 0.5053999994946, norm_edit_dis: 0.9015507108556781, fps: 921.8188149407692
[2025/11/14 19:22:18] ppocr INFO: save best model is to ./output/best_accuracy
[2025/11/14 19:22:18] ppocr INFO: best metric, acc: 0.5053999994946, is_float16: False, norm_edit_dis: 0.9015507108556781, fps: 921.8188149407692, best_epoch: 10
[2025/11/14 19:22:23] ppocr INFO: epoch: [10/20], global_step: 10410, lr: 0.000004, acc: 0.378906, norm_edit_dis: 0.833421, CTCLoss: 11.109030, NRTRLoss: 1.426283, loss: 12.536949, avg_reader_cost: 0.00285 s, avg_batch_cost: 0.48580 s, avg_samples: 98.1, ips: 201.93437 samples/s, eta: 1:40:50, max_mem_reserved: 25002 MB, max_mem_allocated: 13654 MB
[2025/11/14 19:22:28] ppocr INFO: epoch: [10/20], global_step: 10420, lr: 0.000004, acc: 0.421875, norm_edit_dis: 0.874400, CTCLoss: 10.325483, NRTRLoss: 1.426283, loss: 11.746975, avg_reader_cost: 0.00282 s, avg_batch_cost: 0.47871 s, avg_samples: 100.1, ips: 209.10300 samples/s, eta: 1:40:44, max_mem_reserved: 25002 MB, max_mem_allocated: 13654 MB
[2025/11/14 19:22:33] ppocr INFO: epoch: [10/20], global_step: 10430, lr: 0.000004, acc: 0.435294, norm_edit_dis: 0.877181, CTCLoss: 9.430541, NRTRLoss: 1.397816, loss: 10.820701, avg_reader_cost: 0.00282 s, avg_batch_cost: 0.46458 s, avg_samples: 93.7, ips: 201.68916 samples/s, eta: 1:40:38, max_mem_reserved: 25002 MB, max_mem_allocated: 13654 MB
[2025/11/14 19:22:37] ppocr INFO: epoch: [10/20], global_step: 10440, lr: 0.000004, acc: 0.464706, norm_edit_dis: 0.889400, CTCLoss: 7.658035, NRTRLoss: 1.384784, loss: 9.040940, avg_reader_cost: 0.00283 s, avg_batch_cost: 0.42030 s, avg_samples: 74.5, ips: 177.25563 samples/s, eta: 1:40:31, max_mem_reserved: 25002 MB, max_mem_allocated: 13654 MB
[2025/11/14 19:22:42] ppocr INFO: epoch: [10/20], global_step: 10450, lr: 0.000004, acc: 0.458823, norm_edit_dis: 0.885155, CTCLoss: 8.039311, NRTRLoss: 1.386374, loss: 9.446807, avg_reader_cost: 0.00280 s, avg_batch_cost: 0.48025 s, avg_samples: 98.1, ips: 204.26721 samples/s, eta: 1:40:25, max_mem_reserved: 25002 MB, max_mem_allocated: 13654 MB
[2025/11/14 19:22:46] ppocr INFO: epoch: [10/20], global_step: 10460, lr: 0.000004, acc: 0.412960, norm_edit_dis: 0.860868, CTCLoss: 8.300203, NRTRLoss: 1.412869, loss: 9.675042, avg_reader_cost: 0.00283 s, avg_batch_cost: 0.45093 s, avg_samples: 87.3, ips: 193.59800 samples/s, eta: 1:40:19, max_mem_reserved: 25002 MB, max_mem_allocated: 13654 MB
[2025/11/14 19:22:51] ppocr INFO: epoch: [10/20], global_step: 10470, lr: 0.000004, acc: 0.429412, norm_edit_dis: 0.871733, CTCLoss: 8.584144, NRTRLoss: 1.399020, loss: 9.953629, avg_reader_cost: 0.00278 s, avg_batch_cost: 0.45314 s, avg_samples: 87.3, ips: 192.65697 samples/s, eta: 1:40:13, max_mem_reserved: 25002 MB, max_mem_allocated: 13654 MB
[2025/11/14 19:22:56] ppocr INFO: epoch: [10/20], global_step: 10480, lr: 0.000004, acc: 0.417647, norm_edit_dis: 0.868224, CTCLoss: 8.917151, NRTRLoss: 1.405979, loss: 10.307326, avg_reader_cost: 0.00287 s, avg_batch_cost: 0.50582 s, avg_samples: 95.9, ips: 189.59261 samples/s, eta: 1:40:07, max_mem_reserved: 25002 MB, max_mem_allocated: 13654 MB
[2025/11/14 19:23:00] ppocr INFO: epoch: [10/20], global_step: 10490, lr: 0.000004, acc: 0.457904, norm_edit_dis: 0.876188, CTCLoss: 8.348207, NRTRLoss: 1.401008, loss: 9.742591, avg_reader_cost: 0.00338 s, avg_batch_cost: 0.45367 s, avg_samples: 87.3, ips: 192.42928 samples/s, eta: 1:40:01, max_mem_reserved: 25002 MB, max_mem_allocated: 13654 MB
[2025/11/14 19:23:05] ppocr INFO: epoch: [10/20], global_step: 10500, lr: 0.000004, acc: 0.469669, norm_edit_dis: 0.887739, CTCLoss: 7.905004, NRTRLoss: 1.387356, loss: 9.292360, avg_reader_cost: 0.00282 s, avg_batch_cost: 0.43366 s, avg_samples: 80.9, ips: 186.55106 samples/s, eta: 1:39:55, max_mem_reserved: 25002 MB, max_mem_allocated: 13654 MB
[2025/11/14 19:23:34] ppocr INFO: cur metric, acc: 0.517999999482, norm_edit_dis: 0.9059824575023643, fps: 922.9738023390431
[2025/11/14 19:23:37] ppocr INFO: save best model is to ./output/best_accuracy
[2025/11/14 19:23:37] ppocr INFO: best metric, acc: 0.517999999482, is_float16: False, norm_edit_dis: 0.9059824575023643, fps: 922.9738023390431, best_epoch: 10
[2025/11/14 19:23:41] ppocr INFO: epoch: [10/20], global_step: 10510, lr: 0.000004, acc: 0.444209, norm_edit_dis: 0.887118, CTCLoss: 7.477706, NRTRLoss: 1.377787, loss: 8.865504, avg_reader_cost: 0.00292 s, avg_batch_cost: 0.42258 s, avg_samples: 76.7, ips: 181.50484 samples/s, eta: 1:39:48, max_mem_reserved: 25002 MB, max_mem_allocated: 13654 MB
[2025/11/14 19:23:45] ppocr INFO: epoch: [10/20], global_step: 10520, lr: 0.000004, acc: 0.435294, norm_edit_dis: 0.883258, CTCLoss: 8.558020, NRTRLoss: 1.392177, loss: 9.939477, avg_reader_cost: 0.00284 s, avg_batch_cost: 0.45091 s, avg_samples: 89.5, ips: 198.48619 samples/s, eta: 1:39:42, max_mem_reserved: 25002 MB, max_mem_allocated: 13654 MB
[2025/11/14 19:23:50] ppocr INFO: epoch: [10/20], global_step: 10530, lr: 0.000004, acc: 0.395312, norm_edit_dis: 0.861712, CTCLoss: 8.894608, NRTRLoss: 1.401602, loss: 10.293595, avg_reader_cost: 0.00286 s, avg_batch_cost: 0.45823 s, avg_samples: 91.7, ips: 200.11598 samples/s, eta: 1:39:36, max_mem_reserved: 25002 MB, max_mem_allocated: 13654 MB
[2025/11/14 19:23:55] ppocr INFO: epoch: [10/20], global_step: 10540, lr: 0.000004, acc: 0.411765, norm_edit_dis: 0.870899, CTCLoss: 9.425320, NRTRLoss: 1.401376, loss: 10.822488, avg_reader_cost: 0.00286 s, avg_batch_cost: 0.47414 s, avg_samples: 100.1, ips: 211.12065 samples/s, eta: 1:39:30, max_mem_reserved: 25002 MB, max_mem_allocated: 13654 MB
[2025/11/14 19:23:59] ppocr INFO: epoch: [10/20], global_step: 10550, lr: 0.000004, acc: 0.447059, norm_edit_dis: 0.873585, CTCLoss: 8.142957, NRTRLoss: 1.398222, loss: 9.535277, avg_reader_cost: 0.00287 s, avg_batch_cost: 0.46166 s, avg_samples: 93.8, ips: 203.17876 samples/s, eta: 1:39:24, max_mem_reserved: 25002 MB, max_mem_allocated: 13654 MB
[2025/11/14 19:24:04] ppocr INFO: epoch: [10/20], global_step: 10560, lr: 0.000004, acc: 0.383686, norm_edit_dis: 0.827748, CTCLoss: 10.691806, NRTRLoss: 1.416427, loss: 12.127920, avg_reader_cost: 0.00290 s, avg_batch_cost: 0.49259 s, avg_samples: 106.6, ips: 216.40885 samples/s, eta: 1:39:18, max_mem_reserved: 25002 MB, max_mem_allocated: 13654 MB
[2025/11/14 19:24:09] ppocr INFO: epoch: [10/20], global_step: 10570, lr: 0.000004, acc: 0.328125, norm_edit_dis: 0.779364, CTCLoss: 14.507513, NRTRLoss: 1.436387, loss: 15.981980, avg_reader_cost: 0.00289 s, avg_batch_cost: 0.48608 s, avg_samples: 104.4, ips: 214.77798 samples/s, eta: 1:39:12, max_mem_reserved: 25002 MB, max_mem_allocated: 13654 MB
[2025/11/14 19:24:13] ppocr INFO: epoch: [10/20], global_step: 10580, lr: 0.000004, acc: 0.470588, norm_edit_dis: 0.888877, CTCLoss: 8.529820, NRTRLoss: 1.392003, loss: 9.929811, avg_reader_cost: 0.00290 s, avg_batch_cost: 0.43837 s, avg_samples: 83.0, ips: 189.33718 samples/s, eta: 1:39:06, max_mem_reserved: 25002 MB, max_mem_allocated: 13654 MB
[2025/11/14 19:24:18] ppocr INFO: epoch: [10/20], global_step: 10590, lr: 0.000004, acc: 0.476471, norm_edit_dis: 0.893228, CTCLoss: 8.065545, NRTRLoss: 1.387334, loss: 9.447437, avg_reader_cost: 0.00290 s, avg_batch_cost: 0.45591 s, avg_samples: 91.5, ips: 200.69965 samples/s, eta: 1:39:00, max_mem_reserved: 25002 MB, max_mem_allocated: 13654 MB
[2025/11/14 19:24:23] ppocr INFO: epoch: [10/20], global_step: 10600, lr: 0.000004, acc: 0.442279, norm_edit_dis: 0.881898, CTCLoss: 8.292849, NRTRLoss: 1.395858, loss: 9.663816, avg_reader_cost: 0.00288 s, avg_batch_cost: 0.45609 s, avg_samples: 91.6, ips: 200.83787 samples/s, eta: 1:38:53, max_mem_reserved: 25002 MB, max_mem_allocated: 13654 MB
[2025/11/14 19:24:51] ppocr INFO: cur metric, acc: 0.511999999488, norm_edit_dis: 0.9042564271629685, fps: 926.3501430581593
[2025/11/14 19:24:51] ppocr INFO: best metric, acc: 0.517999999482, is_float16: False, norm_edit_dis: 0.9059824575023643, fps: 922.9738023390431, best_epoch: 10
[2025/11/14 19:24:56] ppocr INFO: epoch: [10/20], global_step: 10610, lr: 0.000004, acc: 0.423529, norm_edit_dis: 0.867935, CTCLoss: 8.250010, NRTRLoss: 1.400883, loss: 9.645786, avg_reader_cost: 0.00299 s, avg_batch_cost: 0.48254 s, avg_samples: 100.1, ips: 207.44218 samples/s, eta: 1:38:48, max_mem_reserved: 25002 MB, max_mem_allocated: 13654 MB
[2025/11/14 19:25:00] ppocr INFO: epoch: [10/20], global_step: 10620, lr: 0.000004, acc: 0.422702, norm_edit_dis: 0.867935, CTCLoss: 7.972267, NRTRLoss: 1.400883, loss: 9.366926, avg_reader_cost: 0.00290 s, avg_batch_cost: 0.44883 s, avg_samples: 85.3, ips: 190.04765 samples/s, eta: 1:38:41, max_mem_reserved: 25002 MB, max_mem_allocated: 13654 MB
[2025/11/14 19:25:05] ppocr INFO: epoch: [10/20], global_step: 10630, lr: 0.000004, acc: 0.453125, norm_edit_dis: 0.887122, CTCLoss: 7.896247, NRTRLoss: 1.378590, loss: 9.271988, avg_reader_cost: 0.00290 s, avg_batch_cost: 0.47910 s, avg_samples: 95.9, ips: 200.16882 samples/s, eta: 1:38:35, max_mem_reserved: 25002 MB, max_mem_allocated: 13654 MB
[2025/11/14 19:25:09] ppocr INFO: epoch: [10/20], global_step: 10640, lr: 0.000004, acc: 0.482353, norm_edit_dis: 0.894479, CTCLoss: 7.465742, NRTRLoss: 1.383673, loss: 8.872944, avg_reader_cost: 0.00281 s, avg_batch_cost: 0.44398 s, avg_samples: 76.7, ips: 172.75490 samples/s, eta: 1:38:29, max_mem_reserved: 25002 MB, max_mem_allocated: 13654 MB
[2025/11/14 19:25:14] ppocr INFO: epoch: [10/20], global_step: 10650, lr: 0.000004, acc: 0.497059, norm_edit_dis: 0.889878, CTCLoss: 7.959176, NRTRLoss: 1.392133, loss: 9.356247, avg_reader_cost: 0.00282 s, avg_batch_cost: 0.45688 s, avg_samples: 85.1, ips: 186.26452 samples/s, eta: 1:38:23, max_mem_reserved: 25002 MB, max_mem_allocated: 13654 MB
[2025/11/14 19:25:18] ppocr INFO: epoch: [10/20], global_step: 10660, lr: 0.000004, acc: 0.489246, norm_edit_dis: 0.890710, CTCLoss: 7.262344, NRTRLoss: 1.388161, loss: 8.640963, avg_reader_cost: 0.00282 s, avg_batch_cost: 0.41369 s, avg_samples: 70.3, ips: 169.93302 samples/s, eta: 1:38:16, max_mem_reserved: 25002 MB, max_mem_allocated: 13654 MB
[2025/11/14 19:25:23] ppocr INFO: epoch: [10/20], global_step: 10670, lr: 0.000004, acc: 0.489246, norm_edit_dis: 0.892539, CTCLoss: 6.813415, NRTRLoss: 1.373365, loss: 8.196288, avg_reader_cost: 0.00286 s, avg_batch_cost: 0.47044 s, avg_samples: 91.6, ips: 194.70971 samples/s, eta: 1:38:10, max_mem_reserved: 25002 MB, max_mem_allocated: 13654 MB
[2025/11/14 19:25:27] ppocr INFO: epoch: [10/20], global_step: 10680, lr: 0.000004, acc: 0.447059, norm_edit_dis: 0.880521, CTCLoss: 7.742303, NRTRLoss: 1.392865, loss: 9.120204, avg_reader_cost: 0.00280 s, avg_batch_cost: 0.44902 s, avg_samples: 87.3, ips: 194.42193 samples/s, eta: 1:38:04, max_mem_reserved: 25002 MB, max_mem_allocated: 13654 MB
[2025/11/14 19:25:32] ppocr INFO: epoch: [10/20], global_step: 10690, lr: 0.000004, acc: 0.455974, norm_edit_dis: 0.876630, CTCLoss: 8.419102, NRTRLoss: 1.416643, loss: 9.818689, avg_reader_cost: 0.00278 s, avg_batch_cost: 0.44597 s, avg_samples: 85.2, ips: 191.04313 samples/s, eta: 1:37:58, max_mem_reserved: 25002 MB, max_mem_allocated: 13654 MB
[2025/11/14 19:25:37] ppocr INFO: epoch: [10/20], global_step: 10700, lr: 0.000004, acc: 0.422702, norm_edit_dis: 0.854796, CTCLoss: 8.691774, NRTRLoss: 1.423437, loss: 10.115211, avg_reader_cost: 0.00280 s, avg_batch_cost: 0.50086 s, avg_samples: 104.5, ips: 208.63936 samples/s, eta: 1:37:52, max_mem_reserved: 25002 MB, max_mem_allocated: 13654 MB
[2025/11/14 19:26:05] ppocr INFO: cur metric, acc: 0.5003999994996, norm_edit_dis: 0.9002150669874729, fps: 921.7468583983864
[2025/11/14 19:26:05] ppocr INFO: best metric, acc: 0.517999999482, is_float16: False, norm_edit_dis: 0.9059824575023643, fps: 922.9738023390431, best_epoch: 10
[2025/11/14 19:26:11] ppocr INFO: epoch: [10/20], global_step: 10710, lr: 0.000004, acc: 0.300781, norm_edit_dis: 0.765111, CTCLoss: 15.375513, NRTRLoss: 1.447477, loss: 16.848954, avg_reader_cost: 0.00353 s, avg_batch_cost: 0.51510 s, avg_samples: 98.1, ips: 190.44795 samples/s, eta: 1:37:47, max_mem_reserved: 25002 MB, max_mem_allocated: 13654 MB
[2025/11/14 19:26:15] ppocr INFO: epoch: [10/20], global_step: 10720, lr: 0.000004, acc: 0.437500, norm_edit_dis: 0.877963, CTCLoss: 8.441608, NRTRLoss: 1.406525, loss: 9.813369, avg_reader_cost: 0.00286 s, avg_batch_cost: 0.45601 s, avg_samples: 87.4, ips: 191.66178 samples/s, eta: 1:37:41, max_mem_reserved: 25002 MB, max_mem_allocated: 13654 MB
[2025/11/14 19:26:20] ppocr INFO: epoch: [10/20], global_step: 10730, lr: 0.000004, acc: 0.435294, norm_edit_dis: 0.876004, CTCLoss: 8.546757, NRTRLoss: 1.406512, loss: 9.938770, avg_reader_cost: 0.00285 s, avg_batch_cost: 0.46049 s, avg_samples: 89.5, ips: 194.35817 samples/s, eta: 1:37:35, max_mem_reserved: 25002 MB, max_mem_allocated: 13654 MB
[2025/11/14 19:26:24] ppocr INFO: epoch: [10/20], global_step: 10740, lr: 0.000004, acc: 0.428585, norm_edit_dis: 0.876731, CTCLoss: 8.860298, NRTRLoss: 1.402071, loss: 10.259617, avg_reader_cost: 0.00283 s, avg_batch_cost: 0.44261 s, avg_samples: 81.0, ips: 183.00454 samples/s, eta: 1:37:28, max_mem_reserved: 25002 MB, max_mem_allocated: 13654 MB
[2025/11/14 19:26:29] ppocr INFO: epoch: [10/20], global_step: 10750, lr: 0.000004, acc: 0.421875, norm_edit_dis: 0.870441, CTCLoss: 9.212234, NRTRLoss: 1.407098, loss: 10.602505, avg_reader_cost: 0.00285 s, avg_batch_cost: 0.49792 s, avg_samples: 104.5, ips: 209.87262 samples/s, eta: 1:37:23, max_mem_reserved: 25002 MB, max_mem_allocated: 13654 MB
[2025/11/14 19:26:34] ppocr INFO: epoch: [10/20], global_step: 10760, lr: 0.000004, acc: 0.428585, norm_edit_dis: 0.871943, CTCLoss: 8.658249, NRTRLoss: 1.403189, loss: 10.035753, avg_reader_cost: 0.00282 s, avg_batch_cost: 0.46612 s, avg_samples: 91.6, ips: 196.51641 samples/s, eta: 1:37:17, max_mem_reserved: 25002 MB, max_mem_allocated: 13654 MB
[2025/11/14 19:26:39] ppocr INFO: epoch: [10/20], global_step: 10770, lr: 0.000004, acc: 0.452941, norm_edit_dis: 0.882249, CTCLoss: 8.358749, NRTRLoss: 1.397315, loss: 9.734610, avg_reader_cost: 0.00328 s, avg_batch_cost: 0.49743 s, avg_samples: 104.4, ips: 209.87758 samples/s, eta: 1:37:11, max_mem_reserved: 25002 MB, max_mem_allocated: 13654 MB
[2025/11/14 19:26:43] ppocr INFO: epoch: [10/20], global_step: 10780, lr: 0.000004, acc: 0.428585, norm_edit_dis: 0.885500, CTCLoss: 8.323029, NRTRLoss: 1.397315, loss: 9.722763, avg_reader_cost: 0.00278 s, avg_batch_cost: 0.44581 s, avg_samples: 83.1, ips: 186.40288 samples/s, eta: 1:37:05, max_mem_reserved: 25002 MB, max_mem_allocated: 13654 MB
[2025/11/14 19:26:48] ppocr INFO: epoch: [10/20], global_step: 10790, lr: 0.000004, acc: 0.457904, norm_edit_dis: 0.892565, CTCLoss: 7.800566, NRTRLoss: 1.380962, loss: 9.172399, avg_reader_cost: 0.00279 s, avg_batch_cost: 0.44462 s, avg_samples: 83.1, ips: 186.90172 samples/s, eta: 1:36:59, max_mem_reserved: 25002 MB, max_mem_allocated: 13654 MB
[2025/11/14 19:26:52] ppocr INFO: epoch: [10/20], global_step: 10800, lr: 0.000004, acc: 0.468750, norm_edit_dis: 0.883213, CTCLoss: 7.950432, NRTRLoss: 1.374554, loss: 9.321009, avg_reader_cost: 0.00280 s, avg_batch_cost: 0.44860 s, avg_samples: 85.2, ips: 189.92558 samples/s, eta: 1:36:52, max_mem_reserved: 25002 MB, max_mem_allocated: 13654 MB
[2025/11/14 19:27:21] ppocr INFO: cur metric, acc: 0.5286999994713, norm_edit_dis: 0.9096281338493069, fps: 922.106773764002
[2025/11/14 19:27:23] ppocr INFO: save best model is to ./output/best_accuracy
[2025/11/14 19:27:23] ppocr INFO: best metric, acc: 0.5286999994713, is_float16: False, norm_edit_dis: 0.9096281338493069, fps: 922.106773764002, best_epoch: 10
[2025/11/14 19:27:28] ppocr INFO: epoch: [10/20], global_step: 10810, lr: 0.000004, acc: 0.435294, norm_edit_dis: 0.873691, CTCLoss: 8.923554, NRTRLoss: 1.390067, loss: 10.327582, avg_reader_cost: 0.00286 s, avg_batch_cost: 0.49879 s, avg_samples: 108.7, ips: 217.92872 samples/s, eta: 1:36:47, max_mem_reserved: 25002 MB, max_mem_allocated: 13654 MB
[2025/11/14 19:27:33] ppocr INFO: epoch: [10/20], global_step: 10820, lr: 0.000004, acc: 0.416820, norm_edit_dis: 0.860953, CTCLoss: 9.341253, NRTRLoss: 1.409369, loss: 10.762106, avg_reader_cost: 0.00325 s, avg_batch_cost: 0.44716 s, avg_samples: 85.2, ips: 190.53791 samples/s, eta: 1:36:41, max_mem_reserved: 25002 MB, max_mem_allocated: 13654 MB
[2025/11/14 19:27:38] ppocr INFO: epoch: [10/20], global_step: 10830, lr: 0.000004, acc: 0.421875, norm_edit_dis: 0.862979, CTCLoss: 9.325816, NRTRLoss: 1.413233, loss: 10.748622, avg_reader_cost: 0.00280 s, avg_batch_cost: 0.49737 s, avg_samples: 106.6, ips: 214.32536 samples/s, eta: 1:36:35, max_mem_reserved: 25002 MB, max_mem_allocated: 13654 MB
[2025/11/14 19:27:42] ppocr INFO: epoch: [10/20], global_step: 10840, lr: 0.000004, acc: 0.359375, norm_edit_dis: 0.826380, CTCLoss: 12.763999, NRTRLoss: 1.417222, loss: 14.195775, avg_reader_cost: 0.00281 s, avg_batch_cost: 0.46350 s, avg_samples: 91.7, ips: 197.84391 samples/s, eta: 1:36:29, max_mem_reserved: 25002 MB, max_mem_allocated: 13654 MB
[2025/11/14 19:27:47] ppocr INFO: epoch: [10/20], global_step: 10850, lr: 0.000004, acc: 0.382812, norm_edit_dis: 0.824777, CTCLoss: 12.190551, NRTRLoss: 1.409191, loss: 13.625744, avg_reader_cost: 0.00282 s, avg_batch_cost: 0.49723 s, avg_samples: 106.6, ips: 214.38889 samples/s, eta: 1:36:23, max_mem_reserved: 25002 MB, max_mem_allocated: 13654 MB
[2025/11/14 19:27:52] ppocr INFO: epoch: [10/20], global_step: 10860, lr: 0.000004, acc: 0.453125, norm_edit_dis: 0.882515, CTCLoss: 8.529002, NRTRLoss: 1.385183, loss: 9.915509, avg_reader_cost: 0.00283 s, avg_batch_cost: 0.44985 s, avg_samples: 87.3, ips: 194.06337 samples/s, eta: 1:36:17, max_mem_reserved: 25002 MB, max_mem_allocated: 13654 MB
[2025/11/14 19:27:55] ppocr INFO: save model in ./output/latest
[2025/11/14 19:27:56] ppocr INFO: save model in ./output/iter_epoch_10
[2025/11/14 19:28:01] ppocr INFO: epoch: [11/20], global_step: 10870, lr: 0.000004, acc: 0.468750, norm_edit_dis: 0.891632, CTCLoss: 7.146277, NRTRLoss: 1.381683, loss: 8.518837, avg_reader_cost: 0.50015 s, avg_batch_cost: 0.96402 s, avg_samples: 93.7, ips: 97.19705 samples/s, eta: 1:36:16, max_mem_reserved: 25002 MB, max_mem_allocated: 13654 MB
[2025/11/14 19:28:06] ppocr INFO: epoch: [11/20], global_step: 10880, lr: 0.000004, acc: 0.460937, norm_edit_dis: 0.887425, CTCLoss: 7.314308, NRTRLoss: 1.388248, loss: 8.717755, avg_reader_cost: 0.00287 s, avg_batch_cost: 0.44402 s, avg_samples: 85.2, ips: 191.88254 samples/s, eta: 1:36:10, max_mem_reserved: 25002 MB, max_mem_allocated: 13654 MB
[2025/11/14 19:28:11] ppocr INFO: epoch: [11/20], global_step: 10890, lr: 0.000004, acc: 0.453125, norm_edit_dis: 0.881225, CTCLoss: 7.931995, NRTRLoss: 1.395334, loss: 9.323873, avg_reader_cost: 0.00342 s, avg_batch_cost: 0.48878 s, avg_samples: 95.8, ips: 195.99947 samples/s, eta: 1:36:04, max_mem_reserved: 25002 MB, max_mem_allocated: 13654 MB
[2025/11/14 19:28:16] ppocr INFO: epoch: [11/20], global_step: 10900, lr: 0.000004, acc: 0.455974, norm_edit_dis: 0.880698, CTCLoss: 9.128125, NRTRLoss: 1.399238, loss: 10.508490, avg_reader_cost: 0.00316 s, avg_batch_cost: 0.48461 s, avg_samples: 100.1, ips: 206.55787 samples/s, eta: 1:35:58, max_mem_reserved: 25002 MB, max_mem_allocated: 13654 MB
[2025/11/14 19:28:45] ppocr INFO: cur metric, acc: 0.497999999502, norm_edit_dis: 0.9006681395832011, fps: 917.1021201190756
[2025/11/14 19:28:45] ppocr INFO: best metric, acc: 0.5286999994713, is_float16: False, norm_edit_dis: 0.9096281338493069, fps: 922.106773764002, best_epoch: 10
[2025/11/14 19:28:49] ppocr INFO: epoch: [11/20], global_step: 10910, lr: 0.000004, acc: 0.460937, norm_edit_dis: 0.884067, CTCLoss: 8.341782, NRTRLoss: 1.388287, loss: 9.731410, avg_reader_cost: 0.00288 s, avg_batch_cost: 0.43760 s, avg_samples: 81.0, ips: 185.09940 samples/s, eta: 1:35:52, max_mem_reserved: 25002 MB, max_mem_allocated: 13654 MB
[2025/11/14 19:28:54] ppocr INFO: epoch: [11/20], global_step: 10920, lr: 0.000004, acc: 0.445312, norm_edit_dis: 0.883602, CTCLoss: 7.935380, NRTRLoss: 1.388904, loss: 9.322342, avg_reader_cost: 0.00330 s, avg_batch_cost: 0.48007 s, avg_samples: 98.0, ips: 204.13731 samples/s, eta: 1:35:46, max_mem_reserved: 25002 MB, max_mem_allocated: 13654 MB
[2025/11/14 19:28:59] ppocr INFO: epoch: [11/20], global_step: 10930, lr: 0.000004, acc: 0.406985, norm_edit_dis: 0.876029, CTCLoss: 9.545392, NRTRLoss: 1.409716, loss: 10.927537, avg_reader_cost: 0.00287 s, avg_batch_cost: 0.48618 s, avg_samples: 100.2, ips: 206.09566 samples/s, eta: 1:35:40, max_mem_reserved: 25002 MB, max_mem_allocated: 13654 MB
[2025/11/14 19:29:04] ppocr INFO: epoch: [11/20], global_step: 10940, lr: 0.000004, acc: 0.477482, norm_edit_dis: 0.885970, CTCLoss: 7.114660, NRTRLoss: 1.395567, loss: 8.488990, avg_reader_cost: 0.00286 s, avg_batch_cost: 0.46776 s, avg_samples: 93.7, ips: 200.31684 samples/s, eta: 1:35:35, max_mem_reserved: 25002 MB, max_mem_allocated: 13654 MB
[2025/11/14 19:29:08] ppocr INFO: epoch: [11/20], global_step: 10950, lr: 0.000004, acc: 0.458823, norm_edit_dis: 0.886260, CTCLoss: 7.774304, NRTRLoss: 1.394016, loss: 9.169688, avg_reader_cost: 0.00287 s, avg_batch_cost: 0.46790 s, avg_samples: 91.6, ips: 195.76888 samples/s, eta: 1:35:29, max_mem_reserved: 25002 MB, max_mem_allocated: 13654 MB
[2025/11/14 19:29:13] ppocr INFO: epoch: [11/20], global_step: 10960, lr: 0.000004, acc: 0.429412, norm_edit_dis: 0.873223, CTCLoss: 8.029432, NRTRLoss: 1.399365, loss: 9.439501, avg_reader_cost: 0.00288 s, avg_batch_cost: 0.47157 s, avg_samples: 91.6, ips: 194.24510 samples/s, eta: 1:35:23, max_mem_reserved: 25002 MB, max_mem_allocated: 13654 MB
[2025/11/14 19:29:18] ppocr INFO: epoch: [11/20], global_step: 10970, lr: 0.000004, acc: 0.429412, norm_edit_dis: 0.873223, CTCLoss: 7.855943, NRTRLoss: 1.401739, loss: 9.259052, avg_reader_cost: 0.00281 s, avg_batch_cost: 0.47307 s, avg_samples: 95.9, ips: 202.71747 samples/s, eta: 1:35:17, max_mem_reserved: 25002 MB, max_mem_allocated: 13654 MB
[2025/11/14 19:29:22] ppocr INFO: epoch: [11/20], global_step: 10980, lr: 0.000004, acc: 0.457904, norm_edit_dis: 0.878126, CTCLoss: 8.017430, NRTRLoss: 1.396513, loss: 9.406508, avg_reader_cost: 0.00288 s, avg_batch_cost: 0.45271 s, avg_samples: 85.1, ips: 187.97800 samples/s, eta: 1:35:11, max_mem_reserved: 25002 MB, max_mem_allocated: 13654 MB
[2025/11/14 19:29:27] ppocr INFO: epoch: [11/20], global_step: 10990, lr: 0.000004, acc: 0.469669, norm_edit_dis: 0.885793, CTCLoss: 8.017430, NRTRLoss: 1.402980, loss: 9.406508, avg_reader_cost: 0.00280 s, avg_batch_cost: 0.44655 s, avg_samples: 85.2, ips: 190.79731 samples/s, eta: 1:35:05, max_mem_reserved: 25002 MB, max_mem_allocated: 13654 MB
[2025/11/14 19:29:31] ppocr INFO: epoch: [11/20], global_step: 11000, lr: 0.000004, acc: 0.457904, norm_edit_dis: 0.887107, CTCLoss: 7.733477, NRTRLoss: 1.391320, loss: 9.134871, avg_reader_cost: 0.00284 s, avg_batch_cost: 0.44335 s, avg_samples: 83.1, ips: 187.43777 samples/s, eta: 1:34:58, max_mem_reserved: 25002 MB, max_mem_allocated: 13654 MB
[2025/11/14 19:30:00] ppocr INFO: cur metric, acc: 0.5331999994668, norm_edit_dis: 0.911477074031727, fps: 922.0680350712198
[2025/11/14 19:30:02] ppocr INFO: save best model is to ./output/best_accuracy
[2025/11/14 19:30:02] ppocr INFO: best metric, acc: 0.5331999994668, is_float16: False, norm_edit_dis: 0.911477074031727, fps: 922.0680350712198, best_epoch: 11
[2025/11/14 19:30:07] ppocr INFO: epoch: [11/20], global_step: 11010, lr: 0.000004, acc: 0.434467, norm_edit_dis: 0.885647, CTCLoss: 7.591258, NRTRLoss: 1.389222, loss: 8.964345, avg_reader_cost: 0.00296 s, avg_batch_cost: 0.49822 s, avg_samples: 102.3, ips: 205.33050 samples/s, eta: 1:34:53, max_mem_reserved: 25002 MB, max_mem_allocated: 13654 MB
[2025/11/14 19:30:12] ppocr INFO: epoch: [11/20], global_step: 11020, lr: 0.000004, acc: 0.468750, norm_edit_dis: 0.888461, CTCLoss: 7.502812, NRTRLoss: 1.388421, loss: 8.875381, avg_reader_cost: 0.00287 s, avg_batch_cost: 0.43626 s, avg_samples: 80.9, ips: 185.43857 samples/s, eta: 1:34:46, max_mem_reserved: 25002 MB, max_mem_allocated: 13654 MB
[2025/11/14 19:30:16] ppocr INFO: epoch: [11/20], global_step: 11030, lr: 0.000004, acc: 0.510754, norm_edit_dis: 0.896366, CTCLoss: 7.198585, NRTRLoss: 1.387948, loss: 8.581035, avg_reader_cost: 0.00280 s, avg_batch_cost: 0.44284 s, avg_samples: 83.1, ips: 187.65080 samples/s, eta: 1:34:40, max_mem_reserved: 25002 MB, max_mem_allocated: 13654 MB
[2025/11/14 19:30:21] ppocr INFO: epoch: [11/20], global_step: 11040, lr: 0.000004, acc: 0.437500, norm_edit_dis: 0.889703, CTCLoss: 8.148576, NRTRLoss: 1.388580, loss: 9.537002, avg_reader_cost: 0.00283 s, avg_batch_cost: 0.46864 s, avg_samples: 93.8, ips: 200.15294 samples/s, eta: 1:34:34, max_mem_reserved: 25002 MB, max_mem_allocated: 13654 MB
[2025/11/14 19:30:25] ppocr INFO: epoch: [11/20], global_step: 11050, lr: 0.000004, acc: 0.391360, norm_edit_dis: 0.867493, CTCLoss: 9.414042, NRTRLoss: 1.391027, loss: 10.795071, avg_reader_cost: 0.00284 s, avg_batch_cost: 0.44942 s, avg_samples: 85.3, ips: 189.80160 samples/s, eta: 1:34:28, max_mem_reserved: 25002 MB, max_mem_allocated: 13654 MB
[2025/11/14 19:30:30] ppocr INFO: epoch: [11/20], global_step: 11060, lr: 0.000004, acc: 0.445312, norm_edit_dis: 0.877632, CTCLoss: 8.333282, NRTRLoss: 1.388389, loss: 9.742950, avg_reader_cost: 0.00285 s, avg_batch_cost: 0.44255 s, avg_samples: 83.1, ips: 187.77586 samples/s, eta: 1:34:22, max_mem_reserved: 25002 MB, max_mem_allocated: 13654 MB
[2025/11/14 19:30:35] ppocr INFO: epoch: [11/20], global_step: 11070, lr: 0.000004, acc: 0.445312, norm_edit_dis: 0.882816, CTCLoss: 8.149052, NRTRLoss: 1.386558, loss: 9.536244, avg_reader_cost: 0.00307 s, avg_batch_cost: 0.47785 s, avg_samples: 98.0, ips: 205.08431 samples/s, eta: 1:34:16, max_mem_reserved: 25002 MB, max_mem_allocated: 13654 MB
[2025/11/14 19:30:39] ppocr INFO: epoch: [11/20], global_step: 11080, lr: 0.000004, acc: 0.463787, norm_edit_dis: 0.888684, CTCLoss: 7.168918, NRTRLoss: 1.383150, loss: 8.539819, avg_reader_cost: 0.00286 s, avg_batch_cost: 0.42805 s, avg_samples: 78.7, ips: 183.85652 samples/s, eta: 1:34:10, max_mem_reserved: 25002 MB, max_mem_allocated: 13654 MB
[2025/11/14 19:30:44] ppocr INFO: epoch: [11/20], global_step: 11090, lr: 0.000004, acc: 0.482353, norm_edit_dis: 0.891675, CTCLoss: 7.237578, NRTRLoss: 1.386142, loss: 8.613978, avg_reader_cost: 0.00287 s, avg_batch_cost: 0.47207 s, avg_samples: 95.9, ips: 203.14785 samples/s, eta: 1:34:04, max_mem_reserved: 25002 MB, max_mem_allocated: 13654 MB
[2025/11/14 19:30:48] ppocr INFO: epoch: [11/20], global_step: 11100, lr: 0.000004, acc: 0.502941, norm_edit_dis: 0.896048, CTCLoss: 6.733667, NRTRLoss: 1.378620, loss: 8.121419, avg_reader_cost: 0.00287 s, avg_batch_cost: 0.43182 s, avg_samples: 78.8, ips: 182.48235 samples/s, eta: 1:33:58, max_mem_reserved: 25002 MB, max_mem_allocated: 13654 MB
[2025/11/14 19:31:17] ppocr INFO: cur metric, acc: 0.5361999994638, norm_edit_dis: 0.9119531025685745, fps: 921.7173659446734
[2025/11/14 19:31:19] ppocr INFO: save best model is to ./output/best_accuracy
[2025/11/14 19:31:19] ppocr INFO: best metric, acc: 0.5361999994638, is_float16: False, norm_edit_dis: 0.9119531025685745, fps: 921.7173659446734, best_epoch: 11
[2025/11/14 19:31:24] ppocr INFO: epoch: [11/20], global_step: 11110, lr: 0.000004, acc: 0.510754, norm_edit_dis: 0.898583, CTCLoss: 6.157873, NRTRLoss: 1.377882, loss: 7.538426, avg_reader_cost: 0.00326 s, avg_batch_cost: 0.47506 s, avg_samples: 91.5, ips: 192.60762 samples/s, eta: 1:33:52, max_mem_reserved: 25002 MB, max_mem_allocated: 13654 MB
[2025/11/14 19:31:29] ppocr INFO: epoch: [11/20], global_step: 11120, lr: 0.000004, acc: 0.470588, norm_edit_dis: 0.892159, CTCLoss: 7.301864, NRTRLoss: 1.384849, loss: 8.686236, avg_reader_cost: 0.00285 s, avg_batch_cost: 0.46175 s, avg_samples: 87.3, ips: 189.06205 samples/s, eta: 1:33:46, max_mem_reserved: 25002 MB, max_mem_allocated: 13654 MB
[2025/11/14 19:31:33] ppocr INFO: epoch: [11/20], global_step: 11130, lr: 0.000004, acc: 0.445312, norm_edit_dis: 0.885140, CTCLoss: 8.106560, NRTRLoss: 1.387657, loss: 9.488441, avg_reader_cost: 0.00275 s, avg_batch_cost: 0.46823 s, avg_samples: 93.8, ips: 200.32699 samples/s, eta: 1:33:40, max_mem_reserved: 25002 MB, max_mem_allocated: 13654 MB
[2025/11/14 19:31:38] ppocr INFO: epoch: [11/20], global_step: 11140, lr: 0.000004, acc: 0.421875, norm_edit_dis: 0.870098, CTCLoss: 8.183950, NRTRLoss: 1.407128, loss: 9.580220, avg_reader_cost: 0.00283 s, avg_batch_cost: 0.47099 s, avg_samples: 95.9, ips: 203.61269 samples/s, eta: 1:33:34, max_mem_reserved: 25002 MB, max_mem_allocated: 13654 MB
[2025/11/14 19:31:42] ppocr INFO: epoch: [11/20], global_step: 11150, lr: 0.000004, acc: 0.442279, norm_edit_dis: 0.882400, CTCLoss: 7.711427, NRTRLoss: 1.390522, loss: 9.099338, avg_reader_cost: 0.00276 s, avg_batch_cost: 0.42798 s, avg_samples: 76.8, ips: 179.44674 samples/s, eta: 1:33:28, max_mem_reserved: 25002 MB, max_mem_allocated: 13654 MB
[2025/11/14 19:31:47] ppocr INFO: epoch: [11/20], global_step: 11160, lr: 0.000004, acc: 0.453125, norm_edit_dis: 0.888638, CTCLoss: 7.567651, NRTRLoss: 1.393489, loss: 8.950626, avg_reader_cost: 0.00312 s, avg_batch_cost: 0.46870 s, avg_samples: 93.7, ips: 199.91646 samples/s, eta: 1:33:22, max_mem_reserved: 25002 MB, max_mem_allocated: 13654 MB
[2025/11/14 19:31:52] ppocr INFO: epoch: [11/20], global_step: 11170, lr: 0.000004, acc: 0.435294, norm_edit_dis: 0.887694, CTCLoss: 7.609020, NRTRLoss: 1.400398, loss: 8.988255, avg_reader_cost: 0.00278 s, avg_batch_cost: 0.48143 s, avg_samples: 100.2, ips: 208.13197 samples/s, eta: 1:33:16, max_mem_reserved: 25002 MB, max_mem_allocated: 13654 MB
[2025/11/14 19:31:56] ppocr INFO: epoch: [11/20], global_step: 11180, lr: 0.000004, acc: 0.468750, norm_edit_dis: 0.877425, CTCLoss: 7.574487, NRTRLoss: 1.383450, loss: 8.952265, avg_reader_cost: 0.00276 s, avg_batch_cost: 0.44105 s, avg_samples: 83.1, ips: 188.41246 samples/s, eta: 1:33:10, max_mem_reserved: 25002 MB, max_mem_allocated: 13654 MB
[2025/11/14 19:32:01] ppocr INFO: epoch: [11/20], global_step: 11190, lr: 0.000004, acc: 0.469669, norm_edit_dis: 0.883486, CTCLoss: 7.770535, NRTRLoss: 1.381939, loss: 9.158649, avg_reader_cost: 0.00279 s, avg_batch_cost: 0.45300 s, avg_samples: 87.4, ips: 192.93783 samples/s, eta: 1:33:04, max_mem_reserved: 25002 MB, max_mem_allocated: 13654 MB
[2025/11/14 19:32:05] ppocr INFO: epoch: [11/20], global_step: 11200, lr: 0.000004, acc: 0.463787, norm_edit_dis: 0.884739, CTCLoss: 8.674661, NRTRLoss: 1.385165, loss: 10.067127, avg_reader_cost: 0.00274 s, avg_batch_cost: 0.46760 s, avg_samples: 93.8, ips: 200.60084 samples/s, eta: 1:32:58, max_mem_reserved: 25002 MB, max_mem_allocated: 13654 MB
[2025/11/14 19:32:34] ppocr INFO: cur metric, acc: 0.5355999994644001, norm_edit_dis: 0.9114571744295028, fps: 920.0892005041653
[2025/11/14 19:32:34] ppocr INFO: best metric, acc: 0.5361999994638, is_float16: False, norm_edit_dis: 0.9119531025685745, fps: 921.7173659446734, best_epoch: 11
[2025/11/14 19:32:38] ppocr INFO: epoch: [11/20], global_step: 11210, lr: 0.000004, acc: 0.470588, norm_edit_dis: 0.886864, CTCLoss: 7.537183, NRTRLoss: 1.381660, loss: 8.931866, avg_reader_cost: 0.00292 s, avg_batch_cost: 0.45027 s, avg_samples: 85.2, ips: 189.21969 samples/s, eta: 1:32:52, max_mem_reserved: 25002 MB, max_mem_allocated: 13654 MB
[2025/11/14 19:32:43] ppocr INFO: epoch: [11/20], global_step: 11220, lr: 0.000004, acc: 0.477482, norm_edit_dis: 0.901828, CTCLoss: 7.093938, NRTRLoss: 1.386608, loss: 8.474130, avg_reader_cost: 0.00281 s, avg_batch_cost: 0.43523 s, avg_samples: 78.8, ips: 181.05215 samples/s, eta: 1:32:46, max_mem_reserved: 25002 MB, max_mem_allocated: 13654 MB
[2025/11/14 19:32:47] ppocr INFO: epoch: [11/20], global_step: 11230, lr: 0.000004, acc: 0.471599, norm_edit_dis: 0.900697, CTCLoss: 6.954974, NRTRLoss: 1.389704, loss: 8.347327, avg_reader_cost: 0.00328 s, avg_batch_cost: 0.46759 s, avg_samples: 93.7, ips: 200.39020 samples/s, eta: 1:32:40, max_mem_reserved: 25002 MB, max_mem_allocated: 13654 MB
[2025/11/14 19:32:52] ppocr INFO: epoch: [11/20], global_step: 11240, lr: 0.000004, acc: 0.448162, norm_edit_dis: 0.872265, CTCLoss: 7.590852, NRTRLoss: 1.404305, loss: 8.979564, avg_reader_cost: 0.00283 s, avg_batch_cost: 0.48972 s, avg_samples: 102.3, ips: 208.89640 samples/s, eta: 1:32:34, max_mem_reserved: 25002 MB, max_mem_allocated: 13654 MB
[2025/11/14 19:32:57] ppocr INFO: epoch: [11/20], global_step: 11250, lr: 0.000004, acc: 0.423529, norm_edit_dis: 0.862154, CTCLoss: 10.266861, NRTRLoss: 1.412128, loss: 11.705333, avg_reader_cost: 0.00377 s, avg_batch_cost: 0.48164 s, avg_samples: 95.9, ips: 199.11332 samples/s, eta: 1:32:29, max_mem_reserved: 25002 MB, max_mem_allocated: 13654 MB
[2025/11/14 19:33:02] ppocr INFO: epoch: [11/20], global_step: 11260, lr: 0.000004, acc: 0.445312, norm_edit_dis: 0.877837, CTCLoss: 8.410681, NRTRLoss: 1.397362, loss: 9.801298, avg_reader_cost: 0.00283 s, avg_batch_cost: 0.47055 s, avg_samples: 93.7, ips: 199.12678 samples/s, eta: 1:32:23, max_mem_reserved: 25002 MB, max_mem_allocated: 13654 MB
[2025/11/14 19:33:06] ppocr INFO: epoch: [11/20], global_step: 11270, lr: 0.000004, acc: 0.455974, norm_edit_dis: 0.881209, CTCLoss: 8.211556, NRTRLoss: 1.389733, loss: 9.603777, avg_reader_cost: 0.00281 s, avg_batch_cost: 0.46033 s, avg_samples: 89.5, ips: 194.42580 samples/s, eta: 1:32:17, max_mem_reserved: 25002 MB, max_mem_allocated: 13654 MB
[2025/11/14 19:33:11] ppocr INFO: epoch: [11/20], global_step: 11280, lr: 0.000004, acc: 0.494118, norm_edit_dis: 0.893673, CTCLoss: 6.910613, NRTRLoss: 1.382564, loss: 8.295688, avg_reader_cost: 0.00280 s, avg_batch_cost: 0.45646 s, avg_samples: 89.4, ips: 195.85562 samples/s, eta: 1:32:11, max_mem_reserved: 25002 MB, max_mem_allocated: 13654 MB
[2025/11/14 19:33:16] ppocr INFO: epoch: [11/20], global_step: 11290, lr: 0.000004, acc: 0.497059, norm_edit_dis: 0.893673, CTCLoss: 7.104383, NRTRLoss: 1.382564, loss: 8.470095, avg_reader_cost: 0.00283 s, avg_batch_cost: 0.46927 s, avg_samples: 93.8, ips: 199.88428 samples/s, eta: 1:32:05, max_mem_reserved: 25002 MB, max_mem_allocated: 13654 MB
[2025/11/14 19:33:20] ppocr INFO: epoch: [11/20], global_step: 11300, lr: 0.000004, acc: 0.489246, norm_edit_dis: 0.891252, CTCLoss: 7.908187, NRTRLoss: 1.378929, loss: 9.278136, avg_reader_cost: 0.00326 s, avg_batch_cost: 0.45862 s, avg_samples: 87.4, ips: 190.57314 samples/s, eta: 1:31:59, max_mem_reserved: 25002 MB, max_mem_allocated: 13654 MB
[2025/11/14 19:33:49] ppocr INFO: cur metric, acc: 0.5379999994620001, norm_edit_dis: 0.9119929247812482, fps: 919.7707923634822
[2025/11/14 19:33:51] ppocr INFO: save best model is to ./output/best_accuracy
[2025/11/14 19:33:51] ppocr INFO: best metric, acc: 0.5379999994620001, is_float16: False, norm_edit_dis: 0.9119929247812482, fps: 919.7707923634822, best_epoch: 11
[2025/11/14 19:33:56] ppocr INFO: epoch: [11/20], global_step: 11310, lr: 0.000004, acc: 0.489246, norm_edit_dis: 0.893016, CTCLoss: 6.846696, NRTRLoss: 1.382507, loss: 8.234339, avg_reader_cost: 0.00349 s, avg_batch_cost: 0.44470 s, avg_samples: 83.1, ips: 186.86706 samples/s, eta: 1:31:53, max_mem_reserved: 25002 MB, max_mem_allocated: 13654 MB
[2025/11/14 19:34:01] ppocr INFO: epoch: [11/20], global_step: 11320, lr: 0.000004, acc: 0.484375, norm_edit_dis: 0.890261, CTCLoss: 6.949728, NRTRLoss: 1.391690, loss: 8.328423, avg_reader_cost: 0.00286 s, avg_batch_cost: 0.48456 s, avg_samples: 100.2, ips: 206.78674 samples/s, eta: 1:31:47, max_mem_reserved: 25002 MB, max_mem_allocated: 13654 MB
[2025/11/14 19:34:05] ppocr INFO: epoch: [11/20], global_step: 11330, lr: 0.000004, acc: 0.441176, norm_edit_dis: 0.885469, CTCLoss: 8.245495, NRTRLoss: 1.393296, loss: 9.651386, avg_reader_cost: 0.00287 s, avg_batch_cost: 0.46765 s, avg_samples: 93.7, ips: 200.36490 samples/s, eta: 1:31:41, max_mem_reserved: 25002 MB, max_mem_allocated: 13654 MB
[2025/11/14 19:34:10] ppocr INFO: epoch: [11/20], global_step: 11340, lr: 0.000004, acc: 0.497059, norm_edit_dis: 0.897455, CTCLoss: 7.150574, NRTRLoss: 1.380032, loss: 8.512360, avg_reader_cost: 0.00286 s, avg_batch_cost: 0.44187 s, avg_samples: 83.0, ips: 187.83719 samples/s, eta: 1:31:35, max_mem_reserved: 25002 MB, max_mem_allocated: 13654 MB
[2025/11/14 19:34:15] ppocr INFO: epoch: [11/20], global_step: 11350, lr: 0.000004, acc: 0.458823, norm_edit_dis: 0.874528, CTCLoss: 8.322488, NRTRLoss: 1.411143, loss: 9.733631, avg_reader_cost: 0.00287 s, avg_batch_cost: 0.52108 s, avg_samples: 115.2, ips: 221.08128 samples/s, eta: 1:31:30, max_mem_reserved: 25002 MB, max_mem_allocated: 13654 MB
[2025/11/14 19:34:20] ppocr INFO: epoch: [11/20], global_step: 11360, lr: 0.000004, acc: 0.304687, norm_edit_dis: 0.791243, CTCLoss: 13.855796, NRTRLoss: 1.436995, loss: 15.314379, avg_reader_cost: 0.00287 s, avg_batch_cost: 0.46968 s, avg_samples: 93.8, ips: 199.71112 samples/s, eta: 1:31:24, max_mem_reserved: 25002 MB, max_mem_allocated: 13654 MB
[2025/11/14 19:34:24] ppocr INFO: epoch: [11/20], global_step: 11370, lr: 0.000004, acc: 0.444209, norm_edit_dis: 0.884035, CTCLoss: 7.714765, NRTRLoss: 1.389586, loss: 9.120700, avg_reader_cost: 0.00282 s, avg_batch_cost: 0.44653 s, avg_samples: 85.2, ips: 190.80382 samples/s, eta: 1:31:18, max_mem_reserved: 25002 MB, max_mem_allocated: 13654 MB
[2025/11/14 19:34:29] ppocr INFO: epoch: [11/20], global_step: 11380, lr: 0.000004, acc: 0.447059, norm_edit_dis: 0.884035, CTCLoss: 7.198452, NRTRLoss: 1.394396, loss: 8.597072, avg_reader_cost: 0.00289 s, avg_batch_cost: 0.46443 s, avg_samples: 91.7, ips: 197.44781 samples/s, eta: 1:31:12, max_mem_reserved: 25002 MB, max_mem_allocated: 13654 MB
[2025/11/14 19:34:34] ppocr INFO: epoch: [11/20], global_step: 11390, lr: 0.000004, acc: 0.405882, norm_edit_dis: 0.879583, CTCLoss: 6.935339, NRTRLoss: 1.399667, loss: 8.334668, avg_reader_cost: 0.00288 s, avg_batch_cost: 0.47666 s, avg_samples: 98.0, ips: 205.59600 samples/s, eta: 1:31:06, max_mem_reserved: 25002 MB, max_mem_allocated: 13654 MB
[2025/11/14 19:34:38] ppocr INFO: epoch: [11/20], global_step: 11400, lr: 0.000004, acc: 0.470588, norm_edit_dis: 0.893504, CTCLoss: 7.531957, NRTRLoss: 1.383934, loss: 8.897905, avg_reader_cost: 0.00287 s, avg_batch_cost: 0.46412 s, avg_samples: 91.7, ips: 197.57821 samples/s, eta: 1:31:01, max_mem_reserved: 25002 MB, max_mem_allocated: 13654 MB
[2025/11/14 19:35:06] ppocr INFO: cur metric, acc: 0.5362999994637, norm_edit_dis: 0.911796592289726, fps: 921.8413847067269
[2025/11/14 19:35:06] ppocr INFO: best metric, acc: 0.5379999994620001, is_float16: False, norm_edit_dis: 0.9119929247812482, fps: 919.7707923634822, best_epoch: 11
[2025/11/14 19:35:11] ppocr INFO: epoch: [11/20], global_step: 11410, lr: 0.000004, acc: 0.505882, norm_edit_dis: 0.900423, CTCLoss: 7.370610, NRTRLoss: 1.379617, loss: 8.753819, avg_reader_cost: 0.00274 s, avg_batch_cost: 0.45546 s, avg_samples: 87.3, ips: 191.67645 samples/s, eta: 1:30:55, max_mem_reserved: 25002 MB, max_mem_allocated: 13654 MB
[2025/11/14 19:35:16] ppocr INFO: epoch: [11/20], global_step: 11420, lr: 0.000004, acc: 0.497059, norm_edit_dis: 0.880560, CTCLoss: 7.387242, NRTRLoss: 1.386792, loss: 8.782731, avg_reader_cost: 0.00283 s, avg_batch_cost: 0.48847 s, avg_samples: 102.3, ips: 209.42945 samples/s, eta: 1:30:49, max_mem_reserved: 25002 MB, max_mem_allocated: 13654 MB
[2025/11/14 19:35:20] ppocr INFO: epoch: [11/20], global_step: 11430, lr: 0.000004, acc: 0.465717, norm_edit_dis: 0.881903, CTCLoss: 7.276177, NRTRLoss: 1.399990, loss: 8.680597, avg_reader_cost: 0.00284 s, avg_batch_cost: 0.46384 s, avg_samples: 91.6, ips: 197.48036 samples/s, eta: 1:30:43, max_mem_reserved: 25002 MB, max_mem_allocated: 13654 MB
[2025/11/14 19:35:25] ppocr INFO: epoch: [11/20], global_step: 11440, lr: 0.000004, acc: 0.452941, norm_edit_dis: 0.884468, CTCLoss: 7.353923, NRTRLoss: 1.419591, loss: 8.773514, avg_reader_cost: 0.00290 s, avg_batch_cost: 0.49547 s, avg_samples: 104.4, ips: 210.70722 samples/s, eta: 1:30:37, max_mem_reserved: 25002 MB, max_mem_allocated: 13654 MB
[2025/11/14 19:35:30] ppocr INFO: epoch: [11/20], global_step: 11450, lr: 0.000004, acc: 0.455974, norm_edit_dis: 0.880677, CTCLoss: 8.890270, NRTRLoss: 1.398374, loss: 10.279509, avg_reader_cost: 0.00283 s, avg_batch_cost: 0.43917 s, avg_samples: 81.0, ips: 184.43809 samples/s, eta: 1:30:31, max_mem_reserved: 25002 MB, max_mem_allocated: 13654 MB
[2025/11/14 19:35:34] ppocr INFO: epoch: [11/20], global_step: 11460, lr: 0.000004, acc: 0.475551, norm_edit_dis: 0.885450, CTCLoss: 7.759848, NRTRLoss: 1.387081, loss: 9.122446, avg_reader_cost: 0.00281 s, avg_batch_cost: 0.47274 s, avg_samples: 95.9, ips: 202.86031 samples/s, eta: 1:30:26, max_mem_reserved: 25002 MB, max_mem_allocated: 13654 MB
[2025/11/14 19:35:39] ppocr INFO: epoch: [11/20], global_step: 11470, lr: 0.000004, acc: 0.468750, norm_edit_dis: 0.875965, CTCLoss: 7.709766, NRTRLoss: 1.403180, loss: 9.124122, avg_reader_cost: 0.00284 s, avg_batch_cost: 0.47468 s, avg_samples: 95.9, ips: 202.03291 samples/s, eta: 1:30:20, max_mem_reserved: 25002 MB, max_mem_allocated: 13654 MB
[2025/11/14 19:35:44] ppocr INFO: epoch: [11/20], global_step: 11480, lr: 0.000004, acc: 0.475551, norm_edit_dis: 0.884413, CTCLoss: 7.396851, NRTRLoss: 1.385457, loss: 8.777384, avg_reader_cost: 0.00286 s, avg_batch_cost: 0.44019 s, avg_samples: 81.0, ips: 184.01235 samples/s, eta: 1:30:14, max_mem_reserved: 25002 MB, max_mem_allocated: 13654 MB
[2025/11/14 19:35:48] ppocr INFO: epoch: [11/20], global_step: 11490, lr: 0.000004, acc: 0.455974, norm_edit_dis: 0.887795, CTCLoss: 7.127981, NRTRLoss: 1.378326, loss: 8.500044, avg_reader_cost: 0.00283 s, avg_batch_cost: 0.45872 s, avg_samples: 89.5, ips: 195.10861 samples/s, eta: 1:30:08, max_mem_reserved: 25002 MB, max_mem_allocated: 13654 MB
[2025/11/14 19:35:53] ppocr INFO: epoch: [11/20], global_step: 11500, lr: 0.000004, acc: 0.455974, norm_edit_dis: 0.887795, CTCLoss: 7.647336, NRTRLoss: 1.389475, loss: 9.050776, avg_reader_cost: 0.00285 s, avg_batch_cost: 0.47119 s, avg_samples: 95.8, ips: 203.31636 samples/s, eta: 1:30:02, max_mem_reserved: 25002 MB, max_mem_allocated: 13654 MB
[2025/11/14 19:36:21] ppocr INFO: cur metric, acc: 0.5273999994726, norm_edit_dis: 0.9097322854168359, fps: 917.5717167926992
[2025/11/14 19:36:21] ppocr INFO: best metric, acc: 0.5379999994620001, is_float16: False, norm_edit_dis: 0.9119929247812482, fps: 919.7707923634822, best_epoch: 11
[2025/11/14 19:36:27] ppocr INFO: epoch: [11/20], global_step: 11510, lr: 0.000004, acc: 0.328125, norm_edit_dis: 0.788147, CTCLoss: 13.786211, NRTRLoss: 1.439069, loss: 15.258891, avg_reader_cost: 0.00289 s, avg_batch_cost: 0.54087 s, avg_samples: 123.7, ips: 228.70647 samples/s, eta: 1:29:57, max_mem_reserved: 25002 MB, max_mem_allocated: 13654 MB
[2025/11/14 19:36:32] ppocr INFO: epoch: [11/20], global_step: 11520, lr: 0.000004, acc: 0.328125, norm_edit_dis: 0.785347, CTCLoss: 13.473873, NRTRLoss: 1.447103, loss: 14.920628, avg_reader_cost: 0.00280 s, avg_batch_cost: 0.47874 s, avg_samples: 98.0, ips: 204.70603 samples/s, eta: 1:29:51, max_mem_reserved: 25002 MB, max_mem_allocated: 13654 MB
[2025/11/14 19:36:37] ppocr INFO: epoch: [11/20], global_step: 11530, lr: 0.000004, acc: 0.394118, norm_edit_dis: 0.877744, CTCLoss: 8.718734, NRTRLoss: 1.405364, loss: 10.105542, avg_reader_cost: 0.00286 s, avg_batch_cost: 0.49445 s, avg_samples: 106.5, ips: 215.39154 samples/s, eta: 1:29:46, max_mem_reserved: 25002 MB, max_mem_allocated: 13654 MB
[2025/11/14 19:36:41] ppocr INFO: epoch: [11/20], global_step: 11540, lr: 0.000004, acc: 0.423529, norm_edit_dis: 0.881667, CTCLoss: 8.398978, NRTRLoss: 1.403511, loss: 9.802386, avg_reader_cost: 0.00284 s, avg_batch_cost: 0.49152 s, avg_samples: 93.7, ips: 190.63348 samples/s, eta: 1:29:40, max_mem_reserved: 25002 MB, max_mem_allocated: 13654 MB
[2025/11/14 19:36:46] ppocr INFO: epoch: [11/20], global_step: 11550, lr: 0.000004, acc: 0.442279, norm_edit_dis: 0.884056, CTCLoss: 7.774081, NRTRLoss: 1.389344, loss: 9.175039, avg_reader_cost: 0.00280 s, avg_batch_cost: 0.44213 s, avg_samples: 81.0, ips: 183.20392 samples/s, eta: 1:29:34, max_mem_reserved: 25002 MB, max_mem_allocated: 13654 MB
[2025/11/14 19:36:50] ppocr INFO: epoch: [11/20], global_step: 11560, lr: 0.000004, acc: 0.483364, norm_edit_dis: 0.887773, CTCLoss: 7.562805, NRTRLoss: 1.381941, loss: 8.944753, avg_reader_cost: 0.00283 s, avg_batch_cost: 0.44958 s, avg_samples: 87.3, ips: 194.18001 samples/s, eta: 1:29:28, max_mem_reserved: 25002 MB, max_mem_allocated: 13654 MB
[2025/11/14 19:36:55] ppocr INFO: epoch: [11/20], global_step: 11570, lr: 0.000004, acc: 0.430515, norm_edit_dis: 0.883056, CTCLoss: 8.051605, NRTRLoss: 1.387433, loss: 9.437433, avg_reader_cost: 0.00282 s, avg_batch_cost: 0.49574 s, avg_samples: 106.6, ips: 215.03138 samples/s, eta: 1:29:22, max_mem_reserved: 25002 MB, max_mem_allocated: 13654 MB
[2025/11/14 19:37:00] ppocr INFO: epoch: [11/20], global_step: 11580, lr: 0.000004, acc: 0.414062, norm_edit_dis: 0.878412, CTCLoss: 9.884121, NRTRLoss: 1.390673, loss: 11.266901, avg_reader_cost: 0.00283 s, avg_batch_cost: 0.45031 s, avg_samples: 87.4, ips: 194.08948 samples/s, eta: 1:29:16, max_mem_reserved: 25002 MB, max_mem_allocated: 13654 MB
[2025/11/14 19:37:05] ppocr INFO: epoch: [11/20], global_step: 11590, lr: 0.000004, acc: 0.414062, norm_edit_dis: 0.861332, CTCLoss: 9.710514, NRTRLoss: 1.410321, loss: 11.079472, avg_reader_cost: 0.00289 s, avg_batch_cost: 0.52111 s, avg_samples: 108.7, ips: 208.59443 samples/s, eta: 1:29:11, max_mem_reserved: 25002 MB, max_mem_allocated: 13654 MB
[2025/11/14 19:37:10] ppocr INFO: epoch: [11/20], global_step: 11600, lr: 0.000004, acc: 0.355469, norm_edit_dis: 0.785128, CTCLoss: 12.339235, NRTRLoss: 1.437426, loss: 13.792706, avg_reader_cost: 0.00283 s, avg_batch_cost: 0.48572 s, avg_samples: 102.3, ips: 210.61384 samples/s, eta: 1:29:05, max_mem_reserved: 25002 MB, max_mem_allocated: 13654 MB
[2025/11/14 19:37:38] ppocr INFO: cur metric, acc: 0.4978999995021, norm_edit_dis: 0.8994049807513742, fps: 918.5029609500075
[2025/11/14 19:37:38] ppocr INFO: best metric, acc: 0.5379999994620001, is_float16: False, norm_edit_dis: 0.9119929247812482, fps: 919.7707923634822, best_epoch: 11
[2025/11/14 19:37:43] ppocr INFO: epoch: [11/20], global_step: 11610, lr: 0.000004, acc: 0.460937, norm_edit_dis: 0.889741, CTCLoss: 7.866085, NRTRLoss: 1.381819, loss: 9.244615, avg_reader_cost: 0.00295 s, avg_batch_cost: 0.44666 s, avg_samples: 80.9, ips: 181.12111 samples/s, eta: 1:28:59, max_mem_reserved: 25002 MB, max_mem_allocated: 13654 MB
[2025/11/14 19:37:48] ppocr INFO: epoch: [11/20], global_step: 11620, lr: 0.000004, acc: 0.488235, norm_edit_dis: 0.898388, CTCLoss: 6.755402, NRTRLoss: 1.381496, loss: 8.137546, avg_reader_cost: 0.00289 s, avg_batch_cost: 0.47304 s, avg_samples: 98.0, ips: 207.16932 samples/s, eta: 1:28:54, max_mem_reserved: 25002 MB, max_mem_allocated: 13654 MB
[2025/11/14 19:37:52] ppocr INFO: epoch: [11/20], global_step: 11630, lr: 0.000004, acc: 0.448162, norm_edit_dis: 0.880576, CTCLoss: 6.775439, NRTRLoss: 1.412021, loss: 8.146966, avg_reader_cost: 0.00282 s, avg_batch_cost: 0.46552 s, avg_samples: 93.8, ips: 201.49636 samples/s, eta: 1:28:48, max_mem_reserved: 25002 MB, max_mem_allocated: 13654 MB
[2025/11/14 19:37:57] ppocr INFO: epoch: [11/20], global_step: 11640, lr: 0.000004, acc: 0.491176, norm_edit_dis: 0.883961, CTCLoss: 6.864847, NRTRLoss: 1.399690, loss: 8.255356, avg_reader_cost: 0.00282 s, avg_batch_cost: 0.43650 s, avg_samples: 80.9, ips: 185.33697 samples/s, eta: 1:28:42, max_mem_reserved: 25002 MB, max_mem_allocated: 13654 MB
[2025/11/14 19:38:02] ppocr INFO: epoch: [11/20], global_step: 11650, lr: 0.000004, acc: 0.463787, norm_edit_dis: 0.882200, CTCLoss: 7.447050, NRTRLoss: 1.391529, loss: 8.836565, avg_reader_cost: 0.00285 s, avg_batch_cost: 0.48277 s, avg_samples: 100.2, ips: 207.55243 samples/s, eta: 1:28:36, max_mem_reserved: 25002 MB, max_mem_allocated: 13654 MB
[2025/11/14 19:38:06] ppocr INFO: epoch: [11/20], global_step: 11660, lr: 0.000004, acc: 0.328125, norm_edit_dis: 0.804613, CTCLoss: 13.512854, NRTRLoss: 1.415915, loss: 14.965930, avg_reader_cost: 0.00283 s, avg_batch_cost: 0.49712 s, avg_samples: 106.6, ips: 214.43611 samples/s, eta: 1:28:30, max_mem_reserved: 25002 MB, max_mem_allocated: 13654 MB
[2025/11/14 19:38:11] ppocr INFO: epoch: [11/20], global_step: 11670, lr: 0.000004, acc: 0.429687, norm_edit_dis: 0.872779, CTCLoss: 7.637275, NRTRLoss: 1.397270, loss: 9.011612, avg_reader_cost: 0.00283 s, avg_batch_cost: 0.44017 s, avg_samples: 83.1, ips: 188.78918 samples/s, eta: 1:28:24, max_mem_reserved: 25002 MB, max_mem_allocated: 13654 MB
[2025/11/14 19:38:15] ppocr INFO: epoch: [11/20], global_step: 11680, lr: 0.000004, acc: 0.489246, norm_edit_dis: 0.891341, CTCLoss: 6.995845, NRTRLoss: 1.392289, loss: 8.412545, avg_reader_cost: 0.00285 s, avg_batch_cost: 0.45801 s, avg_samples: 81.0, ips: 176.85282 samples/s, eta: 1:28:19, max_mem_reserved: 25002 MB, max_mem_allocated: 13654 MB
[2025/11/14 19:38:20] ppocr INFO: epoch: [11/20], global_step: 11690, lr: 0.000004, acc: 0.492187, norm_edit_dis: 0.895613, CTCLoss: 7.241646, NRTRLoss: 1.388754, loss: 8.629437, avg_reader_cost: 0.00286 s, avg_batch_cost: 0.42870 s, avg_samples: 76.7, ips: 178.91453 samples/s, eta: 1:28:12, max_mem_reserved: 25002 MB, max_mem_allocated: 13654 MB
[2025/11/14 19:38:24] ppocr INFO: epoch: [11/20], global_step: 11700, lr: 0.000004, acc: 0.515625, norm_edit_dis: 0.896394, CTCLoss: 6.913758, NRTRLoss: 1.379529, loss: 8.283359, avg_reader_cost: 0.00282 s, avg_batch_cost: 0.42649 s, avg_samples: 76.7, ips: 179.83887 samples/s, eta: 1:28:06, max_mem_reserved: 25002 MB, max_mem_allocated: 13654 MB
[2025/11/14 19:38:53] ppocr INFO: cur metric, acc: 0.5510999994489, norm_edit_dis: 0.9158986477924652, fps: 923.3521373260172
[2025/11/14 19:38:56] ppocr INFO: save best model is to ./output/best_accuracy
[2025/11/14 19:38:56] ppocr INFO: best metric, acc: 0.5510999994489, is_float16: False, norm_edit_dis: 0.9158986477924652, fps: 923.3521373260172, best_epoch: 11
[2025/11/14 19:39:00] ppocr INFO: epoch: [11/20], global_step: 11710, lr: 0.000004, acc: 0.504871, norm_edit_dis: 0.894741, CTCLoss: 7.115760, NRTRLoss: 1.388291, loss: 8.491455, avg_reader_cost: 0.00283 s, avg_batch_cost: 0.47129 s, avg_samples: 95.9, ips: 203.48310 samples/s, eta: 1:28:01, max_mem_reserved: 25002 MB, max_mem_allocated: 13654 MB
[2025/11/14 19:39:05] ppocr INFO: epoch: [11/20], global_step: 11720, lr: 0.000004, acc: 0.469669, norm_edit_dis: 0.886582, CTCLoss: 8.290964, NRTRLoss: 1.386865, loss: 9.690663, avg_reader_cost: 0.00283 s, avg_batch_cost: 0.44497 s, avg_samples: 85.2, ips: 191.47456 samples/s, eta: 1:27:55, max_mem_reserved: 25002 MB, max_mem_allocated: 13654 MB
[2025/11/14 19:39:09] ppocr INFO: epoch: [11/20], global_step: 11730, lr: 0.000004, acc: 0.468750, norm_edit_dis: 0.882789, CTCLoss: 7.604832, NRTRLoss: 1.398310, loss: 8.982240, avg_reader_cost: 0.00282 s, avg_batch_cost: 0.46458 s, avg_samples: 93.7, ips: 201.68819 samples/s, eta: 1:27:49, max_mem_reserved: 25002 MB, max_mem_allocated: 13654 MB
[2025/11/14 19:39:14] ppocr INFO: epoch: [11/20], global_step: 11740, lr: 0.000004, acc: 0.475551, norm_edit_dis: 0.883999, CTCLoss: 7.611161, NRTRLoss: 1.401786, loss: 9.011113, avg_reader_cost: 0.00322 s, avg_batch_cost: 0.45231 s, avg_samples: 87.4, ips: 193.23160 samples/s, eta: 1:27:43, max_mem_reserved: 25002 MB, max_mem_allocated: 13654 MB
[2025/11/14 19:39:19] ppocr INFO: epoch: [11/20], global_step: 11750, lr: 0.000004, acc: 0.488235, norm_edit_dis: 0.890419, CTCLoss: 8.183759, NRTRLoss: 1.394660, loss: 9.572373, avg_reader_cost: 0.00280 s, avg_batch_cost: 0.49286 s, avg_samples: 106.5, ips: 216.08412 samples/s, eta: 1:27:37, max_mem_reserved: 25002 MB, max_mem_allocated: 13654 MB
[2025/11/14 19:39:23] ppocr INFO: epoch: [11/20], global_step: 11760, lr: 0.000004, acc: 0.483364, norm_edit_dis: 0.885561, CTCLoss: 8.443130, NRTRLoss: 1.411723, loss: 9.840588, avg_reader_cost: 0.00285 s, avg_batch_cost: 0.45050 s, avg_samples: 87.4, ips: 194.00480 samples/s, eta: 1:27:31, max_mem_reserved: 25002 MB, max_mem_allocated: 13654 MB
[2025/11/14 19:39:28] ppocr INFO: epoch: [11/20], global_step: 11770, lr: 0.000004, acc: 0.489246, norm_edit_dis: 0.885561, CTCLoss: 8.317973, NRTRLoss: 1.411723, loss: 9.704401, avg_reader_cost: 0.00316 s, avg_batch_cost: 0.48681 s, avg_samples: 102.3, ips: 210.14267 samples/s, eta: 1:27:26, max_mem_reserved: 25002 MB, max_mem_allocated: 13654 MB
[2025/11/14 19:39:33] ppocr INFO: epoch: [11/20], global_step: 11780, lr: 0.000004, acc: 0.488235, norm_edit_dis: 0.889756, CTCLoss: 7.720609, NRTRLoss: 1.397329, loss: 9.111094, avg_reader_cost: 0.00285 s, avg_batch_cost: 0.45297 s, avg_samples: 89.5, ips: 197.58327 samples/s, eta: 1:27:20, max_mem_reserved: 25002 MB, max_mem_allocated: 13654 MB
[2025/11/14 19:39:37] ppocr INFO: epoch: [11/20], global_step: 11790, lr: 0.000004, acc: 0.476471, norm_edit_dis: 0.888126, CTCLoss: 7.519953, NRTRLoss: 1.389852, loss: 8.907907, avg_reader_cost: 0.00284 s, avg_batch_cost: 0.46147 s, avg_samples: 93.7, ips: 203.04696 samples/s, eta: 1:27:14, max_mem_reserved: 25002 MB, max_mem_allocated: 13654 MB
[2025/11/14 19:39:42] ppocr INFO: epoch: [11/20], global_step: 11800, lr: 0.000004, acc: 0.452941, norm_edit_dis: 0.879247, CTCLoss: 7.765734, NRTRLoss: 1.392738, loss: 9.174774, avg_reader_cost: 0.00283 s, avg_batch_cost: 0.45547 s, avg_samples: 89.6, ips: 196.71920 samples/s, eta: 1:27:08, max_mem_reserved: 25002 MB, max_mem_allocated: 13654 MB
[2025/11/14 19:40:11] ppocr INFO: cur metric, acc: 0.5416999994583, norm_edit_dis: 0.9148806791553307, fps: 921.6283328710144
[2025/11/14 19:40:11] ppocr INFO: best metric, acc: 0.5510999994489, is_float16: False, norm_edit_dis: 0.9158986477924652, fps: 923.3521373260172, best_epoch: 11
[2025/11/14 19:40:15] ppocr INFO: epoch: [11/20], global_step: 11810, lr: 0.000004, acc: 0.477482, norm_edit_dis: 0.892007, CTCLoss: 7.050174, NRTRLoss: 1.377111, loss: 8.418480, avg_reader_cost: 0.00272 s, avg_batch_cost: 0.44789 s, avg_samples: 83.1, ips: 185.53548 samples/s, eta: 1:27:02, max_mem_reserved: 25002 MB, max_mem_allocated: 13654 MB
[2025/11/14 19:40:20] ppocr INFO: epoch: [11/20], global_step: 11820, lr: 0.000004, acc: 0.470588, norm_edit_dis: 0.887751, CTCLoss: 7.805236, NRTRLoss: 1.391279, loss: 9.205314, avg_reader_cost: 0.00335 s, avg_batch_cost: 0.47663 s, avg_samples: 98.0, ips: 205.61177 samples/s, eta: 1:26:56, max_mem_reserved: 25002 MB, max_mem_allocated: 13654 MB
[2025/11/14 19:40:24] ppocr INFO: epoch: [11/20], global_step: 11830, lr: 0.000004, acc: 0.482353, norm_edit_dis: 0.892660, CTCLoss: 7.023082, NRTRLoss: 1.389998, loss: 8.415072, avg_reader_cost: 0.00284 s, avg_batch_cost: 0.41779 s, avg_samples: 74.5, ips: 178.31723 samples/s, eta: 1:26:50, max_mem_reserved: 25002 MB, max_mem_allocated: 13654 MB
[2025/11/14 19:40:29] ppocr INFO: epoch: [11/20], global_step: 11840, lr: 0.000004, acc: 0.475551, norm_edit_dis: 0.882202, CTCLoss: 7.023082, NRTRLoss: 1.392472, loss: 8.415072, avg_reader_cost: 0.00285 s, avg_batch_cost: 0.51051 s, avg_samples: 113.0, ips: 221.34627 samples/s, eta: 1:26:45, max_mem_reserved: 25002 MB, max_mem_allocated: 13654 MB
[2025/11/14 19:40:34] ppocr INFO: epoch: [11/20], global_step: 11850, lr: 0.000004, acc: 0.393290, norm_edit_dis: 0.874823, CTCLoss: 8.969649, NRTRLoss: 1.415985, loss: 10.354265, avg_reader_cost: 0.00284 s, avg_batch_cost: 0.43405 s, avg_samples: 81.0, ips: 186.61355 samples/s, eta: 1:26:39, max_mem_reserved: 25002 MB, max_mem_allocated: 13654 MB
[2025/11/14 19:40:39] ppocr INFO: epoch: [11/20], global_step: 11860, lr: 0.000004, acc: 0.437500, norm_edit_dis: 0.880367, CTCLoss: 8.529188, NRTRLoss: 1.392922, loss: 9.920293, avg_reader_cost: 0.00285 s, avg_batch_cost: 0.51376 s, avg_samples: 102.3, ips: 199.12080 samples/s, eta: 1:26:33, max_mem_reserved: 25002 MB, max_mem_allocated: 13654 MB
[2025/11/14 19:40:44] ppocr INFO: epoch: [11/20], global_step: 11870, lr: 0.000004, acc: 0.411765, norm_edit_dis: 0.876417, CTCLoss: 9.042969, NRTRLoss: 1.397613, loss: 10.416683, avg_reader_cost: 0.00282 s, avg_batch_cost: 0.48015 s, avg_samples: 98.0, ips: 204.10224 samples/s, eta: 1:26:28, max_mem_reserved: 25002 MB, max_mem_allocated: 13654 MB
[2025/11/14 19:40:48] ppocr INFO: epoch: [11/20], global_step: 11880, lr: 0.000004, acc: 0.448162, norm_edit_dis: 0.890176, CTCLoss: 7.164082, NRTRLoss: 1.399734, loss: 8.552586, avg_reader_cost: 0.00331 s, avg_batch_cost: 0.46133 s, avg_samples: 91.7, ips: 198.77327 samples/s, eta: 1:26:22, max_mem_reserved: 25002 MB, max_mem_allocated: 13654 MB
[2025/11/14 19:40:53] ppocr INFO: epoch: [11/20], global_step: 11890, lr: 0.000003, acc: 0.463787, norm_edit_dis: 0.889356, CTCLoss: 7.056854, NRTRLoss: 1.399734, loss: 8.445451, avg_reader_cost: 0.00288 s, avg_batch_cost: 0.47329 s, avg_samples: 98.0, ips: 207.06050 samples/s, eta: 1:26:16, max_mem_reserved: 25002 MB, max_mem_allocated: 13654 MB
[2025/11/14 19:40:58] ppocr INFO: epoch: [11/20], global_step: 11900, lr: 0.000003, acc: 0.452941, norm_edit_dis: 0.876705, CTCLoss: 8.156705, NRTRLoss: 1.415369, loss: 9.558565, avg_reader_cost: 0.00292 s, avg_batch_cost: 0.48552 s, avg_samples: 102.3, ips: 210.70249 samples/s, eta: 1:26:11, max_mem_reserved: 25002 MB, max_mem_allocated: 13654 MB
[2025/11/14 19:41:27] ppocr INFO: cur metric, acc: 0.5331999994668, norm_edit_dis: 0.9121754515122896, fps: 924.8043273295746
[2025/11/14 19:41:27] ppocr INFO: best metric, acc: 0.5510999994489, is_float16: False, norm_edit_dis: 0.9158986477924652, fps: 923.3521373260172, best_epoch: 11
[2025/11/14 19:41:31] ppocr INFO: epoch: [11/20], global_step: 11910, lr: 0.000003, acc: 0.464706, norm_edit_dis: 0.878285, CTCLoss: 8.647402, NRTRLoss: 1.415369, loss: 10.064101, avg_reader_cost: 0.00293 s, avg_batch_cost: 0.47788 s, avg_samples: 95.9, ips: 200.67727 samples/s, eta: 1:26:05, max_mem_reserved: 25002 MB, max_mem_allocated: 13654 MB
[2025/11/14 19:41:36] ppocr INFO: epoch: [11/20], global_step: 11920, lr: 0.000003, acc: 0.482353, norm_edit_dis: 0.887827, CTCLoss: 7.435074, NRTRLoss: 1.392214, loss: 8.815923, avg_reader_cost: 0.00278 s, avg_batch_cost: 0.46581 s, avg_samples: 93.8, ips: 201.37122 samples/s, eta: 1:25:59, max_mem_reserved: 25002 MB, max_mem_allocated: 13654 MB
[2025/11/14 19:41:41] ppocr INFO: epoch: [11/20], global_step: 11930, lr: 0.000003, acc: 0.401287, norm_edit_dis: 0.882695, CTCLoss: 6.924158, NRTRLoss: 1.410390, loss: 8.319896, avg_reader_cost: 0.00287 s, avg_batch_cost: 0.48107 s, avg_samples: 100.2, ips: 208.28636 samples/s, eta: 1:25:54, max_mem_reserved: 25002 MB, max_mem_allocated: 13654 MB
[2025/11/14 19:41:46] ppocr INFO: epoch: [11/20], global_step: 11940, lr: 0.000003, acc: 0.441176, norm_edit_dis: 0.869189, CTCLoss: 8.886855, NRTRLoss: 1.413341, loss: 10.281542, avg_reader_cost: 0.00278 s, avg_batch_cost: 0.47542 s, avg_samples: 98.0, ips: 206.13383 samples/s, eta: 1:25:48, max_mem_reserved: 25002 MB, max_mem_allocated: 13654 MB
[2025/11/14 19:41:48] ppocr INFO: epoch: [11/20], global_step: 11946, lr: 0.000003, acc: 0.441176, norm_edit_dis: 0.869189, CTCLoss: 8.886855, NRTRLoss: 1.413341, loss: 10.281542, avg_reader_cost: 0.00166 s, avg_batch_cost: 0.28844 s, avg_samples: 59.7, ips: 206.97423 samples/s, eta: 1:25:45, max_mem_reserved: 25002 MB, max_mem_allocated: 13654 MB
[2025/11/14 19:41:52] ppocr INFO: save model in ./output/latest
[2025/11/14 19:41:53] ppocr INFO: save model in ./output/iter_epoch_11
[2025/11/14 19:41:56] ppocr INFO: epoch: [12/20], global_step: 11950, lr: 0.000003, acc: 0.452941, norm_edit_dis: 0.879618, CTCLoss: 7.994226, NRTRLoss: 1.398501, loss: 9.364457, avg_reader_cost: 0.54740 s, avg_batch_cost: 0.72678 s, avg_samples: 34.1, ips: 46.91903 samples/s, eta: 1:25:47, max_mem_reserved: 25002 MB, max_mem_allocated: 13654 MB
[2025/11/14 19:42:00] ppocr INFO: epoch: [12/20], global_step: 11960, lr: 0.000003, acc: 0.446232, norm_edit_dis: 0.900546, CTCLoss: 7.304675, NRTRLoss: 1.379197, loss: 8.656781, avg_reader_cost: 0.00282 s, avg_batch_cost: 0.44999 s, avg_samples: 87.4, ips: 194.22865 samples/s, eta: 1:25:41, max_mem_reserved: 25002 MB, max_mem_allocated: 13654 MB
[2025/11/14 19:42:05] ppocr INFO: epoch: [12/20], global_step: 11970, lr: 0.000003, acc: 0.452114, norm_edit_dis: 0.893294, CTCLoss: 6.259191, NRTRLoss: 1.379050, loss: 7.644561, avg_reader_cost: 0.00283 s, avg_batch_cost: 0.45584 s, avg_samples: 89.6, ips: 196.56017 samples/s, eta: 1:25:35, max_mem_reserved: 25002 MB, max_mem_allocated: 13654 MB
[2025/11/14 19:42:09] ppocr INFO: epoch: [12/20], global_step: 11980, lr: 0.000003, acc: 0.502941, norm_edit_dis: 0.901934, CTCLoss: 7.871521, NRTRLoss: 1.385000, loss: 9.257832, avg_reader_cost: 0.00280 s, avg_batch_cost: 0.46007 s, avg_samples: 91.6, ips: 199.09913 samples/s, eta: 1:25:29, max_mem_reserved: 25002 MB, max_mem_allocated: 13654 MB
[2025/11/14 19:42:14] ppocr INFO: epoch: [12/20], global_step: 11990, lr: 0.000003, acc: 0.483364, norm_edit_dis: 0.892752, CTCLoss: 8.011072, NRTRLoss: 1.383912, loss: 9.403928, avg_reader_cost: 0.00339 s, avg_batch_cost: 0.46123 s, avg_samples: 91.6, ips: 198.59756 samples/s, eta: 1:25:23, max_mem_reserved: 25002 MB, max_mem_allocated: 13654 MB
[2025/11/14 19:42:19] ppocr INFO: epoch: [12/20], global_step: 12000, lr: 0.000003, acc: 0.448162, norm_edit_dis: 0.888894, CTCLoss: 7.500489, NRTRLoss: 1.382915, loss: 8.888535, avg_reader_cost: 0.00333 s, avg_batch_cost: 0.45669 s, avg_samples: 89.5, ips: 195.97689 samples/s, eta: 1:25:18, max_mem_reserved: 25002 MB, max_mem_allocated: 13654 MB
[2025/11/14 19:42:47] ppocr INFO: cur metric, acc: 0.5543999994456, norm_edit_dis: 0.9173266406549696, fps: 921.3584830591611
[2025/11/14 19:42:50] ppocr INFO: save best model is to ./output/best_accuracy
[2025/11/14 19:42:50] ppocr INFO: best metric, acc: 0.5543999994456, is_float16: False, norm_edit_dis: 0.9173266406549696, fps: 921.3584830591611, best_epoch: 12
[2025/11/14 19:42:54] ppocr INFO: epoch: [12/20], global_step: 12010, lr: 0.000003, acc: 0.470588, norm_edit_dis: 0.899730, CTCLoss: 6.955898, NRTRLoss: 1.384575, loss: 8.333131, avg_reader_cost: 0.00286 s, avg_batch_cost: 0.45692 s, avg_samples: 81.0, ips: 177.27533 samples/s, eta: 1:25:12, max_mem_reserved: 25002 MB, max_mem_allocated: 13654 MB
[2025/11/14 19:42:59] ppocr INFO: epoch: [12/20], global_step: 12020, lr: 0.000003, acc: 0.454044, norm_edit_dis: 0.892884, CTCLoss: 7.302849, NRTRLoss: 1.386741, loss: 8.679419, avg_reader_cost: 0.00280 s, avg_batch_cost: 0.49987 s, avg_samples: 106.6, ips: 213.25587 samples/s, eta: 1:25:06, max_mem_reserved: 25002 MB, max_mem_allocated: 13654 MB
[2025/11/14 19:43:04] ppocr INFO: epoch: [12/20], global_step: 12030, lr: 0.000003, acc: 0.482353, norm_edit_dis: 0.892130, CTCLoss: 7.162648, NRTRLoss: 1.385114, loss: 8.546420, avg_reader_cost: 0.00278 s, avg_batch_cost: 0.45866 s, avg_samples: 89.4, ips: 194.91412 samples/s, eta: 1:25:00, max_mem_reserved: 25002 MB, max_mem_allocated: 13654 MB
[2025/11/14 19:43:09] ppocr INFO: epoch: [12/20], global_step: 12040, lr: 0.000003, acc: 0.494118, norm_edit_dis: 0.895086, CTCLoss: 7.159790, NRTRLoss: 1.379775, loss: 8.542162, avg_reader_cost: 0.00325 s, avg_batch_cost: 0.46913 s, avg_samples: 91.6, ips: 195.25615 samples/s, eta: 1:24:55, max_mem_reserved: 25002 MB, max_mem_allocated: 13654 MB
[2025/11/14 19:43:13] ppocr INFO: epoch: [12/20], global_step: 12050, lr: 0.000003, acc: 0.477482, norm_edit_dis: 0.893970, CTCLoss: 6.924292, NRTRLoss: 1.388888, loss: 8.308356, avg_reader_cost: 0.00281 s, avg_batch_cost: 0.45448 s, avg_samples: 87.3, ips: 192.08940 samples/s, eta: 1:24:49, max_mem_reserved: 25002 MB, max_mem_allocated: 13654 MB
[2025/11/14 19:43:18] ppocr INFO: epoch: [12/20], global_step: 12060, lr: 0.000003, acc: 0.442279, norm_edit_dis: 0.889771, CTCLoss: 7.788467, NRTRLoss: 1.394640, loss: 9.166808, avg_reader_cost: 0.00279 s, avg_batch_cost: 0.48573 s, avg_samples: 100.2, ips: 206.28575 samples/s, eta: 1:24:43, max_mem_reserved: 25002 MB, max_mem_allocated: 13654 MB
[2025/11/14 19:43:23] ppocr INFO: epoch: [12/20], global_step: 12070, lr: 0.000003, acc: 0.367187, norm_edit_dis: 0.840334, CTCLoss: 10.369881, NRTRLoss: 1.420487, loss: 11.790039, avg_reader_cost: 0.00277 s, avg_batch_cost: 0.47891 s, avg_samples: 96.0, ips: 200.45520 samples/s, eta: 1:24:38, max_mem_reserved: 25002 MB, max_mem_allocated: 13654 MB
[2025/11/14 19:43:27] ppocr INFO: epoch: [12/20], global_step: 12080, lr: 0.000003, acc: 0.468750, norm_edit_dis: 0.885130, CTCLoss: 7.956861, NRTRLoss: 1.396573, loss: 9.346517, avg_reader_cost: 0.00281 s, avg_batch_cost: 0.44097 s, avg_samples: 80.9, ips: 183.46018 samples/s, eta: 1:24:32, max_mem_reserved: 25002 MB, max_mem_allocated: 13654 MB
[2025/11/14 19:43:32] ppocr INFO: epoch: [12/20], global_step: 12090, lr: 0.000003, acc: 0.500000, norm_edit_dis: 0.892178, CTCLoss: 7.869664, NRTRLoss: 1.389042, loss: 9.258204, avg_reader_cost: 0.00281 s, avg_batch_cost: 0.47959 s, avg_samples: 98.0, ips: 204.34161 samples/s, eta: 1:24:26, max_mem_reserved: 25002 MB, max_mem_allocated: 13654 MB
[2025/11/14 19:43:37] ppocr INFO: epoch: [12/20], global_step: 12100, lr: 0.000003, acc: 0.469669, norm_edit_dis: 0.889940, CTCLoss: 7.628571, NRTRLoss: 1.387963, loss: 9.005109, avg_reader_cost: 0.00330 s, avg_batch_cost: 0.49613 s, avg_samples: 100.2, ips: 201.96437 samples/s, eta: 1:24:21, max_mem_reserved: 25002 MB, max_mem_allocated: 13654 MB
[2025/11/14 19:44:06] ppocr INFO: cur metric, acc: 0.5197999994802001, norm_edit_dis: 0.9070579962432089, fps: 922.2956081373032
[2025/11/14 19:44:06] ppocr INFO: best metric, acc: 0.5543999994456, is_float16: False, norm_edit_dis: 0.9173266406549696, fps: 921.3584830591611, best_epoch: 12
[2025/11/14 19:44:11] ppocr INFO: epoch: [12/20], global_step: 12110, lr: 0.000003, acc: 0.316406, norm_edit_dis: 0.788342, CTCLoss: 13.481072, NRTRLoss: 1.439678, loss: 14.932935, avg_reader_cost: 0.00305 s, avg_batch_cost: 0.49689 s, avg_samples: 106.6, ips: 214.53568 samples/s, eta: 1:24:15, max_mem_reserved: 25002 MB, max_mem_allocated: 13654 MB
[2025/11/14 19:44:16] ppocr INFO: epoch: [12/20], global_step: 12120, lr: 0.000003, acc: 0.360156, norm_edit_dis: 0.833258, CTCLoss: 10.450182, NRTRLoss: 1.419767, loss: 11.878972, avg_reader_cost: 0.00277 s, avg_batch_cost: 0.49243 s, avg_samples: 98.0, ips: 199.01186 samples/s, eta: 1:24:10, max_mem_reserved: 25002 MB, max_mem_allocated: 13654 MB
[2025/11/14 19:44:21] ppocr INFO: epoch: [12/20], global_step: 12130, lr: 0.000003, acc: 0.464706, norm_edit_dis: 0.886472, CTCLoss: 7.473140, NRTRLoss: 1.388830, loss: 8.854836, avg_reader_cost: 0.00335 s, avg_batch_cost: 0.48266 s, avg_samples: 97.9, ips: 202.83248 samples/s, eta: 1:24:04, max_mem_reserved: 25002 MB, max_mem_allocated: 13654 MB
[2025/11/14 19:44:26] ppocr INFO: epoch: [12/20], global_step: 12140, lr: 0.000003, acc: 0.497059, norm_edit_dis: 0.893097, CTCLoss: 6.959725, NRTRLoss: 1.391071, loss: 8.333777, avg_reader_cost: 0.00285 s, avg_batch_cost: 0.46388 s, avg_samples: 91.6, ips: 197.46529 samples/s, eta: 1:23:58, max_mem_reserved: 25002 MB, max_mem_allocated: 13654 MB
[2025/11/14 19:44:30] ppocr INFO: epoch: [12/20], global_step: 12150, lr: 0.000003, acc: 0.507812, norm_edit_dis: 0.891991, CTCLoss: 6.835939, NRTRLoss: 1.396786, loss: 8.214203, avg_reader_cost: 0.00284 s, avg_batch_cost: 0.45991 s, avg_samples: 89.5, ips: 194.60200 samples/s, eta: 1:23:52, max_mem_reserved: 25002 MB, max_mem_allocated: 13654 MB
[2025/11/14 19:44:35] ppocr INFO: epoch: [12/20], global_step: 12160, lr: 0.000003, acc: 0.516636, norm_edit_dis: 0.894768, CTCLoss: 6.813628, NRTRLoss: 1.381959, loss: 8.195443, avg_reader_cost: 0.00281 s, avg_batch_cost: 0.44985 s, avg_samples: 85.2, ips: 189.39694 samples/s, eta: 1:23:47, max_mem_reserved: 25002 MB, max_mem_allocated: 13654 MB
[2025/11/14 19:44:39] ppocr INFO: epoch: [12/20], global_step: 12170, lr: 0.000003, acc: 0.510754, norm_edit_dis: 0.893882, CTCLoss: 6.813628, NRTRLoss: 1.377633, loss: 8.200003, avg_reader_cost: 0.00301 s, avg_batch_cost: 0.45376 s, avg_samples: 87.3, ips: 192.39274 samples/s, eta: 1:23:41, max_mem_reserved: 25002 MB, max_mem_allocated: 13654 MB
[2025/11/14 19:44:44] ppocr INFO: epoch: [12/20], global_step: 12180, lr: 0.000003, acc: 0.500000, norm_edit_dis: 0.893882, CTCLoss: 6.562484, NRTRLoss: 1.376298, loss: 7.950506, avg_reader_cost: 0.00330 s, avg_batch_cost: 0.44868 s, avg_samples: 85.2, ips: 189.89010 samples/s, eta: 1:23:35, max_mem_reserved: 25002 MB, max_mem_allocated: 13654 MB
[2025/11/14 19:44:49] ppocr INFO: epoch: [12/20], global_step: 12190, lr: 0.000003, acc: 0.452941, norm_edit_dis: 0.891404, CTCLoss: 7.098894, NRTRLoss: 1.383766, loss: 8.477265, avg_reader_cost: 0.00283 s, avg_batch_cost: 0.48543 s, avg_samples: 98.0, ips: 201.88253 samples/s, eta: 1:23:29, max_mem_reserved: 25002 MB, max_mem_allocated: 13654 MB
[2025/11/14 19:44:53] ppocr INFO: epoch: [12/20], global_step: 12200, lr: 0.000003, acc: 0.398437, norm_edit_dis: 0.864220, CTCLoss: 8.942267, NRTRLoss: 1.401940, loss: 10.343081, avg_reader_cost: 0.00280 s, avg_batch_cost: 0.48036 s, avg_samples: 98.1, ips: 204.22115 samples/s, eta: 1:23:24, max_mem_reserved: 25002 MB, max_mem_allocated: 13654 MB
[2025/11/14 19:45:22] ppocr INFO: cur metric, acc: 0.53999999946, norm_edit_dis: 0.9147528838014828, fps: 919.8049207531678
[2025/11/14 19:45:22] ppocr INFO: best metric, acc: 0.5543999994456, is_float16: False, norm_edit_dis: 0.9173266406549696, fps: 921.3584830591611, best_epoch: 12
[2025/11/14 19:45:27] ppocr INFO: epoch: [12/20], global_step: 12210, lr: 0.000003, acc: 0.418842, norm_edit_dis: 0.871840, CTCLoss: 8.617889, NRTRLoss: 1.421484, loss: 10.019829, avg_reader_cost: 0.00297 s, avg_batch_cost: 0.47809 s, avg_samples: 98.0, ips: 204.98383 samples/s, eta: 1:23:18, max_mem_reserved: 25002 MB, max_mem_allocated: 13654 MB
[2025/11/14 19:45:32] ppocr INFO: epoch: [12/20], global_step: 12220, lr: 0.000003, acc: 0.450092, norm_edit_dis: 0.885860, CTCLoss: 7.690720, NRTRLoss: 1.390157, loss: 9.097532, avg_reader_cost: 0.00281 s, avg_batch_cost: 0.44905 s, avg_samples: 87.3, ips: 194.41246 samples/s, eta: 1:23:12, max_mem_reserved: 25002 MB, max_mem_allocated: 13654 MB
[2025/11/14 19:45:36] ppocr INFO: epoch: [12/20], global_step: 12230, lr: 0.000003, acc: 0.470588, norm_edit_dis: 0.890090, CTCLoss: 7.455593, NRTRLoss: 1.383371, loss: 8.839371, avg_reader_cost: 0.00287 s, avg_batch_cost: 0.45966 s, avg_samples: 87.4, ips: 190.13889 samples/s, eta: 1:23:06, max_mem_reserved: 25002 MB, max_mem_allocated: 13654 MB
[2025/11/14 19:45:41] ppocr INFO: epoch: [12/20], global_step: 12240, lr: 0.000003, acc: 0.470588, norm_edit_dis: 0.887081, CTCLoss: 7.248214, NRTRLoss: 1.382986, loss: 8.669134, avg_reader_cost: 0.00281 s, avg_batch_cost: 0.45835 s, avg_samples: 91.6, ips: 199.84878 samples/s, eta: 1:23:01, max_mem_reserved: 25002 MB, max_mem_allocated: 13654 MB
[2025/11/14 19:45:46] ppocr INFO: epoch: [12/20], global_step: 12250, lr: 0.000003, acc: 0.460937, norm_edit_dis: 0.887389, CTCLoss: 7.451151, NRTRLoss: 1.390310, loss: 8.840073, avg_reader_cost: 0.00284 s, avg_batch_cost: 0.47659 s, avg_samples: 100.1, ips: 210.03434 samples/s, eta: 1:22:55, max_mem_reserved: 25002 MB, max_mem_allocated: 13654 MB
[2025/11/14 19:45:51] ppocr INFO: epoch: [12/20], global_step: 12260, lr: 0.000003, acc: 0.324219, norm_edit_dis: 0.803615, CTCLoss: 12.113883, NRTRLoss: 1.425152, loss: 13.548402, avg_reader_cost: 0.00336 s, avg_batch_cost: 0.50608 s, avg_samples: 110.9, ips: 219.13453 samples/s, eta: 1:22:50, max_mem_reserved: 25002 MB, max_mem_allocated: 13654 MB
[2025/11/14 19:45:55] ppocr INFO: epoch: [12/20], global_step: 12270, lr: 0.000003, acc: 0.414062, norm_edit_dis: 0.886034, CTCLoss: 6.891366, NRTRLoss: 1.390197, loss: 8.261649, avg_reader_cost: 0.00329 s, avg_batch_cost: 0.42720 s, avg_samples: 76.7, ips: 179.54220 samples/s, eta: 1:22:44, max_mem_reserved: 25002 MB, max_mem_allocated: 13654 MB
[2025/11/14 19:46:00] ppocr INFO: epoch: [12/20], global_step: 12280, lr: 0.000003, acc: 0.475551, norm_edit_dis: 0.895867, CTCLoss: 6.398438, NRTRLoss: 1.377024, loss: 7.774817, avg_reader_cost: 0.00285 s, avg_batch_cost: 0.45528 s, avg_samples: 91.6, ips: 201.19294 samples/s, eta: 1:22:38, max_mem_reserved: 25002 MB, max_mem_allocated: 13654 MB
[2025/11/14 19:46:04] ppocr INFO: epoch: [12/20], global_step: 12290, lr: 0.000003, acc: 0.484375, norm_edit_dis: 0.886153, CTCLoss: 7.016260, NRTRLoss: 1.404722, loss: 8.405951, avg_reader_cost: 0.00278 s, avg_batch_cost: 0.47007 s, avg_samples: 98.0, ips: 208.48016 samples/s, eta: 1:22:32, max_mem_reserved: 25002 MB, max_mem_allocated: 13654 MB
[2025/11/14 19:46:09] ppocr INFO: epoch: [12/20], global_step: 12300, lr: 0.000003, acc: 0.491176, norm_edit_dis: 0.890533, CTCLoss: 6.887218, NRTRLoss: 1.387222, loss: 8.258129, avg_reader_cost: 0.00303 s, avg_batch_cost: 0.45702 s, avg_samples: 91.6, ips: 200.42913 samples/s, eta: 1:22:26, max_mem_reserved: 25002 MB, max_mem_allocated: 13654 MB
[2025/11/14 19:46:37] ppocr INFO: cur metric, acc: 0.5442999994557001, norm_edit_dis: 0.9146068175882328, fps: 923.72398784455
[2025/11/14 19:46:37] ppocr INFO: best metric, acc: 0.5543999994456, is_float16: False, norm_edit_dis: 0.9173266406549696, fps: 921.3584830591611, best_epoch: 12
[2025/11/14 19:46:42] ppocr INFO: epoch: [12/20], global_step: 12310, lr: 0.000003, acc: 0.469669, norm_edit_dis: 0.891598, CTCLoss: 6.868319, NRTRLoss: 1.391180, loss: 8.253663, avg_reader_cost: 0.00279 s, avg_batch_cost: 0.45339 s, avg_samples: 91.6, ips: 202.03326 samples/s, eta: 1:22:21, max_mem_reserved: 25002 MB, max_mem_allocated: 13654 MB
[2025/11/14 19:46:47] ppocr INFO: epoch: [12/20], global_step: 12320, lr: 0.000003, acc: 0.498989, norm_edit_dis: 0.891408, CTCLoss: 7.018131, NRTRLoss: 1.397863, loss: 8.413175, avg_reader_cost: 0.00278 s, avg_batch_cost: 0.45558 s, avg_samples: 91.6, ips: 201.06161 samples/s, eta: 1:22:15, max_mem_reserved: 25002 MB, max_mem_allocated: 13654 MB
[2025/11/14 19:46:52] ppocr INFO: epoch: [12/20], global_step: 12330, lr: 0.000003, acc: 0.417969, norm_edit_dis: 0.833608, CTCLoss: 11.521757, NRTRLoss: 1.416469, loss: 12.939280, avg_reader_cost: 0.00285 s, avg_batch_cost: 0.50467 s, avg_samples: 110.9, ips: 219.74817 samples/s, eta: 1:22:09, max_mem_reserved: 25002 MB, max_mem_allocated: 13654 MB
[2025/11/14 19:46:56] ppocr INFO: epoch: [12/20], global_step: 12340, lr: 0.000003, acc: 0.469669, norm_edit_dis: 0.885013, CTCLoss: 7.447986, NRTRLoss: 1.399070, loss: 8.827371, avg_reader_cost: 0.00281 s, avg_batch_cost: 0.44645 s, avg_samples: 87.3, ips: 195.54368 samples/s, eta: 1:22:04, max_mem_reserved: 25002 MB, max_mem_allocated: 13654 MB
[2025/11/14 19:47:01] ppocr INFO: epoch: [12/20], global_step: 12350, lr: 0.000003, acc: 0.530331, norm_edit_dis: 0.911051, CTCLoss: 6.083977, NRTRLoss: 1.377263, loss: 7.460213, avg_reader_cost: 0.00284 s, avg_batch_cost: 0.43968 s, avg_samples: 83.1, ips: 189.00193 samples/s, eta: 1:21:58, max_mem_reserved: 25002 MB, max_mem_allocated: 13654 MB
[2025/11/14 19:47:05] ppocr INFO: epoch: [12/20], global_step: 12360, lr: 0.000003, acc: 0.516636, norm_edit_dis: 0.901184, CTCLoss: 6.934368, NRTRLoss: 1.380430, loss: 8.308178, avg_reader_cost: 0.00343 s, avg_batch_cost: 0.45209 s, avg_samples: 85.2, ips: 188.45820 samples/s, eta: 1:21:52, max_mem_reserved: 25002 MB, max_mem_allocated: 13654 MB
[2025/11/14 19:47:10] ppocr INFO: epoch: [12/20], global_step: 12370, lr: 0.000003, acc: 0.529412, norm_edit_dis: 0.899138, CTCLoss: 6.934368, NRTRLoss: 1.382928, loss: 8.308178, avg_reader_cost: 0.00281 s, avg_batch_cost: 0.45447 s, avg_samples: 87.3, ips: 192.09297 samples/s, eta: 1:21:46, max_mem_reserved: 25002 MB, max_mem_allocated: 13654 MB
[2025/11/14 19:47:14] ppocr INFO: epoch: [12/20], global_step: 12380, lr: 0.000003, acc: 0.501011, norm_edit_dis: 0.900078, CTCLoss: 6.079834, NRTRLoss: 1.387785, loss: 7.467504, avg_reader_cost: 0.00282 s, avg_batch_cost: 0.46516 s, avg_samples: 91.5, ips: 196.70844 samples/s, eta: 1:21:40, max_mem_reserved: 25002 MB, max_mem_allocated: 13654 MB
[2025/11/14 19:47:19] ppocr INFO: epoch: [12/20], global_step: 12390, lr: 0.000003, acc: 0.464706, norm_edit_dis: 0.885144, CTCLoss: 7.014425, NRTRLoss: 1.402042, loss: 8.419147, avg_reader_cost: 0.00286 s, avg_batch_cost: 0.49286 s, avg_samples: 102.3, ips: 207.56524 samples/s, eta: 1:21:35, max_mem_reserved: 25002 MB, max_mem_allocated: 13654 MB
[2025/11/14 19:47:24] ppocr INFO: epoch: [12/20], global_step: 12400, lr: 0.000003, acc: 0.453125, norm_edit_dis: 0.877415, CTCLoss: 7.287240, NRTRLoss: 1.415602, loss: 8.708282, avg_reader_cost: 0.00281 s, avg_batch_cost: 0.47084 s, avg_samples: 93.8, ips: 199.21637 samples/s, eta: 1:21:29, max_mem_reserved: 25002 MB, max_mem_allocated: 13654 MB
[2025/11/14 19:47:53] ppocr INFO: cur metric, acc: 0.5353999994646, norm_edit_dis: 0.9117937905953003, fps: 919.1343547739083
[2025/11/14 19:47:53] ppocr INFO: best metric, acc: 0.5543999994456, is_float16: False, norm_edit_dis: 0.9173266406549696, fps: 921.3584830591611, best_epoch: 12
[2025/11/14 19:47:58] ppocr INFO: epoch: [12/20], global_step: 12410, lr: 0.000003, acc: 0.491176, norm_edit_dis: 0.900862, CTCLoss: 6.235526, NRTRLoss: 1.375478, loss: 7.616518, avg_reader_cost: 0.00286 s, avg_batch_cost: 0.44043 s, avg_samples: 83.0, ips: 188.45030 samples/s, eta: 1:21:23, max_mem_reserved: 25002 MB, max_mem_allocated: 13654 MB
[2025/11/14 19:48:02] ppocr INFO: epoch: [12/20], global_step: 12420, lr: 0.000003, acc: 0.502941, norm_edit_dis: 0.900862, CTCLoss: 6.266494, NRTRLoss: 1.375911, loss: 7.637533, avg_reader_cost: 0.00279 s, avg_batch_cost: 0.46139 s, avg_samples: 91.6, ips: 198.53096 samples/s, eta: 1:21:18, max_mem_reserved: 25002 MB, max_mem_allocated: 13654 MB
[2025/11/14 19:48:07] ppocr INFO: epoch: [12/20], global_step: 12430, lr: 0.000003, acc: 0.469669, norm_edit_dis: 0.892221, CTCLoss: 7.155996, NRTRLoss: 1.392509, loss: 8.532662, avg_reader_cost: 0.00283 s, avg_batch_cost: 0.47710 s, avg_samples: 98.0, ips: 205.40823 samples/s, eta: 1:21:12, max_mem_reserved: 25002 MB, max_mem_allocated: 13654 MB
[2025/11/14 19:48:11] ppocr INFO: epoch: [12/20], global_step: 12440, lr: 0.000003, acc: 0.469669, norm_edit_dis: 0.892260, CTCLoss: 7.390904, NRTRLoss: 1.387496, loss: 8.781563, avg_reader_cost: 0.00282 s, avg_batch_cost: 0.41982 s, avg_samples: 72.5, ips: 172.69196 samples/s, eta: 1:21:06, max_mem_reserved: 25002 MB, max_mem_allocated: 13654 MB
[2025/11/14 19:48:16] ppocr INFO: epoch: [12/20], global_step: 12450, lr: 0.000003, acc: 0.505882, norm_edit_dis: 0.899258, CTCLoss: 7.009524, NRTRLoss: 1.383350, loss: 8.383892, avg_reader_cost: 0.00280 s, avg_batch_cost: 0.44940 s, avg_samples: 87.3, ips: 194.26076 samples/s, eta: 1:21:00, max_mem_reserved: 25002 MB, max_mem_allocated: 13654 MB
[2025/11/14 19:48:20] ppocr INFO: epoch: [12/20], global_step: 12460, lr: 0.000003, acc: 0.505882, norm_edit_dis: 0.902798, CTCLoss: 6.807004, NRTRLoss: 1.385468, loss: 8.182145, avg_reader_cost: 0.00284 s, avg_batch_cost: 0.44698 s, avg_samples: 85.3, ips: 190.83500 samples/s, eta: 1:20:54, max_mem_reserved: 25002 MB, max_mem_allocated: 13654 MB
[2025/11/14 19:48:25] ppocr INFO: epoch: [12/20], global_step: 12470, lr: 0.000003, acc: 0.530331, norm_edit_dis: 0.893005, CTCLoss: 6.667209, NRTRLoss: 1.383039, loss: 8.038677, avg_reader_cost: 0.00279 s, avg_batch_cost: 0.48479 s, avg_samples: 102.2, ips: 210.81176 samples/s, eta: 1:20:49, max_mem_reserved: 25002 MB, max_mem_allocated: 13654 MB
[2025/11/14 19:48:30] ppocr INFO: epoch: [12/20], global_step: 12480, lr: 0.000003, acc: 0.530331, norm_edit_dis: 0.898706, CTCLoss: 6.810406, NRTRLoss: 1.375887, loss: 8.200237, avg_reader_cost: 0.00283 s, avg_batch_cost: 0.46110 s, avg_samples: 91.6, ips: 198.65529 samples/s, eta: 1:20:43, max_mem_reserved: 25002 MB, max_mem_allocated: 13654 MB
