[2025/11/14 12:33:01] ppocr WARNING: You are using VisualDL, the VisualDL is deprecated and removed in ppocr!
[2025/11/14 12:33:01] ppocr INFO: Architecture : 
[2025/11/14 12:33:01] ppocr INFO:     Backbone : 
[2025/11/14 12:33:01] ppocr INFO:         name : PPHGNetV2_B4
[2025/11/14 12:33:01] ppocr INFO:         text_rec : True
[2025/11/14 12:33:01] ppocr INFO:     Head : 
[2025/11/14 12:33:01] ppocr INFO:         head_list : 
[2025/11/14 12:33:01] ppocr INFO:             CTCHead : 
[2025/11/14 12:33:01] ppocr INFO:                 Head : 
[2025/11/14 12:33:01] ppocr INFO:                     fc_decay : 1e-05
[2025/11/14 12:33:01] ppocr INFO:                 Neck : 
[2025/11/14 12:33:01] ppocr INFO:                     depth : 2
[2025/11/14 12:33:01] ppocr INFO:                     dims : 120
[2025/11/14 12:33:01] ppocr INFO:                     hidden_dims : 120
[2025/11/14 12:33:01] ppocr INFO:                     kernel_size : [1, 3]
[2025/11/14 12:33:01] ppocr INFO:                     name : svtr
[2025/11/14 12:33:01] ppocr INFO:                     use_guide : True
[2025/11/14 12:33:01] ppocr INFO:             NRTRHead : 
[2025/11/14 12:33:01] ppocr INFO:                 max_text_length : 75
[2025/11/14 12:33:01] ppocr INFO:                 nrtr_dim : 384
[2025/11/14 12:33:01] ppocr INFO:         name : MultiHead
[2025/11/14 12:33:01] ppocr INFO:     Transform : None
[2025/11/14 12:33:01] ppocr INFO:     algorithm : SVTR_HGNet
[2025/11/14 12:33:01] ppocr INFO:     model_type : rec
[2025/11/14 12:33:01] ppocr INFO: Eval : 
[2025/11/14 12:33:01] ppocr INFO:     dataset : 
[2025/11/14 12:33:01] ppocr INFO:         data_dir : ./text/typed_text/az_config_train
[2025/11/14 12:33:01] ppocr INFO:         label_file_list : ['./text/typed_text/az_config_train/val_list.txt']
[2025/11/14 12:33:01] ppocr INFO:         name : SimpleDataSet
[2025/11/14 12:33:01] ppocr INFO:         transforms : 
[2025/11/14 12:33:01] ppocr INFO:             DecodeImage : 
[2025/11/14 12:33:01] ppocr INFO:                 channel_first : False
[2025/11/14 12:33:01] ppocr INFO:                 img_mode : BGR
[2025/11/14 12:33:01] ppocr INFO:             MultiLabelEncode : 
[2025/11/14 12:33:01] ppocr INFO:                 gtc_encode : NRTRLabelEncode
[2025/11/14 12:33:01] ppocr INFO:             RecResizeImg : 
[2025/11/14 12:33:01] ppocr INFO:                 image_shape : [3, 48, 320]
[2025/11/14 12:33:01] ppocr INFO:             KeepKeys : 
[2025/11/14 12:33:01] ppocr INFO:                 keep_keys : ['image', 'label_ctc', 'label_gtc', 'length', 'valid_ratio']
[2025/11/14 12:33:01] ppocr INFO:     loader : 
[2025/11/14 12:33:01] ppocr INFO:         batch_size_per_card : 512
[2025/11/14 12:33:01] ppocr INFO:         drop_last : False
[2025/11/14 12:33:01] ppocr INFO:         num_workers : 24
[2025/11/14 12:33:01] ppocr INFO:         shuffle : False
[2025/11/14 12:33:01] ppocr INFO: Global : 
[2025/11/14 12:33:01] ppocr INFO:     cal_metric_during_train : True
[2025/11/14 12:33:01] ppocr INFO:     calc_epoch_interval : 1
[2025/11/14 12:33:01] ppocr INFO:     character_dict_path : ./text/typed_text/dict.txt
[2025/11/14 12:33:01] ppocr INFO:     checkpoints : None
[2025/11/14 12:33:01] ppocr INFO:     d2s_train_image_shape : [3, 48, 320]
[2025/11/14 12:33:01] ppocr INFO:     debug : True
[2025/11/14 12:33:01] ppocr INFO:     distributed : False
[2025/11/14 12:33:01] ppocr INFO:     early_stop : 
[2025/11/14 12:33:01] ppocr INFO:         min_delta : 0.001
[2025/11/14 12:33:01] ppocr INFO:         patience : 5
[2025/11/14 12:33:01] ppocr INFO:     epoch_num : 20
[2025/11/14 12:33:01] ppocr INFO:     eval_batch_step : [0, 100]
[2025/11/14 12:33:01] ppocr INFO:     infer_mode : False
[2025/11/14 12:33:01] ppocr INFO:     log_smooth_window : 20
[2025/11/14 12:33:01] ppocr INFO:     max_text_length : 75
[2025/11/14 12:33:01] ppocr INFO:     model_name : PP-OCRv5_server_rec
[2025/11/14 12:33:01] ppocr INFO:     pretrained_model : ./text/typed_text/pretrain_models/PP-OCRv5_server_rec_pretrained.pdparams
[2025/11/14 12:33:01] ppocr INFO:     print_batch_step : 10
[2025/11/14 12:33:01] ppocr INFO:     save_epoch_step : 1
[2025/11/14 12:33:01] ppocr INFO:     save_inference_dir : None
[2025/11/14 12:33:01] ppocr INFO:     save_model_dir : ./output
[2025/11/14 12:33:01] ppocr INFO:     save_res_path : ./output/rec/predicts_ppocrv5.txt
[2025/11/14 12:33:01] ppocr INFO:     use_gpu : True
[2025/11/14 12:33:01] ppocr INFO:     use_space_char : True
[2025/11/14 12:33:01] ppocr INFO:     use_visualdl : True
[2025/11/14 12:33:01] ppocr INFO: Loss : 
[2025/11/14 12:33:01] ppocr INFO:     loss_config_list : 
[2025/11/14 12:33:01] ppocr INFO:         CTCLoss : 
[2025/11/14 12:33:01] ppocr INFO:             weight : 1.0
[2025/11/14 12:33:01] ppocr INFO:         NRTRLoss : 
[2025/11/14 12:33:01] ppocr INFO:             weight : 1.5
[2025/11/14 12:33:01] ppocr INFO:     name : MultiLoss
[2025/11/14 12:33:01] ppocr INFO: Metric : 
[2025/11/14 12:33:01] ppocr INFO:     main_indicator : acc
[2025/11/14 12:33:01] ppocr INFO:     name : RecMetric
[2025/11/14 12:33:01] ppocr INFO: Optimizer : 
[2025/11/14 12:33:01] ppocr INFO:     beta1 : 0.9
[2025/11/14 12:33:01] ppocr INFO:     beta2 : 0.999
[2025/11/14 12:33:01] ppocr INFO:     lr : 
[2025/11/14 12:33:01] ppocr INFO:         learning_rate : 3e-05
[2025/11/14 12:33:01] ppocr INFO:         name : Cosine
[2025/11/14 12:33:01] ppocr INFO:         warmup_epoch : 2
[2025/11/14 12:33:01] ppocr INFO:     name : Adam
[2025/11/14 12:33:01] ppocr INFO:     regularizer : 
[2025/11/14 12:33:01] ppocr INFO:         factor : 0.0003
[2025/11/14 12:33:01] ppocr INFO:         name : L2
[2025/11/14 12:33:01] ppocr INFO: PostProcess : 
[2025/11/14 12:33:01] ppocr INFO:     name : CTCLabelDecode
[2025/11/14 12:33:01] ppocr INFO: Train : 
[2025/11/14 12:33:01] ppocr INFO:     dataset : 
[2025/11/14 12:33:01] ppocr INFO:         data_dir : ./text/typed_text/az_config_train
[2025/11/14 12:33:01] ppocr INFO:         ds_width : False
[2025/11/14 12:33:01] ppocr INFO:         ext_op_transform_idx : 1
[2025/11/14 12:33:01] ppocr INFO:         label_file_list : ['./text/typed_text/az_config_train/train_list.txt']
[2025/11/14 12:33:01] ppocr INFO:         name : MultiScaleDataSet
[2025/11/14 12:33:01] ppocr INFO:         transforms : 
[2025/11/14 12:33:01] ppocr INFO:             DecodeImage : 
[2025/11/14 12:33:01] ppocr INFO:                 channel_first : False
[2025/11/14 12:33:01] ppocr INFO:                 img_mode : BGR
[2025/11/14 12:33:01] ppocr INFO:             RecAug : None
[2025/11/14 12:33:01] ppocr INFO:             MultiLabelEncode : 
[2025/11/14 12:33:01] ppocr INFO:                 gtc_encode : NRTRLabelEncode
[2025/11/14 12:33:01] ppocr INFO:             KeepKeys : 
[2025/11/14 12:33:01] ppocr INFO:                 keep_keys : ['image', 'label_ctc', 'label_gtc', 'length', 'valid_ratio']
[2025/11/14 12:33:01] ppocr INFO:     loader : 
[2025/11/14 12:33:01] ppocr INFO:         batch_size_per_card : 1500
[2025/11/14 12:33:01] ppocr INFO:         drop_last : True
[2025/11/14 12:33:01] ppocr INFO:         num_workers : 24
[2025/11/14 12:33:01] ppocr INFO:         shuffle : True
[2025/11/14 12:33:01] ppocr INFO:     sampler : 
[2025/11/14 12:33:01] ppocr INFO:         divided_factor : [8, 16]
[2025/11/14 12:33:01] ppocr INFO:         first_bs : 128
[2025/11/14 12:33:01] ppocr INFO:         fix_bs : False
[2025/11/14 12:33:01] ppocr INFO:         is_training : True
[2025/11/14 12:33:01] ppocr INFO:         name : MultiScaleSampler
[2025/11/14 12:33:01] ppocr INFO:         scales : [[320, 32], [320, 48], [320, 64]]
[2025/11/14 12:33:01] ppocr INFO: profiler_options : None
[2025/11/14 12:33:01] ppocr INFO: train with paddle 3.0.0 and device Place(gpu:0)
[2025/11/14 12:33:01] ppocr INFO: Initialize indexes of datasets:['./text/typed_text/az_config_train/train_list.txt']
[2025/11/14 12:33:01] ppocr INFO: Initialize indexes of datasets:['./text/typed_text/az_config_train/val_list.txt']
[2025/11/14 12:33:02] ppocr INFO: train dataloader has 1086 iters
[2025/11/14 12:33:02] ppocr INFO: valid dataloader has 20 iters
[2025/11/14 12:33:02] ppocr WARNING: The shape of model params head.ctc_head.fc.weight [120, 18387] not matched with loaded params head.ctc_head.fc.weight [120, 18385] !
[2025/11/14 12:33:02] ppocr WARNING: The shape of model params head.ctc_head.fc.bias [18387] not matched with loaded params head.ctc_head.fc.bias [18385] !
[2025/11/14 12:33:02] ppocr WARNING: The shape of model params head.gtc_head.embedding.embedding.weight [18391, 384] not matched with loaded params head.gtc_head.embedding.embedding.weight [18389, 384] !
[2025/11/14 12:33:02] ppocr WARNING: The shape of model params head.gtc_head.tgt_word_prj.weight [384, 18391] not matched with loaded params head.gtc_head.tgt_word_prj.weight [384, 18389] !
[2025/11/14 12:33:03] ppocr INFO: load pretrain successful from ./text/typed_text/pretrain_models/PP-OCRv5_server_rec_pretrained
[2025/11/14 12:33:03] ppocr INFO: During the training process, after the 0th iteration, an evaluation is run every 100 iterations
[2025/11/14 12:33:11] ppocr INFO: epoch: [1/20], global_step: 10, lr: 0.000000, acc: 0.000000, norm_edit_dis: 0.000000, CTCLoss: 381.533966, NRTRLoss: 11.690099, loss: 393.185028, avg_reader_cost: 0.09444 s, avg_batch_cost: 0.79754 s, avg_samples: 104.5, ips: 131.02797 samples/s, eta: 4:48:34, max_mem_reserved: 14742 MB, max_mem_allocated: 13607 MB
[2025/11/14 12:33:17] ppocr INFO: epoch: [1/20], global_step: 20, lr: 0.000000, acc: 0.000000, norm_edit_dis: 0.000000, CTCLoss: 381.111191, NRTRLoss: 11.666816, loss: 392.820206, avg_reader_cost: 0.00283 s, avg_batch_cost: 0.65338 s, avg_samples: 100.2, ips: 153.35735 samples/s, eta: 4:22:22, max_mem_reserved: 14742 MB, max_mem_allocated: 13607 MB
[2025/11/14 12:33:24] ppocr INFO: epoch: [1/20], global_step: 30, lr: 0.000000, acc: 0.000000, norm_edit_dis: 0.000000, CTCLoss: 381.506973, NRTRLoss: 11.606724, loss: 393.123825, avg_reader_cost: 0.00323 s, avg_batch_cost: 0.64684 s, avg_samples: 93.8, ips: 145.01271 samples/s, eta: 4:12:46, max_mem_reserved: 14742 MB, max_mem_allocated: 13607 MB
[2025/11/14 12:33:29] ppocr INFO: epoch: [1/20], global_step: 40, lr: 0.000000, acc: 0.000000, norm_edit_dis: 0.000000, CTCLoss: 381.714691, NRTRLoss: 11.537815, loss: 393.197922, avg_reader_cost: 0.00286 s, avg_batch_cost: 0.59535 s, avg_samples: 93.8, ips: 157.55356 samples/s, eta: 4:03:16, max_mem_reserved: 14742 MB, max_mem_allocated: 13607 MB
[2025/11/14 12:33:35] ppocr INFO: epoch: [1/20], global_step: 50, lr: 0.000001, acc: 0.000000, norm_edit_dis: 0.000000, CTCLoss: 380.826096, NRTRLoss: 11.478316, loss: 392.258606, avg_reader_cost: 0.00288 s, avg_batch_cost: 0.56460 s, avg_samples: 78.9, ips: 139.74402 samples/s, eta: 3:55:18, max_mem_reserved: 14742 MB, max_mem_allocated: 13607 MB
[2025/11/14 12:33:41] ppocr INFO: epoch: [1/20], global_step: 60, lr: 0.000001, acc: 0.000000, norm_edit_dis: 0.000000, CTCLoss: 380.136688, NRTRLoss: 11.366961, loss: 391.465347, avg_reader_cost: 0.00302 s, avg_batch_cost: 0.60390 s, avg_samples: 98.0, ips: 162.27846 samples/s, eta: 3:52:20, max_mem_reserved: 14742 MB, max_mem_allocated: 13607 MB
[2025/11/14 12:33:47] ppocr INFO: epoch: [1/20], global_step: 70, lr: 0.000001, acc: 0.000000, norm_edit_dis: 0.000000, CTCLoss: 380.202316, NRTRLoss: 11.232006, loss: 391.319656, avg_reader_cost: 0.00290 s, avg_batch_cost: 0.61765 s, avg_samples: 85.3, ips: 138.10519 samples/s, eta: 3:50:53, max_mem_reserved: 14742 MB, max_mem_allocated: 13607 MB
[2025/11/14 12:33:54] ppocr INFO: epoch: [1/20], global_step: 80, lr: 0.000001, acc: 0.000000, norm_edit_dis: 0.000000, CTCLoss: 379.218903, NRTRLoss: 11.057536, loss: 390.266830, avg_reader_cost: 0.00287 s, avg_batch_cost: 0.63601 s, avg_samples: 93.8, ips: 147.48098 samples/s, eta: 3:50:36, max_mem_reserved: 14742 MB, max_mem_allocated: 13607 MB
[2025/11/14 12:34:00] ppocr INFO: epoch: [1/20], global_step: 90, lr: 0.000001, acc: 0.000000, norm_edit_dis: 0.000000, CTCLoss: 379.307953, NRTRLoss: 10.851492, loss: 390.168167, avg_reader_cost: 0.00286 s, avg_batch_cost: 0.59979 s, avg_samples: 85.3, ips: 142.21735 samples/s, eta: 3:48:55, max_mem_reserved: 14742 MB, max_mem_allocated: 13607 MB
[2025/11/14 12:34:05] ppocr INFO: epoch: [1/20], global_step: 100, lr: 0.000001, acc: 0.000000, norm_edit_dis: 0.000000, CTCLoss: 379.234528, NRTRLoss: 10.573193, loss: 389.921707, avg_reader_cost: 0.00288 s, avg_batch_cost: 0.57558 s, avg_samples: 89.5, ips: 155.49582 samples/s, eta: 3:46:40, max_mem_reserved: 14742 MB, max_mem_allocated: 13607 MB
[2025/11/14 12:34:36] ppocr INFO: cur metric, acc: 0.0, norm_edit_dis: 0.00011692651110084551, fps: 717.8371221712503
[2025/11/14 12:34:37] ppocr INFO: save best model is to ./output/best_accuracy
[2025/11/14 12:34:37] ppocr INFO: best metric, acc: 0.0, is_float16: False, norm_edit_dis: 0.00011692651110084551, fps: 717.8371221712503, best_epoch: 1
[2025/11/14 12:34:44] ppocr INFO: epoch: [1/20], global_step: 110, lr: 0.000001, acc: 0.000000, norm_edit_dis: 0.000000, CTCLoss: 378.129150, NRTRLoss: 10.303305, loss: 388.342545, avg_reader_cost: 0.00285 s, avg_batch_cost: 0.65438 s, avg_samples: 104.4, ips: 159.54032 samples/s, eta: 3:47:23, max_mem_reserved: 25002 MB, max_mem_allocated: 13607 MB
[2025/11/14 12:34:50] ppocr INFO: epoch: [1/20], global_step: 120, lr: 0.000002, acc: 0.000000, norm_edit_dis: 0.000000, CTCLoss: 378.449249, NRTRLoss: 9.949773, loss: 388.306122, avg_reader_cost: 0.00282 s, avg_batch_cost: 0.58581 s, avg_samples: 91.6, ips: 156.36586 samples/s, eta: 3:45:55, max_mem_reserved: 25002 MB, max_mem_allocated: 13607 MB
[2025/11/14 12:34:56] ppocr INFO: epoch: [1/20], global_step: 130, lr: 0.000002, acc: 0.000000, norm_edit_dis: 0.000000, CTCLoss: 377.360413, NRTRLoss: 9.576981, loss: 386.949371, avg_reader_cost: 0.00281 s, avg_batch_cost: 0.61723 s, avg_samples: 89.5, ips: 145.00185 samples/s, eta: 3:45:32, max_mem_reserved: 25002 MB, max_mem_allocated: 13607 MB
[2025/11/14 12:35:02] ppocr INFO: epoch: [1/20], global_step: 140, lr: 0.000002, acc: 0.000000, norm_edit_dis: 0.000000, CTCLoss: 377.195480, NRTRLoss: 9.105915, loss: 386.531250, avg_reader_cost: 0.00288 s, avg_batch_cost: 0.63624 s, avg_samples: 100.2, ips: 157.48896 samples/s, eta: 3:45:40, max_mem_reserved: 25002 MB, max_mem_allocated: 13607 MB
[2025/11/14 12:35:08] ppocr INFO: epoch: [1/20], global_step: 150, lr: 0.000002, acc: 0.000000, norm_edit_dis: 0.000000, CTCLoss: 375.758881, NRTRLoss: 8.595466, loss: 384.317902, avg_reader_cost: 0.00284 s, avg_batch_cost: 0.59812 s, avg_samples: 85.3, ips: 142.61353 samples/s, eta: 3:44:51, max_mem_reserved: 25002 MB, max_mem_allocated: 13607 MB
[2025/11/14 12:35:15] ppocr INFO: epoch: [1/20], global_step: 160, lr: 0.000002, acc: 0.000000, norm_edit_dis: 0.000000, CTCLoss: 374.974487, NRTRLoss: 8.240025, loss: 383.152832, avg_reader_cost: 0.00318 s, avg_batch_cost: 0.66435 s, avg_samples: 108.7, ips: 163.61816 samples/s, eta: 3:45:38, max_mem_reserved: 25002 MB, max_mem_allocated: 13607 MB
[2025/11/14 12:35:21] ppocr INFO: epoch: [1/20], global_step: 170, lr: 0.000002, acc: 0.000000, norm_edit_dis: 0.000000, CTCLoss: 374.903793, NRTRLoss: 7.666657, loss: 382.524765, avg_reader_cost: 0.00291 s, avg_batch_cost: 0.64388 s, avg_samples: 102.3, ips: 158.88116 samples/s, eta: 3:45:51, max_mem_reserved: 25002 MB, max_mem_allocated: 13607 MB
[2025/11/14 12:35:28] ppocr INFO: epoch: [1/20], global_step: 180, lr: 0.000002, acc: 0.000000, norm_edit_dis: 0.000000, CTCLoss: 372.494843, NRTRLoss: 7.219288, loss: 379.656540, avg_reader_cost: 0.00320 s, avg_batch_cost: 0.63807 s, avg_samples: 89.5, ips: 140.26667 samples/s, eta: 3:45:56, max_mem_reserved: 25002 MB, max_mem_allocated: 13607 MB
[2025/11/14 12:35:34] ppocr INFO: epoch: [1/20], global_step: 190, lr: 0.000002, acc: 0.000000, norm_edit_dis: 0.000221, CTCLoss: 370.109268, NRTRLoss: 7.001417, loss: 377.020828, avg_reader_cost: 0.00288 s, avg_batch_cost: 0.58909 s, avg_samples: 83.1, ips: 141.06434 samples/s, eta: 3:45:04, max_mem_reserved: 25002 MB, max_mem_allocated: 13607 MB
[2025/11/14 12:35:39] ppocr INFO: epoch: [1/20], global_step: 200, lr: 0.000003, acc: 0.000000, norm_edit_dis: 0.000413, CTCLoss: 367.806122, NRTRLoss: 6.678946, loss: 374.608093, avg_reader_cost: 0.00282 s, avg_batch_cost: 0.56245 s, avg_samples: 78.8, ips: 140.10078 samples/s, eta: 3:43:48, max_mem_reserved: 25002 MB, max_mem_allocated: 13607 MB
[2025/11/14 12:36:09] ppocr INFO: cur metric, acc: 0.0, norm_edit_dis: 0.0011207088801029608, fps: 730.3695330583101
[2025/11/14 12:36:12] ppocr INFO: save best model is to ./output/best_accuracy
[2025/11/14 12:36:12] ppocr INFO: best metric, acc: 0.0, is_float16: False, norm_edit_dis: 0.0011207088801029608, fps: 730.3695330583101, best_epoch: 1
[2025/11/14 12:36:18] ppocr INFO: epoch: [1/20], global_step: 210, lr: 0.000003, acc: 0.000000, norm_edit_dis: 0.000757, CTCLoss: 365.723770, NRTRLoss: 6.443983, loss: 372.200195, avg_reader_cost: 0.00301 s, avg_batch_cost: 0.64580 s, avg_samples: 93.7, ips: 145.09179 samples/s, eta: 3:44:04, max_mem_reserved: 25002 MB, max_mem_allocated: 13607 MB
[2025/11/14 12:36:25] ppocr INFO: epoch: [1/20], global_step: 220, lr: 0.000003, acc: 0.000000, norm_edit_dis: 0.001215, CTCLoss: 365.383667, NRTRLoss: 6.266749, loss: 371.604401, avg_reader_cost: 0.00291 s, avg_batch_cost: 0.66014 s, avg_samples: 100.1, ips: 151.63488 samples/s, eta: 3:44:32, max_mem_reserved: 25002 MB, max_mem_allocated: 13607 MB
[2025/11/14 12:36:31] ppocr INFO: epoch: [1/20], global_step: 230, lr: 0.000003, acc: 0.000000, norm_edit_dis: 0.001906, CTCLoss: 363.291214, NRTRLoss: 6.086154, loss: 369.364319, avg_reader_cost: 0.00295 s, avg_batch_cost: 0.63033 s, avg_samples: 93.7, ips: 148.65122 samples/s, eta: 3:44:30, max_mem_reserved: 25002 MB, max_mem_allocated: 13607 MB
[2025/11/14 12:36:37] ppocr INFO: epoch: [1/20], global_step: 240, lr: 0.000003, acc: 0.000000, norm_edit_dis: 0.003668, CTCLoss: 362.192825, NRTRLoss: 6.042907, loss: 368.164520, avg_reader_cost: 0.00293 s, avg_batch_cost: 0.59185 s, avg_samples: 89.5, ips: 151.22029 samples/s, eta: 3:43:52, max_mem_reserved: 25002 MB, max_mem_allocated: 13607 MB
[2025/11/14 12:36:43] ppocr INFO: epoch: [1/20], global_step: 250, lr: 0.000003, acc: 0.000000, norm_edit_dis: 0.006102, CTCLoss: 357.193604, NRTRLoss: 5.889268, loss: 363.089142, avg_reader_cost: 0.00298 s, avg_batch_cost: 0.61517 s, avg_samples: 87.4, ips: 142.07534 samples/s, eta: 3:43:37, max_mem_reserved: 25002 MB, max_mem_allocated: 13607 MB
[2025/11/14 12:36:49] ppocr INFO: epoch: [1/20], global_step: 260, lr: 0.000003, acc: 0.000000, norm_edit_dis: 0.008163, CTCLoss: 355.071869, NRTRLoss: 5.849785, loss: 360.864960, avg_reader_cost: 0.00289 s, avg_batch_cost: 0.62427 s, avg_samples: 91.5, ips: 146.57142 samples/s, eta: 3:43:30, max_mem_reserved: 25002 MB, max_mem_allocated: 13607 MB
[2025/11/14 12:36:55] ppocr INFO: epoch: [1/20], global_step: 270, lr: 0.000004, acc: 0.000000, norm_edit_dis: 0.008988, CTCLoss: 352.041245, NRTRLoss: 5.775958, loss: 357.831345, avg_reader_cost: 0.00292 s, avg_batch_cost: 0.61982 s, avg_samples: 104.4, ips: 168.43516 samples/s, eta: 3:43:20, max_mem_reserved: 25002 MB, max_mem_allocated: 13607 MB
[2025/11/14 12:37:01] ppocr INFO: epoch: [1/20], global_step: 280, lr: 0.000004, acc: 0.000000, norm_edit_dis: 0.010387, CTCLoss: 348.993317, NRTRLoss: 5.702271, loss: 354.717896, avg_reader_cost: 0.00290 s, avg_batch_cost: 0.58565 s, avg_samples: 87.4, ips: 149.23498 samples/s, eta: 3:42:44, max_mem_reserved: 25002 MB, max_mem_allocated: 13607 MB
[2025/11/14 12:37:07] ppocr INFO: epoch: [1/20], global_step: 290, lr: 0.000004, acc: 0.000000, norm_edit_dis: 0.014452, CTCLoss: 344.512787, NRTRLoss: 5.630159, loss: 350.202194, avg_reader_cost: 0.00288 s, avg_batch_cost: 0.59219 s, avg_samples: 81.0, ips: 136.78102 samples/s, eta: 3:42:14, max_mem_reserved: 25002 MB, max_mem_allocated: 13607 MB
[2025/11/14 12:37:13] ppocr INFO: epoch: [1/20], global_step: 300, lr: 0.000004, acc: 0.000000, norm_edit_dis: 0.016496, CTCLoss: 340.343338, NRTRLoss: 5.599473, loss: 345.929413, avg_reader_cost: 0.00292 s, avg_batch_cost: 0.59269 s, avg_samples: 87.3, ips: 147.29366 samples/s, eta: 3:41:47, max_mem_reserved: 25002 MB, max_mem_allocated: 13607 MB
[2025/11/14 12:37:43] ppocr INFO: cur metric, acc: 0.0, norm_edit_dis: 0.02334426953374158, fps: 711.7696220653362
[2025/11/14 12:37:46] ppocr INFO: save best model is to ./output/best_accuracy
[2025/11/14 12:37:46] ppocr INFO: best metric, acc: 0.0, is_float16: False, norm_edit_dis: 0.02334426953374158, fps: 711.7696220653362, best_epoch: 1
[2025/11/14 12:37:52] ppocr INFO: epoch: [1/20], global_step: 310, lr: 0.000004, acc: 0.000000, norm_edit_dis: 0.018863, CTCLoss: 335.829147, NRTRLoss: 5.550740, loss: 341.306046, avg_reader_cost: 0.00313 s, avg_batch_cost: 0.64205 s, avg_samples: 83.1, ips: 129.42943 samples/s, eta: 3:41:55, max_mem_reserved: 25002 MB, max_mem_allocated: 13607 MB
[2025/11/14 12:37:59] ppocr INFO: epoch: [1/20], global_step: 320, lr: 0.000004, acc: 0.000000, norm_edit_dis: 0.021759, CTCLoss: 332.281082, NRTRLoss: 5.533888, loss: 337.852509, avg_reader_cost: 0.00285 s, avg_batch_cost: 0.62951 s, avg_samples: 98.0, ips: 155.67579 samples/s, eta: 3:41:54, max_mem_reserved: 25002 MB, max_mem_allocated: 13607 MB
[2025/11/14 12:38:05] ppocr INFO: epoch: [1/20], global_step: 330, lr: 0.000004, acc: 0.000000, norm_edit_dis: 0.021952, CTCLoss: 327.302536, NRTRLoss: 5.517737, loss: 332.825943, avg_reader_cost: 0.00287 s, avg_batch_cost: 0.65516 s, avg_samples: 98.0, ips: 149.58072 samples/s, eta: 3:42:09, max_mem_reserved: 25002 MB, max_mem_allocated: 13607 MB
[2025/11/14 12:38:11] ppocr INFO: epoch: [1/20], global_step: 340, lr: 0.000005, acc: 0.000000, norm_edit_dis: 0.022894, CTCLoss: 323.047562, NRTRLoss: 5.471266, loss: 328.429092, avg_reader_cost: 0.00288 s, avg_batch_cost: 0.59187 s, avg_samples: 91.6, ips: 154.76411 samples/s, eta: 3:41:43, max_mem_reserved: 25002 MB, max_mem_allocated: 13607 MB
[2025/11/14 12:38:17] ppocr INFO: epoch: [1/20], global_step: 350, lr: 0.000005, acc: 0.000000, norm_edit_dis: 0.025826, CTCLoss: 316.989365, NRTRLoss: 5.433589, loss: 322.392075, avg_reader_cost: 0.00288 s, avg_batch_cost: 0.62159 s, avg_samples: 91.7, ips: 147.52426 samples/s, eta: 3:41:37, max_mem_reserved: 25002 MB, max_mem_allocated: 13607 MB
[2025/11/14 12:38:24] ppocr INFO: epoch: [1/20], global_step: 360, lr: 0.000005, acc: 0.000000, norm_edit_dis: 0.027029, CTCLoss: 314.410416, NRTRLoss: 5.368757, loss: 319.755020, avg_reader_cost: 0.00286 s, avg_batch_cost: 0.63329 s, avg_samples: 85.3, ips: 134.69443 samples/s, eta: 3:41:37, max_mem_reserved: 25002 MB, max_mem_allocated: 13607 MB
[2025/11/14 12:38:30] ppocr INFO: epoch: [1/20], global_step: 370, lr: 0.000005, acc: 0.000000, norm_edit_dis: 0.029823, CTCLoss: 309.496964, NRTRLoss: 5.337938, loss: 314.823349, avg_reader_cost: 0.00294 s, avg_batch_cost: 0.61275 s, avg_samples: 89.5, ips: 146.06241 samples/s, eta: 3:41:25, max_mem_reserved: 25002 MB, max_mem_allocated: 13607 MB
[2025/11/14 12:38:36] ppocr INFO: epoch: [1/20], global_step: 380, lr: 0.000005, acc: 0.000000, norm_edit_dis: 0.030373, CTCLoss: 306.049088, NRTRLoss: 5.296053, loss: 311.387985, avg_reader_cost: 0.00295 s, avg_batch_cost: 0.57956 s, avg_samples: 87.2, ips: 150.45799 samples/s, eta: 3:40:55, max_mem_reserved: 25002 MB, max_mem_allocated: 13607 MB
[2025/11/14 12:38:42] ppocr INFO: epoch: [1/20], global_step: 390, lr: 0.000005, acc: 0.000000, norm_edit_dis: 0.029904, CTCLoss: 302.289963, NRTRLoss: 5.273463, loss: 307.556412, avg_reader_cost: 0.00290 s, avg_batch_cost: 0.63411 s, avg_samples: 98.0, ips: 154.54752 samples/s, eta: 3:40:56, max_mem_reserved: 25002 MB, max_mem_allocated: 13607 MB
[2025/11/14 12:38:48] ppocr INFO: epoch: [1/20], global_step: 400, lr: 0.000005, acc: 0.000000, norm_edit_dis: 0.031395, CTCLoss: 295.768921, NRTRLoss: 5.239216, loss: 300.930679, avg_reader_cost: 0.00286 s, avg_batch_cost: 0.63383 s, avg_samples: 95.8, ips: 151.14348 samples/s, eta: 3:40:56, max_mem_reserved: 25002 MB, max_mem_allocated: 13607 MB
[2025/11/14 12:39:20] ppocr INFO: cur metric, acc: 0.0, norm_edit_dis: 0.03410705042916318, fps: 683.5956179253226
[2025/11/14 12:39:22] ppocr INFO: save best model is to ./output/best_accuracy
[2025/11/14 12:39:22] ppocr INFO: best metric, acc: 0.0, is_float16: False, norm_edit_dis: 0.03410705042916318, fps: 683.5956179253226, best_epoch: 1
[2025/11/14 12:39:28] ppocr INFO: epoch: [1/20], global_step: 410, lr: 0.000006, acc: 0.000000, norm_edit_dis: 0.033653, CTCLoss: 292.368927, NRTRLoss: 5.174176, loss: 297.535965, avg_reader_cost: 0.00296 s, avg_batch_cost: 0.64672 s, avg_samples: 98.0, ips: 151.53292 samples/s, eta: 3:41:03, max_mem_reserved: 25002 MB, max_mem_allocated: 13607 MB
[2025/11/14 12:39:35] ppocr INFO: epoch: [1/20], global_step: 420, lr: 0.000006, acc: 0.000000, norm_edit_dis: 0.034779, CTCLoss: 288.762238, NRTRLoss: 5.126775, loss: 293.894714, avg_reader_cost: 0.00294 s, avg_batch_cost: 0.64290 s, avg_samples: 93.8, ips: 145.90050 samples/s, eta: 3:41:07, max_mem_reserved: 25002 MB, max_mem_allocated: 13607 MB
[2025/11/14 12:39:41] ppocr INFO: epoch: [1/20], global_step: 430, lr: 0.000006, acc: 0.000000, norm_edit_dis: 0.036773, CTCLoss: 281.227844, NRTRLoss: 5.073600, loss: 286.303482, avg_reader_cost: 0.00287 s, avg_batch_cost: 0.63966 s, avg_samples: 91.7, ips: 143.35657 samples/s, eta: 3:41:09, max_mem_reserved: 25002 MB, max_mem_allocated: 13607 MB
[2025/11/14 12:39:47] ppocr INFO: epoch: [1/20], global_step: 440, lr: 0.000006, acc: 0.000000, norm_edit_dis: 0.033912, CTCLoss: 280.076996, NRTRLoss: 5.053327, loss: 285.149582, avg_reader_cost: 0.00285 s, avg_batch_cost: 0.57720 s, avg_samples: 81.0, ips: 140.33206 samples/s, eta: 3:40:41, max_mem_reserved: 25002 MB, max_mem_allocated: 13607 MB
[2025/11/14 12:39:54] ppocr INFO: epoch: [1/20], global_step: 450, lr: 0.000006, acc: 0.000000, norm_edit_dis: 0.036907, CTCLoss: 278.447113, NRTRLoss: 4.972081, loss: 283.412964, avg_reader_cost: 0.00293 s, avg_batch_cost: 0.64566 s, avg_samples: 93.7, ips: 145.12194 samples/s, eta: 3:40:46, max_mem_reserved: 25002 MB, max_mem_allocated: 13607 MB
[2025/11/14 12:39:59] ppocr INFO: epoch: [1/20], global_step: 460, lr: 0.000006, acc: 0.000000, norm_edit_dis: 0.038338, CTCLoss: 272.126953, NRTRLoss: 4.930492, loss: 277.029312, avg_reader_cost: 0.00287 s, avg_batch_cost: 0.58653 s, avg_samples: 87.3, ips: 148.84056 samples/s, eta: 3:40:23, max_mem_reserved: 25002 MB, max_mem_allocated: 13607 MB
[2025/11/14 12:40:06] ppocr INFO: epoch: [1/20], global_step: 470, lr: 0.000006, acc: 0.000000, norm_edit_dis: 0.039222, CTCLoss: 269.196228, NRTRLoss: 4.886606, loss: 274.080276, avg_reader_cost: 0.00287 s, avg_batch_cost: 0.63727 s, avg_samples: 95.9, ips: 150.48607 samples/s, eta: 3:40:23, max_mem_reserved: 25002 MB, max_mem_allocated: 13607 MB
[2025/11/14 12:40:12] ppocr INFO: epoch: [1/20], global_step: 480, lr: 0.000006, acc: 0.000000, norm_edit_dis: 0.040829, CTCLoss: 264.765289, NRTRLoss: 4.839897, loss: 269.657837, avg_reader_cost: 0.00292 s, avg_batch_cost: 0.64772 s, avg_samples: 91.6, ips: 141.41804 samples/s, eta: 3:40:28, max_mem_reserved: 25002 MB, max_mem_allocated: 13607 MB
[2025/11/14 12:40:19] ppocr INFO: epoch: [1/20], global_step: 490, lr: 0.000007, acc: 0.000000, norm_edit_dis: 0.040656, CTCLoss: 260.267487, NRTRLoss: 4.818177, loss: 265.088287, avg_reader_cost: 0.00287 s, avg_batch_cost: 0.65040 s, avg_samples: 98.0, ips: 150.67657 samples/s, eta: 3:40:34, max_mem_reserved: 25002 MB, max_mem_allocated: 13607 MB
[2025/11/14 12:40:25] ppocr INFO: epoch: [1/20], global_step: 500, lr: 0.000007, acc: 0.000000, norm_edit_dis: 0.039446, CTCLoss: 258.226303, NRTRLoss: 4.728257, loss: 262.983917, avg_reader_cost: 0.00289 s, avg_batch_cost: 0.63245 s, avg_samples: 98.1, ips: 155.10992 samples/s, eta: 3:40:32, max_mem_reserved: 25002 MB, max_mem_allocated: 13607 MB
[2025/11/14 12:40:56] ppocr INFO: cur metric, acc: 0.0, norm_edit_dis: 0.04021464676244557, fps: 705.3829719000938
[2025/11/14 12:40:58] ppocr INFO: save best model is to ./output/best_accuracy
[2025/11/14 12:40:58] ppocr INFO: best metric, acc: 0.0, is_float16: False, norm_edit_dis: 0.04021464676244557, fps: 705.3829719000938, best_epoch: 1
[2025/11/14 12:41:04] ppocr INFO: epoch: [1/20], global_step: 510, lr: 0.000007, acc: 0.000000, norm_edit_dis: 0.041239, CTCLoss: 255.598633, NRTRLoss: 4.690086, loss: 260.290039, avg_reader_cost: 0.00350 s, avg_batch_cost: 0.61447 s, avg_samples: 87.4, ips: 142.23709 samples/s, eta: 3:40:22, max_mem_reserved: 25002 MB, max_mem_allocated: 13607 MB
[2025/11/14 12:41:10] ppocr INFO: epoch: [1/20], global_step: 520, lr: 0.000007, acc: 0.000000, norm_edit_dis: 0.042368, CTCLoss: 252.314064, NRTRLoss: 4.669623, loss: 257.015015, avg_reader_cost: 0.00296 s, avg_batch_cost: 0.59290 s, avg_samples: 76.7, ips: 129.36368 samples/s, eta: 3:40:03, max_mem_reserved: 25002 MB, max_mem_allocated: 13607 MB
[2025/11/14 12:41:17] ppocr INFO: epoch: [1/20], global_step: 530, lr: 0.000007, acc: 0.000000, norm_edit_dis: 0.045683, CTCLoss: 249.166130, NRTRLoss: 4.638111, loss: 253.680359, avg_reader_cost: 0.00296 s, avg_batch_cost: 0.64915 s, avg_samples: 95.8, ips: 147.57859 samples/s, eta: 3:40:07, max_mem_reserved: 25002 MB, max_mem_allocated: 13607 MB
[2025/11/14 12:41:23] ppocr INFO: epoch: [1/20], global_step: 540, lr: 0.000007, acc: 0.000000, norm_edit_dis: 0.046302, CTCLoss: 246.670876, NRTRLoss: 4.559360, loss: 251.255867, avg_reader_cost: 0.00289 s, avg_batch_cost: 0.64730 s, avg_samples: 102.3, ips: 158.03990 samples/s, eta: 3:40:10, max_mem_reserved: 25002 MB, max_mem_allocated: 13607 MB
[2025/11/14 12:41:30] ppocr INFO: epoch: [1/20], global_step: 550, lr: 0.000007, acc: 0.000000, norm_edit_dis: 0.046379, CTCLoss: 243.099884, NRTRLoss: 4.498906, loss: 247.615662, avg_reader_cost: 0.00295 s, avg_batch_cost: 0.63500 s, avg_samples: 93.8, ips: 147.71760 samples/s, eta: 3:40:09, max_mem_reserved: 25002 MB, max_mem_allocated: 13607 MB
[2025/11/14 12:41:36] ppocr INFO: epoch: [1/20], global_step: 560, lr: 0.000008, acc: 0.000000, norm_edit_dis: 0.047281, CTCLoss: 241.147797, NRTRLoss: 4.481605, loss: 245.652687, avg_reader_cost: 0.00294 s, avg_batch_cost: 0.63858 s, avg_samples: 93.8, ips: 146.88789 samples/s, eta: 3:40:08, max_mem_reserved: 25002 MB, max_mem_allocated: 13607 MB
[2025/11/14 12:41:42] ppocr INFO: epoch: [1/20], global_step: 570, lr: 0.000008, acc: 0.000000, norm_edit_dis: 0.047389, CTCLoss: 237.444374, NRTRLoss: 4.452384, loss: 241.847122, avg_reader_cost: 0.00294 s, avg_batch_cost: 0.63640 s, avg_samples: 95.9, ips: 150.69142 samples/s, eta: 3:40:06, max_mem_reserved: 25002 MB, max_mem_allocated: 13607 MB
[2025/11/14 12:41:48] ppocr INFO: epoch: [1/20], global_step: 580, lr: 0.000008, acc: 0.000000, norm_edit_dis: 0.048043, CTCLoss: 235.439339, NRTRLoss: 4.437444, loss: 239.833496, avg_reader_cost: 0.00296 s, avg_batch_cost: 0.57529 s, avg_samples: 74.5, ips: 129.49910 samples/s, eta: 3:39:42, max_mem_reserved: 25002 MB, max_mem_allocated: 13607 MB
[2025/11/14 12:41:55] ppocr INFO: epoch: [1/20], global_step: 590, lr: 0.000008, acc: 0.000000, norm_edit_dis: 0.047531, CTCLoss: 233.562904, NRTRLoss: 4.393632, loss: 237.891556, avg_reader_cost: 0.00297 s, avg_batch_cost: 0.65214 s, avg_samples: 93.8, ips: 143.83475 samples/s, eta: 3:39:46, max_mem_reserved: 25002 MB, max_mem_allocated: 13607 MB
[2025/11/14 12:42:01] ppocr INFO: epoch: [1/20], global_step: 600, lr: 0.000008, acc: 0.000000, norm_edit_dis: 0.047680, CTCLoss: 230.965523, NRTRLoss: 4.365415, loss: 235.303642, avg_reader_cost: 0.00295 s, avg_batch_cost: 0.64136 s, avg_samples: 100.2, ips: 156.22978 samples/s, eta: 3:39:46, max_mem_reserved: 25002 MB, max_mem_allocated: 13607 MB
[2025/11/14 12:42:32] ppocr INFO: cur metric, acc: 0.0, norm_edit_dis: 0.0469543214088145, fps: 686.6570224050228
[2025/11/14 12:42:35] ppocr INFO: save best model is to ./output/best_accuracy
[2025/11/14 12:42:35] ppocr INFO: best metric, acc: 0.0, is_float16: False, norm_edit_dis: 0.0469543214088145, fps: 686.6570224050228, best_epoch: 1
[2025/11/14 12:42:42] ppocr INFO: epoch: [1/20], global_step: 610, lr: 0.000008, acc: 0.000000, norm_edit_dis: 0.050212, CTCLoss: 229.331993, NRTRLoss: 4.304414, loss: 233.585724, avg_reader_cost: 0.00312 s, avg_batch_cost: 0.65502 s, avg_samples: 91.6, ips: 139.84322 samples/s, eta: 3:39:50, max_mem_reserved: 25002 MB, max_mem_allocated: 13607 MB
[2025/11/14 12:42:48] ppocr INFO: epoch: [1/20], global_step: 620, lr: 0.000008, acc: 0.000000, norm_edit_dis: 0.049903, CTCLoss: 225.977219, NRTRLoss: 4.266566, loss: 230.265274, avg_reader_cost: 0.00291 s, avg_batch_cost: 0.62682 s, avg_samples: 89.4, ips: 142.62371 samples/s, eta: 3:39:45, max_mem_reserved: 25002 MB, max_mem_allocated: 13607 MB
[2025/11/14 12:42:54] ppocr INFO: epoch: [1/20], global_step: 630, lr: 0.000009, acc: 0.000000, norm_edit_dis: 0.053784, CTCLoss: 224.884087, NRTRLoss: 4.221639, loss: 229.011665, avg_reader_cost: 0.00294 s, avg_batch_cost: 0.59493 s, avg_samples: 78.8, ips: 132.45230 samples/s, eta: 3:39:28, max_mem_reserved: 25002 MB, max_mem_allocated: 13607 MB
[2025/11/14 12:43:00] ppocr INFO: epoch: [1/20], global_step: 640, lr: 0.000009, acc: 0.000000, norm_edit_dis: 0.056157, CTCLoss: 220.662506, NRTRLoss: 4.183180, loss: 224.902786, avg_reader_cost: 0.00286 s, avg_batch_cost: 0.64904 s, avg_samples: 95.9, ips: 147.75626 samples/s, eta: 3:39:30, max_mem_reserved: 25002 MB, max_mem_allocated: 13607 MB
[2025/11/14 12:43:07] ppocr INFO: epoch: [1/20], global_step: 650, lr: 0.000009, acc: 0.000000, norm_edit_dis: 0.052455, CTCLoss: 219.578156, NRTRLoss: 4.150608, loss: 223.728081, avg_reader_cost: 0.00284 s, avg_batch_cost: 0.63765 s, avg_samples: 95.9, ips: 150.39503 samples/s, eta: 3:39:28, max_mem_reserved: 25002 MB, max_mem_allocated: 13607 MB
[2025/11/14 12:43:13] ppocr INFO: epoch: [1/20], global_step: 660, lr: 0.000009, acc: 0.000000, norm_edit_dis: 0.053926, CTCLoss: 219.408165, NRTRLoss: 4.108850, loss: 223.521782, avg_reader_cost: 0.00295 s, avg_batch_cost: 0.65477 s, avg_samples: 93.8, ips: 143.25623 samples/s, eta: 3:39:31, max_mem_reserved: 25002 MB, max_mem_allocated: 13607 MB
[2025/11/14 12:43:19] ppocr INFO: epoch: [1/20], global_step: 670, lr: 0.000009, acc: 0.000000, norm_edit_dis: 0.054640, CTCLoss: 216.239372, NRTRLoss: 4.056138, loss: 220.306442, avg_reader_cost: 0.00286 s, avg_batch_cost: 0.61084 s, avg_samples: 87.3, ips: 142.91762 samples/s, eta: 3:39:20, max_mem_reserved: 25002 MB, max_mem_allocated: 13607 MB
[2025/11/14 12:43:26] ppocr INFO: epoch: [1/20], global_step: 680, lr: 0.000009, acc: 0.000000, norm_edit_dis: 0.055908, CTCLoss: 212.029205, NRTRLoss: 4.010721, loss: 216.086082, avg_reader_cost: 0.00289 s, avg_batch_cost: 0.63639 s, avg_samples: 93.7, ips: 147.23673 samples/s, eta: 3:39:18, max_mem_reserved: 25002 MB, max_mem_allocated: 13607 MB
[2025/11/14 12:43:32] ppocr INFO: epoch: [1/20], global_step: 690, lr: 0.000009, acc: 0.000000, norm_edit_dis: 0.056821, CTCLoss: 210.172203, NRTRLoss: 3.957819, loss: 214.117165, avg_reader_cost: 0.00288 s, avg_batch_cost: 0.62974 s, avg_samples: 87.3, ips: 138.62867 samples/s, eta: 3:39:13, max_mem_reserved: 25002 MB, max_mem_allocated: 13607 MB
[2025/11/14 12:43:38] ppocr INFO: epoch: [1/20], global_step: 700, lr: 0.000010, acc: 0.000000, norm_edit_dis: 0.058307, CTCLoss: 209.225418, NRTRLoss: 3.914439, loss: 213.205200, avg_reader_cost: 0.00284 s, avg_batch_cost: 0.65489 s, avg_samples: 106.6, ips: 162.77514 samples/s, eta: 3:39:15, max_mem_reserved: 25002 MB, max_mem_allocated: 13654 MB
[2025/11/14 12:44:09] ppocr INFO: cur metric, acc: 0.0, norm_edit_dis: 0.05822516550402812, fps: 720.0998823235366
[2025/11/14 12:44:12] ppocr INFO: save best model is to ./output/best_accuracy
[2025/11/14 12:44:12] ppocr INFO: best metric, acc: 0.0, is_float16: False, norm_edit_dis: 0.05822516550402812, fps: 720.0998823235366, best_epoch: 1
[2025/11/14 12:44:18] ppocr INFO: epoch: [1/20], global_step: 710, lr: 0.000010, acc: 0.000000, norm_edit_dis: 0.060749, CTCLoss: 208.977745, NRTRLoss: 3.871549, loss: 212.865463, avg_reader_cost: 0.00302 s, avg_batch_cost: 0.63927 s, avg_samples: 100.2, ips: 156.74162 samples/s, eta: 3:39:13, max_mem_reserved: 25002 MB, max_mem_allocated: 13654 MB
[2025/11/14 12:44:24] ppocr INFO: epoch: [1/20], global_step: 720, lr: 0.000010, acc: 0.000000, norm_edit_dis: 0.060461, CTCLoss: 205.170677, NRTRLoss: 3.777222, loss: 208.982803, avg_reader_cost: 0.00287 s, avg_batch_cost: 0.62607 s, avg_samples: 98.0, ips: 156.53311 samples/s, eta: 3:39:07, max_mem_reserved: 25002 MB, max_mem_allocated: 13654 MB
[2025/11/14 12:44:31] ppocr INFO: epoch: [1/20], global_step: 730, lr: 0.000010, acc: 0.000000, norm_edit_dis: 0.061577, CTCLoss: 203.587265, NRTRLoss: 3.666619, loss: 207.253883, avg_reader_cost: 0.00295 s, avg_batch_cost: 0.64763 s, avg_samples: 95.9, ips: 148.07726 samples/s, eta: 3:39:07, max_mem_reserved: 25002 MB, max_mem_allocated: 13654 MB
[2025/11/14 12:44:37] ppocr INFO: epoch: [1/20], global_step: 740, lr: 0.000010, acc: 0.000000, norm_edit_dis: 0.068568, CTCLoss: 199.406006, NRTRLoss: 3.542543, loss: 202.984520, avg_reader_cost: 0.00295 s, avg_batch_cost: 0.60139 s, avg_samples: 93.8, ips: 155.97257 samples/s, eta: 3:38:53, max_mem_reserved: 25002 MB, max_mem_allocated: 13654 MB
[2025/11/14 12:44:43] ppocr INFO: epoch: [1/20], global_step: 750, lr: 0.000010, acc: 0.000000, norm_edit_dis: 0.075399, CTCLoss: 196.797119, NRTRLoss: 3.363911, loss: 200.175476, avg_reader_cost: 0.00289 s, avg_batch_cost: 0.63637 s, avg_samples: 93.7, ips: 147.24168 samples/s, eta: 3:38:50, max_mem_reserved: 25002 MB, max_mem_allocated: 13654 MB
[2025/11/14 12:44:49] ppocr INFO: epoch: [1/20], global_step: 760, lr: 0.000010, acc: 0.000000, norm_edit_dis: 0.078831, CTCLoss: 191.779045, NRTRLoss: 3.169543, loss: 194.984840, avg_reader_cost: 0.00293 s, avg_batch_cost: 0.60740 s, avg_samples: 83.1, ips: 136.81241 samples/s, eta: 3:38:39, max_mem_reserved: 25002 MB, max_mem_allocated: 13654 MB
[2025/11/14 12:44:56] ppocr INFO: epoch: [1/20], global_step: 770, lr: 0.000010, acc: 0.000000, norm_edit_dis: 0.081069, CTCLoss: 190.955673, NRTRLoss: 2.989898, loss: 193.941757, avg_reader_cost: 0.00295 s, avg_batch_cost: 0.61972 s, avg_samples: 93.8, ips: 151.35871 samples/s, eta: 3:38:31, max_mem_reserved: 25002 MB, max_mem_allocated: 13654 MB
[2025/11/14 12:45:02] ppocr INFO: epoch: [1/20], global_step: 780, lr: 0.000011, acc: 0.000000, norm_edit_dis: 0.085210, CTCLoss: 190.233459, NRTRLoss: 2.870631, loss: 193.060555, avg_reader_cost: 0.00288 s, avg_batch_cost: 0.63979 s, avg_samples: 89.5, ips: 139.88898 samples/s, eta: 3:38:28, max_mem_reserved: 25002 MB, max_mem_allocated: 13654 MB
[2025/11/14 12:45:08] ppocr INFO: epoch: [1/20], global_step: 790, lr: 0.000011, acc: 0.000000, norm_edit_dis: 0.095811, CTCLoss: 183.855644, NRTRLoss: 2.689077, loss: 186.413841, avg_reader_cost: 0.00286 s, avg_batch_cost: 0.59317 s, avg_samples: 81.0, ips: 136.55334 samples/s, eta: 3:38:13, max_mem_reserved: 25002 MB, max_mem_allocated: 13654 MB
[2025/11/14 12:45:14] ppocr INFO: epoch: [1/20], global_step: 800, lr: 0.000011, acc: 0.000000, norm_edit_dis: 0.101408, CTCLoss: 180.175125, NRTRLoss: 2.528613, loss: 182.733170, avg_reader_cost: 0.00293 s, avg_batch_cost: 0.62913 s, avg_samples: 100.1, ips: 159.10823 samples/s, eta: 3:38:08, max_mem_reserved: 25002 MB, max_mem_allocated: 13654 MB
[2025/11/14 12:45:46] ppocr INFO: cur metric, acc: 0.0, norm_edit_dis: 0.10856107427726058, fps: 669.6603562484961
[2025/11/14 12:45:49] ppocr INFO: save best model is to ./output/best_accuracy
[2025/11/14 12:45:49] ppocr INFO: best metric, acc: 0.0, is_float16: False, norm_edit_dis: 0.10856107427726058, fps: 669.6603562484961, best_epoch: 1
[2025/11/14 12:45:55] ppocr INFO: epoch: [1/20], global_step: 810, lr: 0.000011, acc: 0.000000, norm_edit_dis: 0.105544, CTCLoss: 177.418396, NRTRLoss: 2.429207, loss: 179.796432, avg_reader_cost: 0.00293 s, avg_batch_cost: 0.59774 s, avg_samples: 87.3, ips: 146.05088 samples/s, eta: 3:37:54, max_mem_reserved: 25002 MB, max_mem_allocated: 13654 MB
[2025/11/14 12:46:01] ppocr INFO: epoch: [1/20], global_step: 820, lr: 0.000011, acc: 0.000000, norm_edit_dis: 0.116058, CTCLoss: 173.963921, NRTRLoss: 2.345682, loss: 176.256516, avg_reader_cost: 0.00291 s, avg_batch_cost: 0.63293 s, avg_samples: 95.9, ips: 151.51702 samples/s, eta: 3:37:50, max_mem_reserved: 25002 MB, max_mem_allocated: 13654 MB
[2025/11/14 12:46:07] ppocr INFO: epoch: [1/20], global_step: 830, lr: 0.000011, acc: 0.000000, norm_edit_dis: 0.117293, CTCLoss: 171.921036, NRTRLoss: 2.304726, loss: 174.203850, avg_reader_cost: 0.00292 s, avg_batch_cost: 0.61061 s, avg_samples: 89.5, ips: 146.57581 samples/s, eta: 3:37:40, max_mem_reserved: 25002 MB, max_mem_allocated: 13654 MB
[2025/11/14 12:46:14] ppocr INFO: epoch: [1/20], global_step: 840, lr: 0.000011, acc: 0.000000, norm_edit_dis: 0.121320, CTCLoss: 168.962440, NRTRLoss: 2.281373, loss: 171.204323, avg_reader_cost: 0.00291 s, avg_batch_cost: 0.64663 s, avg_samples: 102.2, ips: 158.05086 samples/s, eta: 3:37:39, max_mem_reserved: 25002 MB, max_mem_allocated: 13654 MB
[2025/11/14 12:46:20] ppocr INFO: epoch: [1/20], global_step: 850, lr: 0.000012, acc: 0.000000, norm_edit_dis: 0.129551, CTCLoss: 165.510468, NRTRLoss: 2.137779, loss: 167.642258, avg_reader_cost: 0.00293 s, avg_batch_cost: 0.64236 s, avg_samples: 95.9, ips: 149.29383 samples/s, eta: 3:37:37, max_mem_reserved: 25002 MB, max_mem_allocated: 13654 MB
[2025/11/14 12:46:27] ppocr INFO: epoch: [1/20], global_step: 860, lr: 0.000012, acc: 0.000000, norm_edit_dis: 0.138105, CTCLoss: 164.423065, NRTRLoss: 2.135037, loss: 166.523964, avg_reader_cost: 0.00289 s, avg_batch_cost: 0.64973 s, avg_samples: 98.0, ips: 150.83290 samples/s, eta: 3:37:37, max_mem_reserved: 25002 MB, max_mem_allocated: 13654 MB
[2025/11/14 12:46:33] ppocr INFO: epoch: [1/20], global_step: 870, lr: 0.000012, acc: 0.000000, norm_edit_dis: 0.153142, CTCLoss: 159.294548, NRTRLoss: 2.022762, loss: 161.271622, avg_reader_cost: 0.00295 s, avg_batch_cost: 0.60666 s, avg_samples: 85.2, ips: 140.44164 samples/s, eta: 3:37:26, max_mem_reserved: 25002 MB, max_mem_allocated: 13654 MB
[2025/11/14 12:46:39] ppocr INFO: epoch: [1/20], global_step: 880, lr: 0.000012, acc: 0.000000, norm_edit_dis: 0.153665, CTCLoss: 156.942245, NRTRLoss: 2.019090, loss: 158.944511, avg_reader_cost: 0.00289 s, avg_batch_cost: 0.60322 s, avg_samples: 91.7, ips: 152.01657 samples/s, eta: 3:37:14, max_mem_reserved: 25002 MB, max_mem_allocated: 13654 MB
[2025/11/14 12:46:45] ppocr INFO: epoch: [1/20], global_step: 890, lr: 0.000012, acc: 0.000000, norm_edit_dis: 0.162026, CTCLoss: 153.452911, NRTRLoss: 2.035200, loss: 155.520309, avg_reader_cost: 0.00285 s, avg_batch_cost: 0.63523 s, avg_samples: 93.7, ips: 147.50616 samples/s, eta: 3:37:10, max_mem_reserved: 25002 MB, max_mem_allocated: 13654 MB
[2025/11/14 12:46:51] ppocr INFO: epoch: [1/20], global_step: 900, lr: 0.000012, acc: 0.000000, norm_edit_dis: 0.162793, CTCLoss: 152.110840, NRTRLoss: 2.008693, loss: 154.087257, avg_reader_cost: 0.00290 s, avg_batch_cost: 0.60031 s, avg_samples: 89.6, ips: 149.25710 samples/s, eta: 3:36:58, max_mem_reserved: 25002 MB, max_mem_allocated: 13654 MB
[2025/11/14 12:47:23] ppocr INFO: cur metric, acc: 0.0, norm_edit_dis: 0.18936580559377403, fps: 687.0388121439019
[2025/11/14 12:47:26] ppocr INFO: save best model is to ./output/best_accuracy
[2025/11/14 12:47:26] ppocr INFO: best metric, acc: 0.0, is_float16: False, norm_edit_dis: 0.18936580559377403, fps: 687.0388121439019, best_epoch: 1
[2025/11/14 12:47:32] ppocr INFO: epoch: [1/20], global_step: 910, lr: 0.000012, acc: 0.000000, norm_edit_dis: 0.174559, CTCLoss: 151.035187, NRTRLoss: 1.941813, loss: 152.966759, avg_reader_cost: 0.00299 s, avg_batch_cost: 0.59125 s, avg_samples: 83.1, ips: 140.54895 samples/s, eta: 3:36:44, max_mem_reserved: 25002 MB, max_mem_allocated: 13654 MB
[2025/11/14 12:47:38] ppocr INFO: epoch: [1/20], global_step: 920, lr: 0.000013, acc: 0.000000, norm_edit_dis: 0.187779, CTCLoss: 147.446877, NRTRLoss: 1.937635, loss: 149.351860, avg_reader_cost: 0.00294 s, avg_batch_cost: 0.67190 s, avg_samples: 104.4, ips: 155.38050 samples/s, eta: 3:36:48, max_mem_reserved: 25002 MB, max_mem_allocated: 13654 MB
[2025/11/14 12:47:44] ppocr INFO: epoch: [1/20], global_step: 930, lr: 0.000013, acc: 0.000000, norm_edit_dis: 0.201124, CTCLoss: 145.347099, NRTRLoss: 1.914086, loss: 147.239952, avg_reader_cost: 0.00339 s, avg_batch_cost: 0.57828 s, avg_samples: 85.2, ips: 147.33358 samples/s, eta: 3:36:32, max_mem_reserved: 25002 MB, max_mem_allocated: 13654 MB
[2025/11/14 12:47:51] ppocr INFO: epoch: [1/20], global_step: 940, lr: 0.000013, acc: 0.000000, norm_edit_dis: 0.212509, CTCLoss: 142.408638, NRTRLoss: 1.897397, loss: 144.262863, avg_reader_cost: 0.00293 s, avg_batch_cost: 0.65486 s, avg_samples: 106.5, ips: 162.63078 samples/s, eta: 3:36:32, max_mem_reserved: 25002 MB, max_mem_allocated: 13654 MB
[2025/11/14 12:47:57] ppocr INFO: epoch: [1/20], global_step: 950, lr: 0.000013, acc: 0.000000, norm_edit_dis: 0.227090, CTCLoss: 139.323822, NRTRLoss: 1.885172, loss: 141.105240, avg_reader_cost: 0.00295 s, avg_batch_cost: 0.62515 s, avg_samples: 89.5, ips: 143.16484 samples/s, eta: 3:36:26, max_mem_reserved: 25002 MB, max_mem_allocated: 13654 MB
[2025/11/14 12:48:03] ppocr INFO: epoch: [1/20], global_step: 960, lr: 0.000013, acc: 0.000000, norm_edit_dis: 0.246927, CTCLoss: 135.367096, NRTRLoss: 1.841173, loss: 137.223373, avg_reader_cost: 0.00292 s, avg_batch_cost: 0.58207 s, avg_samples: 74.6, ips: 128.16417 samples/s, eta: 3:36:10, max_mem_reserved: 25002 MB, max_mem_allocated: 13654 MB
[2025/11/14 12:48:09] ppocr INFO: epoch: [1/20], global_step: 970, lr: 0.000013, acc: 0.000000, norm_edit_dis: 0.255244, CTCLoss: 134.228867, NRTRLoss: 1.841173, loss: 136.072388, avg_reader_cost: 0.00293 s, avg_batch_cost: 0.64319 s, avg_samples: 100.2, ips: 155.78651 samples/s, eta: 3:36:08, max_mem_reserved: 25002 MB, max_mem_allocated: 13654 MB
[2025/11/14 12:48:15] ppocr INFO: epoch: [1/20], global_step: 980, lr: 0.000013, acc: 0.000000, norm_edit_dis: 0.290646, CTCLoss: 126.032475, NRTRLoss: 1.809698, loss: 127.742344, avg_reader_cost: 0.00298 s, avg_batch_cost: 0.57282 s, avg_samples: 74.5, ips: 130.05885 samples/s, eta: 3:35:51, max_mem_reserved: 25002 MB, max_mem_allocated: 13654 MB
[2025/11/14 12:48:21] ppocr INFO: epoch: [1/20], global_step: 990, lr: 0.000014, acc: 0.000000, norm_edit_dis: 0.306523, CTCLoss: 123.604786, NRTRLoss: 1.746559, loss: 125.351345, avg_reader_cost: 0.00292 s, avg_batch_cost: 0.62792 s, avg_samples: 85.2, ips: 135.68645 samples/s, eta: 3:35:45, max_mem_reserved: 25002 MB, max_mem_allocated: 13654 MB
[2025/11/14 12:48:28] ppocr INFO: epoch: [1/20], global_step: 1000, lr: 0.000014, acc: 0.000000, norm_edit_dis: 0.331865, CTCLoss: 121.950111, NRTRLoss: 1.739329, loss: 123.709446, avg_reader_cost: 0.00296 s, avg_batch_cost: 0.65892 s, avg_samples: 95.8, ips: 145.39032 samples/s, eta: 3:35:46, max_mem_reserved: 25002 MB, max_mem_allocated: 13654 MB
[2025/11/14 12:48:59] ppocr INFO: cur metric, acc: 0.0002999999997, norm_edit_dis: 0.36228640424762293, fps: 695.1319529660808
[2025/11/14 12:49:02] ppocr INFO: save best model is to ./output/best_accuracy
[2025/11/14 12:49:02] ppocr INFO: best metric, acc: 0.0002999999997, is_float16: False, norm_edit_dis: 0.36228640424762293, fps: 695.1319529660808, best_epoch: 1
[2025/11/14 12:49:08] ppocr INFO: epoch: [1/20], global_step: 1010, lr: 0.000014, acc: 0.000000, norm_edit_dis: 0.348268, CTCLoss: 120.932472, NRTRLoss: 1.734258, loss: 122.636192, avg_reader_cost: 0.00298 s, avg_batch_cost: 0.64718 s, avg_samples: 98.0, ips: 151.42563 samples/s, eta: 3:35:44, max_mem_reserved: 25002 MB, max_mem_allocated: 13654 MB
[2025/11/14 12:49:15] ppocr INFO: epoch: [1/20], global_step: 1020, lr: 0.000014, acc: 0.000000, norm_edit_dis: 0.332342, CTCLoss: 127.494915, NRTRLoss: 1.837500, loss: 129.451870, avg_reader_cost: 0.00294 s, avg_batch_cost: 0.66450 s, avg_samples: 106.6, ips: 160.42178 samples/s, eta: 3:35:46, max_mem_reserved: 25002 MB, max_mem_allocated: 13654 MB
[2025/11/14 12:49:21] ppocr INFO: epoch: [1/20], global_step: 1030, lr: 0.000014, acc: 0.000000, norm_edit_dis: 0.346383, CTCLoss: 125.832409, NRTRLoss: 1.851278, loss: 127.697781, avg_reader_cost: 0.00293 s, avg_batch_cost: 0.63385 s, avg_samples: 98.0, ips: 154.61032 samples/s, eta: 3:35:41, max_mem_reserved: 25002 MB, max_mem_allocated: 13654 MB
[2025/11/14 12:49:27] ppocr INFO: epoch: [1/20], global_step: 1040, lr: 0.000014, acc: 0.000000, norm_edit_dis: 0.407287, CTCLoss: 112.318031, NRTRLoss: 1.756972, loss: 114.064968, avg_reader_cost: 0.00291 s, avg_batch_cost: 0.63292 s, avg_samples: 89.4, ips: 141.25059 samples/s, eta: 3:35:37, max_mem_reserved: 25002 MB, max_mem_allocated: 13654 MB
[2025/11/14 12:49:34] ppocr INFO: epoch: [1/20], global_step: 1050, lr: 0.000014, acc: 0.000000, norm_edit_dis: 0.422734, CTCLoss: 110.761654, NRTRLoss: 1.754668, loss: 112.469437, avg_reader_cost: 0.00291 s, avg_batch_cost: 0.64092 s, avg_samples: 97.9, ips: 152.74822 samples/s, eta: 3:35:33, max_mem_reserved: 25002 MB, max_mem_allocated: 13654 MB
[2025/11/14 12:49:40] ppocr INFO: epoch: [1/20], global_step: 1060, lr: 0.000014, acc: 0.000000, norm_edit_dis: 0.447388, CTCLoss: 107.719440, NRTRLoss: 1.725199, loss: 109.424580, avg_reader_cost: 0.00288 s, avg_batch_cost: 0.61487 s, avg_samples: 78.9, ips: 128.31913 samples/s, eta: 3:35:25, max_mem_reserved: 25002 MB, max_mem_allocated: 13654 MB
[2025/11/14 12:49:46] ppocr INFO: epoch: [1/20], global_step: 1070, lr: 0.000015, acc: 0.000000, norm_edit_dis: 0.453256, CTCLoss: 106.748413, NRTRLoss: 1.744720, loss: 108.442661, avg_reader_cost: 0.00290 s, avg_batch_cost: 0.61280 s, avg_samples: 95.9, ips: 156.49436 samples/s, eta: 3:35:16, max_mem_reserved: 25002 MB, max_mem_allocated: 13654 MB
[2025/11/14 12:49:52] ppocr INFO: epoch: [1/20], global_step: 1080, lr: 0.000015, acc: 0.000000, norm_edit_dis: 0.462397, CTCLoss: 106.103893, NRTRLoss: 1.812804, loss: 107.784813, avg_reader_cost: 0.00293 s, avg_batch_cost: 0.64111 s, avg_samples: 100.2, ips: 156.29239 samples/s, eta: 3:35:13, max_mem_reserved: 25002 MB, max_mem_allocated: 13654 MB
[2025/11/14 12:49:56] ppocr INFO: epoch: [1/20], global_step: 1086, lr: 0.000015, acc: 0.000000, norm_edit_dis: 0.474471, CTCLoss: 103.532906, NRTRLoss: 1.707496, loss: 105.231529, avg_reader_cost: 0.00172 s, avg_batch_cost: 0.35704 s, avg_samples: 51.1, ips: 143.12069 samples/s, eta: 3:35:06, max_mem_reserved: 25002 MB, max_mem_allocated: 13654 MB
[2025/11/14 12:49:57] ppocr INFO: save model in ./output/latest
[2025/11/14 12:49:58] ppocr INFO: save model in ./output/iter_epoch_1
[2025/11/14 12:50:02] ppocr INFO: epoch: [2/20], global_step: 1090, lr: 0.000015, acc: 0.000000, norm_edit_dis: 0.477258, CTCLoss: 103.398796, NRTRLoss: 1.727805, loss: 105.100594, avg_reader_cost: 0.33864 s, avg_batch_cost: 0.60753 s, avg_samples: 40.5, ips: 66.66349 samples/s, eta: 3:36:11, max_mem_reserved: 25002 MB, max_mem_allocated: 13654 MB
[2025/11/14 12:50:09] ppocr INFO: epoch: [2/20], global_step: 1100, lr: 0.000015, acc: 0.000000, norm_edit_dis: 0.503733, CTCLoss: 98.429077, NRTRLoss: 1.691272, loss: 100.083725, avg_reader_cost: 0.00285 s, avg_batch_cost: 0.64864 s, avg_samples: 102.3, ips: 157.71437 samples/s, eta: 3:36:08, max_mem_reserved: 25002 MB, max_mem_allocated: 13654 MB
[2025/11/14 12:50:40] ppocr INFO: cur metric, acc: 0.0042999999957, norm_edit_dis: 0.5333840985196424, fps: 688.9380662959395
[2025/11/14 12:50:43] ppocr INFO: save best model is to ./output/best_accuracy
[2025/11/14 12:50:43] ppocr INFO: best metric, acc: 0.0042999999957, is_float16: False, norm_edit_dis: 0.5333840985196424, fps: 688.9380662959395, best_epoch: 2
[2025/11/14 12:50:49] ppocr INFO: epoch: [2/20], global_step: 1110, lr: 0.000015, acc: 0.000000, norm_edit_dis: 0.481080, CTCLoss: 107.289871, NRTRLoss: 1.784268, loss: 109.116653, avg_reader_cost: 0.00393 s, avg_batch_cost: 0.66289 s, avg_samples: 100.2, ips: 151.15533 samples/s, eta: 3:36:08, max_mem_reserved: 25002 MB, max_mem_allocated: 13654 MB
[2025/11/14 12:50:56] ppocr INFO: epoch: [2/20], global_step: 1120, lr: 0.000015, acc: 0.000000, norm_edit_dis: 0.449218, CTCLoss: 116.303925, NRTRLoss: 1.839767, loss: 118.139500, avg_reader_cost: 0.00293 s, avg_batch_cost: 0.65540 s, avg_samples: 110.9, ips: 169.21008 samples/s, eta: 3:36:07, max_mem_reserved: 25002 MB, max_mem_allocated: 13654 MB
[2025/11/14 12:51:02] ppocr INFO: epoch: [2/20], global_step: 1130, lr: 0.000015, acc: 0.005882, norm_edit_dis: 0.480713, CTCLoss: 107.614742, NRTRLoss: 1.785142, loss: 109.396862, avg_reader_cost: 0.00286 s, avg_batch_cost: 0.61405 s, avg_samples: 87.4, ips: 142.33386 samples/s, eta: 3:35:58, max_mem_reserved: 25002 MB, max_mem_allocated: 13654 MB
[2025/11/14 12:51:08] ppocr INFO: epoch: [2/20], global_step: 1140, lr: 0.000016, acc: 0.015625, norm_edit_dis: 0.561215, CTCLoss: 93.009109, NRTRLoss: 1.667564, loss: 94.637901, avg_reader_cost: 0.00288 s, avg_batch_cost: 0.58573 s, avg_samples: 91.6, ips: 156.38661 samples/s, eta: 3:35:44, max_mem_reserved: 25002 MB, max_mem_allocated: 13654 MB
[2025/11/14 12:51:14] ppocr INFO: epoch: [2/20], global_step: 1150, lr: 0.000016, acc: 0.007812, norm_edit_dis: 0.575755, CTCLoss: 86.638870, NRTRLoss: 1.655641, loss: 88.317719, avg_reader_cost: 0.00284 s, avg_batch_cost: 0.64976 s, avg_samples: 102.3, ips: 157.44283 samples/s, eta: 3:35:41, max_mem_reserved: 25002 MB, max_mem_allocated: 13654 MB
[2025/11/14 12:51:21] ppocr INFO: epoch: [2/20], global_step: 1160, lr: 0.000016, acc: 0.009789, norm_edit_dis: 0.571641, CTCLoss: 85.030975, NRTRLoss: 1.708085, loss: 86.673939, avg_reader_cost: 0.00283 s, avg_batch_cost: 0.62954 s, avg_samples: 93.8, ips: 148.99704 samples/s, eta: 3:35:35, max_mem_reserved: 25002 MB, max_mem_allocated: 13654 MB
[2025/11/14 12:51:27] ppocr INFO: epoch: [2/20], global_step: 1170, lr: 0.000016, acc: 0.015625, norm_edit_dis: 0.613651, CTCLoss: 81.197433, NRTRLoss: 1.674760, loss: 82.908394, avg_reader_cost: 0.00280 s, avg_batch_cost: 0.62678 s, avg_samples: 80.9, ips: 129.07146 samples/s, eta: 3:35:28, max_mem_reserved: 25002 MB, max_mem_allocated: 13654 MB
[2025/11/14 12:51:33] ppocr INFO: epoch: [2/20], global_step: 1180, lr: 0.000016, acc: 0.019531, norm_edit_dis: 0.625294, CTCLoss: 79.508362, NRTRLoss: 1.646618, loss: 81.166870, avg_reader_cost: 0.00388 s, avg_batch_cost: 0.63597 s, avg_samples: 87.4, ips: 137.42876 samples/s, eta: 3:35:23, max_mem_reserved: 25002 MB, max_mem_allocated: 13654 MB
[2025/11/14 12:51:40] ppocr INFO: epoch: [2/20], global_step: 1190, lr: 0.000016, acc: 0.023437, norm_edit_dis: 0.635535, CTCLoss: 78.789562, NRTRLoss: 1.643789, loss: 80.433517, avg_reader_cost: 0.00282 s, avg_batch_cost: 0.63278 s, avg_samples: 98.0, ips: 154.87320 samples/s, eta: 3:35:17, max_mem_reserved: 25002 MB, max_mem_allocated: 13654 MB
[2025/11/14 12:51:46] ppocr INFO: epoch: [2/20], global_step: 1200, lr: 0.000016, acc: 0.019531, norm_edit_dis: 0.643918, CTCLoss: 75.849186, NRTRLoss: 1.631252, loss: 77.475471, avg_reader_cost: 0.00284 s, avg_batch_cost: 0.60556 s, avg_samples: 87.3, ips: 144.16378 samples/s, eta: 3:35:07, max_mem_reserved: 25002 MB, max_mem_allocated: 13654 MB
[2025/11/14 12:52:17] ppocr INFO: cur metric, acc: 0.0378999999621, norm_edit_dis: 0.6921968150566609, fps: 701.1600834055896
[2025/11/14 12:52:20] ppocr INFO: save best model is to ./output/best_accuracy
[2025/11/14 12:52:20] ppocr INFO: best metric, acc: 0.0378999999621, is_float16: False, norm_edit_dis: 0.6921968150566609, fps: 701.1600834055896, best_epoch: 2
[2025/11/14 12:52:26] ppocr INFO: epoch: [2/20], global_step: 1210, lr: 0.000017, acc: 0.027390, norm_edit_dis: 0.641644, CTCLoss: 75.171719, NRTRLoss: 1.629058, loss: 76.809879, avg_reader_cost: 0.00307 s, avg_batch_cost: 0.64328 s, avg_samples: 93.7, ips: 145.66003 samples/s, eta: 3:35:03, max_mem_reserved: 25002 MB, max_mem_allocated: 13654 MB
[2025/11/14 12:52:33] ppocr INFO: epoch: [2/20], global_step: 1220, lr: 0.000017, acc: 0.031250, norm_edit_dis: 0.638874, CTCLoss: 77.446003, NRTRLoss: 1.668544, loss: 79.064854, avg_reader_cost: 0.00289 s, avg_batch_cost: 0.66187 s, avg_samples: 100.2, ips: 151.38967 samples/s, eta: 3:35:02, max_mem_reserved: 25002 MB, max_mem_allocated: 13654 MB
[2025/11/14 12:52:39] ppocr INFO: epoch: [2/20], global_step: 1230, lr: 0.000017, acc: 0.023483, norm_edit_dis: 0.651668, CTCLoss: 74.485714, NRTRLoss: 1.664107, loss: 76.156475, avg_reader_cost: 0.00285 s, avg_batch_cost: 0.62794 s, avg_samples: 93.7, ips: 149.21792 samples/s, eta: 3:34:56, max_mem_reserved: 25002 MB, max_mem_allocated: 13654 MB
[2025/11/14 12:52:46] ppocr INFO: epoch: [2/20], global_step: 1240, lr: 0.000017, acc: 0.046967, norm_edit_dis: 0.683379, CTCLoss: 70.073860, NRTRLoss: 1.640602, loss: 71.709618, avg_reader_cost: 0.00286 s, avg_batch_cost: 0.66388 s, avg_samples: 102.3, ips: 154.09501 samples/s, eta: 3:34:55, max_mem_reserved: 25002 MB, max_mem_allocated: 13654 MB
[2025/11/14 12:52:52] ppocr INFO: epoch: [2/20], global_step: 1250, lr: 0.000017, acc: 0.047059, norm_edit_dis: 0.698840, CTCLoss: 67.420197, NRTRLoss: 1.612636, loss: 69.014473, avg_reader_cost: 0.00288 s, avg_batch_cost: 0.62826 s, avg_samples: 85.2, ips: 135.61336 samples/s, eta: 3:34:49, max_mem_reserved: 25002 MB, max_mem_allocated: 13654 MB
[2025/11/14 12:52:58] ppocr INFO: epoch: [2/20], global_step: 1260, lr: 0.000017, acc: 0.046967, norm_edit_dis: 0.686828, CTCLoss: 68.044594, NRTRLoss: 1.639260, loss: 69.638988, avg_reader_cost: 0.00281 s, avg_batch_cost: 0.66049 s, avg_samples: 113.0, ips: 171.08417 samples/s, eta: 3:34:47, max_mem_reserved: 25002 MB, max_mem_allocated: 13654 MB
[2025/11/14 12:53:05] ppocr INFO: epoch: [2/20], global_step: 1270, lr: 0.000017, acc: 0.046967, norm_edit_dis: 0.604536, CTCLoss: 88.446918, NRTRLoss: 1.749458, loss: 90.231785, avg_reader_cost: 0.00374 s, avg_batch_cost: 0.67306 s, avg_samples: 113.0, ips: 167.89037 samples/s, eta: 3:34:48, max_mem_reserved: 25002 MB, max_mem_allocated: 13654 MB
[2025/11/14 12:53:12] ppocr INFO: epoch: [2/20], global_step: 1280, lr: 0.000018, acc: 0.050873, norm_edit_dis: 0.666298, CTCLoss: 74.793411, NRTRLoss: 1.672853, loss: 76.438484, avg_reader_cost: 0.00288 s, avg_batch_cost: 0.63347 s, avg_samples: 89.5, ips: 141.28462 samples/s, eta: 3:34:42, max_mem_reserved: 25002 MB, max_mem_allocated: 13654 MB
[2025/11/14 12:53:17] ppocr INFO: epoch: [2/20], global_step: 1290, lr: 0.000018, acc: 0.062500, norm_edit_dis: 0.721689, CTCLoss: 61.980701, NRTRLoss: 1.623195, loss: 63.587345, avg_reader_cost: 0.00283 s, avg_batch_cost: 0.57821 s, avg_samples: 76.7, ips: 132.65117 samples/s, eta: 3:34:28, max_mem_reserved: 25002 MB, max_mem_allocated: 13654 MB
[2025/11/14 12:53:23] ppocr INFO: epoch: [2/20], global_step: 1300, lr: 0.000018, acc: 0.093934, norm_edit_dis: 0.731541, CTCLoss: 59.907291, NRTRLoss: 1.611826, loss: 61.494947, avg_reader_cost: 0.00284 s, avg_batch_cost: 0.57920 s, avg_samples: 72.4, ips: 124.99906 samples/s, eta: 3:34:13, max_mem_reserved: 25002 MB, max_mem_allocated: 13654 MB
[2025/11/14 12:53:54] ppocr INFO: cur metric, acc: 0.1297999998702, norm_edit_dis: 0.7821060208866654, fps: 707.2547391274927
[2025/11/14 12:53:56] ppocr INFO: save best model is to ./output/best_accuracy
[2025/11/14 12:53:56] ppocr INFO: best metric, acc: 0.1297999998702, is_float16: False, norm_edit_dis: 0.7821060208866654, fps: 707.2547391274927, best_epoch: 2
[2025/11/14 12:54:03] ppocr INFO: epoch: [2/20], global_step: 1310, lr: 0.000018, acc: 0.094118, norm_edit_dis: 0.737913, CTCLoss: 56.761255, NRTRLoss: 1.602195, loss: 58.342272, avg_reader_cost: 0.00297 s, avg_batch_cost: 0.63055 s, avg_samples: 76.7, ips: 121.63989 samples/s, eta: 3:34:07, max_mem_reserved: 25002 MB, max_mem_allocated: 13654 MB
[2025/11/14 12:54:09] ppocr INFO: epoch: [2/20], global_step: 1320, lr: 0.000018, acc: 0.094118, norm_edit_dis: 0.737913, CTCLoss: 56.025154, NRTRLoss: 1.592065, loss: 57.659065, avg_reader_cost: 0.00317 s, avg_batch_cost: 0.60431 s, avg_samples: 83.0, ips: 137.34736 samples/s, eta: 3:33:57, max_mem_reserved: 25002 MB, max_mem_allocated: 13654 MB
[2025/11/14 12:54:15] ppocr INFO: epoch: [2/20], global_step: 1330, lr: 0.000018, acc: 0.080239, norm_edit_dis: 0.737855, CTCLoss: 56.270370, NRTRLoss: 1.624837, loss: 57.907286, avg_reader_cost: 0.00329 s, avg_batch_cost: 0.64490 s, avg_samples: 93.7, ips: 145.29305 samples/s, eta: 3:33:53, max_mem_reserved: 25002 MB, max_mem_allocated: 13654 MB
[2025/11/14 12:54:22] ppocr INFO: epoch: [2/20], global_step: 1340, lr: 0.000018, acc: 0.089844, norm_edit_dis: 0.737390, CTCLoss: 59.226158, NRTRLoss: 1.622982, loss: 60.809015, avg_reader_cost: 0.00282 s, avg_batch_cost: 0.64209 s, avg_samples: 98.0, ips: 152.62666 samples/s, eta: 3:33:49, max_mem_reserved: 25002 MB, max_mem_allocated: 13654 MB
[2025/11/14 12:54:28] ppocr INFO: epoch: [2/20], global_step: 1350, lr: 0.000019, acc: 0.109375, norm_edit_dis: 0.752904, CTCLoss: 55.109764, NRTRLoss: 1.602905, loss: 56.672098, avg_reader_cost: 0.00284 s, avg_batch_cost: 0.58523 s, avg_samples: 76.7, ips: 131.05930 samples/s, eta: 3:33:36, max_mem_reserved: 25002 MB, max_mem_allocated: 13654 MB
[2025/11/14 12:54:34] ppocr INFO: epoch: [2/20], global_step: 1360, lr: 0.000019, acc: 0.117187, norm_edit_dis: 0.769060, CTCLoss: 51.978500, NRTRLoss: 1.578005, loss: 53.585110, avg_reader_cost: 0.00287 s, avg_batch_cost: 0.63535 s, avg_samples: 89.5, ips: 140.86820 samples/s, eta: 3:33:31, max_mem_reserved: 25002 MB, max_mem_allocated: 13654 MB
[2025/11/14 12:54:40] ppocr INFO: epoch: [2/20], global_step: 1370, lr: 0.000019, acc: 0.125000, norm_edit_dis: 0.761662, CTCLoss: 53.404400, NRTRLoss: 1.577275, loss: 54.971045, avg_reader_cost: 0.00288 s, avg_batch_cost: 0.64004 s, avg_samples: 91.7, ips: 143.27140 samples/s, eta: 3:33:26, max_mem_reserved: 25002 MB, max_mem_allocated: 13654 MB
[2025/11/14 12:54:47] ppocr INFO: epoch: [2/20], global_step: 1380, lr: 0.000019, acc: 0.121094, norm_edit_dis: 0.751420, CTCLoss: 51.719000, NRTRLoss: 1.615788, loss: 53.244663, avg_reader_cost: 0.00285 s, avg_batch_cost: 0.63885 s, avg_samples: 91.7, ips: 143.53953 samples/s, eta: 3:33:21, max_mem_reserved: 25002 MB, max_mem_allocated: 13654 MB
[2025/11/14 12:54:53] ppocr INFO: epoch: [2/20], global_step: 1390, lr: 0.000019, acc: 0.121094, norm_edit_dis: 0.767865, CTCLoss: 50.698120, NRTRLoss: 1.597452, loss: 52.253780, avg_reader_cost: 0.00329 s, avg_batch_cost: 0.63905 s, avg_samples: 91.6, ips: 143.33857 samples/s, eta: 3:33:16, max_mem_reserved: 25002 MB, max_mem_allocated: 13654 MB
[2025/11/14 12:55:00] ppocr INFO: epoch: [2/20], global_step: 1400, lr: 0.000019, acc: 0.129412, norm_edit_dis: 0.771084, CTCLoss: 49.395901, NRTRLoss: 1.601584, loss: 50.989965, avg_reader_cost: 0.00287 s, avg_batch_cost: 0.65521 s, avg_samples: 98.0, ips: 149.57003 samples/s, eta: 3:33:14, max_mem_reserved: 25002 MB, max_mem_allocated: 13654 MB
[2025/11/14 12:55:30] ppocr INFO: cur metric, acc: 0.1600999998399, norm_edit_dis: 0.8038870665948135, fps: 695.7111257161893
[2025/11/14 12:55:33] ppocr INFO: save best model is to ./output/best_accuracy
[2025/11/14 12:55:33] ppocr INFO: best metric, acc: 0.1600999998399, is_float16: False, norm_edit_dis: 0.8038870665948135, fps: 695.7111257161893, best_epoch: 2
[2025/11/14 12:55:40] ppocr INFO: epoch: [2/20], global_step: 1410, lr: 0.000019, acc: 0.129412, norm_edit_dis: 0.724163, CTCLoss: 59.160507, NRTRLoss: 1.655651, loss: 60.747395, avg_reader_cost: 0.00503 s, avg_batch_cost: 0.70625 s, avg_samples: 108.7, ips: 153.91182 samples/s, eta: 3:33:18, max_mem_reserved: 25002 MB, max_mem_allocated: 13654 MB
[2025/11/14 12:55:46] ppocr INFO: epoch: [2/20], global_step: 1420, lr: 0.000019, acc: 0.148437, norm_edit_dis: 0.780631, CTCLoss: 48.981625, NRTRLoss: 1.572933, loss: 50.521921, avg_reader_cost: 0.00298 s, avg_batch_cost: 0.62656 s, avg_samples: 87.4, ips: 139.49130 samples/s, eta: 3:33:11, max_mem_reserved: 25002 MB, max_mem_allocated: 13654 MB
[2025/11/14 12:55:52] ppocr INFO: epoch: [2/20], global_step: 1430, lr: 0.000020, acc: 0.171875, norm_edit_dis: 0.788435, CTCLoss: 43.602560, NRTRLoss: 1.561524, loss: 45.153273, avg_reader_cost: 0.00295 s, avg_batch_cost: 0.62202 s, avg_samples: 83.0, ips: 133.43567 samples/s, eta: 3:33:04, max_mem_reserved: 25002 MB, max_mem_allocated: 13654 MB
[2025/11/14 12:55:59] ppocr INFO: epoch: [2/20], global_step: 1440, lr: 0.000020, acc: 0.147059, norm_edit_dis: 0.793367, CTCLoss: 43.349106, NRTRLoss: 1.559800, loss: 44.909784, avg_reader_cost: 0.00340 s, avg_batch_cost: 0.63042 s, avg_samples: 83.1, ips: 131.81686 samples/s, eta: 3:32:58, max_mem_reserved: 25002 MB, max_mem_allocated: 13654 MB
[2025/11/14 12:56:05] ppocr INFO: epoch: [2/20], global_step: 1450, lr: 0.000020, acc: 0.156250, norm_edit_dis: 0.799846, CTCLoss: 45.213249, NRTRLoss: 1.560524, loss: 46.800312, avg_reader_cost: 0.00329 s, avg_batch_cost: 0.63647 s, avg_samples: 91.7, ips: 144.07612 samples/s, eta: 3:32:52, max_mem_reserved: 25002 MB, max_mem_allocated: 13654 MB
[2025/11/14 12:56:11] ppocr INFO: epoch: [2/20], global_step: 1460, lr: 0.000020, acc: 0.140901, norm_edit_dis: 0.789193, CTCLoss: 44.235157, NRTRLoss: 1.552773, loss: 45.737587, avg_reader_cost: 0.00297 s, avg_batch_cost: 0.62805 s, avg_samples: 87.4, ips: 139.16099 samples/s, eta: 3:32:46, max_mem_reserved: 25002 MB, max_mem_allocated: 13654 MB
[2025/11/14 12:56:17] ppocr INFO: epoch: [2/20], global_step: 1470, lr: 0.000020, acc: 0.140901, norm_edit_dis: 0.785337, CTCLoss: 44.488291, NRTRLoss: 1.537067, loss: 46.000715, avg_reader_cost: 0.00298 s, avg_batch_cost: 0.61686 s, avg_samples: 89.5, ips: 145.08910 samples/s, eta: 3:32:38, max_mem_reserved: 25002 MB, max_mem_allocated: 13654 MB
[2025/11/14 12:56:24] ppocr INFO: epoch: [2/20], global_step: 1480, lr: 0.000020, acc: 0.168290, norm_edit_dis: 0.789818, CTCLoss: 44.152088, NRTRLoss: 1.577052, loss: 45.690773, avg_reader_cost: 0.00295 s, avg_batch_cost: 0.62546 s, avg_samples: 89.5, ips: 143.09541 samples/s, eta: 3:32:31, max_mem_reserved: 25002 MB, max_mem_allocated: 13654 MB
[2025/11/14 12:56:30] ppocr INFO: epoch: [2/20], global_step: 1490, lr: 0.000020, acc: 0.200000, norm_edit_dis: 0.793036, CTCLoss: 41.564983, NRTRLoss: 1.575821, loss: 43.120640, avg_reader_cost: 0.00294 s, avg_batch_cost: 0.66414 s, avg_samples: 93.7, ips: 141.08530 samples/s, eta: 3:32:29, max_mem_reserved: 25002 MB, max_mem_allocated: 13654 MB
[2025/11/14 12:56:37] ppocr INFO: epoch: [2/20], global_step: 1500, lr: 0.000021, acc: 0.201562, norm_edit_dis: 0.795246, CTCLoss: 41.534567, NRTRLoss: 1.559022, loss: 43.080191, avg_reader_cost: 0.00296 s, avg_batch_cost: 0.63929 s, avg_samples: 85.2, ips: 133.27303 samples/s, eta: 3:32:24, max_mem_reserved: 25002 MB, max_mem_allocated: 13654 MB
[2025/11/14 12:57:08] ppocr INFO: cur metric, acc: 0.23349999976650002, norm_edit_dis: 0.8332468577591541, fps: 691.8057882002222
[2025/11/14 12:57:11] ppocr INFO: save best model is to ./output/best_accuracy
[2025/11/14 12:57:11] ppocr INFO: best metric, acc: 0.23349999976650002, is_float16: False, norm_edit_dis: 0.8332468577591541, fps: 691.8057882002222, best_epoch: 2
[2025/11/14 12:57:17] ppocr INFO: epoch: [2/20], global_step: 1510, lr: 0.000021, acc: 0.203125, norm_edit_dis: 0.812011, CTCLoss: 39.273800, NRTRLoss: 1.553877, loss: 40.816332, avg_reader_cost: 0.00292 s, avg_batch_cost: 0.61824 s, avg_samples: 85.1, ips: 137.64929 samples/s, eta: 3:32:16, max_mem_reserved: 25002 MB, max_mem_allocated: 13654 MB
[2025/11/14 12:57:23] ppocr INFO: epoch: [2/20], global_step: 1520, lr: 0.000021, acc: 0.188235, norm_edit_dis: 0.819989, CTCLoss: 38.709244, NRTRLoss: 1.539283, loss: 40.271915, avg_reader_cost: 0.00286 s, avg_batch_cost: 0.60905 s, avg_samples: 87.4, ips: 143.50140 samples/s, eta: 3:32:07, max_mem_reserved: 25002 MB, max_mem_allocated: 13654 MB
[2025/11/14 12:57:29] ppocr INFO: epoch: [2/20], global_step: 1530, lr: 0.000021, acc: 0.201562, norm_edit_dis: 0.821858, CTCLoss: 37.862255, NRTRLoss: 1.534374, loss: 39.361967, avg_reader_cost: 0.00331 s, avg_batch_cost: 0.63359 s, avg_samples: 89.4, ips: 141.10106 samples/s, eta: 3:32:01, max_mem_reserved: 25002 MB, max_mem_allocated: 13654 MB
[2025/11/14 12:57:36] ppocr INFO: epoch: [2/20], global_step: 1540, lr: 0.000021, acc: 0.203125, norm_edit_dis: 0.806612, CTCLoss: 37.100140, NRTRLoss: 1.547874, loss: 38.639198, avg_reader_cost: 0.00279 s, avg_batch_cost: 0.63730 s, avg_samples: 93.8, ips: 147.18428 samples/s, eta: 3:31:56, max_mem_reserved: 25002 MB, max_mem_allocated: 13654 MB
[2025/11/14 12:57:42] ppocr INFO: epoch: [2/20], global_step: 1550, lr: 0.000021, acc: 0.201562, norm_edit_dis: 0.803213, CTCLoss: 40.464636, NRTRLoss: 1.554840, loss: 42.016142, avg_reader_cost: 0.00279 s, avg_batch_cost: 0.65265 s, avg_samples: 95.9, ips: 146.93922 samples/s, eta: 3:31:52, max_mem_reserved: 25002 MB, max_mem_allocated: 13654 MB
[2025/11/14 12:57:49] ppocr INFO: epoch: [2/20], global_step: 1560, lr: 0.000021, acc: 0.182031, norm_edit_dis: 0.783629, CTCLoss: 41.547632, NRTRLoss: 1.590924, loss: 43.077698, avg_reader_cost: 0.00285 s, avg_batch_cost: 0.64660 s, avg_samples: 100.2, ips: 154.96508 samples/s, eta: 3:31:48, max_mem_reserved: 25002 MB, max_mem_allocated: 13654 MB
[2025/11/14 12:57:55] ppocr INFO: epoch: [2/20], global_step: 1570, lr: 0.000022, acc: 0.210937, norm_edit_dis: 0.789919, CTCLoss: 39.237257, NRTRLoss: 1.590924, loss: 40.766808, avg_reader_cost: 0.00331 s, avg_batch_cost: 0.63714 s, avg_samples: 89.5, ips: 140.47163 samples/s, eta: 3:31:43, max_mem_reserved: 25002 MB, max_mem_allocated: 13654 MB
[2025/11/14 12:58:01] ppocr INFO: epoch: [2/20], global_step: 1580, lr: 0.000022, acc: 0.221140, norm_edit_dis: 0.809242, CTCLoss: 36.788036, NRTRLoss: 1.561994, loss: 38.340483, avg_reader_cost: 0.00285 s, avg_batch_cost: 0.59219 s, avg_samples: 81.0, ips: 136.78009 samples/s, eta: 3:31:32, max_mem_reserved: 25002 MB, max_mem_allocated: 13654 MB
[2025/11/14 12:58:07] ppocr INFO: epoch: [2/20], global_step: 1590, lr: 0.000022, acc: 0.210937, norm_edit_dis: 0.781656, CTCLoss: 38.289852, NRTRLoss: 1.566173, loss: 39.821054, avg_reader_cost: 0.00287 s, avg_batch_cost: 0.64358 s, avg_samples: 98.1, ips: 152.42867 samples/s, eta: 3:31:27, max_mem_reserved: 25002 MB, max_mem_allocated: 13654 MB
[2025/11/14 12:58:14] ppocr INFO: epoch: [2/20], global_step: 1600, lr: 0.000022, acc: 0.201562, norm_edit_dis: 0.799924, CTCLoss: 36.301361, NRTRLoss: 1.542638, loss: 37.798744, avg_reader_cost: 0.00303 s, avg_batch_cost: 0.62069 s, avg_samples: 81.0, ips: 130.49933 samples/s, eta: 3:31:19, max_mem_reserved: 25002 MB, max_mem_allocated: 13654 MB
[2025/11/14 12:58:45] ppocr INFO: cur metric, acc: 0.2704999997295, norm_edit_dis: 0.847774872163364, fps: 670.9147388996772
[2025/11/14 12:58:48] ppocr INFO: save best model is to ./output/best_accuracy
[2025/11/14 12:58:48] ppocr INFO: best metric, acc: 0.2704999997295, is_float16: False, norm_edit_dis: 0.847774872163364, fps: 670.9147388996772, best_epoch: 2
[2025/11/14 12:58:54] ppocr INFO: epoch: [2/20], global_step: 1610, lr: 0.000022, acc: 0.203125, norm_edit_dis: 0.809716, CTCLoss: 35.660995, NRTRLoss: 1.544593, loss: 37.178616, avg_reader_cost: 0.00291 s, avg_batch_cost: 0.62496 s, avg_samples: 89.5, ips: 143.20943 samples/s, eta: 3:31:12, max_mem_reserved: 25002 MB, max_mem_allocated: 13654 MB
[2025/11/14 12:59:00] ppocr INFO: epoch: [2/20], global_step: 1620, lr: 0.000022, acc: 0.228952, norm_edit_dis: 0.809716, CTCLoss: 36.788464, NRTRLoss: 1.568980, loss: 38.326637, avg_reader_cost: 0.00295 s, avg_batch_cost: 0.63201 s, avg_samples: 93.8, ips: 148.41519 samples/s, eta: 3:31:06, max_mem_reserved: 25002 MB, max_mem_allocated: 13654 MB
[2025/11/14 12:59:06] ppocr INFO: epoch: [2/20], global_step: 1630, lr: 0.000022, acc: 0.240717, norm_edit_dis: 0.811766, CTCLoss: 35.075602, NRTRLoss: 1.520757, loss: 36.600950, avg_reader_cost: 0.00290 s, avg_batch_cost: 0.59491 s, avg_samples: 93.7, ips: 157.50331 samples/s, eta: 3:30:56, max_mem_reserved: 25002 MB, max_mem_allocated: 13654 MB
[2025/11/14 12:59:13] ppocr INFO: epoch: [2/20], global_step: 1640, lr: 0.000023, acc: 0.223529, norm_edit_dis: 0.816435, CTCLoss: 35.122623, NRTRLoss: 1.514034, loss: 36.616056, avg_reader_cost: 0.00294 s, avg_batch_cost: 0.65270 s, avg_samples: 102.3, ips: 156.73317 samples/s, eta: 3:30:52, max_mem_reserved: 25002 MB, max_mem_allocated: 13654 MB
[2025/11/14 12:59:19] ppocr INFO: epoch: [2/20], global_step: 1650, lr: 0.000023, acc: 0.240717, norm_edit_dis: 0.833149, CTCLoss: 33.977089, NRTRLoss: 1.509898, loss: 35.459097, avg_reader_cost: 0.00293 s, avg_batch_cost: 0.61500 s, avg_samples: 83.1, ips: 135.12170 samples/s, eta: 3:30:44, max_mem_reserved: 25002 MB, max_mem_allocated: 13654 MB
[2025/11/14 12:59:25] ppocr INFO: epoch: [2/20], global_step: 1660, lr: 0.000023, acc: 0.223529, norm_edit_dis: 0.827356, CTCLoss: 32.056611, NRTRLoss: 1.532963, loss: 33.576794, avg_reader_cost: 0.00293 s, avg_batch_cost: 0.59271 s, avg_samples: 89.5, ips: 151.00223 samples/s, eta: 3:30:33, max_mem_reserved: 25002 MB, max_mem_allocated: 13654 MB
[2025/11/14 12:59:31] ppocr INFO: epoch: [2/20], global_step: 1670, lr: 0.000023, acc: 0.221140, norm_edit_dis: 0.827072, CTCLoss: 32.101117, NRTRLoss: 1.532963, loss: 33.599800, avg_reader_cost: 0.00296 s, avg_batch_cost: 0.63608 s, avg_samples: 87.3, ips: 137.24778 samples/s, eta: 3:30:28, max_mem_reserved: 25002 MB, max_mem_allocated: 13654 MB
[2025/11/14 12:59:38] ppocr INFO: epoch: [2/20], global_step: 1680, lr: 0.000023, acc: 0.227022, norm_edit_dis: 0.816063, CTCLoss: 32.169287, NRTRLoss: 1.541507, loss: 33.644304, avg_reader_cost: 0.00294 s, avg_batch_cost: 0.63469 s, avg_samples: 91.6, ips: 144.32209 samples/s, eta: 3:30:22, max_mem_reserved: 25002 MB, max_mem_allocated: 13654 MB
[2025/11/14 12:59:43] ppocr INFO: epoch: [2/20], global_step: 1690, lr: 0.000023, acc: 0.228952, norm_edit_dis: 0.821961, CTCLoss: 30.138964, NRTRLoss: 1.522129, loss: 31.674049, avg_reader_cost: 0.00323 s, avg_batch_cost: 0.56830 s, avg_samples: 70.3, ips: 123.70332 samples/s, eta: 3:30:08, max_mem_reserved: 25002 MB, max_mem_allocated: 13654 MB
[2025/11/14 12:59:49] ppocr INFO: epoch: [2/20], global_step: 1700, lr: 0.000023, acc: 0.234375, norm_edit_dis: 0.828577, CTCLoss: 30.084501, NRTRLoss: 1.496314, loss: 31.585373, avg_reader_cost: 0.00290 s, avg_batch_cost: 0.60338 s, avg_samples: 89.5, ips: 148.33024 samples/s, eta: 3:29:59, max_mem_reserved: 25002 MB, max_mem_allocated: 13654 MB
[2025/11/14 13:00:22] ppocr INFO: cur metric, acc: 0.2943999997056, norm_edit_dis: 0.8556199103430735, fps: 663.5924974170578
[2025/11/14 13:00:24] ppocr INFO: save best model is to ./output/best_accuracy
[2025/11/14 13:00:24] ppocr INFO: best metric, acc: 0.2943999997056, is_float16: False, norm_edit_dis: 0.8556199103430735, fps: 663.5924974170578, best_epoch: 2
[2025/11/14 13:00:31] ppocr INFO: epoch: [2/20], global_step: 1710, lr: 0.000023, acc: 0.232904, norm_edit_dis: 0.830728, CTCLoss: 31.681202, NRTRLoss: 1.500709, loss: 33.160446, avg_reader_cost: 0.00310 s, avg_batch_cost: 0.65335 s, avg_samples: 102.2, ips: 156.42355 samples/s, eta: 3:29:56, max_mem_reserved: 25002 MB, max_mem_allocated: 13654 MB
[2025/11/14 13:00:37] ppocr INFO: epoch: [2/20], global_step: 1720, lr: 0.000024, acc: 0.228952, norm_edit_dis: 0.826601, CTCLoss: 29.245539, NRTRLoss: 1.487630, loss: 30.722137, avg_reader_cost: 0.00281 s, avg_batch_cost: 0.57715 s, avg_samples: 76.7, ips: 132.89455 samples/s, eta: 3:29:43, max_mem_reserved: 25002 MB, max_mem_allocated: 13654 MB
[2025/11/14 13:00:43] ppocr INFO: epoch: [2/20], global_step: 1730, lr: 0.000024, acc: 0.228952, norm_edit_dis: 0.822933, CTCLoss: 29.575527, NRTRLoss: 1.525957, loss: 31.071602, avg_reader_cost: 0.00281 s, avg_batch_cost: 0.64962 s, avg_samples: 102.3, ips: 157.47604 samples/s, eta: 3:29:39, max_mem_reserved: 25002 MB, max_mem_allocated: 13654 MB
[2025/11/14 13:00:50] ppocr INFO: epoch: [2/20], global_step: 1740, lr: 0.000024, acc: 0.179687, norm_edit_dis: 0.712623, CTCLoss: 50.559687, NRTRLoss: 1.571592, loss: 52.211103, avg_reader_cost: 0.00305 s, avg_batch_cost: 0.67299 s, avg_samples: 108.7, ips: 161.51850 samples/s, eta: 3:29:38, max_mem_reserved: 25002 MB, max_mem_allocated: 13654 MB
[2025/11/14 13:00:57] ppocr INFO: epoch: [2/20], global_step: 1750, lr: 0.000024, acc: 0.179687, norm_edit_dis: 0.710979, CTCLoss: 48.498692, NRTRLoss: 1.571592, loss: 50.122044, avg_reader_cost: 0.00292 s, avg_batch_cost: 0.67033 s, avg_samples: 98.1, ips: 146.34677 samples/s, eta: 3:29:36, max_mem_reserved: 25002 MB, max_mem_allocated: 13654 MB
[2025/11/14 13:01:03] ppocr INFO: epoch: [2/20], global_step: 1760, lr: 0.000024, acc: 0.203125, norm_edit_dis: 0.815531, CTCLoss: 29.439744, NRTRLoss: 1.535217, loss: 30.947417, avg_reader_cost: 0.00283 s, avg_batch_cost: 0.62711 s, avg_samples: 98.0, ips: 156.27325 samples/s, eta: 3:29:30, max_mem_reserved: 25002 MB, max_mem_allocated: 13654 MB
[2025/11/14 13:01:10] ppocr INFO: epoch: [2/20], global_step: 1770, lr: 0.000024, acc: 0.247059, norm_edit_dis: 0.810586, CTCLoss: 29.960971, NRTRLoss: 1.548466, loss: 31.449538, avg_reader_cost: 0.00288 s, avg_batch_cost: 0.66890 s, avg_samples: 104.4, ips: 156.07798 samples/s, eta: 3:29:28, max_mem_reserved: 25002 MB, max_mem_allocated: 13654 MB
[2025/11/14 13:01:16] ppocr INFO: epoch: [2/20], global_step: 1780, lr: 0.000024, acc: 0.248529, norm_edit_dis: 0.832627, CTCLoss: 29.708671, NRTRLoss: 1.505294, loss: 31.176608, avg_reader_cost: 0.00293 s, avg_batch_cost: 0.61949 s, avg_samples: 87.4, ips: 141.08392 samples/s, eta: 3:29:20, max_mem_reserved: 25002 MB, max_mem_allocated: 13654 MB
[2025/11/14 13:01:22] ppocr INFO: epoch: [2/20], global_step: 1790, lr: 0.000025, acc: 0.242187, norm_edit_dis: 0.832850, CTCLoss: 27.583518, NRTRLoss: 1.487440, loss: 29.125438, avg_reader_cost: 0.00284 s, avg_batch_cost: 0.61079 s, avg_samples: 80.9, ips: 132.45050 samples/s, eta: 3:29:12, max_mem_reserved: 25002 MB, max_mem_allocated: 13654 MB
[2025/11/14 13:01:28] ppocr INFO: epoch: [2/20], global_step: 1800, lr: 0.000025, acc: 0.228952, norm_edit_dis: 0.819635, CTCLoss: 28.209138, NRTRLoss: 1.517919, loss: 29.700383, avg_reader_cost: 0.00283 s, avg_batch_cost: 0.61774 s, avg_samples: 95.9, ips: 155.24314 samples/s, eta: 3:29:04, max_mem_reserved: 25002 MB, max_mem_allocated: 13654 MB
[2025/11/14 13:02:00] ppocr INFO: cur metric, acc: 0.2941999997058, norm_edit_dis: 0.8530633957823727, fps: 674.1115828389417
[2025/11/14 13:02:00] ppocr INFO: best metric, acc: 0.2943999997056, is_float16: False, norm_edit_dis: 0.8556199103430735, fps: 663.5924974170578, best_epoch: 2
[2025/11/14 13:02:06] ppocr INFO: epoch: [2/20], global_step: 1810, lr: 0.000025, acc: 0.248529, norm_edit_dis: 0.824247, CTCLoss: 27.633490, NRTRLoss: 1.514585, loss: 29.145967, avg_reader_cost: 0.00293 s, avg_batch_cost: 0.63464 s, avg_samples: 93.6, ips: 147.48576 samples/s, eta: 3:28:59, max_mem_reserved: 25002 MB, max_mem_allocated: 13654 MB
[2025/11/14 13:02:13] ppocr INFO: epoch: [2/20], global_step: 1820, lr: 0.000025, acc: 0.258823, norm_edit_dis: 0.830274, CTCLoss: 26.561048, NRTRLoss: 1.502346, loss: 28.056052, avg_reader_cost: 0.00325 s, avg_batch_cost: 0.62823 s, avg_samples: 85.3, ips: 135.77777 samples/s, eta: 3:28:52, max_mem_reserved: 25002 MB, max_mem_allocated: 13654 MB
[2025/11/14 13:02:19] ppocr INFO: epoch: [2/20], global_step: 1830, lr: 0.000025, acc: 0.268107, norm_edit_dis: 0.827436, CTCLoss: 26.190833, NRTRLoss: 1.487743, loss: 27.663182, avg_reader_cost: 0.00289 s, avg_batch_cost: 0.64548 s, avg_samples: 87.3, ips: 135.24921 samples/s, eta: 3:28:47, max_mem_reserved: 25002 MB, max_mem_allocated: 13654 MB
[2025/11/14 13:02:26] ppocr INFO: epoch: [2/20], global_step: 1840, lr: 0.000025, acc: 0.270588, norm_edit_dis: 0.825860, CTCLoss: 25.575114, NRTRLoss: 1.500529, loss: 27.046774, avg_reader_cost: 0.00300 s, avg_batch_cost: 0.65463 s, avg_samples: 95.9, ips: 146.49505 samples/s, eta: 3:28:44, max_mem_reserved: 25002 MB, max_mem_allocated: 13654 MB
[2025/11/14 13:02:32] ppocr INFO: epoch: [2/20], global_step: 1850, lr: 0.000025, acc: 0.254412, norm_edit_dis: 0.819191, CTCLoss: 26.850054, NRTRLoss: 1.509580, loss: 28.367605, avg_reader_cost: 0.00290 s, avg_batch_cost: 0.64799 s, avg_samples: 98.0, ips: 151.23709 samples/s, eta: 3:28:39, max_mem_reserved: 25002 MB, max_mem_allocated: 13654 MB
[2025/11/14 13:02:38] ppocr INFO: epoch: [2/20], global_step: 1860, lr: 0.000026, acc: 0.234375, norm_edit_dis: 0.819191, CTCLoss: 27.072719, NRTRLoss: 1.489225, loss: 28.576377, avg_reader_cost: 0.00284 s, avg_batch_cost: 0.59419 s, avg_samples: 87.4, ips: 147.09183 samples/s, eta: 3:28:29, max_mem_reserved: 25002 MB, max_mem_allocated: 13654 MB
[2025/11/14 13:02:44] ppocr INFO: epoch: [2/20], global_step: 1870, lr: 0.000026, acc: 0.248529, norm_edit_dis: 0.826485, CTCLoss: 24.801660, NRTRLoss: 1.487772, loss: 26.287731, avg_reader_cost: 0.00285 s, avg_batch_cost: 0.62540 s, avg_samples: 93.7, ips: 149.82370 samples/s, eta: 3:28:23, max_mem_reserved: 25002 MB, max_mem_allocated: 13654 MB
[2025/11/14 13:02:51] ppocr INFO: epoch: [2/20], global_step: 1880, lr: 0.000026, acc: 0.228952, norm_edit_dis: 0.824211, CTCLoss: 26.144220, NRTRLoss: 1.490595, loss: 27.595592, avg_reader_cost: 0.00291 s, avg_batch_cost: 0.64786 s, avg_samples: 95.9, ips: 148.02501 samples/s, eta: 3:28:18, max_mem_reserved: 25002 MB, max_mem_allocated: 13654 MB
[2025/11/14 13:02:57] ppocr INFO: epoch: [2/20], global_step: 1890, lr: 0.000026, acc: 0.213327, norm_edit_dis: 0.819734, CTCLoss: 26.252903, NRTRLoss: 1.504966, loss: 27.727674, avg_reader_cost: 0.00291 s, avg_batch_cost: 0.64016 s, avg_samples: 97.9, ips: 152.93170 samples/s, eta: 3:28:13, max_mem_reserved: 25002 MB, max_mem_allocated: 13654 MB
[2025/11/14 13:03:04] ppocr INFO: epoch: [2/20], global_step: 1900, lr: 0.000026, acc: 0.223529, norm_edit_dis: 0.830568, CTCLoss: 23.808735, NRTRLoss: 1.487032, loss: 25.295635, avg_reader_cost: 0.00286 s, avg_batch_cost: 0.64880 s, avg_samples: 95.9, ips: 147.81047 samples/s, eta: 3:28:09, max_mem_reserved: 25002 MB, max_mem_allocated: 13654 MB
[2025/11/14 13:03:35] ppocr INFO: cur metric, acc: 0.2960999997039, norm_edit_dis: 0.8517339638172782, fps: 672.7537863516748
[2025/11/14 13:03:38] ppocr INFO: save best model is to ./output/best_accuracy
[2025/11/14 13:03:38] ppocr INFO: best metric, acc: 0.2960999997039, is_float16: False, norm_edit_dis: 0.8517339638172782, fps: 672.7537863516748, best_epoch: 2
[2025/11/14 13:03:44] ppocr INFO: epoch: [2/20], global_step: 1910, lr: 0.000026, acc: 0.234835, norm_edit_dis: 0.833745, CTCLoss: 22.940654, NRTRLoss: 1.491484, loss: 24.395433, avg_reader_cost: 0.00375 s, avg_batch_cost: 0.63351 s, avg_samples: 91.7, ips: 144.74895 samples/s, eta: 3:28:03, max_mem_reserved: 25002 MB, max_mem_allocated: 13654 MB
[2025/11/14 13:03:51] ppocr INFO: epoch: [2/20], global_step: 1920, lr: 0.000026, acc: 0.240717, norm_edit_dis: 0.821459, CTCLoss: 25.543329, NRTRLoss: 1.494366, loss: 27.002467, avg_reader_cost: 0.00289 s, avg_batch_cost: 0.65297 s, avg_samples: 98.0, ips: 150.08385 samples/s, eta: 3:27:59, max_mem_reserved: 25002 MB, max_mem_allocated: 13654 MB
[2025/11/14 13:03:57] ppocr INFO: epoch: [2/20], global_step: 1930, lr: 0.000027, acc: 0.240717, norm_edit_dis: 0.811281, CTCLoss: 25.545759, NRTRLoss: 1.496796, loss: 27.029464, avg_reader_cost: 0.00309 s, avg_batch_cost: 0.63378 s, avg_samples: 93.7, ips: 147.84351 samples/s, eta: 3:27:53, max_mem_reserved: 25002 MB, max_mem_allocated: 13654 MB
[2025/11/14 13:04:03] ppocr INFO: epoch: [2/20], global_step: 1940, lr: 0.000027, acc: 0.262224, norm_edit_dis: 0.808491, CTCLoss: 24.627605, NRTRLoss: 1.494534, loss: 26.111076, avg_reader_cost: 0.00315 s, avg_batch_cost: 0.61079 s, avg_samples: 81.0, ips: 132.61449 samples/s, eta: 3:27:44, max_mem_reserved: 25002 MB, max_mem_allocated: 13654 MB
[2025/11/14 13:04:09] ppocr INFO: epoch: [2/20], global_step: 1950, lr: 0.000027, acc: 0.265625, norm_edit_dis: 0.804461, CTCLoss: 24.092228, NRTRLoss: 1.510879, loss: 25.592202, avg_reader_cost: 0.00288 s, avg_batch_cost: 0.60586 s, avg_samples: 87.4, ips: 144.25882 samples/s, eta: 3:27:36, max_mem_reserved: 25002 MB, max_mem_allocated: 13654 MB
[2025/11/14 13:04:15] ppocr INFO: epoch: [2/20], global_step: 1960, lr: 0.000027, acc: 0.276471, norm_edit_dis: 0.822694, CTCLoss: 23.596363, NRTRLoss: 1.505498, loss: 25.052814, avg_reader_cost: 0.00288 s, avg_batch_cost: 0.58370 s, avg_samples: 78.8, ips: 134.99972 samples/s, eta: 3:27:25, max_mem_reserved: 25002 MB, max_mem_allocated: 13654 MB
[2025/11/14 13:04:21] ppocr INFO: epoch: [2/20], global_step: 1970, lr: 0.000027, acc: 0.258823, norm_edit_dis: 0.822694, CTCLoss: 22.961660, NRTRLoss: 1.477153, loss: 24.417260, avg_reader_cost: 0.00289 s, avg_batch_cost: 0.64112 s, avg_samples: 95.9, ips: 149.58293 samples/s, eta: 3:27:20, max_mem_reserved: 25002 MB, max_mem_allocated: 13654 MB
[2025/11/14 13:04:28] ppocr INFO: epoch: [2/20], global_step: 1980, lr: 0.000027, acc: 0.270588, norm_edit_dis: 0.802747, CTCLoss: 21.566742, NRTRLoss: 1.498287, loss: 23.036364, avg_reader_cost: 0.00287 s, avg_batch_cost: 0.62087 s, avg_samples: 91.6, ips: 147.53433 samples/s, eta: 3:27:12, max_mem_reserved: 25002 MB, max_mem_allocated: 13654 MB
[2025/11/14 13:04:34] ppocr INFO: epoch: [2/20], global_step: 1990, lr: 0.000027, acc: 0.270588, norm_edit_dis: 0.816369, CTCLoss: 23.022196, NRTRLoss: 1.488577, loss: 24.508310, avg_reader_cost: 0.00296 s, avg_batch_cost: 0.61528 s, avg_samples: 91.6, ips: 148.87508 samples/s, eta: 3:27:05, max_mem_reserved: 25002 MB, max_mem_allocated: 13654 MB
[2025/11/14 13:04:40] ppocr INFO: epoch: [2/20], global_step: 2000, lr: 0.000027, acc: 0.275919, norm_edit_dis: 0.819280, CTCLoss: 23.565385, NRTRLoss: 1.495610, loss: 25.087751, avg_reader_cost: 0.00290 s, avg_batch_cost: 0.63799 s, avg_samples: 93.8, ips: 147.02346 samples/s, eta: 3:26:59, max_mem_reserved: 25002 MB, max_mem_allocated: 13654 MB
[2025/11/14 13:05:12] ppocr INFO: cur metric, acc: 0.3135999996864, norm_edit_dis: 0.8521560183149162, fps: 683.2932746251987
[2025/11/14 13:05:14] ppocr INFO: save best model is to ./output/best_accuracy
[2025/11/14 13:05:14] ppocr INFO: best metric, acc: 0.3135999996864, is_float16: False, norm_edit_dis: 0.8521560183149162, fps: 683.2932746251987, best_epoch: 2
[2025/11/14 13:05:21] ppocr INFO: epoch: [2/20], global_step: 2010, lr: 0.000028, acc: 0.262224, norm_edit_dis: 0.816889, CTCLoss: 22.586614, NRTRLoss: 1.511679, loss: 24.099135, avg_reader_cost: 0.00288 s, avg_batch_cost: 0.62395 s, avg_samples: 89.4, ips: 143.27979 samples/s, eta: 3:26:52, max_mem_reserved: 25002 MB, max_mem_allocated: 13654 MB
[2025/11/14 13:05:27] ppocr INFO: epoch: [2/20], global_step: 2020, lr: 0.000028, acc: 0.265625, norm_edit_dis: 0.817407, CTCLoss: 22.440344, NRTRLoss: 1.506651, loss: 23.928582, avg_reader_cost: 0.00286 s, avg_batch_cost: 0.65066 s, avg_samples: 98.0, ips: 150.61642 samples/s, eta: 3:26:48, max_mem_reserved: 25002 MB, max_mem_allocated: 13654 MB
[2025/11/14 13:05:33] ppocr INFO: epoch: [2/20], global_step: 2030, lr: 0.000028, acc: 0.282353, norm_edit_dis: 0.831484, CTCLoss: 20.077885, NRTRLoss: 1.471663, loss: 21.528856, avg_reader_cost: 0.00294 s, avg_batch_cost: 0.62861 s, avg_samples: 80.9, ips: 128.69709 samples/s, eta: 3:26:42, max_mem_reserved: 25002 MB, max_mem_allocated: 13654 MB
[2025/11/14 13:05:40] ppocr INFO: epoch: [2/20], global_step: 2040, lr: 0.000028, acc: 0.266176, norm_edit_dis: 0.831109, CTCLoss: 20.077885, NRTRLoss: 1.479963, loss: 21.528856, avg_reader_cost: 0.00285 s, avg_batch_cost: 0.64509 s, avg_samples: 96.0, ips: 148.81569 samples/s, eta: 3:26:37, max_mem_reserved: 25002 MB, max_mem_allocated: 13654 MB
[2025/11/14 13:05:46] ppocr INFO: epoch: [2/20], global_step: 2050, lr: 0.000028, acc: 0.242187, norm_edit_dis: 0.803277, CTCLoss: 25.618826, NRTRLoss: 1.544244, loss: 27.116324, avg_reader_cost: 0.00288 s, avg_batch_cost: 0.61932 s, avg_samples: 93.8, ips: 151.45535 samples/s, eta: 3:26:29, max_mem_reserved: 25002 MB, max_mem_allocated: 13654 MB
[2025/11/14 13:05:52] ppocr INFO: epoch: [2/20], global_step: 2060, lr: 0.000028, acc: 0.201608, norm_edit_dis: 0.743438, CTCLoss: 29.972593, NRTRLoss: 1.537158, loss: 31.499208, avg_reader_cost: 0.00296 s, avg_batch_cost: 0.64040 s, avg_samples: 108.7, ips: 169.73709 samples/s, eta: 3:26:24, max_mem_reserved: 25002 MB, max_mem_allocated: 13654 MB
[2025/11/14 13:05:59] ppocr INFO: epoch: [2/20], global_step: 2070, lr: 0.000028, acc: 0.270588, norm_edit_dis: 0.808310, CTCLoss: 21.648341, NRTRLoss: 1.489994, loss: 23.085868, avg_reader_cost: 0.00317 s, avg_batch_cost: 0.62898 s, avg_samples: 85.2, ips: 135.45822 samples/s, eta: 3:26:18, max_mem_reserved: 25002 MB, max_mem_allocated: 13654 MB
[2025/11/14 13:06:05] ppocr INFO: epoch: [2/20], global_step: 2080, lr: 0.000029, acc: 0.289614, norm_edit_dis: 0.830887, CTCLoss: 19.599305, NRTRLoss: 1.467809, loss: 21.045024, avg_reader_cost: 0.00283 s, avg_batch_cost: 0.64982 s, avg_samples: 102.3, ips: 157.42864 samples/s, eta: 3:26:13, max_mem_reserved: 25002 MB, max_mem_allocated: 13654 MB
[2025/11/14 13:06:12] ppocr INFO: epoch: [2/20], global_step: 2090, lr: 0.000029, acc: 0.281801, norm_edit_dis: 0.825319, CTCLoss: 19.986284, NRTRLoss: 1.487609, loss: 21.466311, avg_reader_cost: 0.00292 s, avg_batch_cost: 0.63104 s, avg_samples: 83.1, ips: 131.68706 samples/s, eta: 3:26:07, max_mem_reserved: 25002 MB, max_mem_allocated: 13654 MB
[2025/11/14 13:06:18] ppocr INFO: epoch: [2/20], global_step: 2100, lr: 0.000029, acc: 0.281250, norm_edit_dis: 0.823173, CTCLoss: 21.198628, NRTRLoss: 1.490039, loss: 22.667310, avg_reader_cost: 0.00323 s, avg_batch_cost: 0.64677 s, avg_samples: 104.4, ips: 161.41777 samples/s, eta: 3:26:02, max_mem_reserved: 25002 MB, max_mem_allocated: 13654 MB
[2025/11/14 13:06:50] ppocr INFO: cur metric, acc: 0.3330999996669, norm_edit_dis: 0.8534321696819056, fps: 676.4332200435505
[2025/11/14 13:06:52] ppocr INFO: save best model is to ./output/best_accuracy
[2025/11/14 13:06:52] ppocr INFO: best metric, acc: 0.3330999996669, is_float16: False, norm_edit_dis: 0.8534321696819056, fps: 676.4332200435505, best_epoch: 2
[2025/11/14 13:06:59] ppocr INFO: epoch: [2/20], global_step: 2110, lr: 0.000029, acc: 0.264154, norm_edit_dis: 0.823574, CTCLoss: 20.792075, NRTRLoss: 1.493286, loss: 22.275746, avg_reader_cost: 0.00304 s, avg_batch_cost: 0.64001 s, avg_samples: 93.7, ips: 146.40496 samples/s, eta: 3:25:57, max_mem_reserved: 25002 MB, max_mem_allocated: 13654 MB
[2025/11/14 13:07:05] ppocr INFO: epoch: [2/20], global_step: 2120, lr: 0.000029, acc: 0.273437, norm_edit_dis: 0.818393, CTCLoss: 20.818945, NRTRLoss: 1.473520, loss: 22.294513, avg_reader_cost: 0.00286 s, avg_batch_cost: 0.64146 s, avg_samples: 93.8, ips: 146.22986 samples/s, eta: 3:25:52, max_mem_reserved: 25002 MB, max_mem_allocated: 13654 MB
[2025/11/14 13:07:11] ppocr INFO: epoch: [2/20], global_step: 2130, lr: 0.000029, acc: 0.281801, norm_edit_dis: 0.821223, CTCLoss: 20.735962, NRTRLoss: 1.463968, loss: 22.171827, avg_reader_cost: 0.00289 s, avg_batch_cost: 0.60135 s, avg_samples: 83.1, ips: 138.18856 samples/s, eta: 3:25:43, max_mem_reserved: 25002 MB, max_mem_allocated: 13654 MB
[2025/11/14 13:07:17] ppocr INFO: epoch: [2/20], global_step: 2140, lr: 0.000029, acc: 0.250000, norm_edit_dis: 0.817977, CTCLoss: 20.505025, NRTRLoss: 1.479088, loss: 21.949988, avg_reader_cost: 0.00286 s, avg_batch_cost: 0.64913 s, avg_samples: 106.6, ips: 164.22050 samples/s, eta: 3:25:38, max_mem_reserved: 25002 MB, max_mem_allocated: 13654 MB
[2025/11/14 13:07:24] ppocr INFO: epoch: [2/20], global_step: 2150, lr: 0.000030, acc: 0.230469, norm_edit_dis: 0.747976, CTCLoss: 25.329426, NRTRLoss: 1.526605, loss: 26.842076, avg_reader_cost: 0.00285 s, avg_batch_cost: 0.65414 s, avg_samples: 102.2, ips: 156.23631 samples/s, eta: 3:25:34, max_mem_reserved: 25002 MB, max_mem_allocated: 13654 MB
[2025/11/14 13:07:30] ppocr INFO: epoch: [2/20], global_step: 2160, lr: 0.000030, acc: 0.281801, norm_edit_dis: 0.810202, CTCLoss: 19.770298, NRTRLoss: 1.493079, loss: 21.204988, avg_reader_cost: 0.00331 s, avg_batch_cost: 0.63601 s, avg_samples: 95.9, ips: 150.78331 samples/s, eta: 3:25:28, max_mem_reserved: 25002 MB, max_mem_allocated: 13654 MB
[2025/11/14 13:07:37] ppocr INFO: epoch: [2/20], global_step: 2170, lr: 0.000030, acc: 0.275919, norm_edit_dis: 0.809216, CTCLoss: 19.472620, NRTRLoss: 1.500389, loss: 20.945378, avg_reader_cost: 0.00292 s, avg_batch_cost: 0.65252 s, avg_samples: 98.0, ips: 150.18792 samples/s, eta: 3:25:24, max_mem_reserved: 25002 MB, max_mem_allocated: 13654 MB
[2025/11/14 13:07:38] ppocr INFO: epoch: [2/20], global_step: 2172, lr: 0.000030, acc: 0.275919, norm_edit_dis: 0.804014, CTCLoss: 23.314072, NRTRLoss: 1.501625, loss: 24.802156, avg_reader_cost: 0.00057 s, avg_batch_cost: 0.12974 s, avg_samples: 19.2, ips: 147.98595 samples/s, eta: 3:25:23, max_mem_reserved: 25002 MB, max_mem_allocated: 13654 MB
[2025/11/14 13:07:40] ppocr INFO: save model in ./output/latest
[2025/11/14 13:07:41] ppocr INFO: save model in ./output/iter_epoch_2
[2025/11/14 13:07:48] ppocr INFO: epoch: [3/20], global_step: 2180, lr: 0.000030, acc: 0.234375, norm_edit_dis: 0.709385, CTCLoss: 29.828505, NRTRLoss: 1.507293, loss: 31.371320, avg_reader_cost: 0.40317 s, avg_batch_cost: 0.94920 s, avg_samples: 89.6, ips: 94.39544 samples/s, eta: 3:25:58, max_mem_reserved: 25002 MB, max_mem_allocated: 13654 MB
[2025/11/14 13:07:54] ppocr INFO: epoch: [3/20], global_step: 2190, lr: 0.000030, acc: 0.218750, norm_edit_dis: 0.706636, CTCLoss: 29.619207, NRTRLoss: 1.504367, loss: 31.166541, avg_reader_cost: 0.00284 s, avg_batch_cost: 0.62666 s, avg_samples: 93.8, ips: 149.68243 samples/s, eta: 3:25:51, max_mem_reserved: 25002 MB, max_mem_allocated: 13654 MB
[2025/11/14 13:08:00] ppocr INFO: epoch: [3/20], global_step: 2200, lr: 0.000030, acc: 0.305239, norm_edit_dis: 0.818347, CTCLoss: 18.058520, NRTRLoss: 1.451085, loss: 19.509605, avg_reader_cost: 0.00324 s, avg_batch_cost: 0.58671 s, avg_samples: 76.7, ips: 130.72817 samples/s, eta: 3:25:41, max_mem_reserved: 25002 MB, max_mem_allocated: 13654 MB
[2025/11/14 13:08:32] ppocr INFO: cur metric, acc: 0.3531999996468, norm_edit_dis: 0.8575035353425213, fps: 664.9014922500759
[2025/11/14 13:08:34] ppocr INFO: save best model is to ./output/best_accuracy
[2025/11/14 13:08:34] ppocr INFO: best metric, acc: 0.3531999996468, is_float16: False, norm_edit_dis: 0.8575035353425213, fps: 664.9014922500759, best_epoch: 3
[2025/11/14 13:08:41] ppocr INFO: epoch: [3/20], global_step: 2210, lr: 0.000030, acc: 0.312500, norm_edit_dis: 0.824501, CTCLoss: 17.111448, NRTRLoss: 1.452307, loss: 18.586122, avg_reader_cost: 0.00299 s, avg_batch_cost: 0.65968 s, avg_samples: 100.2, ips: 151.89216 samples/s, eta: 3:25:37, max_mem_reserved: 25002 MB, max_mem_allocated: 13654 MB
[2025/11/14 13:08:47] ppocr INFO: epoch: [3/20], global_step: 2220, lr: 0.000030, acc: 0.230469, norm_edit_dis: 0.759853, CTCLoss: 24.335732, NRTRLoss: 1.513727, loss: 25.829258, avg_reader_cost: 0.00286 s, avg_batch_cost: 0.63120 s, avg_samples: 96.0, ips: 152.09048 samples/s, eta: 3:25:30, max_mem_reserved: 25002 MB, max_mem_allocated: 13654 MB
[2025/11/14 13:08:54] ppocr INFO: epoch: [3/20], global_step: 2230, lr: 0.000030, acc: 0.273437, norm_edit_dis: 0.820223, CTCLoss: 19.373396, NRTRLoss: 1.473056, loss: 20.836776, avg_reader_cost: 0.00286 s, avg_batch_cost: 0.63345 s, avg_samples: 85.3, ips: 134.65844 samples/s, eta: 3:25:24, max_mem_reserved: 25002 MB, max_mem_allocated: 13654 MB
[2025/11/14 13:09:00] ppocr INFO: epoch: [3/20], global_step: 2240, lr: 0.000030, acc: 0.281250, norm_edit_dis: 0.826361, CTCLoss: 19.044821, NRTRLoss: 1.469592, loss: 20.509364, avg_reader_cost: 0.00285 s, avg_batch_cost: 0.63602 s, avg_samples: 91.6, ips: 144.02030 samples/s, eta: 3:25:18, max_mem_reserved: 25002 MB, max_mem_allocated: 13654 MB
[2025/11/14 13:09:07] ppocr INFO: epoch: [3/20], global_step: 2250, lr: 0.000030, acc: 0.258823, norm_edit_dis: 0.819512, CTCLoss: 19.723969, NRTRLoss: 1.472473, loss: 21.157850, avg_reader_cost: 0.00336 s, avg_batch_cost: 0.65260 s, avg_samples: 102.3, ips: 156.75774 samples/s, eta: 3:25:14, max_mem_reserved: 25002 MB, max_mem_allocated: 13654 MB
[2025/11/14 13:09:13] ppocr INFO: epoch: [3/20], global_step: 2260, lr: 0.000030, acc: 0.270588, norm_edit_dis: 0.818233, CTCLoss: 18.443452, NRTRLoss: 1.462518, loss: 19.883880, avg_reader_cost: 0.00289 s, avg_batch_cost: 0.63793 s, avg_samples: 91.6, ips: 143.58998 samples/s, eta: 3:25:08, max_mem_reserved: 25002 MB, max_mem_allocated: 13654 MB
[2025/11/14 13:09:19] ppocr INFO: epoch: [3/20], global_step: 2270, lr: 0.000030, acc: 0.275919, norm_edit_dis: 0.820380, CTCLoss: 17.158825, NRTRLoss: 1.458750, loss: 18.634656, avg_reader_cost: 0.00287 s, avg_batch_cost: 0.63137 s, avg_samples: 89.5, ips: 141.75449 samples/s, eta: 3:25:01, max_mem_reserved: 25002 MB, max_mem_allocated: 13654 MB
[2025/11/14 13:09:25] ppocr INFO: epoch: [3/20], global_step: 2280, lr: 0.000030, acc: 0.281801, norm_edit_dis: 0.820081, CTCLoss: 17.162422, NRTRLoss: 1.473352, loss: 18.630114, avg_reader_cost: 0.00286 s, avg_batch_cost: 0.60168 s, avg_samples: 89.5, ips: 148.75027 samples/s, eta: 3:24:52, max_mem_reserved: 25002 MB, max_mem_allocated: 13654 MB
[2025/11/14 13:09:31] ppocr INFO: epoch: [3/20], global_step: 2290, lr: 0.000030, acc: 0.315073, norm_edit_dis: 0.823298, CTCLoss: 17.076573, NRTRLoss: 1.465686, loss: 18.492933, avg_reader_cost: 0.00292 s, avg_batch_cost: 0.59169 s, avg_samples: 81.0, ips: 136.89679 samples/s, eta: 3:24:43, max_mem_reserved: 25002 MB, max_mem_allocated: 13654 MB
[2025/11/14 13:09:38] ppocr INFO: epoch: [3/20], global_step: 2300, lr: 0.000030, acc: 0.312500, norm_edit_dis: 0.824044, CTCLoss: 18.521488, NRTRLoss: 1.448757, loss: 19.960453, avg_reader_cost: 0.00287 s, avg_batch_cost: 0.63870 s, avg_samples: 98.1, ips: 153.59233 samples/s, eta: 3:24:37, max_mem_reserved: 25002 MB, max_mem_allocated: 13654 MB
[2025/11/14 13:10:09] ppocr INFO: cur metric, acc: 0.35559999964440003, norm_edit_dis: 0.8499607014490514, fps: 677.3268637641875
[2025/11/14 13:10:12] ppocr INFO: save best model is to ./output/best_accuracy
[2025/11/14 13:10:12] ppocr INFO: best metric, acc: 0.35559999964440003, is_float16: False, norm_edit_dis: 0.8499607014490514, fps: 677.3268637641875, best_epoch: 3
[2025/11/14 13:10:19] ppocr INFO: epoch: [3/20], global_step: 2310, lr: 0.000030, acc: 0.210937, norm_edit_dis: 0.687859, CTCLoss: 28.078041, NRTRLoss: 1.526751, loss: 29.636441, avg_reader_cost: 0.00288 s, avg_batch_cost: 0.69941 s, avg_samples: 104.5, ips: 149.41224 samples/s, eta: 3:24:36, max_mem_reserved: 25002 MB, max_mem_allocated: 13654 MB
[2025/11/14 13:10:25] ppocr INFO: epoch: [3/20], global_step: 2320, lr: 0.000030, acc: 0.236857, norm_edit_dis: 0.742645, CTCLoss: 22.795921, NRTRLoss: 1.532452, loss: 24.341631, avg_reader_cost: 0.00290 s, avg_batch_cost: 0.62399 s, avg_samples: 98.0, ips: 157.05421 samples/s, eta: 3:24:29, max_mem_reserved: 25002 MB, max_mem_allocated: 13654 MB
[2025/11/14 13:10:31] ppocr INFO: epoch: [3/20], global_step: 2330, lr: 0.000030, acc: 0.289614, norm_edit_dis: 0.811738, CTCLoss: 16.876205, NRTRLoss: 1.464810, loss: 18.316043, avg_reader_cost: 0.00321 s, avg_batch_cost: 0.63677 s, avg_samples: 87.4, ips: 137.25547 samples/s, eta: 3:24:23, max_mem_reserved: 25002 MB, max_mem_allocated: 13654 MB
[2025/11/14 13:10:38] ppocr INFO: epoch: [3/20], global_step: 2340, lr: 0.000030, acc: 0.273437, norm_edit_dis: 0.811717, CTCLoss: 17.549767, NRTRLoss: 1.468246, loss: 19.029746, avg_reader_cost: 0.00322 s, avg_batch_cost: 0.66590 s, avg_samples: 104.4, ips: 156.77950 samples/s, eta: 3:24:20, max_mem_reserved: 25002 MB, max_mem_allocated: 13654 MB
[2025/11/14 13:10:45] ppocr INFO: epoch: [3/20], global_step: 2350, lr: 0.000030, acc: 0.214844, norm_edit_dis: 0.707635, CTCLoss: 27.564492, NRTRLoss: 1.504417, loss: 29.090160, avg_reader_cost: 0.00323 s, avg_batch_cost: 0.64508 s, avg_samples: 102.4, ips: 158.73957 samples/s, eta: 3:24:14, max_mem_reserved: 25002 MB, max_mem_allocated: 13654 MB
[2025/11/14 13:10:51] ppocr INFO: epoch: [3/20], global_step: 2360, lr: 0.000030, acc: 0.320312, norm_edit_dis: 0.819170, CTCLoss: 16.980933, NRTRLoss: 1.449786, loss: 18.445910, avg_reader_cost: 0.00325 s, avg_batch_cost: 0.60288 s, avg_samples: 81.0, ips: 134.35525 samples/s, eta: 3:24:06, max_mem_reserved: 25002 MB, max_mem_allocated: 13654 MB
[2025/11/14 13:10:57] ppocr INFO: epoch: [3/20], global_step: 2370, lr: 0.000030, acc: 0.351562, norm_edit_dis: 0.831008, CTCLoss: 15.357112, NRTRLoss: 1.453862, loss: 16.798244, avg_reader_cost: 0.00306 s, avg_batch_cost: 0.61698 s, avg_samples: 91.6, ips: 148.46562 samples/s, eta: 3:23:58, max_mem_reserved: 25002 MB, max_mem_allocated: 13654 MB
[2025/11/14 13:11:03] ppocr INFO: epoch: [3/20], global_step: 2380, lr: 0.000030, acc: 0.312500, norm_edit_dis: 0.819449, CTCLoss: 16.173770, NRTRLoss: 1.456610, loss: 17.603251, avg_reader_cost: 0.00286 s, avg_batch_cost: 0.66707 s, avg_samples: 93.7, ips: 140.46510 samples/s, eta: 3:23:54, max_mem_reserved: 25002 MB, max_mem_allocated: 13654 MB
[2025/11/14 13:11:09] ppocr INFO: epoch: [3/20], global_step: 2390, lr: 0.000030, acc: 0.320312, norm_edit_dis: 0.829131, CTCLoss: 16.173770, NRTRLoss: 1.420637, loss: 17.603251, avg_reader_cost: 0.00292 s, avg_batch_cost: 0.56140 s, avg_samples: 70.4, ips: 125.40107 samples/s, eta: 3:23:42, max_mem_reserved: 25002 MB, max_mem_allocated: 13654 MB
[2025/11/14 13:11:15] ppocr INFO: epoch: [3/20], global_step: 2400, lr: 0.000030, acc: 0.343750, norm_edit_dis: 0.837551, CTCLoss: 15.115459, NRTRLoss: 1.433574, loss: 16.554029, avg_reader_cost: 0.00296 s, avg_batch_cost: 0.63369 s, avg_samples: 85.2, ips: 134.45005 samples/s, eta: 3:23:36, max_mem_reserved: 25002 MB, max_mem_allocated: 13654 MB
[2025/11/14 13:11:47] ppocr INFO: cur metric, acc: 0.3722999996277, norm_edit_dis: 0.8575851156809291, fps: 696.6546854288939
[2025/11/14 13:11:49] ppocr INFO: save best model is to ./output/best_accuracy
[2025/11/14 13:11:49] ppocr INFO: best metric, acc: 0.3722999996277, is_float16: False, norm_edit_dis: 0.8575851156809291, fps: 696.6546854288939, best_epoch: 3
[2025/11/14 13:11:56] ppocr INFO: epoch: [3/20], global_step: 2410, lr: 0.000030, acc: 0.317647, norm_edit_dis: 0.829024, CTCLoss: 16.395179, NRTRLoss: 1.460711, loss: 17.852509, avg_reader_cost: 0.00299 s, avg_batch_cost: 0.65428 s, avg_samples: 104.4, ips: 159.56591 samples/s, eta: 3:23:32, max_mem_reserved: 25002 MB, max_mem_allocated: 13654 MB
[2025/11/14 13:12:02] ppocr INFO: epoch: [3/20], global_step: 2420, lr: 0.000030, acc: 0.215257, norm_edit_dis: 0.748946, CTCLoss: 20.574747, NRTRLoss: 1.475708, loss: 22.061573, avg_reader_cost: 0.00288 s, avg_batch_cost: 0.66425 s, avg_samples: 104.4, ips: 157.16908 samples/s, eta: 3:23:28, max_mem_reserved: 25002 MB, max_mem_allocated: 13654 MB
[2025/11/14 13:12:09] ppocr INFO: epoch: [3/20], global_step: 2430, lr: 0.000030, acc: 0.294118, norm_edit_dis: 0.803511, CTCLoss: 16.728440, NRTRLoss: 1.464719, loss: 18.186357, avg_reader_cost: 0.00288 s, avg_batch_cost: 0.63138 s, avg_samples: 87.3, ips: 138.26906 samples/s, eta: 3:23:21, max_mem_reserved: 25002 MB, max_mem_allocated: 13654 MB
[2025/11/14 13:12:15] ppocr INFO: epoch: [3/20], global_step: 2440, lr: 0.000030, acc: 0.335937, norm_edit_dis: 0.825380, CTCLoss: 15.330291, NRTRLoss: 1.452614, loss: 16.779427, avg_reader_cost: 0.00293 s, avg_batch_cost: 0.62278 s, avg_samples: 87.4, ips: 140.33746 samples/s, eta: 3:23:14, max_mem_reserved: 25002 MB, max_mem_allocated: 13654 MB
[2025/11/14 13:12:21] ppocr INFO: epoch: [3/20], global_step: 2450, lr: 0.000030, acc: 0.328125, norm_edit_dis: 0.838056, CTCLoss: 15.913192, NRTRLoss: 1.459209, loss: 17.340175, avg_reader_cost: 0.00289 s, avg_batch_cost: 0.61330 s, avg_samples: 91.7, ips: 149.51915 samples/s, eta: 3:23:06, max_mem_reserved: 25002 MB, max_mem_allocated: 13654 MB
[2025/11/14 13:12:27] ppocr INFO: epoch: [3/20], global_step: 2460, lr: 0.000030, acc: 0.288235, norm_edit_dis: 0.822123, CTCLoss: 17.530356, NRTRLoss: 1.464970, loss: 18.990219, avg_reader_cost: 0.00289 s, avg_batch_cost: 0.63121 s, avg_samples: 95.9, ips: 151.92982 samples/s, eta: 3:23:00, max_mem_reserved: 25002 MB, max_mem_allocated: 13654 MB
[2025/11/14 13:12:34] ppocr INFO: epoch: [3/20], global_step: 2470, lr: 0.000030, acc: 0.288235, norm_edit_dis: 0.816532, CTCLoss: 19.707782, NRTRLoss: 1.462134, loss: 21.156245, avg_reader_cost: 0.00301 s, avg_batch_cost: 0.65895 s, avg_samples: 104.4, ips: 158.43387 samples/s, eta: 3:22:56, max_mem_reserved: 25002 MB, max_mem_allocated: 13654 MB
[2025/11/14 13:12:40] ppocr INFO: epoch: [3/20], global_step: 2480, lr: 0.000030, acc: 0.301379, norm_edit_dis: 0.817237, CTCLoss: 14.841400, NRTRLoss: 1.450676, loss: 16.272953, avg_reader_cost: 0.00288 s, avg_batch_cost: 0.57057 s, avg_samples: 83.2, ips: 145.81952 samples/s, eta: 3:22:45, max_mem_reserved: 25002 MB, max_mem_allocated: 13654 MB
[2025/11/14 13:12:46] ppocr INFO: epoch: [3/20], global_step: 2490, lr: 0.000030, acc: 0.312500, norm_edit_dis: 0.828557, CTCLoss: 14.628592, NRTRLoss: 1.445523, loss: 16.026337, avg_reader_cost: 0.00318 s, avg_batch_cost: 0.64440 s, avg_samples: 95.9, ips: 148.82069 samples/s, eta: 3:22:39, max_mem_reserved: 25002 MB, max_mem_allocated: 13654 MB
[2025/11/14 13:12:53] ppocr INFO: epoch: [3/20], global_step: 2500, lr: 0.000030, acc: 0.281250, norm_edit_dis: 0.822925, CTCLoss: 14.619869, NRTRLoss: 1.457761, loss: 16.018118, avg_reader_cost: 0.00342 s, avg_batch_cost: 0.65485 s, avg_samples: 95.9, ips: 146.44530 samples/s, eta: 3:22:35, max_mem_reserved: 25002 MB, max_mem_allocated: 13654 MB
[2025/11/14 13:13:24] ppocr INFO: cur metric, acc: 0.3800999996199, norm_edit_dis: 0.8598738945251638, fps: 679.7165155544135
[2025/11/14 13:13:27] ppocr INFO: save best model is to ./output/best_accuracy
[2025/11/14 13:13:27] ppocr INFO: best metric, acc: 0.3800999996199, is_float16: False, norm_edit_dis: 0.8598738945251638, fps: 679.7165155544135, best_epoch: 3
[2025/11/14 13:13:33] ppocr INFO: epoch: [3/20], global_step: 2510, lr: 0.000030, acc: 0.305882, norm_edit_dis: 0.824046, CTCLoss: 14.249986, NRTRLoss: 1.452731, loss: 15.690388, avg_reader_cost: 0.00288 s, avg_batch_cost: 0.62074 s, avg_samples: 93.7, ips: 150.94969 samples/s, eta: 3:22:27, max_mem_reserved: 25002 MB, max_mem_allocated: 13654 MB
[2025/11/14 13:13:40] ppocr INFO: epoch: [3/20], global_step: 2520, lr: 0.000030, acc: 0.342463, norm_edit_dis: 0.831593, CTCLoss: 14.141993, NRTRLoss: 1.449527, loss: 15.593378, avg_reader_cost: 0.00360 s, avg_batch_cost: 0.66645 s, avg_samples: 91.6, ips: 137.44382 samples/s, eta: 3:22:24, max_mem_reserved: 25002 MB, max_mem_allocated: 13654 MB
[2025/11/14 13:13:45] ppocr INFO: epoch: [3/20], global_step: 2530, lr: 0.000030, acc: 0.334651, norm_edit_dis: 0.835549, CTCLoss: 14.029346, NRTRLoss: 1.444077, loss: 15.449351, avg_reader_cost: 0.00282 s, avg_batch_cost: 0.59071 s, avg_samples: 81.0, ips: 137.12318 samples/s, eta: 3:22:14, max_mem_reserved: 25002 MB, max_mem_allocated: 13654 MB
[2025/11/14 13:13:52] ppocr INFO: epoch: [3/20], global_step: 2540, lr: 0.000030, acc: 0.342463, norm_edit_dis: 0.841293, CTCLoss: 14.052917, NRTRLoss: 1.442088, loss: 15.461237, avg_reader_cost: 0.00288 s, avg_batch_cost: 0.61774 s, avg_samples: 87.3, ips: 141.32099 samples/s, eta: 3:22:07, max_mem_reserved: 25002 MB, max_mem_allocated: 13654 MB
[2025/11/14 13:13:58] ppocr INFO: epoch: [3/20], global_step: 2550, lr: 0.000030, acc: 0.358823, norm_edit_dis: 0.851583, CTCLoss: 13.643058, NRTRLoss: 1.416462, loss: 15.073043, avg_reader_cost: 0.00286 s, avg_batch_cost: 0.60225 s, avg_samples: 83.1, ips: 137.98231 samples/s, eta: 3:21:58, max_mem_reserved: 25002 MB, max_mem_allocated: 13654 MB
[2025/11/14 13:14:04] ppocr INFO: epoch: [3/20], global_step: 2560, lr: 0.000030, acc: 0.370588, norm_edit_dis: 0.849183, CTCLoss: 13.638307, NRTRLoss: 1.418206, loss: 15.058489, avg_reader_cost: 0.00291 s, avg_batch_cost: 0.62932 s, avg_samples: 87.3, ips: 138.72026 samples/s, eta: 3:21:52, max_mem_reserved: 25002 MB, max_mem_allocated: 13654 MB
[2025/11/14 13:14:10] ppocr INFO: epoch: [3/20], global_step: 2570, lr: 0.000030, acc: 0.364706, norm_edit_dis: 0.849183, CTCLoss: 13.802297, NRTRLoss: 1.440046, loss: 15.222439, avg_reader_cost: 0.00293 s, avg_batch_cost: 0.63401 s, avg_samples: 95.9, ips: 151.25888 samples/s, eta: 3:21:45, max_mem_reserved: 25002 MB, max_mem_allocated: 13654 MB
[2025/11/14 13:14:17] ppocr INFO: epoch: [3/20], global_step: 2580, lr: 0.000030, acc: 0.350276, norm_edit_dis: 0.841968, CTCLoss: 13.207844, NRTRLoss: 1.432509, loss: 14.630631, avg_reader_cost: 0.00289 s, avg_batch_cost: 0.65105 s, avg_samples: 91.6, ips: 140.69683 samples/s, eta: 3:21:41, max_mem_reserved: 25002 MB, max_mem_allocated: 13654 MB
[2025/11/14 13:14:24] ppocr INFO: epoch: [3/20], global_step: 2590, lr: 0.000030, acc: 0.234835, norm_edit_dis: 0.763270, CTCLoss: 21.575309, NRTRLoss: 1.466886, loss: 23.042526, avg_reader_cost: 0.00336 s, avg_batch_cost: 0.68489 s, avg_samples: 113.0, ips: 164.98933 samples/s, eta: 3:21:38, max_mem_reserved: 25002 MB, max_mem_allocated: 13654 MB
[2025/11/14 13:14:30] ppocr INFO: epoch: [3/20], global_step: 2600, lr: 0.000030, acc: 0.218750, norm_edit_dis: 0.703314, CTCLoss: 24.579412, NRTRLoss: 1.515511, loss: 26.130464, avg_reader_cost: 0.00291 s, avg_batch_cost: 0.64626 s, avg_samples: 104.5, ips: 161.69991 samples/s, eta: 3:21:33, max_mem_reserved: 25002 MB, max_mem_allocated: 13654 MB
[2025/11/14 13:15:02] ppocr INFO: cur metric, acc: 0.3598999996401, norm_edit_dis: 0.8520805855404536, fps: 674.7848305914906
[2025/11/14 13:15:02] ppocr INFO: best metric, acc: 0.3800999996199, is_float16: False, norm_edit_dis: 0.8598738945251638, fps: 679.7165155544135, best_epoch: 3
[2025/11/14 13:15:09] ppocr INFO: epoch: [3/20], global_step: 2610, lr: 0.000030, acc: 0.269531, norm_edit_dis: 0.760642, CTCLoss: 18.314043, NRTRLoss: 1.483508, loss: 19.804785, avg_reader_cost: 0.00319 s, avg_batch_cost: 0.66748 s, avg_samples: 93.8, ips: 140.52903 samples/s, eta: 3:21:29, max_mem_reserved: 25002 MB, max_mem_allocated: 13654 MB
[2025/11/14 13:15:15] ppocr INFO: epoch: [3/20], global_step: 2620, lr: 0.000030, acc: 0.250505, norm_edit_dis: 0.711243, CTCLoss: 21.744142, NRTRLoss: 1.479138, loss: 23.301902, avg_reader_cost: 0.00295 s, avg_batch_cost: 0.66900 s, avg_samples: 113.0, ips: 168.90978 samples/s, eta: 3:21:25, max_mem_reserved: 25002 MB, max_mem_allocated: 13654 MB
[2025/11/14 13:15:21] ppocr INFO: epoch: [3/20], global_step: 2630, lr: 0.000030, acc: 0.295496, norm_edit_dis: 0.820341, CTCLoss: 15.693139, NRTRLoss: 1.466885, loss: 17.132523, avg_reader_cost: 0.00293 s, avg_batch_cost: 0.61113 s, avg_samples: 83.0, ips: 135.81389 samples/s, eta: 3:21:17, max_mem_reserved: 25002 MB, max_mem_allocated: 13654 MB
[2025/11/14 13:15:28] ppocr INFO: epoch: [3/20], global_step: 2640, lr: 0.000030, acc: 0.315073, norm_edit_dis: 0.832149, CTCLoss: 13.269495, NRTRLoss: 1.428453, loss: 14.700325, avg_reader_cost: 0.00291 s, avg_batch_cost: 0.62851 s, avg_samples: 89.5, ips: 142.40035 samples/s, eta: 3:21:11, max_mem_reserved: 25002 MB, max_mem_allocated: 13654 MB
[2025/11/14 13:15:34] ppocr INFO: epoch: [3/20], global_step: 2650, lr: 0.000030, acc: 0.328125, norm_edit_dis: 0.829465, CTCLoss: 13.815474, NRTRLoss: 1.445106, loss: 15.236210, avg_reader_cost: 0.00339 s, avg_batch_cost: 0.67288 s, avg_samples: 102.3, ips: 152.03365 samples/s, eta: 3:21:07, max_mem_reserved: 25002 MB, max_mem_allocated: 13654 MB
[2025/11/14 13:15:41] ppocr INFO: epoch: [3/20], global_step: 2660, lr: 0.000030, acc: 0.312500, norm_edit_dis: 0.814653, CTCLoss: 14.424947, NRTRLoss: 1.461847, loss: 15.837276, avg_reader_cost: 0.00290 s, avg_batch_cost: 0.63606 s, avg_samples: 98.0, ips: 154.07320 samples/s, eta: 3:21:01, max_mem_reserved: 25002 MB, max_mem_allocated: 13654 MB
[2025/11/14 13:15:47] ppocr INFO: epoch: [3/20], global_step: 2670, lr: 0.000030, acc: 0.362040, norm_edit_dis: 0.837091, CTCLoss: 12.757761, NRTRLoss: 1.435055, loss: 14.186923, avg_reader_cost: 0.00288 s, avg_batch_cost: 0.62440 s, avg_samples: 80.8, ips: 129.40380 samples/s, eta: 3:20:54, max_mem_reserved: 25002 MB, max_mem_allocated: 13654 MB
[2025/11/14 13:15:53] ppocr INFO: epoch: [3/20], global_step: 2680, lr: 0.000030, acc: 0.382812, norm_edit_dis: 0.844364, CTCLoss: 12.357008, NRTRLoss: 1.413376, loss: 13.801761, avg_reader_cost: 0.00292 s, avg_batch_cost: 0.60177 s, avg_samples: 81.0, ips: 134.60265 samples/s, eta: 3:20:46, max_mem_reserved: 25002 MB, max_mem_allocated: 13654 MB
[2025/11/14 13:15:59] ppocr INFO: epoch: [3/20], global_step: 2690, lr: 0.000030, acc: 0.375000, norm_edit_dis: 0.844196, CTCLoss: 12.980220, NRTRLoss: 1.416604, loss: 14.411603, avg_reader_cost: 0.00288 s, avg_batch_cost: 0.62070 s, avg_samples: 91.6, ips: 147.57457 samples/s, eta: 3:20:39, max_mem_reserved: 25002 MB, max_mem_allocated: 13654 MB
[2025/11/14 13:16:05] ppocr INFO: epoch: [3/20], global_step: 2700, lr: 0.000030, acc: 0.376471, norm_edit_dis: 0.850624, CTCLoss: 12.361720, NRTRLoss: 1.436030, loss: 13.807794, avg_reader_cost: 0.00290 s, avg_batch_cost: 0.59689 s, avg_samples: 83.0, ips: 139.05358 samples/s, eta: 3:20:30, max_mem_reserved: 25002 MB, max_mem_allocated: 13654 MB
[2025/11/14 13:16:37] ppocr INFO: cur metric, acc: 0.41359999958640004, norm_edit_dis: 0.8703339835032976, fps: 673.6894369345903
[2025/11/14 13:16:40] ppocr INFO: save best model is to ./output/best_accuracy
[2025/11/14 13:16:40] ppocr INFO: best metric, acc: 0.41359999958640004, is_float16: False, norm_edit_dis: 0.8703339835032976, fps: 673.6894369345903, best_epoch: 3
[2025/11/14 13:16:46] ppocr INFO: epoch: [3/20], global_step: 2710, lr: 0.000030, acc: 0.400000, norm_edit_dis: 0.852568, CTCLoss: 12.402599, NRTRLoss: 1.443199, loss: 13.845247, avg_reader_cost: 0.00285 s, avg_batch_cost: 0.61485 s, avg_samples: 89.5, ips: 145.56390 samples/s, eta: 3:20:22, max_mem_reserved: 25002 MB, max_mem_allocated: 13654 MB
[2025/11/14 13:16:52] ppocr INFO: epoch: [3/20], global_step: 2720, lr: 0.000030, acc: 0.400000, norm_edit_dis: 0.843597, CTCLoss: 12.913180, NRTRLoss: 1.420167, loss: 14.346965, avg_reader_cost: 0.00292 s, avg_batch_cost: 0.62589 s, avg_samples: 85.1, ips: 135.96656 samples/s, eta: 3:20:15, max_mem_reserved: 25002 MB, max_mem_allocated: 13654 MB
[2025/11/14 13:16:59] ppocr INFO: epoch: [3/20], global_step: 2730, lr: 0.000030, acc: 0.376471, norm_edit_dis: 0.837981, CTCLoss: 12.729329, NRTRLoss: 1.434713, loss: 14.153747, avg_reader_cost: 0.00283 s, avg_batch_cost: 0.62085 s, avg_samples: 87.4, ips: 140.77395 samples/s, eta: 3:20:08, max_mem_reserved: 25002 MB, max_mem_allocated: 13654 MB
[2025/11/14 13:17:05] ppocr INFO: epoch: [3/20], global_step: 2740, lr: 0.000030, acc: 0.362040, norm_edit_dis: 0.845057, CTCLoss: 12.690570, NRTRLoss: 1.447479, loss: 14.113978, avg_reader_cost: 0.00287 s, avg_batch_cost: 0.59947 s, avg_samples: 85.2, ips: 142.12618 samples/s, eta: 3:20:00, max_mem_reserved: 25002 MB, max_mem_allocated: 13654 MB
[2025/11/14 13:17:11] ppocr INFO: epoch: [3/20], global_step: 2750, lr: 0.000030, acc: 0.364706, norm_edit_dis: 0.845693, CTCLoss: 13.548882, NRTRLoss: 1.446039, loss: 14.993968, avg_reader_cost: 0.00291 s, avg_batch_cost: 0.65820 s, avg_samples: 102.3, ips: 155.42343 samples/s, eta: 3:19:55, max_mem_reserved: 25002 MB, max_mem_allocated: 13654 MB
[2025/11/14 13:17:17] ppocr INFO: epoch: [3/20], global_step: 2760, lr: 0.000030, acc: 0.367187, norm_edit_dis: 0.845541, CTCLoss: 12.417597, NRTRLoss: 1.443587, loss: 13.816157, avg_reader_cost: 0.00291 s, avg_batch_cost: 0.57736 s, avg_samples: 83.1, ips: 143.93121 samples/s, eta: 3:19:45, max_mem_reserved: 25002 MB, max_mem_allocated: 13654 MB
[2025/11/14 13:17:24] ppocr INFO: epoch: [3/20], global_step: 2770, lr: 0.000030, acc: 0.367187, norm_edit_dis: 0.848625, CTCLoss: 12.215919, NRTRLoss: 1.435766, loss: 13.646411, avg_reader_cost: 0.00287 s, avg_batch_cost: 0.67860 s, avg_samples: 102.3, ips: 150.75066 samples/s, eta: 3:19:42, max_mem_reserved: 25002 MB, max_mem_allocated: 13654 MB
[2025/11/14 13:17:30] ppocr INFO: epoch: [3/20], global_step: 2780, lr: 0.000030, acc: 0.312500, norm_edit_dis: 0.776465, CTCLoss: 18.548692, NRTRLoss: 1.453327, loss: 19.994782, avg_reader_cost: 0.00287 s, avg_batch_cost: 0.65187 s, avg_samples: 100.2, ips: 153.71093 samples/s, eta: 3:19:37, max_mem_reserved: 25002 MB, max_mem_allocated: 13654 MB
[2025/11/14 13:17:37] ppocr INFO: epoch: [3/20], global_step: 2790, lr: 0.000030, acc: 0.281847, norm_edit_dis: 0.810021, CTCLoss: 13.982173, NRTRLoss: 1.474655, loss: 15.459479, avg_reader_cost: 0.00300 s, avg_batch_cost: 0.63606 s, avg_samples: 93.8, ips: 147.47014 samples/s, eta: 3:19:31, max_mem_reserved: 25002 MB, max_mem_allocated: 13654 MB
[2025/11/14 13:17:43] ppocr INFO: epoch: [3/20], global_step: 2800, lr: 0.000030, acc: 0.294118, norm_edit_dis: 0.816660, CTCLoss: 13.807813, NRTRLoss: 1.472985, loss: 15.292716, avg_reader_cost: 0.00289 s, avg_batch_cost: 0.62605 s, avg_samples: 93.8, ips: 149.82824 samples/s, eta: 3:19:24, max_mem_reserved: 25002 MB, max_mem_allocated: 13654 MB
[2025/11/14 13:18:14] ppocr INFO: cur metric, acc: 0.4207999995792, norm_edit_dis: 0.8719995501622737, fps: 717.3019607671448
[2025/11/14 13:18:16] ppocr INFO: save best model is to ./output/best_accuracy
[2025/11/14 13:18:16] ppocr INFO: best metric, acc: 0.4207999995792, is_float16: False, norm_edit_dis: 0.8719995501622737, fps: 717.3019607671448, best_epoch: 3
[2025/11/14 13:18:22] ppocr INFO: epoch: [3/20], global_step: 2810, lr: 0.000030, acc: 0.359375, norm_edit_dis: 0.842155, CTCLoss: 11.527434, NRTRLoss: 1.417463, loss: 12.936571, avg_reader_cost: 0.00283 s, avg_batch_cost: 0.61059 s, avg_samples: 85.2, ips: 139.53744 samples/s, eta: 3:19:16, max_mem_reserved: 25002 MB, max_mem_allocated: 13654 MB
[2025/11/14 13:18:28] ppocr INFO: epoch: [3/20], global_step: 2820, lr: 0.000030, acc: 0.395312, norm_edit_dis: 0.854475, CTCLoss: 10.468353, NRTRLoss: 1.416015, loss: 11.910481, avg_reader_cost: 0.00326 s, avg_batch_cost: 0.62478 s, avg_samples: 85.2, ips: 136.36766 samples/s, eta: 3:19:10, max_mem_reserved: 25002 MB, max_mem_allocated: 13654 MB
[2025/11/14 13:18:35] ppocr INFO: epoch: [3/20], global_step: 2830, lr: 0.000030, acc: 0.369853, norm_edit_dis: 0.841541, CTCLoss: 11.665937, NRTRLoss: 1.422716, loss: 13.076303, avg_reader_cost: 0.00422 s, avg_batch_cost: 0.62946 s, avg_samples: 85.2, ips: 135.35426 samples/s, eta: 3:19:03, max_mem_reserved: 25002 MB, max_mem_allocated: 13654 MB
[2025/11/14 13:18:41] ppocr INFO: epoch: [3/20], global_step: 2840, lr: 0.000030, acc: 0.382353, norm_edit_dis: 0.844989, CTCLoss: 11.943089, NRTRLoss: 1.430751, loss: 13.357496, avg_reader_cost: 0.00285 s, avg_batch_cost: 0.66063 s, avg_samples: 98.0, ips: 148.34435 samples/s, eta: 3:18:59, max_mem_reserved: 25002 MB, max_mem_allocated: 13654 MB
[2025/11/14 13:18:48] ppocr INFO: epoch: [3/20], global_step: 2850, lr: 0.000030, acc: 0.391360, norm_edit_dis: 0.849295, CTCLoss: 11.664923, NRTRLoss: 1.434586, loss: 13.114079, avg_reader_cost: 0.00287 s, avg_batch_cost: 0.62935 s, avg_samples: 91.6, ips: 145.54714 samples/s, eta: 3:18:52, max_mem_reserved: 25002 MB, max_mem_allocated: 13654 MB
[2025/11/14 13:18:54] ppocr INFO: epoch: [3/20], global_step: 2860, lr: 0.000030, acc: 0.352941, norm_edit_dis: 0.850329, CTCLoss: 11.546108, NRTRLoss: 1.432131, loss: 13.002645, avg_reader_cost: 0.00297 s, avg_batch_cost: 0.63168 s, avg_samples: 91.5, ips: 144.85148 samples/s, eta: 3:18:46, max_mem_reserved: 25002 MB, max_mem_allocated: 13654 MB
[2025/11/14 13:19:00] ppocr INFO: epoch: [3/20], global_step: 2870, lr: 0.000030, acc: 0.335294, norm_edit_dis: 0.848992, CTCLoss: 11.601081, NRTRLoss: 1.431069, loss: 13.052279, avg_reader_cost: 0.00289 s, avg_batch_cost: 0.64851 s, avg_samples: 93.7, ips: 144.48438 samples/s, eta: 3:18:40, max_mem_reserved: 25002 MB, max_mem_allocated: 13654 MB
[2025/11/14 13:19:07] ppocr INFO: epoch: [3/20], global_step: 2880, lr: 0.000030, acc: 0.362040, norm_edit_dis: 0.859154, CTCLoss: 11.749236, NRTRLoss: 1.428137, loss: 13.174632, avg_reader_cost: 0.00286 s, avg_batch_cost: 0.62109 s, avg_samples: 80.9, ips: 130.25500 samples/s, eta: 3:18:33, max_mem_reserved: 25002 MB, max_mem_allocated: 13654 MB
[2025/11/14 13:19:13] ppocr INFO: epoch: [3/20], global_step: 2890, lr: 0.000030, acc: 0.389430, norm_edit_dis: 0.854160, CTCLoss: 11.934650, NRTRLoss: 1.433334, loss: 13.345511, avg_reader_cost: 0.00327 s, avg_batch_cost: 0.61415 s, avg_samples: 91.6, ips: 149.14916 samples/s, eta: 3:18:26, max_mem_reserved: 25002 MB, max_mem_allocated: 13654 MB
[2025/11/14 13:19:18] ppocr INFO: epoch: [3/20], global_step: 2900, lr: 0.000030, acc: 0.379596, norm_edit_dis: 0.848086, CTCLoss: 12.147898, NRTRLoss: 1.433199, loss: 13.608304, avg_reader_cost: 0.00286 s, avg_batch_cost: 0.56284 s, avg_samples: 74.6, ips: 132.54168 samples/s, eta: 3:18:15, max_mem_reserved: 25002 MB, max_mem_allocated: 13654 MB
[2025/11/14 13:19:49] ppocr INFO: cur metric, acc: 0.4423999995576, norm_edit_dis: 0.8757036399602185, fps: 709.4294180477028
[2025/11/14 13:19:52] ppocr INFO: save best model is to ./output/best_accuracy
[2025/11/14 13:19:52] ppocr INFO: best metric, acc: 0.4423999995576, is_float16: False, norm_edit_dis: 0.8757036399602185, fps: 709.4294180477028, best_epoch: 3
[2025/11/14 13:19:58] ppocr INFO: epoch: [3/20], global_step: 2910, lr: 0.000030, acc: 0.383548, norm_edit_dis: 0.847890, CTCLoss: 11.770373, NRTRLoss: 1.432017, loss: 13.212947, avg_reader_cost: 0.00301 s, avg_batch_cost: 0.63116 s, avg_samples: 93.8, ips: 148.61514 samples/s, eta: 3:18:09, max_mem_reserved: 25002 MB, max_mem_allocated: 13654 MB
[2025/11/14 13:20:05] ppocr INFO: epoch: [3/20], global_step: 2920, lr: 0.000030, acc: 0.376471, norm_edit_dis: 0.837194, CTCLoss: 11.879930, NRTRLoss: 1.432617, loss: 13.301295, avg_reader_cost: 0.00325 s, avg_batch_cost: 0.64604 s, avg_samples: 91.6, ips: 141.78684 samples/s, eta: 3:18:03, max_mem_reserved: 25002 MB, max_mem_allocated: 13654 MB
[2025/11/14 13:20:11] ppocr INFO: epoch: [3/20], global_step: 2930, lr: 0.000030, acc: 0.388235, norm_edit_dis: 0.842499, CTCLoss: 11.701595, NRTRLoss: 1.428054, loss: 13.099682, avg_reader_cost: 0.00287 s, avg_batch_cost: 0.65071 s, avg_samples: 89.5, ips: 137.54250 samples/s, eta: 3:17:58, max_mem_reserved: 25002 MB, max_mem_allocated: 13654 MB
[2025/11/14 13:20:17] ppocr INFO: epoch: [3/20], global_step: 2940, lr: 0.000030, acc: 0.388235, norm_edit_dis: 0.850479, CTCLoss: 11.685813, NRTRLoss: 1.433573, loss: 13.078457, avg_reader_cost: 0.00286 s, avg_batch_cost: 0.61426 s, avg_samples: 89.5, ips: 145.70302 samples/s, eta: 3:17:51, max_mem_reserved: 25002 MB, max_mem_allocated: 13654 MB
[2025/11/14 13:20:23] ppocr INFO: epoch: [3/20], global_step: 2950, lr: 0.000030, acc: 0.400000, norm_edit_dis: 0.868124, CTCLoss: 11.053717, NRTRLoss: 1.409508, loss: 12.461282, avg_reader_cost: 0.00283 s, avg_batch_cost: 0.59161 s, avg_samples: 83.0, ips: 140.29577 samples/s, eta: 3:17:42, max_mem_reserved: 25002 MB, max_mem_allocated: 13654 MB
[2025/11/14 13:20:30] ppocr INFO: epoch: [3/20], global_step: 2960, lr: 0.000030, acc: 0.394118, norm_edit_dis: 0.863643, CTCLoss: 11.088463, NRTRLoss: 1.415681, loss: 12.507271, avg_reader_cost: 0.00382 s, avg_batch_cost: 0.64283 s, avg_samples: 91.6, ips: 142.49412 samples/s, eta: 3:17:36, max_mem_reserved: 25002 MB, max_mem_allocated: 13654 MB
[2025/11/14 13:20:36] ppocr INFO: epoch: [3/20], global_step: 2970, lr: 0.000030, acc: 0.375000, norm_edit_dis: 0.851955, CTCLoss: 12.305360, NRTRLoss: 1.432090, loss: 13.739552, avg_reader_cost: 0.00394 s, avg_batch_cost: 0.65352 s, avg_samples: 95.9, ips: 146.74366 samples/s, eta: 3:17:31, max_mem_reserved: 25002 MB, max_mem_allocated: 13654 MB
[2025/11/14 13:20:42] ppocr INFO: epoch: [3/20], global_step: 2980, lr: 0.000030, acc: 0.375000, norm_edit_dis: 0.849402, CTCLoss: 11.424638, NRTRLoss: 1.427175, loss: 12.861769, avg_reader_cost: 0.00285 s, avg_batch_cost: 0.64127 s, avg_samples: 91.6, ips: 142.84220 samples/s, eta: 3:17:25, max_mem_reserved: 25002 MB, max_mem_allocated: 13654 MB
[2025/11/14 13:20:49] ppocr INFO: epoch: [3/20], global_step: 2990, lr: 0.000030, acc: 0.367187, norm_edit_dis: 0.846473, CTCLoss: 10.637362, NRTRLoss: 1.426635, loss: 12.062750, avg_reader_cost: 0.00288 s, avg_batch_cost: 0.64088 s, avg_samples: 93.7, ips: 146.20461 samples/s, eta: 3:17:20, max_mem_reserved: 25002 MB, max_mem_allocated: 13654 MB
[2025/11/14 13:20:55] ppocr INFO: epoch: [3/20], global_step: 3000, lr: 0.000030, acc: 0.373805, norm_edit_dis: 0.844640, CTCLoss: 10.589983, NRTRLoss: 1.426854, loss: 12.028083, avg_reader_cost: 0.00336 s, avg_batch_cost: 0.63447 s, avg_samples: 95.9, ips: 151.14935 samples/s, eta: 3:17:13, max_mem_reserved: 25002 MB, max_mem_allocated: 13654 MB
[2025/11/14 13:21:26] ppocr INFO: cur metric, acc: 0.4385999995614, norm_edit_dis: 0.8813036318376848, fps: 692.5558776461015
[2025/11/14 13:21:26] ppocr INFO: best metric, acc: 0.4423999995576, is_float16: False, norm_edit_dis: 0.8757036399602185, fps: 709.4294180477028, best_epoch: 3
[2025/11/14 13:21:33] ppocr INFO: epoch: [3/20], global_step: 3010, lr: 0.000030, acc: 0.430515, norm_edit_dis: 0.865217, CTCLoss: 10.249190, NRTRLoss: 1.419990, loss: 11.642990, avg_reader_cost: 0.00314 s, avg_batch_cost: 0.62198 s, avg_samples: 85.2, ips: 136.98238 samples/s, eta: 3:17:06, max_mem_reserved: 25002 MB, max_mem_allocated: 13654 MB
[2025/11/14 13:21:39] ppocr INFO: epoch: [3/20], global_step: 3020, lr: 0.000030, acc: 0.423529, norm_edit_dis: 0.869596, CTCLoss: 10.423767, NRTRLoss: 1.410339, loss: 11.829944, avg_reader_cost: 0.00354 s, avg_batch_cost: 0.62564 s, avg_samples: 85.1, ips: 136.02079 samples/s, eta: 3:17:00, max_mem_reserved: 25002 MB, max_mem_allocated: 13654 MB
[2025/11/14 13:21:45] ppocr INFO: epoch: [3/20], global_step: 3030, lr: 0.000030, acc: 0.394118, norm_edit_dis: 0.843601, CTCLoss: 11.426571, NRTRLoss: 1.437614, loss: 12.896319, avg_reader_cost: 0.00285 s, avg_batch_cost: 0.64129 s, avg_samples: 100.2, ips: 156.24812 samples/s, eta: 3:16:54, max_mem_reserved: 25002 MB, max_mem_allocated: 13654 MB
[2025/11/14 13:21:51] ppocr INFO: epoch: [3/20], global_step: 3040, lr: 0.000030, acc: 0.400000, norm_edit_dis: 0.841912, CTCLoss: 10.944949, NRTRLoss: 1.449087, loss: 12.403980, avg_reader_cost: 0.00312 s, avg_batch_cost: 0.60480 s, avg_samples: 85.2, ips: 140.87411 samples/s, eta: 3:16:46, max_mem_reserved: 25002 MB, max_mem_allocated: 13654 MB
[2025/11/14 13:21:58] ppocr INFO: epoch: [3/20], global_step: 3050, lr: 0.000030, acc: 0.409007, norm_edit_dis: 0.854653, CTCLoss: 10.610372, NRTRLoss: 1.433573, loss: 12.039086, avg_reader_cost: 0.00298 s, avg_batch_cost: 0.64482 s, avg_samples: 98.0, ips: 151.98098 samples/s, eta: 3:16:40, max_mem_reserved: 25002 MB, max_mem_allocated: 13654 MB
[2025/11/14 13:22:04] ppocr INFO: epoch: [3/20], global_step: 3060, lr: 0.000030, acc: 0.362040, norm_edit_dis: 0.849162, CTCLoss: 12.216963, NRTRLoss: 1.451233, loss: 13.647993, avg_reader_cost: 0.00286 s, avg_batch_cost: 0.64104 s, avg_samples: 93.7, ips: 146.16809 samples/s, eta: 3:16:35, max_mem_reserved: 25002 MB, max_mem_allocated: 13654 MB
[2025/11/14 13:22:11] ppocr INFO: epoch: [3/20], global_step: 3070, lr: 0.000030, acc: 0.389430, norm_edit_dis: 0.846485, CTCLoss: 10.813841, NRTRLoss: 1.433856, loss: 12.227360, avg_reader_cost: 0.00291 s, avg_batch_cost: 0.64509 s, avg_samples: 93.7, ips: 145.25145 samples/s, eta: 3:16:29, max_mem_reserved: 25002 MB, max_mem_allocated: 13654 MB
[2025/11/14 13:22:17] ppocr INFO: epoch: [3/20], global_step: 3080, lr: 0.000030, acc: 0.389430, norm_edit_dis: 0.840226, CTCLoss: 10.663102, NRTRLoss: 1.433938, loss: 12.060306, avg_reader_cost: 0.00331 s, avg_batch_cost: 0.64790 s, avg_samples: 95.9, ips: 148.01574 samples/s, eta: 3:16:24, max_mem_reserved: 25002 MB, max_mem_allocated: 13654 MB
[2025/11/14 13:22:23] ppocr INFO: epoch: [3/20], global_step: 3090, lr: 0.000030, acc: 0.391360, norm_edit_dis: 0.850214, CTCLoss: 10.467237, NRTRLoss: 1.418918, loss: 11.922655, avg_reader_cost: 0.00291 s, avg_batch_cost: 0.63540 s, avg_samples: 83.2, ips: 130.94156 samples/s, eta: 3:16:18, max_mem_reserved: 25002 MB, max_mem_allocated: 13654 MB
[2025/11/14 13:22:30] ppocr INFO: epoch: [3/20], global_step: 3100, lr: 0.000030, acc: 0.420772, norm_edit_dis: 0.859269, CTCLoss: 9.899017, NRTRLoss: 1.402318, loss: 11.291288, avg_reader_cost: 0.00288 s, avg_batch_cost: 0.64583 s, avg_samples: 95.9, ips: 148.49075 samples/s, eta: 3:16:12, max_mem_reserved: 25002 MB, max_mem_allocated: 13654 MB
[2025/11/14 13:23:02] ppocr INFO: cur metric, acc: 0.4526999995473, norm_edit_dis: 0.8824052428486954, fps: 679.1746873585864
[2025/11/14 13:23:04] ppocr INFO: save best model is to ./output/best_accuracy
[2025/11/14 13:23:04] ppocr INFO: best metric, acc: 0.4526999995473, is_float16: False, norm_edit_dis: 0.8824052428486954, fps: 679.1746873585864, best_epoch: 3
[2025/11/14 13:23:10] ppocr INFO: epoch: [3/20], global_step: 3110, lr: 0.000030, acc: 0.350184, norm_edit_dis: 0.841476, CTCLoss: 12.565331, NRTRLoss: 1.432546, loss: 13.997877, avg_reader_cost: 0.00304 s, avg_batch_cost: 0.65812 s, avg_samples: 104.4, ips: 158.63298 samples/s, eta: 3:16:07, max_mem_reserved: 25002 MB, max_mem_allocated: 13654 MB
[2025/11/14 13:23:17] ppocr INFO: epoch: [3/20], global_step: 3120, lr: 0.000030, acc: 0.429687, norm_edit_dis: 0.860081, CTCLoss: 10.662814, NRTRLoss: 1.400692, loss: 12.055717, avg_reader_cost: 0.00289 s, avg_batch_cost: 0.60412 s, avg_samples: 78.8, ips: 130.43841 samples/s, eta: 3:15:59, max_mem_reserved: 25002 MB, max_mem_allocated: 13654 MB
[2025/11/14 13:23:23] ppocr INFO: epoch: [3/20], global_step: 3130, lr: 0.000030, acc: 0.435294, norm_edit_dis: 0.866647, CTCLoss: 9.720293, NRTRLoss: 1.403068, loss: 11.117086, avg_reader_cost: 0.00290 s, avg_batch_cost: 0.62332 s, avg_samples: 89.5, ips: 143.58513 samples/s, eta: 3:15:53, max_mem_reserved: 25002 MB, max_mem_allocated: 13654 MB
[2025/11/14 13:23:29] ppocr INFO: epoch: [3/20], global_step: 3140, lr: 0.000030, acc: 0.390625, norm_edit_dis: 0.856882, CTCLoss: 10.248813, NRTRLoss: 1.424227, loss: 11.681213, avg_reader_cost: 0.00352 s, avg_batch_cost: 0.60790 s, avg_samples: 91.6, ips: 150.68300 samples/s, eta: 3:15:45, max_mem_reserved: 25002 MB, max_mem_allocated: 13654 MB
[2025/11/14 13:23:35] ppocr INFO: epoch: [3/20], global_step: 3150, lr: 0.000030, acc: 0.383548, norm_edit_dis: 0.858547, CTCLoss: 10.271656, NRTRLoss: 1.431360, loss: 11.705819, avg_reader_cost: 0.00290 s, avg_batch_cost: 0.64725 s, avg_samples: 95.9, ips: 148.16434 samples/s, eta: 3:15:39, max_mem_reserved: 25002 MB, max_mem_allocated: 13654 MB
[2025/11/14 13:23:42] ppocr INFO: epoch: [3/20], global_step: 3160, lr: 0.000030, acc: 0.376471, norm_edit_dis: 0.853619, CTCLoss: 11.270710, NRTRLoss: 1.441608, loss: 12.695875, avg_reader_cost: 0.00288 s, avg_batch_cost: 0.65449 s, avg_samples: 106.5, ips: 162.72247 samples/s, eta: 3:15:34, max_mem_reserved: 25002 MB, max_mem_allocated: 13654 MB
[2025/11/14 13:23:48] ppocr INFO: epoch: [3/20], global_step: 3170, lr: 0.000030, acc: 0.416820, norm_edit_dis: 0.861327, CTCLoss: 9.523016, NRTRLoss: 1.410168, loss: 10.930318, avg_reader_cost: 0.00286 s, avg_batch_cost: 0.59024 s, avg_samples: 76.6, ips: 129.77878 samples/s, eta: 3:15:26, max_mem_reserved: 25002 MB, max_mem_allocated: 13654 MB
[2025/11/14 13:23:54] ppocr INFO: epoch: [3/20], global_step: 3180, lr: 0.000030, acc: 0.442279, norm_edit_dis: 0.870756, CTCLoss: 9.389812, NRTRLoss: 1.404038, loss: 10.790817, avg_reader_cost: 0.00292 s, avg_batch_cost: 0.61635 s, avg_samples: 95.9, ips: 155.59368 samples/s, eta: 3:15:18, max_mem_reserved: 25002 MB, max_mem_allocated: 13654 MB
[2025/11/14 13:24:00] ppocr INFO: epoch: [3/20], global_step: 3190, lr: 0.000030, acc: 0.429412, norm_edit_dis: 0.864994, CTCLoss: 10.570526, NRTRLoss: 1.413291, loss: 11.952800, avg_reader_cost: 0.00285 s, avg_batch_cost: 0.64966 s, avg_samples: 95.9, ips: 147.61523 samples/s, eta: 3:15:13, max_mem_reserved: 25002 MB, max_mem_allocated: 13654 MB
[2025/11/14 13:24:07] ppocr INFO: epoch: [3/20], global_step: 3200, lr: 0.000030, acc: 0.426654, norm_edit_dis: 0.864309, CTCLoss: 10.624889, NRTRLoss: 1.403080, loss: 12.007225, avg_reader_cost: 0.00281 s, avg_batch_cost: 0.60969 s, avg_samples: 89.5, ips: 146.79707 samples/s, eta: 3:15:05, max_mem_reserved: 25002 MB, max_mem_allocated: 13654 MB
[2025/11/14 13:24:38] ppocr INFO: cur metric, acc: 0.46999999953, norm_edit_dis: 0.8902318504113331, fps: 679.5567103329867
[2025/11/14 13:24:40] ppocr INFO: save best model is to ./output/best_accuracy
[2025/11/14 13:24:40] ppocr INFO: best metric, acc: 0.46999999953, is_float16: False, norm_edit_dis: 0.8902318504113331, fps: 679.5567103329867, best_epoch: 3
[2025/11/14 13:24:47] ppocr INFO: epoch: [3/20], global_step: 3210, lr: 0.000030, acc: 0.406250, norm_edit_dis: 0.855764, CTCLoss: 11.359894, NRTRLoss: 1.429101, loss: 12.780461, avg_reader_cost: 0.00359 s, avg_batch_cost: 0.63884 s, avg_samples: 104.4, ips: 163.42150 samples/s, eta: 3:14:59, max_mem_reserved: 25002 MB, max_mem_allocated: 13654 MB
[2025/11/14 13:24:53] ppocr INFO: epoch: [3/20], global_step: 3220, lr: 0.000030, acc: 0.265625, norm_edit_dis: 0.753379, CTCLoss: 17.929858, NRTRLoss: 1.457382, loss: 19.387240, avg_reader_cost: 0.00293 s, avg_batch_cost: 0.66404 s, avg_samples: 106.6, ips: 160.53217 samples/s, eta: 3:14:55, max_mem_reserved: 25002 MB, max_mem_allocated: 13654 MB
[2025/11/14 13:24:59] ppocr INFO: epoch: [3/20], global_step: 3230, lr: 0.000030, acc: 0.394118, norm_edit_dis: 0.869273, CTCLoss: 9.351606, NRTRLoss: 1.408680, loss: 10.749022, avg_reader_cost: 0.00282 s, avg_batch_cost: 0.60170 s, avg_samples: 85.2, ips: 141.59958 samples/s, eta: 3:14:47, max_mem_reserved: 25002 MB, max_mem_allocated: 13654 MB
[2025/11/14 13:25:06] ppocr INFO: epoch: [3/20], global_step: 3240, lr: 0.000030, acc: 0.394118, norm_edit_dis: 0.861965, CTCLoss: 9.351606, NRTRLoss: 1.416921, loss: 10.749022, avg_reader_cost: 0.00286 s, avg_batch_cost: 0.63733 s, avg_samples: 110.8, ips: 173.85039 samples/s, eta: 3:14:41, max_mem_reserved: 25002 MB, max_mem_allocated: 13654 MB
[2025/11/14 13:25:12] ppocr INFO: epoch: [3/20], global_step: 3250, lr: 0.000030, acc: 0.405882, norm_edit_dis: 0.843908, CTCLoss: 11.182915, NRTRLoss: 1.430966, loss: 12.582593, avg_reader_cost: 0.00288 s, avg_batch_cost: 0.62696 s, avg_samples: 89.5, ips: 142.75167 samples/s, eta: 3:14:34, max_mem_reserved: 25002 MB, max_mem_allocated: 13654 MB
[2025/11/14 13:25:17] ppocr INFO: epoch: [3/20], global_step: 3258, lr: 0.000030, acc: 0.445312, norm_edit_dis: 0.872900, CTCLoss: 9.557694, NRTRLoss: 1.413224, loss: 10.935226, avg_reader_cost: 0.00226 s, avg_batch_cost: 0.50998 s, avg_samples: 74.6, ips: 146.27942 samples/s, eta: 3:14:29, max_mem_reserved: 25002 MB, max_mem_allocated: 13654 MB
[2025/11/14 13:25:19] ppocr INFO: save model in ./output/latest
[2025/11/14 13:25:20] ppocr INFO: save model in ./output/iter_epoch_3
[2025/11/14 13:25:22] ppocr INFO: epoch: [4/20], global_step: 3260, lr: 0.000030, acc: 0.445312, norm_edit_dis: 0.872900, CTCLoss: 10.180459, NRTRLoss: 1.408491, loss: 11.553074, avg_reader_cost: 0.37879 s, avg_batch_cost: 0.51641 s, avg_samples: 19.2, ips: 37.17981 samples/s, eta: 3:14:50, max_mem_reserved: 25002 MB, max_mem_allocated: 13654 MB
[2025/11/14 13:25:29] ppocr INFO: epoch: [4/20], global_step: 3270, lr: 0.000030, acc: 0.453125, norm_edit_dis: 0.874488, CTCLoss: 10.994433, NRTRLoss: 1.409448, loss: 12.382222, avg_reader_cost: 0.00287 s, avg_batch_cost: 0.62335 s, avg_samples: 91.6, ips: 146.94707 samples/s, eta: 3:14:43, max_mem_reserved: 25002 MB, max_mem_allocated: 13654 MB
[2025/11/14 13:25:35] ppocr INFO: epoch: [4/20], global_step: 3280, lr: 0.000030, acc: 0.435294, norm_edit_dis: 0.866461, CTCLoss: 11.118610, NRTRLoss: 1.415488, loss: 12.522385, avg_reader_cost: 0.00289 s, avg_batch_cost: 0.62665 s, avg_samples: 91.6, ips: 146.17484 samples/s, eta: 3:14:37, max_mem_reserved: 25002 MB, max_mem_allocated: 13654 MB
[2025/11/14 13:25:41] ppocr INFO: epoch: [4/20], global_step: 3290, lr: 0.000030, acc: 0.447059, norm_edit_dis: 0.872467, CTCLoss: 9.439003, NRTRLoss: 1.410096, loss: 10.832097, avg_reader_cost: 0.00359 s, avg_batch_cost: 0.58997 s, avg_samples: 85.2, ips: 144.41515 samples/s, eta: 3:14:28, max_mem_reserved: 25002 MB, max_mem_allocated: 13654 MB
[2025/11/14 13:25:47] ppocr INFO: epoch: [4/20], global_step: 3300, lr: 0.000030, acc: 0.441176, norm_edit_dis: 0.879930, CTCLoss: 9.234209, NRTRLoss: 1.384396, loss: 10.612030, avg_reader_cost: 0.00289 s, avg_batch_cost: 0.61466 s, avg_samples: 89.4, ips: 145.44713 samples/s, eta: 3:14:21, max_mem_reserved: 25002 MB, max_mem_allocated: 13654 MB
[2025/11/14 13:26:19] ppocr INFO: cur metric, acc: 0.4786999995213, norm_edit_dis: 0.8905307729033433, fps: 667.0706440386537
[2025/11/14 13:26:21] ppocr INFO: save best model is to ./output/best_accuracy
[2025/11/14 13:26:21] ppocr INFO: best metric, acc: 0.4786999995213, is_float16: False, norm_edit_dis: 0.8905307729033433, fps: 667.0706440386537, best_epoch: 4
[2025/11/14 13:26:27] ppocr INFO: epoch: [4/20], global_step: 3310, lr: 0.000030, acc: 0.398437, norm_edit_dis: 0.863865, CTCLoss: 10.059539, NRTRLoss: 1.399253, loss: 11.461257, avg_reader_cost: 0.00289 s, avg_batch_cost: 0.62520 s, avg_samples: 89.5, ips: 143.15436 samples/s, eta: 3:14:14, max_mem_reserved: 25002 MB, max_mem_allocated: 13654 MB
[2025/11/14 13:26:34] ppocr INFO: epoch: [4/20], global_step: 3320, lr: 0.000030, acc: 0.328125, norm_edit_dis: 0.797111, CTCLoss: 14.654491, NRTRLoss: 1.432425, loss: 16.090945, avg_reader_cost: 0.00294 s, avg_batch_cost: 0.67959 s, avg_samples: 113.0, ips: 166.27673 samples/s, eta: 3:14:10, max_mem_reserved: 25002 MB, max_mem_allocated: 13654 MB
[2025/11/14 13:26:41] ppocr INFO: epoch: [4/20], global_step: 3330, lr: 0.000030, acc: 0.261719, norm_edit_dis: 0.760232, CTCLoss: 16.990351, NRTRLoss: 1.442368, loss: 18.473192, avg_reader_cost: 0.00287 s, avg_batch_cost: 0.65160 s, avg_samples: 100.2, ips: 153.77555 samples/s, eta: 3:14:05, max_mem_reserved: 25002 MB, max_mem_allocated: 13654 MB
[2025/11/14 13:26:47] ppocr INFO: epoch: [4/20], global_step: 3340, lr: 0.000030, acc: 0.416820, norm_edit_dis: 0.866143, CTCLoss: 10.069922, NRTRLoss: 1.425684, loss: 11.477600, avg_reader_cost: 0.00287 s, avg_batch_cost: 0.62024 s, avg_samples: 89.5, ips: 144.29896 samples/s, eta: 3:13:58, max_mem_reserved: 25002 MB, max_mem_allocated: 13654 MB
[2025/11/14 13:26:53] ppocr INFO: epoch: [4/20], global_step: 3350, lr: 0.000030, acc: 0.430515, norm_edit_dis: 0.875071, CTCLoss: 9.489095, NRTRLoss: 1.398269, loss: 10.891791, avg_reader_cost: 0.00295 s, avg_batch_cost: 0.59185 s, avg_samples: 80.9, ips: 136.69083 samples/s, eta: 3:13:49, max_mem_reserved: 25002 MB, max_mem_allocated: 13654 MB
[2025/11/14 13:26:59] ppocr INFO: epoch: [4/20], global_step: 3360, lr: 0.000030, acc: 0.450092, norm_edit_dis: 0.876742, CTCLoss: 8.913038, NRTRLoss: 1.398269, loss: 10.295073, avg_reader_cost: 0.00322 s, avg_batch_cost: 0.63872 s, avg_samples: 100.1, ips: 156.72064 samples/s, eta: 3:13:43, max_mem_reserved: 25002 MB, max_mem_allocated: 13654 MB
[2025/11/14 13:27:05] ppocr INFO: epoch: [4/20], global_step: 3370, lr: 0.000030, acc: 0.447059, norm_edit_dis: 0.869604, CTCLoss: 9.344821, NRTRLoss: 1.412561, loss: 10.736379, avg_reader_cost: 0.00287 s, avg_batch_cost: 0.64019 s, avg_samples: 89.5, ips: 139.80118 samples/s, eta: 3:13:37, max_mem_reserved: 25002 MB, max_mem_allocated: 13654 MB
[2025/11/14 13:27:12] ppocr INFO: epoch: [4/20], global_step: 3380, lr: 0.000030, acc: 0.416820, norm_edit_dis: 0.864463, CTCLoss: 9.344821, NRTRLoss: 1.394987, loss: 10.736379, avg_reader_cost: 0.00297 s, avg_batch_cost: 0.65150 s, avg_samples: 95.9, ips: 147.19769 samples/s, eta: 3:13:32, max_mem_reserved: 25002 MB, max_mem_allocated: 13654 MB
[2025/11/14 13:27:19] ppocr INFO: epoch: [4/20], global_step: 3390, lr: 0.000030, acc: 0.330790, norm_edit_dis: 0.814149, CTCLoss: 13.258866, NRTRLoss: 1.427238, loss: 14.686169, avg_reader_cost: 0.00323 s, avg_batch_cost: 0.65238 s, avg_samples: 102.4, ips: 156.96391 samples/s, eta: 3:13:26, max_mem_reserved: 25002 MB, max_mem_allocated: 13654 MB
[2025/11/14 13:27:25] ppocr INFO: epoch: [4/20], global_step: 3400, lr: 0.000030, acc: 0.335937, norm_edit_dis: 0.815644, CTCLoss: 13.258866, NRTRLoss: 1.421954, loss: 14.686169, avg_reader_cost: 0.00286 s, avg_batch_cost: 0.64383 s, avg_samples: 93.8, ips: 145.69010 samples/s, eta: 3:13:21, max_mem_reserved: 25002 MB, max_mem_allocated: 13654 MB
[2025/11/14 13:27:57] ppocr INFO: cur metric, acc: 0.4838999995161, norm_edit_dis: 0.8937691196857939, fps: 696.5889214183742
[2025/11/14 13:27:59] ppocr INFO: save best model is to ./output/best_accuracy
[2025/11/14 13:27:59] ppocr INFO: best metric, acc: 0.4838999995161, is_float16: False, norm_edit_dis: 0.8937691196857939, fps: 696.5889214183742, best_epoch: 4
[2025/11/14 13:28:06] ppocr INFO: epoch: [4/20], global_step: 3410, lr: 0.000030, acc: 0.375000, norm_edit_dis: 0.858397, CTCLoss: 10.693567, NRTRLoss: 1.423280, loss: 12.114377, avg_reader_cost: 0.00491 s, avg_batch_cost: 0.67434 s, avg_samples: 100.2, ips: 148.58956 samples/s, eta: 3:13:17, max_mem_reserved: 25002 MB, max_mem_allocated: 13654 MB
[2025/11/14 13:28:12] ppocr INFO: epoch: [4/20], global_step: 3420, lr: 0.000030, acc: 0.470588, norm_edit_dis: 0.875056, CTCLoss: 8.640490, NRTRLoss: 1.399916, loss: 10.016891, avg_reader_cost: 0.00301 s, avg_batch_cost: 0.61765 s, avg_samples: 76.6, ips: 124.01919 samples/s, eta: 3:13:09, max_mem_reserved: 25002 MB, max_mem_allocated: 13654 MB
[2025/11/14 13:28:18] ppocr INFO: epoch: [4/20], global_step: 3430, lr: 0.000030, acc: 0.482353, norm_edit_dis: 0.886873, CTCLoss: 8.667637, NRTRLoss: 1.395848, loss: 10.047466, avg_reader_cost: 0.00334 s, avg_batch_cost: 0.64078 s, avg_samples: 98.0, ips: 152.93796 samples/s, eta: 3:13:03, max_mem_reserved: 25002 MB, max_mem_allocated: 13654 MB
[2025/11/14 13:28:25] ppocr INFO: epoch: [4/20], global_step: 3440, lr: 0.000030, acc: 0.442279, norm_edit_dis: 0.868412, CTCLoss: 9.525490, NRTRLoss: 1.419648, loss: 10.912949, avg_reader_cost: 0.00291 s, avg_batch_cost: 0.63800 s, avg_samples: 89.5, ips: 140.28144 samples/s, eta: 3:12:57, max_mem_reserved: 25002 MB, max_mem_allocated: 13654 MB
[2025/11/14 13:28:31] ppocr INFO: epoch: [4/20], global_step: 3450, lr: 0.000030, acc: 0.429687, norm_edit_dis: 0.868412, CTCLoss: 9.775356, NRTRLoss: 1.411742, loss: 11.180198, avg_reader_cost: 0.00327 s, avg_batch_cost: 0.63740 s, avg_samples: 95.9, ips: 150.45587 samples/s, eta: 3:12:51, max_mem_reserved: 25002 MB, max_mem_allocated: 13654 MB
[2025/11/14 13:28:38] ppocr INFO: epoch: [4/20], global_step: 3460, lr: 0.000030, acc: 0.409007, norm_edit_dis: 0.864630, CTCLoss: 9.775356, NRTRLoss: 1.411742, loss: 11.180198, avg_reader_cost: 0.00294 s, avg_batch_cost: 0.63276 s, avg_samples: 87.3, ips: 137.96698 samples/s, eta: 3:12:45, max_mem_reserved: 25002 MB, max_mem_allocated: 13654 MB
[2025/11/14 13:28:44] ppocr INFO: epoch: [4/20], global_step: 3470, lr: 0.000030, acc: 0.409007, norm_edit_dis: 0.872469, CTCLoss: 9.218005, NRTRLoss: 1.402437, loss: 10.631656, avg_reader_cost: 0.00289 s, avg_batch_cost: 0.59567 s, avg_samples: 78.8, ips: 132.28773 samples/s, eta: 3:12:37, max_mem_reserved: 25002 MB, max_mem_allocated: 13654 MB
[2025/11/14 13:28:50] ppocr INFO: epoch: [4/20], global_step: 3480, lr: 0.000030, acc: 0.453125, norm_edit_dis: 0.873213, CTCLoss: 8.819977, NRTRLoss: 1.399266, loss: 10.210948, avg_reader_cost: 0.00290 s, avg_batch_cost: 0.62369 s, avg_samples: 91.6, ips: 146.86785 samples/s, eta: 3:12:30, max_mem_reserved: 25002 MB, max_mem_allocated: 13654 MB
[2025/11/14 13:28:56] ppocr INFO: epoch: [4/20], global_step: 3490, lr: 0.000030, acc: 0.469669, norm_edit_dis: 0.877360, CTCLoss: 9.054758, NRTRLoss: 1.398614, loss: 10.452636, avg_reader_cost: 0.00289 s, avg_batch_cost: 0.62867 s, avg_samples: 87.3, ips: 138.86558 samples/s, eta: 3:12:23, max_mem_reserved: 25002 MB, max_mem_allocated: 13654 MB
[2025/11/14 13:29:02] ppocr INFO: epoch: [4/20], global_step: 3500, lr: 0.000030, acc: 0.423529, norm_edit_dis: 0.879235, CTCLoss: 8.553317, NRTRLoss: 1.391013, loss: 9.933651, avg_reader_cost: 0.00362 s, avg_batch_cost: 0.64084 s, avg_samples: 89.5, ips: 139.66020 samples/s, eta: 3:12:17, max_mem_reserved: 25002 MB, max_mem_allocated: 13654 MB
[2025/11/14 13:29:34] ppocr INFO: cur metric, acc: 0.49599999950400003, norm_edit_dis: 0.8973883274482471, fps: 714.1077596996906
[2025/11/14 13:29:37] ppocr INFO: save best model is to ./output/best_accuracy
[2025/11/14 13:29:37] ppocr INFO: best metric, acc: 0.49599999950400003, is_float16: False, norm_edit_dis: 0.8973883274482471, fps: 714.1077596996906, best_epoch: 4
[2025/11/14 13:29:43] ppocr INFO: epoch: [4/20], global_step: 3510, lr: 0.000030, acc: 0.398437, norm_edit_dis: 0.874538, CTCLoss: 8.601145, NRTRLoss: 1.399139, loss: 9.977660, avg_reader_cost: 0.00310 s, avg_batch_cost: 0.64694 s, avg_samples: 95.9, ips: 148.23688 samples/s, eta: 3:12:12, max_mem_reserved: 25002 MB, max_mem_allocated: 13654 MB
[2025/11/14 13:29:50] ppocr INFO: epoch: [4/20], global_step: 3520, lr: 0.000030, acc: 0.312500, norm_edit_dis: 0.768064, CTCLoss: 16.005609, NRTRLoss: 1.456810, loss: 17.480113, avg_reader_cost: 0.00293 s, avg_batch_cost: 0.66408 s, avg_samples: 113.0, ips: 170.15912 samples/s, eta: 3:12:07, max_mem_reserved: 25002 MB, max_mem_allocated: 13654 MB
[2025/11/14 13:29:55] ppocr INFO: epoch: [4/20], global_step: 3530, lr: 0.000030, acc: 0.406250, norm_edit_dis: 0.868738, CTCLoss: 9.990355, NRTRLoss: 1.421505, loss: 11.377456, avg_reader_cost: 0.00293 s, avg_batch_cost: 0.57388 s, avg_samples: 74.6, ips: 129.99228 samples/s, eta: 3:11:57, max_mem_reserved: 25002 MB, max_mem_allocated: 13654 MB
[2025/11/14 13:30:01] ppocr INFO: epoch: [4/20], global_step: 3540, lr: 0.000030, acc: 0.453125, norm_edit_dis: 0.880939, CTCLoss: 8.414003, NRTRLoss: 1.405770, loss: 9.809903, avg_reader_cost: 0.00294 s, avg_batch_cost: 0.58820 s, avg_samples: 83.1, ips: 141.27787 samples/s, eta: 3:11:49, max_mem_reserved: 25002 MB, max_mem_allocated: 13654 MB
[2025/11/14 13:30:08] ppocr INFO: epoch: [4/20], global_step: 3550, lr: 0.000030, acc: 0.482353, norm_edit_dis: 0.879716, CTCLoss: 8.160911, NRTRLoss: 1.410928, loss: 9.559707, avg_reader_cost: 0.00293 s, avg_batch_cost: 0.63681 s, avg_samples: 93.8, ips: 147.29626 samples/s, eta: 3:11:43, max_mem_reserved: 25002 MB, max_mem_allocated: 13654 MB
[2025/11/14 13:30:14] ppocr INFO: epoch: [4/20], global_step: 3560, lr: 0.000030, acc: 0.424632, norm_edit_dis: 0.869356, CTCLoss: 9.854201, NRTRLoss: 1.431487, loss: 11.273992, avg_reader_cost: 0.00295 s, avg_batch_cost: 0.65649 s, avg_samples: 104.4, ips: 159.02681 samples/s, eta: 3:11:38, max_mem_reserved: 25002 MB, max_mem_allocated: 13654 MB
[2025/11/14 13:30:21] ppocr INFO: epoch: [4/20], global_step: 3570, lr: 0.000030, acc: 0.448162, norm_edit_dis: 0.875496, CTCLoss: 9.232835, NRTRLoss: 1.421927, loss: 10.611274, avg_reader_cost: 0.00291 s, avg_batch_cost: 0.63419 s, avg_samples: 91.6, ips: 144.43650 samples/s, eta: 3:11:31, max_mem_reserved: 25002 MB, max_mem_allocated: 13654 MB
[2025/11/14 13:30:27] ppocr INFO: epoch: [4/20], global_step: 3580, lr: 0.000030, acc: 0.398437, norm_edit_dis: 0.877687, CTCLoss: 8.560153, NRTRLoss: 1.406436, loss: 9.951992, avg_reader_cost: 0.00293 s, avg_batch_cost: 0.63083 s, avg_samples: 100.2, ips: 158.83827 samples/s, eta: 3:11:25, max_mem_reserved: 25002 MB, max_mem_allocated: 13654 MB
[2025/11/14 13:30:33] ppocr INFO: epoch: [4/20], global_step: 3590, lr: 0.000030, acc: 0.398437, norm_edit_dis: 0.871641, CTCLoss: 8.862964, NRTRLoss: 1.408711, loss: 10.241877, avg_reader_cost: 0.00298 s, avg_batch_cost: 0.63658 s, avg_samples: 91.6, ips: 143.89487 samples/s, eta: 3:11:19, max_mem_reserved: 25002 MB, max_mem_allocated: 13654 MB
[2025/11/14 13:30:40] ppocr INFO: epoch: [4/20], global_step: 3600, lr: 0.000030, acc: 0.411765, norm_edit_dis: 0.870042, CTCLoss: 8.750031, NRTRLoss: 1.428309, loss: 10.166848, avg_reader_cost: 0.00294 s, avg_batch_cost: 0.64325 s, avg_samples: 93.8, ips: 145.82109 samples/s, eta: 3:11:13, max_mem_reserved: 25002 MB, max_mem_allocated: 13654 MB
[2025/11/14 13:31:11] ppocr INFO: cur metric, acc: 0.5176999994823, norm_edit_dis: 0.906865242334901, fps: 713.9603360626804
[2025/11/14 13:31:13] ppocr INFO: save best model is to ./output/best_accuracy
[2025/11/14 13:31:13] ppocr INFO: best metric, acc: 0.5176999994823, is_float16: False, norm_edit_dis: 0.906865242334901, fps: 713.9603360626804, best_epoch: 4
[2025/11/14 13:31:19] ppocr INFO: epoch: [4/20], global_step: 3610, lr: 0.000030, acc: 0.445312, norm_edit_dis: 0.878614, CTCLoss: 7.981503, NRTRLoss: 1.407710, loss: 9.365064, avg_reader_cost: 0.00289 s, avg_batch_cost: 0.62934 s, avg_samples: 85.2, ips: 135.38032 samples/s, eta: 3:11:06, max_mem_reserved: 25002 MB, max_mem_allocated: 13654 MB
[2025/11/14 13:31:25] ppocr INFO: epoch: [4/20], global_step: 3620, lr: 0.000030, acc: 0.497059, norm_edit_dis: 0.884348, CTCLoss: 7.749532, NRTRLoss: 1.387923, loss: 9.131614, avg_reader_cost: 0.00293 s, avg_batch_cost: 0.58513 s, avg_samples: 78.9, ips: 134.84169 samples/s, eta: 3:10:58, max_mem_reserved: 25002 MB, max_mem_allocated: 13654 MB
[2025/11/14 13:31:31] ppocr INFO: epoch: [4/20], global_step: 3630, lr: 0.000030, acc: 0.457904, norm_edit_dis: 0.882822, CTCLoss: 7.829387, NRTRLoss: 1.389713, loss: 9.246876, avg_reader_cost: 0.00338 s, avg_batch_cost: 0.59331 s, avg_samples: 81.0, ips: 136.52247 samples/s, eta: 3:10:49, max_mem_reserved: 25002 MB, max_mem_allocated: 13654 MB
[2025/11/14 13:31:37] ppocr INFO: epoch: [4/20], global_step: 3640, lr: 0.000030, acc: 0.452941, norm_edit_dis: 0.879863, CTCLoss: 7.829387, NRTRLoss: 1.391154, loss: 9.246876, avg_reader_cost: 0.00306 s, avg_batch_cost: 0.62985 s, avg_samples: 93.7, ips: 148.76571 samples/s, eta: 3:10:43, max_mem_reserved: 25002 MB, max_mem_allocated: 13654 MB
[2025/11/14 13:31:44] ppocr INFO: epoch: [4/20], global_step: 3650, lr: 0.000030, acc: 0.452941, norm_edit_dis: 0.878847, CTCLoss: 8.700076, NRTRLoss: 1.391687, loss: 10.085974, avg_reader_cost: 0.00291 s, avg_batch_cost: 0.63977 s, avg_samples: 98.0, ips: 153.17974 samples/s, eta: 3:10:37, max_mem_reserved: 25002 MB, max_mem_allocated: 13654 MB
[2025/11/14 13:31:50] ppocr INFO: epoch: [4/20], global_step: 3660, lr: 0.000030, acc: 0.453125, norm_edit_dis: 0.879909, CTCLoss: 9.163104, NRTRLoss: 1.396484, loss: 10.555206, avg_reader_cost: 0.00289 s, avg_batch_cost: 0.63729 s, avg_samples: 91.6, ips: 143.73291 samples/s, eta: 3:10:31, max_mem_reserved: 25002 MB, max_mem_allocated: 13654 MB
[2025/11/14 13:31:56] ppocr INFO: epoch: [4/20], global_step: 3670, lr: 0.000030, acc: 0.453125, norm_edit_dis: 0.876511, CTCLoss: 8.455703, NRTRLoss: 1.401502, loss: 9.853798, avg_reader_cost: 0.00291 s, avg_batch_cost: 0.63452 s, avg_samples: 89.5, ips: 141.05193 samples/s, eta: 3:10:24, max_mem_reserved: 25002 MB, max_mem_allocated: 13654 MB
[2025/11/14 13:32:02] ppocr INFO: epoch: [4/20], global_step: 3680, lr: 0.000030, acc: 0.488235, norm_edit_dis: 0.880045, CTCLoss: 8.003088, NRTRLoss: 1.402343, loss: 9.415315, avg_reader_cost: 0.00287 s, avg_batch_cost: 0.59645 s, avg_samples: 85.2, ips: 142.84415 samples/s, eta: 3:10:16, max_mem_reserved: 25002 MB, max_mem_allocated: 13654 MB
[2025/11/14 13:32:09] ppocr INFO: epoch: [4/20], global_step: 3690, lr: 0.000030, acc: 0.481434, norm_edit_dis: 0.888828, CTCLoss: 7.999128, NRTRLoss: 1.398217, loss: 9.403267, avg_reader_cost: 0.00287 s, avg_batch_cost: 0.61924 s, avg_samples: 81.0, ips: 130.80556 samples/s, eta: 3:10:09, max_mem_reserved: 25002 MB, max_mem_allocated: 13654 MB
[2025/11/14 13:32:15] ppocr INFO: epoch: [4/20], global_step: 3700, lr: 0.000030, acc: 0.460937, norm_edit_dis: 0.885383, CTCLoss: 8.334168, NRTRLoss: 1.406385, loss: 9.731971, avg_reader_cost: 0.00325 s, avg_batch_cost: 0.65236 s, avg_samples: 95.9, ips: 147.00583 samples/s, eta: 3:10:04, max_mem_reserved: 25002 MB, max_mem_allocated: 13654 MB
[2025/11/14 13:32:47] ppocr INFO: cur metric, acc: 0.52999999947, norm_edit_dis: 0.9098795146615678, fps: 681.3689604447363
[2025/11/14 13:32:49] ppocr INFO: save best model is to ./output/best_accuracy
[2025/11/14 13:32:49] ppocr INFO: best metric, acc: 0.52999999947, is_float16: False, norm_edit_dis: 0.9098795146615678, fps: 681.3689604447363, best_epoch: 4
[2025/11/14 13:32:55] ppocr INFO: epoch: [4/20], global_step: 3710, lr: 0.000030, acc: 0.495129, norm_edit_dis: 0.882368, CTCLoss: 8.456611, NRTRLoss: 1.426851, loss: 9.862753, avg_reader_cost: 0.00292 s, avg_batch_cost: 0.62683 s, avg_samples: 87.4, ips: 139.43067 samples/s, eta: 3:09:57, max_mem_reserved: 25002 MB, max_mem_allocated: 13654 MB
[2025/11/14 13:33:01] ppocr INFO: epoch: [4/20], global_step: 3720, lr: 0.000030, acc: 0.507812, norm_edit_dis: 0.899897, CTCLoss: 7.547550, NRTRLoss: 1.392178, loss: 8.937630, avg_reader_cost: 0.00289 s, avg_batch_cost: 0.57943 s, avg_samples: 81.0, ips: 139.79328 samples/s, eta: 3:09:48, max_mem_reserved: 25002 MB, max_mem_allocated: 13654 MB
[2025/11/14 13:33:08] ppocr INFO: epoch: [4/20], global_step: 3730, lr: 0.000030, acc: 0.497059, norm_edit_dis: 0.899206, CTCLoss: 7.930892, NRTRLoss: 1.394052, loss: 9.329358, avg_reader_cost: 0.00286 s, avg_batch_cost: 0.64228 s, avg_samples: 91.6, ips: 142.61694 samples/s, eta: 3:09:43, max_mem_reserved: 25002 MB, max_mem_allocated: 13654 MB
[2025/11/14 13:33:14] ppocr INFO: epoch: [4/20], global_step: 3740, lr: 0.000030, acc: 0.453125, norm_edit_dis: 0.877068, CTCLoss: 8.376395, NRTRLoss: 1.416528, loss: 9.749387, avg_reader_cost: 0.00293 s, avg_batch_cost: 0.64073 s, avg_samples: 98.1, ips: 153.10738 samples/s, eta: 3:09:37, max_mem_reserved: 25002 MB, max_mem_allocated: 13654 MB
[2025/11/14 13:33:20] ppocr INFO: epoch: [4/20], global_step: 3750, lr: 0.000030, acc: 0.453125, norm_edit_dis: 0.886445, CTCLoss: 7.966764, NRTRLoss: 1.405431, loss: 9.377861, avg_reader_cost: 0.00292 s, avg_batch_cost: 0.62367 s, avg_samples: 87.3, ips: 139.97715 samples/s, eta: 3:09:30, max_mem_reserved: 25002 MB, max_mem_allocated: 13654 MB
[2025/11/14 13:33:27] ppocr INFO: epoch: [4/20], global_step: 3760, lr: 0.000030, acc: 0.463787, norm_edit_dis: 0.892196, CTCLoss: 7.661886, NRTRLoss: 1.401541, loss: 9.050604, avg_reader_cost: 0.00288 s, avg_batch_cost: 0.63103 s, avg_samples: 100.1, ips: 158.63028 samples/s, eta: 3:09:23, max_mem_reserved: 25002 MB, max_mem_allocated: 13654 MB
[2025/11/14 13:33:33] ppocr INFO: epoch: [4/20], global_step: 3770, lr: 0.000030, acc: 0.400000, norm_edit_dis: 0.873027, CTCLoss: 9.094913, NRTRLoss: 1.414548, loss: 10.510074, avg_reader_cost: 0.00290 s, avg_batch_cost: 0.62649 s, avg_samples: 95.9, ips: 153.07488 samples/s, eta: 3:09:17, max_mem_reserved: 25002 MB, max_mem_allocated: 13654 MB
[2025/11/14 13:33:39] ppocr INFO: epoch: [4/20], global_step: 3780, lr: 0.000030, acc: 0.417647, norm_edit_dis: 0.867813, CTCLoss: 8.833640, NRTRLoss: 1.421499, loss: 10.248289, avg_reader_cost: 0.00292 s, avg_batch_cost: 0.61526 s, avg_samples: 89.5, ips: 145.46586 samples/s, eta: 3:09:10, max_mem_reserved: 25002 MB, max_mem_allocated: 13654 MB
[2025/11/14 13:33:45] ppocr INFO: epoch: [4/20], global_step: 3790, lr: 0.000030, acc: 0.450092, norm_edit_dis: 0.881599, CTCLoss: 7.964653, NRTRLoss: 1.388928, loss: 9.373391, avg_reader_cost: 0.00288 s, avg_batch_cost: 0.64159 s, avg_samples: 87.3, ips: 136.06723 samples/s, eta: 3:09:04, max_mem_reserved: 25002 MB, max_mem_allocated: 13654 MB
[2025/11/14 13:33:52] ppocr INFO: epoch: [4/20], global_step: 3800, lr: 0.000030, acc: 0.450092, norm_edit_dis: 0.884049, CTCLoss: 7.964653, NRTRLoss: 1.391055, loss: 9.373391, avg_reader_cost: 0.00342 s, avg_batch_cost: 0.61233 s, avg_samples: 87.4, ips: 142.73275 samples/s, eta: 3:08:56, max_mem_reserved: 25002 MB, max_mem_allocated: 13654 MB
[2025/11/14 13:34:24] ppocr INFO: cur metric, acc: 0.5476999994523, norm_edit_dis: 0.9156152492687777, fps: 688.8973982884851
[2025/11/14 13:34:26] ppocr INFO: save best model is to ./output/best_accuracy
[2025/11/14 13:34:26] ppocr INFO: best metric, acc: 0.5476999994523, is_float16: False, norm_edit_dis: 0.9156152492687777, fps: 688.8973982884851, best_epoch: 4
[2025/11/14 13:34:33] ppocr INFO: epoch: [4/20], global_step: 3810, lr: 0.000030, acc: 0.423529, norm_edit_dis: 0.878854, CTCLoss: 8.885075, NRTRLoss: 1.417456, loss: 10.290884, avg_reader_cost: 0.00296 s, avg_batch_cost: 0.66563 s, avg_samples: 100.1, ips: 150.38464 samples/s, eta: 3:08:52, max_mem_reserved: 25002 MB, max_mem_allocated: 13654 MB
[2025/11/14 13:34:39] ppocr INFO: epoch: [4/20], global_step: 3820, lr: 0.000030, acc: 0.435294, norm_edit_dis: 0.881466, CTCLoss: 8.202834, NRTRLoss: 1.404719, loss: 9.582114, avg_reader_cost: 0.00290 s, avg_batch_cost: 0.61260 s, avg_samples: 89.5, ips: 146.09842 samples/s, eta: 3:08:44, max_mem_reserved: 25002 MB, max_mem_allocated: 13654 MB
[2025/11/14 13:34:46] ppocr INFO: epoch: [4/20], global_step: 3830, lr: 0.000030, acc: 0.447059, norm_edit_dis: 0.882685, CTCLoss: 8.042537, NRTRLoss: 1.389951, loss: 9.427617, avg_reader_cost: 0.00290 s, avg_batch_cost: 0.64394 s, avg_samples: 91.6, ips: 142.24869 samples/s, eta: 3:08:39, max_mem_reserved: 25002 MB, max_mem_allocated: 13654 MB
[2025/11/14 13:34:52] ppocr INFO: epoch: [4/20], global_step: 3840, lr: 0.000030, acc: 0.447059, norm_edit_dis: 0.893488, CTCLoss: 7.635689, NRTRLoss: 1.386054, loss: 9.006204, avg_reader_cost: 0.00345 s, avg_batch_cost: 0.65512 s, avg_samples: 100.1, ips: 152.79729 samples/s, eta: 3:08:33, max_mem_reserved: 25002 MB, max_mem_allocated: 13654 MB
[2025/11/14 13:34:59] ppocr INFO: epoch: [4/20], global_step: 3850, lr: 0.000030, acc: 0.434467, norm_edit_dis: 0.882440, CTCLoss: 7.707170, NRTRLoss: 1.407146, loss: 9.098272, avg_reader_cost: 0.00289 s, avg_batch_cost: 0.65022 s, avg_samples: 102.3, ips: 157.33212 samples/s, eta: 3:08:28, max_mem_reserved: 25002 MB, max_mem_allocated: 13654 MB
[2025/11/14 13:35:04] ppocr INFO: epoch: [4/20], global_step: 3860, lr: 0.000030, acc: 0.441176, norm_edit_dis: 0.888662, CTCLoss: 7.504742, NRTRLoss: 1.394644, loss: 8.893565, avg_reader_cost: 0.00287 s, avg_batch_cost: 0.57624 s, avg_samples: 80.9, ips: 140.39335 samples/s, eta: 3:08:19, max_mem_reserved: 25002 MB, max_mem_allocated: 13654 MB
[2025/11/14 13:35:11] ppocr INFO: epoch: [4/20], global_step: 3870, lr: 0.000030, acc: 0.428585, norm_edit_dis: 0.882881, CTCLoss: 7.763986, NRTRLoss: 1.399726, loss: 9.145783, avg_reader_cost: 0.00331 s, avg_batch_cost: 0.67032 s, avg_samples: 113.0, ips: 168.57688 samples/s, eta: 3:08:14, max_mem_reserved: 25002 MB, max_mem_allocated: 13654 MB
[2025/11/14 13:35:18] ppocr INFO: epoch: [4/20], global_step: 3880, lr: 0.000030, acc: 0.300781, norm_edit_dis: 0.778615, CTCLoss: 13.623780, NRTRLoss: 1.453425, loss: 15.097336, avg_reader_cost: 0.00324 s, avg_batch_cost: 0.63412 s, avg_samples: 95.9, ips: 151.23232 samples/s, eta: 3:08:08, max_mem_reserved: 25002 MB, max_mem_allocated: 13654 MB
[2025/11/14 13:35:24] ppocr INFO: epoch: [4/20], global_step: 3890, lr: 0.000030, acc: 0.469669, norm_edit_dis: 0.875544, CTCLoss: 7.475327, NRTRLoss: 1.409313, loss: 8.899230, avg_reader_cost: 0.00286 s, avg_batch_cost: 0.65307 s, avg_samples: 95.9, ips: 146.84589 samples/s, eta: 3:08:03, max_mem_reserved: 25002 MB, max_mem_allocated: 13654 MB
[2025/11/14 13:35:30] ppocr INFO: epoch: [4/20], global_step: 3900, lr: 0.000030, acc: 0.470588, norm_edit_dis: 0.890468, CTCLoss: 7.109267, NRTRLoss: 1.398735, loss: 8.486830, avg_reader_cost: 0.00292 s, avg_batch_cost: 0.61296 s, avg_samples: 87.3, ips: 142.42268 samples/s, eta: 3:07:55, max_mem_reserved: 25002 MB, max_mem_allocated: 13654 MB
[2025/11/14 13:36:02] ppocr INFO: cur metric, acc: 0.5631999994368, norm_edit_dis: 0.9195513353419954, fps: 682.9519413838489
[2025/11/14 13:36:05] ppocr INFO: save best model is to ./output/best_accuracy
[2025/11/14 13:36:05] ppocr INFO: best metric, acc: 0.5631999994368, is_float16: False, norm_edit_dis: 0.9195513353419954, fps: 682.9519413838489, best_epoch: 4
[2025/11/14 13:36:11] ppocr INFO: epoch: [4/20], global_step: 3910, lr: 0.000030, acc: 0.482353, norm_edit_dis: 0.892987, CTCLoss: 7.358301, NRTRLoss: 1.400114, loss: 8.758415, avg_reader_cost: 0.00282 s, avg_batch_cost: 0.64022 s, avg_samples: 93.7, ips: 146.35484 samples/s, eta: 3:07:49, max_mem_reserved: 25002 MB, max_mem_allocated: 13654 MB
[2025/11/14 13:36:18] ppocr INFO: epoch: [4/20], global_step: 3920, lr: 0.000030, acc: 0.476471, norm_edit_dis: 0.882728, CTCLoss: 8.375819, NRTRLoss: 1.409616, loss: 9.805341, avg_reader_cost: 0.00285 s, avg_batch_cost: 0.65545 s, avg_samples: 95.8, ips: 146.15927 samples/s, eta: 3:07:44, max_mem_reserved: 25002 MB, max_mem_allocated: 13654 MB
[2025/11/14 13:36:24] ppocr INFO: epoch: [4/20], global_step: 3930, lr: 0.000030, acc: 0.461857, norm_edit_dis: 0.878491, CTCLoss: 8.462590, NRTRLoss: 1.404448, loss: 9.868404, avg_reader_cost: 0.00293 s, avg_batch_cost: 0.63640 s, avg_samples: 93.8, ips: 147.39084 samples/s, eta: 3:07:38, max_mem_reserved: 25002 MB, max_mem_allocated: 13654 MB
[2025/11/14 13:36:31] ppocr INFO: epoch: [4/20], global_step: 3940, lr: 0.000030, acc: 0.453125, norm_edit_dis: 0.881604, CTCLoss: 8.442856, NRTRLoss: 1.399693, loss: 9.818038, avg_reader_cost: 0.00292 s, avg_batch_cost: 0.63774 s, avg_samples: 85.3, ips: 133.75280 samples/s, eta: 3:07:32, max_mem_reserved: 25002 MB, max_mem_allocated: 13654 MB
[2025/11/14 13:36:37] ppocr INFO: epoch: [4/20], global_step: 3950, lr: 0.000030, acc: 0.460937, norm_edit_dis: 0.881604, CTCLoss: 7.408501, NRTRLoss: 1.406079, loss: 8.798720, avg_reader_cost: 0.00291 s, avg_batch_cost: 0.63795 s, avg_samples: 95.9, ips: 150.32504 samples/s, eta: 3:07:26, max_mem_reserved: 25002 MB, max_mem_allocated: 13654 MB
[2025/11/14 13:36:44] ppocr INFO: epoch: [4/20], global_step: 3960, lr: 0.000030, acc: 0.381618, norm_edit_dis: 0.844489, CTCLoss: 10.713963, NRTRLoss: 1.427626, loss: 12.104953, avg_reader_cost: 0.00294 s, avg_batch_cost: 0.66807 s, avg_samples: 106.6, ips: 159.56475 samples/s, eta: 3:07:21, max_mem_reserved: 25002 MB, max_mem_allocated: 13654 MB
[2025/11/14 13:36:50] ppocr INFO: epoch: [4/20], global_step: 3970, lr: 0.000030, acc: 0.381618, norm_edit_dis: 0.824896, CTCLoss: 11.044657, NRTRLoss: 1.431609, loss: 12.488868, avg_reader_cost: 0.00296 s, avg_batch_cost: 0.63580 s, avg_samples: 100.1, ips: 157.43970 samples/s, eta: 3:07:15, max_mem_reserved: 25002 MB, max_mem_allocated: 13654 MB
[2025/11/14 13:36:56] ppocr INFO: epoch: [4/20], global_step: 3980, lr: 0.000029, acc: 0.488235, norm_edit_dis: 0.896757, CTCLoss: 7.257899, NRTRLoss: 1.412449, loss: 8.684415, avg_reader_cost: 0.00295 s, avg_batch_cost: 0.63025 s, avg_samples: 80.9, ips: 128.36273 samples/s, eta: 3:07:08, max_mem_reserved: 25002 MB, max_mem_allocated: 13654 MB
[2025/11/14 13:37:03] ppocr INFO: epoch: [4/20], global_step: 3990, lr: 0.000029, acc: 0.452941, norm_edit_dis: 0.893063, CTCLoss: 7.931636, NRTRLoss: 1.392199, loss: 9.304528, avg_reader_cost: 0.00343 s, avg_batch_cost: 0.64082 s, avg_samples: 91.6, ips: 142.94212 samples/s, eta: 3:07:02, max_mem_reserved: 25002 MB, max_mem_allocated: 13654 MB
[2025/11/14 13:37:09] ppocr INFO: epoch: [4/20], global_step: 4000, lr: 0.000029, acc: 0.430515, norm_edit_dis: 0.882204, CTCLoss: 8.150348, NRTRLoss: 1.404030, loss: 9.556165, avg_reader_cost: 0.00298 s, avg_batch_cost: 0.63303 s, avg_samples: 93.8, ips: 148.17649 samples/s, eta: 3:06:56, max_mem_reserved: 25002 MB, max_mem_allocated: 13654 MB
[2025/11/14 13:37:41] ppocr INFO: cur metric, acc: 0.558999999441, norm_edit_dis: 0.9192839194623587, fps: 665.5786920571559
[2025/11/14 13:37:41] ppocr INFO: best metric, acc: 0.5631999994368, is_float16: False, norm_edit_dis: 0.9195513353419954, fps: 682.9519413838489, best_epoch: 4
[2025/11/14 13:37:47] ppocr INFO: epoch: [4/20], global_step: 4010, lr: 0.000029, acc: 0.463787, norm_edit_dis: 0.887971, CTCLoss: 7.667664, NRTRLoss: 1.406302, loss: 9.061116, avg_reader_cost: 0.00285 s, avg_batch_cost: 0.62219 s, avg_samples: 87.4, ips: 140.47081 samples/s, eta: 3:06:49, max_mem_reserved: 25002 MB, max_mem_allocated: 13654 MB
[2025/11/14 13:37:53] ppocr INFO: epoch: [4/20], global_step: 4020, lr: 0.000029, acc: 0.515625, norm_edit_dis: 0.894995, CTCLoss: 6.942164, NRTRLoss: 1.390237, loss: 8.355003, avg_reader_cost: 0.00284 s, avg_batch_cost: 0.57177 s, avg_samples: 70.3, ips: 122.95155 samples/s, eta: 3:06:40, max_mem_reserved: 25002 MB, max_mem_allocated: 13654 MB
[2025/11/14 13:37:59] ppocr INFO: epoch: [4/20], global_step: 4030, lr: 0.000029, acc: 0.492187, norm_edit_dis: 0.892967, CTCLoss: 7.136799, NRTRLoss: 1.393398, loss: 8.560828, avg_reader_cost: 0.00291 s, avg_batch_cost: 0.63134 s, avg_samples: 98.1, ips: 155.38369 samples/s, eta: 3:06:34, max_mem_reserved: 25002 MB, max_mem_allocated: 13654 MB
[2025/11/14 13:38:06] ppocr INFO: epoch: [4/20], global_step: 4040, lr: 0.000029, acc: 0.292969, norm_edit_dis: 0.802274, CTCLoss: 12.257822, NRTRLoss: 1.440141, loss: 13.718658, avg_reader_cost: 0.00286 s, avg_batch_cost: 0.66964 s, avg_samples: 108.7, ips: 162.32507 samples/s, eta: 3:06:29, max_mem_reserved: 25002 MB, max_mem_allocated: 13654 MB
[2025/11/14 13:38:12] ppocr INFO: epoch: [4/20], global_step: 4050, lr: 0.000029, acc: 0.476471, norm_edit_dis: 0.883813, CTCLoss: 7.676228, NRTRLoss: 1.412694, loss: 9.083120, avg_reader_cost: 0.00293 s, avg_batch_cost: 0.62306 s, avg_samples: 85.1, ips: 136.58322 samples/s, eta: 3:06:22, max_mem_reserved: 25002 MB, max_mem_allocated: 13654 MB
[2025/11/14 13:38:19] ppocr INFO: epoch: [4/20], global_step: 4060, lr: 0.000029, acc: 0.505882, norm_edit_dis: 0.888710, CTCLoss: 7.367854, NRTRLoss: 1.401476, loss: 8.767222, avg_reader_cost: 0.00289 s, avg_batch_cost: 0.63157 s, avg_samples: 89.5, ips: 141.70951 samples/s, eta: 3:06:16, max_mem_reserved: 25002 MB, max_mem_allocated: 13654 MB
[2025/11/14 13:38:25] ppocr INFO: epoch: [4/20], global_step: 4070, lr: 0.000029, acc: 0.453125, norm_edit_dis: 0.885031, CTCLoss: 7.486475, NRTRLoss: 1.409209, loss: 8.877156, avg_reader_cost: 0.00293 s, avg_batch_cost: 0.66151 s, avg_samples: 100.2, ips: 151.47060 samples/s, eta: 3:06:11, max_mem_reserved: 25002 MB, max_mem_allocated: 13654 MB
[2025/11/14 13:38:31] ppocr INFO: epoch: [4/20], global_step: 4080, lr: 0.000029, acc: 0.429687, norm_edit_dis: 0.878590, CTCLoss: 8.066023, NRTRLoss: 1.410768, loss: 9.470862, avg_reader_cost: 0.00336 s, avg_batch_cost: 0.62889 s, avg_samples: 93.8, ips: 149.15058 samples/s, eta: 3:06:04, max_mem_reserved: 25002 MB, max_mem_allocated: 13654 MB
[2025/11/14 13:38:38] ppocr INFO: epoch: [4/20], global_step: 4090, lr: 0.000029, acc: 0.468750, norm_edit_dis: 0.883528, CTCLoss: 8.272157, NRTRLoss: 1.406353, loss: 9.664719, avg_reader_cost: 0.00291 s, avg_batch_cost: 0.66443 s, avg_samples: 95.9, ips: 144.33368 samples/s, eta: 3:05:59, max_mem_reserved: 25002 MB, max_mem_allocated: 13654 MB
[2025/11/14 13:38:44] ppocr INFO: epoch: [4/20], global_step: 4100, lr: 0.000029, acc: 0.455882, norm_edit_dis: 0.884384, CTCLoss: 7.698677, NRTRLoss: 1.397699, loss: 9.082918, avg_reader_cost: 0.00291 s, avg_batch_cost: 0.63404 s, avg_samples: 100.1, ips: 157.87627 samples/s, eta: 3:05:53, max_mem_reserved: 25002 MB, max_mem_allocated: 13654 MB
[2025/11/14 13:39:16] ppocr INFO: cur metric, acc: 0.5465999994534, norm_edit_dis: 0.9154603303391485, fps: 698.7653025631882
[2025/11/14 13:39:16] ppocr INFO: best metric, acc: 0.5631999994368, is_float16: False, norm_edit_dis: 0.9195513353419954, fps: 682.9519413838489, best_epoch: 4
[2025/11/14 13:39:22] ppocr INFO: epoch: [4/20], global_step: 4110, lr: 0.000029, acc: 0.517647, norm_edit_dis: 0.894767, CTCLoss: 7.435009, NRTRLoss: 1.391126, loss: 8.818691, avg_reader_cost: 0.00288 s, avg_batch_cost: 0.63117 s, avg_samples: 87.3, ips: 138.31529 samples/s, eta: 3:05:47, max_mem_reserved: 25002 MB, max_mem_allocated: 13654 MB
[2025/11/14 13:39:29] ppocr INFO: epoch: [4/20], global_step: 4120, lr: 0.000029, acc: 0.517647, norm_edit_dis: 0.898697, CTCLoss: 7.029685, NRTRLoss: 1.402625, loss: 8.424375, avg_reader_cost: 0.00288 s, avg_batch_cost: 0.65119 s, avg_samples: 95.9, ips: 147.26965 samples/s, eta: 3:05:41, max_mem_reserved: 25002 MB, max_mem_allocated: 13654 MB
[2025/11/14 13:39:35] ppocr INFO: epoch: [4/20], global_step: 4130, lr: 0.000029, acc: 0.458823, norm_edit_dis: 0.890069, CTCLoss: 7.331508, NRTRLoss: 1.403926, loss: 8.711539, avg_reader_cost: 0.00301 s, avg_batch_cost: 0.66075 s, avg_samples: 104.4, ips: 158.00185 samples/s, eta: 3:05:36, max_mem_reserved: 25002 MB, max_mem_allocated: 13654 MB
[2025/11/14 13:39:41] ppocr INFO: epoch: [4/20], global_step: 4140, lr: 0.000029, acc: 0.457904, norm_edit_dis: 0.890069, CTCLoss: 7.771032, NRTRLoss: 1.390692, loss: 9.145841, avg_reader_cost: 0.00285 s, avg_batch_cost: 0.62563 s, avg_samples: 93.8, ips: 149.92825 samples/s, eta: 3:05:29, max_mem_reserved: 25002 MB, max_mem_allocated: 13654 MB
[2025/11/14 13:39:47] ppocr INFO: epoch: [4/20], global_step: 4150, lr: 0.000029, acc: 0.518566, norm_edit_dis: 0.901904, CTCLoss: 6.064246, NRTRLoss: 1.375944, loss: 7.451008, avg_reader_cost: 0.00282 s, avg_batch_cost: 0.60815 s, avg_samples: 83.1, ips: 136.64358 samples/s, eta: 3:05:22, max_mem_reserved: 25002 MB, max_mem_allocated: 13654 MB
[2025/11/14 13:39:54] ppocr INFO: epoch: [4/20], global_step: 4160, lr: 0.000029, acc: 0.497059, norm_edit_dis: 0.896492, CTCLoss: 6.358340, NRTRLoss: 1.397441, loss: 7.723032, avg_reader_cost: 0.00288 s, avg_batch_cost: 0.62196 s, avg_samples: 93.7, ips: 150.65219 samples/s, eta: 3:05:15, max_mem_reserved: 25002 MB, max_mem_allocated: 13654 MB
[2025/11/14 13:40:00] ppocr INFO: epoch: [4/20], global_step: 4170, lr: 0.000029, acc: 0.475551, norm_edit_dis: 0.894330, CTCLoss: 6.729121, NRTRLoss: 1.406000, loss: 8.136175, avg_reader_cost: 0.00291 s, avg_batch_cost: 0.65297 s, avg_samples: 95.9, ips: 146.86646 samples/s, eta: 3:05:10, max_mem_reserved: 25002 MB, max_mem_allocated: 13654 MB
[2025/11/14 13:40:07] ppocr INFO: epoch: [4/20], global_step: 4180, lr: 0.000029, acc: 0.394531, norm_edit_dis: 0.849564, CTCLoss: 9.729914, NRTRLoss: 1.413467, loss: 11.142809, avg_reader_cost: 0.00282 s, avg_batch_cost: 0.66696 s, avg_samples: 106.6, ips: 159.83033 samples/s, eta: 3:05:05, max_mem_reserved: 25002 MB, max_mem_allocated: 13654 MB
[2025/11/14 13:40:13] ppocr INFO: epoch: [4/20], global_step: 4190, lr: 0.000029, acc: 0.457904, norm_edit_dis: 0.886055, CTCLoss: 6.986185, NRTRLoss: 1.407693, loss: 8.372098, avg_reader_cost: 0.00288 s, avg_batch_cost: 0.63125 s, avg_samples: 85.2, ips: 134.97096 samples/s, eta: 3:04:58, max_mem_reserved: 25002 MB, max_mem_allocated: 13654 MB
[2025/11/14 13:40:20] ppocr INFO: epoch: [4/20], global_step: 4200, lr: 0.000029, acc: 0.494118, norm_edit_dis: 0.896682, CTCLoss: 6.863442, NRTRLoss: 1.382576, loss: 8.230611, avg_reader_cost: 0.00290 s, avg_batch_cost: 0.64073 s, avg_samples: 95.9, ips: 149.67272 samples/s, eta: 3:04:52, max_mem_reserved: 25002 MB, max_mem_allocated: 13654 MB
[2025/11/14 13:40:51] ppocr INFO: cur metric, acc: 0.5704999994295, norm_edit_dis: 0.9213003624151433, fps: 688.4367843357417
[2025/11/14 13:40:54] ppocr INFO: save best model is to ./output/best_accuracy
[2025/11/14 13:40:54] ppocr INFO: best metric, acc: 0.5704999994295, is_float16: False, norm_edit_dis: 0.9213003624151433, fps: 688.4367843357417, best_epoch: 4
[2025/11/14 13:41:01] ppocr INFO: epoch: [4/20], global_step: 4210, lr: 0.000029, acc: 0.489246, norm_edit_dis: 0.892739, CTCLoss: 8.245071, NRTRLoss: 1.420264, loss: 9.606548, avg_reader_cost: 0.00302 s, avg_batch_cost: 0.68285 s, avg_samples: 102.3, ips: 149.81331 samples/s, eta: 3:04:48, max_mem_reserved: 25002 MB, max_mem_allocated: 13654 MB
[2025/11/14 13:41:07] ppocr INFO: epoch: [4/20], global_step: 4220, lr: 0.000029, acc: 0.517647, norm_edit_dis: 0.909978, CTCLoss: 7.107984, NRTRLoss: 1.380201, loss: 8.507237, avg_reader_cost: 0.00298 s, avg_batch_cost: 0.65711 s, avg_samples: 85.2, ips: 129.65956 samples/s, eta: 3:04:43, max_mem_reserved: 25002 MB, max_mem_allocated: 13654 MB
[2025/11/14 13:41:13] ppocr INFO: epoch: [4/20], global_step: 4230, lr: 0.000029, acc: 0.535294, norm_edit_dis: 0.908540, CTCLoss: 6.725588, NRTRLoss: 1.377607, loss: 8.098564, avg_reader_cost: 0.00312 s, avg_batch_cost: 0.62774 s, avg_samples: 85.2, ips: 135.72592 samples/s, eta: 3:04:36, max_mem_reserved: 25002 MB, max_mem_allocated: 13654 MB
[2025/11/14 13:41:19] ppocr INFO: epoch: [4/20], global_step: 4240, lr: 0.000029, acc: 0.530331, norm_edit_dis: 0.907119, CTCLoss: 6.482977, NRTRLoss: 1.385486, loss: 7.843463, avg_reader_cost: 0.00293 s, avg_batch_cost: 0.56934 s, avg_samples: 72.4, ips: 127.16440 samples/s, eta: 3:04:27, max_mem_reserved: 25002 MB, max_mem_allocated: 13654 MB
[2025/11/14 13:41:25] ppocr INFO: epoch: [4/20], global_step: 4250, lr: 0.000029, acc: 0.523437, norm_edit_dis: 0.899234, CTCLoss: 6.240893, NRTRLoss: 1.385538, loss: 7.625188, avg_reader_cost: 0.00291 s, avg_batch_cost: 0.63836 s, avg_samples: 89.5, ips: 140.20300 samples/s, eta: 3:04:21, max_mem_reserved: 25002 MB, max_mem_allocated: 13654 MB
[2025/11/14 13:41:32] ppocr INFO: epoch: [4/20], global_step: 4260, lr: 0.000029, acc: 0.498989, norm_edit_dis: 0.892134, CTCLoss: 6.651764, NRTRLoss: 1.393397, loss: 8.050598, avg_reader_cost: 0.00301 s, avg_batch_cost: 0.64380 s, avg_samples: 98.0, ips: 152.22184 samples/s, eta: 3:04:15, max_mem_reserved: 25002 MB, max_mem_allocated: 13654 MB
[2025/11/14 13:41:38] ppocr INFO: epoch: [4/20], global_step: 4270, lr: 0.000029, acc: 0.544026, norm_edit_dis: 0.899221, CTCLoss: 6.379964, NRTRLoss: 1.399650, loss: 7.767158, avg_reader_cost: 0.00330 s, avg_batch_cost: 0.62535 s, avg_samples: 81.0, ips: 129.52779 samples/s, eta: 3:04:08, max_mem_reserved: 25002 MB, max_mem_allocated: 13654 MB
[2025/11/14 13:41:44] ppocr INFO: epoch: [4/20], global_step: 4280, lr: 0.000029, acc: 0.544026, norm_edit_dis: 0.900127, CTCLoss: 6.449612, NRTRLoss: 1.394100, loss: 7.835748, avg_reader_cost: 0.00295 s, avg_batch_cost: 0.60263 s, avg_samples: 87.3, ips: 144.86489 samples/s, eta: 3:04:01, max_mem_reserved: 25002 MB, max_mem_allocated: 13654 MB
[2025/11/14 13:41:51] ppocr INFO: epoch: [4/20], global_step: 4290, lr: 0.000029, acc: 0.511765, norm_edit_dis: 0.904481, CTCLoss: 6.457685, NRTRLoss: 1.381097, loss: 7.823692, avg_reader_cost: 0.00300 s, avg_batch_cost: 0.64244 s, avg_samples: 98.0, ips: 152.54270 samples/s, eta: 3:03:55, max_mem_reserved: 25002 MB, max_mem_allocated: 13654 MB
[2025/11/14 13:41:57] ppocr INFO: epoch: [4/20], global_step: 4300, lr: 0.000029, acc: 0.535294, norm_edit_dis: 0.907002, CTCLoss: 6.336381, NRTRLoss: 1.376814, loss: 7.697505, avg_reader_cost: 0.00341 s, avg_batch_cost: 0.64248 s, avg_samples: 91.6, ips: 142.57160 samples/s, eta: 3:03:49, max_mem_reserved: 25002 MB, max_mem_allocated: 13654 MB
[2025/11/14 13:42:30] ppocr INFO: cur metric, acc: 0.5872999994127001, norm_edit_dis: 0.9242846408021931, fps: 671.4503207439707
[2025/11/14 13:42:32] ppocr INFO: save best model is to ./output/best_accuracy
[2025/11/14 13:42:32] ppocr INFO: best metric, acc: 0.5872999994127001, is_float16: False, norm_edit_dis: 0.9242846408021931, fps: 671.4503207439707, best_epoch: 4
[2025/11/14 13:42:39] ppocr INFO: epoch: [4/20], global_step: 4310, lr: 0.000029, acc: 0.488235, norm_edit_dis: 0.897751, CTCLoss: 7.258689, NRTRLoss: 1.385243, loss: 8.637921, avg_reader_cost: 0.00314 s, avg_batch_cost: 0.66404 s, avg_samples: 102.3, ips: 154.05810 samples/s, eta: 3:03:44, max_mem_reserved: 25002 MB, max_mem_allocated: 13654 MB
[2025/11/14 13:42:45] ppocr INFO: epoch: [4/20], global_step: 4320, lr: 0.000029, acc: 0.467739, norm_edit_dis: 0.893375, CTCLoss: 7.760397, NRTRLoss: 1.391955, loss: 9.145303, avg_reader_cost: 0.00287 s, avg_batch_cost: 0.63622 s, avg_samples: 95.9, ips: 150.73286 samples/s, eta: 3:03:38, max_mem_reserved: 25002 MB, max_mem_allocated: 13654 MB
[2025/11/14 13:42:51] ppocr INFO: epoch: [4/20], global_step: 4330, lr: 0.000029, acc: 0.530331, norm_edit_dis: 0.910678, CTCLoss: 5.881796, NRTRLoss: 1.376184, loss: 7.259947, avg_reader_cost: 0.00290 s, avg_batch_cost: 0.57838 s, avg_samples: 78.9, ips: 136.41604 samples/s, eta: 3:03:29, max_mem_reserved: 25002 MB, max_mem_allocated: 13654 MB
[2025/11/14 13:42:58] ppocr INFO: epoch: [4/20], global_step: 4340, lr: 0.000029, acc: 0.523529, norm_edit_dis: 0.902393, CTCLoss: 7.347625, NRTRLoss: 1.377494, loss: 8.730924, avg_reader_cost: 0.00333 s, avg_batch_cost: 0.66375 s, avg_samples: 102.3, ips: 154.12461 samples/s, eta: 3:03:24, max_mem_reserved: 25002 MB, max_mem_allocated: 13654 MB
[2025/11/14 13:43:00] ppocr INFO: epoch: [4/20], global_step: 4344, lr: 0.000029, acc: 0.516636, norm_edit_dis: 0.895871, CTCLoss: 7.347625, NRTRLoss: 1.400396, loss: 8.730924, avg_reader_cost: 0.00113 s, avg_batch_cost: 0.25261 s, avg_samples: 38.4, ips: 152.01584 samples/s, eta: 3:03:22, max_mem_reserved: 25002 MB, max_mem_allocated: 13654 MB
[2025/11/14 13:43:02] ppocr INFO: save model in ./output/latest
[2025/11/14 13:43:03] ppocr INFO: save model in ./output/iter_epoch_4
[2025/11/14 13:43:08] ppocr INFO: epoch: [5/20], global_step: 4350, lr: 0.000029, acc: 0.515625, norm_edit_dis: 0.895871, CTCLoss: 7.731932, NRTRLoss: 1.407436, loss: 9.139368, avg_reader_cost: 0.42052 s, avg_batch_cost: 0.78847 s, avg_samples: 46.8, ips: 59.35529 samples/s, eta: 3:03:34, max_mem_reserved: 25002 MB, max_mem_allocated: 13654 MB
[2025/11/14 13:43:14] ppocr INFO: epoch: [5/20], global_step: 4360, lr: 0.000029, acc: 0.515625, norm_edit_dis: 0.904920, CTCLoss: 7.157162, NRTRLoss: 1.394278, loss: 8.559438, avg_reader_cost: 0.00302 s, avg_batch_cost: 0.64360 s, avg_samples: 100.2, ips: 155.68595 samples/s, eta: 3:03:28, max_mem_reserved: 25002 MB, max_mem_allocated: 13654 MB
[2025/11/14 13:43:21] ppocr INFO: epoch: [5/20], global_step: 4370, lr: 0.000029, acc: 0.511765, norm_edit_dis: 0.904940, CTCLoss: 6.180056, NRTRLoss: 1.380042, loss: 7.552007, avg_reader_cost: 0.00321 s, avg_batch_cost: 0.63716 s, avg_samples: 87.2, ips: 136.85834 samples/s, eta: 3:03:22, max_mem_reserved: 25002 MB, max_mem_allocated: 13654 MB
[2025/11/14 13:43:27] ppocr INFO: epoch: [5/20], global_step: 4380, lr: 0.000029, acc: 0.549908, norm_edit_dis: 0.913501, CTCLoss: 5.909339, NRTRLoss: 1.377598, loss: 7.303672, avg_reader_cost: 0.00291 s, avg_batch_cost: 0.61485 s, avg_samples: 83.0, ips: 134.99269 samples/s, eta: 3:03:15, max_mem_reserved: 25002 MB, max_mem_allocated: 13654 MB
[2025/11/14 13:43:33] ppocr INFO: epoch: [5/20], global_step: 4390, lr: 0.000029, acc: 0.557721, norm_edit_dis: 0.921057, CTCLoss: 5.661121, NRTRLoss: 1.377598, loss: 7.021786, avg_reader_cost: 0.00295 s, avg_batch_cost: 0.59047 s, avg_samples: 78.9, ips: 133.62198 samples/s, eta: 3:03:07, max_mem_reserved: 25002 MB, max_mem_allocated: 13654 MB
[2025/11/14 13:43:39] ppocr INFO: epoch: [5/20], global_step: 4400, lr: 0.000029, acc: 0.508823, norm_edit_dis: 0.902628, CTCLoss: 6.445313, NRTRLoss: 1.385341, loss: 7.822387, avg_reader_cost: 0.00290 s, avg_batch_cost: 0.62737 s, avg_samples: 102.3, ips: 163.06176 samples/s, eta: 3:03:00, max_mem_reserved: 25002 MB, max_mem_allocated: 13654 MB
[2025/11/14 13:44:13] ppocr INFO: cur metric, acc: 0.5934999994065, norm_edit_dis: 0.9264161302955646, fps: 643.8892439097505
[2025/11/14 13:44:16] ppocr INFO: save best model is to ./output/best_accuracy
[2025/11/14 13:44:16] ppocr INFO: best metric, acc: 0.5934999994065, is_float16: False, norm_edit_dis: 0.9264161302955646, fps: 643.8892439097505, best_epoch: 5
[2025/11/14 13:44:22] ppocr INFO: epoch: [5/20], global_step: 4410, lr: 0.000029, acc: 0.485294, norm_edit_dis: 0.884196, CTCLoss: 7.683220, NRTRLoss: 1.403035, loss: 9.092393, avg_reader_cost: 0.00299 s, avg_batch_cost: 0.63572 s, avg_samples: 93.8, ips: 147.54881 samples/s, eta: 3:02:54, max_mem_reserved: 25002 MB, max_mem_allocated: 13654 MB
[2025/11/14 13:44:28] ppocr INFO: epoch: [5/20], global_step: 4420, lr: 0.000029, acc: 0.536213, norm_edit_dis: 0.901856, CTCLoss: 6.021471, NRTRLoss: 1.378146, loss: 7.411171, avg_reader_cost: 0.00342 s, avg_batch_cost: 0.60822 s, avg_samples: 89.4, ips: 146.98744 samples/s, eta: 3:02:46, max_mem_reserved: 25002 MB, max_mem_allocated: 13654 MB
[2025/11/14 13:44:34] ppocr INFO: epoch: [5/20], global_step: 4430, lr: 0.000029, acc: 0.544026, norm_edit_dis: 0.904382, CTCLoss: 5.734509, NRTRLoss: 1.376260, loss: 7.124447, avg_reader_cost: 0.00291 s, avg_batch_cost: 0.59030 s, avg_samples: 81.0, ips: 137.21912 samples/s, eta: 3:02:38, max_mem_reserved: 25002 MB, max_mem_allocated: 13654 MB
[2025/11/14 13:44:41] ppocr INFO: epoch: [5/20], global_step: 4440, lr: 0.000029, acc: 0.516636, norm_edit_dis: 0.903602, CTCLoss: 6.908608, NRTRLoss: 1.399688, loss: 8.315518, avg_reader_cost: 0.00291 s, avg_batch_cost: 0.63778 s, avg_samples: 102.3, ips: 160.39909 samples/s, eta: 3:02:32, max_mem_reserved: 25002 MB, max_mem_allocated: 13654 MB
[2025/11/14 13:44:47] ppocr INFO: epoch: [5/20], global_step: 4450, lr: 0.000029, acc: 0.481342, norm_edit_dis: 0.882409, CTCLoss: 7.228516, NRTRLoss: 1.402471, loss: 8.620014, avg_reader_cost: 0.00292 s, avg_batch_cost: 0.63780 s, avg_samples: 93.8, ips: 147.06714 samples/s, eta: 3:02:26, max_mem_reserved: 25002 MB, max_mem_allocated: 13654 MB
[2025/11/14 13:44:53] ppocr INFO: epoch: [5/20], global_step: 4460, lr: 0.000029, acc: 0.541176, norm_edit_dis: 0.909185, CTCLoss: 5.693278, NRTRLoss: 1.372093, loss: 7.050016, avg_reader_cost: 0.00296 s, avg_batch_cost: 0.62452 s, avg_samples: 87.3, ips: 139.78757 samples/s, eta: 3:02:19, max_mem_reserved: 25002 MB, max_mem_allocated: 13654 MB
[2025/11/14 13:45:00] ppocr INFO: epoch: [5/20], global_step: 4470, lr: 0.000029, acc: 0.536213, norm_edit_dis: 0.915623, CTCLoss: 5.709443, NRTRLoss: 1.370142, loss: 7.068146, avg_reader_cost: 0.00337 s, avg_batch_cost: 0.64297 s, avg_samples: 98.1, ips: 152.57314 samples/s, eta: 3:02:13, max_mem_reserved: 25002 MB, max_mem_allocated: 13654 MB
[2025/11/14 13:45:06] ppocr INFO: epoch: [5/20], global_step: 4480, lr: 0.000029, acc: 0.510754, norm_edit_dis: 0.908636, CTCLoss: 6.611011, NRTRLoss: 1.382416, loss: 7.975584, avg_reader_cost: 0.00290 s, avg_batch_cost: 0.60064 s, avg_samples: 87.3, ips: 145.34590 samples/s, eta: 3:02:06, max_mem_reserved: 25002 MB, max_mem_allocated: 13654 MB
[2025/11/14 13:45:12] ppocr INFO: epoch: [5/20], global_step: 4490, lr: 0.000029, acc: 0.538143, norm_edit_dis: 0.908019, CTCLoss: 6.322412, NRTRLoss: 1.386617, loss: 7.693444, avg_reader_cost: 0.00340 s, avg_batch_cost: 0.64451 s, avg_samples: 95.9, ips: 148.79576 samples/s, eta: 3:02:00, max_mem_reserved: 25002 MB, max_mem_allocated: 13654 MB
[2025/11/14 13:45:19] ppocr INFO: epoch: [5/20], global_step: 4500, lr: 0.000029, acc: 0.522518, norm_edit_dis: 0.901389, CTCLoss: 7.716233, NRTRLoss: 1.387251, loss: 9.099016, avg_reader_cost: 0.00294 s, avg_batch_cost: 0.63885 s, avg_samples: 95.9, ips: 150.11344 samples/s, eta: 3:01:54, max_mem_reserved: 25002 MB, max_mem_allocated: 13654 MB
[2025/11/14 13:45:50] ppocr INFO: cur metric, acc: 0.5930999994069001, norm_edit_dis: 0.9250048126891962, fps: 691.4708553464727
[2025/11/14 13:45:50] ppocr INFO: best metric, acc: 0.5934999994065, is_float16: False, norm_edit_dis: 0.9264161302955646, fps: 643.8892439097505, best_epoch: 5
[2025/11/14 13:45:57] ppocr INFO: epoch: [5/20], global_step: 4510, lr: 0.000029, acc: 0.529412, norm_edit_dis: 0.904720, CTCLoss: 6.145798, NRTRLoss: 1.381862, loss: 7.527417, avg_reader_cost: 0.00288 s, avg_batch_cost: 0.64703 s, avg_samples: 89.4, ips: 138.17008 samples/s, eta: 3:01:48, max_mem_reserved: 25002 MB, max_mem_allocated: 13654 MB
[2025/11/14 13:46:03] ppocr INFO: epoch: [5/20], global_step: 4520, lr: 0.000029, acc: 0.500000, norm_edit_dis: 0.900150, CTCLoss: 6.371774, NRTRLoss: 1.404887, loss: 7.776662, avg_reader_cost: 0.00289 s, avg_batch_cost: 0.65211 s, avg_samples: 108.8, ips: 166.84419 samples/s, eta: 3:01:42, max_mem_reserved: 25002 MB, max_mem_allocated: 13654 MB
[2025/11/14 13:46:10] ppocr INFO: epoch: [5/20], global_step: 4530, lr: 0.000029, acc: 0.422886, norm_edit_dis: 0.851076, CTCLoss: 8.942615, NRTRLoss: 1.420976, loss: 10.367351, avg_reader_cost: 0.00345 s, avg_batch_cost: 0.64158 s, avg_samples: 93.7, ips: 146.04586 samples/s, eta: 3:01:36, max_mem_reserved: 25002 MB, max_mem_allocated: 13654 MB
[2025/11/14 13:46:16] ppocr INFO: epoch: [5/20], global_step: 4540, lr: 0.000029, acc: 0.531250, norm_edit_dis: 0.912627, CTCLoss: 6.677760, NRTRLoss: 1.372888, loss: 8.041318, avg_reader_cost: 0.00289 s, avg_batch_cost: 0.60314 s, avg_samples: 89.5, ips: 148.39099 samples/s, eta: 3:01:29, max_mem_reserved: 25002 MB, max_mem_allocated: 13654 MB
[2025/11/14 13:46:22] ppocr INFO: epoch: [5/20], global_step: 4550, lr: 0.000029, acc: 0.536213, norm_edit_dis: 0.915087, CTCLoss: 6.162530, NRTRLoss: 1.372888, loss: 7.545956, avg_reader_cost: 0.00290 s, avg_batch_cost: 0.60163 s, avg_samples: 83.1, ips: 138.12535 samples/s, eta: 3:01:21, max_mem_reserved: 25002 MB, max_mem_allocated: 13654 MB
[2025/11/14 13:46:28] ppocr INFO: epoch: [5/20], global_step: 4560, lr: 0.000029, acc: 0.530331, norm_edit_dis: 0.911041, CTCLoss: 6.102876, NRTRLoss: 1.383375, loss: 7.498247, avg_reader_cost: 0.00334 s, avg_batch_cost: 0.62049 s, avg_samples: 100.2, ips: 161.48472 samples/s, eta: 3:01:14, max_mem_reserved: 25002 MB, max_mem_allocated: 13654 MB
[2025/11/14 13:46:35] ppocr INFO: epoch: [5/20], global_step: 4570, lr: 0.000029, acc: 0.414062, norm_edit_dis: 0.823304, CTCLoss: 10.404280, NRTRLoss: 1.427543, loss: 11.855082, avg_reader_cost: 0.00294 s, avg_batch_cost: 0.66651 s, avg_samples: 108.7, ips: 163.08791 samples/s, eta: 3:01:09, max_mem_reserved: 25002 MB, max_mem_allocated: 13654 MB
[2025/11/14 13:46:41] ppocr INFO: epoch: [5/20], global_step: 4580, lr: 0.000029, acc: 0.378906, norm_edit_dis: 0.823304, CTCLoss: 10.636878, NRTRLoss: 1.432822, loss: 12.081386, avg_reader_cost: 0.00297 s, avg_batch_cost: 0.64415 s, avg_samples: 106.6, ips: 165.48885 samples/s, eta: 3:01:03, max_mem_reserved: 25002 MB, max_mem_allocated: 13654 MB
[2025/11/14 13:46:47] ppocr INFO: epoch: [5/20], global_step: 4590, lr: 0.000029, acc: 0.544026, norm_edit_dis: 0.908003, CTCLoss: 6.684642, NRTRLoss: 1.397379, loss: 8.088321, avg_reader_cost: 0.00292 s, avg_batch_cost: 0.60909 s, avg_samples: 80.9, ips: 132.82016 samples/s, eta: 3:00:56, max_mem_reserved: 25002 MB, max_mem_allocated: 13654 MB
[2025/11/14 13:46:54] ppocr INFO: epoch: [5/20], global_step: 4600, lr: 0.000029, acc: 0.552941, norm_edit_dis: 0.911480, CTCLoss: 5.778999, NRTRLoss: 1.377102, loss: 7.151512, avg_reader_cost: 0.00296 s, avg_batch_cost: 0.67425 s, avg_samples: 102.3, ips: 151.72415 samples/s, eta: 3:00:51, max_mem_reserved: 25002 MB, max_mem_allocated: 13654 MB
[2025/11/14 13:47:27] ppocr INFO: cur metric, acc: 0.60999999939, norm_edit_dis: 0.9307677204988507, fps: 666.8154094609638
[2025/11/14 13:47:29] ppocr INFO: save best model is to ./output/best_accuracy
[2025/11/14 13:47:29] ppocr INFO: best metric, acc: 0.60999999939, is_float16: False, norm_edit_dis: 0.9307677204988507, fps: 666.8154094609638, best_epoch: 5
[2025/11/14 13:47:36] ppocr INFO: epoch: [5/20], global_step: 4610, lr: 0.000029, acc: 0.500000, norm_edit_dis: 0.903776, CTCLoss: 6.576542, NRTRLoss: 1.391775, loss: 7.958859, avg_reader_cost: 0.00311 s, avg_batch_cost: 0.65079 s, avg_samples: 91.6, ips: 140.75240 samples/s, eta: 3:00:45, max_mem_reserved: 25002 MB, max_mem_allocated: 13654 MB
[2025/11/14 13:47:42] ppocr INFO: epoch: [5/20], global_step: 4620, lr: 0.000029, acc: 0.545956, norm_edit_dis: 0.911119, CTCLoss: 5.761572, NRTRLoss: 1.378908, loss: 7.135548, avg_reader_cost: 0.00320 s, avg_batch_cost: 0.64105 s, avg_samples: 95.9, ips: 149.59886 samples/s, eta: 3:00:39, max_mem_reserved: 25002 MB, max_mem_allocated: 13654 MB
[2025/11/14 13:47:49] ppocr INFO: epoch: [5/20], global_step: 4630, lr: 0.000029, acc: 0.557721, norm_edit_dis: 0.907239, CTCLoss: 5.912088, NRTRLoss: 1.375914, loss: 7.270894, avg_reader_cost: 0.00286 s, avg_batch_cost: 0.64049 s, avg_samples: 93.7, ips: 146.29450 samples/s, eta: 3:00:33, max_mem_reserved: 25002 MB, max_mem_allocated: 13654 MB
[2025/11/14 13:47:55] ppocr INFO: epoch: [5/20], global_step: 4640, lr: 0.000029, acc: 0.557721, norm_edit_dis: 0.912816, CTCLoss: 6.006975, NRTRLoss: 1.371383, loss: 7.360932, avg_reader_cost: 0.00293 s, avg_batch_cost: 0.60836 s, avg_samples: 87.3, ips: 143.50018 samples/s, eta: 3:00:26, max_mem_reserved: 25002 MB, max_mem_allocated: 13654 MB
[2025/11/14 13:48:01] ppocr INFO: epoch: [5/20], global_step: 4650, lr: 0.000029, acc: 0.539062, norm_edit_dis: 0.911291, CTCLoss: 5.781926, NRTRLoss: 1.372539, loss: 7.144451, avg_reader_cost: 0.00286 s, avg_batch_cost: 0.62362 s, avg_samples: 89.5, ips: 143.51766 samples/s, eta: 3:00:19, max_mem_reserved: 25002 MB, max_mem_allocated: 13654 MB
[2025/11/14 13:48:07] ppocr INFO: epoch: [5/20], global_step: 4660, lr: 0.000029, acc: 0.531250, norm_edit_dis: 0.909809, CTCLoss: 5.668664, NRTRLoss: 1.379525, loss: 7.035672, avg_reader_cost: 0.00288 s, avg_batch_cost: 0.61496 s, avg_samples: 83.1, ips: 135.13099 samples/s, eta: 3:00:12, max_mem_reserved: 25002 MB, max_mem_allocated: 13654 MB
[2025/11/14 13:48:14] ppocr INFO: epoch: [5/20], global_step: 4670, lr: 0.000029, acc: 0.557721, norm_edit_dis: 0.916867, CTCLoss: 5.833459, NRTRLoss: 1.380355, loss: 7.205322, avg_reader_cost: 0.00292 s, avg_batch_cost: 0.63580 s, avg_samples: 87.4, ips: 137.46365 samples/s, eta: 3:00:06, max_mem_reserved: 25002 MB, max_mem_allocated: 13654 MB
[2025/11/14 13:48:20] ppocr INFO: epoch: [5/20], global_step: 4680, lr: 0.000029, acc: 0.577298, norm_edit_dis: 0.918627, CTCLoss: 5.875345, NRTRLoss: 1.378050, loss: 7.249233, avg_reader_cost: 0.00286 s, avg_batch_cost: 0.63138 s, avg_samples: 85.3, ips: 135.10159 samples/s, eta: 3:00:00, max_mem_reserved: 25002 MB, max_mem_allocated: 13654 MB
[2025/11/14 13:48:26] ppocr INFO: epoch: [5/20], global_step: 4690, lr: 0.000029, acc: 0.583180, norm_edit_dis: 0.919081, CTCLoss: 5.446220, NRTRLoss: 1.377524, loss: 6.818772, avg_reader_cost: 0.00288 s, avg_batch_cost: 0.61243 s, avg_samples: 85.2, ips: 139.11798 samples/s, eta: 2:59:52, max_mem_reserved: 25002 MB, max_mem_allocated: 13654 MB
[2025/11/14 13:48:32] ppocr INFO: epoch: [5/20], global_step: 4700, lr: 0.000029, acc: 0.538143, norm_edit_dis: 0.902426, CTCLoss: 5.816713, NRTRLoss: 1.390759, loss: 7.211055, avg_reader_cost: 0.00293 s, avg_batch_cost: 0.63250 s, avg_samples: 91.7, ips: 144.97949 samples/s, eta: 2:59:46, max_mem_reserved: 25002 MB, max_mem_allocated: 13654 MB
[2025/11/14 13:49:05] ppocr INFO: cur metric, acc: 0.6346999993653, norm_edit_dis: 0.9349827793029385, fps: 657.1199726367125
[2025/11/14 13:49:08] ppocr INFO: save best model is to ./output/best_accuracy
[2025/11/14 13:49:08] ppocr INFO: best metric, acc: 0.6346999993653, is_float16: False, norm_edit_dis: 0.9349827793029385, fps: 657.1199726367125, best_epoch: 5
[2025/11/14 13:49:14] ppocr INFO: epoch: [5/20], global_step: 4710, lr: 0.000029, acc: 0.523437, norm_edit_dis: 0.900289, CTCLoss: 5.972638, NRTRLoss: 1.396885, loss: 7.372083, avg_reader_cost: 0.00348 s, avg_batch_cost: 0.62301 s, avg_samples: 89.5, ips: 143.65839 samples/s, eta: 2:59:39, max_mem_reserved: 25002 MB, max_mem_allocated: 13654 MB
[2025/11/14 13:49:20] ppocr INFO: epoch: [5/20], global_step: 4720, lr: 0.000029, acc: 0.570588, norm_edit_dis: 0.915469, CTCLoss: 5.155711, NRTRLoss: 1.381344, loss: 6.535218, avg_reader_cost: 0.00318 s, avg_batch_cost: 0.62893 s, avg_samples: 95.8, ips: 152.32207 samples/s, eta: 2:59:33, max_mem_reserved: 25002 MB, max_mem_allocated: 13654 MB
[2025/11/14 13:49:26] ppocr INFO: epoch: [5/20], global_step: 4730, lr: 0.000029, acc: 0.585937, norm_edit_dis: 0.917391, CTCLoss: 4.758784, NRTRLoss: 1.370437, loss: 6.132237, avg_reader_cost: 0.00288 s, avg_batch_cost: 0.61953 s, avg_samples: 81.0, ips: 130.74384 samples/s, eta: 2:59:26, max_mem_reserved: 25002 MB, max_mem_allocated: 13654 MB
[2025/11/14 13:49:33] ppocr INFO: epoch: [5/20], global_step: 4740, lr: 0.000029, acc: 0.585937, norm_edit_dis: 0.924750, CTCLoss: 4.738120, NRTRLoss: 1.373694, loss: 6.102605, avg_reader_cost: 0.00291 s, avg_batch_cost: 0.64253 s, avg_samples: 95.9, ips: 149.25287 samples/s, eta: 2:59:20, max_mem_reserved: 25002 MB, max_mem_allocated: 13654 MB
[2025/11/14 13:49:39] ppocr INFO: epoch: [5/20], global_step: 4750, lr: 0.000029, acc: 0.582353, norm_edit_dis: 0.918991, CTCLoss: 5.003530, NRTRLoss: 1.383900, loss: 6.359114, avg_reader_cost: 0.00289 s, avg_batch_cost: 0.62107 s, avg_samples: 91.6, ips: 147.48857 samples/s, eta: 2:59:13, max_mem_reserved: 25002 MB, max_mem_allocated: 13654 MB
[2025/11/14 13:49:45] ppocr INFO: epoch: [5/20], global_step: 4760, lr: 0.000029, acc: 0.547059, norm_edit_dis: 0.913589, CTCLoss: 6.266933, NRTRLoss: 1.388571, loss: 7.625817, avg_reader_cost: 0.00290 s, avg_batch_cost: 0.61892 s, avg_samples: 95.8, ips: 154.78573 samples/s, eta: 2:59:06, max_mem_reserved: 25002 MB, max_mem_allocated: 13654 MB
[2025/11/14 13:49:51] ppocr INFO: epoch: [5/20], global_step: 4770, lr: 0.000029, acc: 0.535294, norm_edit_dis: 0.912749, CTCLoss: 5.948832, NRTRLoss: 1.383077, loss: 7.325914, avg_reader_cost: 0.00294 s, avg_batch_cost: 0.62624 s, avg_samples: 91.5, ips: 146.10996 samples/s, eta: 2:59:00, max_mem_reserved: 25002 MB, max_mem_allocated: 13654 MB
[2025/11/14 13:49:57] ppocr INFO: epoch: [5/20], global_step: 4780, lr: 0.000029, acc: 0.557721, norm_edit_dis: 0.918710, CTCLoss: 5.262225, NRTRLoss: 1.368449, loss: 6.652934, avg_reader_cost: 0.00290 s, avg_batch_cost: 0.56567 s, avg_samples: 72.4, ips: 127.98921 samples/s, eta: 2:58:51, max_mem_reserved: 25002 MB, max_mem_allocated: 13654 MB
[2025/11/14 13:50:03] ppocr INFO: epoch: [5/20], global_step: 4790, lr: 0.000029, acc: 0.557721, norm_edit_dis: 0.921301, CTCLoss: 5.622143, NRTRLoss: 1.365579, loss: 6.967826, avg_reader_cost: 0.00291 s, avg_batch_cost: 0.60311 s, avg_samples: 89.5, ips: 148.39693 samples/s, eta: 2:58:44, max_mem_reserved: 25002 MB, max_mem_allocated: 13654 MB
[2025/11/14 13:50:10] ppocr INFO: epoch: [5/20], global_step: 4800, lr: 0.000029, acc: 0.536213, norm_edit_dis: 0.904785, CTCLoss: 6.622900, NRTRLoss: 1.385272, loss: 7.997200, avg_reader_cost: 0.00294 s, avg_batch_cost: 0.65048 s, avg_samples: 102.4, ips: 157.42104 samples/s, eta: 2:58:38, max_mem_reserved: 25002 MB, max_mem_allocated: 13654 MB
[2025/11/14 13:50:41] ppocr INFO: cur metric, acc: 0.6296999993703, norm_edit_dis: 0.9320522039773097, fps: 687.0775277046716
[2025/11/14 13:50:41] ppocr INFO: best metric, acc: 0.6346999993653, is_float16: False, norm_edit_dis: 0.9349827793029385, fps: 657.1199726367125, best_epoch: 5
[2025/11/14 13:50:48] ppocr INFO: epoch: [5/20], global_step: 4810, lr: 0.000029, acc: 0.371094, norm_edit_dis: 0.824065, CTCLoss: 9.872026, NRTRLoss: 1.420864, loss: 11.305593, avg_reader_cost: 0.00294 s, avg_batch_cost: 0.67126 s, avg_samples: 102.3, ips: 152.39964 samples/s, eta: 2:58:33, max_mem_reserved: 25002 MB, max_mem_allocated: 13654 MB
[2025/11/14 13:50:55] ppocr INFO: epoch: [5/20], global_step: 4820, lr: 0.000029, acc: 0.452206, norm_edit_dis: 0.863191, CTCLoss: 8.517760, NRTRLoss: 1.398363, loss: 9.947080, avg_reader_cost: 0.00295 s, avg_batch_cost: 0.67111 s, avg_samples: 96.0, ips: 143.04612 samples/s, eta: 2:58:28, max_mem_reserved: 25002 MB, max_mem_allocated: 13654 MB
[2025/11/14 13:51:01] ppocr INFO: epoch: [5/20], global_step: 4830, lr: 0.000029, acc: 0.507812, norm_edit_dis: 0.900448, CTCLoss: 6.401171, NRTRLoss: 1.397136, loss: 7.798307, avg_reader_cost: 0.00282 s, avg_batch_cost: 0.64195 s, avg_samples: 93.8, ips: 146.11812 samples/s, eta: 2:58:22, max_mem_reserved: 25002 MB, max_mem_allocated: 13654 MB
[2025/11/14 13:51:07] ppocr INFO: epoch: [5/20], global_step: 4840, lr: 0.000029, acc: 0.557721, norm_edit_dis: 0.905891, CTCLoss: 5.297502, NRTRLoss: 1.397136, loss: 6.697595, avg_reader_cost: 0.00282 s, avg_batch_cost: 0.62815 s, avg_samples: 91.7, ips: 145.98448 samples/s, eta: 2:58:15, max_mem_reserved: 25002 MB, max_mem_allocated: 13654 MB
[2025/11/14 13:51:14] ppocr INFO: epoch: [5/20], global_step: 4850, lr: 0.000029, acc: 0.482353, norm_edit_dis: 0.889027, CTCLoss: 6.546412, NRTRLoss: 1.405602, loss: 7.948506, avg_reader_cost: 0.00290 s, avg_batch_cost: 0.66310 s, avg_samples: 100.2, ips: 151.10862 samples/s, eta: 2:58:10, max_mem_reserved: 25002 MB, max_mem_allocated: 13654 MB
[2025/11/14 13:51:20] ppocr INFO: epoch: [5/20], global_step: 4860, lr: 0.000029, acc: 0.535294, norm_edit_dis: 0.894357, CTCLoss: 6.348259, NRTRLoss: 1.403001, loss: 7.731473, avg_reader_cost: 0.00289 s, avg_batch_cost: 0.63368 s, avg_samples: 91.6, ips: 144.55166 samples/s, eta: 2:58:04, max_mem_reserved: 25002 MB, max_mem_allocated: 13654 MB
[2025/11/14 13:51:26] ppocr INFO: epoch: [5/20], global_step: 4870, lr: 0.000029, acc: 0.564706, norm_edit_dis: 0.910802, CTCLoss: 5.928871, NRTRLoss: 1.374866, loss: 7.332336, avg_reader_cost: 0.00289 s, avg_batch_cost: 0.57581 s, avg_samples: 80.9, ips: 140.49684 samples/s, eta: 2:57:55, max_mem_reserved: 25002 MB, max_mem_allocated: 13654 MB
[2025/11/14 13:51:33] ppocr INFO: epoch: [5/20], global_step: 4880, lr: 0.000029, acc: 0.571415, norm_edit_dis: 0.910051, CTCLoss: 5.285039, NRTRLoss: 1.376776, loss: 6.662120, avg_reader_cost: 0.00288 s, avg_batch_cost: 0.65656 s, avg_samples: 100.1, ips: 152.46030 samples/s, eta: 2:57:50, max_mem_reserved: 25002 MB, max_mem_allocated: 13654 MB
[2025/11/14 13:51:39] ppocr INFO: epoch: [5/20], global_step: 4890, lr: 0.000029, acc: 0.576471, norm_edit_dis: 0.913313, CTCLoss: 4.897369, NRTRLoss: 1.384095, loss: 6.282544, avg_reader_cost: 0.00288 s, avg_batch_cost: 0.62237 s, avg_samples: 89.4, ips: 143.64398 samples/s, eta: 2:57:43, max_mem_reserved: 25002 MB, max_mem_allocated: 13654 MB
[2025/11/14 13:51:45] ppocr INFO: epoch: [5/20], global_step: 4900, lr: 0.000029, acc: 0.562500, norm_edit_dis: 0.918622, CTCLoss: 5.669616, NRTRLoss: 1.379874, loss: 7.056825, avg_reader_cost: 0.00288 s, avg_batch_cost: 0.61885 s, avg_samples: 78.9, ips: 127.49436 samples/s, eta: 2:57:36, max_mem_reserved: 25002 MB, max_mem_allocated: 13654 MB
[2025/11/14 13:52:18] ppocr INFO: cur metric, acc: 0.6557999993442, norm_edit_dis: 0.9382446324613051, fps: 669.9745313121866
[2025/11/14 13:52:20] ppocr INFO: save best model is to ./output/best_accuracy
[2025/11/14 13:52:20] ppocr INFO: best metric, acc: 0.6557999993442, is_float16: False, norm_edit_dis: 0.9382446324613051, fps: 669.9745313121866, best_epoch: 5
[2025/11/14 13:52:27] ppocr INFO: epoch: [5/20], global_step: 4910, lr: 0.000029, acc: 0.562500, norm_edit_dis: 0.914997, CTCLoss: 5.828761, NRTRLoss: 1.377677, loss: 7.210455, avg_reader_cost: 0.00298 s, avg_batch_cost: 0.65303 s, avg_samples: 89.5, ips: 137.05393 samples/s, eta: 2:57:30, max_mem_reserved: 25002 MB, max_mem_allocated: 13654 MB
[2025/11/14 13:52:33] ppocr INFO: epoch: [5/20], global_step: 4920, lr: 0.000029, acc: 0.562500, norm_edit_dis: 0.913079, CTCLoss: 5.878251, NRTRLoss: 1.384376, loss: 7.250124, avg_reader_cost: 0.00327 s, avg_batch_cost: 0.62761 s, avg_samples: 95.9, ips: 152.80098 samples/s, eta: 2:57:24, max_mem_reserved: 25002 MB, max_mem_allocated: 13654 MB
[2025/11/14 13:52:39] ppocr INFO: epoch: [5/20], global_step: 4930, lr: 0.000029, acc: 0.557721, norm_edit_dis: 0.914688, CTCLoss: 5.213180, NRTRLoss: 1.374634, loss: 6.579961, avg_reader_cost: 0.00360 s, avg_batch_cost: 0.64147 s, avg_samples: 91.6, ips: 142.79673 samples/s, eta: 2:57:18, max_mem_reserved: 25002 MB, max_mem_allocated: 13654 MB
[2025/11/14 13:52:45] ppocr INFO: epoch: [5/20], global_step: 4940, lr: 0.000029, acc: 0.577298, norm_edit_dis: 0.920775, CTCLoss: 4.938967, NRTRLoss: 1.372934, loss: 6.301176, avg_reader_cost: 0.00287 s, avg_batch_cost: 0.55748 s, avg_samples: 72.4, ips: 129.86960 samples/s, eta: 2:57:09, max_mem_reserved: 25002 MB, max_mem_allocated: 13654 MB
[2025/11/14 13:52:51] ppocr INFO: epoch: [5/20], global_step: 4950, lr: 0.000029, acc: 0.588235, norm_edit_dis: 0.921732, CTCLoss: 5.399611, NRTRLoss: 1.375906, loss: 6.776172, avg_reader_cost: 0.00293 s, avg_batch_cost: 0.57506 s, avg_samples: 76.7, ips: 133.37704 samples/s, eta: 2:57:01, max_mem_reserved: 25002 MB, max_mem_allocated: 13654 MB
[2025/11/14 13:52:57] ppocr INFO: epoch: [5/20], global_step: 4960, lr: 0.000029, acc: 0.590993, norm_edit_dis: 0.915096, CTCLoss: 5.777985, NRTRLoss: 1.381645, loss: 7.143871, avg_reader_cost: 0.00289 s, avg_batch_cost: 0.62845 s, avg_samples: 87.4, ips: 139.07218 samples/s, eta: 2:56:54, max_mem_reserved: 25002 MB, max_mem_allocated: 13654 MB
[2025/11/14 13:53:03] ppocr INFO: epoch: [5/20], global_step: 4970, lr: 0.000029, acc: 0.578125, norm_edit_dis: 0.914422, CTCLoss: 5.664328, NRTRLoss: 1.412123, loss: 7.111701, avg_reader_cost: 0.00291 s, avg_batch_cost: 0.61061 s, avg_samples: 91.7, ips: 150.17673 samples/s, eta: 2:56:47, max_mem_reserved: 25002 MB, max_mem_allocated: 13654 MB
[2025/11/14 13:53:09] ppocr INFO: epoch: [5/20], global_step: 4980, lr: 0.000029, acc: 0.583180, norm_edit_dis: 0.914808, CTCLoss: 4.860695, NRTRLoss: 1.374934, loss: 6.246945, avg_reader_cost: 0.00289 s, avg_batch_cost: 0.61676 s, avg_samples: 83.0, ips: 134.57458 samples/s, eta: 2:56:40, max_mem_reserved: 25002 MB, max_mem_allocated: 13654 MB
[2025/11/14 13:53:16] ppocr INFO: epoch: [5/20], global_step: 4990, lr: 0.000029, acc: 0.605882, norm_edit_dis: 0.914081, CTCLoss: 5.052172, NRTRLoss: 1.370905, loss: 6.421557, avg_reader_cost: 0.00295 s, avg_batch_cost: 0.64004 s, avg_samples: 93.7, ips: 146.39818 samples/s, eta: 2:56:34, max_mem_reserved: 25002 MB, max_mem_allocated: 13654 MB
[2025/11/14 13:53:22] ppocr INFO: epoch: [5/20], global_step: 5000, lr: 0.000029, acc: 0.602757, norm_edit_dis: 0.915846, CTCLoss: 5.936503, NRTRLoss: 1.386492, loss: 7.348234, avg_reader_cost: 0.00292 s, avg_batch_cost: 0.63429 s, avg_samples: 89.5, ips: 141.10357 samples/s, eta: 2:56:28, max_mem_reserved: 25002 MB, max_mem_allocated: 13654 MB
[2025/11/14 13:53:54] ppocr INFO: cur metric, acc: 0.6595999993404, norm_edit_dis: 0.9400904319491591, fps: 680.3925233168818
[2025/11/14 13:53:57] ppocr INFO: save best model is to ./output/best_accuracy
[2025/11/14 13:53:57] ppocr INFO: best metric, acc: 0.6595999993404, is_float16: False, norm_edit_dis: 0.9400904319491591, fps: 680.3925233168818, best_epoch: 5
[2025/11/14 13:54:04] ppocr INFO: epoch: [5/20], global_step: 5010, lr: 0.000029, acc: 0.588235, norm_edit_dis: 0.915798, CTCLoss: 5.848035, NRTRLoss: 1.386492, loss: 7.244689, avg_reader_cost: 0.00300 s, avg_batch_cost: 0.64908 s, avg_samples: 93.8, ips: 144.51171 samples/s, eta: 2:56:22, max_mem_reserved: 25002 MB, max_mem_allocated: 13654 MB
[2025/11/14 13:54:10] ppocr INFO: epoch: [5/20], global_step: 5020, lr: 0.000029, acc: 0.517647, norm_edit_dis: 0.905553, CTCLoss: 5.647458, NRTRLoss: 1.379764, loss: 7.022363, avg_reader_cost: 0.00291 s, avg_batch_cost: 0.64463 s, avg_samples: 98.0, ips: 152.02550 samples/s, eta: 2:56:16, max_mem_reserved: 25002 MB, max_mem_allocated: 13654 MB
[2025/11/14 13:54:16] ppocr INFO: epoch: [5/20], global_step: 5030, lr: 0.000029, acc: 0.555790, norm_edit_dis: 0.905166, CTCLoss: 4.838840, NRTRLoss: 1.374549, loss: 6.200346, avg_reader_cost: 0.00292 s, avg_batch_cost: 0.58293 s, avg_samples: 83.1, ips: 142.55689 samples/s, eta: 2:56:08, max_mem_reserved: 25002 MB, max_mem_allocated: 13654 MB
[2025/11/14 13:54:22] ppocr INFO: epoch: [5/20], global_step: 5040, lr: 0.000029, acc: 0.596875, norm_edit_dis: 0.921257, CTCLoss: 4.948448, NRTRLoss: 1.375431, loss: 6.323879, avg_reader_cost: 0.00327 s, avg_batch_cost: 0.63212 s, avg_samples: 87.3, ips: 138.10607 samples/s, eta: 2:56:02, max_mem_reserved: 25002 MB, max_mem_allocated: 13654 MB
[2025/11/14 13:54:29] ppocr INFO: epoch: [5/20], global_step: 5050, lr: 0.000029, acc: 0.596875, norm_edit_dis: 0.922077, CTCLoss: 5.549649, NRTRLoss: 1.379046, loss: 6.938220, avg_reader_cost: 0.00292 s, avg_batch_cost: 0.64210 s, avg_samples: 87.3, ips: 135.96059 samples/s, eta: 2:55:56, max_mem_reserved: 25002 MB, max_mem_allocated: 13654 MB
[2025/11/14 13:54:35] ppocr INFO: epoch: [5/20], global_step: 5060, lr: 0.000029, acc: 0.577298, norm_edit_dis: 0.915076, CTCLoss: 4.828537, NRTRLoss: 1.380721, loss: 6.199755, avg_reader_cost: 0.00296 s, avg_batch_cost: 0.61400 s, avg_samples: 80.9, ips: 131.75849 samples/s, eta: 2:55:49, max_mem_reserved: 25002 MB, max_mem_allocated: 13654 MB
[2025/11/14 13:54:41] ppocr INFO: epoch: [5/20], global_step: 5070, lr: 0.000029, acc: 0.564706, norm_edit_dis: 0.910875, CTCLoss: 5.516831, NRTRLoss: 1.391777, loss: 6.904199, avg_reader_cost: 0.00295 s, avg_batch_cost: 0.62946 s, avg_samples: 98.0, ips: 155.68969 samples/s, eta: 2:55:42, max_mem_reserved: 25002 MB, max_mem_allocated: 13654 MB
[2025/11/14 13:54:47] ppocr INFO: epoch: [5/20], global_step: 5080, lr: 0.000029, acc: 0.523437, norm_edit_dis: 0.901717, CTCLoss: 5.700204, NRTRLoss: 1.397937, loss: 7.085911, avg_reader_cost: 0.00328 s, avg_batch_cost: 0.63663 s, avg_samples: 93.8, ips: 147.33939 samples/s, eta: 2:55:36, max_mem_reserved: 25002 MB, max_mem_allocated: 13654 MB
[2025/11/14 13:54:54] ppocr INFO: epoch: [5/20], global_step: 5090, lr: 0.000029, acc: 0.536213, norm_edit_dis: 0.910042, CTCLoss: 5.547100, NRTRLoss: 1.390077, loss: 6.928837, avg_reader_cost: 0.00296 s, avg_batch_cost: 0.63650 s, avg_samples: 95.9, ips: 150.66688 samples/s, eta: 2:55:30, max_mem_reserved: 25002 MB, max_mem_allocated: 13654 MB
[2025/11/14 13:55:00] ppocr INFO: epoch: [5/20], global_step: 5100, lr: 0.000029, acc: 0.551930, norm_edit_dis: 0.919547, CTCLoss: 5.034553, NRTRLoss: 1.389139, loss: 6.413858, avg_reader_cost: 0.00290 s, avg_batch_cost: 0.65000 s, avg_samples: 98.1, ips: 150.92333 samples/s, eta: 2:55:24, max_mem_reserved: 25002 MB, max_mem_allocated: 13654 MB
[2025/11/14 13:55:33] ppocr INFO: cur metric, acc: 0.6558999993441, norm_edit_dis: 0.9402899633980568, fps: 675.7240311727536
[2025/11/14 13:55:33] ppocr INFO: best metric, acc: 0.6595999993404, is_float16: False, norm_edit_dis: 0.9400904319491591, fps: 680.3925233168818, best_epoch: 5
[2025/11/14 13:55:39] ppocr INFO: epoch: [5/20], global_step: 5110, lr: 0.000029, acc: 0.522518, norm_edit_dis: 0.907986, CTCLoss: 5.482036, NRTRLoss: 1.398656, loss: 6.869429, avg_reader_cost: 0.00297 s, avg_batch_cost: 0.61989 s, avg_samples: 91.6, ips: 147.76822 samples/s, eta: 2:55:17, max_mem_reserved: 25002 MB, max_mem_allocated: 13654 MB
[2025/11/14 13:55:45] ppocr INFO: epoch: [5/20], global_step: 5120, lr: 0.000029, acc: 0.583180, norm_edit_dis: 0.921672, CTCLoss: 5.073681, NRTRLoss: 1.381485, loss: 6.464939, avg_reader_cost: 0.00299 s, avg_batch_cost: 0.57629 s, avg_samples: 74.5, ips: 129.27617 samples/s, eta: 2:55:09, max_mem_reserved: 25002 MB, max_mem_allocated: 13654 MB
[2025/11/14 13:55:52] ppocr INFO: epoch: [5/20], global_step: 5130, lr: 0.000029, acc: 0.625000, norm_edit_dis: 0.922044, CTCLoss: 5.027799, NRTRLoss: 1.373868, loss: 6.386178, avg_reader_cost: 0.00300 s, avg_batch_cost: 0.67517 s, avg_samples: 95.9, ips: 142.03925 samples/s, eta: 2:55:04, max_mem_reserved: 25002 MB, max_mem_allocated: 13654 MB
[2025/11/14 13:55:58] ppocr INFO: epoch: [5/20], global_step: 5140, lr: 0.000029, acc: 0.604687, norm_edit_dis: 0.919277, CTCLoss: 4.763637, NRTRLoss: 1.371639, loss: 6.130592, avg_reader_cost: 0.00297 s, avg_batch_cost: 0.62431 s, avg_samples: 89.4, ips: 143.19870 samples/s, eta: 2:54:57, max_mem_reserved: 25002 MB, max_mem_allocated: 13654 MB
[2025/11/14 13:56:05] ppocr INFO: epoch: [5/20], global_step: 5150, lr: 0.000029, acc: 0.558823, norm_edit_dis: 0.907574, CTCLoss: 6.454745, NRTRLoss: 1.391466, loss: 7.837773, avg_reader_cost: 0.00295 s, avg_batch_cost: 0.67244 s, avg_samples: 113.0, ips: 168.04352 samples/s, eta: 2:54:52, max_mem_reserved: 25002 MB, max_mem_allocated: 13654 MB
[2025/11/14 13:56:10] ppocr INFO: epoch: [5/20], global_step: 5160, lr: 0.000029, acc: 0.549908, norm_edit_dis: 0.914571, CTCLoss: 6.205082, NRTRLoss: 1.379617, loss: 7.585330, avg_reader_cost: 0.00300 s, avg_batch_cost: 0.56617 s, avg_samples: 76.6, ips: 135.29465 samples/s, eta: 2:54:44, max_mem_reserved: 25002 MB, max_mem_allocated: 13654 MB
[2025/11/14 13:56:17] ppocr INFO: epoch: [5/20], global_step: 5170, lr: 0.000029, acc: 0.570312, norm_edit_dis: 0.917979, CTCLoss: 5.583815, NRTRLoss: 1.373766, loss: 6.946484, avg_reader_cost: 0.00294 s, avg_batch_cost: 0.65047 s, avg_samples: 106.6, ips: 163.88156 samples/s, eta: 2:54:38, max_mem_reserved: 25002 MB, max_mem_allocated: 13654 MB
[2025/11/14 13:56:23] ppocr INFO: epoch: [5/20], global_step: 5180, lr: 0.000029, acc: 0.578125, norm_edit_dis: 0.912422, CTCLoss: 6.066908, NRTRLoss: 1.381623, loss: 7.437025, avg_reader_cost: 0.00293 s, avg_batch_cost: 0.62137 s, avg_samples: 89.5, ips: 144.03623 samples/s, eta: 2:54:31, max_mem_reserved: 25002 MB, max_mem_allocated: 13654 MB
[2025/11/14 13:56:29] ppocr INFO: epoch: [5/20], global_step: 5190, lr: 0.000029, acc: 0.577298, norm_edit_dis: 0.917404, CTCLoss: 5.348328, NRTRLoss: 1.372428, loss: 6.741156, avg_reader_cost: 0.00342 s, avg_batch_cost: 0.63396 s, avg_samples: 95.9, ips: 151.27081 samples/s, eta: 2:54:25, max_mem_reserved: 25002 MB, max_mem_allocated: 13654 MB
[2025/11/14 13:56:36] ppocr INFO: epoch: [5/20], global_step: 5200, lr: 0.000029, acc: 0.553860, norm_edit_dis: 0.915132, CTCLoss: 5.393749, NRTRLoss: 1.378342, loss: 6.777940, avg_reader_cost: 0.00295 s, avg_batch_cost: 0.63747 s, avg_samples: 89.5, ips: 140.39840 samples/s, eta: 2:54:19, max_mem_reserved: 25002 MB, max_mem_allocated: 13654 MB
[2025/11/14 13:57:08] ppocr INFO: cur metric, acc: 0.6677999993322, norm_edit_dis: 0.9401444666182655, fps: 674.1354626369339
[2025/11/14 13:57:11] ppocr INFO: save best model is to ./output/best_accuracy
[2025/11/14 13:57:11] ppocr INFO: best metric, acc: 0.6677999993322, is_float16: False, norm_edit_dis: 0.9401444666182655, fps: 674.1354626369339, best_epoch: 5
[2025/11/14 13:57:17] ppocr INFO: epoch: [5/20], global_step: 5210, lr: 0.000029, acc: 0.585937, norm_edit_dis: 0.922437, CTCLoss: 4.926087, NRTRLoss: 1.374647, loss: 6.300519, avg_reader_cost: 0.00300 s, avg_batch_cost: 0.62512 s, avg_samples: 95.8, ips: 153.25013 samples/s, eta: 2:54:12, max_mem_reserved: 25002 MB, max_mem_allocated: 13654 MB
[2025/11/14 13:57:24] ppocr INFO: epoch: [5/20], global_step: 5220, lr: 0.000029, acc: 0.557721, norm_edit_dis: 0.922437, CTCLoss: 5.217139, NRTRLoss: 1.376765, loss: 6.578673, avg_reader_cost: 0.00289 s, avg_batch_cost: 0.64972 s, avg_samples: 104.5, ips: 160.83793 samples/s, eta: 2:54:06, max_mem_reserved: 25002 MB, max_mem_allocated: 13654 MB
[2025/11/14 13:57:30] ppocr INFO: epoch: [5/20], global_step: 5230, lr: 0.000029, acc: 0.410156, norm_edit_dis: 0.859156, CTCLoss: 8.817557, NRTRLoss: 1.406606, loss: 10.224164, avg_reader_cost: 0.00292 s, avg_batch_cost: 0.63659 s, avg_samples: 98.1, ips: 154.10335 samples/s, eta: 2:54:00, max_mem_reserved: 25002 MB, max_mem_allocated: 13654 MB
[2025/11/14 13:57:37] ppocr INFO: epoch: [5/20], global_step: 5240, lr: 0.000029, acc: 0.496094, norm_edit_dis: 0.876373, CTCLoss: 7.264007, NRTRLoss: 1.399865, loss: 8.642678, avg_reader_cost: 0.00290 s, avg_batch_cost: 0.65738 s, avg_samples: 102.3, ips: 155.61787 samples/s, eta: 2:53:55, max_mem_reserved: 25002 MB, max_mem_allocated: 13654 MB
[2025/11/14 13:57:43] ppocr INFO: epoch: [5/20], global_step: 5250, lr: 0.000029, acc: 0.552941, norm_edit_dis: 0.898963, CTCLoss: 6.753079, NRTRLoss: 1.393774, loss: 8.123724, avg_reader_cost: 0.00291 s, avg_batch_cost: 0.64795 s, avg_samples: 95.9, ips: 148.00428 samples/s, eta: 2:53:49, max_mem_reserved: 25002 MB, max_mem_allocated: 13654 MB
[2025/11/14 13:57:50] ppocr INFO: epoch: [5/20], global_step: 5260, lr: 0.000029, acc: 0.559651, norm_edit_dis: 0.916038, CTCLoss: 5.683051, NRTRLoss: 1.384298, loss: 7.070060, avg_reader_cost: 0.00286 s, avg_batch_cost: 0.63765 s, avg_samples: 95.9, ips: 150.39489 samples/s, eta: 2:53:43, max_mem_reserved: 25002 MB, max_mem_allocated: 13654 MB
[2025/11/14 13:57:56] ppocr INFO: epoch: [5/20], global_step: 5270, lr: 0.000029, acc: 0.593750, norm_edit_dis: 0.917466, CTCLoss: 4.663542, NRTRLoss: 1.376515, loss: 6.022366, avg_reader_cost: 0.00334 s, avg_batch_cost: 0.60787 s, avg_samples: 87.3, ips: 143.61574 samples/s, eta: 2:53:35, max_mem_reserved: 25002 MB, max_mem_allocated: 13654 MB
[2025/11/14 13:58:02] ppocr INFO: epoch: [5/20], global_step: 5280, lr: 0.000029, acc: 0.589062, norm_edit_dis: 0.917794, CTCLoss: 4.621992, NRTRLoss: 1.383166, loss: 5.996721, avg_reader_cost: 0.00287 s, avg_batch_cost: 0.65478 s, avg_samples: 98.0, ips: 149.66948 samples/s, eta: 2:53:30, max_mem_reserved: 25002 MB, max_mem_allocated: 13654 MB
[2025/11/14 13:58:09] ppocr INFO: epoch: [5/20], global_step: 5290, lr: 0.000029, acc: 0.563603, norm_edit_dis: 0.913051, CTCLoss: 5.124164, NRTRLoss: 1.396682, loss: 6.518350, avg_reader_cost: 0.00287 s, avg_batch_cost: 0.62729 s, avg_samples: 89.5, ips: 142.67819 samples/s, eta: 2:53:23, max_mem_reserved: 25002 MB, max_mem_allocated: 13654 MB
[2025/11/14 13:58:15] ppocr INFO: epoch: [5/20], global_step: 5300, lr: 0.000029, acc: 0.594945, norm_edit_dis: 0.920976, CTCLoss: 4.425624, NRTRLoss: 1.378280, loss: 5.795123, avg_reader_cost: 0.00296 s, avg_batch_cost: 0.64247 s, avg_samples: 87.4, ips: 136.03702 samples/s, eta: 2:53:17, max_mem_reserved: 25002 MB, max_mem_allocated: 13654 MB
[2025/11/14 13:58:47] ppocr INFO: cur metric, acc: 0.6770999993229, norm_edit_dis: 0.9428768503035379, fps: 692.7154948349449
[2025/11/14 13:58:49] ppocr INFO: save best model is to ./output/best_accuracy
[2025/11/14 13:58:49] ppocr INFO: best metric, acc: 0.6770999993229, is_float16: False, norm_edit_dis: 0.9428768503035379, fps: 692.7154948349449, best_epoch: 5
[2025/11/14 13:58:55] ppocr INFO: epoch: [5/20], global_step: 5310, lr: 0.000028, acc: 0.593750, norm_edit_dis: 0.917827, CTCLoss: 4.763705, NRTRLoss: 1.381204, loss: 6.144910, avg_reader_cost: 0.00298 s, avg_batch_cost: 0.64250 s, avg_samples: 100.2, ips: 155.95384 samples/s, eta: 2:53:11, max_mem_reserved: 25002 MB, max_mem_allocated: 13654 MB
[2025/11/14 13:59:02] ppocr INFO: epoch: [5/20], global_step: 5320, lr: 0.000028, acc: 0.601562, norm_edit_dis: 0.908718, CTCLoss: 6.009103, NRTRLoss: 1.397848, loss: 7.386837, avg_reader_cost: 0.00291 s, avg_batch_cost: 0.62862 s, avg_samples: 95.9, ips: 152.55522 samples/s, eta: 2:53:05, max_mem_reserved: 25002 MB, max_mem_allocated: 13654 MB
[2025/11/14 13:59:08] ppocr INFO: epoch: [5/20], global_step: 5330, lr: 0.000028, acc: 0.611765, norm_edit_dis: 0.924135, CTCLoss: 4.769993, NRTRLoss: 1.365631, loss: 6.127718, avg_reader_cost: 0.00289 s, avg_batch_cost: 0.58545 s, avg_samples: 78.8, ips: 134.59634 samples/s, eta: 2:52:57, max_mem_reserved: 25002 MB, max_mem_allocated: 13654 MB
[2025/11/14 13:59:14] ppocr INFO: epoch: [5/20], global_step: 5340, lr: 0.000028, acc: 0.600000, norm_edit_dis: 0.924135, CTCLoss: 4.918020, NRTRLoss: 1.387822, loss: 6.286362, avg_reader_cost: 0.00339 s, avg_batch_cost: 0.67066 s, avg_samples: 104.5, ips: 155.81587 samples/s, eta: 2:52:52, max_mem_reserved: 25002 MB, max_mem_allocated: 13654 MB
[2025/11/14 13:59:21] ppocr INFO: epoch: [5/20], global_step: 5350, lr: 0.000028, acc: 0.406250, norm_edit_dis: 0.851883, CTCLoss: 8.253296, NRTRLoss: 1.420090, loss: 9.655240, avg_reader_cost: 0.00293 s, avg_batch_cost: 0.65562 s, avg_samples: 104.5, ips: 159.39204 samples/s, eta: 2:52:46, max_mem_reserved: 25002 MB, max_mem_allocated: 13654 MB
[2025/11/14 13:59:28] ppocr INFO: epoch: [5/20], global_step: 5360, lr: 0.000028, acc: 0.378906, norm_edit_dis: 0.845209, CTCLoss: 8.870893, NRTRLoss: 1.419765, loss: 10.298278, avg_reader_cost: 0.00293 s, avg_batch_cost: 0.66406 s, avg_samples: 110.9, ips: 167.00300 samples/s, eta: 2:52:41, max_mem_reserved: 25002 MB, max_mem_allocated: 13654 MB
[2025/11/14 13:59:34] ppocr INFO: epoch: [5/20], global_step: 5370, lr: 0.000028, acc: 0.484375, norm_edit_dis: 0.878648, CTCLoss: 7.483099, NRTRLoss: 1.386778, loss: 8.891223, avg_reader_cost: 0.00289 s, avg_batch_cost: 0.61442 s, avg_samples: 91.6, ips: 149.08364 samples/s, eta: 2:52:34, max_mem_reserved: 25002 MB, max_mem_allocated: 13654 MB
[2025/11/14 13:59:40] ppocr INFO: epoch: [5/20], global_step: 5380, lr: 0.000028, acc: 0.555790, norm_edit_dis: 0.919373, CTCLoss: 5.000869, NRTRLoss: 1.379810, loss: 6.369713, avg_reader_cost: 0.00290 s, avg_batch_cost: 0.66272 s, avg_samples: 102.3, ips: 154.36462 samples/s, eta: 2:52:28, max_mem_reserved: 25002 MB, max_mem_allocated: 13654 MB
[2025/11/14 13:59:47] ppocr INFO: epoch: [5/20], global_step: 5390, lr: 0.000028, acc: 0.515625, norm_edit_dis: 0.918244, CTCLoss: 5.636773, NRTRLoss: 1.384024, loss: 7.006399, avg_reader_cost: 0.00288 s, avg_batch_cost: 0.64118 s, avg_samples: 98.0, ips: 152.84242 samples/s, eta: 2:52:22, max_mem_reserved: 25002 MB, max_mem_allocated: 13654 MB
[2025/11/14 13:59:53] ppocr INFO: epoch: [5/20], global_step: 5400, lr: 0.000028, acc: 0.492187, norm_edit_dis: 0.885473, CTCLoss: 7.191335, NRTRLoss: 1.406271, loss: 8.607146, avg_reader_cost: 0.00288 s, avg_batch_cost: 0.64782 s, avg_samples: 104.5, ips: 161.31130 samples/s, eta: 2:52:16, max_mem_reserved: 25002 MB, max_mem_allocated: 13654 MB
[2025/11/14 14:00:26] ppocr INFO: cur metric, acc: 0.6442999993557, norm_edit_dis: 0.936360580898946, fps: 679.2475111407384
[2025/11/14 14:00:26] ppocr INFO: best metric, acc: 0.6770999993229, is_float16: False, norm_edit_dis: 0.9428768503035379, fps: 692.7154948349449, best_epoch: 5
[2025/11/14 14:00:32] ppocr INFO: epoch: [5/20], global_step: 5410, lr: 0.000028, acc: 0.571415, norm_edit_dis: 0.919542, CTCLoss: 4.491536, NRTRLoss: 1.392940, loss: 5.875989, avg_reader_cost: 0.00298 s, avg_batch_cost: 0.59176 s, avg_samples: 80.9, ips: 136.71162 samples/s, eta: 2:52:09, max_mem_reserved: 25002 MB, max_mem_allocated: 13654 MB
[2025/11/14 14:00:38] ppocr INFO: epoch: [5/20], global_step: 5420, lr: 0.000028, acc: 0.617647, norm_edit_dis: 0.925286, CTCLoss: 4.101470, NRTRLoss: 1.373398, loss: 5.459327, avg_reader_cost: 0.00291 s, avg_batch_cost: 0.61950 s, avg_samples: 93.7, ips: 151.25081 samples/s, eta: 2:52:02, max_mem_reserved: 25002 MB, max_mem_allocated: 13654 MB
[2025/11/14 14:00:44] ppocr INFO: epoch: [5/20], global_step: 5430, lr: 0.000028, acc: 0.600000, norm_edit_dis: 0.921143, CTCLoss: 4.546949, NRTRLoss: 1.384269, loss: 5.922767, avg_reader_cost: 0.00287 s, avg_batch_cost: 0.61137 s, avg_samples: 89.4, ips: 146.23010 samples/s, eta: 2:51:55, max_mem_reserved: 25002 MB, max_mem_allocated: 13654 MB
[2025/11/14 14:00:46] ppocr INFO: save model in ./output/latest
[2025/11/14 14:00:47] ppocr INFO: save model in ./output/iter_epoch_5
[2025/11/14 14:00:55] ppocr INFO: epoch: [6/20], global_step: 5440, lr: 0.000028, acc: 0.593750, norm_edit_dis: 0.920734, CTCLoss: 4.822894, NRTRLoss: 1.385334, loss: 6.187887, avg_reader_cost: 0.52708 s, avg_batch_cost: 1.14460 s, avg_samples: 95.9, ips: 83.78445 samples/s, eta: 2:52:04, max_mem_reserved: 25002 MB, max_mem_allocated: 13654 MB
[2025/11/14 14:01:02] ppocr INFO: epoch: [6/20], global_step: 5450, lr: 0.000028, acc: 0.596875, norm_edit_dis: 0.918337, CTCLoss: 4.822894, NRTRLoss: 1.380257, loss: 6.187887, avg_reader_cost: 0.00289 s, avg_batch_cost: 0.64169 s, avg_samples: 100.2, ips: 156.14970 samples/s, eta: 2:51:58, max_mem_reserved: 25002 MB, max_mem_allocated: 13654 MB
[2025/11/14 14:01:08] ppocr INFO: epoch: [6/20], global_step: 5460, lr: 0.000028, acc: 0.579228, norm_edit_dis: 0.921114, CTCLoss: 5.016788, NRTRLoss: 1.378353, loss: 6.386055, avg_reader_cost: 0.00295 s, avg_batch_cost: 0.60921 s, avg_samples: 89.5, ips: 146.91061 samples/s, eta: 2:51:51, max_mem_reserved: 25002 MB, max_mem_allocated: 13654 MB
[2025/11/14 14:01:14] ppocr INFO: epoch: [6/20], global_step: 5470, lr: 0.000028, acc: 0.579228, norm_edit_dis: 0.914589, CTCLoss: 5.223490, NRTRLoss: 1.378386, loss: 6.580767, avg_reader_cost: 0.00290 s, avg_batch_cost: 0.63646 s, avg_samples: 102.3, ips: 160.73323 samples/s, eta: 2:51:44, max_mem_reserved: 25002 MB, max_mem_allocated: 13654 MB
[2025/11/14 14:01:20] ppocr INFO: epoch: [6/20], global_step: 5480, lr: 0.000028, acc: 0.610570, norm_edit_dis: 0.924565, CTCLoss: 4.352346, NRTRLoss: 1.366687, loss: 5.700168, avg_reader_cost: 0.00287 s, avg_batch_cost: 0.58483 s, avg_samples: 76.7, ips: 131.14882 samples/s, eta: 2:51:37, max_mem_reserved: 25002 MB, max_mem_allocated: 13654 MB
[2025/11/14 14:01:27] ppocr INFO: epoch: [6/20], global_step: 5490, lr: 0.000028, acc: 0.589062, norm_edit_dis: 0.925926, CTCLoss: 4.388134, NRTRLoss: 1.363557, loss: 5.745844, avg_reader_cost: 0.00286 s, avg_batch_cost: 0.65109 s, avg_samples: 102.3, ips: 157.12088 samples/s, eta: 2:51:31, max_mem_reserved: 25002 MB, max_mem_allocated: 13654 MB
[2025/11/14 14:01:33] ppocr INFO: epoch: [6/20], global_step: 5500, lr: 0.000028, acc: 0.583180, norm_edit_dis: 0.912514, CTCLoss: 5.215302, NRTRLoss: 1.381864, loss: 6.608288, avg_reader_cost: 0.00294 s, avg_batch_cost: 0.63908 s, avg_samples: 91.5, ips: 143.17412 samples/s, eta: 2:51:25, max_mem_reserved: 25002 MB, max_mem_allocated: 13654 MB
[2025/11/14 14:02:06] ppocr INFO: cur metric, acc: 0.6781999993218, norm_edit_dis: 0.9424990727499206, fps: 664.2932179833915
[2025/11/14 14:02:09] ppocr INFO: save best model is to ./output/best_accuracy
[2025/11/14 14:02:09] ppocr INFO: best metric, acc: 0.6781999993218, is_float16: False, norm_edit_dis: 0.9424990727499206, fps: 664.2932179833915, best_epoch: 6
[2025/11/14 14:02:15] ppocr INFO: epoch: [6/20], global_step: 5510, lr: 0.000028, acc: 0.588235, norm_edit_dis: 0.918098, CTCLoss: 4.771126, NRTRLoss: 1.381577, loss: 6.144600, avg_reader_cost: 0.00347 s, avg_batch_cost: 0.62918 s, avg_samples: 100.1, ips: 159.09483 samples/s, eta: 2:51:18, max_mem_reserved: 25002 MB, max_mem_allocated: 13654 MB
[2025/11/14 14:02:22] ppocr INFO: epoch: [6/20], global_step: 5520, lr: 0.000028, acc: 0.417969, norm_edit_dis: 0.868889, CTCLoss: 7.720946, NRTRLoss: 1.405179, loss: 9.119067, avg_reader_cost: 0.00285 s, avg_batch_cost: 0.66957 s, avg_samples: 108.8, ips: 162.49349 samples/s, eta: 2:51:13, max_mem_reserved: 25002 MB, max_mem_allocated: 13654 MB
[2025/11/14 14:02:28] ppocr INFO: epoch: [6/20], global_step: 5530, lr: 0.000028, acc: 0.479550, norm_edit_dis: 0.891682, CTCLoss: 6.038017, NRTRLoss: 1.387707, loss: 7.424545, avg_reader_cost: 0.00290 s, avg_batch_cost: 0.61909 s, avg_samples: 87.4, ips: 141.17398 samples/s, eta: 2:51:06, max_mem_reserved: 25002 MB, max_mem_allocated: 13654 MB
[2025/11/14 14:02:34] ppocr INFO: epoch: [6/20], global_step: 5540, lr: 0.000028, acc: 0.561673, norm_edit_dis: 0.920284, CTCLoss: 4.696402, NRTRLoss: 1.371728, loss: 6.058343, avg_reader_cost: 0.00290 s, avg_batch_cost: 0.64638 s, avg_samples: 95.8, ips: 148.20987 samples/s, eta: 2:51:00, max_mem_reserved: 25002 MB, max_mem_allocated: 13654 MB
[2025/11/14 14:02:41] ppocr INFO: epoch: [6/20], global_step: 5550, lr: 0.000028, acc: 0.629412, norm_edit_dis: 0.932195, CTCLoss: 4.099517, NRTRLoss: 1.359502, loss: 5.449179, avg_reader_cost: 0.00283 s, avg_batch_cost: 0.61338 s, avg_samples: 76.6, ips: 124.88240 samples/s, eta: 2:50:53, max_mem_reserved: 25002 MB, max_mem_allocated: 13654 MB
[2025/11/14 14:02:47] ppocr INFO: epoch: [6/20], global_step: 5560, lr: 0.000028, acc: 0.645772, norm_edit_dis: 0.934057, CTCLoss: 4.053517, NRTRLoss: 1.356953, loss: 5.408630, avg_reader_cost: 0.00285 s, avg_batch_cost: 0.59983 s, avg_samples: 85.2, ips: 142.03936 samples/s, eta: 2:50:46, max_mem_reserved: 25002 MB, max_mem_allocated: 13654 MB
[2025/11/14 14:02:53] ppocr INFO: epoch: [6/20], global_step: 5570, lr: 0.000028, acc: 0.625000, norm_edit_dis: 0.931797, CTCLoss: 5.335314, NRTRLoss: 1.358530, loss: 6.695594, avg_reader_cost: 0.00293 s, avg_batch_cost: 0.64249 s, avg_samples: 91.7, ips: 142.72517 samples/s, eta: 2:50:40, max_mem_reserved: 25002 MB, max_mem_allocated: 13654 MB
[2025/11/14 14:03:00] ppocr INFO: epoch: [6/20], global_step: 5580, lr: 0.000028, acc: 0.503906, norm_edit_dis: 0.883523, CTCLoss: 7.378590, NRTRLoss: 1.398581, loss: 8.789335, avg_reader_cost: 0.00285 s, avg_batch_cost: 0.66016 s, avg_samples: 106.6, ips: 161.47647 samples/s, eta: 2:50:34, max_mem_reserved: 25002 MB, max_mem_allocated: 13654 MB
[2025/11/14 14:03:06] ppocr INFO: epoch: [6/20], global_step: 5590, lr: 0.000028, acc: 0.433594, norm_edit_dis: 0.860428, CTCLoss: 8.706949, NRTRLoss: 1.401257, loss: 10.147966, avg_reader_cost: 0.00288 s, avg_batch_cost: 0.66708 s, avg_samples: 108.7, ips: 162.94838 samples/s, eta: 2:50:29, max_mem_reserved: 25002 MB, max_mem_allocated: 13654 MB
[2025/11/14 14:03:13] ppocr INFO: epoch: [6/20], global_step: 5600, lr: 0.000028, acc: 0.593750, norm_edit_dis: 0.922567, CTCLoss: 5.065385, NRTRLoss: 1.377408, loss: 6.438004, avg_reader_cost: 0.00293 s, avg_batch_cost: 0.62863 s, avg_samples: 87.4, ips: 139.03233 samples/s, eta: 2:50:22, max_mem_reserved: 25002 MB, max_mem_allocated: 13654 MB
[2025/11/14 14:03:46] ppocr INFO: cur metric, acc: 0.6803999993196, norm_edit_dis: 0.9431479391713734, fps: 660.0901960308478
[2025/11/14 14:03:48] ppocr INFO: save best model is to ./output/best_accuracy
[2025/11/14 14:03:48] ppocr INFO: best metric, acc: 0.6803999993196, is_float16: False, norm_edit_dis: 0.9431479391713734, fps: 660.0901960308478, best_epoch: 6
[2025/11/14 14:03:55] ppocr INFO: epoch: [6/20], global_step: 5610, lr: 0.000028, acc: 0.611765, norm_edit_dis: 0.931362, CTCLoss: 3.798923, NRTRLoss: 1.361150, loss: 5.144433, avg_reader_cost: 0.00360 s, avg_batch_cost: 0.63454 s, avg_samples: 85.1, ips: 134.11359 samples/s, eta: 2:50:16, max_mem_reserved: 25002 MB, max_mem_allocated: 13654 MB
[2025/11/14 14:04:01] ppocr INFO: epoch: [6/20], global_step: 5620, lr: 0.000028, acc: 0.623529, norm_edit_dis: 0.926460, CTCLoss: 3.932708, NRTRLoss: 1.372612, loss: 5.316059, avg_reader_cost: 0.00293 s, avg_batch_cost: 0.66200 s, avg_samples: 102.3, ips: 154.53124 samples/s, eta: 2:50:10, max_mem_reserved: 25002 MB, max_mem_allocated: 13654 MB
[2025/11/14 14:04:07] ppocr INFO: epoch: [6/20], global_step: 5630, lr: 0.000028, acc: 0.605882, norm_edit_dis: 0.923022, CTCLoss: 4.477847, NRTRLoss: 1.370362, loss: 5.824236, avg_reader_cost: 0.00335 s, avg_batch_cost: 0.61249 s, avg_samples: 87.3, ips: 142.53213 samples/s, eta: 2:50:03, max_mem_reserved: 25002 MB, max_mem_allocated: 13654 MB
[2025/11/14 14:04:14] ppocr INFO: epoch: [6/20], global_step: 5640, lr: 0.000028, acc: 0.637959, norm_edit_dis: 0.928805, CTCLoss: 4.008279, NRTRLoss: 1.370203, loss: 5.388731, avg_reader_cost: 0.00277 s, avg_batch_cost: 0.63984 s, avg_samples: 89.5, ips: 139.87955 samples/s, eta: 2:49:57, max_mem_reserved: 25002 MB, max_mem_allocated: 13654 MB
[2025/11/14 14:04:20] ppocr INFO: epoch: [6/20], global_step: 5650, lr: 0.000028, acc: 0.640625, norm_edit_dis: 0.928805, CTCLoss: 4.038539, NRTRLoss: 1.371270, loss: 5.411172, avg_reader_cost: 0.00287 s, avg_batch_cost: 0.62965 s, avg_samples: 83.2, ips: 132.13678 samples/s, eta: 2:49:51, max_mem_reserved: 25002 MB, max_mem_allocated: 13654 MB
[2025/11/14 14:04:26] ppocr INFO: epoch: [6/20], global_step: 5660, lr: 0.000028, acc: 0.596875, norm_edit_dis: 0.925691, CTCLoss: 4.249527, NRTRLoss: 1.365734, loss: 5.606502, avg_reader_cost: 0.00287 s, avg_batch_cost: 0.58946 s, avg_samples: 85.2, ips: 144.53920 samples/s, eta: 2:49:43, max_mem_reserved: 25002 MB, max_mem_allocated: 13654 MB
[2025/11/14 14:04:32] ppocr INFO: epoch: [6/20], global_step: 5670, lr: 0.000028, acc: 0.625000, norm_edit_dis: 0.925304, CTCLoss: 4.228194, NRTRLoss: 1.380880, loss: 5.613562, avg_reader_cost: 0.00292 s, avg_batch_cost: 0.62061 s, avg_samples: 80.9, ips: 130.35506 samples/s, eta: 2:49:36, max_mem_reserved: 25002 MB, max_mem_allocated: 13654 MB
[2025/11/14 14:04:39] ppocr INFO: epoch: [6/20], global_step: 5680, lr: 0.000028, acc: 0.630147, norm_edit_dis: 0.922066, CTCLoss: 4.566924, NRTRLoss: 1.386405, loss: 5.941897, avg_reader_cost: 0.00281 s, avg_batch_cost: 0.65748 s, avg_samples: 104.4, ips: 158.78843 samples/s, eta: 2:49:31, max_mem_reserved: 25002 MB, max_mem_allocated: 13654 MB
[2025/11/14 14:04:45] ppocr INFO: epoch: [6/20], global_step: 5690, lr: 0.000028, acc: 0.617187, norm_edit_dis: 0.915774, CTCLoss: 5.670454, NRTRLoss: 1.390613, loss: 7.088629, avg_reader_cost: 0.00288 s, avg_batch_cost: 0.60350 s, avg_samples: 85.2, ips: 141.17735 samples/s, eta: 2:49:24, max_mem_reserved: 25002 MB, max_mem_allocated: 13654 MB
[2025/11/14 14:04:51] ppocr INFO: epoch: [6/20], global_step: 5700, lr: 0.000028, acc: 0.643842, norm_edit_dis: 0.926424, CTCLoss: 4.769454, NRTRLoss: 1.363502, loss: 6.159890, avg_reader_cost: 0.00289 s, avg_batch_cost: 0.57299 s, avg_samples: 83.1, ips: 145.02788 samples/s, eta: 2:49:15, max_mem_reserved: 25002 MB, max_mem_allocated: 13654 MB
[2025/11/14 14:05:23] ppocr INFO: cur metric, acc: 0.6934999993065, norm_edit_dis: 0.9460635076009722, fps: 676.0191123861241
[2025/11/14 14:05:26] ppocr INFO: save best model is to ./output/best_accuracy
[2025/11/14 14:05:26] ppocr INFO: best metric, acc: 0.6934999993065, is_float16: False, norm_edit_dis: 0.9460635076009722, fps: 676.0191123861241, best_epoch: 6
[2025/11/14 14:05:32] ppocr INFO: epoch: [6/20], global_step: 5710, lr: 0.000028, acc: 0.612500, norm_edit_dis: 0.932519, CTCLoss: 3.854683, NRTRLoss: 1.363289, loss: 5.210477, avg_reader_cost: 0.00290 s, avg_batch_cost: 0.62713 s, avg_samples: 100.1, ips: 159.61567 samples/s, eta: 2:49:09, max_mem_reserved: 25002 MB, max_mem_allocated: 13654 MB
[2025/11/14 14:05:38] ppocr INFO: epoch: [6/20], global_step: 5720, lr: 0.000028, acc: 0.594118, norm_edit_dis: 0.930799, CTCLoss: 4.472951, NRTRLoss: 1.365713, loss: 5.844591, avg_reader_cost: 0.00295 s, avg_batch_cost: 0.63922 s, avg_samples: 89.5, ips: 140.01424 samples/s, eta: 2:49:03, max_mem_reserved: 25002 MB, max_mem_allocated: 13654 MB
[2025/11/14 14:05:45] ppocr INFO: epoch: [6/20], global_step: 5730, lr: 0.000028, acc: 0.632812, norm_edit_dis: 0.932290, CTCLoss: 4.051201, NRTRLoss: 1.359505, loss: 5.413424, avg_reader_cost: 0.00294 s, avg_batch_cost: 0.61175 s, avg_samples: 85.2, ips: 139.27333 samples/s, eta: 2:48:56, max_mem_reserved: 25002 MB, max_mem_allocated: 13654 MB
[2025/11/14 14:05:51] ppocr INFO: epoch: [6/20], global_step: 5740, lr: 0.000028, acc: 0.632812, norm_edit_dis: 0.928396, CTCLoss: 4.182809, NRTRLoss: 1.360841, loss: 5.538738, avg_reader_cost: 0.00339 s, avg_batch_cost: 0.61165 s, avg_samples: 95.9, ips: 156.78934 samples/s, eta: 2:48:49, max_mem_reserved: 25002 MB, max_mem_allocated: 13654 MB
[2025/11/14 14:05:57] ppocr INFO: epoch: [6/20], global_step: 5750, lr: 0.000028, acc: 0.608640, norm_edit_dis: 0.912235, CTCLoss: 4.913322, NRTRLoss: 1.383478, loss: 6.288787, avg_reader_cost: 0.00304 s, avg_batch_cost: 0.63066 s, avg_samples: 89.5, ips: 141.91560 samples/s, eta: 2:48:42, max_mem_reserved: 25002 MB, max_mem_allocated: 13654 MB
[2025/11/14 14:06:03] ppocr INFO: epoch: [6/20], global_step: 5760, lr: 0.000028, acc: 0.624265, norm_edit_dis: 0.925867, CTCLoss: 4.555225, NRTRLoss: 1.380639, loss: 5.931574, avg_reader_cost: 0.00400 s, avg_batch_cost: 0.58663 s, avg_samples: 91.6, ips: 156.14634 samples/s, eta: 2:48:35, max_mem_reserved: 25002 MB, max_mem_allocated: 13654 MB
[2025/11/14 14:06:09] ppocr INFO: epoch: [6/20], global_step: 5770, lr: 0.000028, acc: 0.614430, norm_edit_dis: 0.926693, CTCLoss: 4.599626, NRTRLoss: 1.374112, loss: 5.977762, avg_reader_cost: 0.00290 s, avg_batch_cost: 0.59288 s, avg_samples: 89.5, ips: 150.95715 samples/s, eta: 2:48:27, max_mem_reserved: 25002 MB, max_mem_allocated: 13654 MB
[2025/11/14 14:06:15] ppocr INFO: epoch: [6/20], global_step: 5780, lr: 0.000028, acc: 0.570312, norm_edit_dis: 0.911591, CTCLoss: 5.150642, NRTRLoss: 1.375640, loss: 6.553261, avg_reader_cost: 0.00295 s, avg_batch_cost: 0.64167 s, avg_samples: 98.0, ips: 152.72677 samples/s, eta: 2:48:21, max_mem_reserved: 25002 MB, max_mem_allocated: 13654 MB
[2025/11/14 14:06:22] ppocr INFO: epoch: [6/20], global_step: 5790, lr: 0.000028, acc: 0.546875, norm_edit_dis: 0.899955, CTCLoss: 6.003544, NRTRLoss: 1.392497, loss: 7.392545, avg_reader_cost: 0.00292 s, avg_batch_cost: 0.64923 s, avg_samples: 100.2, ips: 154.33703 samples/s, eta: 2:48:15, max_mem_reserved: 25002 MB, max_mem_allocated: 13654 MB
[2025/11/14 14:06:28] ppocr INFO: epoch: [6/20], global_step: 5800, lr: 0.000028, acc: 0.535294, norm_edit_dis: 0.904916, CTCLoss: 7.128666, NRTRLoss: 1.391004, loss: 8.506047, avg_reader_cost: 0.00295 s, avg_batch_cost: 0.63951 s, avg_samples: 98.0, ips: 153.24129 samples/s, eta: 2:48:09, max_mem_reserved: 25002 MB, max_mem_allocated: 13654 MB
[2025/11/14 14:07:01] ppocr INFO: cur metric, acc: 0.691999999308, norm_edit_dis: 0.9462275575574746, fps: 688.7909645320698
[2025/11/14 14:07:01] ppocr INFO: best metric, acc: 0.6934999993065, is_float16: False, norm_edit_dis: 0.9460635076009722, fps: 676.0191123861241, best_epoch: 6
[2025/11/14 14:07:07] ppocr INFO: epoch: [6/20], global_step: 5810, lr: 0.000028, acc: 0.594118, norm_edit_dis: 0.910381, CTCLoss: 5.583078, NRTRLoss: 1.377557, loss: 6.938449, avg_reader_cost: 0.00419 s, avg_batch_cost: 0.60321 s, avg_samples: 93.7, ips: 155.33457 samples/s, eta: 2:48:02, max_mem_reserved: 25002 MB, max_mem_allocated: 13654 MB
[2025/11/14 14:07:13] ppocr INFO: epoch: [6/20], global_step: 5820, lr: 0.000028, acc: 0.594118, norm_edit_dis: 0.921239, CTCLoss: 4.453390, NRTRLoss: 1.378373, loss: 5.844541, avg_reader_cost: 0.00293 s, avg_batch_cost: 0.63799 s, avg_samples: 95.9, ips: 150.31493 samples/s, eta: 2:47:56, max_mem_reserved: 25002 MB, max_mem_allocated: 13654 MB
[2025/11/14 14:07:19] ppocr INFO: epoch: [6/20], global_step: 5830, lr: 0.000028, acc: 0.588235, norm_edit_dis: 0.921239, CTCLoss: 4.379561, NRTRLoss: 1.380771, loss: 5.766770, avg_reader_cost: 0.00288 s, avg_batch_cost: 0.63794 s, avg_samples: 95.8, ips: 150.17052 samples/s, eta: 2:47:49, max_mem_reserved: 25002 MB, max_mem_allocated: 13654 MB
[2025/11/14 14:07:25] ppocr INFO: epoch: [6/20], global_step: 5840, lr: 0.000028, acc: 0.635294, norm_edit_dis: 0.928295, CTCLoss: 4.167031, NRTRLoss: 1.378323, loss: 5.544509, avg_reader_cost: 0.00288 s, avg_batch_cost: 0.58564 s, avg_samples: 80.9, ips: 138.13934 samples/s, eta: 2:47:42, max_mem_reserved: 25002 MB, max_mem_allocated: 13654 MB
[2025/11/14 14:07:32] ppocr INFO: epoch: [6/20], global_step: 5850, lr: 0.000028, acc: 0.635294, norm_edit_dis: 0.927517, CTCLoss: 4.341824, NRTRLoss: 1.371638, loss: 5.708945, avg_reader_cost: 0.00295 s, avg_batch_cost: 0.63459 s, avg_samples: 91.6, ips: 144.34578 samples/s, eta: 2:47:36, max_mem_reserved: 25002 MB, max_mem_allocated: 13654 MB
[2025/11/14 14:07:37] ppocr INFO: epoch: [6/20], global_step: 5860, lr: 0.000028, acc: 0.616452, norm_edit_dis: 0.923993, CTCLoss: 4.196722, NRTRLoss: 1.368079, loss: 5.566140, avg_reader_cost: 0.00290 s, avg_batch_cost: 0.57944 s, avg_samples: 85.2, ips: 147.03763 samples/s, eta: 2:47:28, max_mem_reserved: 25002 MB, max_mem_allocated: 13654 MB
[2025/11/14 14:07:43] ppocr INFO: epoch: [6/20], global_step: 5870, lr: 0.000028, acc: 0.629412, norm_edit_dis: 0.933254, CTCLoss: 3.814743, NRTRLoss: 1.356357, loss: 5.159789, avg_reader_cost: 0.00290 s, avg_batch_cost: 0.58340 s, avg_samples: 78.8, ips: 135.06956 samples/s, eta: 2:47:20, max_mem_reserved: 25002 MB, max_mem_allocated: 13654 MB
[2025/11/14 14:07:49] ppocr INFO: epoch: [6/20], global_step: 5880, lr: 0.000028, acc: 0.637959, norm_edit_dis: 0.933527, CTCLoss: 4.100811, NRTRLoss: 1.358578, loss: 5.453293, avg_reader_cost: 0.00288 s, avg_batch_cost: 0.57935 s, avg_samples: 85.2, ips: 147.06158 samples/s, eta: 2:47:12, max_mem_reserved: 25002 MB, max_mem_allocated: 13654 MB
[2025/11/14 14:07:55] ppocr INFO: epoch: [6/20], global_step: 5890, lr: 0.000028, acc: 0.637959, norm_edit_dis: 0.924989, CTCLoss: 4.027339, NRTRLoss: 1.374974, loss: 5.408905, avg_reader_cost: 0.00332 s, avg_batch_cost: 0.60448 s, avg_samples: 85.1, ips: 140.78290 samples/s, eta: 2:47:05, max_mem_reserved: 25002 MB, max_mem_allocated: 13654 MB
[2025/11/14 14:08:01] ppocr INFO: epoch: [6/20], global_step: 5900, lr: 0.000028, acc: 0.641176, norm_edit_dis: 0.926554, CTCLoss: 4.321149, NRTRLoss: 1.369079, loss: 5.690083, avg_reader_cost: 0.00322 s, avg_batch_cost: 0.59197 s, avg_samples: 87.4, ips: 147.64341 samples/s, eta: 2:46:58, max_mem_reserved: 25002 MB, max_mem_allocated: 13654 MB
[2025/11/14 14:08:31] ppocr INFO: cur metric, acc: 0.7027999992972, norm_edit_dis: 0.9483899756033523, fps: 806.7538211806461
[2025/11/14 14:08:33] ppocr INFO: save best model is to ./output/best_accuracy
[2025/11/14 14:08:33] ppocr INFO: best metric, acc: 0.7027999992972, is_float16: False, norm_edit_dis: 0.9483899756033523, fps: 806.7538211806461, best_epoch: 6
[2025/11/14 14:08:40] ppocr INFO: epoch: [6/20], global_step: 5910, lr: 0.000028, acc: 0.602757, norm_edit_dis: 0.927430, CTCLoss: 5.258255, NRTRLoss: 1.363615, loss: 6.620956, avg_reader_cost: 0.00301 s, avg_batch_cost: 0.67054 s, avg_samples: 98.0, ips: 146.15157 samples/s, eta: 2:46:52, max_mem_reserved: 25002 MB, max_mem_allocated: 13654 MB
[2025/11/14 14:08:46] ppocr INFO: epoch: [6/20], global_step: 5920, lr: 0.000028, acc: 0.609375, norm_edit_dis: 0.928167, CTCLoss: 4.588885, NRTRLoss: 1.367761, loss: 5.968737, avg_reader_cost: 0.00293 s, avg_batch_cost: 0.62781 s, avg_samples: 93.8, ips: 149.40803 samples/s, eta: 2:46:46, max_mem_reserved: 25002 MB, max_mem_allocated: 13654 MB
[2025/11/14 14:08:53] ppocr INFO: epoch: [6/20], global_step: 5930, lr: 0.000028, acc: 0.617647, norm_edit_dis: 0.929069, CTCLoss: 4.421552, NRTRLoss: 1.367761, loss: 5.787561, avg_reader_cost: 0.00290 s, avg_batch_cost: 0.62286 s, avg_samples: 95.8, ips: 153.80622 samples/s, eta: 2:46:39, max_mem_reserved: 25002 MB, max_mem_allocated: 13654 MB
[2025/11/14 14:08:59] ppocr INFO: epoch: [6/20], global_step: 5940, lr: 0.000028, acc: 0.623529, norm_edit_dis: 0.933303, CTCLoss: 4.131829, NRTRLoss: 1.357255, loss: 5.512674, avg_reader_cost: 0.00442 s, avg_batch_cost: 0.60258 s, avg_samples: 78.9, ips: 130.93786 samples/s, eta: 2:46:32, max_mem_reserved: 25002 MB, max_mem_allocated: 13654 MB
[2025/11/14 14:09:05] ppocr INFO: epoch: [6/20], global_step: 5950, lr: 0.000028, acc: 0.617647, norm_edit_dis: 0.924095, CTCLoss: 4.381094, NRTRLoss: 1.379781, loss: 5.747755, avg_reader_cost: 0.00290 s, avg_batch_cost: 0.63778 s, avg_samples: 98.1, ips: 153.81378 samples/s, eta: 2:46:26, max_mem_reserved: 25002 MB, max_mem_allocated: 13654 MB
[2025/11/14 14:09:12] ppocr INFO: epoch: [6/20], global_step: 5960, lr: 0.000028, acc: 0.605882, norm_edit_dis: 0.922783, CTCLoss: 5.307654, NRTRLoss: 1.384854, loss: 6.692508, avg_reader_cost: 0.00293 s, avg_batch_cost: 0.64862 s, avg_samples: 100.1, ips: 154.32749 samples/s, eta: 2:46:20, max_mem_reserved: 25002 MB, max_mem_allocated: 13654 MB
[2025/11/14 14:09:18] ppocr INFO: epoch: [6/20], global_step: 5970, lr: 0.000028, acc: 0.652941, norm_edit_dis: 0.933748, CTCLoss: 3.865173, NRTRLoss: 1.369773, loss: 5.227586, avg_reader_cost: 0.00289 s, avg_batch_cost: 0.60011 s, avg_samples: 76.7, ips: 127.81062 samples/s, eta: 2:46:13, max_mem_reserved: 25002 MB, max_mem_allocated: 13654 MB
[2025/11/14 14:09:24] ppocr INFO: epoch: [6/20], global_step: 5980, lr: 0.000028, acc: 0.664706, norm_edit_dis: 0.934552, CTCLoss: 3.827791, NRTRLoss: 1.369773, loss: 5.190326, avg_reader_cost: 0.00286 s, avg_batch_cost: 0.63301 s, avg_samples: 102.2, ips: 161.44963 samples/s, eta: 2:46:06, max_mem_reserved: 25002 MB, max_mem_allocated: 13654 MB
[2025/11/14 14:09:30] ppocr INFO: epoch: [6/20], global_step: 5990, lr: 0.000028, acc: 0.600000, norm_edit_dis: 0.920236, CTCLoss: 4.527728, NRTRLoss: 1.381988, loss: 5.910257, avg_reader_cost: 0.00344 s, avg_batch_cost: 0.62102 s, avg_samples: 89.5, ips: 144.11776 samples/s, eta: 2:46:00, max_mem_reserved: 25002 MB, max_mem_allocated: 13654 MB
[2025/11/14 14:09:36] ppocr INFO: epoch: [6/20], global_step: 6000, lr: 0.000028, acc: 0.623529, norm_edit_dis: 0.927789, CTCLoss: 3.904094, NRTRLoss: 1.365969, loss: 5.280852, avg_reader_cost: 0.00350 s, avg_batch_cost: 0.59813 s, avg_samples: 87.3, ips: 145.95486 samples/s, eta: 2:45:53, max_mem_reserved: 25002 MB, max_mem_allocated: 13654 MB
[2025/11/14 14:10:08] ppocr INFO: cur metric, acc: 0.6992999993007, norm_edit_dis: 0.9475855482494862, fps: 727.7013607931335
[2025/11/14 14:10:08] ppocr INFO: best metric, acc: 0.7027999992972, is_float16: False, norm_edit_dis: 0.9483899756033523, fps: 806.7538211806461, best_epoch: 6
[2025/11/14 14:10:14] ppocr INFO: epoch: [6/20], global_step: 6010, lr: 0.000028, acc: 0.623529, norm_edit_dis: 0.927789, CTCLoss: 4.233325, NRTRLoss: 1.370168, loss: 5.620853, avg_reader_cost: 0.00291 s, avg_batch_cost: 0.59050 s, avg_samples: 95.9, ips: 162.40413 samples/s, eta: 2:45:45, max_mem_reserved: 25002 MB, max_mem_allocated: 13654 MB
[2025/11/14 14:10:20] ppocr INFO: epoch: [6/20], global_step: 6020, lr: 0.000028, acc: 0.608640, norm_edit_dis: 0.922398, CTCLoss: 4.444507, NRTRLoss: 1.384482, loss: 5.818587, avg_reader_cost: 0.00288 s, avg_batch_cost: 0.61004 s, avg_samples: 87.4, ips: 143.26971 samples/s, eta: 2:45:38, max_mem_reserved: 25002 MB, max_mem_allocated: 13654 MB
[2025/11/14 14:10:26] ppocr INFO: epoch: [6/20], global_step: 6030, lr: 0.000028, acc: 0.585110, norm_edit_dis: 0.910914, CTCLoss: 5.055583, NRTRLoss: 1.389593, loss: 6.465068, avg_reader_cost: 0.00289 s, avg_batch_cost: 0.61295 s, avg_samples: 98.0, ips: 159.88309 samples/s, eta: 2:45:31, max_mem_reserved: 25002 MB, max_mem_allocated: 13654 MB
[2025/11/14 14:10:32] ppocr INFO: epoch: [6/20], global_step: 6040, lr: 0.000028, acc: 0.569485, norm_edit_dis: 0.907256, CTCLoss: 5.222734, NRTRLoss: 1.392774, loss: 6.623406, avg_reader_cost: 0.00290 s, avg_batch_cost: 0.62582 s, avg_samples: 93.8, ips: 149.88337 samples/s, eta: 2:45:25, max_mem_reserved: 25002 MB, max_mem_allocated: 13654 MB
[2025/11/14 14:10:38] ppocr INFO: epoch: [6/20], global_step: 6050, lr: 0.000028, acc: 0.583180, norm_edit_dis: 0.925664, CTCLoss: 4.215358, NRTRLoss: 1.366788, loss: 5.578433, avg_reader_cost: 0.00289 s, avg_batch_cost: 0.62904 s, avg_samples: 93.8, ips: 149.11529 samples/s, eta: 2:45:18, max_mem_reserved: 25002 MB, max_mem_allocated: 13654 MB
[2025/11/14 14:10:44] ppocr INFO: epoch: [6/20], global_step: 6060, lr: 0.000028, acc: 0.651654, norm_edit_dis: 0.929509, CTCLoss: 3.888637, NRTRLoss: 1.363673, loss: 5.249465, avg_reader_cost: 0.00288 s, avg_batch_cost: 0.57033 s, avg_samples: 81.0, ips: 142.02402 samples/s, eta: 2:45:10, max_mem_reserved: 25002 MB, max_mem_allocated: 13654 MB
[2025/11/14 14:10:50] ppocr INFO: epoch: [6/20], global_step: 6070, lr: 0.000028, acc: 0.645772, norm_edit_dis: 0.929989, CTCLoss: 4.075672, NRTRLoss: 1.368994, loss: 5.444401, avg_reader_cost: 0.00293 s, avg_batch_cost: 0.62334 s, avg_samples: 100.1, ips: 160.58534 samples/s, eta: 2:45:04, max_mem_reserved: 25002 MB, max_mem_allocated: 13654 MB
[2025/11/14 14:10:56] ppocr INFO: epoch: [6/20], global_step: 6080, lr: 0.000028, acc: 0.624265, norm_edit_dis: 0.928726, CTCLoss: 4.581311, NRTRLoss: 1.376038, loss: 5.933610, avg_reader_cost: 0.00295 s, avg_batch_cost: 0.60091 s, avg_samples: 89.5, ips: 148.94141 samples/s, eta: 2:44:57, max_mem_reserved: 25002 MB, max_mem_allocated: 13654 MB
[2025/11/14 14:11:02] ppocr INFO: epoch: [6/20], global_step: 6090, lr: 0.000028, acc: 0.625000, norm_edit_dis: 0.928686, CTCLoss: 3.979010, NRTRLoss: 1.371004, loss: 5.334314, avg_reader_cost: 0.00396 s, avg_batch_cost: 0.58208 s, avg_samples: 85.2, ips: 146.37186 samples/s, eta: 2:44:49, max_mem_reserved: 25002 MB, max_mem_allocated: 13654 MB
[2025/11/14 14:11:08] ppocr INFO: epoch: [6/20], global_step: 6100, lr: 0.000028, acc: 0.670588, norm_edit_dis: 0.937166, CTCLoss: 3.373523, NRTRLoss: 1.365337, loss: 4.733483, avg_reader_cost: 0.00293 s, avg_batch_cost: 0.61563 s, avg_samples: 89.5, ips: 145.37866 samples/s, eta: 2:44:42, max_mem_reserved: 25002 MB, max_mem_allocated: 13654 MB
[2025/11/14 14:11:40] ppocr INFO: cur metric, acc: 0.7116999992883, norm_edit_dis: 0.9496640410542951, fps: 710.979275506995
[2025/11/14 14:11:43] ppocr INFO: save best model is to ./output/best_accuracy
[2025/11/14 14:11:43] ppocr INFO: best metric, acc: 0.7116999992883, is_float16: False, norm_edit_dis: 0.9496640410542951, fps: 710.979275506995, best_epoch: 6
[2025/11/14 14:11:49] ppocr INFO: epoch: [6/20], global_step: 6110, lr: 0.000028, acc: 0.657537, norm_edit_dis: 0.935681, CTCLoss: 3.720216, NRTRLoss: 1.367969, loss: 5.087428, avg_reader_cost: 0.00310 s, avg_batch_cost: 0.63034 s, avg_samples: 87.4, ips: 138.65561 samples/s, eta: 2:44:36, max_mem_reserved: 25002 MB, max_mem_allocated: 13654 MB
[2025/11/14 14:11:56] ppocr INFO: epoch: [6/20], global_step: 6120, lr: 0.000028, acc: 0.641176, norm_edit_dis: 0.934415, CTCLoss: 4.176597, NRTRLoss: 1.372868, loss: 5.553372, avg_reader_cost: 0.00289 s, avg_batch_cost: 0.63084 s, avg_samples: 91.6, ips: 145.20428 samples/s, eta: 2:44:29, max_mem_reserved: 25002 MB, max_mem_allocated: 13654 MB
[2025/11/14 14:12:02] ppocr INFO: epoch: [6/20], global_step: 6130, lr: 0.000028, acc: 0.617647, norm_edit_dis: 0.928950, CTCLoss: 4.411295, NRTRLoss: 1.382563, loss: 5.769202, avg_reader_cost: 0.00323 s, avg_batch_cost: 0.65210 s, avg_samples: 102.3, ips: 156.87711 samples/s, eta: 2:44:24, max_mem_reserved: 25002 MB, max_mem_allocated: 13654 MB
[2025/11/14 14:12:09] ppocr INFO: epoch: [6/20], global_step: 6140, lr: 0.000028, acc: 0.514844, norm_edit_dis: 0.896148, CTCLoss: 5.846239, NRTRLoss: 1.414283, loss: 7.233006, avg_reader_cost: 0.00285 s, avg_batch_cost: 0.63024 s, avg_samples: 98.1, ips: 155.65535 samples/s, eta: 2:44:17, max_mem_reserved: 25002 MB, max_mem_allocated: 13654 MB
[2025/11/14 14:12:14] ppocr INFO: epoch: [6/20], global_step: 6150, lr: 0.000028, acc: 0.617647, norm_edit_dis: 0.921119, CTCLoss: 4.201954, NRTRLoss: 1.377359, loss: 5.577135, avg_reader_cost: 0.00294 s, avg_batch_cost: 0.58448 s, avg_samples: 85.2, ips: 145.77144 samples/s, eta: 2:44:10, max_mem_reserved: 25002 MB, max_mem_allocated: 13654 MB
[2025/11/14 14:12:21] ppocr INFO: epoch: [6/20], global_step: 6160, lr: 0.000028, acc: 0.630147, norm_edit_dis: 0.929589, CTCLoss: 4.169637, NRTRLoss: 1.368171, loss: 5.539392, avg_reader_cost: 0.00288 s, avg_batch_cost: 0.61910 s, avg_samples: 85.2, ips: 137.61946 samples/s, eta: 2:44:03, max_mem_reserved: 25002 MB, max_mem_allocated: 13654 MB
[2025/11/14 14:12:26] ppocr INFO: epoch: [6/20], global_step: 6170, lr: 0.000028, acc: 0.640625, norm_edit_dis: 0.931768, CTCLoss: 3.778335, NRTRLoss: 1.366458, loss: 5.155658, avg_reader_cost: 0.00287 s, avg_batch_cost: 0.57971 s, avg_samples: 83.1, ips: 143.34681 samples/s, eta: 2:43:55, max_mem_reserved: 25002 MB, max_mem_allocated: 13654 MB
[2025/11/14 14:12:33] ppocr INFO: epoch: [6/20], global_step: 6180, lr: 0.000028, acc: 0.624265, norm_edit_dis: 0.927848, CTCLoss: 4.049393, NRTRLoss: 1.372024, loss: 5.409588, avg_reader_cost: 0.00307 s, avg_batch_cost: 0.60990 s, avg_samples: 93.7, ips: 153.63195 samples/s, eta: 2:43:49, max_mem_reserved: 25002 MB, max_mem_allocated: 13654 MB
[2025/11/14 14:12:39] ppocr INFO: epoch: [6/20], global_step: 6190, lr: 0.000028, acc: 0.604687, norm_edit_dis: 0.924547, CTCLoss: 4.385026, NRTRLoss: 1.383920, loss: 5.764993, avg_reader_cost: 0.00283 s, avg_batch_cost: 0.62975 s, avg_samples: 93.8, ips: 148.94720 samples/s, eta: 2:43:42, max_mem_reserved: 25002 MB, max_mem_allocated: 13654 MB
[2025/11/14 14:12:45] ppocr INFO: epoch: [6/20], global_step: 6200, lr: 0.000028, acc: 0.601562, norm_edit_dis: 0.924315, CTCLoss: 4.220512, NRTRLoss: 1.380255, loss: 5.619008, avg_reader_cost: 0.00285 s, avg_batch_cost: 0.63030 s, avg_samples: 89.5, ips: 141.99606 samples/s, eta: 2:43:36, max_mem_reserved: 25002 MB, max_mem_allocated: 13654 MB
[2025/11/14 14:13:17] ppocr INFO: cur metric, acc: 0.7136999992863, norm_edit_dis: 0.9518032200494954, fps: 704.4495918200284
[2025/11/14 14:13:20] ppocr INFO: save best model is to ./output/best_accuracy
[2025/11/14 14:13:20] ppocr INFO: best metric, acc: 0.7136999992863, is_float16: False, norm_edit_dis: 0.9518032200494954, fps: 704.4495918200284, best_epoch: 6
[2025/11/14 14:13:26] ppocr INFO: epoch: [6/20], global_step: 6210, lr: 0.000028, acc: 0.576471, norm_edit_dis: 0.916006, CTCLoss: 4.425919, NRTRLoss: 1.391550, loss: 5.799132, avg_reader_cost: 0.00298 s, avg_batch_cost: 0.64134 s, avg_samples: 102.3, ips: 159.50861 samples/s, eta: 2:43:30, max_mem_reserved: 25002 MB, max_mem_allocated: 13654 MB
[2025/11/14 14:13:32] ppocr INFO: epoch: [6/20], global_step: 6220, lr: 0.000028, acc: 0.501103, norm_edit_dis: 0.891304, CTCLoss: 5.867109, NRTRLoss: 1.396736, loss: 7.266183, avg_reader_cost: 0.00295 s, avg_batch_cost: 0.63923 s, avg_samples: 100.2, ips: 156.75223 samples/s, eta: 2:43:23, max_mem_reserved: 25002 MB, max_mem_allocated: 13654 MB
[2025/11/14 14:13:39] ppocr INFO: epoch: [6/20], global_step: 6230, lr: 0.000028, acc: 0.640625, norm_edit_dis: 0.937299, CTCLoss: 4.110468, NRTRLoss: 1.367107, loss: 5.487958, avg_reader_cost: 0.00293 s, avg_batch_cost: 0.62349 s, avg_samples: 85.3, ips: 136.81097 samples/s, eta: 2:43:17, max_mem_reserved: 25002 MB, max_mem_allocated: 13654 MB
[2025/11/14 14:13:45] ppocr INFO: epoch: [6/20], global_step: 6240, lr: 0.000027, acc: 0.637959, norm_edit_dis: 0.938618, CTCLoss: 3.873149, NRTRLoss: 1.365055, loss: 5.264371, avg_reader_cost: 0.00285 s, avg_batch_cost: 0.60324 s, avg_samples: 89.4, ips: 148.20092 samples/s, eta: 2:43:10, max_mem_reserved: 25002 MB, max_mem_allocated: 13654 MB
[2025/11/14 14:13:51] ppocr INFO: epoch: [6/20], global_step: 6250, lr: 0.000027, acc: 0.618382, norm_edit_dis: 0.926887, CTCLoss: 3.731437, NRTRLoss: 1.365055, loss: 5.105302, avg_reader_cost: 0.00296 s, avg_batch_cost: 0.62245 s, avg_samples: 91.7, ips: 147.32003 samples/s, eta: 2:43:03, max_mem_reserved: 25002 MB, max_mem_allocated: 13654 MB
[2025/11/14 14:13:57] ppocr INFO: epoch: [6/20], global_step: 6260, lr: 0.000027, acc: 0.611765, norm_edit_dis: 0.929826, CTCLoss: 3.736106, NRTRLoss: 1.369960, loss: 5.089987, avg_reader_cost: 0.00427 s, avg_batch_cost: 0.61748 s, avg_samples: 87.3, ips: 141.38167 samples/s, eta: 2:42:57, max_mem_reserved: 25002 MB, max_mem_allocated: 13654 MB
[2025/11/14 14:14:03] ppocr INFO: epoch: [6/20], global_step: 6270, lr: 0.000027, acc: 0.610570, norm_edit_dis: 0.932785, CTCLoss: 3.753370, NRTRLoss: 1.369960, loss: 5.115158, avg_reader_cost: 0.00285 s, avg_batch_cost: 0.61409 s, avg_samples: 85.2, ips: 138.74291 samples/s, eta: 2:42:50, max_mem_reserved: 25002 MB, max_mem_allocated: 13654 MB
[2025/11/14 14:14:09] ppocr INFO: epoch: [6/20], global_step: 6280, lr: 0.000027, acc: 0.625000, norm_edit_dis: 0.927469, CTCLoss: 4.430389, NRTRLoss: 1.370543, loss: 5.798244, avg_reader_cost: 0.00289 s, avg_batch_cost: 0.60057 s, avg_samples: 95.9, ips: 159.68193 samples/s, eta: 2:42:43, max_mem_reserved: 25002 MB, max_mem_allocated: 13654 MB
[2025/11/14 14:14:16] ppocr INFO: epoch: [6/20], global_step: 6290, lr: 0.000027, acc: 0.643842, norm_edit_dis: 0.930481, CTCLoss: 4.209103, NRTRLoss: 1.367855, loss: 5.568106, avg_reader_cost: 0.00322 s, avg_batch_cost: 0.63037 s, avg_samples: 87.4, ips: 138.64962 samples/s, eta: 2:42:36, max_mem_reserved: 25002 MB, max_mem_allocated: 13654 MB
[2025/11/14 14:14:22] ppocr INFO: epoch: [6/20], global_step: 6300, lr: 0.000027, acc: 0.625000, norm_edit_dis: 0.936206, CTCLoss: 3.922303, NRTRLoss: 1.363580, loss: 5.272148, avg_reader_cost: 0.00288 s, avg_batch_cost: 0.64332 s, avg_samples: 95.9, ips: 149.07089 samples/s, eta: 2:42:30, max_mem_reserved: 25002 MB, max_mem_allocated: 13654 MB
[2025/11/14 14:14:54] ppocr INFO: cur metric, acc: 0.7061999992938001, norm_edit_dis: 0.9496231871181086, fps: 707.6512356957548
[2025/11/14 14:14:54] ppocr INFO: best metric, acc: 0.7136999992863, is_float16: False, norm_edit_dis: 0.9518032200494954, fps: 704.4495918200284, best_epoch: 6
[2025/11/14 14:15:00] ppocr INFO: epoch: [6/20], global_step: 6310, lr: 0.000027, acc: 0.593750, norm_edit_dis: 0.916317, CTCLoss: 4.562571, NRTRLoss: 1.373335, loss: 5.941060, avg_reader_cost: 0.00362 s, avg_batch_cost: 0.60096 s, avg_samples: 93.7, ips: 155.91653 samples/s, eta: 2:42:23, max_mem_reserved: 25002 MB, max_mem_allocated: 13654 MB
[2025/11/14 14:15:06] ppocr INFO: epoch: [6/20], global_step: 6320, lr: 0.000027, acc: 0.617647, norm_edit_dis: 0.927903, CTCLoss: 4.287873, NRTRLoss: 1.370248, loss: 5.655481, avg_reader_cost: 0.00289 s, avg_batch_cost: 0.58915 s, avg_samples: 83.1, ips: 141.05080 samples/s, eta: 2:42:16, max_mem_reserved: 25002 MB, max_mem_allocated: 13654 MB
[2025/11/14 14:15:12] ppocr INFO: epoch: [6/20], global_step: 6330, lr: 0.000027, acc: 0.617647, norm_edit_dis: 0.928337, CTCLoss: 4.066319, NRTRLoss: 1.370248, loss: 5.430950, avg_reader_cost: 0.00327 s, avg_batch_cost: 0.64794 s, avg_samples: 100.1, ips: 154.48848 samples/s, eta: 2:42:10, max_mem_reserved: 25002 MB, max_mem_allocated: 13654 MB
[2025/11/14 14:15:19] ppocr INFO: epoch: [6/20], global_step: 6340, lr: 0.000027, acc: 0.611765, norm_edit_dis: 0.923197, CTCLoss: 5.165170, NRTRLoss: 1.377375, loss: 6.550434, avg_reader_cost: 0.00293 s, avg_batch_cost: 0.63872 s, avg_samples: 98.1, ips: 153.58735 samples/s, eta: 2:42:04, max_mem_reserved: 25002 MB, max_mem_allocated: 13654 MB
[2025/11/14 14:15:25] ppocr INFO: epoch: [6/20], global_step: 6350, lr: 0.000027, acc: 0.503125, norm_edit_dis: 0.885403, CTCLoss: 5.930439, NRTRLoss: 1.385861, loss: 7.338364, avg_reader_cost: 0.00292 s, avg_batch_cost: 0.66521 s, avg_samples: 106.5, ips: 160.09902 samples/s, eta: 2:41:58, max_mem_reserved: 25002 MB, max_mem_allocated: 13654 MB
[2025/11/14 14:15:31] ppocr INFO: epoch: [6/20], global_step: 6360, lr: 0.000027, acc: 0.623529, norm_edit_dis: 0.925583, CTCLoss: 4.141081, NRTRLoss: 1.377057, loss: 5.513288, avg_reader_cost: 0.00292 s, avg_batch_cost: 0.58728 s, avg_samples: 85.3, ips: 145.24662 samples/s, eta: 2:41:51, max_mem_reserved: 25002 MB, max_mem_allocated: 13654 MB
[2025/11/14 14:15:37] ppocr INFO: epoch: [6/20], global_step: 6370, lr: 0.000027, acc: 0.665349, norm_edit_dis: 0.941732, CTCLoss: 3.303518, NRTRLoss: 1.352513, loss: 4.649400, avg_reader_cost: 0.00293 s, avg_batch_cost: 0.56089 s, avg_samples: 78.8, ips: 140.48976 samples/s, eta: 2:41:43, max_mem_reserved: 25002 MB, max_mem_allocated: 13654 MB
[2025/11/14 14:15:43] ppocr INFO: epoch: [6/20], global_step: 6380, lr: 0.000027, acc: 0.648437, norm_edit_dis: 0.937463, CTCLoss: 3.992673, NRTRLoss: 1.357640, loss: 5.349402, avg_reader_cost: 0.00378 s, avg_batch_cost: 0.61505 s, avg_samples: 95.9, ips: 155.92179 samples/s, eta: 2:41:36, max_mem_reserved: 25002 MB, max_mem_allocated: 13654 MB
[2025/11/14 14:15:49] ppocr INFO: epoch: [6/20], global_step: 6390, lr: 0.000027, acc: 0.637959, norm_edit_dis: 0.926206, CTCLoss: 4.156336, NRTRLoss: 1.374011, loss: 5.517794, avg_reader_cost: 0.00328 s, avg_batch_cost: 0.61502 s, avg_samples: 91.7, ips: 149.10155 samples/s, eta: 2:41:29, max_mem_reserved: 25002 MB, max_mem_allocated: 13654 MB
[2025/11/14 14:15:55] ppocr INFO: epoch: [6/20], global_step: 6400, lr: 0.000027, acc: 0.671232, norm_edit_dis: 0.936882, CTCLoss: 3.781193, NRTRLoss: 1.362169, loss: 5.140968, avg_reader_cost: 0.00335 s, avg_batch_cost: 0.58387 s, avg_samples: 81.0, ips: 138.73025 samples/s, eta: 2:41:22, max_mem_reserved: 25002 MB, max_mem_allocated: 13654 MB
[2025/11/14 14:16:28] ppocr INFO: cur metric, acc: 0.7111999992888001, norm_edit_dis: 0.9499729257590253, fps: 675.5548683456065
[2025/11/14 14:16:28] ppocr INFO: best metric, acc: 0.7136999992863, is_float16: False, norm_edit_dis: 0.9518032200494954, fps: 704.4495918200284, best_epoch: 6
[2025/11/14 14:16:34] ppocr INFO: epoch: [6/20], global_step: 6410, lr: 0.000027, acc: 0.629412, norm_edit_dis: 0.929296, CTCLoss: 4.364893, NRTRLoss: 1.368837, loss: 5.722834, avg_reader_cost: 0.00293 s, avg_batch_cost: 0.66451 s, avg_samples: 106.5, ips: 160.26918 samples/s, eta: 2:41:16, max_mem_reserved: 25002 MB, max_mem_allocated: 13654 MB
[2025/11/14 14:16:40] ppocr INFO: epoch: [6/20], global_step: 6420, lr: 0.000027, acc: 0.564706, norm_edit_dis: 0.921950, CTCLoss: 5.536427, NRTRLoss: 1.381143, loss: 6.903301, avg_reader_cost: 0.00291 s, avg_batch_cost: 0.60915 s, avg_samples: 93.8, ips: 153.98584 samples/s, eta: 2:41:09, max_mem_reserved: 25002 MB, max_mem_allocated: 13654 MB
[2025/11/14 14:16:47] ppocr INFO: epoch: [6/20], global_step: 6430, lr: 0.000027, acc: 0.640625, norm_edit_dis: 0.931394, CTCLoss: 3.645580, NRTRLoss: 1.370290, loss: 5.001321, avg_reader_cost: 0.00296 s, avg_batch_cost: 0.65069 s, avg_samples: 91.6, ips: 140.77267 samples/s, eta: 2:41:04, max_mem_reserved: 25002 MB, max_mem_allocated: 13654 MB
[2025/11/14 14:16:53] ppocr INFO: epoch: [6/20], global_step: 6440, lr: 0.000027, acc: 0.632077, norm_edit_dis: 0.932997, CTCLoss: 4.072248, NRTRLoss: 1.371618, loss: 5.447541, avg_reader_cost: 0.00297 s, avg_batch_cost: 0.65124 s, avg_samples: 100.1, ips: 153.70782 samples/s, eta: 2:40:58, max_mem_reserved: 25002 MB, max_mem_allocated: 13654 MB
[2025/11/14 14:17:00] ppocr INFO: epoch: [6/20], global_step: 6450, lr: 0.000027, acc: 0.617647, norm_edit_dis: 0.926641, CTCLoss: 4.401101, NRTRLoss: 1.373829, loss: 5.767205, avg_reader_cost: 0.00297 s, avg_batch_cost: 0.61693 s, avg_samples: 91.6, ips: 148.47736 samples/s, eta: 2:40:51, max_mem_reserved: 25002 MB, max_mem_allocated: 13654 MB
[2025/11/14 14:17:06] ppocr INFO: epoch: [6/20], global_step: 6460, lr: 0.000027, acc: 0.623529, norm_edit_dis: 0.923585, CTCLoss: 4.152377, NRTRLoss: 1.373829, loss: 5.539721, avg_reader_cost: 0.00331 s, avg_batch_cost: 0.66144 s, avg_samples: 100.2, ips: 151.48701 samples/s, eta: 2:40:45, max_mem_reserved: 25002 MB, max_mem_allocated: 13654 MB
[2025/11/14 14:17:13] ppocr INFO: epoch: [6/20], global_step: 6470, lr: 0.000027, acc: 0.414062, norm_edit_dis: 0.868830, CTCLoss: 7.148692, NRTRLoss: 1.409629, loss: 8.546420, avg_reader_cost: 0.00332 s, avg_batch_cost: 0.66745 s, avg_samples: 110.9, ips: 166.15485 samples/s, eta: 2:40:40, max_mem_reserved: 25002 MB, max_mem_allocated: 13654 MB
[2025/11/14 14:17:19] ppocr INFO: epoch: [6/20], global_step: 6480, lr: 0.000027, acc: 0.417969, norm_edit_dis: 0.860350, CTCLoss: 7.444911, NRTRLoss: 1.413350, loss: 8.886292, avg_reader_cost: 0.00291 s, avg_batch_cost: 0.64289 s, avg_samples: 104.5, ips: 162.54645 samples/s, eta: 2:40:34, max_mem_reserved: 25002 MB, max_mem_allocated: 13654 MB
[2025/11/14 14:17:25] ppocr INFO: epoch: [6/20], global_step: 6490, lr: 0.000027, acc: 0.585937, norm_edit_dis: 0.914551, CTCLoss: 5.364877, NRTRLoss: 1.394327, loss: 6.732956, avg_reader_cost: 0.00334 s, avg_batch_cost: 0.58147 s, avg_samples: 91.6, ips: 157.53161 samples/s, eta: 2:40:26, max_mem_reserved: 25002 MB, max_mem_allocated: 13654 MB
[2025/11/14 14:17:32] ppocr INFO: epoch: [6/20], global_step: 6500, lr: 0.000027, acc: 0.515625, norm_edit_dis: 0.892064, CTCLoss: 6.571273, NRTRLoss: 1.394327, loss: 7.959513, avg_reader_cost: 0.00296 s, avg_batch_cost: 0.66013 s, avg_samples: 110.9, ips: 167.99627 samples/s, eta: 2:40:21, max_mem_reserved: 25002 MB, max_mem_allocated: 13654 MB
[2025/11/14 14:18:03] ppocr INFO: cur metric, acc: 0.6552999993447001, norm_edit_dis: 0.9409787088565997, fps: 786.7928625464069
[2025/11/14 14:18:03] ppocr INFO: best metric, acc: 0.7136999992863, is_float16: False, norm_edit_dis: 0.9518032200494954, fps: 704.4495918200284, best_epoch: 6
[2025/11/14 14:18:08] ppocr INFO: epoch: [6/20], global_step: 6510, lr: 0.000027, acc: 0.600000, norm_edit_dis: 0.915421, CTCLoss: 4.652464, NRTRLoss: 1.386245, loss: 6.035856, avg_reader_cost: 0.00297 s, avg_batch_cost: 0.56658 s, avg_samples: 83.1, ips: 146.66886 samples/s, eta: 2:40:13, max_mem_reserved: 25002 MB, max_mem_allocated: 13654 MB
[2025/11/14 14:18:12] ppocr INFO: epoch: [6/20], global_step: 6516, lr: 0.000027, acc: 0.625000, norm_edit_dis: 0.930076, CTCLoss: 3.993292, NRTRLoss: 1.376027, loss: 5.361961, avg_reader_cost: 0.00178 s, avg_batch_cost: 0.37818 s, avg_samples: 53.3, ips: 140.93833 samples/s, eta: 2:40:09, max_mem_reserved: 25002 MB, max_mem_allocated: 13654 MB
[2025/11/14 14:18:15] ppocr INFO: save model in ./output/latest
[2025/11/14 14:18:16] ppocr INFO: save model in ./output/iter_epoch_6
[2025/11/14 14:18:21] ppocr INFO: epoch: [7/20], global_step: 6520, lr: 0.000027, acc: 0.645772, norm_edit_dis: 0.938379, CTCLoss: 3.786509, NRTRLoss: 1.368669, loss: 5.146714, avg_reader_cost: 0.56660 s, avg_batch_cost: 0.83824 s, avg_samples: 38.3, ips: 45.69088 samples/s, eta: 2:40:20, max_mem_reserved: 25002 MB, max_mem_allocated: 13654 MB
[2025/11/14 14:18:27] ppocr INFO: epoch: [7/20], global_step: 6530, lr: 0.000027, acc: 0.611765, norm_edit_dis: 0.928253, CTCLoss: 4.011693, NRTRLoss: 1.372700, loss: 5.369413, avg_reader_cost: 0.00295 s, avg_batch_cost: 0.63705 s, avg_samples: 102.3, ips: 160.58307 samples/s, eta: 2:40:14, max_mem_reserved: 25002 MB, max_mem_allocated: 13654 MB
[2025/11/14 14:18:33] ppocr INFO: epoch: [7/20], global_step: 6540, lr: 0.000027, acc: 0.635294, norm_edit_dis: 0.937492, CTCLoss: 3.882487, NRTRLoss: 1.362667, loss: 5.244176, avg_reader_cost: 0.00296 s, avg_batch_cost: 0.56058 s, avg_samples: 76.7, ips: 136.82281 samples/s, eta: 2:40:06, max_mem_reserved: 25002 MB, max_mem_allocated: 13654 MB
[2025/11/14 14:18:38] ppocr INFO: epoch: [7/20], global_step: 6550, lr: 0.000027, acc: 0.635294, norm_edit_dis: 0.938468, CTCLoss: 3.290509, NRTRLoss: 1.355978, loss: 4.648248, avg_reader_cost: 0.00294 s, avg_batch_cost: 0.58338 s, avg_samples: 83.1, ips: 142.44599 samples/s, eta: 2:39:58, max_mem_reserved: 25002 MB, max_mem_allocated: 13654 MB
[2025/11/14 14:18:45] ppocr INFO: epoch: [7/20], global_step: 6560, lr: 0.000027, acc: 0.585110, norm_edit_dis: 0.927311, CTCLoss: 4.181730, NRTRLoss: 1.366051, loss: 5.533851, avg_reader_cost: 0.00365 s, avg_batch_cost: 0.65578 s, avg_samples: 108.8, ips: 165.90909 samples/s, eta: 2:39:53, max_mem_reserved: 25002 MB, max_mem_allocated: 13654 MB
[2025/11/14 14:18:51] ppocr INFO: epoch: [7/20], global_step: 6570, lr: 0.000027, acc: 0.441406, norm_edit_dis: 0.868105, CTCLoss: 7.141428, NRTRLoss: 1.397385, loss: 8.561838, avg_reader_cost: 0.00335 s, avg_batch_cost: 0.65427 s, avg_samples: 106.6, ips: 162.92930 samples/s, eta: 2:39:47, max_mem_reserved: 25002 MB, max_mem_allocated: 13654 MB
[2025/11/14 14:18:58] ppocr INFO: epoch: [7/20], global_step: 6580, lr: 0.000027, acc: 0.441406, norm_edit_dis: 0.871857, CTCLoss: 7.267401, NRTRLoss: 1.399385, loss: 8.689806, avg_reader_cost: 0.00326 s, avg_batch_cost: 0.65809 s, avg_samples: 104.4, ips: 158.64053 samples/s, eta: 2:39:41, max_mem_reserved: 25002 MB, max_mem_allocated: 13654 MB
[2025/11/14 14:19:04] ppocr INFO: epoch: [7/20], global_step: 6590, lr: 0.000027, acc: 0.643842, norm_edit_dis: 0.928676, CTCLoss: 4.025258, NRTRLoss: 1.382921, loss: 5.403999, avg_reader_cost: 0.00389 s, avg_batch_cost: 0.61302 s, avg_samples: 80.9, ips: 131.97011 samples/s, eta: 2:39:34, max_mem_reserved: 25002 MB, max_mem_allocated: 13654 MB
[2025/11/14 14:19:11] ppocr INFO: epoch: [7/20], global_step: 6600, lr: 0.000027, acc: 0.632812, norm_edit_dis: 0.928841, CTCLoss: 3.894623, NRTRLoss: 1.374237, loss: 5.265059, avg_reader_cost: 0.00344 s, avg_batch_cost: 0.65829 s, avg_samples: 95.9, ips: 145.67951 samples/s, eta: 2:39:28, max_mem_reserved: 25002 MB, max_mem_allocated: 13654 MB
[2025/11/14 14:19:44] ppocr INFO: cur metric, acc: 0.722999999277, norm_edit_dis: 0.9524936388326022, fps: 667.1688256672326
[2025/11/14 14:19:47] ppocr INFO: save best model is to ./output/best_accuracy
[2025/11/14 14:19:47] ppocr INFO: best metric, acc: 0.722999999277, is_float16: False, norm_edit_dis: 0.9524936388326022, fps: 667.1688256672326, best_epoch: 7
[2025/11/14 14:19:53] ppocr INFO: epoch: [7/20], global_step: 6610, lr: 0.000027, acc: 0.632812, norm_edit_dis: 0.936244, CTCLoss: 3.718510, NRTRLoss: 1.368365, loss: 5.082810, avg_reader_cost: 0.00313 s, avg_batch_cost: 0.62354 s, avg_samples: 80.9, ips: 129.74308 samples/s, eta: 2:39:22, max_mem_reserved: 25002 MB, max_mem_allocated: 13654 MB
[2025/11/14 14:19:59] ppocr INFO: epoch: [7/20], global_step: 6620, lr: 0.000027, acc: 0.643842, norm_edit_dis: 0.937464, CTCLoss: 3.733245, NRTRLoss: 1.370176, loss: 5.088639, avg_reader_cost: 0.00286 s, avg_batch_cost: 0.61549 s, avg_samples: 95.9, ips: 155.81126 samples/s, eta: 2:39:15, max_mem_reserved: 25002 MB, max_mem_allocated: 13654 MB
[2025/11/14 14:20:05] ppocr INFO: epoch: [7/20], global_step: 6630, lr: 0.000027, acc: 0.664706, norm_edit_dis: 0.928620, CTCLoss: 4.245319, NRTRLoss: 1.367859, loss: 5.619775, avg_reader_cost: 0.00288 s, avg_batch_cost: 0.57496 s, avg_samples: 87.3, ips: 151.83610 samples/s, eta: 2:39:08, max_mem_reserved: 25002 MB, max_mem_allocated: 13654 MB
[2025/11/14 14:20:11] ppocr INFO: epoch: [7/20], global_step: 6640, lr: 0.000027, acc: 0.655607, norm_edit_dis: 0.931935, CTCLoss: 4.546753, NRTRLoss: 1.367005, loss: 5.921316, avg_reader_cost: 0.00348 s, avg_batch_cost: 0.63307 s, avg_samples: 98.1, ips: 154.95805 samples/s, eta: 2:39:01, max_mem_reserved: 25002 MB, max_mem_allocated: 13654 MB
[2025/11/14 14:20:18] ppocr INFO: epoch: [7/20], global_step: 6650, lr: 0.000027, acc: 0.649724, norm_edit_dis: 0.932339, CTCLoss: 4.093782, NRTRLoss: 1.364215, loss: 5.457514, avg_reader_cost: 0.00289 s, avg_batch_cost: 0.62773 s, avg_samples: 93.6, ips: 149.10800 samples/s, eta: 2:38:55, max_mem_reserved: 25002 MB, max_mem_allocated: 13654 MB
[2025/11/14 14:20:24] ppocr INFO: epoch: [7/20], global_step: 6660, lr: 0.000027, acc: 0.629412, norm_edit_dis: 0.923841, CTCLoss: 4.093782, NRTRLoss: 1.369018, loss: 5.457514, avg_reader_cost: 0.00289 s, avg_batch_cost: 0.65498 s, avg_samples: 104.5, ips: 159.54747 samples/s, eta: 2:38:49, max_mem_reserved: 25002 MB, max_mem_allocated: 13654 MB
[2025/11/14 14:20:31] ppocr INFO: epoch: [7/20], global_step: 6670, lr: 0.000027, acc: 0.460937, norm_edit_dis: 0.881275, CTCLoss: 6.370522, NRTRLoss: 1.385118, loss: 7.757695, avg_reader_cost: 0.00300 s, avg_batch_cost: 0.65032 s, avg_samples: 100.2, ips: 154.07695 samples/s, eta: 2:38:43, max_mem_reserved: 25002 MB, max_mem_allocated: 13654 MB
[2025/11/14 14:20:37] ppocr INFO: epoch: [7/20], global_step: 6680, lr: 0.000027, acc: 0.635294, norm_edit_dis: 0.930218, CTCLoss: 3.741661, NRTRLoss: 1.365312, loss: 5.102248, avg_reader_cost: 0.00292 s, avg_batch_cost: 0.58839 s, avg_samples: 81.0, ips: 137.66389 samples/s, eta: 2:38:36, max_mem_reserved: 25002 MB, max_mem_allocated: 13654 MB
[2025/11/14 14:20:43] ppocr INFO: epoch: [7/20], global_step: 6690, lr: 0.000027, acc: 0.635294, norm_edit_dis: 0.933701, CTCLoss: 3.263307, NRTRLoss: 1.361691, loss: 4.618264, avg_reader_cost: 0.00340 s, avg_batch_cost: 0.63740 s, avg_samples: 89.5, ips: 140.41512 samples/s, eta: 2:38:29, max_mem_reserved: 25002 MB, max_mem_allocated: 13654 MB
[2025/11/14 14:20:49] ppocr INFO: epoch: [7/20], global_step: 6700, lr: 0.000027, acc: 0.663419, norm_edit_dis: 0.935777, CTCLoss: 3.093852, NRTRLoss: 1.361519, loss: 4.449326, avg_reader_cost: 0.00291 s, avg_batch_cost: 0.62008 s, avg_samples: 91.5, ips: 147.56074 samples/s, eta: 2:38:23, max_mem_reserved: 25002 MB, max_mem_allocated: 13654 MB
[2025/11/14 14:21:21] ppocr INFO: cur metric, acc: 0.7311999992688, norm_edit_dis: 0.9550895091914331, fps: 720.7387156676192
[2025/11/14 14:21:24] ppocr INFO: save best model is to ./output/best_accuracy
[2025/11/14 14:21:24] ppocr INFO: best metric, acc: 0.7311999992688, is_float16: False, norm_edit_dis: 0.9550895091914331, fps: 720.7387156676192, best_epoch: 7
[2025/11/14 14:21:30] ppocr INFO: epoch: [7/20], global_step: 6710, lr: 0.000027, acc: 0.698621, norm_edit_dis: 0.945534, CTCLoss: 2.855455, NRTRLoss: 1.352923, loss: 4.199590, avg_reader_cost: 0.00304 s, avg_batch_cost: 0.64403 s, avg_samples: 89.5, ips: 138.96867 samples/s, eta: 2:38:17, max_mem_reserved: 25002 MB, max_mem_allocated: 13654 MB
[2025/11/14 14:21:37] ppocr INFO: epoch: [7/20], global_step: 6720, lr: 0.000027, acc: 0.651654, norm_edit_dis: 0.941522, CTCLoss: 3.378446, NRTRLoss: 1.353713, loss: 4.739068, avg_reader_cost: 0.00290 s, avg_batch_cost: 0.63011 s, avg_samples: 89.4, ips: 141.87953 samples/s, eta: 2:38:10, max_mem_reserved: 25002 MB, max_mem_allocated: 13654 MB
[2025/11/14 14:21:43] ppocr INFO: epoch: [7/20], global_step: 6730, lr: 0.000027, acc: 0.643842, norm_edit_dis: 0.930713, CTCLoss: 3.650443, NRTRLoss: 1.359935, loss: 5.000730, avg_reader_cost: 0.00291 s, avg_batch_cost: 0.61747 s, avg_samples: 91.6, ips: 148.34636 samples/s, eta: 2:38:04, max_mem_reserved: 25002 MB, max_mem_allocated: 13654 MB
[2025/11/14 14:21:49] ppocr INFO: epoch: [7/20], global_step: 6740, lr: 0.000027, acc: 0.658823, norm_edit_dis: 0.930713, CTCLoss: 3.432696, NRTRLoss: 1.358281, loss: 4.809002, avg_reader_cost: 0.00342 s, avg_batch_cost: 0.59605 s, avg_samples: 83.0, ips: 139.25108 samples/s, eta: 2:37:57, max_mem_reserved: 25002 MB, max_mem_allocated: 13654 MB
[2025/11/14 14:21:55] ppocr INFO: epoch: [7/20], global_step: 6750, lr: 0.000027, acc: 0.629412, norm_edit_dis: 0.927834, CTCLoss: 4.273677, NRTRLoss: 1.372987, loss: 5.639700, avg_reader_cost: 0.00344 s, avg_batch_cost: 0.66547 s, avg_samples: 108.7, ips: 163.34243 samples/s, eta: 2:37:51, max_mem_reserved: 25002 MB, max_mem_allocated: 13654 MB
[2025/11/14 14:22:01] ppocr INFO: epoch: [7/20], global_step: 6760, lr: 0.000027, acc: 0.617647, norm_edit_dis: 0.930529, CTCLoss: 4.273677, NRTRLoss: 1.371609, loss: 5.639700, avg_reader_cost: 0.00340 s, avg_batch_cost: 0.57831 s, avg_samples: 83.1, ips: 143.69476 samples/s, eta: 2:37:43, max_mem_reserved: 25002 MB, max_mem_allocated: 13654 MB
[2025/11/14 14:22:07] ppocr INFO: epoch: [7/20], global_step: 6770, lr: 0.000027, acc: 0.651654, norm_edit_dis: 0.941160, CTCLoss: 3.441438, NRTRLoss: 1.352827, loss: 4.786508, avg_reader_cost: 0.00290 s, avg_batch_cost: 0.59826 s, avg_samples: 87.4, ips: 146.09131 samples/s, eta: 2:37:36, max_mem_reserved: 25002 MB, max_mem_allocated: 13654 MB
[2025/11/14 14:22:13] ppocr INFO: epoch: [7/20], global_step: 6780, lr: 0.000027, acc: 0.612500, norm_edit_dis: 0.932090, CTCLoss: 4.062582, NRTRLoss: 1.364429, loss: 5.428386, avg_reader_cost: 0.00338 s, avg_batch_cost: 0.62520 s, avg_samples: 100.2, ips: 160.26867 samples/s, eta: 2:37:30, max_mem_reserved: 25002 MB, max_mem_allocated: 13654 MB
[2025/11/14 14:22:20] ppocr INFO: epoch: [7/20], global_step: 6790, lr: 0.000027, acc: 0.589062, norm_edit_dis: 0.935062, CTCLoss: 4.124481, NRTRLoss: 1.365297, loss: 5.471977, avg_reader_cost: 0.00291 s, avg_batch_cost: 0.63688 s, avg_samples: 95.9, ips: 150.57676 samples/s, eta: 2:37:24, max_mem_reserved: 25002 MB, max_mem_allocated: 13654 MB
[2025/11/14 14:22:26] ppocr INFO: epoch: [7/20], global_step: 6800, lr: 0.000027, acc: 0.645772, norm_edit_dis: 0.939787, CTCLoss: 3.315411, NRTRLoss: 1.369735, loss: 4.696358, avg_reader_cost: 0.00290 s, avg_batch_cost: 0.59779 s, avg_samples: 89.4, ips: 149.54974 samples/s, eta: 2:37:17, max_mem_reserved: 25002 MB, max_mem_allocated: 13654 MB
[2025/11/14 14:22:58] ppocr INFO: cur metric, acc: 0.7285999992714001, norm_edit_dis: 0.9543258544085834, fps: 698.4652712817176
[2025/11/14 14:22:58] ppocr INFO: best metric, acc: 0.7311999992688, is_float16: False, norm_edit_dis: 0.9550895091914331, fps: 720.7387156676192, best_epoch: 7
[2025/11/14 14:23:04] ppocr INFO: epoch: [7/20], global_step: 6810, lr: 0.000027, acc: 0.658823, norm_edit_dis: 0.941507, CTCLoss: 3.365726, NRTRLoss: 1.356643, loss: 4.723474, avg_reader_cost: 0.00355 s, avg_batch_cost: 0.61213 s, avg_samples: 85.2, ips: 139.18603 samples/s, eta: 2:37:10, max_mem_reserved: 25002 MB, max_mem_allocated: 13654 MB
[2025/11/14 14:23:10] ppocr INFO: epoch: [7/20], global_step: 6820, lr: 0.000027, acc: 0.671875, norm_edit_dis: 0.940725, CTCLoss: 3.463296, NRTRLoss: 1.356643, loss: 4.803696, avg_reader_cost: 0.00325 s, avg_batch_cost: 0.61917 s, avg_samples: 100.2, ips: 161.83029 samples/s, eta: 2:37:03, max_mem_reserved: 25002 MB, max_mem_allocated: 13654 MB
[2025/11/14 14:23:16] ppocr INFO: epoch: [7/20], global_step: 6830, lr: 0.000027, acc: 0.606618, norm_edit_dis: 0.930515, CTCLoss: 3.721311, NRTRLoss: 1.372992, loss: 5.092802, avg_reader_cost: 0.00308 s, avg_batch_cost: 0.61444 s, avg_samples: 95.9, ips: 156.07603 samples/s, eta: 2:36:56, max_mem_reserved: 25002 MB, max_mem_allocated: 13654 MB
[2025/11/14 14:23:23] ppocr INFO: epoch: [7/20], global_step: 6840, lr: 0.000027, acc: 0.598805, norm_edit_dis: 0.932700, CTCLoss: 4.571866, NRTRLoss: 1.377042, loss: 5.944026, avg_reader_cost: 0.00322 s, avg_batch_cost: 0.63461 s, avg_samples: 98.1, ips: 154.58268 samples/s, eta: 2:36:50, max_mem_reserved: 25002 MB, max_mem_allocated: 13654 MB
[2025/11/14 14:23:29] ppocr INFO: epoch: [7/20], global_step: 6850, lr: 0.000027, acc: 0.624265, norm_edit_dis: 0.932934, CTCLoss: 4.263760, NRTRLoss: 1.374770, loss: 5.638634, avg_reader_cost: 0.00288 s, avg_batch_cost: 0.58690 s, avg_samples: 87.3, ips: 148.74653 samples/s, eta: 2:36:43, max_mem_reserved: 25002 MB, max_mem_allocated: 13654 MB
[2025/11/14 14:23:35] ppocr INFO: epoch: [7/20], global_step: 6860, lr: 0.000027, acc: 0.636029, norm_edit_dis: 0.932934, CTCLoss: 3.727492, NRTRLoss: 1.367096, loss: 5.084581, avg_reader_cost: 0.00288 s, avg_batch_cost: 0.64272 s, avg_samples: 95.9, ips: 149.20846 samples/s, eta: 2:36:37, max_mem_reserved: 25002 MB, max_mem_allocated: 13654 MB
[2025/11/14 14:23:41] ppocr INFO: epoch: [7/20], global_step: 6870, lr: 0.000027, acc: 0.670588, norm_edit_dis: 0.936789, CTCLoss: 3.368799, NRTRLoss: 1.366931, loss: 4.722485, avg_reader_cost: 0.00288 s, avg_batch_cost: 0.62511 s, avg_samples: 85.2, ips: 136.29510 samples/s, eta: 2:36:30, max_mem_reserved: 25002 MB, max_mem_allocated: 13654 MB
[2025/11/14 14:23:48] ppocr INFO: epoch: [7/20], global_step: 6880, lr: 0.000027, acc: 0.663419, norm_edit_dis: 0.932406, CTCLoss: 3.392052, NRTRLoss: 1.363290, loss: 4.752278, avg_reader_cost: 0.00290 s, avg_batch_cost: 0.62820 s, avg_samples: 89.5, ips: 142.47117 samples/s, eta: 2:36:24, max_mem_reserved: 25002 MB, max_mem_allocated: 13654 MB
[2025/11/14 14:23:54] ppocr INFO: epoch: [7/20], global_step: 6890, lr: 0.000027, acc: 0.616452, norm_edit_dis: 0.928101, CTCLoss: 4.371831, NRTRLoss: 1.364676, loss: 5.709150, avg_reader_cost: 0.00327 s, avg_batch_cost: 0.66101 s, avg_samples: 104.4, ips: 157.94087 samples/s, eta: 2:36:18, max_mem_reserved: 25002 MB, max_mem_allocated: 13654 MB
[2025/11/14 14:24:00] ppocr INFO: epoch: [7/20], global_step: 6900, lr: 0.000027, acc: 0.645772, norm_edit_dis: 0.926488, CTCLoss: 4.211170, NRTRLoss: 1.367160, loss: 5.571012, avg_reader_cost: 0.00321 s, avg_batch_cost: 0.61992 s, avg_samples: 89.5, ips: 144.37435 samples/s, eta: 2:36:12, max_mem_reserved: 25002 MB, max_mem_allocated: 13654 MB
[2025/11/14 14:24:33] ppocr INFO: cur metric, acc: 0.7250999992749, norm_edit_dis: 0.9548883176343559, fps: 672.1823936811614
[2025/11/14 14:24:33] ppocr INFO: best metric, acc: 0.7311999992688, is_float16: False, norm_edit_dis: 0.9550895091914331, fps: 720.7387156676192, best_epoch: 7
[2025/11/14 14:24:40] ppocr INFO: epoch: [7/20], global_step: 6910, lr: 0.000027, acc: 0.651654, norm_edit_dis: 0.928723, CTCLoss: 3.510346, NRTRLoss: 1.364478, loss: 4.863263, avg_reader_cost: 0.00299 s, avg_batch_cost: 0.63029 s, avg_samples: 89.5, ips: 141.99896 samples/s, eta: 2:36:05, max_mem_reserved: 25002 MB, max_mem_allocated: 13654 MB
[2025/11/14 14:24:46] ppocr INFO: epoch: [7/20], global_step: 6920, lr: 0.000027, acc: 0.682353, norm_edit_dis: 0.940477, CTCLoss: 3.262326, NRTRLoss: 1.356879, loss: 4.619601, avg_reader_cost: 0.00381 s, avg_batch_cost: 0.64007 s, avg_samples: 87.3, ips: 136.39146 samples/s, eta: 2:35:59, max_mem_reserved: 25002 MB, max_mem_allocated: 13654 MB
[2025/11/14 14:24:53] ppocr INFO: epoch: [7/20], global_step: 6930, lr: 0.000027, acc: 0.563787, norm_edit_dis: 0.900984, CTCLoss: 5.041286, NRTRLoss: 1.394608, loss: 6.440673, avg_reader_cost: 0.00295 s, avg_batch_cost: 0.68595 s, avg_samples: 117.3, ips: 171.00303 samples/s, eta: 2:35:54, max_mem_reserved: 25002 MB, max_mem_allocated: 13654 MB
[2025/11/14 14:24:59] ppocr INFO: epoch: [7/20], global_step: 6940, lr: 0.000027, acc: 0.445312, norm_edit_dis: 0.879994, CTCLoss: 6.580272, NRTRLoss: 1.401119, loss: 7.981392, avg_reader_cost: 0.00290 s, avg_batch_cost: 0.63456 s, avg_samples: 98.0, ips: 154.43669 samples/s, eta: 2:35:48, max_mem_reserved: 25002 MB, max_mem_allocated: 13654 MB
[2025/11/14 14:25:06] ppocr INFO: epoch: [7/20], global_step: 6950, lr: 0.000027, acc: 0.594118, norm_edit_dis: 0.920903, CTCLoss: 4.546225, NRTRLoss: 1.380081, loss: 5.909685, avg_reader_cost: 0.00285 s, avg_batch_cost: 0.65651 s, avg_samples: 104.4, ips: 159.02294 samples/s, eta: 2:35:42, max_mem_reserved: 25002 MB, max_mem_allocated: 13654 MB
[2025/11/14 14:25:12] ppocr INFO: epoch: [7/20], global_step: 6960, lr: 0.000027, acc: 0.641176, norm_edit_dis: 0.929103, CTCLoss: 4.150566, NRTRLoss: 1.372784, loss: 5.512743, avg_reader_cost: 0.00295 s, avg_batch_cost: 0.61502 s, avg_samples: 87.3, ips: 141.94604 samples/s, eta: 2:35:35, max_mem_reserved: 25002 MB, max_mem_allocated: 13654 MB
[2025/11/14 14:25:19] ppocr INFO: epoch: [7/20], global_step: 6970, lr: 0.000027, acc: 0.635294, norm_edit_dis: 0.931461, CTCLoss: 4.150566, NRTRLoss: 1.368736, loss: 5.512743, avg_reader_cost: 0.00313 s, avg_batch_cost: 0.66184 s, avg_samples: 104.4, ips: 157.74157 samples/s, eta: 2:35:29, max_mem_reserved: 25002 MB, max_mem_allocated: 13654 MB
[2025/11/14 14:25:25] ppocr INFO: epoch: [7/20], global_step: 6980, lr: 0.000027, acc: 0.665349, norm_edit_dis: 0.944380, CTCLoss: 3.186136, NRTRLoss: 1.353568, loss: 4.549217, avg_reader_cost: 0.00280 s, avg_batch_cost: 0.59778 s, avg_samples: 76.6, ips: 128.14058 samples/s, eta: 2:35:22, max_mem_reserved: 25002 MB, max_mem_allocated: 13654 MB
[2025/11/14 14:25:30] ppocr INFO: epoch: [7/20], global_step: 6990, lr: 0.000027, acc: 0.665349, norm_edit_dis: 0.945844, CTCLoss: 3.062762, NRTRLoss: 1.348897, loss: 4.409016, avg_reader_cost: 0.00283 s, avg_batch_cost: 0.58831 s, avg_samples: 81.0, ips: 137.68148 samples/s, eta: 2:35:15, max_mem_reserved: 25002 MB, max_mem_allocated: 13654 MB
[2025/11/14 14:25:37] ppocr INFO: epoch: [7/20], global_step: 7000, lr: 0.000027, acc: 0.632812, norm_edit_dis: 0.934112, CTCLoss: 4.256962, NRTRLoss: 1.365343, loss: 5.633107, avg_reader_cost: 0.00287 s, avg_batch_cost: 0.67356 s, avg_samples: 102.4, ips: 152.02698 samples/s, eta: 2:35:10, max_mem_reserved: 25002 MB, max_mem_allocated: 13654 MB
[2025/11/14 14:26:11] ppocr INFO: cur metric, acc: 0.7150999992849, norm_edit_dis: 0.9525703563237718, fps: 670.5577835428493
[2025/11/14 14:26:11] ppocr INFO: best metric, acc: 0.7311999992688, is_float16: False, norm_edit_dis: 0.9550895091914331, fps: 720.7387156676192, best_epoch: 7
[2025/11/14 14:26:17] ppocr INFO: epoch: [7/20], global_step: 7010, lr: 0.000026, acc: 0.677114, norm_edit_dis: 0.943853, CTCLoss: 2.989398, NRTRLoss: 1.353829, loss: 4.337719, avg_reader_cost: 0.00296 s, avg_batch_cost: 0.57593 s, avg_samples: 78.8, ips: 136.82157 samples/s, eta: 2:35:02, max_mem_reserved: 25002 MB, max_mem_allocated: 13654 MB
[2025/11/14 14:26:23] ppocr INFO: epoch: [7/20], global_step: 7020, lr: 0.000026, acc: 0.682353, norm_edit_dis: 0.940069, CTCLoss: 3.015050, NRTRLoss: 1.357763, loss: 4.372469, avg_reader_cost: 0.00301 s, avg_batch_cost: 0.63763 s, avg_samples: 95.9, ips: 150.40006 samples/s, eta: 2:34:56, max_mem_reserved: 25002 MB, max_mem_allocated: 13654 MB
[2025/11/14 14:26:29] ppocr INFO: epoch: [7/20], global_step: 7030, lr: 0.000026, acc: 0.671232, norm_edit_dis: 0.934790, CTCLoss: 3.686623, NRTRLoss: 1.373700, loss: 5.056138, avg_reader_cost: 0.00297 s, avg_batch_cost: 0.61499 s, avg_samples: 89.5, ips: 145.53153 samples/s, eta: 2:34:49, max_mem_reserved: 25002 MB, max_mem_allocated: 13654 MB
[2025/11/14 14:26:36] ppocr INFO: epoch: [7/20], global_step: 7040, lr: 0.000026, acc: 0.632812, norm_edit_dis: 0.937424, CTCLoss: 3.686623, NRTRLoss: 1.357998, loss: 5.056138, avg_reader_cost: 0.00333 s, avg_batch_cost: 0.65662 s, avg_samples: 100.2, ips: 152.59883 samples/s, eta: 2:34:43, max_mem_reserved: 25002 MB, max_mem_allocated: 13654 MB
[2025/11/14 14:26:42] ppocr INFO: epoch: [7/20], global_step: 7050, lr: 0.000026, acc: 0.612500, norm_edit_dis: 0.931049, CTCLoss: 3.582951, NRTRLoss: 1.362511, loss: 4.938617, avg_reader_cost: 0.00293 s, avg_batch_cost: 0.63578 s, avg_samples: 91.6, ips: 144.07426 samples/s, eta: 2:34:37, max_mem_reserved: 25002 MB, max_mem_allocated: 13654 MB
[2025/11/14 14:26:48] ppocr INFO: epoch: [7/20], global_step: 7060, lr: 0.000026, acc: 0.624265, norm_edit_dis: 0.935364, CTCLoss: 3.978503, NRTRLoss: 1.362222, loss: 5.320100, avg_reader_cost: 0.00299 s, avg_batch_cost: 0.62285 s, avg_samples: 91.6, ips: 147.06667 samples/s, eta: 2:34:31, max_mem_reserved: 25002 MB, max_mem_allocated: 13654 MB
[2025/11/14 14:26:54] ppocr INFO: epoch: [7/20], global_step: 7070, lr: 0.000026, acc: 0.624265, norm_edit_dis: 0.932246, CTCLoss: 4.304162, NRTRLoss: 1.367862, loss: 5.664689, avg_reader_cost: 0.00338 s, avg_batch_cost: 0.61468 s, avg_samples: 91.6, ips: 149.02069 samples/s, eta: 2:34:24, max_mem_reserved: 25002 MB, max_mem_allocated: 13654 MB
[2025/11/14 14:27:01] ppocr INFO: epoch: [7/20], global_step: 7080, lr: 0.000026, acc: 0.624265, norm_edit_dis: 0.924277, CTCLoss: 4.396286, NRTRLoss: 1.377183, loss: 5.762290, avg_reader_cost: 0.00298 s, avg_batch_cost: 0.66228 s, avg_samples: 102.3, ips: 154.46560 samples/s, eta: 2:34:18, max_mem_reserved: 25002 MB, max_mem_allocated: 13654 MB
[2025/11/14 14:27:08] ppocr INFO: epoch: [7/20], global_step: 7090, lr: 0.000026, acc: 0.468750, norm_edit_dis: 0.889006, CTCLoss: 5.868227, NRTRLoss: 1.377183, loss: 7.251827, avg_reader_cost: 0.00295 s, avg_batch_cost: 0.65511 s, avg_samples: 108.7, ips: 165.92576 samples/s, eta: 2:34:12, max_mem_reserved: 25002 MB, max_mem_allocated: 13654 MB
[2025/11/14 14:27:14] ppocr INFO: epoch: [7/20], global_step: 7100, lr: 0.000026, acc: 0.624265, norm_edit_dis: 0.932940, CTCLoss: 3.726527, NRTRLoss: 1.363594, loss: 5.072760, avg_reader_cost: 0.00366 s, avg_batch_cost: 0.63819 s, avg_samples: 95.8, ips: 150.11299 samples/s, eta: 2:34:06, max_mem_reserved: 25002 MB, max_mem_allocated: 13654 MB
[2025/11/14 14:27:47] ppocr INFO: cur metric, acc: 0.7173999992826, norm_edit_dis: 0.9534389289069521, fps: 659.0192973229745
[2025/11/14 14:27:47] ppocr INFO: best metric, acc: 0.7311999992688, is_float16: False, norm_edit_dis: 0.9550895091914331, fps: 720.7387156676192, best_epoch: 7
[2025/11/14 14:27:53] ppocr INFO: epoch: [7/20], global_step: 7110, lr: 0.000026, acc: 0.657537, norm_edit_dis: 0.940208, CTCLoss: 3.112538, NRTRLoss: 1.354314, loss: 4.467208, avg_reader_cost: 0.00296 s, avg_batch_cost: 0.58889 s, avg_samples: 81.0, ips: 137.54605 samples/s, eta: 2:33:59, max_mem_reserved: 25002 MB, max_mem_allocated: 13654 MB
[2025/11/14 14:27:59] ppocr INFO: epoch: [7/20], global_step: 7120, lr: 0.000026, acc: 0.656250, norm_edit_dis: 0.940795, CTCLoss: 3.662698, NRTRLoss: 1.355851, loss: 5.017611, avg_reader_cost: 0.00295 s, avg_batch_cost: 0.61323 s, avg_samples: 98.0, ips: 159.81024 samples/s, eta: 2:33:52, max_mem_reserved: 25002 MB, max_mem_allocated: 13654 MB
[2025/11/14 14:28:06] ppocr INFO: epoch: [7/20], global_step: 7130, lr: 0.000026, acc: 0.624265, norm_edit_dis: 0.932061, CTCLoss: 5.281205, NRTRLoss: 1.359927, loss: 6.632420, avg_reader_cost: 0.00295 s, avg_batch_cost: 0.64450 s, avg_samples: 98.0, ips: 152.05577 samples/s, eta: 2:33:46, max_mem_reserved: 25002 MB, max_mem_allocated: 13654 MB
[2025/11/14 14:28:12] ppocr INFO: epoch: [7/20], global_step: 7140, lr: 0.000026, acc: 0.632812, norm_edit_dis: 0.938827, CTCLoss: 3.288407, NRTRLoss: 1.354903, loss: 4.633783, avg_reader_cost: 0.00293 s, avg_batch_cost: 0.59941 s, avg_samples: 87.3, ips: 145.64414 samples/s, eta: 2:33:39, max_mem_reserved: 25002 MB, max_mem_allocated: 13654 MB
[2025/11/14 14:28:18] ppocr INFO: epoch: [7/20], global_step: 7150, lr: 0.000026, acc: 0.664706, norm_edit_dis: 0.936916, CTCLoss: 3.532523, NRTRLoss: 1.373133, loss: 4.906497, avg_reader_cost: 0.00293 s, avg_batch_cost: 0.63702 s, avg_samples: 100.2, ips: 157.29611 samples/s, eta: 2:33:33, max_mem_reserved: 25002 MB, max_mem_allocated: 13654 MB
[2025/11/14 14:28:24] ppocr INFO: epoch: [7/20], global_step: 7160, lr: 0.000026, acc: 0.641912, norm_edit_dis: 0.931233, CTCLoss: 4.087266, NRTRLoss: 1.382927, loss: 5.458015, avg_reader_cost: 0.00295 s, avg_batch_cost: 0.62849 s, avg_samples: 93.8, ips: 149.24677 samples/s, eta: 2:33:26, max_mem_reserved: 25002 MB, max_mem_allocated: 13654 MB
[2025/11/14 14:28:31] ppocr INFO: epoch: [7/20], global_step: 7170, lr: 0.000026, acc: 0.664706, norm_edit_dis: 0.947561, CTCLoss: 3.251671, NRTRLoss: 1.351313, loss: 4.601793, avg_reader_cost: 0.00294 s, avg_batch_cost: 0.63071 s, avg_samples: 93.7, ips: 148.56261 samples/s, eta: 2:33:20, max_mem_reserved: 25002 MB, max_mem_allocated: 13654 MB
[2025/11/14 14:28:37] ppocr INFO: epoch: [7/20], global_step: 7180, lr: 0.000026, acc: 0.670588, norm_edit_dis: 0.939950, CTCLoss: 3.202692, NRTRLoss: 1.360051, loss: 4.571417, avg_reader_cost: 0.00295 s, avg_batch_cost: 0.62655 s, avg_samples: 95.9, ips: 153.05933 samples/s, eta: 2:33:14, max_mem_reserved: 25002 MB, max_mem_allocated: 13654 MB
[2025/11/14 14:28:43] ppocr INFO: epoch: [7/20], global_step: 7190, lr: 0.000026, acc: 0.632077, norm_edit_dis: 0.938495, CTCLoss: 3.416272, NRTRLoss: 1.364086, loss: 4.787587, avg_reader_cost: 0.00292 s, avg_batch_cost: 0.60780 s, avg_samples: 85.3, ips: 140.34336 samples/s, eta: 2:33:07, max_mem_reserved: 25002 MB, max_mem_allocated: 13654 MB
[2025/11/14 14:28:49] ppocr INFO: epoch: [7/20], global_step: 7200, lr: 0.000026, acc: 0.670588, norm_edit_dis: 0.943215, CTCLoss: 3.336216, NRTRLoss: 1.352821, loss: 4.699916, avg_reader_cost: 0.00293 s, avg_batch_cost: 0.58034 s, avg_samples: 85.1, ips: 146.63791 samples/s, eta: 2:33:00, max_mem_reserved: 25002 MB, max_mem_allocated: 13654 MB
[2025/11/14 14:29:21] ppocr INFO: cur metric, acc: 0.7445999992554, norm_edit_dis: 0.9580434614876734, fps: 681.2745889368668
[2025/11/14 14:29:24] ppocr INFO: save best model is to ./output/best_accuracy
[2025/11/14 14:29:24] ppocr INFO: best metric, acc: 0.7445999992554, is_float16: False, norm_edit_dis: 0.9580434614876734, fps: 681.2745889368668, best_epoch: 7
[2025/11/14 14:29:30] ppocr INFO: epoch: [7/20], global_step: 7210, lr: 0.000026, acc: 0.670588, norm_edit_dis: 0.937878, CTCLoss: 3.391686, NRTRLoss: 1.363129, loss: 4.763695, avg_reader_cost: 0.00337 s, avg_batch_cost: 0.66517 s, avg_samples: 104.5, ips: 157.10374 samples/s, eta: 2:32:54, max_mem_reserved: 25002 MB, max_mem_allocated: 13654 MB
[2025/11/14 14:29:37] ppocr INFO: epoch: [7/20], global_step: 7220, lr: 0.000026, acc: 0.484375, norm_edit_dis: 0.881568, CTCLoss: 6.328662, NRTRLoss: 1.405797, loss: 7.750844, avg_reader_cost: 0.00289 s, avg_batch_cost: 0.62367 s, avg_samples: 100.2, ips: 160.66099 samples/s, eta: 2:32:47, max_mem_reserved: 25002 MB, max_mem_allocated: 13654 MB
[2025/11/14 14:29:43] ppocr INFO: epoch: [7/20], global_step: 7230, lr: 0.000026, acc: 0.649724, norm_edit_dis: 0.941151, CTCLoss: 3.161682, NRTRLoss: 1.357016, loss: 4.508213, avg_reader_cost: 0.00335 s, avg_batch_cost: 0.61282 s, avg_samples: 89.5, ips: 146.04731 samples/s, eta: 2:32:41, max_mem_reserved: 25002 MB, max_mem_allocated: 13654 MB
[2025/11/14 14:29:49] ppocr INFO: epoch: [7/20], global_step: 7240, lr: 0.000026, acc: 0.671232, norm_edit_dis: 0.944090, CTCLoss: 3.191175, NRTRLoss: 1.347944, loss: 4.532228, avg_reader_cost: 0.00291 s, avg_batch_cost: 0.59650 s, avg_samples: 87.4, ips: 146.52078 samples/s, eta: 2:32:34, max_mem_reserved: 25002 MB, max_mem_allocated: 13654 MB
[2025/11/14 14:29:55] ppocr INFO: epoch: [7/20], global_step: 7250, lr: 0.000026, acc: 0.671875, norm_edit_dis: 0.943412, CTCLoss: 3.310526, NRTRLoss: 1.347365, loss: 4.651565, avg_reader_cost: 0.00290 s, avg_batch_cost: 0.63552 s, avg_samples: 85.2, ips: 134.06368 samples/s, eta: 2:32:27, max_mem_reserved: 25002 MB, max_mem_allocated: 13654 MB
[2025/11/14 14:30:01] ppocr INFO: epoch: [7/20], global_step: 7260, lr: 0.000026, acc: 0.695312, norm_edit_dis: 0.946249, CTCLoss: 2.937407, NRTRLoss: 1.347843, loss: 4.296993, avg_reader_cost: 0.00284 s, avg_batch_cost: 0.58165 s, avg_samples: 80.9, ips: 139.08738 samples/s, eta: 2:32:20, max_mem_reserved: 25002 MB, max_mem_allocated: 13654 MB
[2025/11/14 14:30:07] ppocr INFO: epoch: [7/20], global_step: 7270, lr: 0.000026, acc: 0.718750, norm_edit_dis: 0.949613, CTCLoss: 2.676430, NRTRLoss: 1.348345, loss: 4.024435, avg_reader_cost: 0.00289 s, avg_batch_cost: 0.57230 s, avg_samples: 78.9, ips: 137.86432 samples/s, eta: 2:32:13, max_mem_reserved: 25002 MB, max_mem_allocated: 13654 MB
[2025/11/14 14:30:13] ppocr INFO: epoch: [7/20], global_step: 7280, lr: 0.000026, acc: 0.690809, norm_edit_dis: 0.947833, CTCLoss: 2.859237, NRTRLoss: 1.361658, loss: 4.213072, avg_reader_cost: 0.00290 s, avg_batch_cost: 0.60480 s, avg_samples: 83.1, ips: 137.40101 samples/s, eta: 2:32:06, max_mem_reserved: 25002 MB, max_mem_allocated: 13654 MB
[2025/11/14 14:30:19] ppocr INFO: epoch: [7/20], global_step: 7290, lr: 0.000026, acc: 0.656250, norm_edit_dis: 0.935870, CTCLoss: 3.195481, NRTRLoss: 1.359972, loss: 4.550582, avg_reader_cost: 0.00288 s, avg_batch_cost: 0.62135 s, avg_samples: 91.7, ips: 147.58278 samples/s, eta: 2:31:59, max_mem_reserved: 25002 MB, max_mem_allocated: 13654 MB
[2025/11/14 14:30:25] ppocr INFO: epoch: [7/20], global_step: 7300, lr: 0.000026, acc: 0.656250, norm_edit_dis: 0.938097, CTCLoss: 3.129347, NRTRLoss: 1.357640, loss: 4.481098, avg_reader_cost: 0.00287 s, avg_batch_cost: 0.62067 s, avg_samples: 87.4, ips: 140.81558 samples/s, eta: 2:31:53, max_mem_reserved: 25002 MB, max_mem_allocated: 13654 MB
[2025/11/14 14:30:57] ppocr INFO: cur metric, acc: 0.7403999992596, norm_edit_dis: 0.9576003993124335, fps: 697.9536115474762
[2025/11/14 14:30:57] ppocr INFO: best metric, acc: 0.7445999992554, is_float16: False, norm_edit_dis: 0.9580434614876734, fps: 681.2745889368668, best_epoch: 7
[2025/11/14 14:31:03] ppocr INFO: epoch: [7/20], global_step: 7310, lr: 0.000026, acc: 0.687500, norm_edit_dis: 0.943252, CTCLoss: 2.988883, NRTRLoss: 1.355697, loss: 4.334139, avg_reader_cost: 0.00289 s, avg_batch_cost: 0.61178 s, avg_samples: 83.0, ips: 135.67037 samples/s, eta: 2:31:46, max_mem_reserved: 25002 MB, max_mem_allocated: 13654 MB
[2025/11/14 14:31:10] ppocr INFO: epoch: [7/20], global_step: 7320, lr: 0.000026, acc: 0.664706, norm_edit_dis: 0.944173, CTCLoss: 3.125426, NRTRLoss: 1.350365, loss: 4.491699, avg_reader_cost: 0.00294 s, avg_batch_cost: 0.62020 s, avg_samples: 98.0, ips: 158.01403 samples/s, eta: 2:31:39, max_mem_reserved: 25002 MB, max_mem_allocated: 13654 MB
[2025/11/14 14:31:16] ppocr INFO: epoch: [7/20], global_step: 7330, lr: 0.000026, acc: 0.652941, norm_edit_dis: 0.938990, CTCLoss: 3.806854, NRTRLoss: 1.360400, loss: 5.189518, avg_reader_cost: 0.00295 s, avg_batch_cost: 0.59864 s, avg_samples: 81.0, ips: 135.30734 samples/s, eta: 2:31:32, max_mem_reserved: 25002 MB, max_mem_allocated: 13654 MB
[2025/11/14 14:31:21] ppocr INFO: epoch: [7/20], global_step: 7340, lr: 0.000026, acc: 0.688235, norm_edit_dis: 0.934730, CTCLoss: 3.793692, NRTRLoss: 1.371933, loss: 5.179506, avg_reader_cost: 0.00294 s, avg_batch_cost: 0.58117 s, avg_samples: 89.5, ips: 153.99932 samples/s, eta: 2:31:25, max_mem_reserved: 25002 MB, max_mem_allocated: 13654 MB
[2025/11/14 14:31:27] ppocr INFO: epoch: [7/20], global_step: 7350, lr: 0.000026, acc: 0.677114, norm_edit_dis: 0.938154, CTCLoss: 3.118492, NRTRLoss: 1.367238, loss: 4.478779, avg_reader_cost: 0.00294 s, avg_batch_cost: 0.60050 s, avg_samples: 80.9, ips: 134.72103 samples/s, eta: 2:31:18, max_mem_reserved: 25002 MB, max_mem_allocated: 13654 MB
[2025/11/14 14:31:34] ppocr INFO: epoch: [7/20], global_step: 7360, lr: 0.000026, acc: 0.682353, norm_edit_dis: 0.940424, CTCLoss: 2.919978, NRTRLoss: 1.366503, loss: 4.278158, avg_reader_cost: 0.00298 s, avg_batch_cost: 0.61360 s, avg_samples: 89.5, ips: 145.85941 samples/s, eta: 2:31:11, max_mem_reserved: 25002 MB, max_mem_allocated: 13654 MB
[2025/11/14 14:31:39] ppocr INFO: epoch: [7/20], global_step: 7370, lr: 0.000026, acc: 0.687500, norm_edit_dis: 0.943633, CTCLoss: 2.835946, NRTRLoss: 1.358727, loss: 4.192232, avg_reader_cost: 0.00291 s, avg_batch_cost: 0.58050 s, avg_samples: 81.0, ips: 139.53497 samples/s, eta: 2:31:04, max_mem_reserved: 25002 MB, max_mem_allocated: 13654 MB
[2025/11/14 14:31:46] ppocr INFO: epoch: [7/20], global_step: 7380, lr: 0.000026, acc: 0.657537, norm_edit_dis: 0.940371, CTCLoss: 2.872629, NRTRLoss: 1.358727, loss: 4.231700, avg_reader_cost: 0.00297 s, avg_batch_cost: 0.64174 s, avg_samples: 100.1, ips: 155.98268 samples/s, eta: 2:30:58, max_mem_reserved: 25002 MB, max_mem_allocated: 13654 MB
[2025/11/14 14:31:51] ppocr INFO: epoch: [7/20], global_step: 7390, lr: 0.000026, acc: 0.657537, norm_edit_dis: 0.940982, CTCLoss: 2.944737, NRTRLoss: 1.356276, loss: 4.294273, avg_reader_cost: 0.00294 s, avg_batch_cost: 0.55109 s, avg_samples: 72.4, ips: 131.37611 samples/s, eta: 2:30:50, max_mem_reserved: 25002 MB, max_mem_allocated: 13654 MB
[2025/11/14 14:31:58] ppocr INFO: epoch: [7/20], global_step: 7400, lr: 0.000026, acc: 0.671232, norm_edit_dis: 0.943766, CTCLoss: 2.856664, NRTRLoss: 1.350857, loss: 4.207521, avg_reader_cost: 0.00291 s, avg_batch_cost: 0.61493 s, avg_samples: 93.7, ips: 152.37437 samples/s, eta: 2:30:43, max_mem_reserved: 25002 MB, max_mem_allocated: 13654 MB
[2025/11/14 14:32:31] ppocr INFO: cur metric, acc: 0.7461999992538, norm_edit_dis: 0.9592180499926494, fps: 666.2180213113321
[2025/11/14 14:32:33] ppocr INFO: save best model is to ./output/best_accuracy
[2025/11/14 14:32:33] ppocr INFO: best metric, acc: 0.7461999992538, is_float16: False, norm_edit_dis: 0.9592180499926494, fps: 666.2180213113321, best_epoch: 7
[2025/11/14 14:32:39] ppocr INFO: epoch: [7/20], global_step: 7410, lr: 0.000026, acc: 0.656250, norm_edit_dis: 0.944957, CTCLoss: 2.831918, NRTRLoss: 1.350716, loss: 4.189854, avg_reader_cost: 0.00280 s, avg_batch_cost: 0.61998 s, avg_samples: 81.0, ips: 130.64896 samples/s, eta: 2:30:37, max_mem_reserved: 25002 MB, max_mem_allocated: 13654 MB
[2025/11/14 14:32:46] ppocr INFO: epoch: [7/20], global_step: 7420, lr: 0.000026, acc: 0.656250, norm_edit_dis: 0.945214, CTCLoss: 2.952587, NRTRLoss: 1.350788, loss: 4.296407, avg_reader_cost: 0.00285 s, avg_batch_cost: 0.62481 s, avg_samples: 91.6, ips: 146.60510 samples/s, eta: 2:30:30, max_mem_reserved: 25002 MB, max_mem_allocated: 13654 MB
[2025/11/14 14:32:52] ppocr INFO: epoch: [7/20], global_step: 7430, lr: 0.000026, acc: 0.657537, norm_edit_dis: 0.938455, CTCLoss: 3.632618, NRTRLoss: 1.357464, loss: 4.984433, avg_reader_cost: 0.00296 s, avg_batch_cost: 0.62863 s, avg_samples: 95.9, ips: 152.55379 samples/s, eta: 2:30:24, max_mem_reserved: 25002 MB, max_mem_allocated: 13654 MB
[2025/11/14 14:32:58] ppocr INFO: epoch: [7/20], global_step: 7440, lr: 0.000026, acc: 0.655607, norm_edit_dis: 0.934950, CTCLoss: 4.495977, NRTRLoss: 1.383690, loss: 5.902351, avg_reader_cost: 0.00287 s, avg_batch_cost: 0.63166 s, avg_samples: 91.7, ips: 145.17293 samples/s, eta: 2:30:18, max_mem_reserved: 25002 MB, max_mem_allocated: 13654 MB
[2025/11/14 14:33:05] ppocr INFO: epoch: [7/20], global_step: 7450, lr: 0.000026, acc: 0.652941, norm_edit_dis: 0.935188, CTCLoss: 4.055799, NRTRLoss: 1.376601, loss: 5.432400, avg_reader_cost: 0.00287 s, avg_batch_cost: 0.65183 s, avg_samples: 98.0, ips: 150.34557 samples/s, eta: 2:30:12, max_mem_reserved: 25002 MB, max_mem_allocated: 13654 MB
[2025/11/14 14:33:11] ppocr INFO: epoch: [7/20], global_step: 7460, lr: 0.000026, acc: 0.657537, norm_edit_dis: 0.937875, CTCLoss: 2.921463, NRTRLoss: 1.360734, loss: 4.278816, avg_reader_cost: 0.00286 s, avg_batch_cost: 0.61525 s, avg_samples: 89.5, ips: 145.46840 samples/s, eta: 2:30:05, max_mem_reserved: 25002 MB, max_mem_allocated: 13654 MB
[2025/11/14 14:33:18] ppocr INFO: epoch: [7/20], global_step: 7470, lr: 0.000026, acc: 0.635294, norm_edit_dis: 0.927557, CTCLoss: 3.756531, NRTRLoss: 1.373934, loss: 5.135576, avg_reader_cost: 0.00286 s, avg_batch_cost: 0.66411 s, avg_samples: 108.7, ips: 163.67838 samples/s, eta: 2:30:00, max_mem_reserved: 25002 MB, max_mem_allocated: 13654 MB
[2025/11/14 14:33:24] ppocr INFO: epoch: [7/20], global_step: 7480, lr: 0.000026, acc: 0.484375, norm_edit_dis: 0.892921, CTCLoss: 6.109993, NRTRLoss: 1.387507, loss: 7.495166, avg_reader_cost: 0.00288 s, avg_batch_cost: 0.64589 s, avg_samples: 98.1, ips: 151.88398 samples/s, eta: 2:29:53, max_mem_reserved: 25002 MB, max_mem_allocated: 13654 MB
[2025/11/14 14:33:31] ppocr INFO: epoch: [7/20], global_step: 7490, lr: 0.000026, acc: 0.635294, norm_edit_dis: 0.940077, CTCLoss: 4.287223, NRTRLoss: 1.369657, loss: 5.644336, avg_reader_cost: 0.00288 s, avg_batch_cost: 0.65728 s, avg_samples: 95.9, ips: 145.90476 samples/s, eta: 2:29:48, max_mem_reserved: 25002 MB, max_mem_allocated: 13654 MB
[2025/11/14 14:33:37] ppocr INFO: epoch: [7/20], global_step: 7500, lr: 0.000026, acc: 0.676471, norm_edit_dis: 0.946762, CTCLoss: 2.880872, NRTRLoss: 1.355878, loss: 4.232074, avg_reader_cost: 0.00310 s, avg_batch_cost: 0.60688 s, avg_samples: 83.1, ips: 136.92995 samples/s, eta: 2:29:41, max_mem_reserved: 25002 MB, max_mem_allocated: 13654 MB
[2025/11/14 14:34:09] ppocr INFO: cur metric, acc: 0.7477999992522, norm_edit_dis: 0.9584154340671178, fps: 690.3111321455499
[2025/11/14 14:34:12] ppocr INFO: save best model is to ./output/best_accuracy
[2025/11/14 14:34:12] ppocr INFO: best metric, acc: 0.7477999992522, is_float16: False, norm_edit_dis: 0.9584154340671178, fps: 690.3111321455499, best_epoch: 7
[2025/11/14 14:34:18] ppocr INFO: epoch: [7/20], global_step: 7510, lr: 0.000026, acc: 0.696691, norm_edit_dis: 0.947805, CTCLoss: 2.794451, NRTRLoss: 1.358983, loss: 4.153434, avg_reader_cost: 0.00328 s, avg_batch_cost: 0.61265 s, avg_samples: 89.5, ips: 146.08751 samples/s, eta: 2:29:34, max_mem_reserved: 25002 MB, max_mem_allocated: 13654 MB
[2025/11/14 14:34:24] ppocr INFO: epoch: [7/20], global_step: 7520, lr: 0.000026, acc: 0.628217, norm_edit_dis: 0.941771, CTCLoss: 4.425491, NRTRLoss: 1.364276, loss: 5.784896, avg_reader_cost: 0.00287 s, avg_batch_cost: 0.67346 s, avg_samples: 102.3, ips: 151.90241 samples/s, eta: 2:29:29, max_mem_reserved: 25002 MB, max_mem_allocated: 13654 MB
[2025/11/14 14:34:31] ppocr INFO: epoch: [7/20], global_step: 7530, lr: 0.000026, acc: 0.604687, norm_edit_dis: 0.923986, CTCLoss: 4.425491, NRTRLoss: 1.368063, loss: 5.784896, avg_reader_cost: 0.00288 s, avg_batch_cost: 0.63598 s, avg_samples: 95.9, ips: 150.79065 samples/s, eta: 2:29:22, max_mem_reserved: 25002 MB, max_mem_allocated: 13654 MB
[2025/11/14 14:34:37] ppocr INFO: epoch: [7/20], global_step: 7540, lr: 0.000026, acc: 0.636029, norm_edit_dis: 0.936305, CTCLoss: 3.594455, NRTRLoss: 1.368164, loss: 4.961542, avg_reader_cost: 0.00391 s, avg_batch_cost: 0.62156 s, avg_samples: 89.5, ips: 143.99278 samples/s, eta: 2:29:16, max_mem_reserved: 25002 MB, max_mem_allocated: 13654 MB
[2025/11/14 14:34:43] ppocr INFO: epoch: [7/20], global_step: 7550, lr: 0.000026, acc: 0.651654, norm_edit_dis: 0.940874, CTCLoss: 3.096841, NRTRLoss: 1.352807, loss: 4.444948, avg_reader_cost: 0.00288 s, avg_batch_cost: 0.58048 s, avg_samples: 80.9, ips: 139.36840 samples/s, eta: 2:29:09, max_mem_reserved: 25002 MB, max_mem_allocated: 13654 MB
[2025/11/14 14:34:49] ppocr INFO: epoch: [7/20], global_step: 7560, lr: 0.000026, acc: 0.645772, norm_edit_dis: 0.938059, CTCLoss: 3.250299, NRTRLoss: 1.359679, loss: 4.602214, avg_reader_cost: 0.00286 s, avg_batch_cost: 0.62753 s, avg_samples: 93.8, ips: 149.47381 samples/s, eta: 2:29:02, max_mem_reserved: 25002 MB, max_mem_allocated: 13654 MB
[2025/11/14 14:34:55] ppocr INFO: epoch: [7/20], global_step: 7570, lr: 0.000026, acc: 0.593750, norm_edit_dis: 0.913459, CTCLoss: 4.849488, NRTRLoss: 1.390606, loss: 6.231953, avg_reader_cost: 0.00340 s, avg_batch_cost: 0.63403 s, avg_samples: 98.1, ips: 154.72477 samples/s, eta: 2:28:56, max_mem_reserved: 25002 MB, max_mem_allocated: 13654 MB
[2025/11/14 14:35:02] ppocr INFO: epoch: [7/20], global_step: 7580, lr: 0.000026, acc: 0.623529, norm_edit_dis: 0.917884, CTCLoss: 4.188907, NRTRLoss: 1.389877, loss: 5.558176, avg_reader_cost: 0.00290 s, avg_batch_cost: 0.63496 s, avg_samples: 95.8, ips: 150.87634 samples/s, eta: 2:28:50, max_mem_reserved: 25002 MB, max_mem_allocated: 13654 MB
[2025/11/14 14:35:08] ppocr INFO: epoch: [7/20], global_step: 7590, lr: 0.000026, acc: 0.641176, norm_edit_dis: 0.935193, CTCLoss: 3.530092, NRTRLoss: 1.374554, loss: 4.888722, avg_reader_cost: 0.00325 s, avg_batch_cost: 0.63104 s, avg_samples: 95.9, ips: 151.97127 samples/s, eta: 2:28:43, max_mem_reserved: 25002 MB, max_mem_allocated: 13654 MB
[2025/11/14 14:35:15] ppocr INFO: epoch: [7/20], global_step: 7600, lr: 0.000026, acc: 0.656250, norm_edit_dis: 0.936192, CTCLoss: 3.389986, NRTRLoss: 1.366249, loss: 4.749717, avg_reader_cost: 0.00296 s, avg_batch_cost: 0.65025 s, avg_samples: 91.6, ips: 140.86897 samples/s, eta: 2:28:37, max_mem_reserved: 25002 MB, max_mem_allocated: 13654 MB
[2025/11/14 14:35:48] ppocr INFO: cur metric, acc: 0.7446999992553001, norm_edit_dis: 0.9590845749015655, fps: 659.8326135113793
[2025/11/14 14:35:48] ppocr INFO: best metric, acc: 0.7477999992522, is_float16: False, norm_edit_dis: 0.9584154340671178, fps: 690.3111321455499, best_epoch: 7
[2025/11/14 14:35:49] ppocr INFO: epoch: [7/20], global_step: 7602, lr: 0.000026, acc: 0.677114, norm_edit_dis: 0.941406, CTCLoss: 3.227079, NRTRLoss: 1.364021, loss: 4.577585, avg_reader_cost: 0.00052 s, avg_batch_cost: 0.14315 s, avg_samples: 21.3, ips: 148.79232 samples/s, eta: 2:28:37, max_mem_reserved: 25002 MB, max_mem_allocated: 13654 MB
[2025/11/14 14:35:52] ppocr INFO: save model in ./output/latest
[2025/11/14 14:35:53] ppocr INFO: save model in ./output/iter_epoch_7
[2025/11/14 14:36:00] ppocr INFO: epoch: [8/20], global_step: 7610, lr: 0.000026, acc: 0.629412, norm_edit_dis: 0.918019, CTCLoss: 3.800532, NRTRLoss: 1.374718, loss: 5.169902, avg_reader_cost: 0.53110 s, avg_batch_cost: 1.06259 s, avg_samples: 89.5, ips: 84.22829 samples/s, eta: 2:28:42, max_mem_reserved: 25002 MB, max_mem_allocated: 13654 MB
[2025/11/14 14:36:06] ppocr INFO: epoch: [8/20], global_step: 7620, lr: 0.000026, acc: 0.635294, norm_edit_dis: 0.928805, CTCLoss: 4.521477, NRTRLoss: 1.370830, loss: 5.883153, avg_reader_cost: 0.00283 s, avg_batch_cost: 0.62547 s, avg_samples: 93.7, ips: 149.80732 samples/s, eta: 2:28:35, max_mem_reserved: 25002 MB, max_mem_allocated: 13654 MB
[2025/11/14 14:36:12] ppocr INFO: epoch: [8/20], global_step: 7630, lr: 0.000026, acc: 0.664706, norm_edit_dis: 0.936980, CTCLoss: 3.485313, NRTRLoss: 1.357567, loss: 4.830366, avg_reader_cost: 0.00296 s, avg_batch_cost: 0.64317 s, avg_samples: 91.7, ips: 142.57496 samples/s, eta: 2:28:29, max_mem_reserved: 25002 MB, max_mem_allocated: 13654 MB
[2025/11/14 14:36:19] ppocr INFO: epoch: [8/20], global_step: 7640, lr: 0.000026, acc: 0.585937, norm_edit_dis: 0.925552, CTCLoss: 4.445503, NRTRLoss: 1.360945, loss: 5.800883, avg_reader_cost: 0.00339 s, avg_batch_cost: 0.65931 s, avg_samples: 102.3, ips: 155.16217 samples/s, eta: 2:28:23, max_mem_reserved: 25002 MB, max_mem_allocated: 13654 MB
[2025/11/14 14:36:25] ppocr INFO: epoch: [8/20], global_step: 7650, lr: 0.000026, acc: 0.652941, norm_edit_dis: 0.936759, CTCLoss: 3.577059, NRTRLoss: 1.364821, loss: 4.924695, avg_reader_cost: 0.00337 s, avg_batch_cost: 0.63170 s, avg_samples: 93.7, ips: 148.32875 samples/s, eta: 2:28:17, max_mem_reserved: 25002 MB, max_mem_allocated: 13654 MB
[2025/11/14 14:36:32] ppocr INFO: epoch: [8/20], global_step: 7660, lr: 0.000026, acc: 0.658823, norm_edit_dis: 0.933245, CTCLoss: 3.756033, NRTRLoss: 1.373095, loss: 5.111777, avg_reader_cost: 0.00311 s, avg_batch_cost: 0.65597 s, avg_samples: 106.6, ips: 162.50815 samples/s, eta: 2:28:11, max_mem_reserved: 25002 MB, max_mem_allocated: 13654 MB
[2025/11/14 14:36:38] ppocr INFO: epoch: [8/20], global_step: 7670, lr: 0.000026, acc: 0.609375, norm_edit_dis: 0.924814, CTCLoss: 4.434917, NRTRLoss: 1.370428, loss: 5.807041, avg_reader_cost: 0.00293 s, avg_batch_cost: 0.62529 s, avg_samples: 91.6, ips: 146.49151 samples/s, eta: 2:28:05, max_mem_reserved: 25002 MB, max_mem_allocated: 13654 MB
[2025/11/14 14:36:45] ppocr INFO: epoch: [8/20], global_step: 7680, lr: 0.000026, acc: 0.618382, norm_edit_dis: 0.932785, CTCLoss: 3.512677, NRTRLoss: 1.360727, loss: 4.873404, avg_reader_cost: 0.00291 s, avg_batch_cost: 0.65667 s, avg_samples: 100.2, ips: 152.58788 samples/s, eta: 2:27:59, max_mem_reserved: 25002 MB, max_mem_allocated: 13654 MB
[2025/11/14 14:36:51] ppocr INFO: epoch: [8/20], global_step: 7690, lr: 0.000025, acc: 0.640625, norm_edit_dis: 0.933550, CTCLoss: 3.388131, NRTRLoss: 1.380388, loss: 4.760782, avg_reader_cost: 0.00299 s, avg_batch_cost: 0.60346 s, avg_samples: 89.5, ips: 148.31221 samples/s, eta: 2:27:52, max_mem_reserved: 25002 MB, max_mem_allocated: 13654 MB
[2025/11/14 14:36:57] ppocr INFO: epoch: [8/20], global_step: 7700, lr: 0.000025, acc: 0.684926, norm_edit_dis: 0.938758, CTCLoss: 3.202124, NRTRLoss: 1.369008, loss: 4.591148, avg_reader_cost: 0.00293 s, avg_batch_cost: 0.58592 s, avg_samples: 89.4, ips: 152.57993 samples/s, eta: 2:27:45, max_mem_reserved: 25002 MB, max_mem_allocated: 13654 MB
[2025/11/14 14:37:29] ppocr INFO: cur metric, acc: 0.7488999992511001, norm_edit_dis: 0.9596662529920308, fps: 689.9418247161558
[2025/11/14 14:37:32] ppocr INFO: save best model is to ./output/best_accuracy
[2025/11/14 14:37:32] ppocr INFO: best metric, acc: 0.7488999992511001, is_float16: False, norm_edit_dis: 0.9596662529920308, fps: 689.9418247161558, best_epoch: 8
[2025/11/14 14:37:37] ppocr INFO: epoch: [8/20], global_step: 7710, lr: 0.000025, acc: 0.687500, norm_edit_dis: 0.948132, CTCLoss: 2.662249, NRTRLoss: 1.349194, loss: 4.009617, avg_reader_cost: 0.00293 s, avg_batch_cost: 0.58541 s, avg_samples: 74.6, ips: 127.43308 samples/s, eta: 2:27:38, max_mem_reserved: 25002 MB, max_mem_allocated: 13654 MB
[2025/11/14 14:37:44] ppocr INFO: epoch: [8/20], global_step: 7720, lr: 0.000025, acc: 0.698621, norm_edit_dis: 0.949369, CTCLoss: 2.653683, NRTRLoss: 1.345039, loss: 3.996190, avg_reader_cost: 0.00288 s, avg_batch_cost: 0.60843 s, avg_samples: 87.2, ips: 143.32026 samples/s, eta: 2:27:31, max_mem_reserved: 25002 MB, max_mem_allocated: 13654 MB
[2025/11/14 14:37:50] ppocr INFO: epoch: [8/20], global_step: 7730, lr: 0.000025, acc: 0.690809, norm_edit_dis: 0.948418, CTCLoss: 2.778168, NRTRLoss: 1.346920, loss: 4.114093, avg_reader_cost: 0.00289 s, avg_batch_cost: 0.64624 s, avg_samples: 95.9, ips: 148.39625 samples/s, eta: 2:27:25, max_mem_reserved: 25002 MB, max_mem_allocated: 13654 MB
[2025/11/14 14:37:56] ppocr INFO: epoch: [8/20], global_step: 7740, lr: 0.000025, acc: 0.670588, norm_edit_dis: 0.946295, CTCLoss: 3.052600, NRTRLoss: 1.353442, loss: 4.414337, avg_reader_cost: 0.00288 s, avg_batch_cost: 0.57940 s, avg_samples: 80.8, ips: 139.45510 samples/s, eta: 2:27:18, max_mem_reserved: 25002 MB, max_mem_allocated: 13654 MB
[2025/11/14 14:38:02] ppocr INFO: epoch: [8/20], global_step: 7750, lr: 0.000025, acc: 0.688235, norm_edit_dis: 0.947158, CTCLoss: 3.168006, NRTRLoss: 1.351451, loss: 4.528938, avg_reader_cost: 0.00289 s, avg_batch_cost: 0.63215 s, avg_samples: 98.0, ips: 155.02750 samples/s, eta: 2:27:11, max_mem_reserved: 25002 MB, max_mem_allocated: 13654 MB
[2025/11/14 14:38:09] ppocr INFO: epoch: [8/20], global_step: 7760, lr: 0.000025, acc: 0.669301, norm_edit_dis: 0.940295, CTCLoss: 4.179451, NRTRLoss: 1.371367, loss: 5.538217, avg_reader_cost: 0.00290 s, avg_batch_cost: 0.63851 s, avg_samples: 98.1, ips: 153.63799 samples/s, eta: 2:27:05, max_mem_reserved: 25002 MB, max_mem_allocated: 13654 MB
[2025/11/14 14:38:15] ppocr INFO: epoch: [8/20], global_step: 7770, lr: 0.000025, acc: 0.651654, norm_edit_dis: 0.927962, CTCLoss: 4.348483, NRTRLoss: 1.369464, loss: 5.695427, avg_reader_cost: 0.00291 s, avg_batch_cost: 0.64715 s, avg_samples: 95.9, ips: 148.18822 samples/s, eta: 2:26:59, max_mem_reserved: 25002 MB, max_mem_allocated: 13654 MB
[2025/11/14 14:38:21] ppocr INFO: epoch: [8/20], global_step: 7780, lr: 0.000025, acc: 0.664706, norm_edit_dis: 0.939718, CTCLoss: 3.419506, NRTRLoss: 1.365823, loss: 4.790848, avg_reader_cost: 0.00285 s, avg_batch_cost: 0.63434 s, avg_samples: 89.5, ips: 141.09128 samples/s, eta: 2:26:53, max_mem_reserved: 25002 MB, max_mem_allocated: 13654 MB
[2025/11/14 14:38:28] ppocr INFO: epoch: [8/20], global_step: 7790, lr: 0.000025, acc: 0.643842, norm_edit_dis: 0.939718, CTCLoss: 4.173681, NRTRLoss: 1.371836, loss: 5.549827, avg_reader_cost: 0.00337 s, avg_batch_cost: 0.65951 s, avg_samples: 110.8, ips: 168.00389 samples/s, eta: 2:26:47, max_mem_reserved: 25002 MB, max_mem_allocated: 13654 MB
[2025/11/14 14:38:34] ppocr INFO: epoch: [8/20], global_step: 7800, lr: 0.000025, acc: 0.647059, norm_edit_dis: 0.942467, CTCLoss: 3.165997, NRTRLoss: 1.367244, loss: 4.534914, avg_reader_cost: 0.00287 s, avg_batch_cost: 0.59558 s, avg_samples: 81.0, ips: 136.00133 samples/s, eta: 2:26:40, max_mem_reserved: 25002 MB, max_mem_allocated: 13654 MB
[2025/11/14 14:39:07] ppocr INFO: cur metric, acc: 0.7555999992444, norm_edit_dis: 0.9603441487584721, fps: 690.5995922761063
[2025/11/14 14:39:10] ppocr INFO: save best model is to ./output/best_accuracy
[2025/11/14 14:39:10] ppocr INFO: best metric, acc: 0.7555999992444, is_float16: False, norm_edit_dis: 0.9603441487584721, fps: 690.5995922761063, best_epoch: 8
[2025/11/14 14:39:16] ppocr INFO: epoch: [8/20], global_step: 7810, lr: 0.000025, acc: 0.671875, norm_edit_dis: 0.945085, CTCLoss: 3.490051, NRTRLoss: 1.364129, loss: 4.865764, avg_reader_cost: 0.00301 s, avg_batch_cost: 0.63613 s, avg_samples: 95.9, ips: 150.75570 samples/s, eta: 2:26:34, max_mem_reserved: 25002 MB, max_mem_allocated: 13654 MB
[2025/11/14 14:39:22] ppocr INFO: epoch: [8/20], global_step: 7820, lr: 0.000025, acc: 0.647059, norm_edit_dis: 0.946579, CTCLoss: 3.509773, NRTRLoss: 1.356794, loss: 4.881027, avg_reader_cost: 0.00284 s, avg_batch_cost: 0.61100 s, avg_samples: 87.4, ips: 143.04373 samples/s, eta: 2:26:27, max_mem_reserved: 25002 MB, max_mem_allocated: 13654 MB
[2025/11/14 14:39:29] ppocr INFO: epoch: [8/20], global_step: 7830, lr: 0.000025, acc: 0.609375, norm_edit_dis: 0.932584, CTCLoss: 3.350908, NRTRLoss: 1.358235, loss: 4.714056, avg_reader_cost: 0.00344 s, avg_batch_cost: 0.66064 s, avg_samples: 100.2, ips: 151.67002 samples/s, eta: 2:26:21, max_mem_reserved: 25002 MB, max_mem_allocated: 13654 MB
[2025/11/14 14:39:35] ppocr INFO: epoch: [8/20], global_step: 7840, lr: 0.000025, acc: 0.647059, norm_edit_dis: 0.932404, CTCLoss: 3.428483, NRTRLoss: 1.364043, loss: 4.785849, avg_reader_cost: 0.00301 s, avg_batch_cost: 0.62774 s, avg_samples: 80.9, ips: 128.87421 samples/s, eta: 2:26:15, max_mem_reserved: 25002 MB, max_mem_allocated: 13654 MB
[2025/11/14 14:39:41] ppocr INFO: epoch: [8/20], global_step: 7850, lr: 0.000025, acc: 0.682353, norm_edit_dis: 0.941570, CTCLoss: 2.935463, NRTRLoss: 1.354018, loss: 4.299426, avg_reader_cost: 0.00287 s, avg_batch_cost: 0.62473 s, avg_samples: 85.1, ips: 136.21819 samples/s, eta: 2:26:08, max_mem_reserved: 25002 MB, max_mem_allocated: 13654 MB
[2025/11/14 14:39:48] ppocr INFO: epoch: [8/20], global_step: 7860, lr: 0.000025, acc: 0.682353, norm_edit_dis: 0.942401, CTCLoss: 2.930716, NRTRLoss: 1.365457, loss: 4.292006, avg_reader_cost: 0.00288 s, avg_batch_cost: 0.65594 s, avg_samples: 100.2, ips: 152.75882 samples/s, eta: 2:26:02, max_mem_reserved: 25002 MB, max_mem_allocated: 13654 MB
[2025/11/14 14:39:54] ppocr INFO: epoch: [8/20], global_step: 7870, lr: 0.000025, acc: 0.555928, norm_edit_dis: 0.912464, CTCLoss: 4.348736, NRTRLoss: 1.370831, loss: 5.725951, avg_reader_cost: 0.00335 s, avg_batch_cost: 0.65242 s, avg_samples: 102.3, ips: 156.80196 samples/s, eta: 2:25:56, max_mem_reserved: 25002 MB, max_mem_allocated: 13654 MB
[2025/11/14 14:40:00] ppocr INFO: epoch: [8/20], global_step: 7880, lr: 0.000025, acc: 0.663419, norm_edit_dis: 0.944191, CTCLoss: 3.019094, NRTRLoss: 1.353336, loss: 4.366063, avg_reader_cost: 0.00289 s, avg_batch_cost: 0.62337 s, avg_samples: 85.2, ips: 136.67569 samples/s, eta: 2:25:50, max_mem_reserved: 25002 MB, max_mem_allocated: 13654 MB
[2025/11/14 14:40:07] ppocr INFO: epoch: [8/20], global_step: 7890, lr: 0.000025, acc: 0.710386, norm_edit_dis: 0.946535, CTCLoss: 2.711828, NRTRLoss: 1.345775, loss: 4.050169, avg_reader_cost: 0.00289 s, avg_batch_cost: 0.64438 s, avg_samples: 87.4, ips: 135.63490 samples/s, eta: 2:25:44, max_mem_reserved: 25002 MB, max_mem_allocated: 13654 MB
[2025/11/14 14:40:13] ppocr INFO: epoch: [8/20], global_step: 7900, lr: 0.000025, acc: 0.656250, norm_edit_dis: 0.944123, CTCLoss: 3.020822, NRTRLoss: 1.356263, loss: 4.381562, avg_reader_cost: 0.00384 s, avg_batch_cost: 0.59069 s, avg_samples: 76.7, ips: 129.84840 samples/s, eta: 2:25:37, max_mem_reserved: 25002 MB, max_mem_allocated: 13654 MB
[2025/11/14 14:40:45] ppocr INFO: cur metric, acc: 0.7572999992427, norm_edit_dis: 0.9595755189296206, fps: 693.7521576874011
[2025/11/14 14:40:47] ppocr INFO: save best model is to ./output/best_accuracy
[2025/11/14 14:40:47] ppocr INFO: best metric, acc: 0.7572999992427, is_float16: False, norm_edit_dis: 0.9595755189296206, fps: 693.7521576874011, best_epoch: 8
[2025/11/14 14:40:54] ppocr INFO: epoch: [8/20], global_step: 7910, lr: 0.000025, acc: 0.643842, norm_edit_dis: 0.939911, CTCLoss: 3.096367, NRTRLoss: 1.356180, loss: 4.448242, avg_reader_cost: 0.00375 s, avg_batch_cost: 0.64079 s, avg_samples: 93.8, ips: 146.38179 samples/s, eta: 2:25:31, max_mem_reserved: 25002 MB, max_mem_allocated: 13654 MB
[2025/11/14 14:41:00] ppocr INFO: epoch: [8/20], global_step: 7920, lr: 0.000025, acc: 0.673162, norm_edit_dis: 0.934881, CTCLoss: 2.624152, NRTRLoss: 1.356136, loss: 3.974276, avg_reader_cost: 0.00298 s, avg_batch_cost: 0.59010 s, avg_samples: 85.3, ips: 144.55272 samples/s, eta: 2:25:23, max_mem_reserved: 25002 MB, max_mem_allocated: 13654 MB
[2025/11/14 14:41:06] ppocr INFO: epoch: [8/20], global_step: 7930, lr: 0.000025, acc: 0.677114, norm_edit_dis: 0.945117, CTCLoss: 2.790403, NRTRLoss: 1.360387, loss: 4.142470, avg_reader_cost: 0.00294 s, avg_batch_cost: 0.63286 s, avg_samples: 91.6, ips: 144.73975 samples/s, eta: 2:25:17, max_mem_reserved: 25002 MB, max_mem_allocated: 13654 MB
[2025/11/14 14:41:13] ppocr INFO: epoch: [8/20], global_step: 7940, lr: 0.000025, acc: 0.677114, norm_edit_dis: 0.944765, CTCLoss: 3.291282, NRTRLoss: 1.361512, loss: 4.648664, avg_reader_cost: 0.00302 s, avg_batch_cost: 0.65086 s, avg_samples: 98.0, ips: 150.57112 samples/s, eta: 2:25:11, max_mem_reserved: 25002 MB, max_mem_allocated: 13654 MB
[2025/11/14 14:41:19] ppocr INFO: epoch: [8/20], global_step: 7950, lr: 0.000025, acc: 0.682996, norm_edit_dis: 0.942564, CTCLoss: 3.632162, NRTRLoss: 1.357173, loss: 4.984348, avg_reader_cost: 0.00293 s, avg_batch_cost: 0.63748 s, avg_samples: 93.7, ips: 146.98475 samples/s, eta: 2:25:05, max_mem_reserved: 25002 MB, max_mem_allocated: 13654 MB
[2025/11/14 14:41:25] ppocr INFO: epoch: [8/20], global_step: 7960, lr: 0.000025, acc: 0.658823, norm_edit_dis: 0.942420, CTCLoss: 2.913378, NRTRLoss: 1.360130, loss: 4.273596, avg_reader_cost: 0.00292 s, avg_batch_cost: 0.62065 s, avg_samples: 85.2, ips: 137.27539 samples/s, eta: 2:24:58, max_mem_reserved: 25002 MB, max_mem_allocated: 13654 MB
[2025/11/14 14:41:31] ppocr INFO: epoch: [8/20], global_step: 7970, lr: 0.000025, acc: 0.647059, norm_edit_dis: 0.944700, CTCLoss: 2.937719, NRTRLoss: 1.352746, loss: 4.292287, avg_reader_cost: 0.00297 s, avg_batch_cost: 0.61817 s, avg_samples: 87.4, ips: 141.38608 samples/s, eta: 2:24:52, max_mem_reserved: 25002 MB, max_mem_allocated: 13654 MB
[2025/11/14 14:41:38] ppocr INFO: epoch: [8/20], global_step: 7980, lr: 0.000025, acc: 0.656250, norm_edit_dis: 0.949846, CTCLoss: 3.058316, NRTRLoss: 1.350452, loss: 4.398448, avg_reader_cost: 0.00292 s, avg_batch_cost: 0.63565 s, avg_samples: 95.9, ips: 150.86842 samples/s, eta: 2:24:46, max_mem_reserved: 25002 MB, max_mem_allocated: 13654 MB
[2025/11/14 14:41:44] ppocr INFO: epoch: [8/20], global_step: 7990, lr: 0.000025, acc: 0.711765, norm_edit_dis: 0.949960, CTCLoss: 2.492147, NRTRLoss: 1.353739, loss: 3.832120, avg_reader_cost: 0.00290 s, avg_batch_cost: 0.61732 s, avg_samples: 80.9, ips: 131.05014 samples/s, eta: 2:24:39, max_mem_reserved: 25002 MB, max_mem_allocated: 13654 MB
[2025/11/14 14:41:51] ppocr INFO: epoch: [8/20], global_step: 8000, lr: 0.000025, acc: 0.658823, norm_edit_dis: 0.942843, CTCLoss: 3.242089, NRTRLoss: 1.370252, loss: 4.606097, avg_reader_cost: 0.00299 s, avg_batch_cost: 0.67682 s, avg_samples: 113.0, ips: 166.95603 samples/s, eta: 2:24:33, max_mem_reserved: 25002 MB, max_mem_allocated: 13654 MB
[2025/11/14 14:42:23] ppocr INFO: cur metric, acc: 0.7254999992745, norm_edit_dis: 0.9560103215246871, fps: 687.036763942154
[2025/11/14 14:42:23] ppocr INFO: best metric, acc: 0.7572999992427, is_float16: False, norm_edit_dis: 0.9595755189296206, fps: 693.7521576874011, best_epoch: 8
[2025/11/14 14:42:29] ppocr INFO: epoch: [8/20], global_step: 8010, lr: 0.000025, acc: 0.647059, norm_edit_dis: 0.942459, CTCLoss: 3.313011, NRTRLoss: 1.372442, loss: 4.658673, avg_reader_cost: 0.00289 s, avg_batch_cost: 0.60545 s, avg_samples: 83.1, ips: 137.25296 samples/s, eta: 2:24:27, max_mem_reserved: 25002 MB, max_mem_allocated: 13654 MB
[2025/11/14 14:42:35] ppocr INFO: epoch: [8/20], global_step: 8020, lr: 0.000025, acc: 0.705882, norm_edit_dis: 0.947611, CTCLoss: 3.019081, NRTRLoss: 1.360919, loss: 4.359587, avg_reader_cost: 0.00291 s, avg_batch_cost: 0.62344 s, avg_samples: 98.0, ips: 157.19122 samples/s, eta: 2:24:20, max_mem_reserved: 25002 MB, max_mem_allocated: 13654 MB
[2025/11/14 14:42:41] ppocr INFO: epoch: [8/20], global_step: 8030, lr: 0.000025, acc: 0.665349, norm_edit_dis: 0.940834, CTCLoss: 3.151893, NRTRLoss: 1.355772, loss: 4.518006, avg_reader_cost: 0.00292 s, avg_batch_cost: 0.57834 s, avg_samples: 76.7, ips: 132.62129 samples/s, eta: 2:24:13, max_mem_reserved: 25002 MB, max_mem_allocated: 13654 MB
[2025/11/14 14:42:48] ppocr INFO: epoch: [8/20], global_step: 8040, lr: 0.000025, acc: 0.649724, norm_edit_dis: 0.939117, CTCLoss: 3.176618, NRTRLoss: 1.356775, loss: 4.543799, avg_reader_cost: 0.00291 s, avg_batch_cost: 0.65059 s, avg_samples: 98.0, ips: 150.63211 samples/s, eta: 2:24:07, max_mem_reserved: 25002 MB, max_mem_allocated: 13654 MB
[2025/11/14 14:42:53] ppocr INFO: epoch: [8/20], global_step: 8050, lr: 0.000025, acc: 0.694118, norm_edit_dis: 0.939494, CTCLoss: 3.160285, NRTRLoss: 1.353483, loss: 4.512420, avg_reader_cost: 0.00296 s, avg_batch_cost: 0.57230 s, avg_samples: 81.0, ips: 141.53494 samples/s, eta: 2:24:00, max_mem_reserved: 25002 MB, max_mem_allocated: 13654 MB
[2025/11/14 14:42:59] ppocr INFO: epoch: [8/20], global_step: 8060, lr: 0.000025, acc: 0.718198, norm_edit_dis: 0.950177, CTCLoss: 2.755390, NRTRLoss: 1.350551, loss: 4.121901, avg_reader_cost: 0.00292 s, avg_batch_cost: 0.58963 s, avg_samples: 78.8, ips: 133.64330 samples/s, eta: 2:23:53, max_mem_reserved: 25002 MB, max_mem_allocated: 13654 MB
[2025/11/14 14:43:06] ppocr INFO: epoch: [8/20], global_step: 8070, lr: 0.000025, acc: 0.682353, norm_edit_dis: 0.946696, CTCLoss: 2.681646, NRTRLoss: 1.348529, loss: 4.037712, avg_reader_cost: 0.00288 s, avg_batch_cost: 0.61291 s, avg_samples: 85.2, ips: 139.00925 samples/s, eta: 2:23:46, max_mem_reserved: 25002 MB, max_mem_allocated: 13654 MB
[2025/11/14 14:43:12] ppocr INFO: epoch: [8/20], global_step: 8080, lr: 0.000025, acc: 0.677114, norm_edit_dis: 0.944611, CTCLoss: 2.994841, NRTRLoss: 1.349189, loss: 4.339044, avg_reader_cost: 0.00294 s, avg_batch_cost: 0.66706 s, avg_samples: 106.6, ips: 159.80606 samples/s, eta: 2:23:40, max_mem_reserved: 25002 MB, max_mem_allocated: 13654 MB
[2025/11/14 14:43:19] ppocr INFO: epoch: [8/20], global_step: 8090, lr: 0.000025, acc: 0.484375, norm_edit_dis: 0.895098, CTCLoss: 5.454103, NRTRLoss: 1.390950, loss: 6.851008, avg_reader_cost: 0.00321 s, avg_batch_cost: 0.64347 s, avg_samples: 104.4, ips: 162.24411 samples/s, eta: 2:23:34, max_mem_reserved: 25002 MB, max_mem_allocated: 13654 MB
[2025/11/14 14:43:25] ppocr INFO: epoch: [8/20], global_step: 8100, lr: 0.000025, acc: 0.682353, norm_edit_dis: 0.939629, CTCLoss: 3.176224, NRTRLoss: 1.370298, loss: 4.546212, avg_reader_cost: 0.00339 s, avg_batch_cost: 0.63917 s, avg_samples: 89.4, ips: 139.86807 samples/s, eta: 2:23:28, max_mem_reserved: 25002 MB, max_mem_allocated: 13654 MB
[2025/11/14 14:43:58] ppocr INFO: cur metric, acc: 0.7431999992568, norm_edit_dis: 0.9586164589572418, fps: 675.7198073290953
[2025/11/14 14:43:58] ppocr INFO: best metric, acc: 0.7572999992427, is_float16: False, norm_edit_dis: 0.9595755189296206, fps: 693.7521576874011, best_epoch: 8
[2025/11/14 14:44:04] ppocr INFO: epoch: [8/20], global_step: 8110, lr: 0.000025, acc: 0.694118, norm_edit_dis: 0.950695, CTCLoss: 2.876808, NRTRLoss: 1.350781, loss: 4.244151, avg_reader_cost: 0.00331 s, avg_batch_cost: 0.64595 s, avg_samples: 98.0, ips: 151.71461 samples/s, eta: 2:23:22, max_mem_reserved: 25002 MB, max_mem_allocated: 13654 MB
[2025/11/14 14:44:10] ppocr INFO: epoch: [8/20], global_step: 8120, lr: 0.000025, acc: 0.705882, norm_edit_dis: 0.947804, CTCLoss: 2.618424, NRTRLoss: 1.346248, loss: 3.965114, avg_reader_cost: 0.00342 s, avg_batch_cost: 0.58518 s, avg_samples: 85.2, ips: 145.59582 samples/s, eta: 2:23:15, max_mem_reserved: 25002 MB, max_mem_allocated: 13654 MB
[2025/11/14 14:44:17] ppocr INFO: epoch: [8/20], global_step: 8130, lr: 0.000025, acc: 0.705882, norm_edit_dis: 0.944659, CTCLoss: 2.697976, NRTRLoss: 1.348287, loss: 4.039451, avg_reader_cost: 0.00296 s, avg_batch_cost: 0.63720 s, avg_samples: 95.9, ips: 150.50158 samples/s, eta: 2:23:08, max_mem_reserved: 25002 MB, max_mem_allocated: 13654 MB
[2025/11/14 14:44:23] ppocr INFO: epoch: [8/20], global_step: 8140, lr: 0.000025, acc: 0.677114, norm_edit_dis: 0.945060, CTCLoss: 2.728253, NRTRLoss: 1.353801, loss: 4.066378, avg_reader_cost: 0.00291 s, avg_batch_cost: 0.61867 s, avg_samples: 85.2, ips: 137.71525 samples/s, eta: 2:23:02, max_mem_reserved: 25002 MB, max_mem_allocated: 13654 MB
[2025/11/14 14:44:29] ppocr INFO: epoch: [8/20], global_step: 8150, lr: 0.000025, acc: 0.688235, norm_edit_dis: 0.943731, CTCLoss: 2.824530, NRTRLoss: 1.366809, loss: 4.177849, avg_reader_cost: 0.00293 s, avg_batch_cost: 0.65142 s, avg_samples: 98.1, ips: 150.59454 samples/s, eta: 2:22:56, max_mem_reserved: 25002 MB, max_mem_allocated: 13654 MB
[2025/11/14 14:44:35] ppocr INFO: epoch: [8/20], global_step: 8160, lr: 0.000025, acc: 0.688235, norm_edit_dis: 0.940075, CTCLoss: 2.983455, NRTRLoss: 1.369175, loss: 4.343065, avg_reader_cost: 0.00298 s, avg_batch_cost: 0.62744 s, avg_samples: 89.5, ips: 142.64263 samples/s, eta: 2:22:50, max_mem_reserved: 25002 MB, max_mem_allocated: 13654 MB
[2025/11/14 14:44:42] ppocr INFO: epoch: [8/20], global_step: 8170, lr: 0.000025, acc: 0.670588, norm_edit_dis: 0.945896, CTCLoss: 2.599077, NRTRLoss: 1.351326, loss: 3.940616, avg_reader_cost: 0.00337 s, avg_batch_cost: 0.60387 s, avg_samples: 91.6, ips: 151.68914 samples/s, eta: 2:22:43, max_mem_reserved: 25002 MB, max_mem_allocated: 13654 MB
[2025/11/14 14:44:48] ppocr INFO: epoch: [8/20], global_step: 8180, lr: 0.000025, acc: 0.664706, norm_edit_dis: 0.946196, CTCLoss: 2.737328, NRTRLoss: 1.354725, loss: 4.094872, avg_reader_cost: 0.00341 s, avg_batch_cost: 0.62811 s, avg_samples: 95.9, ips: 152.68061 samples/s, eta: 2:22:36, max_mem_reserved: 25002 MB, max_mem_allocated: 13654 MB
[2025/11/14 14:44:54] ppocr INFO: epoch: [8/20], global_step: 8190, lr: 0.000025, acc: 0.658823, norm_edit_dis: 0.936796, CTCLoss: 3.126643, NRTRLoss: 1.369812, loss: 4.484871, avg_reader_cost: 0.00294 s, avg_batch_cost: 0.64728 s, avg_samples: 100.1, ips: 154.64790 samples/s, eta: 2:22:30, max_mem_reserved: 25002 MB, max_mem_allocated: 13654 MB
[2025/11/14 14:45:01] ppocr INFO: epoch: [8/20], global_step: 8200, lr: 0.000025, acc: 0.658823, norm_edit_dis: 0.936796, CTCLoss: 3.117196, NRTRLoss: 1.359971, loss: 4.476977, avg_reader_cost: 0.00293 s, avg_batch_cost: 0.62573 s, avg_samples: 83.2, ips: 132.96373 samples/s, eta: 2:22:24, max_mem_reserved: 25002 MB, max_mem_allocated: 13654 MB
[2025/11/14 14:45:33] ppocr INFO: cur metric, acc: 0.7568999992431, norm_edit_dis: 0.9606444731459752, fps: 699.2755536847317
[2025/11/14 14:45:33] ppocr INFO: best metric, acc: 0.7572999992427, is_float16: False, norm_edit_dis: 0.9595755189296206, fps: 693.7521576874011, best_epoch: 8
[2025/11/14 14:45:39] ppocr INFO: epoch: [8/20], global_step: 8210, lr: 0.000025, acc: 0.665349, norm_edit_dis: 0.950310, CTCLoss: 2.975677, NRTRLoss: 1.349943, loss: 4.315708, avg_reader_cost: 0.00292 s, avg_batch_cost: 0.61382 s, avg_samples: 95.9, ips: 156.23564 samples/s, eta: 2:22:17, max_mem_reserved: 25002 MB, max_mem_allocated: 13654 MB
[2025/11/14 14:45:45] ppocr INFO: epoch: [8/20], global_step: 8220, lr: 0.000025, acc: 0.657537, norm_edit_dis: 0.949344, CTCLoss: 2.959309, NRTRLoss: 1.350525, loss: 4.304040, avg_reader_cost: 0.00292 s, avg_batch_cost: 0.59689 s, avg_samples: 85.2, ips: 142.73899 samples/s, eta: 2:22:10, max_mem_reserved: 25002 MB, max_mem_allocated: 13654 MB
[2025/11/14 14:45:52] ppocr INFO: epoch: [8/20], global_step: 8230, lr: 0.000025, acc: 0.656250, norm_edit_dis: 0.943706, CTCLoss: 2.873852, NRTRLoss: 1.356883, loss: 4.231898, avg_reader_cost: 0.00294 s, avg_batch_cost: 0.64803 s, avg_samples: 93.8, ips: 144.74595 samples/s, eta: 2:22:04, max_mem_reserved: 25002 MB, max_mem_allocated: 13654 MB
[2025/11/14 14:45:58] ppocr INFO: epoch: [8/20], global_step: 8240, lr: 0.000025, acc: 0.630147, norm_edit_dis: 0.938639, CTCLoss: 3.039676, NRTRLoss: 1.361647, loss: 4.389142, avg_reader_cost: 0.00292 s, avg_batch_cost: 0.65270 s, avg_samples: 102.3, ips: 156.73442 samples/s, eta: 2:21:58, max_mem_reserved: 25002 MB, max_mem_allocated: 13654 MB
[2025/11/14 14:46:04] ppocr INFO: epoch: [8/20], global_step: 8250, lr: 0.000025, acc: 0.684926, norm_edit_dis: 0.944002, CTCLoss: 3.296047, NRTRLoss: 1.359499, loss: 4.642208, avg_reader_cost: 0.00294 s, avg_batch_cost: 0.62541 s, avg_samples: 87.4, ips: 139.74898 samples/s, eta: 2:21:52, max_mem_reserved: 25002 MB, max_mem_allocated: 13654 MB
[2025/11/14 14:46:11] ppocr INFO: epoch: [8/20], global_step: 8260, lr: 0.000025, acc: 0.663419, norm_edit_dis: 0.938947, CTCLoss: 3.451264, NRTRLoss: 1.359540, loss: 4.809649, avg_reader_cost: 0.00292 s, avg_batch_cost: 0.64912 s, avg_samples: 98.0, ips: 150.97284 samples/s, eta: 2:21:46, max_mem_reserved: 25002 MB, max_mem_allocated: 13654 MB
[2025/11/14 14:46:17] ppocr INFO: epoch: [8/20], global_step: 8270, lr: 0.000025, acc: 0.612500, norm_edit_dis: 0.927175, CTCLoss: 3.953270, NRTRLoss: 1.372078, loss: 5.315501, avg_reader_cost: 0.00291 s, avg_batch_cost: 0.64532 s, avg_samples: 100.1, ips: 155.11643 samples/s, eta: 2:21:40, max_mem_reserved: 25002 MB, max_mem_allocated: 13654 MB
[2025/11/14 14:46:24] ppocr INFO: epoch: [8/20], global_step: 8280, lr: 0.000025, acc: 0.671232, norm_edit_dis: 0.940743, CTCLoss: 3.170457, NRTRLoss: 1.359506, loss: 4.516036, avg_reader_cost: 0.00295 s, avg_batch_cost: 0.63333 s, avg_samples: 89.5, ips: 141.31629 samples/s, eta: 2:21:33, max_mem_reserved: 25002 MB, max_mem_allocated: 13654 MB
[2025/11/14 14:46:30] ppocr INFO: epoch: [8/20], global_step: 8290, lr: 0.000025, acc: 0.635294, norm_edit_dis: 0.938405, CTCLoss: 4.408370, NRTRLoss: 1.375819, loss: 5.786440, avg_reader_cost: 0.00327 s, avg_batch_cost: 0.67142 s, avg_samples: 106.6, ips: 158.76911 samples/s, eta: 2:21:28, max_mem_reserved: 25002 MB, max_mem_allocated: 13654 MB
[2025/11/14 14:46:37] ppocr INFO: epoch: [8/20], global_step: 8300, lr: 0.000025, acc: 0.500000, norm_edit_dis: 0.894782, CTCLoss: 5.520048, NRTRLoss: 1.383413, loss: 6.905717, avg_reader_cost: 0.00292 s, avg_batch_cost: 0.65327 s, avg_samples: 100.2, ips: 153.38308 samples/s, eta: 2:21:22, max_mem_reserved: 25002 MB, max_mem_allocated: 13654 MB
[2025/11/14 14:47:09] ppocr INFO: cur metric, acc: 0.700999999299, norm_edit_dis: 0.953277334960991, fps: 686.5466160337315
[2025/11/14 14:47:09] ppocr INFO: best metric, acc: 0.7572999992427, is_float16: False, norm_edit_dis: 0.9595755189296206, fps: 693.7521576874011, best_epoch: 8
[2025/11/14 14:47:16] ppocr INFO: epoch: [8/20], global_step: 8310, lr: 0.000024, acc: 0.585937, norm_edit_dis: 0.915458, CTCLoss: 4.694954, NRTRLoss: 1.372438, loss: 6.081885, avg_reader_cost: 0.00287 s, avg_batch_cost: 0.64937 s, avg_samples: 98.1, ips: 151.06911 samples/s, eta: 2:21:16, max_mem_reserved: 25002 MB, max_mem_allocated: 13654 MB
[2025/11/14 14:47:22] ppocr INFO: epoch: [8/20], global_step: 8320, lr: 0.000024, acc: 0.651654, norm_edit_dis: 0.941134, CTCLoss: 3.048929, NRTRLoss: 1.365548, loss: 4.409639, avg_reader_cost: 0.00291 s, avg_batch_cost: 0.63775 s, avg_samples: 98.0, ips: 153.66550 samples/s, eta: 2:21:10, max_mem_reserved: 25002 MB, max_mem_allocated: 13654 MB
[2025/11/14 14:47:29] ppocr INFO: epoch: [8/20], global_step: 8330, lr: 0.000024, acc: 0.700000, norm_edit_dis: 0.942517, CTCLoss: 2.998277, NRTRLoss: 1.360014, loss: 4.360339, avg_reader_cost: 0.00289 s, avg_batch_cost: 0.63567 s, avg_samples: 91.6, ips: 144.10045 samples/s, eta: 2:21:03, max_mem_reserved: 25002 MB, max_mem_allocated: 13654 MB
[2025/11/14 14:47:35] ppocr INFO: epoch: [8/20], global_step: 8340, lr: 0.000024, acc: 0.705882, norm_edit_dis: 0.939487, CTCLoss: 3.309946, NRTRLoss: 1.364179, loss: 4.669985, avg_reader_cost: 0.00299 s, avg_batch_cost: 0.65072 s, avg_samples: 98.1, ips: 150.75680 samples/s, eta: 2:20:57, max_mem_reserved: 25002 MB, max_mem_allocated: 13654 MB
[2025/11/14 14:47:41] ppocr INFO: epoch: [8/20], global_step: 8350, lr: 0.000024, acc: 0.658823, norm_edit_dis: 0.940656, CTCLoss: 3.367553, NRTRLoss: 1.362498, loss: 4.722224, avg_reader_cost: 0.00291 s, avg_batch_cost: 0.62167 s, avg_samples: 89.4, ips: 143.80544 samples/s, eta: 2:20:51, max_mem_reserved: 25002 MB, max_mem_allocated: 13654 MB
[2025/11/14 14:47:48] ppocr INFO: epoch: [8/20], global_step: 8360, lr: 0.000024, acc: 0.684926, norm_edit_dis: 0.949631, CTCLoss: 2.636854, NRTRLoss: 1.351373, loss: 4.001739, avg_reader_cost: 0.00333 s, avg_batch_cost: 0.64129 s, avg_samples: 93.7, ips: 146.11130 samples/s, eta: 2:20:45, max_mem_reserved: 25002 MB, max_mem_allocated: 13654 MB
[2025/11/14 14:47:54] ppocr INFO: epoch: [8/20], global_step: 8370, lr: 0.000024, acc: 0.692739, norm_edit_dis: 0.949106, CTCLoss: 3.096545, NRTRLoss: 1.357483, loss: 4.444367, avg_reader_cost: 0.00377 s, avg_batch_cost: 0.63887 s, avg_samples: 91.7, ips: 143.53555 samples/s, eta: 2:20:38, max_mem_reserved: 25002 MB, max_mem_allocated: 13654 MB
[2025/11/14 14:48:01] ppocr INFO: epoch: [8/20], global_step: 8380, lr: 0.000024, acc: 0.663419, norm_edit_dis: 0.944737, CTCLoss: 4.475701, NRTRLoss: 1.374689, loss: 5.850257, avg_reader_cost: 0.00336 s, avg_batch_cost: 0.67855 s, avg_samples: 100.2, ips: 147.66818 samples/s, eta: 2:20:33, max_mem_reserved: 25002 MB, max_mem_allocated: 13654 MB
[2025/11/14 14:48:07] ppocr INFO: epoch: [8/20], global_step: 8390, lr: 0.000024, acc: 0.640625, norm_edit_dis: 0.942769, CTCLoss: 3.466151, NRTRLoss: 1.358608, loss: 4.822885, avg_reader_cost: 0.00345 s, avg_batch_cost: 0.58411 s, avg_samples: 89.5, ips: 153.22504 samples/s, eta: 2:20:26, max_mem_reserved: 25002 MB, max_mem_allocated: 13654 MB
[2025/11/14 14:48:13] ppocr INFO: epoch: [8/20], global_step: 8400, lr: 0.000024, acc: 0.671875, norm_edit_dis: 0.944309, CTCLoss: 2.832632, NRTRLoss: 1.349203, loss: 4.185432, avg_reader_cost: 0.00294 s, avg_batch_cost: 0.62973 s, avg_samples: 93.8, ips: 148.95323 samples/s, eta: 2:20:19, max_mem_reserved: 25002 MB, max_mem_allocated: 13654 MB
[2025/11/14 14:48:46] ppocr INFO: cur metric, acc: 0.7633999992366001, norm_edit_dis: 0.9621629855528282, fps: 679.4697636405535
[2025/11/14 14:48:48] ppocr INFO: save best model is to ./output/best_accuracy
[2025/11/14 14:48:48] ppocr INFO: best metric, acc: 0.7633999992366001, is_float16: False, norm_edit_dis: 0.9621629855528282, fps: 679.4697636405535, best_epoch: 8
[2025/11/14 14:48:55] ppocr INFO: epoch: [8/20], global_step: 8410, lr: 0.000024, acc: 0.665349, norm_edit_dis: 0.948103, CTCLoss: 3.607855, NRTRLoss: 1.356191, loss: 4.972185, avg_reader_cost: 0.00303 s, avg_batch_cost: 0.64289 s, avg_samples: 91.6, ips: 142.48235 samples/s, eta: 2:20:13, max_mem_reserved: 25002 MB, max_mem_allocated: 13654 MB
[2025/11/14 14:49:00] ppocr INFO: epoch: [8/20], global_step: 8420, lr: 0.000024, acc: 0.677114, norm_edit_dis: 0.947204, CTCLoss: 3.224555, NRTRLoss: 1.356321, loss: 4.584470, avg_reader_cost: 0.00295 s, avg_batch_cost: 0.56686 s, avg_samples: 78.8, ips: 139.01203 samples/s, eta: 2:20:06, max_mem_reserved: 25002 MB, max_mem_allocated: 13654 MB
[2025/11/14 14:49:07] ppocr INFO: epoch: [8/20], global_step: 8430, lr: 0.000024, acc: 0.704504, norm_edit_dis: 0.948289, CTCLoss: 2.632756, NRTRLoss: 1.356321, loss: 3.984312, avg_reader_cost: 0.00289 s, avg_batch_cost: 0.62159 s, avg_samples: 93.8, ips: 150.90268 samples/s, eta: 2:19:59, max_mem_reserved: 25002 MB, max_mem_allocated: 13654 MB
[2025/11/14 14:49:13] ppocr INFO: epoch: [8/20], global_step: 8440, lr: 0.000024, acc: 0.687500, norm_edit_dis: 0.944928, CTCLoss: 2.865059, NRTRLoss: 1.366875, loss: 4.234391, avg_reader_cost: 0.00291 s, avg_batch_cost: 0.60376 s, avg_samples: 91.7, ips: 151.88160 samples/s, eta: 2:19:53, max_mem_reserved: 25002 MB, max_mem_allocated: 13654 MB
[2025/11/14 14:49:18] ppocr INFO: epoch: [8/20], global_step: 8450, lr: 0.000024, acc: 0.705882, norm_edit_dis: 0.953751, CTCLoss: 2.691175, NRTRLoss: 1.351351, loss: 4.064871, avg_reader_cost: 0.00335 s, avg_batch_cost: 0.57272 s, avg_samples: 80.9, ips: 141.25669 samples/s, eta: 2:19:45, max_mem_reserved: 25002 MB, max_mem_allocated: 13654 MB
[2025/11/14 14:49:25] ppocr INFO: epoch: [8/20], global_step: 8460, lr: 0.000024, acc: 0.717647, norm_edit_dis: 0.953336, CTCLoss: 2.343067, NRTRLoss: 1.349895, loss: 3.678918, avg_reader_cost: 0.00293 s, avg_batch_cost: 0.62391 s, avg_samples: 91.6, ips: 146.81700 samples/s, eta: 2:19:39, max_mem_reserved: 25002 MB, max_mem_allocated: 13654 MB
[2025/11/14 14:49:31] ppocr INFO: epoch: [8/20], global_step: 8470, lr: 0.000024, acc: 0.682353, norm_edit_dis: 0.947692, CTCLoss: 2.321131, NRTRLoss: 1.363219, loss: 3.684254, avg_reader_cost: 0.00341 s, avg_batch_cost: 0.59987 s, avg_samples: 89.5, ips: 149.19889 samples/s, eta: 2:19:32, max_mem_reserved: 25002 MB, max_mem_allocated: 13654 MB
[2025/11/14 14:49:37] ppocr INFO: epoch: [8/20], global_step: 8480, lr: 0.000024, acc: 0.711765, norm_edit_dis: 0.949557, CTCLoss: 2.343984, NRTRLoss: 1.363219, loss: 3.692365, avg_reader_cost: 0.00340 s, avg_batch_cost: 0.62639 s, avg_samples: 85.2, ips: 136.01793 samples/s, eta: 2:19:26, max_mem_reserved: 25002 MB, max_mem_allocated: 13654 MB
[2025/11/14 14:49:43] ppocr INFO: epoch: [8/20], global_step: 8490, lr: 0.000024, acc: 0.700000, norm_edit_dis: 0.949557, CTCLoss: 2.533355, NRTRLoss: 1.356163, loss: 3.876819, avg_reader_cost: 0.00288 s, avg_batch_cost: 0.63391 s, avg_samples: 89.5, ips: 141.18612 samples/s, eta: 2:19:19, max_mem_reserved: 25002 MB, max_mem_allocated: 13654 MB
[2025/11/14 14:49:50] ppocr INFO: epoch: [8/20], global_step: 8500, lr: 0.000024, acc: 0.679687, norm_edit_dis: 0.947504, CTCLoss: 2.934149, NRTRLoss: 1.349685, loss: 4.291945, avg_reader_cost: 0.00292 s, avg_batch_cost: 0.63973 s, avg_samples: 85.2, ips: 133.18204 samples/s, eta: 2:19:13, max_mem_reserved: 25002 MB, max_mem_allocated: 13654 MB
[2025/11/14 14:50:22] ppocr INFO: cur metric, acc: 0.7655999992344, norm_edit_dis: 0.9625341461981239, fps: 690.2010014528386
[2025/11/14 14:50:25] ppocr INFO: save best model is to ./output/best_accuracy
[2025/11/14 14:50:25] ppocr INFO: best metric, acc: 0.7655999992344, is_float16: False, norm_edit_dis: 0.9625341461981239, fps: 690.2010014528386, best_epoch: 8
[2025/11/14 14:50:30] ppocr INFO: epoch: [8/20], global_step: 8510, lr: 0.000024, acc: 0.703125, norm_edit_dis: 0.947504, CTCLoss: 2.584772, NRTRLoss: 1.350931, loss: 3.939669, avg_reader_cost: 0.00288 s, avg_batch_cost: 0.58319 s, avg_samples: 78.8, ips: 135.11878 samples/s, eta: 2:19:06, max_mem_reserved: 25002 MB, max_mem_allocated: 13654 MB
[2025/11/14 14:50:37] ppocr INFO: epoch: [8/20], global_step: 8520, lr: 0.000024, acc: 0.704504, norm_edit_dis: 0.944095, CTCLoss: 2.809398, NRTRLoss: 1.356050, loss: 4.161577, avg_reader_cost: 0.00295 s, avg_batch_cost: 0.61327 s, avg_samples: 89.5, ips: 145.93879 samples/s, eta: 2:19:00, max_mem_reserved: 25002 MB, max_mem_allocated: 13654 MB
[2025/11/14 14:50:43] ppocr INFO: epoch: [8/20], global_step: 8530, lr: 0.000024, acc: 0.652941, norm_edit_dis: 0.934598, CTCLoss: 3.333151, NRTRLoss: 1.363524, loss: 4.702938, avg_reader_cost: 0.00344 s, avg_batch_cost: 0.67441 s, avg_samples: 104.4, ips: 154.80279 samples/s, eta: 2:18:54, max_mem_reserved: 25002 MB, max_mem_allocated: 13654 MB
[2025/11/14 14:50:49] ppocr INFO: epoch: [8/20], global_step: 8540, lr: 0.000024, acc: 0.658823, norm_edit_dis: 0.944269, CTCLoss: 3.551197, NRTRLoss: 1.353766, loss: 4.910522, avg_reader_cost: 0.00344 s, avg_batch_cost: 0.60313 s, avg_samples: 83.1, ips: 137.78133 samples/s, eta: 2:18:47, max_mem_reserved: 25002 MB, max_mem_allocated: 13654 MB
[2025/11/14 14:50:56] ppocr INFO: epoch: [8/20], global_step: 8550, lr: 0.000024, acc: 0.659467, norm_edit_dis: 0.939148, CTCLoss: 2.781689, NRTRLoss: 1.355943, loss: 4.144372, avg_reader_cost: 0.00293 s, avg_batch_cost: 0.62087 s, avg_samples: 95.9, ips: 154.46093 samples/s, eta: 2:18:41, max_mem_reserved: 25002 MB, max_mem_allocated: 13654 MB
[2025/11/14 14:51:02] ppocr INFO: epoch: [8/20], global_step: 8560, lr: 0.000024, acc: 0.671875, norm_edit_dis: 0.944103, CTCLoss: 2.797842, NRTRLoss: 1.361661, loss: 4.163733, avg_reader_cost: 0.00308 s, avg_batch_cost: 0.63585 s, avg_samples: 87.4, ips: 137.45318 samples/s, eta: 2:18:34, max_mem_reserved: 25002 MB, max_mem_allocated: 13654 MB
[2025/11/14 14:51:08] ppocr INFO: epoch: [8/20], global_step: 8570, lr: 0.000024, acc: 0.698621, norm_edit_dis: 0.948355, CTCLoss: 2.648639, NRTRLoss: 1.356848, loss: 3.999351, avg_reader_cost: 0.00384 s, avg_batch_cost: 0.64874 s, avg_samples: 91.6, ips: 141.19698 samples/s, eta: 2:18:28, max_mem_reserved: 25002 MB, max_mem_allocated: 13654 MB
[2025/11/14 14:51:15] ppocr INFO: epoch: [8/20], global_step: 8580, lr: 0.000024, acc: 0.694118, norm_edit_dis: 0.941937, CTCLoss: 3.161370, NRTRLoss: 1.355504, loss: 4.526081, avg_reader_cost: 0.00312 s, avg_batch_cost: 0.63715 s, avg_samples: 95.9, ips: 150.51509 samples/s, eta: 2:18:22, max_mem_reserved: 25002 MB, max_mem_allocated: 13654 MB
[2025/11/14 14:51:21] ppocr INFO: epoch: [8/20], global_step: 8590, lr: 0.000024, acc: 0.688235, norm_edit_dis: 0.940415, CTCLoss: 3.641094, NRTRLoss: 1.357768, loss: 5.019012, avg_reader_cost: 0.00292 s, avg_batch_cost: 0.63306 s, avg_samples: 91.6, ips: 144.69374 samples/s, eta: 2:18:16, max_mem_reserved: 25002 MB, max_mem_allocated: 13654 MB
[2025/11/14 14:51:27] ppocr INFO: epoch: [8/20], global_step: 8600, lr: 0.000024, acc: 0.640625, norm_edit_dis: 0.938674, CTCLoss: 3.608218, NRTRLoss: 1.362041, loss: 4.977170, avg_reader_cost: 0.00297 s, avg_batch_cost: 0.61811 s, avg_samples: 91.6, ips: 148.19357 samples/s, eta: 2:18:09, max_mem_reserved: 25002 MB, max_mem_allocated: 13654 MB
[2025/11/14 14:52:00] ppocr INFO: cur metric, acc: 0.7515999992484, norm_edit_dis: 0.960831855951208, fps: 706.5333613118682
[2025/11/14 14:52:00] ppocr INFO: best metric, acc: 0.7655999992344, is_float16: False, norm_edit_dis: 0.9625341461981239, fps: 690.2010014528386, best_epoch: 8
[2025/11/14 14:52:06] ppocr INFO: epoch: [8/20], global_step: 8610, lr: 0.000024, acc: 0.652941, norm_edit_dis: 0.943205, CTCLoss: 3.000458, NRTRLoss: 1.348201, loss: 4.352787, avg_reader_cost: 0.00296 s, avg_batch_cost: 0.58582 s, avg_samples: 76.7, ips: 130.92651 samples/s, eta: 2:18:02, max_mem_reserved: 25002 MB, max_mem_allocated: 13654 MB
[2025/11/14 14:52:12] ppocr INFO: epoch: [8/20], global_step: 8620, lr: 0.000024, acc: 0.671875, norm_edit_dis: 0.948589, CTCLoss: 2.903155, NRTRLoss: 1.343397, loss: 4.246918, avg_reader_cost: 0.00295 s, avg_batch_cost: 0.62359 s, avg_samples: 91.6, ips: 146.89138 samples/s, eta: 2:17:56, max_mem_reserved: 25002 MB, max_mem_allocated: 13654 MB
[2025/11/14 14:52:18] ppocr INFO: epoch: [8/20], global_step: 8630, lr: 0.000024, acc: 0.671232, norm_edit_dis: 0.945018, CTCLoss: 3.138021, NRTRLoss: 1.354664, loss: 4.496862, avg_reader_cost: 0.00293 s, avg_batch_cost: 0.62150 s, avg_samples: 93.7, ips: 150.76459 samples/s, eta: 2:17:49, max_mem_reserved: 25002 MB, max_mem_allocated: 13654 MB
[2025/11/14 14:52:25] ppocr INFO: epoch: [8/20], global_step: 8640, lr: 0.000024, acc: 0.664706, norm_edit_dis: 0.943694, CTCLoss: 2.931654, NRTRLoss: 1.360594, loss: 4.280566, avg_reader_cost: 0.00295 s, avg_batch_cost: 0.62566 s, avg_samples: 93.8, ips: 149.92225 samples/s, eta: 2:17:43, max_mem_reserved: 25002 MB, max_mem_allocated: 13654 MB
[2025/11/14 14:52:31] ppocr INFO: epoch: [8/20], global_step: 8650, lr: 0.000024, acc: 0.539062, norm_edit_dis: 0.914284, CTCLoss: 4.380083, NRTRLoss: 1.375835, loss: 5.748835, avg_reader_cost: 0.00334 s, avg_batch_cost: 0.67269 s, avg_samples: 104.5, ips: 155.34549 samples/s, eta: 2:17:37, max_mem_reserved: 25002 MB, max_mem_allocated: 13654 MB
[2025/11/14 14:52:38] ppocr INFO: epoch: [8/20], global_step: 8660, lr: 0.000024, acc: 0.652941, norm_edit_dis: 0.941658, CTCLoss: 2.640685, NRTRLoss: 1.359345, loss: 3.990011, avg_reader_cost: 0.00290 s, avg_batch_cost: 0.60883 s, avg_samples: 83.0, ips: 136.32599 samples/s, eta: 2:17:31, max_mem_reserved: 25002 MB, max_mem_allocated: 13654 MB
[2025/11/14 14:52:44] ppocr INFO: epoch: [8/20], global_step: 8670, lr: 0.000024, acc: 0.676471, norm_edit_dis: 0.955040, CTCLoss: 2.394616, NRTRLoss: 1.343916, loss: 3.735747, avg_reader_cost: 0.00288 s, avg_batch_cost: 0.63950 s, avg_samples: 95.8, ips: 149.80493 samples/s, eta: 2:17:24, max_mem_reserved: 25002 MB, max_mem_allocated: 13654 MB
[2025/11/14 14:52:50] ppocr INFO: epoch: [8/20], global_step: 8680, lr: 0.000024, acc: 0.664706, norm_edit_dis: 0.949692, CTCLoss: 2.621150, NRTRLoss: 1.347264, loss: 3.965200, avg_reader_cost: 0.00294 s, avg_batch_cost: 0.65515 s, avg_samples: 98.0, ips: 149.58494 samples/s, eta: 2:17:18, max_mem_reserved: 25002 MB, max_mem_allocated: 13654 MB
[2025/11/14 14:52:56] ppocr INFO: epoch: [8/20], global_step: 8688, lr: 0.000024, acc: 0.500000, norm_edit_dis: 0.896934, CTCLoss: 5.295448, NRTRLoss: 1.373177, loss: 6.688224, avg_reader_cost: 0.00234 s, avg_batch_cost: 0.54157 s, avg_samples: 89.6, ips: 165.44548 samples/s, eta: 2:17:14, max_mem_reserved: 25002 MB, max_mem_allocated: 13654 MB
[2025/11/14 14:53:00] ppocr INFO: save model in ./output/latest
[2025/11/14 14:53:01] ppocr INFO: save model in ./output/iter_epoch_8
[2025/11/14 14:53:03] ppocr INFO: epoch: [9/20], global_step: 8690, lr: 0.000024, acc: 0.581342, norm_edit_dis: 0.922061, CTCLoss: 4.594447, NRTRLoss: 1.365493, loss: 5.952183, avg_reader_cost: 0.58289 s, avg_batch_cost: 0.70513 s, avg_samples: 14.9, ips: 21.13071 samples/s, eta: 2:17:21, max_mem_reserved: 25002 MB, max_mem_allocated: 13654 MB
[2025/11/14 14:53:09] ppocr INFO: epoch: [9/20], global_step: 8700, lr: 0.000024, acc: 0.677114, norm_edit_dis: 0.943809, CTCLoss: 3.410301, NRTRLoss: 1.362286, loss: 4.749702, avg_reader_cost: 0.00307 s, avg_batch_cost: 0.64133 s, avg_samples: 89.4, ips: 139.39863 samples/s, eta: 2:17:15, max_mem_reserved: 25002 MB, max_mem_allocated: 13654 MB
[2025/11/14 14:53:42] ppocr INFO: cur metric, acc: 0.7688999992311, norm_edit_dis: 0.9642839496176888, fps: 690.2848429882849
[2025/11/14 14:53:45] ppocr INFO: save best model is to ./output/best_accuracy
[2025/11/14 14:53:45] ppocr INFO: best metric, acc: 0.7688999992311, is_float16: False, norm_edit_dis: 0.9642839496176888, fps: 690.2848429882849, best_epoch: 9
[2025/11/14 14:53:51] ppocr INFO: epoch: [9/20], global_step: 8710, lr: 0.000024, acc: 0.717647, norm_edit_dis: 0.945396, CTCLoss: 3.102156, NRTRLoss: 1.355737, loss: 4.458216, avg_reader_cost: 0.00328 s, avg_batch_cost: 0.64842 s, avg_samples: 104.4, ips: 161.00727 samples/s, eta: 2:17:09, max_mem_reserved: 25002 MB, max_mem_allocated: 13654 MB
[2025/11/14 14:53:58] ppocr INFO: epoch: [9/20], global_step: 8720, lr: 0.000024, acc: 0.718198, norm_edit_dis: 0.954019, CTCLoss: 2.662488, NRTRLoss: 1.356940, loss: 4.019428, avg_reader_cost: 0.00290 s, avg_batch_cost: 0.63427 s, avg_samples: 83.1, ips: 131.01630 samples/s, eta: 2:17:03, max_mem_reserved: 25002 MB, max_mem_allocated: 13654 MB
[2025/11/14 14:54:04] ppocr INFO: epoch: [9/20], global_step: 8730, lr: 0.000024, acc: 0.658823, norm_edit_dis: 0.936819, CTCLoss: 3.711427, NRTRLoss: 1.376589, loss: 5.096603, avg_reader_cost: 0.00289 s, avg_batch_cost: 0.66720 s, avg_samples: 113.0, ips: 169.36449 samples/s, eta: 2:16:57, max_mem_reserved: 25002 MB, max_mem_allocated: 13654 MB
[2025/11/14 14:54:10] ppocr INFO: epoch: [9/20], global_step: 8740, lr: 0.000024, acc: 0.679044, norm_edit_dis: 0.943505, CTCLoss: 2.971854, NRTRLoss: 1.357910, loss: 4.329764, avg_reader_cost: 0.00295 s, avg_batch_cost: 0.59300 s, avg_samples: 74.6, ips: 125.80057 samples/s, eta: 2:16:50, max_mem_reserved: 25002 MB, max_mem_allocated: 13654 MB
[2025/11/14 14:54:16] ppocr INFO: epoch: [9/20], global_step: 8750, lr: 0.000024, acc: 0.704504, norm_edit_dis: 0.952093, CTCLoss: 2.523646, NRTRLoss: 1.344813, loss: 3.876256, avg_reader_cost: 0.00291 s, avg_batch_cost: 0.60860 s, avg_samples: 89.4, ips: 146.89398 samples/s, eta: 2:16:43, max_mem_reserved: 25002 MB, max_mem_allocated: 13654 MB
[2025/11/14 14:54:23] ppocr INFO: epoch: [9/20], global_step: 8760, lr: 0.000024, acc: 0.677114, norm_edit_dis: 0.944859, CTCLoss: 2.559357, NRTRLoss: 1.351348, loss: 3.902025, avg_reader_cost: 0.00291 s, avg_batch_cost: 0.64957 s, avg_samples: 100.2, ips: 154.25506 samples/s, eta: 2:16:37, max_mem_reserved: 25002 MB, max_mem_allocated: 13654 MB
[2025/11/14 14:54:29] ppocr INFO: epoch: [9/20], global_step: 8770, lr: 0.000024, acc: 0.664062, norm_edit_dis: 0.926601, CTCLoss: 3.982798, NRTRLoss: 1.373499, loss: 5.372211, avg_reader_cost: 0.00290 s, avg_batch_cost: 0.63967 s, avg_samples: 91.7, ips: 143.35485 samples/s, eta: 2:16:31, max_mem_reserved: 25002 MB, max_mem_allocated: 13654 MB
[2025/11/14 14:54:36] ppocr INFO: epoch: [9/20], global_step: 8780, lr: 0.000024, acc: 0.710386, norm_edit_dis: 0.948205, CTCLoss: 2.583883, NRTRLoss: 1.353782, loss: 3.934495, avg_reader_cost: 0.00290 s, avg_batch_cost: 0.63315 s, avg_samples: 83.0, ips: 131.09142 samples/s, eta: 2:16:25, max_mem_reserved: 25002 MB, max_mem_allocated: 13654 MB
[2025/11/14 14:54:42] ppocr INFO: epoch: [9/20], global_step: 8790, lr: 0.000024, acc: 0.724081, norm_edit_dis: 0.953229, CTCLoss: 2.412915, NRTRLoss: 1.340631, loss: 3.754498, avg_reader_cost: 0.00323 s, avg_batch_cost: 0.63570 s, avg_samples: 89.5, ips: 140.79026 samples/s, eta: 2:16:18, max_mem_reserved: 25002 MB, max_mem_allocated: 13654 MB
[2025/11/14 14:54:48] ppocr INFO: epoch: [9/20], global_step: 8800, lr: 0.000024, acc: 0.731893, norm_edit_dis: 0.954263, CTCLoss: 2.236050, NRTRLoss: 1.346546, loss: 3.587974, avg_reader_cost: 0.00282 s, avg_batch_cost: 0.61369 s, avg_samples: 85.2, ips: 138.83200 samples/s, eta: 2:16:12, max_mem_reserved: 25002 MB, max_mem_allocated: 13654 MB
[2025/11/14 14:55:20] ppocr INFO: cur metric, acc: 0.7755999992244, norm_edit_dis: 0.9641252648591814, fps: 715.1426638603187
[2025/11/14 14:55:22] ppocr INFO: save best model is to ./output/best_accuracy
[2025/11/14 14:55:22] ppocr INFO: best metric, acc: 0.7755999992244, is_float16: False, norm_edit_dis: 0.9641252648591814, fps: 715.1426638603187, best_epoch: 9
[2025/11/14 14:55:28] ppocr INFO: epoch: [9/20], global_step: 8810, lr: 0.000024, acc: 0.717647, norm_edit_dis: 0.956658, CTCLoss: 2.522387, NRTRLoss: 1.345243, loss: 3.867182, avg_reader_cost: 0.00297 s, avg_batch_cost: 0.60375 s, avg_samples: 85.2, ips: 141.11804 samples/s, eta: 2:16:05, max_mem_reserved: 25002 MB, max_mem_allocated: 13654 MB
[2025/11/14 14:55:35] ppocr INFO: epoch: [9/20], global_step: 8820, lr: 0.000024, acc: 0.703125, norm_edit_dis: 0.954991, CTCLoss: 2.729318, NRTRLoss: 1.344227, loss: 4.064621, avg_reader_cost: 0.00292 s, avg_batch_cost: 0.62826 s, avg_samples: 91.6, ips: 145.79998 samples/s, eta: 2:15:59, max_mem_reserved: 25002 MB, max_mem_allocated: 13654 MB
[2025/11/14 14:55:41] ppocr INFO: epoch: [9/20], global_step: 8830, lr: 0.000024, acc: 0.704504, norm_edit_dis: 0.945062, CTCLoss: 3.303598, NRTRLoss: 1.358537, loss: 4.651272, avg_reader_cost: 0.00288 s, avg_batch_cost: 0.61694 s, avg_samples: 100.1, ips: 162.25303 samples/s, eta: 2:15:52, max_mem_reserved: 25002 MB, max_mem_allocated: 13654 MB
[2025/11/14 14:55:47] ppocr INFO: epoch: [9/20], global_step: 8840, lr: 0.000024, acc: 0.677114, norm_edit_dis: 0.945706, CTCLoss: 3.069324, NRTRLoss: 1.359281, loss: 4.432382, avg_reader_cost: 0.00333 s, avg_batch_cost: 0.61477 s, avg_samples: 80.9, ips: 131.59421 samples/s, eta: 2:15:45, max_mem_reserved: 25002 MB, max_mem_allocated: 13654 MB
[2025/11/14 14:55:53] ppocr INFO: epoch: [9/20], global_step: 8850, lr: 0.000024, acc: 0.684926, norm_edit_dis: 0.947950, CTCLoss: 2.750255, NRTRLoss: 1.351376, loss: 4.106571, avg_reader_cost: 0.00294 s, avg_batch_cost: 0.62094 s, avg_samples: 89.5, ips: 144.13592 samples/s, eta: 2:15:39, max_mem_reserved: 25002 MB, max_mem_allocated: 13654 MB
[2025/11/14 14:56:00] ppocr INFO: epoch: [9/20], global_step: 8860, lr: 0.000024, acc: 0.695312, norm_edit_dis: 0.952052, CTCLoss: 2.480599, NRTRLoss: 1.350592, loss: 3.824069, avg_reader_cost: 0.00331 s, avg_batch_cost: 0.62562 s, avg_samples: 93.8, ips: 149.93100 samples/s, eta: 2:15:33, max_mem_reserved: 25002 MB, max_mem_allocated: 13654 MB
[2025/11/14 14:56:06] ppocr INFO: epoch: [9/20], global_step: 8870, lr: 0.000024, acc: 0.687500, norm_edit_dis: 0.952404, CTCLoss: 2.577551, NRTRLoss: 1.350141, loss: 3.929617, avg_reader_cost: 0.00319 s, avg_batch_cost: 0.63398 s, avg_samples: 93.8, ips: 147.95524 samples/s, eta: 2:15:26, max_mem_reserved: 25002 MB, max_mem_allocated: 13654 MB
[2025/11/14 14:56:12] ppocr INFO: epoch: [9/20], global_step: 8880, lr: 0.000023, acc: 0.687500, norm_edit_dis: 0.943289, CTCLoss: 2.604625, NRTRLoss: 1.358096, loss: 3.967392, avg_reader_cost: 0.00284 s, avg_batch_cost: 0.64105 s, avg_samples: 91.6, ips: 142.89133 samples/s, eta: 2:15:20, max_mem_reserved: 25002 MB, max_mem_allocated: 13654 MB
[2025/11/14 14:56:18] ppocr INFO: epoch: [9/20], global_step: 8890, lr: 0.000023, acc: 0.695312, norm_edit_dis: 0.944203, CTCLoss: 2.604625, NRTRLoss: 1.354007, loss: 3.967392, avg_reader_cost: 0.00287 s, avg_batch_cost: 0.58761 s, avg_samples: 85.2, ips: 144.99310 samples/s, eta: 2:15:13, max_mem_reserved: 25002 MB, max_mem_allocated: 13654 MB
[2025/11/14 14:56:24] ppocr INFO: epoch: [9/20], global_step: 8900, lr: 0.000023, acc: 0.698621, norm_edit_dis: 0.948149, CTCLoss: 2.782433, NRTRLoss: 1.352369, loss: 4.139207, avg_reader_cost: 0.00289 s, avg_batch_cost: 0.61208 s, avg_samples: 87.3, ips: 142.62843 samples/s, eta: 2:15:06, max_mem_reserved: 25002 MB, max_mem_allocated: 13654 MB
[2025/11/14 14:56:58] ppocr INFO: cur metric, acc: 0.7616999992383, norm_edit_dis: 0.963083921153401, fps: 672.9975193960547
[2025/11/14 14:56:58] ppocr INFO: best metric, acc: 0.7755999992244, is_float16: False, norm_edit_dis: 0.9641252648591814, fps: 715.1426638603187, best_epoch: 9
[2025/11/14 14:57:04] ppocr INFO: epoch: [9/20], global_step: 8910, lr: 0.000023, acc: 0.623529, norm_edit_dis: 0.930675, CTCLoss: 3.357251, NRTRLoss: 1.378721, loss: 4.725964, avg_reader_cost: 0.00279 s, avg_batch_cost: 0.66729 s, avg_samples: 113.0, ips: 169.34290 samples/s, eta: 2:15:01, max_mem_reserved: 25002 MB, max_mem_allocated: 13654 MB
[2025/11/14 14:57:11] ppocr INFO: epoch: [9/20], global_step: 8920, lr: 0.000023, acc: 0.567647, norm_edit_dis: 0.925217, CTCLoss: 4.204222, NRTRLoss: 1.377217, loss: 5.558887, avg_reader_cost: 0.00363 s, avg_batch_cost: 0.62100 s, avg_samples: 89.5, ips: 144.12197 samples/s, eta: 2:14:54, max_mem_reserved: 25002 MB, max_mem_allocated: 13654 MB
[2025/11/14 14:57:17] ppocr INFO: epoch: [9/20], global_step: 8930, lr: 0.000023, acc: 0.718198, norm_edit_dis: 0.947920, CTCLoss: 2.476716, NRTRLoss: 1.349560, loss: 3.822498, avg_reader_cost: 0.00290 s, avg_batch_cost: 0.62006 s, avg_samples: 95.8, ips: 154.50201 samples/s, eta: 2:14:48, max_mem_reserved: 25002 MB, max_mem_allocated: 13654 MB
[2025/11/14 14:57:23] ppocr INFO: epoch: [9/20], global_step: 8940, lr: 0.000023, acc: 0.677114, norm_edit_dis: 0.946239, CTCLoss: 2.511182, NRTRLoss: 1.355165, loss: 3.854489, avg_reader_cost: 0.00297 s, avg_batch_cost: 0.66773 s, avg_samples: 98.0, ips: 146.76625 samples/s, eta: 2:14:42, max_mem_reserved: 25002 MB, max_mem_allocated: 13654 MB
[2025/11/14 14:57:30] ppocr INFO: epoch: [9/20], global_step: 8950, lr: 0.000023, acc: 0.578125, norm_edit_dis: 0.915022, CTCLoss: 4.959361, NRTRLoss: 1.372272, loss: 6.328028, avg_reader_cost: 0.00301 s, avg_batch_cost: 0.65934 s, avg_samples: 104.5, ips: 158.49143 samples/s, eta: 2:14:36, max_mem_reserved: 25002 MB, max_mem_allocated: 13654 MB
[2025/11/14 14:57:36] ppocr INFO: epoch: [9/20], global_step: 8960, lr: 0.000023, acc: 0.578125, norm_edit_dis: 0.916581, CTCLoss: 4.811976, NRTRLoss: 1.368668, loss: 6.190224, avg_reader_cost: 0.00293 s, avg_batch_cost: 0.62430 s, avg_samples: 93.8, ips: 150.24836 samples/s, eta: 2:14:29, max_mem_reserved: 25002 MB, max_mem_allocated: 13654 MB
[2025/11/14 14:57:43] ppocr INFO: epoch: [9/20], global_step: 8970, lr: 0.000023, acc: 0.581342, norm_edit_dis: 0.916581, CTCLoss: 4.332994, NRTRLoss: 1.367219, loss: 5.707974, avg_reader_cost: 0.00289 s, avg_batch_cost: 0.66699 s, avg_samples: 106.6, ips: 159.82261 samples/s, eta: 2:14:24, max_mem_reserved: 25002 MB, max_mem_allocated: 13654 MB
[2025/11/14 14:57:49] ppocr INFO: epoch: [9/20], global_step: 8980, lr: 0.000023, acc: 0.500000, norm_edit_dis: 0.903219, CTCLoss: 4.837805, NRTRLoss: 1.378101, loss: 6.225858, avg_reader_cost: 0.00291 s, avg_batch_cost: 0.64023 s, avg_samples: 98.1, ips: 153.22683 samples/s, eta: 2:14:17, max_mem_reserved: 25002 MB, max_mem_allocated: 13654 MB
[2025/11/14 14:57:56] ppocr INFO: epoch: [9/20], global_step: 8990, lr: 0.000023, acc: 0.657537, norm_edit_dis: 0.945499, CTCLoss: 3.556106, NRTRLoss: 1.357919, loss: 4.918773, avg_reader_cost: 0.00294 s, avg_batch_cost: 0.63408 s, avg_samples: 91.6, ips: 144.46109 samples/s, eta: 2:14:11, max_mem_reserved: 25002 MB, max_mem_allocated: 13654 MB
[2025/11/14 14:58:02] ppocr INFO: epoch: [9/20], global_step: 9000, lr: 0.000023, acc: 0.694118, norm_edit_dis: 0.948193, CTCLoss: 2.699460, NRTRLoss: 1.345806, loss: 4.044096, avg_reader_cost: 0.00288 s, avg_batch_cost: 0.58864 s, avg_samples: 85.2, ips: 144.74016 samples/s, eta: 2:14:04, max_mem_reserved: 25002 MB, max_mem_allocated: 13654 MB
[2025/11/14 14:58:34] ppocr INFO: cur metric, acc: 0.7752999992247, norm_edit_dis: 0.9639306497292952, fps: 729.1451356419356
[2025/11/14 14:58:34] ppocr INFO: best metric, acc: 0.7755999992244, is_float16: False, norm_edit_dis: 0.9641252648591814, fps: 715.1426638603187, best_epoch: 9
[2025/11/14 14:58:40] ppocr INFO: epoch: [9/20], global_step: 9010, lr: 0.000023, acc: 0.694118, norm_edit_dis: 0.945419, CTCLoss: 2.763360, NRTRLoss: 1.351037, loss: 4.114318, avg_reader_cost: 0.00295 s, avg_batch_cost: 0.66463 s, avg_samples: 95.9, ips: 144.29166 samples/s, eta: 2:13:58, max_mem_reserved: 25002 MB, max_mem_allocated: 13654 MB
[2025/11/14 14:58:47] ppocr INFO: epoch: [9/20], global_step: 9020, lr: 0.000023, acc: 0.679687, norm_edit_dis: 0.940429, CTCLoss: 3.167168, NRTRLoss: 1.364899, loss: 4.514873, avg_reader_cost: 0.00293 s, avg_batch_cost: 0.62818 s, avg_samples: 93.8, ips: 149.32095 samples/s, eta: 2:13:52, max_mem_reserved: 25002 MB, max_mem_allocated: 13654 MB
[2025/11/14 14:58:53] ppocr INFO: epoch: [9/20], global_step: 9030, lr: 0.000023, acc: 0.710386, norm_edit_dis: 0.949401, CTCLoss: 2.799702, NRTRLoss: 1.348185, loss: 4.149560, avg_reader_cost: 0.00295 s, avg_batch_cost: 0.61002 s, avg_samples: 85.2, ips: 139.66725 samples/s, eta: 2:13:45, max_mem_reserved: 25002 MB, max_mem_allocated: 13654 MB
[2025/11/14 14:58:59] ppocr INFO: epoch: [9/20], global_step: 9040, lr: 0.000023, acc: 0.698621, norm_edit_dis: 0.949401, CTCLoss: 2.652678, NRTRLoss: 1.351979, loss: 3.998700, avg_reader_cost: 0.00293 s, avg_batch_cost: 0.61674 s, avg_samples: 87.3, ips: 141.55158 samples/s, eta: 2:13:39, max_mem_reserved: 25002 MB, max_mem_allocated: 13654 MB
[2025/11/14 14:59:05] ppocr INFO: epoch: [9/20], global_step: 9050, lr: 0.000023, acc: 0.679687, norm_edit_dis: 0.946462, CTCLoss: 2.481256, NRTRLoss: 1.354465, loss: 3.827528, avg_reader_cost: 0.00296 s, avg_batch_cost: 0.65251 s, avg_samples: 91.6, ips: 140.38038 samples/s, eta: 2:13:33, max_mem_reserved: 25002 MB, max_mem_allocated: 13654 MB
[2025/11/14 14:59:12] ppocr INFO: epoch: [9/20], global_step: 9060, lr: 0.000023, acc: 0.664062, norm_edit_dis: 0.942121, CTCLoss: 2.654635, NRTRLoss: 1.355873, loss: 4.002830, avg_reader_cost: 0.00294 s, avg_batch_cost: 0.65775 s, avg_samples: 95.9, ips: 145.79904 samples/s, eta: 2:13:27, max_mem_reserved: 25002 MB, max_mem_allocated: 13654 MB
[2025/11/14 14:59:18] ppocr INFO: epoch: [9/20], global_step: 9070, lr: 0.000023, acc: 0.692739, norm_edit_dis: 0.942299, CTCLoss: 2.436276, NRTRLoss: 1.355873, loss: 3.805331, avg_reader_cost: 0.00294 s, avg_batch_cost: 0.63089 s, avg_samples: 89.4, ips: 141.70455 samples/s, eta: 2:13:20, max_mem_reserved: 25002 MB, max_mem_allocated: 13654 MB
[2025/11/14 14:59:25] ppocr INFO: epoch: [9/20], global_step: 9080, lr: 0.000023, acc: 0.698621, norm_edit_dis: 0.943549, CTCLoss: 2.447625, NRTRLoss: 1.353389, loss: 3.805331, avg_reader_cost: 0.00343 s, avg_batch_cost: 0.65235 s, avg_samples: 89.5, ips: 137.19651 samples/s, eta: 2:13:14, max_mem_reserved: 25002 MB, max_mem_allocated: 13654 MB
[2025/11/14 14:59:31] ppocr INFO: epoch: [9/20], global_step: 9090, lr: 0.000023, acc: 0.706434, norm_edit_dis: 0.952037, CTCLoss: 2.651632, NRTRLoss: 1.350860, loss: 4.012517, avg_reader_cost: 0.00342 s, avg_batch_cost: 0.62144 s, avg_samples: 87.3, ips: 140.47984 samples/s, eta: 2:13:08, max_mem_reserved: 25002 MB, max_mem_allocated: 13654 MB
[2025/11/14 14:59:38] ppocr INFO: epoch: [9/20], global_step: 9100, lr: 0.000023, acc: 0.718198, norm_edit_dis: 0.948053, CTCLoss: 2.765681, NRTRLoss: 1.361462, loss: 4.123883, avg_reader_cost: 0.00296 s, avg_batch_cost: 0.67350 s, avg_samples: 100.1, ips: 148.62666 samples/s, eta: 2:13:02, max_mem_reserved: 25002 MB, max_mem_allocated: 13654 MB
[2025/11/14 15:00:12] ppocr INFO: cur metric, acc: 0.760999999239, norm_edit_dis: 0.9626194951989518, fps: 658.386169153676
[2025/11/14 15:00:12] ppocr INFO: best metric, acc: 0.7755999992244, is_float16: False, norm_edit_dis: 0.9641252648591814, fps: 715.1426638603187, best_epoch: 9
[2025/11/14 15:00:18] ppocr INFO: epoch: [9/20], global_step: 9110, lr: 0.000023, acc: 0.671232, norm_edit_dis: 0.938686, CTCLoss: 3.191531, NRTRLoss: 1.369701, loss: 4.571084, avg_reader_cost: 0.00287 s, avg_batch_cost: 0.65030 s, avg_samples: 91.6, ips: 140.85801 samples/s, eta: 2:12:56, max_mem_reserved: 25002 MB, max_mem_allocated: 13654 MB
[2025/11/14 15:00:25] ppocr INFO: epoch: [9/20], global_step: 9120, lr: 0.000023, acc: 0.711765, norm_edit_dis: 0.944922, CTCLoss: 2.690913, NRTRLoss: 1.354988, loss: 4.051522, avg_reader_cost: 0.00291 s, avg_batch_cost: 0.64127 s, avg_samples: 87.3, ips: 136.13671 samples/s, eta: 2:12:50, max_mem_reserved: 25002 MB, max_mem_allocated: 13654 MB
[2025/11/14 15:00:31] ppocr INFO: epoch: [9/20], global_step: 9130, lr: 0.000023, acc: 0.694118, norm_edit_dis: 0.954860, CTCLoss: 2.277413, NRTRLoss: 1.341853, loss: 3.624983, avg_reader_cost: 0.00291 s, avg_batch_cost: 0.59493 s, avg_samples: 78.8, ips: 132.45151 samples/s, eta: 2:12:43, max_mem_reserved: 25002 MB, max_mem_allocated: 13654 MB
[2025/11/14 15:00:37] ppocr INFO: epoch: [9/20], global_step: 9140, lr: 0.000023, acc: 0.670588, norm_edit_dis: 0.945237, CTCLoss: 2.895298, NRTRLoss: 1.354253, loss: 4.242307, avg_reader_cost: 0.00289 s, avg_batch_cost: 0.64679 s, avg_samples: 102.3, ips: 158.16507 samples/s, eta: 2:12:37, max_mem_reserved: 25002 MB, max_mem_allocated: 13654 MB
[2025/11/14 15:00:44] ppocr INFO: epoch: [9/20], global_step: 9150, lr: 0.000023, acc: 0.673162, norm_edit_dis: 0.944027, CTCLoss: 2.591018, NRTRLoss: 1.359575, loss: 3.948128, avg_reader_cost: 0.00290 s, avg_batch_cost: 0.63358 s, avg_samples: 89.4, ips: 141.10184 samples/s, eta: 2:12:31, max_mem_reserved: 25002 MB, max_mem_allocated: 13654 MB
[2025/11/14 15:00:50] ppocr INFO: epoch: [9/20], global_step: 9160, lr: 0.000023, acc: 0.617187, norm_edit_dis: 0.940550, CTCLoss: 3.326053, NRTRLoss: 1.362487, loss: 4.682656, avg_reader_cost: 0.00289 s, avg_batch_cost: 0.65997 s, avg_samples: 110.9, ips: 168.03894 samples/s, eta: 2:12:25, max_mem_reserved: 25002 MB, max_mem_allocated: 13654 MB
[2025/11/14 15:00:56] ppocr INFO: epoch: [9/20], global_step: 9170, lr: 0.000023, acc: 0.574219, norm_edit_dis: 0.920354, CTCLoss: 4.666746, NRTRLoss: 1.358006, loss: 6.051579, avg_reader_cost: 0.00291 s, avg_batch_cost: 0.62517 s, avg_samples: 89.5, ips: 143.16165 samples/s, eta: 2:12:18, max_mem_reserved: 25002 MB, max_mem_allocated: 13654 MB
[2025/11/14 15:01:03] ppocr INFO: epoch: [9/20], global_step: 9180, lr: 0.000023, acc: 0.671875, norm_edit_dis: 0.944249, CTCLoss: 3.747367, NRTRLoss: 1.350714, loss: 5.120234, avg_reader_cost: 0.00288 s, avg_batch_cost: 0.66551 s, avg_samples: 104.5, ips: 157.02218 samples/s, eta: 2:12:12, max_mem_reserved: 25002 MB, max_mem_allocated: 13654 MB
[2025/11/14 15:01:09] ppocr INFO: epoch: [9/20], global_step: 9190, lr: 0.000023, acc: 0.579366, norm_edit_dis: 0.923136, CTCLoss: 3.992910, NRTRLoss: 1.358439, loss: 5.358742, avg_reader_cost: 0.00290 s, avg_batch_cost: 0.62984 s, avg_samples: 98.0, ips: 155.59426 samples/s, eta: 2:12:06, max_mem_reserved: 25002 MB, max_mem_allocated: 13654 MB
[2025/11/14 15:01:16] ppocr INFO: epoch: [9/20], global_step: 9200, lr: 0.000023, acc: 0.704504, norm_edit_dis: 0.954593, CTCLoss: 2.813805, NRTRLoss: 1.346885, loss: 4.175497, avg_reader_cost: 0.00298 s, avg_batch_cost: 0.63482 s, avg_samples: 87.3, ips: 137.51986 samples/s, eta: 2:12:00, max_mem_reserved: 25002 MB, max_mem_allocated: 13654 MB
[2025/11/14 15:01:49] ppocr INFO: cur metric, acc: 0.7787999992212, norm_edit_dis: 0.965500516880964, fps: 656.5189508523179
[2025/11/14 15:01:51] ppocr INFO: save best model is to ./output/best_accuracy
[2025/11/14 15:01:51] ppocr INFO: best metric, acc: 0.7787999992212, is_float16: False, norm_edit_dis: 0.965500516880964, fps: 656.5189508523179, best_epoch: 9
[2025/11/14 15:01:57] ppocr INFO: epoch: [9/20], global_step: 9210, lr: 0.000023, acc: 0.717647, norm_edit_dis: 0.954547, CTCLoss: 2.376194, NRTRLoss: 1.345876, loss: 3.720472, avg_reader_cost: 0.00298 s, avg_batch_cost: 0.60572 s, avg_samples: 83.0, ips: 137.02671 samples/s, eta: 2:11:53, max_mem_reserved: 25002 MB, max_mem_allocated: 13654 MB
[2025/11/14 15:02:04] ppocr INFO: epoch: [9/20], global_step: 9220, lr: 0.000023, acc: 0.711765, norm_edit_dis: 0.948591, CTCLoss: 2.548000, NRTRLoss: 1.353234, loss: 3.903773, avg_reader_cost: 0.00287 s, avg_batch_cost: 0.62748 s, avg_samples: 89.5, ips: 142.63494 samples/s, eta: 2:11:47, max_mem_reserved: 25002 MB, max_mem_allocated: 13654 MB
[2025/11/14 15:02:09] ppocr INFO: epoch: [9/20], global_step: 9230, lr: 0.000023, acc: 0.717647, norm_edit_dis: 0.952837, CTCLoss: 2.251640, NRTRLoss: 1.346406, loss: 3.599745, avg_reader_cost: 0.00284 s, avg_batch_cost: 0.58799 s, avg_samples: 78.8, ips: 134.01492 samples/s, eta: 2:11:40, max_mem_reserved: 25002 MB, max_mem_allocated: 13654 MB
[2025/11/14 15:02:16] ppocr INFO: epoch: [9/20], global_step: 9240, lr: 0.000023, acc: 0.704504, norm_edit_dis: 0.955616, CTCLoss: 2.299723, NRTRLoss: 1.343639, loss: 3.645573, avg_reader_cost: 0.00298 s, avg_batch_cost: 0.62500 s, avg_samples: 85.2, ips: 136.31991 samples/s, eta: 2:11:33, max_mem_reserved: 25002 MB, max_mem_allocated: 13654 MB
[2025/11/14 15:02:22] ppocr INFO: epoch: [9/20], global_step: 9250, lr: 0.000023, acc: 0.663419, norm_edit_dis: 0.944440, CTCLoss: 2.984615, NRTRLoss: 1.354432, loss: 4.333806, avg_reader_cost: 0.00290 s, avg_batch_cost: 0.63826 s, avg_samples: 91.7, ips: 143.67073 samples/s, eta: 2:11:27, max_mem_reserved: 25002 MB, max_mem_allocated: 13654 MB
[2025/11/14 15:02:29] ppocr INFO: epoch: [9/20], global_step: 9260, lr: 0.000023, acc: 0.645772, norm_edit_dis: 0.943549, CTCLoss: 3.232142, NRTRLoss: 1.351953, loss: 4.597357, avg_reader_cost: 0.00295 s, avg_batch_cost: 0.64976 s, avg_samples: 93.8, ips: 144.36164 samples/s, eta: 2:11:21, max_mem_reserved: 25002 MB, max_mem_allocated: 13654 MB
[2025/11/14 15:02:35] ppocr INFO: epoch: [9/20], global_step: 9270, lr: 0.000023, acc: 0.682353, norm_edit_dis: 0.941868, CTCLoss: 2.969294, NRTRLoss: 1.362915, loss: 4.343417, avg_reader_cost: 0.00319 s, avg_batch_cost: 0.68415 s, avg_samples: 91.6, ips: 133.88907 samples/s, eta: 2:11:15, max_mem_reserved: 25002 MB, max_mem_allocated: 13654 MB
[2025/11/14 15:02:42] ppocr INFO: epoch: [9/20], global_step: 9280, lr: 0.000023, acc: 0.677114, norm_edit_dis: 0.940175, CTCLoss: 2.969294, NRTRLoss: 1.367188, loss: 4.343417, avg_reader_cost: 0.00283 s, avg_batch_cost: 0.65055 s, avg_samples: 102.3, ips: 157.25104 samples/s, eta: 2:11:09, max_mem_reserved: 25002 MB, max_mem_allocated: 13654 MB
[2025/11/14 15:02:49] ppocr INFO: epoch: [9/20], global_step: 9290, lr: 0.000023, acc: 0.602941, norm_edit_dis: 0.925987, CTCLoss: 3.717210, NRTRLoss: 1.361609, loss: 5.065043, avg_reader_cost: 0.00285 s, avg_batch_cost: 0.66792 s, avg_samples: 106.5, ips: 159.44971 samples/s, eta: 2:11:03, max_mem_reserved: 25002 MB, max_mem_allocated: 13654 MB
[2025/11/14 15:02:54] ppocr INFO: epoch: [9/20], global_step: 9300, lr: 0.000023, acc: 0.717647, norm_edit_dis: 0.944428, CTCLoss: 3.393174, NRTRLoss: 1.350849, loss: 4.733741, avg_reader_cost: 0.00288 s, avg_batch_cost: 0.57694 s, avg_samples: 85.2, ips: 147.67473 samples/s, eta: 2:10:56, max_mem_reserved: 25002 MB, max_mem_allocated: 13654 MB
[2025/11/14 15:03:27] ppocr INFO: cur metric, acc: 0.7804999992195, norm_edit_dis: 0.9654514339705668, fps: 686.1657770879318
[2025/11/14 15:03:29] ppocr INFO: save best model is to ./output/best_accuracy
[2025/11/14 15:03:29] ppocr INFO: best metric, acc: 0.7804999992195, is_float16: False, norm_edit_dis: 0.9654514339705668, fps: 686.1657770879318, best_epoch: 9
[2025/11/14 15:03:35] ppocr INFO: epoch: [9/20], global_step: 9310, lr: 0.000023, acc: 0.750000, norm_edit_dis: 0.956187, CTCLoss: 2.373872, NRTRLoss: 1.337741, loss: 3.704840, avg_reader_cost: 0.00328 s, avg_batch_cost: 0.60902 s, avg_samples: 76.7, ips: 125.94021 samples/s, eta: 2:10:50, max_mem_reserved: 25002 MB, max_mem_allocated: 13654 MB
[2025/11/14 15:03:42] ppocr INFO: epoch: [9/20], global_step: 9320, lr: 0.000023, acc: 0.724081, norm_edit_dis: 0.951654, CTCLoss: 2.506099, NRTRLoss: 1.342661, loss: 3.854040, avg_reader_cost: 0.00323 s, avg_batch_cost: 0.60708 s, avg_samples: 87.4, ips: 143.96739 samples/s, eta: 2:10:43, max_mem_reserved: 25002 MB, max_mem_allocated: 13654 MB
[2025/11/14 15:03:47] ppocr INFO: epoch: [9/20], global_step: 9330, lr: 0.000023, acc: 0.718198, norm_edit_dis: 0.944560, CTCLoss: 2.802170, NRTRLoss: 1.350713, loss: 4.152883, avg_reader_cost: 0.00289 s, avg_batch_cost: 0.58321 s, avg_samples: 76.7, ips: 131.51407 samples/s, eta: 2:10:36, max_mem_reserved: 25002 MB, max_mem_allocated: 13654 MB
[2025/11/14 15:03:54] ppocr INFO: epoch: [9/20], global_step: 9340, lr: 0.000023, acc: 0.729412, norm_edit_dis: 0.950690, CTCLoss: 2.474339, NRTRLoss: 1.348184, loss: 3.818505, avg_reader_cost: 0.00294 s, avg_batch_cost: 0.64953 s, avg_samples: 91.6, ips: 141.02488 samples/s, eta: 2:10:30, max_mem_reserved: 25002 MB, max_mem_allocated: 13654 MB
[2025/11/14 15:04:00] ppocr INFO: epoch: [9/20], global_step: 9350, lr: 0.000023, acc: 0.729412, norm_edit_dis: 0.948344, CTCLoss: 2.732918, NRTRLoss: 1.350437, loss: 4.080691, avg_reader_cost: 0.00289 s, avg_batch_cost: 0.63393 s, avg_samples: 93.8, ips: 147.96629 samples/s, eta: 2:10:24, max_mem_reserved: 25002 MB, max_mem_allocated: 13654 MB
[2025/11/14 15:04:07] ppocr INFO: epoch: [9/20], global_step: 9360, lr: 0.000023, acc: 0.682996, norm_edit_dis: 0.943099, CTCLoss: 3.035545, NRTRLoss: 1.364197, loss: 4.388290, avg_reader_cost: 0.00289 s, avg_batch_cost: 0.64864 s, avg_samples: 102.3, ips: 157.71490 samples/s, eta: 2:10:17, max_mem_reserved: 25002 MB, max_mem_allocated: 13654 MB
[2025/11/14 15:04:13] ppocr INFO: epoch: [9/20], global_step: 9370, lr: 0.000023, acc: 0.597059, norm_edit_dis: 0.923196, CTCLoss: 3.982666, NRTRLoss: 1.371165, loss: 5.349290, avg_reader_cost: 0.00289 s, avg_batch_cost: 0.66828 s, avg_samples: 102.3, ips: 153.07960 samples/s, eta: 2:10:12, max_mem_reserved: 25002 MB, max_mem_allocated: 13654 MB
[2025/11/14 15:04:20] ppocr INFO: epoch: [9/20], global_step: 9380, lr: 0.000023, acc: 0.597656, norm_edit_dis: 0.932961, CTCLoss: 4.538255, NRTRLoss: 1.351729, loss: 5.884748, avg_reader_cost: 0.00286 s, avg_batch_cost: 0.63181 s, avg_samples: 98.1, ips: 155.26820 samples/s, eta: 2:10:05, max_mem_reserved: 25002 MB, max_mem_allocated: 13654 MB
[2025/11/14 15:04:26] ppocr INFO: epoch: [9/20], global_step: 9390, lr: 0.000023, acc: 0.611765, norm_edit_dis: 0.935266, CTCLoss: 4.296260, NRTRLoss: 1.352340, loss: 5.656983, avg_reader_cost: 0.00285 s, avg_batch_cost: 0.64932 s, avg_samples: 98.0, ips: 150.92663 samples/s, eta: 2:09:59, max_mem_reserved: 25002 MB, max_mem_allocated: 13654 MB
[2025/11/14 15:04:33] ppocr INFO: epoch: [9/20], global_step: 9400, lr: 0.000023, acc: 0.641176, norm_edit_dis: 0.943290, CTCLoss: 2.996698, NRTRLoss: 1.354976, loss: 4.356880, avg_reader_cost: 0.00329 s, avg_batch_cost: 0.64371 s, avg_samples: 91.6, ips: 142.29984 samples/s, eta: 2:09:53, max_mem_reserved: 25002 MB, max_mem_allocated: 13654 MB
[2025/11/14 15:05:05] ppocr INFO: cur metric, acc: 0.7710999992289, norm_edit_dis: 0.9641707716644872, fps: 685.3094022030365
[2025/11/14 15:05:05] ppocr INFO: best metric, acc: 0.7804999992195, is_float16: False, norm_edit_dis: 0.9654514339705668, fps: 686.1657770879318, best_epoch: 9
[2025/11/14 15:05:11] ppocr INFO: epoch: [9/20], global_step: 9410, lr: 0.000023, acc: 0.665349, norm_edit_dis: 0.943290, CTCLoss: 2.428719, NRTRLoss: 1.354032, loss: 3.775859, avg_reader_cost: 0.00292 s, avg_batch_cost: 0.62391 s, avg_samples: 91.6, ips: 146.81698 samples/s, eta: 2:09:46, max_mem_reserved: 25002 MB, max_mem_allocated: 13654 MB
[2025/11/14 15:05:17] ppocr INFO: epoch: [9/20], global_step: 9420, lr: 0.000023, acc: 0.711765, norm_edit_dis: 0.952679, CTCLoss: 2.237555, NRTRLoss: 1.347469, loss: 3.588474, avg_reader_cost: 0.00289 s, avg_batch_cost: 0.61609 s, avg_samples: 85.3, ips: 138.45321 samples/s, eta: 2:09:40, max_mem_reserved: 25002 MB, max_mem_allocated: 13654 MB
[2025/11/14 15:05:24] ppocr INFO: epoch: [9/20], global_step: 9430, lr: 0.000022, acc: 0.704504, norm_edit_dis: 0.953782, CTCLoss: 2.548266, NRTRLoss: 1.345049, loss: 3.903730, avg_reader_cost: 0.00291 s, avg_batch_cost: 0.64183 s, avg_samples: 87.4, ips: 136.17392 samples/s, eta: 2:09:34, max_mem_reserved: 25002 MB, max_mem_allocated: 13654 MB
[2025/11/14 15:05:31] ppocr INFO: epoch: [9/20], global_step: 9440, lr: 0.000022, acc: 0.500000, norm_edit_dis: 0.908807, CTCLoss: 4.496417, NRTRLoss: 1.382167, loss: 5.901905, avg_reader_cost: 0.00371 s, avg_batch_cost: 0.65903 s, avg_samples: 117.3, ips: 177.98871 samples/s, eta: 2:09:28, max_mem_reserved: 25002 MB, max_mem_allocated: 13654 MB
[2025/11/14 15:05:37] ppocr INFO: epoch: [9/20], global_step: 9450, lr: 0.000022, acc: 0.503906, norm_edit_dis: 0.908807, CTCLoss: 4.685982, NRTRLoss: 1.383496, loss: 6.081188, avg_reader_cost: 0.00293 s, avg_batch_cost: 0.63651 s, avg_samples: 93.7, ips: 147.20957 samples/s, eta: 2:09:21, max_mem_reserved: 25002 MB, max_mem_allocated: 13654 MB
[2025/11/14 15:05:43] ppocr INFO: epoch: [9/20], global_step: 9460, lr: 0.000022, acc: 0.665349, norm_edit_dis: 0.939177, CTCLoss: 2.890406, NRTRLoss: 1.364173, loss: 4.256133, avg_reader_cost: 0.00292 s, avg_batch_cost: 0.62937 s, avg_samples: 93.8, ips: 149.03802 samples/s, eta: 2:09:15, max_mem_reserved: 25002 MB, max_mem_allocated: 13654 MB
[2025/11/14 15:05:49] ppocr INFO: epoch: [9/20], global_step: 9470, lr: 0.000022, acc: 0.696691, norm_edit_dis: 0.953975, CTCLoss: 2.348198, NRTRLoss: 1.349904, loss: 3.685320, avg_reader_cost: 0.00290 s, avg_batch_cost: 0.58140 s, avg_samples: 81.0, ips: 139.31973 samples/s, eta: 2:09:08, max_mem_reserved: 25002 MB, max_mem_allocated: 13654 MB
[2025/11/14 15:05:55] ppocr INFO: epoch: [9/20], global_step: 9480, lr: 0.000022, acc: 0.731893, norm_edit_dis: 0.959894, CTCLoss: 2.091561, NRTRLoss: 1.339846, loss: 3.434662, avg_reader_cost: 0.00291 s, avg_batch_cost: 0.64393 s, avg_samples: 89.4, ips: 138.83526 samples/s, eta: 2:09:02, max_mem_reserved: 25002 MB, max_mem_allocated: 13654 MB
[2025/11/14 15:06:02] ppocr INFO: epoch: [9/20], global_step: 9490, lr: 0.000022, acc: 0.734375, norm_edit_dis: 0.951417, CTCLoss: 2.108896, NRTRLoss: 1.343914, loss: 3.466341, avg_reader_cost: 0.00289 s, avg_batch_cost: 0.63330 s, avg_samples: 85.3, ips: 134.69171 samples/s, eta: 2:08:56, max_mem_reserved: 25002 MB, max_mem_allocated: 13654 MB
[2025/11/14 15:06:08] ppocr INFO: epoch: [9/20], global_step: 9500, lr: 0.000022, acc: 0.734375, norm_edit_dis: 0.954213, CTCLoss: 2.166087, NRTRLoss: 1.345281, loss: 3.521502, avg_reader_cost: 0.00292 s, avg_batch_cost: 0.63440 s, avg_samples: 87.4, ips: 137.76834 samples/s, eta: 2:08:49, max_mem_reserved: 25002 MB, max_mem_allocated: 13654 MB
[2025/11/14 15:06:41] ppocr INFO: cur metric, acc: 0.7817999992182, norm_edit_dis: 0.9651848753334608, fps: 686.2849768691766
[2025/11/14 15:06:43] ppocr INFO: save best model is to ./output/best_accuracy
[2025/11/14 15:06:43] ppocr INFO: best metric, acc: 0.7817999992182, is_float16: False, norm_edit_dis: 0.9651848753334608, fps: 686.2849768691766, best_epoch: 9
[2025/11/14 15:06:49] ppocr INFO: epoch: [9/20], global_step: 9510, lr: 0.000022, acc: 0.745588, norm_edit_dis: 0.956429, CTCLoss: 2.479621, NRTRLoss: 1.344143, loss: 3.826415, avg_reader_cost: 0.00288 s, avg_batch_cost: 0.59133 s, avg_samples: 78.8, ips: 133.25951 samples/s, eta: 2:08:42, max_mem_reserved: 25002 MB, max_mem_allocated: 13654 MB
[2025/11/14 15:06:55] ppocr INFO: epoch: [9/20], global_step: 9520, lr: 0.000022, acc: 0.718750, norm_edit_dis: 0.958958, CTCLoss: 2.393152, NRTRLoss: 1.340931, loss: 3.732338, avg_reader_cost: 0.00291 s, avg_batch_cost: 0.61091 s, avg_samples: 83.1, ips: 136.02645 samples/s, eta: 2:08:36, max_mem_reserved: 25002 MB, max_mem_allocated: 13654 MB
[2025/11/14 15:07:01] ppocr INFO: epoch: [9/20], global_step: 9530, lr: 0.000022, acc: 0.718198, norm_edit_dis: 0.953620, CTCLoss: 2.454939, NRTRLoss: 1.344748, loss: 3.807708, avg_reader_cost: 0.00288 s, avg_batch_cost: 0.61319 s, avg_samples: 87.3, ips: 142.37000 samples/s, eta: 2:08:29, max_mem_reserved: 25002 MB, max_mem_allocated: 13654 MB
[2025/11/14 15:07:08] ppocr INFO: epoch: [9/20], global_step: 9540, lr: 0.000022, acc: 0.682353, norm_edit_dis: 0.947445, CTCLoss: 2.644276, NRTRLoss: 1.356419, loss: 3.997070, avg_reader_cost: 0.00291 s, avg_batch_cost: 0.63668 s, avg_samples: 100.2, ips: 157.37802 samples/s, eta: 2:08:23, max_mem_reserved: 25002 MB, max_mem_allocated: 13654 MB
[2025/11/14 15:07:14] ppocr INFO: epoch: [9/20], global_step: 9550, lr: 0.000022, acc: 0.700000, norm_edit_dis: 0.952681, CTCLoss: 2.450244, NRTRLoss: 1.355488, loss: 3.804551, avg_reader_cost: 0.00296 s, avg_batch_cost: 0.62667 s, avg_samples: 85.2, ips: 135.95596 samples/s, eta: 2:08:17, max_mem_reserved: 25002 MB, max_mem_allocated: 13654 MB
[2025/11/14 15:07:20] ppocr INFO: epoch: [9/20], global_step: 9560, lr: 0.000022, acc: 0.700000, norm_edit_dis: 0.952609, CTCLoss: 2.336299, NRTRLoss: 1.347894, loss: 3.683189, avg_reader_cost: 0.00289 s, avg_batch_cost: 0.63574 s, avg_samples: 93.7, ips: 147.38721 samples/s, eta: 2:08:10, max_mem_reserved: 25002 MB, max_mem_allocated: 13654 MB
[2025/11/14 15:07:27] ppocr INFO: epoch: [9/20], global_step: 9570, lr: 0.000022, acc: 0.698621, norm_edit_dis: 0.947265, CTCLoss: 2.708531, NRTRLoss: 1.357045, loss: 4.064947, avg_reader_cost: 0.00289 s, avg_batch_cost: 0.64725 s, avg_samples: 95.9, ips: 148.16500 samples/s, eta: 2:08:04, max_mem_reserved: 25002 MB, max_mem_allocated: 13654 MB
[2025/11/14 15:07:33] ppocr INFO: epoch: [9/20], global_step: 9580, lr: 0.000022, acc: 0.698621, norm_edit_dis: 0.942717, CTCLoss: 2.691050, NRTRLoss: 1.353951, loss: 4.038656, avg_reader_cost: 0.00291 s, avg_batch_cost: 0.61048 s, avg_samples: 85.3, ips: 139.72700 samples/s, eta: 2:07:58, max_mem_reserved: 25002 MB, max_mem_allocated: 13654 MB
[2025/11/14 15:07:39] ppocr INFO: epoch: [9/20], global_step: 9590, lr: 0.000022, acc: 0.703125, norm_edit_dis: 0.947193, CTCLoss: 2.509667, NRTRLoss: 1.344775, loss: 3.848802, avg_reader_cost: 0.00286 s, avg_batch_cost: 0.60705 s, avg_samples: 81.0, ips: 133.43153 samples/s, eta: 2:07:51, max_mem_reserved: 25002 MB, max_mem_allocated: 13654 MB
[2025/11/14 15:07:45] ppocr INFO: epoch: [9/20], global_step: 9600, lr: 0.000022, acc: 0.688879, norm_edit_dis: 0.954065, CTCLoss: 2.568115, NRTRLoss: 1.342876, loss: 3.910686, avg_reader_cost: 0.00425 s, avg_batch_cost: 0.62932 s, avg_samples: 93.7, ips: 148.89002 samples/s, eta: 2:07:45, max_mem_reserved: 25002 MB, max_mem_allocated: 13654 MB
[2025/11/14 15:08:18] ppocr INFO: cur metric, acc: 0.7741999992258001, norm_edit_dis: 0.9649983243648312, fps: 705.1860675285924
[2025/11/14 15:08:18] ppocr INFO: best metric, acc: 0.7817999992182, is_float16: False, norm_edit_dis: 0.9651848753334608, fps: 686.2849768691766, best_epoch: 9
[2025/11/14 15:08:25] ppocr INFO: epoch: [9/20], global_step: 9610, lr: 0.000022, acc: 0.559835, norm_edit_dis: 0.929609, CTCLoss: 3.610378, NRTRLoss: 1.359772, loss: 4.970678, avg_reader_cost: 0.00323 s, avg_batch_cost: 0.68963 s, avg_samples: 115.1, ips: 166.90171 samples/s, eta: 2:07:39, max_mem_reserved: 25002 MB, max_mem_allocated: 13654 MB
[2025/11/14 15:08:31] ppocr INFO: epoch: [9/20], global_step: 9620, lr: 0.000022, acc: 0.671875, norm_edit_dis: 0.946928, CTCLoss: 3.081152, NRTRLoss: 1.349649, loss: 4.419106, avg_reader_cost: 0.00315 s, avg_batch_cost: 0.56869 s, avg_samples: 74.6, ips: 131.17857 samples/s, eta: 2:07:32, max_mem_reserved: 25002 MB, max_mem_allocated: 13654 MB
[2025/11/14 15:08:37] ppocr INFO: epoch: [9/20], global_step: 9630, lr: 0.000022, acc: 0.695312, norm_edit_dis: 0.946928, CTCLoss: 2.795089, NRTRLoss: 1.355617, loss: 4.139138, avg_reader_cost: 0.00296 s, avg_batch_cost: 0.64590 s, avg_samples: 93.8, ips: 145.22321 samples/s, eta: 2:07:26, max_mem_reserved: 25002 MB, max_mem_allocated: 13654 MB
[2025/11/14 15:08:44] ppocr INFO: epoch: [9/20], global_step: 9640, lr: 0.000022, acc: 0.669301, norm_edit_dis: 0.942058, CTCLoss: 3.088847, NRTRLoss: 1.365482, loss: 4.440258, avg_reader_cost: 0.00293 s, avg_batch_cost: 0.65499 s, avg_samples: 95.8, ips: 146.26074 samples/s, eta: 2:07:20, max_mem_reserved: 25002 MB, max_mem_allocated: 13654 MB
[2025/11/14 15:08:51] ppocr INFO: epoch: [9/20], global_step: 9650, lr: 0.000022, acc: 0.637959, norm_edit_dis: 0.942488, CTCLoss: 3.308999, NRTRLoss: 1.359263, loss: 4.652244, avg_reader_cost: 0.00296 s, avg_batch_cost: 0.65240 s, avg_samples: 100.2, ips: 153.58593 samples/s, eta: 2:07:14, max_mem_reserved: 25002 MB, max_mem_allocated: 13654 MB
[2025/11/14 15:08:57] ppocr INFO: epoch: [9/20], global_step: 9660, lr: 0.000022, acc: 0.574219, norm_edit_dis: 0.918598, CTCLoss: 4.005811, NRTRLoss: 1.358910, loss: 5.355288, avg_reader_cost: 0.00317 s, avg_batch_cost: 0.63085 s, avg_samples: 98.1, ips: 155.50505 samples/s, eta: 2:07:07, max_mem_reserved: 25002 MB, max_mem_allocated: 13654 MB
[2025/11/14 15:09:03] ppocr INFO: epoch: [9/20], global_step: 9670, lr: 0.000022, acc: 0.589844, norm_edit_dis: 0.906101, CTCLoss: 3.984219, NRTRLoss: 1.366881, loss: 5.340852, avg_reader_cost: 0.00290 s, avg_batch_cost: 0.65086 s, avg_samples: 98.1, ips: 150.72284 samples/s, eta: 2:07:01, max_mem_reserved: 25002 MB, max_mem_allocated: 13654 MB
[2025/11/14 15:09:10] ppocr INFO: epoch: [9/20], global_step: 9680, lr: 0.000022, acc: 0.647059, norm_edit_dis: 0.940773, CTCLoss: 2.829942, NRTRLoss: 1.356101, loss: 4.177643, avg_reader_cost: 0.00300 s, avg_batch_cost: 0.63945 s, avg_samples: 91.6, ips: 143.24810 samples/s, eta: 2:06:55, max_mem_reserved: 25002 MB, max_mem_allocated: 13654 MB
[2025/11/14 15:09:16] ppocr INFO: epoch: [9/20], global_step: 9690, lr: 0.000022, acc: 0.652941, norm_edit_dis: 0.941781, CTCLoss: 2.611066, NRTRLoss: 1.356101, loss: 3.957513, avg_reader_cost: 0.00297 s, avg_batch_cost: 0.64379 s, avg_samples: 102.3, ips: 158.90249 samples/s, eta: 2:06:49, max_mem_reserved: 25002 MB, max_mem_allocated: 13654 MB
[2025/11/14 15:09:23] ppocr INFO: epoch: [9/20], global_step: 9700, lr: 0.000022, acc: 0.704504, norm_edit_dis: 0.942787, CTCLoss: 2.499292, NRTRLoss: 1.355597, loss: 3.838100, avg_reader_cost: 0.00294 s, avg_batch_cost: 0.64442 s, avg_samples: 95.8, ips: 148.66100 samples/s, eta: 2:06:43, max_mem_reserved: 25002 MB, max_mem_allocated: 13654 MB
[2025/11/14 15:09:56] ppocr INFO: cur metric, acc: 0.7483999992516001, norm_edit_dis: 0.9618518081958712, fps: 679.7589380646572
[2025/11/14 15:09:56] ppocr INFO: best metric, acc: 0.7817999992182, is_float16: False, norm_edit_dis: 0.9651848753334608, fps: 686.2849768691766, best_epoch: 9
[2025/11/14 15:10:03] ppocr INFO: epoch: [9/20], global_step: 9710, lr: 0.000022, acc: 0.704504, norm_edit_dis: 0.942894, CTCLoss: 2.481919, NRTRLoss: 1.355597, loss: 3.826585, avg_reader_cost: 0.00288 s, avg_batch_cost: 0.66409 s, avg_samples: 98.0, ips: 147.57055 samples/s, eta: 2:06:37, max_mem_reserved: 25002 MB, max_mem_allocated: 13654 MB
[2025/11/14 15:10:09] ppocr INFO: epoch: [9/20], global_step: 9720, lr: 0.000022, acc: 0.698621, norm_edit_dis: 0.946810, CTCLoss: 2.467168, NRTRLoss: 1.349482, loss: 3.818366, avg_reader_cost: 0.00294 s, avg_batch_cost: 0.61782 s, avg_samples: 83.1, ips: 134.50528 samples/s, eta: 2:06:30, max_mem_reserved: 25002 MB, max_mem_allocated: 13654 MB
[2025/11/14 15:10:15] ppocr INFO: epoch: [9/20], global_step: 9730, lr: 0.000022, acc: 0.690809, norm_edit_dis: 0.947170, CTCLoss: 2.963148, NRTRLoss: 1.349009, loss: 4.304550, avg_reader_cost: 0.00289 s, avg_batch_cost: 0.66861 s, avg_samples: 104.5, ips: 156.29347 samples/s, eta: 2:06:24, max_mem_reserved: 25002 MB, max_mem_allocated: 13654 MB
[2025/11/14 15:10:22] ppocr INFO: epoch: [9/20], global_step: 9740, lr: 0.000022, acc: 0.688235, norm_edit_dis: 0.945068, CTCLoss: 3.445062, NRTRLoss: 1.349382, loss: 4.786054, avg_reader_cost: 0.00287 s, avg_batch_cost: 0.61325 s, avg_samples: 95.8, ips: 156.21781 samples/s, eta: 2:06:18, max_mem_reserved: 25002 MB, max_mem_allocated: 13654 MB
[2025/11/14 15:10:28] ppocr INFO: epoch: [9/20], global_step: 9750, lr: 0.000022, acc: 0.688235, norm_edit_dis: 0.945117, CTCLoss: 2.630883, NRTRLoss: 1.345949, loss: 3.978259, avg_reader_cost: 0.00287 s, avg_batch_cost: 0.65038 s, avg_samples: 106.5, ips: 163.75054 samples/s, eta: 2:06:12, max_mem_reserved: 25002 MB, max_mem_allocated: 13654 MB
[2025/11/14 15:10:34] ppocr INFO: epoch: [9/20], global_step: 9760, lr: 0.000022, acc: 0.659467, norm_edit_dis: 0.945117, CTCLoss: 3.411871, NRTRLoss: 1.345949, loss: 4.753727, avg_reader_cost: 0.00291 s, avg_batch_cost: 0.62384 s, avg_samples: 89.6, ips: 143.62601 samples/s, eta: 2:06:05, max_mem_reserved: 25002 MB, max_mem_allocated: 13654 MB
[2025/11/14 15:10:40] ppocr INFO: epoch: [9/20], global_step: 9770, lr: 0.000022, acc: 0.695312, norm_edit_dis: 0.953594, CTCLoss: 2.299102, NRTRLoss: 1.342019, loss: 3.639816, avg_reader_cost: 0.00288 s, avg_batch_cost: 0.61641 s, avg_samples: 85.2, ips: 138.22004 samples/s, eta: 2:05:59, max_mem_reserved: 25002 MB, max_mem_allocated: 13654 MB
[2025/11/14 15:10:43] ppocr INFO: epoch: [9/20], global_step: 9774, lr: 0.000022, acc: 0.710937, norm_edit_dis: 0.954822, CTCLoss: 2.241148, NRTRLoss: 1.339030, loss: 3.589524, avg_reader_cost: 0.00114 s, avg_batch_cost: 0.23134 s, avg_samples: 27.7, ips: 119.73616 samples/s, eta: 2:05:56, max_mem_reserved: 25002 MB, max_mem_allocated: 13654 MB
[2025/11/14 15:10:46] ppocr INFO: save model in ./output/latest
[2025/11/14 15:10:47] ppocr INFO: save model in ./output/iter_epoch_9
[2025/11/14 15:10:53] ppocr INFO: epoch: [10/20], global_step: 9780, lr: 0.000022, acc: 0.704504, norm_edit_dis: 0.953594, CTCLoss: 2.529912, NRTRLoss: 1.342793, loss: 3.873498, avg_reader_cost: 0.59679 s, avg_batch_cost: 1.01243 s, avg_samples: 57.5, ips: 56.79382 samples/s, eta: 2:06:00, max_mem_reserved: 25002 MB, max_mem_allocated: 13654 MB
[2025/11/14 15:10:59] ppocr INFO: epoch: [10/20], global_step: 9790, lr: 0.000022, acc: 0.695312, norm_edit_dis: 0.948937, CTCLoss: 2.824550, NRTRLoss: 1.352916, loss: 4.185331, avg_reader_cost: 0.00285 s, avg_batch_cost: 0.63506 s, avg_samples: 95.9, ips: 151.00959 samples/s, eta: 2:05:53, max_mem_reserved: 25002 MB, max_mem_allocated: 13654 MB
[2025/11/14 15:11:05] ppocr INFO: epoch: [10/20], global_step: 9800, lr: 0.000022, acc: 0.716268, norm_edit_dis: 0.946863, CTCLoss: 2.824550, NRTRLoss: 1.350771, loss: 4.185331, avg_reader_cost: 0.00290 s, avg_batch_cost: 0.60252 s, avg_samples: 83.1, ips: 137.92161 samples/s, eta: 2:05:47, max_mem_reserved: 25002 MB, max_mem_allocated: 13654 MB
[2025/11/14 15:11:38] ppocr INFO: cur metric, acc: 0.7845999992154, norm_edit_dis: 0.9663034295663517, fps: 658.5049786213343
[2025/11/14 15:11:41] ppocr INFO: save best model is to ./output/best_accuracy
[2025/11/14 15:11:41] ppocr INFO: best metric, acc: 0.7845999992154, is_float16: False, norm_edit_dis: 0.9663034295663517, fps: 658.5049786213343, best_epoch: 10
[2025/11/14 15:11:47] ppocr INFO: epoch: [10/20], global_step: 9810, lr: 0.000022, acc: 0.731893, norm_edit_dis: 0.948825, CTCLoss: 2.556687, NRTRLoss: 1.349102, loss: 3.896193, avg_reader_cost: 0.00291 s, avg_batch_cost: 0.62272 s, avg_samples: 91.6, ips: 147.09619 samples/s, eta: 2:05:40, max_mem_reserved: 25002 MB, max_mem_allocated: 13654 MB
[2025/11/14 15:11:53] ppocr INFO: epoch: [10/20], global_step: 9820, lr: 0.000022, acc: 0.705882, norm_edit_dis: 0.946087, CTCLoss: 3.112093, NRTRLoss: 1.350969, loss: 4.476376, avg_reader_cost: 0.00293 s, avg_batch_cost: 0.61733 s, avg_samples: 91.6, ips: 148.38182 samples/s, eta: 2:05:34, max_mem_reserved: 25002 MB, max_mem_allocated: 13654 MB
[2025/11/14 15:12:00] ppocr INFO: epoch: [10/20], global_step: 9830, lr: 0.000022, acc: 0.698621, norm_edit_dis: 0.943823, CTCLoss: 3.547980, NRTRLoss: 1.359722, loss: 4.888788, avg_reader_cost: 0.00364 s, avg_batch_cost: 0.70322 s, avg_samples: 106.6, ips: 151.58879 samples/s, eta: 2:05:28, max_mem_reserved: 25002 MB, max_mem_allocated: 13654 MB
[2025/11/14 15:12:06] ppocr INFO: epoch: [10/20], global_step: 9840, lr: 0.000022, acc: 0.720129, norm_edit_dis: 0.951562, CTCLoss: 2.360212, NRTRLoss: 1.350679, loss: 3.711450, avg_reader_cost: 0.00291 s, avg_batch_cost: 0.59826 s, avg_samples: 78.8, ips: 131.71627 samples/s, eta: 2:05:21, max_mem_reserved: 25002 MB, max_mem_allocated: 13654 MB
[2025/11/14 15:12:12] ppocr INFO: epoch: [10/20], global_step: 9850, lr: 0.000022, acc: 0.737776, norm_edit_dis: 0.955970, CTCLoss: 2.204004, NRTRLoss: 1.342299, loss: 3.546024, avg_reader_cost: 0.00288 s, avg_batch_cost: 0.58930 s, avg_samples: 81.0, ips: 137.45075 samples/s, eta: 2:05:15, max_mem_reserved: 25002 MB, max_mem_allocated: 13654 MB
[2025/11/14 15:12:19] ppocr INFO: epoch: [10/20], global_step: 9860, lr: 0.000022, acc: 0.710386, norm_edit_dis: 0.951927, CTCLoss: 2.183540, NRTRLoss: 1.343552, loss: 3.538508, avg_reader_cost: 0.00339 s, avg_batch_cost: 0.63827 s, avg_samples: 93.8, ips: 146.95900 samples/s, eta: 2:05:08, max_mem_reserved: 25002 MB, max_mem_allocated: 13654 MB
[2025/11/14 15:12:25] ppocr INFO: epoch: [10/20], global_step: 9870, lr: 0.000022, acc: 0.664062, norm_edit_dis: 0.941872, CTCLoss: 2.977197, NRTRLoss: 1.357636, loss: 4.328891, avg_reader_cost: 0.00305 s, avg_batch_cost: 0.65485 s, avg_samples: 95.9, ips: 146.44678 samples/s, eta: 2:05:02, max_mem_reserved: 25002 MB, max_mem_allocated: 13654 MB
[2025/11/14 15:12:32] ppocr INFO: epoch: [10/20], global_step: 9880, lr: 0.000022, acc: 0.585937, norm_edit_dis: 0.917468, CTCLoss: 4.500454, NRTRLoss: 1.372656, loss: 5.861671, avg_reader_cost: 0.00341 s, avg_batch_cost: 0.65869 s, avg_samples: 106.6, ips: 161.83556 samples/s, eta: 2:04:56, max_mem_reserved: 25002 MB, max_mem_allocated: 13654 MB
[2025/11/14 15:12:38] ppocr INFO: epoch: [10/20], global_step: 9890, lr: 0.000022, acc: 0.523437, norm_edit_dis: 0.915825, CTCLoss: 4.362446, NRTRLoss: 1.367226, loss: 5.729671, avg_reader_cost: 0.00291 s, avg_batch_cost: 0.64676 s, avg_samples: 100.2, ips: 154.92667 samples/s, eta: 2:04:50, max_mem_reserved: 25002 MB, max_mem_allocated: 13654 MB
[2025/11/14 15:12:44] ppocr INFO: epoch: [10/20], global_step: 9900, lr: 0.000022, acc: 0.647794, norm_edit_dis: 0.937543, CTCLoss: 2.554708, NRTRLoss: 1.354921, loss: 3.897072, avg_reader_cost: 0.00291 s, avg_batch_cost: 0.62118 s, avg_samples: 91.6, ips: 147.46109 samples/s, eta: 2:04:44, max_mem_reserved: 25002 MB, max_mem_allocated: 13654 MB
[2025/11/14 15:13:17] ppocr INFO: cur metric, acc: 0.7621999992378, norm_edit_dis: 0.963850926470071, fps: 714.1148358147819
[2025/11/14 15:13:17] ppocr INFO: best metric, acc: 0.7845999992154, is_float16: False, norm_edit_dis: 0.9663034295663517, fps: 658.5049786213343, best_epoch: 10
[2025/11/14 15:13:23] ppocr INFO: epoch: [10/20], global_step: 9910, lr: 0.000022, acc: 0.676471, norm_edit_dis: 0.951934, CTCLoss: 2.554708, NRTRLoss: 1.347928, loss: 3.894847, avg_reader_cost: 0.00332 s, avg_batch_cost: 0.60500 s, avg_samples: 93.7, ips: 154.87688 samples/s, eta: 2:04:37, max_mem_reserved: 25002 MB, max_mem_allocated: 13654 MB
[2025/11/14 15:13:29] ppocr INFO: epoch: [10/20], global_step: 9920, lr: 0.000022, acc: 0.684926, norm_edit_dis: 0.954708, CTCLoss: 2.641993, NRTRLoss: 1.345168, loss: 3.976826, avg_reader_cost: 0.00347 s, avg_batch_cost: 0.64048 s, avg_samples: 89.4, ips: 139.58265 samples/s, eta: 2:04:31, max_mem_reserved: 25002 MB, max_mem_allocated: 13654 MB
[2025/11/14 15:13:35] ppocr INFO: epoch: [10/20], global_step: 9930, lr: 0.000022, acc: 0.705882, norm_edit_dis: 0.955261, CTCLoss: 2.219185, NRTRLoss: 1.340453, loss: 3.564392, avg_reader_cost: 0.00293 s, avg_batch_cost: 0.60243 s, avg_samples: 78.8, ips: 130.80423 samples/s, eta: 2:04:24, max_mem_reserved: 25002 MB, max_mem_allocated: 13654 MB
[2025/11/14 15:13:41] ppocr INFO: epoch: [10/20], global_step: 9940, lr: 0.000022, acc: 0.704504, norm_edit_dis: 0.952174, CTCLoss: 2.299832, NRTRLoss: 1.346493, loss: 3.645625, avg_reader_cost: 0.00384 s, avg_batch_cost: 0.63065 s, avg_samples: 95.8, ips: 151.90639 samples/s, eta: 2:04:18, max_mem_reserved: 25002 MB, max_mem_allocated: 13654 MB
[2025/11/14 15:13:47] ppocr INFO: epoch: [10/20], global_step: 9950, lr: 0.000021, acc: 0.703125, norm_edit_dis: 0.951894, CTCLoss: 2.471710, NRTRLoss: 1.347703, loss: 3.822077, avg_reader_cost: 0.00292 s, avg_batch_cost: 0.58621 s, avg_samples: 83.1, ips: 141.75799 samples/s, eta: 2:04:11, max_mem_reserved: 25002 MB, max_mem_allocated: 13654 MB
[2025/11/14 15:13:54] ppocr INFO: epoch: [10/20], global_step: 9960, lr: 0.000021, acc: 0.703125, norm_edit_dis: 0.948386, CTCLoss: 2.529374, NRTRLoss: 1.348178, loss: 3.860734, avg_reader_cost: 0.00297 s, avg_batch_cost: 0.66297 s, avg_samples: 106.6, ips: 160.79273 samples/s, eta: 2:04:05, max_mem_reserved: 25002 MB, max_mem_allocated: 13654 MB
[2025/11/14 15:14:00] ppocr INFO: epoch: [10/20], global_step: 9970, lr: 0.000021, acc: 0.645864, norm_edit_dis: 0.943719, CTCLoss: 3.154794, NRTRLoss: 1.350358, loss: 4.506627, avg_reader_cost: 0.00294 s, avg_batch_cost: 0.62108 s, avg_samples: 87.4, ips: 140.72254 samples/s, eta: 2:03:58, max_mem_reserved: 25002 MB, max_mem_allocated: 13654 MB
[2025/11/14 15:14:07] ppocr INFO: epoch: [10/20], global_step: 9980, lr: 0.000021, acc: 0.645864, norm_edit_dis: 0.936642, CTCLoss: 3.216159, NRTRLoss: 1.357467, loss: 4.555846, avg_reader_cost: 0.00293 s, avg_batch_cost: 0.66259 s, avg_samples: 102.4, ips: 154.54577 samples/s, eta: 2:03:52, max_mem_reserved: 25002 MB, max_mem_allocated: 13654 MB
[2025/11/14 15:14:13] ppocr INFO: epoch: [10/20], global_step: 9990, lr: 0.000021, acc: 0.651654, norm_edit_dis: 0.938176, CTCLoss: 3.234225, NRTRLoss: 1.352714, loss: 4.593776, avg_reader_cost: 0.00346 s, avg_batch_cost: 0.61710 s, avg_samples: 89.4, ips: 144.87218 samples/s, eta: 2:03:46, max_mem_reserved: 25002 MB, max_mem_allocated: 13654 MB
[2025/11/14 15:14:19] ppocr INFO: epoch: [10/20], global_step: 10000, lr: 0.000021, acc: 0.694118, norm_edit_dis: 0.945642, CTCLoss: 2.817437, NRTRLoss: 1.351223, loss: 4.165284, avg_reader_cost: 0.00294 s, avg_batch_cost: 0.64666 s, avg_samples: 91.6, ips: 141.65013 samples/s, eta: 2:03:40, max_mem_reserved: 25002 MB, max_mem_allocated: 13654 MB
[2025/11/14 15:14:52] ppocr INFO: cur metric, acc: 0.7852999992147001, norm_edit_dis: 0.966666581799834, fps: 693.9668046491678
[2025/11/14 15:14:54] ppocr INFO: save best model is to ./output/best_accuracy
[2025/11/14 15:14:54] ppocr INFO: best metric, acc: 0.7852999992147001, is_float16: False, norm_edit_dis: 0.966666581799834, fps: 693.9668046491678, best_epoch: 10
[2025/11/14 15:15:01] ppocr INFO: epoch: [10/20], global_step: 10010, lr: 0.000021, acc: 0.703125, norm_edit_dis: 0.948677, CTCLoss: 2.552812, NRTRLoss: 1.351119, loss: 3.896051, avg_reader_cost: 0.00290 s, avg_batch_cost: 0.63215 s, avg_samples: 85.2, ips: 134.77774 samples/s, eta: 2:03:33, max_mem_reserved: 25002 MB, max_mem_allocated: 13654 MB
[2025/11/14 15:15:07] ppocr INFO: epoch: [10/20], global_step: 10020, lr: 0.000021, acc: 0.679044, norm_edit_dis: 0.948026, CTCLoss: 2.337745, NRTRLoss: 1.348074, loss: 3.691728, avg_reader_cost: 0.00292 s, avg_batch_cost: 0.64545 s, avg_samples: 93.8, ips: 145.32575 samples/s, eta: 2:03:27, max_mem_reserved: 25002 MB, max_mem_allocated: 13654 MB
[2025/11/14 15:15:14] ppocr INFO: epoch: [10/20], global_step: 10030, lr: 0.000021, acc: 0.698621, norm_edit_dis: 0.952835, CTCLoss: 2.660322, NRTRLoss: 1.341620, loss: 4.007799, avg_reader_cost: 0.00345 s, avg_batch_cost: 0.62545 s, avg_samples: 85.2, ips: 136.22135 samples/s, eta: 2:03:21, max_mem_reserved: 25002 MB, max_mem_allocated: 13654 MB
[2025/11/14 15:15:19] ppocr INFO: epoch: [10/20], global_step: 10040, lr: 0.000021, acc: 0.745588, norm_edit_dis: 0.960605, CTCLoss: 2.165801, NRTRLoss: 1.333453, loss: 3.508373, avg_reader_cost: 0.00296 s, avg_batch_cost: 0.59775 s, avg_samples: 78.9, ips: 131.99458 samples/s, eta: 2:03:14, max_mem_reserved: 25002 MB, max_mem_allocated: 13654 MB
[2025/11/14 15:15:26] ppocr INFO: epoch: [10/20], global_step: 10050, lr: 0.000021, acc: 0.737776, norm_edit_dis: 0.954414, CTCLoss: 2.273298, NRTRLoss: 1.341927, loss: 3.620383, avg_reader_cost: 0.00291 s, avg_batch_cost: 0.63610 s, avg_samples: 93.7, ips: 147.30310 samples/s, eta: 2:03:08, max_mem_reserved: 25002 MB, max_mem_allocated: 13654 MB
[2025/11/14 15:15:32] ppocr INFO: epoch: [10/20], global_step: 10060, lr: 0.000021, acc: 0.703125, norm_edit_dis: 0.949525, CTCLoss: 2.530700, NRTRLoss: 1.354879, loss: 3.887064, avg_reader_cost: 0.00294 s, avg_batch_cost: 0.59688 s, avg_samples: 83.2, ips: 139.39131 samples/s, eta: 2:03:01, max_mem_reserved: 25002 MB, max_mem_allocated: 13654 MB
[2025/11/14 15:15:38] ppocr INFO: epoch: [10/20], global_step: 10070, lr: 0.000021, acc: 0.687500, norm_edit_dis: 0.942614, CTCLoss: 2.685769, NRTRLoss: 1.356089, loss: 4.052428, avg_reader_cost: 0.00298 s, avg_batch_cost: 0.62432 s, avg_samples: 87.4, ips: 139.99319 samples/s, eta: 2:02:54, max_mem_reserved: 25002 MB, max_mem_allocated: 13654 MB
[2025/11/14 15:15:45] ppocr INFO: epoch: [10/20], global_step: 10080, lr: 0.000021, acc: 0.671875, norm_edit_dis: 0.942060, CTCLoss: 3.076422, NRTRLoss: 1.351311, loss: 4.422293, avg_reader_cost: 0.00295 s, avg_batch_cost: 0.66638 s, avg_samples: 102.3, ips: 153.51665 samples/s, eta: 2:02:49, max_mem_reserved: 25002 MB, max_mem_allocated: 13654 MB
[2025/11/14 15:15:51] ppocr INFO: epoch: [10/20], global_step: 10090, lr: 0.000021, acc: 0.712316, norm_edit_dis: 0.956499, CTCLoss: 2.346808, NRTRLoss: 1.347117, loss: 3.702958, avg_reader_cost: 0.00292 s, avg_batch_cost: 0.62265 s, avg_samples: 83.1, ips: 133.46088 samples/s, eta: 2:02:42, max_mem_reserved: 25002 MB, max_mem_allocated: 13654 MB
[2025/11/14 15:15:57] ppocr INFO: epoch: [10/20], global_step: 10100, lr: 0.000021, acc: 0.735845, norm_edit_dis: 0.956499, CTCLoss: 2.291361, NRTRLoss: 1.346053, loss: 3.650148, avg_reader_cost: 0.00325 s, avg_batch_cost: 0.64945 s, avg_samples: 93.8, ips: 144.42967 samples/s, eta: 2:02:36, max_mem_reserved: 25002 MB, max_mem_allocated: 13654 MB
[2025/11/14 15:16:31] ppocr INFO: cur metric, acc: 0.7795999992204, norm_edit_dis: 0.965918070808218, fps: 663.4459758907224
[2025/11/14 15:16:31] ppocr INFO: best metric, acc: 0.7852999992147001, is_float16: False, norm_edit_dis: 0.966666581799834, fps: 693.9668046491678, best_epoch: 10
[2025/11/14 15:16:37] ppocr INFO: epoch: [10/20], global_step: 10110, lr: 0.000021, acc: 0.706434, norm_edit_dis: 0.956150, CTCLoss: 2.233956, NRTRLoss: 1.347842, loss: 3.577501, avg_reader_cost: 0.00293 s, avg_batch_cost: 0.61646 s, avg_samples: 87.3, ips: 141.61576 samples/s, eta: 2:02:29, max_mem_reserved: 25002 MB, max_mem_allocated: 13654 MB
[2025/11/14 15:16:43] ppocr INFO: epoch: [10/20], global_step: 10120, lr: 0.000021, acc: 0.706434, norm_edit_dis: 0.958841, CTCLoss: 2.201186, NRTRLoss: 1.338885, loss: 3.547251, avg_reader_cost: 0.00293 s, avg_batch_cost: 0.58373 s, avg_samples: 74.6, ips: 127.79961 samples/s, eta: 2:02:23, max_mem_reserved: 25002 MB, max_mem_allocated: 13654 MB
[2025/11/14 15:16:49] ppocr INFO: epoch: [10/20], global_step: 10130, lr: 0.000021, acc: 0.711765, norm_edit_dis: 0.958589, CTCLoss: 2.298880, NRTRLoss: 1.340265, loss: 3.646933, avg_reader_cost: 0.00294 s, avg_batch_cost: 0.58020 s, avg_samples: 87.4, ips: 150.63679 samples/s, eta: 2:02:16, max_mem_reserved: 25002 MB, max_mem_allocated: 13654 MB
[2025/11/14 15:16:56] ppocr INFO: epoch: [10/20], global_step: 10140, lr: 0.000021, acc: 0.605469, norm_edit_dis: 0.930332, CTCLoss: 3.552974, NRTRLoss: 1.358457, loss: 4.908653, avg_reader_cost: 0.00296 s, avg_batch_cost: 0.67417 s, avg_samples: 115.1, ips: 170.72926 samples/s, eta: 2:02:10, max_mem_reserved: 25002 MB, max_mem_allocated: 13654 MB
[2025/11/14 15:17:02] ppocr INFO: epoch: [10/20], global_step: 10150, lr: 0.000021, acc: 0.500000, norm_edit_dis: 0.903212, CTCLoss: 4.781635, NRTRLoss: 1.379507, loss: 6.180404, avg_reader_cost: 0.00328 s, avg_batch_cost: 0.65327 s, avg_samples: 106.5, ips: 163.02615 samples/s, eta: 2:02:04, max_mem_reserved: 25002 MB, max_mem_allocated: 13654 MB
[2025/11/14 15:17:08] ppocr INFO: epoch: [10/20], global_step: 10160, lr: 0.000021, acc: 0.673162, norm_edit_dis: 0.941762, CTCLoss: 2.875834, NRTRLoss: 1.364339, loss: 4.243489, avg_reader_cost: 0.00338 s, avg_batch_cost: 0.62632 s, avg_samples: 93.7, ips: 149.60404 samples/s, eta: 2:01:57, max_mem_reserved: 25002 MB, max_mem_allocated: 13654 MB
[2025/11/14 15:17:15] ppocr INFO: epoch: [10/20], global_step: 10170, lr: 0.000021, acc: 0.718198, norm_edit_dis: 0.953773, CTCLoss: 2.397263, NRTRLoss: 1.344068, loss: 3.728621, avg_reader_cost: 0.00289 s, avg_batch_cost: 0.61697 s, avg_samples: 81.0, ips: 131.28704 samples/s, eta: 2:01:51, max_mem_reserved: 25002 MB, max_mem_allocated: 13654 MB
[2025/11/14 15:17:21] ppocr INFO: epoch: [10/20], global_step: 10180, lr: 0.000021, acc: 0.718750, norm_edit_dis: 0.956994, CTCLoss: 2.342836, NRTRLoss: 1.345466, loss: 3.676159, avg_reader_cost: 0.00326 s, avg_batch_cost: 0.65588 s, avg_samples: 100.2, ips: 152.77176 samples/s, eta: 2:01:45, max_mem_reserved: 25002 MB, max_mem_allocated: 13654 MB
[2025/11/14 15:17:28] ppocr INFO: epoch: [10/20], global_step: 10190, lr: 0.000021, acc: 0.562500, norm_edit_dis: 0.918237, CTCLoss: 4.425868, NRTRLoss: 1.366702, loss: 5.802684, avg_reader_cost: 0.00327 s, avg_batch_cost: 0.65206 s, avg_samples: 108.7, ips: 166.70127 samples/s, eta: 2:01:39, max_mem_reserved: 25002 MB, max_mem_allocated: 13654 MB
[2025/11/14 15:17:34] ppocr INFO: epoch: [10/20], global_step: 10200, lr: 0.000021, acc: 0.562500, norm_edit_dis: 0.915788, CTCLoss: 4.425868, NRTRLoss: 1.368985, loss: 5.802684, avg_reader_cost: 0.00293 s, avg_batch_cost: 0.64465 s, avg_samples: 102.3, ips: 158.69198 samples/s, eta: 2:01:32, max_mem_reserved: 25002 MB, max_mem_allocated: 13654 MB
[2025/11/14 15:18:06] ppocr INFO: cur metric, acc: 0.7574999992425, norm_edit_dis: 0.9637304390405049, fps: 707.6555696858952
[2025/11/14 15:18:06] ppocr INFO: best metric, acc: 0.7852999992147001, is_float16: False, norm_edit_dis: 0.966666581799834, fps: 693.9668046491678, best_epoch: 10
[2025/11/14 15:18:13] ppocr INFO: epoch: [10/20], global_step: 10210, lr: 0.000021, acc: 0.692739, norm_edit_dis: 0.939059, CTCLoss: 3.058312, NRTRLoss: 1.365665, loss: 4.438430, avg_reader_cost: 0.00281 s, avg_batch_cost: 0.62872 s, avg_samples: 91.6, ips: 145.69383 samples/s, eta: 2:01:26, max_mem_reserved: 25002 MB, max_mem_allocated: 13654 MB
[2025/11/14 15:18:19] ppocr INFO: epoch: [10/20], global_step: 10220, lr: 0.000021, acc: 0.704504, norm_edit_dis: 0.946407, CTCLoss: 2.406524, NRTRLoss: 1.357825, loss: 3.750214, avg_reader_cost: 0.00290 s, avg_batch_cost: 0.64517 s, avg_samples: 95.9, ips: 148.64315 samples/s, eta: 2:01:20, max_mem_reserved: 25002 MB, max_mem_allocated: 13654 MB
[2025/11/14 15:18:25] ppocr INFO: epoch: [10/20], global_step: 10230, lr: 0.000021, acc: 0.734375, norm_edit_dis: 0.956353, CTCLoss: 2.158374, NRTRLoss: 1.344449, loss: 3.506997, avg_reader_cost: 0.00291 s, avg_batch_cost: 0.62828 s, avg_samples: 83.1, ips: 132.26520 samples/s, eta: 2:01:13, max_mem_reserved: 25002 MB, max_mem_allocated: 13654 MB
[2025/11/14 15:18:32] ppocr INFO: epoch: [10/20], global_step: 10240, lr: 0.000021, acc: 0.734375, norm_edit_dis: 0.953214, CTCLoss: 2.158374, NRTRLoss: 1.351344, loss: 3.506997, avg_reader_cost: 0.00292 s, avg_batch_cost: 0.62496 s, avg_samples: 100.2, ips: 160.32941 samples/s, eta: 2:01:07, max_mem_reserved: 25002 MB, max_mem_allocated: 13654 MB
[2025/11/14 15:18:38] ppocr INFO: epoch: [10/20], global_step: 10250, lr: 0.000021, acc: 0.677114, norm_edit_dis: 0.949352, CTCLoss: 3.605326, NRTRLoss: 1.359845, loss: 4.958787, avg_reader_cost: 0.00290 s, avg_batch_cost: 0.62887 s, avg_samples: 93.7, ips: 148.99739 samples/s, eta: 2:01:01, max_mem_reserved: 25002 MB, max_mem_allocated: 13654 MB
[2025/11/14 15:18:44] ppocr INFO: epoch: [10/20], global_step: 10260, lr: 0.000021, acc: 0.682353, norm_edit_dis: 0.947941, CTCLoss: 3.491756, NRTRLoss: 1.358241, loss: 4.853542, avg_reader_cost: 0.00336 s, avg_batch_cost: 0.64437 s, avg_samples: 98.0, ips: 152.08696 samples/s, eta: 2:00:54, max_mem_reserved: 25002 MB, max_mem_allocated: 13654 MB
[2025/11/14 15:18:51] ppocr INFO: epoch: [10/20], global_step: 10270, lr: 0.000021, acc: 0.684926, norm_edit_dis: 0.942043, CTCLoss: 3.891677, NRTRLoss: 1.360576, loss: 5.266825, avg_reader_cost: 0.00295 s, avg_batch_cost: 0.65591 s, avg_samples: 104.4, ips: 159.16826 samples/s, eta: 2:00:48, max_mem_reserved: 25002 MB, max_mem_allocated: 13654 MB
[2025/11/14 15:18:57] ppocr INFO: epoch: [10/20], global_step: 10280, lr: 0.000021, acc: 0.682996, norm_edit_dis: 0.936529, CTCLoss: 3.834376, NRTRLoss: 1.360283, loss: 5.198833, avg_reader_cost: 0.00287 s, avg_batch_cost: 0.65626 s, avg_samples: 100.1, ips: 152.53105 samples/s, eta: 2:00:42, max_mem_reserved: 25002 MB, max_mem_allocated: 13654 MB
[2025/11/14 15:19:04] ppocr INFO: epoch: [10/20], global_step: 10290, lr: 0.000021, acc: 0.694118, norm_edit_dis: 0.951034, CTCLoss: 2.395736, NRTRLoss: 1.354946, loss: 3.743414, avg_reader_cost: 0.00293 s, avg_batch_cost: 0.63386 s, avg_samples: 93.7, ips: 147.82525 samples/s, eta: 2:00:36, max_mem_reserved: 25002 MB, max_mem_allocated: 13654 MB
[2025/11/14 15:19:10] ppocr INFO: epoch: [10/20], global_step: 10300, lr: 0.000021, acc: 0.712316, norm_edit_dis: 0.952028, CTCLoss: 2.205609, NRTRLoss: 1.343361, loss: 3.538381, avg_reader_cost: 0.00292 s, avg_batch_cost: 0.65255 s, avg_samples: 98.1, ips: 150.33319 samples/s, eta: 2:00:30, max_mem_reserved: 25002 MB, max_mem_allocated: 13654 MB
[2025/11/14 15:19:43] ppocr INFO: cur metric, acc: 0.7680999992319, norm_edit_dis: 0.9651360246567458, fps: 701.6104573397479
[2025/11/14 15:19:43] ppocr INFO: best metric, acc: 0.7852999992147001, is_float16: False, norm_edit_dis: 0.966666581799834, fps: 693.9668046491678, best_epoch: 10
[2025/11/14 15:19:49] ppocr INFO: epoch: [10/20], global_step: 10310, lr: 0.000021, acc: 0.679687, norm_edit_dis: 0.947723, CTCLoss: 2.796561, NRTRLoss: 1.356631, loss: 4.150367, avg_reader_cost: 0.00303 s, avg_batch_cost: 0.63073 s, avg_samples: 91.6, ips: 145.22925 samples/s, eta: 2:00:23, max_mem_reserved: 25002 MB, max_mem_allocated: 13654 MB
[2025/11/14 15:19:56] ppocr INFO: epoch: [10/20], global_step: 10320, lr: 0.000021, acc: 0.723529, norm_edit_dis: 0.953557, CTCLoss: 2.628640, NRTRLoss: 1.352444, loss: 3.971369, avg_reader_cost: 0.00297 s, avg_batch_cost: 0.63416 s, avg_samples: 89.4, ips: 140.97386 samples/s, eta: 2:00:17, max_mem_reserved: 25002 MB, max_mem_allocated: 13654 MB
[2025/11/14 15:20:02] ppocr INFO: epoch: [10/20], global_step: 10330, lr: 0.000021, acc: 0.729412, norm_edit_dis: 0.955064, CTCLoss: 2.660843, NRTRLoss: 1.338709, loss: 4.006385, avg_reader_cost: 0.00298 s, avg_batch_cost: 0.64624 s, avg_samples: 98.0, ips: 151.64554 samples/s, eta: 2:00:11, max_mem_reserved: 25002 MB, max_mem_allocated: 13654 MB
[2025/11/14 15:20:09] ppocr INFO: epoch: [10/20], global_step: 10340, lr: 0.000021, acc: 0.717647, norm_edit_dis: 0.955281, CTCLoss: 2.116393, NRTRLoss: 1.342883, loss: 3.460028, avg_reader_cost: 0.00296 s, avg_batch_cost: 0.63934 s, avg_samples: 89.5, ips: 139.98858 samples/s, eta: 2:00:05, max_mem_reserved: 25002 MB, max_mem_allocated: 13654 MB
[2025/11/14 15:20:15] ppocr INFO: epoch: [10/20], global_step: 10350, lr: 0.000021, acc: 0.671875, norm_edit_dis: 0.954133, CTCLoss: 2.331431, NRTRLoss: 1.343635, loss: 3.667383, avg_reader_cost: 0.00299 s, avg_batch_cost: 0.63627 s, avg_samples: 93.8, ips: 147.42243 samples/s, eta: 1:59:58, max_mem_reserved: 25002 MB, max_mem_allocated: 13654 MB
[2025/11/14 15:20:21] ppocr INFO: epoch: [10/20], global_step: 10360, lr: 0.000021, acc: 0.665349, norm_edit_dis: 0.940752, CTCLoss: 2.929514, NRTRLoss: 1.362227, loss: 4.275631, avg_reader_cost: 0.00367 s, avg_batch_cost: 0.62756 s, avg_samples: 93.7, ips: 149.30777 samples/s, eta: 1:59:52, max_mem_reserved: 25002 MB, max_mem_allocated: 13654 MB
[2025/11/14 15:20:28] ppocr INFO: epoch: [10/20], global_step: 10370, lr: 0.000021, acc: 0.658823, norm_edit_dis: 0.940752, CTCLoss: 3.607217, NRTRLoss: 1.363420, loss: 4.974750, avg_reader_cost: 0.00295 s, avg_batch_cost: 0.66408 s, avg_samples: 106.6, ips: 160.52172 samples/s, eta: 1:59:46, max_mem_reserved: 25002 MB, max_mem_allocated: 13654 MB
[2025/11/14 15:20:34] ppocr INFO: epoch: [10/20], global_step: 10380, lr: 0.000021, acc: 0.706434, norm_edit_dis: 0.955567, CTCLoss: 2.200800, NRTRLoss: 1.344722, loss: 3.548797, avg_reader_cost: 0.00297 s, avg_batch_cost: 0.58170 s, avg_samples: 74.6, ips: 128.24561 samples/s, eta: 1:59:39, max_mem_reserved: 25002 MB, max_mem_allocated: 13654 MB
[2025/11/14 15:20:40] ppocr INFO: epoch: [10/20], global_step: 10390, lr: 0.000021, acc: 0.734375, norm_edit_dis: 0.960145, CTCLoss: 1.940866, NRTRLoss: 1.338900, loss: 3.286176, avg_reader_cost: 0.00295 s, avg_batch_cost: 0.61563 s, avg_samples: 85.2, ips: 138.39407 samples/s, eta: 1:59:33, max_mem_reserved: 25002 MB, max_mem_allocated: 13654 MB
[2025/11/14 15:20:46] ppocr INFO: epoch: [10/20], global_step: 10400, lr: 0.000021, acc: 0.724081, norm_edit_dis: 0.955628, CTCLoss: 2.308554, NRTRLoss: 1.352226, loss: 3.650625, avg_reader_cost: 0.00297 s, avg_batch_cost: 0.65580 s, avg_samples: 102.3, ips: 155.99326 samples/s, eta: 1:59:26, max_mem_reserved: 25002 MB, max_mem_allocated: 13654 MB
[2025/11/14 15:21:19] ppocr INFO: cur metric, acc: 0.7730999992269, norm_edit_dis: 0.9655973619631871, fps: 709.8579583077529
[2025/11/14 15:21:19] ppocr INFO: best metric, acc: 0.7852999992147001, is_float16: False, norm_edit_dis: 0.966666581799834, fps: 693.9668046491678, best_epoch: 10
[2025/11/14 15:21:25] ppocr INFO: epoch: [10/20], global_step: 10410, lr: 0.000021, acc: 0.585937, norm_edit_dis: 0.929364, CTCLoss: 3.343062, NRTRLoss: 1.357381, loss: 4.700443, avg_reader_cost: 0.00338 s, avg_batch_cost: 0.63863 s, avg_samples: 98.1, ips: 153.61116 samples/s, eta: 1:59:20, max_mem_reserved: 25002 MB, max_mem_allocated: 13654 MB
[2025/11/14 15:21:32] ppocr INFO: epoch: [10/20], global_step: 10420, lr: 0.000021, acc: 0.665349, norm_edit_dis: 0.941960, CTCLoss: 3.262649, NRTRLoss: 1.362780, loss: 4.620385, avg_reader_cost: 0.00300 s, avg_batch_cost: 0.65088 s, avg_samples: 100.1, ips: 153.79283 samples/s, eta: 1:59:14, max_mem_reserved: 25002 MB, max_mem_allocated: 13654 MB
[2025/11/14 15:21:38] ppocr INFO: epoch: [10/20], global_step: 10430, lr: 0.000021, acc: 0.705882, norm_edit_dis: 0.948664, CTCLoss: 3.051577, NRTRLoss: 1.358611, loss: 4.414357, avg_reader_cost: 0.00296 s, avg_batch_cost: 0.63921 s, avg_samples: 93.7, ips: 146.58727 samples/s, eta: 1:59:08, max_mem_reserved: 25002 MB, max_mem_allocated: 13654 MB
[2025/11/14 15:21:44] ppocr INFO: epoch: [10/20], global_step: 10440, lr: 0.000021, acc: 0.745588, norm_edit_dis: 0.961109, CTCLoss: 1.875819, NRTRLoss: 1.337659, loss: 3.213240, avg_reader_cost: 0.00296 s, avg_batch_cost: 0.58279 s, avg_samples: 74.5, ips: 127.83339 samples/s, eta: 1:59:01, max_mem_reserved: 25002 MB, max_mem_allocated: 13654 MB
[2025/11/14 15:21:50] ppocr INFO: epoch: [10/20], global_step: 10450, lr: 0.000020, acc: 0.737776, norm_edit_dis: 0.959003, CTCLoss: 1.994672, NRTRLoss: 1.339668, loss: 3.335552, avg_reader_cost: 0.00295 s, avg_batch_cost: 0.65250 s, avg_samples: 98.1, ips: 150.34575 samples/s, eta: 1:58:55, max_mem_reserved: 25002 MB, max_mem_allocated: 13654 MB
[2025/11/14 15:21:57] ppocr INFO: epoch: [10/20], global_step: 10460, lr: 0.000020, acc: 0.711765, norm_edit_dis: 0.947808, CTCLoss: 2.364783, NRTRLoss: 1.359590, loss: 3.732483, avg_reader_cost: 0.00297 s, avg_batch_cost: 0.62895 s, avg_samples: 87.3, ips: 138.80367 samples/s, eta: 1:58:48, max_mem_reserved: 25002 MB, max_mem_allocated: 13654 MB
[2025/11/14 15:22:03] ppocr INFO: epoch: [10/20], global_step: 10470, lr: 0.000020, acc: 0.712316, norm_edit_dis: 0.950937, CTCLoss: 2.188118, NRTRLoss: 1.347551, loss: 3.535065, avg_reader_cost: 0.00293 s, avg_batch_cost: 0.63245 s, avg_samples: 87.3, ips: 138.03451 samples/s, eta: 1:58:42, max_mem_reserved: 25002 MB, max_mem_allocated: 13654 MB
[2025/11/14 15:22:09] ppocr INFO: epoch: [10/20], global_step: 10480, lr: 0.000020, acc: 0.694118, norm_edit_dis: 0.947066, CTCLoss: 2.475095, NRTRLoss: 1.351221, loss: 3.823565, avg_reader_cost: 0.00295 s, avg_batch_cost: 0.63914 s, avg_samples: 95.9, ips: 150.04633 samples/s, eta: 1:58:36, max_mem_reserved: 25002 MB, max_mem_allocated: 13654 MB
[2025/11/14 15:22:16] ppocr INFO: epoch: [10/20], global_step: 10490, lr: 0.000020, acc: 0.734375, norm_edit_dis: 0.951493, CTCLoss: 2.409196, NRTRLoss: 1.354962, loss: 3.777021, avg_reader_cost: 0.00296 s, avg_batch_cost: 0.63516 s, avg_samples: 87.3, ips: 137.44497 samples/s, eta: 1:58:30, max_mem_reserved: 25002 MB, max_mem_allocated: 13654 MB
[2025/11/14 15:22:22] ppocr INFO: epoch: [10/20], global_step: 10500, lr: 0.000020, acc: 0.737776, norm_edit_dis: 0.954644, CTCLoss: 2.035155, NRTRLoss: 1.343673, loss: 3.377214, avg_reader_cost: 0.00295 s, avg_batch_cost: 0.62455 s, avg_samples: 80.9, ips: 129.53230 samples/s, eta: 1:58:23, max_mem_reserved: 25002 MB, max_mem_allocated: 13654 MB
[2025/11/14 15:22:55] ppocr INFO: cur metric, acc: 0.7841999992158, norm_edit_dis: 0.966793648195508, fps: 700.1122234940766
[2025/11/14 15:22:55] ppocr INFO: best metric, acc: 0.7852999992147001, is_float16: False, norm_edit_dis: 0.966666581799834, fps: 693.9668046491678, best_epoch: 10
[2025/11/14 15:23:00] ppocr INFO: epoch: [10/20], global_step: 10510, lr: 0.000020, acc: 0.731893, norm_edit_dis: 0.959152, CTCLoss: 2.062646, NRTRLoss: 1.337543, loss: 3.408566, avg_reader_cost: 0.00341 s, avg_batch_cost: 0.58645 s, avg_samples: 76.7, ips: 130.78590 samples/s, eta: 1:58:16, max_mem_reserved: 25002 MB, max_mem_allocated: 13654 MB
[2025/11/14 15:23:07] ppocr INFO: epoch: [10/20], global_step: 10520, lr: 0.000020, acc: 0.684926, norm_edit_dis: 0.950778, CTCLoss: 2.614003, NRTRLoss: 1.341479, loss: 3.966819, avg_reader_cost: 0.00293 s, avg_batch_cost: 0.63237 s, avg_samples: 89.5, ips: 141.53011 samples/s, eta: 1:58:10, max_mem_reserved: 25002 MB, max_mem_allocated: 13654 MB
[2025/11/14 15:23:13] ppocr INFO: epoch: [10/20], global_step: 10530, lr: 0.000020, acc: 0.651654, norm_edit_dis: 0.946672, CTCLoss: 2.858506, NRTRLoss: 1.350727, loss: 4.206477, avg_reader_cost: 0.00294 s, avg_batch_cost: 0.61619 s, avg_samples: 91.7, ips: 148.81671 samples/s, eta: 1:58:03, max_mem_reserved: 25002 MB, max_mem_allocated: 13654 MB
[2025/11/14 15:23:19] ppocr INFO: epoch: [10/20], global_step: 10540, lr: 0.000020, acc: 0.669301, norm_edit_dis: 0.942031, CTCLoss: 3.163762, NRTRLoss: 1.349970, loss: 4.526129, avg_reader_cost: 0.00391 s, avg_batch_cost: 0.62797 s, avg_samples: 100.1, ips: 159.40201 samples/s, eta: 1:57:57, max_mem_reserved: 25002 MB, max_mem_allocated: 13654 MB
[2025/11/14 15:23:26] ppocr INFO: epoch: [10/20], global_step: 10550, lr: 0.000020, acc: 0.705882, norm_edit_dis: 0.945928, CTCLoss: 2.570259, NRTRLoss: 1.350165, loss: 3.920424, avg_reader_cost: 0.00293 s, avg_batch_cost: 0.64103 s, avg_samples: 93.8, ips: 146.32610 samples/s, eta: 1:57:51, max_mem_reserved: 25002 MB, max_mem_allocated: 13654 MB
[2025/11/14 15:23:32] ppocr INFO: epoch: [10/20], global_step: 10560, lr: 0.000020, acc: 0.636121, norm_edit_dis: 0.934921, CTCLoss: 3.284443, NRTRLoss: 1.359858, loss: 4.658907, avg_reader_cost: 0.00301 s, avg_batch_cost: 0.67437 s, avg_samples: 106.6, ips: 158.07322 samples/s, eta: 1:57:45, max_mem_reserved: 25002 MB, max_mem_allocated: 13654 MB
[2025/11/14 15:23:39] ppocr INFO: epoch: [10/20], global_step: 10570, lr: 0.000020, acc: 0.570312, norm_edit_dis: 0.915250, CTCLoss: 4.438800, NRTRLoss: 1.369392, loss: 5.834838, avg_reader_cost: 0.00297 s, avg_batch_cost: 0.65804 s, avg_samples: 104.4, ips: 158.65326 samples/s, eta: 1:57:39, max_mem_reserved: 25002 MB, max_mem_allocated: 13654 MB
[2025/11/14 15:23:45] ppocr INFO: epoch: [10/20], global_step: 10580, lr: 0.000020, acc: 0.723529, norm_edit_dis: 0.953106, CTCLoss: 2.481595, NRTRLoss: 1.352738, loss: 3.835582, avg_reader_cost: 0.00291 s, avg_batch_cost: 0.60360 s, avg_samples: 83.0, ips: 137.50892 samples/s, eta: 1:57:32, max_mem_reserved: 25002 MB, max_mem_allocated: 13654 MB
[2025/11/14 15:23:51] ppocr INFO: epoch: [10/20], global_step: 10590, lr: 0.000020, acc: 0.729412, norm_edit_dis: 0.954501, CTCLoss: 2.203877, NRTRLoss: 1.344897, loss: 3.549500, avg_reader_cost: 0.00297 s, avg_batch_cost: 0.61772 s, avg_samples: 91.5, ips: 148.12477 samples/s, eta: 1:57:26, max_mem_reserved: 25002 MB, max_mem_allocated: 13654 MB
[2025/11/14 15:23:58] ppocr INFO: epoch: [10/20], global_step: 10600, lr: 0.000020, acc: 0.724081, norm_edit_dis: 0.953916, CTCLoss: 2.222953, NRTRLoss: 1.349029, loss: 3.562209, avg_reader_cost: 0.00294 s, avg_batch_cost: 0.63494 s, avg_samples: 91.6, ips: 144.26661 samples/s, eta: 1:57:19, max_mem_reserved: 25002 MB, max_mem_allocated: 13654 MB
[2025/11/14 15:24:31] ppocr INFO: cur metric, acc: 0.7939999992060001, norm_edit_dis: 0.9676955735942642, fps: 687.5305874842702
[2025/11/14 15:24:33] ppocr INFO: save best model is to ./output/best_accuracy
[2025/11/14 15:24:33] ppocr INFO: best metric, acc: 0.7939999992060001, is_float16: False, norm_edit_dis: 0.9676955735942642, fps: 687.5305874842702, best_epoch: 10
[2025/11/14 15:24:40] ppocr INFO: epoch: [10/20], global_step: 10610, lr: 0.000020, acc: 0.718198, norm_edit_dis: 0.951380, CTCLoss: 2.398495, NRTRLoss: 1.360793, loss: 3.757486, avg_reader_cost: 0.00321 s, avg_batch_cost: 0.64986 s, avg_samples: 100.1, ips: 154.03303 samples/s, eta: 1:57:13, max_mem_reserved: 25002 MB, max_mem_allocated: 13654 MB
[2025/11/14 15:24:46] ppocr INFO: epoch: [10/20], global_step: 10620, lr: 0.000020, acc: 0.695312, norm_edit_dis: 0.950771, CTCLoss: 2.281905, NRTRLoss: 1.360094, loss: 3.638181, avg_reader_cost: 0.00290 s, avg_batch_cost: 0.62776 s, avg_samples: 85.3, ips: 135.87974 samples/s, eta: 1:57:07, max_mem_reserved: 25002 MB, max_mem_allocated: 13654 MB
[2025/11/14 15:24:53] ppocr INFO: epoch: [10/20], global_step: 10630, lr: 0.000020, acc: 0.710386, norm_edit_dis: 0.956849, CTCLoss: 1.883262, NRTRLoss: 1.338243, loss: 3.218698, avg_reader_cost: 0.00297 s, avg_batch_cost: 0.64836 s, avg_samples: 95.9, ips: 147.91116 samples/s, eta: 1:57:01, max_mem_reserved: 25002 MB, max_mem_allocated: 13654 MB
[2025/11/14 15:24:58] ppocr INFO: epoch: [10/20], global_step: 10640, lr: 0.000020, acc: 0.731893, norm_edit_dis: 0.958236, CTCLoss: 2.029960, NRTRLoss: 1.346312, loss: 3.382349, avg_reader_cost: 0.00307 s, avg_batch_cost: 0.57989 s, avg_samples: 76.7, ips: 132.26594 samples/s, eta: 1:56:54, max_mem_reserved: 25002 MB, max_mem_allocated: 13654 MB
[2025/11/14 15:25:05] ppocr INFO: epoch: [10/20], global_step: 10650, lr: 0.000020, acc: 0.718750, norm_edit_dis: 0.955076, CTCLoss: 2.185893, NRTRLoss: 1.347035, loss: 3.527013, avg_reader_cost: 0.00291 s, avg_batch_cost: 0.61676 s, avg_samples: 85.1, ips: 137.97974 samples/s, eta: 1:56:47, max_mem_reserved: 25002 MB, max_mem_allocated: 13654 MB
[2025/11/14 15:25:10] ppocr INFO: epoch: [10/20], global_step: 10660, lr: 0.000020, acc: 0.737776, norm_edit_dis: 0.959792, CTCLoss: 1.960695, NRTRLoss: 1.345115, loss: 3.298346, avg_reader_cost: 0.00290 s, avg_batch_cost: 0.56893 s, avg_samples: 70.3, ips: 123.56534 samples/s, eta: 1:56:40, max_mem_reserved: 25002 MB, max_mem_allocated: 13654 MB
[2025/11/14 15:25:16] ppocr INFO: epoch: [10/20], global_step: 10670, lr: 0.000020, acc: 0.758823, norm_edit_dis: 0.965289, CTCLoss: 1.714497, NRTRLoss: 1.338844, loss: 3.047545, avg_reader_cost: 0.00297 s, avg_batch_cost: 0.61364 s, avg_samples: 91.6, ips: 149.27245 samples/s, eta: 1:56:34, max_mem_reserved: 25002 MB, max_mem_allocated: 13654 MB
[2025/11/14 15:25:23] ppocr INFO: epoch: [10/20], global_step: 10680, lr: 0.000020, acc: 0.718198, norm_edit_dis: 0.954680, CTCLoss: 1.986919, NRTRLoss: 1.344881, loss: 3.326224, avg_reader_cost: 0.00293 s, avg_batch_cost: 0.63813 s, avg_samples: 87.3, ips: 136.80561 samples/s, eta: 1:56:27, max_mem_reserved: 25002 MB, max_mem_allocated: 13654 MB
[2025/11/14 15:25:29] ppocr INFO: epoch: [10/20], global_step: 10690, lr: 0.000020, acc: 0.704504, norm_edit_dis: 0.949145, CTCLoss: 2.230391, NRTRLoss: 1.355727, loss: 3.575589, avg_reader_cost: 0.00297 s, avg_batch_cost: 0.61775 s, avg_samples: 85.2, ips: 137.91924 samples/s, eta: 1:56:21, max_mem_reserved: 25002 MB, max_mem_allocated: 13654 MB
[2025/11/14 15:25:36] ppocr INFO: epoch: [10/20], global_step: 10700, lr: 0.000020, acc: 0.682996, norm_edit_dis: 0.934922, CTCLoss: 3.203945, NRTRLoss: 1.366072, loss: 4.553968, avg_reader_cost: 0.00332 s, avg_batch_cost: 0.67155 s, avg_samples: 104.5, ips: 155.61046 samples/s, eta: 1:56:15, max_mem_reserved: 25002 MB, max_mem_allocated: 13654 MB
[2025/11/14 15:26:08] ppocr INFO: cur metric, acc: 0.7676999992323, norm_edit_dis: 0.9655247094469893, fps: 692.3597596460935
[2025/11/14 15:26:08] ppocr INFO: best metric, acc: 0.7939999992060001, is_float16: False, norm_edit_dis: 0.9676955735942642, fps: 687.5305874842702, best_epoch: 10
[2025/11/14 15:26:15] ppocr INFO: epoch: [10/20], global_step: 10710, lr: 0.000020, acc: 0.484375, norm_edit_dis: 0.901242, CTCLoss: 4.821890, NRTRLoss: 1.373925, loss: 6.202636, avg_reader_cost: 0.00289 s, avg_batch_cost: 0.65284 s, avg_samples: 98.1, ips: 150.26659 samples/s, eta: 1:56:09, max_mem_reserved: 25002 MB, max_mem_allocated: 13654 MB
[2025/11/14 15:26:21] ppocr INFO: epoch: [10/20], global_step: 10720, lr: 0.000020, acc: 0.698621, norm_edit_dis: 0.951632, CTCLoss: 2.524328, NRTRLoss: 1.362126, loss: 3.881534, avg_reader_cost: 0.00286 s, avg_batch_cost: 0.62230 s, avg_samples: 87.4, ips: 140.44622 samples/s, eta: 1:56:02, max_mem_reserved: 25002 MB, max_mem_allocated: 13654 MB
[2025/11/14 15:26:27] ppocr INFO: epoch: [10/20], global_step: 10730, lr: 0.000020, acc: 0.703125, norm_edit_dis: 0.951386, CTCLoss: 2.639852, NRTRLoss: 1.353968, loss: 3.997156, avg_reader_cost: 0.00287 s, avg_batch_cost: 0.62585 s, avg_samples: 89.5, ips: 143.00530 samples/s, eta: 1:55:56, max_mem_reserved: 25002 MB, max_mem_allocated: 13654 MB
[2025/11/14 15:26:33] ppocr INFO: epoch: [10/20], global_step: 10740, lr: 0.000020, acc: 0.710386, norm_edit_dis: 0.953195, CTCLoss: 2.639852, NRTRLoss: 1.346723, loss: 3.997156, avg_reader_cost: 0.00293 s, avg_batch_cost: 0.58060 s, avg_samples: 81.0, ips: 139.50980 samples/s, eta: 1:55:49, max_mem_reserved: 25002 MB, max_mem_allocated: 13654 MB
[2025/11/14 15:26:40] ppocr INFO: epoch: [10/20], global_step: 10750, lr: 0.000020, acc: 0.648437, norm_edit_dis: 0.939709, CTCLoss: 2.793164, NRTRLoss: 1.348986, loss: 4.140871, avg_reader_cost: 0.00285 s, avg_batch_cost: 0.67338 s, avg_samples: 104.5, ips: 155.18799 samples/s, eta: 1:55:43, max_mem_reserved: 25002 MB, max_mem_allocated: 13654 MB
[2025/11/14 15:26:46] ppocr INFO: epoch: [10/20], global_step: 10760, lr: 0.000020, acc: 0.640625, norm_edit_dis: 0.938950, CTCLoss: 2.579377, NRTRLoss: 1.357926, loss: 3.940940, avg_reader_cost: 0.00287 s, avg_batch_cost: 0.64106 s, avg_samples: 91.6, ips: 142.88748 samples/s, eta: 1:55:37, max_mem_reserved: 25002 MB, max_mem_allocated: 13654 MB
[2025/11/14 15:26:53] ppocr INFO: epoch: [10/20], global_step: 10770, lr: 0.000020, acc: 0.663419, norm_edit_dis: 0.944579, CTCLoss: 2.495220, NRTRLoss: 1.355283, loss: 3.853609, avg_reader_cost: 0.00296 s, avg_batch_cost: 0.65228 s, avg_samples: 104.4, ips: 160.05367 samples/s, eta: 1:55:31, max_mem_reserved: 25002 MB, max_mem_allocated: 13654 MB
[2025/11/14 15:26:59] ppocr INFO: epoch: [10/20], global_step: 10780, lr: 0.000020, acc: 0.670588, norm_edit_dis: 0.947543, CTCLoss: 2.555156, NRTRLoss: 1.354798, loss: 3.898971, avg_reader_cost: 0.00288 s, avg_batch_cost: 0.60561 s, avg_samples: 83.1, ips: 137.21679 samples/s, eta: 1:55:24, max_mem_reserved: 25002 MB, max_mem_allocated: 13654 MB
[2025/11/14 15:27:05] ppocr INFO: epoch: [10/20], global_step: 10790, lr: 0.000020, acc: 0.723529, norm_edit_dis: 0.956671, CTCLoss: 2.299814, NRTRLoss: 1.341984, loss: 3.635371, avg_reader_cost: 0.00290 s, avg_batch_cost: 0.60662 s, avg_samples: 83.1, ips: 136.98891 samples/s, eta: 1:55:18, max_mem_reserved: 25002 MB, max_mem_allocated: 13654 MB
[2025/11/14 15:27:11] ppocr INFO: epoch: [10/20], global_step: 10800, lr: 0.000020, acc: 0.705882, norm_edit_dis: 0.958222, CTCLoss: 1.939858, NRTRLoss: 1.339853, loss: 3.282376, avg_reader_cost: 0.00292 s, avg_batch_cost: 0.62170 s, avg_samples: 85.2, ips: 137.04264 samples/s, eta: 1:55:11, max_mem_reserved: 25002 MB, max_mem_allocated: 13654 MB
[2025/11/14 15:27:44] ppocr INFO: cur metric, acc: 0.7864999992135, norm_edit_dis: 0.9671971751477493, fps: 711.404719460141
[2025/11/14 15:27:44] ppocr INFO: best metric, acc: 0.7939999992060001, is_float16: False, norm_edit_dis: 0.9676955735942642, fps: 687.5305874842702, best_epoch: 10
[2025/11/14 15:27:50] ppocr INFO: epoch: [10/20], global_step: 10810, lr: 0.000020, acc: 0.663327, norm_edit_dis: 0.944499, CTCLoss: 2.861230, NRTRLoss: 1.354607, loss: 4.223161, avg_reader_cost: 0.00287 s, avg_batch_cost: 0.65307 s, avg_samples: 108.7, ips: 166.44502 samples/s, eta: 1:55:05, max_mem_reserved: 25002 MB, max_mem_allocated: 13654 MB
[2025/11/14 15:27:56] ppocr INFO: epoch: [10/20], global_step: 10820, lr: 0.000020, acc: 0.667371, norm_edit_dis: 0.943226, CTCLoss: 2.915387, NRTRLoss: 1.354677, loss: 4.263142, avg_reader_cost: 0.00400 s, avg_batch_cost: 0.63207 s, avg_samples: 85.2, ips: 134.79545 samples/s, eta: 1:54:59, max_mem_reserved: 25002 MB, max_mem_allocated: 13654 MB
[2025/11/14 15:28:03] ppocr INFO: epoch: [10/20], global_step: 10830, lr: 0.000020, acc: 0.688235, norm_edit_dis: 0.941666, CTCLoss: 2.915387, NRTRLoss: 1.358425, loss: 4.263142, avg_reader_cost: 0.00330 s, avg_batch_cost: 0.65711 s, avg_samples: 106.6, ips: 162.22652 samples/s, eta: 1:54:53, max_mem_reserved: 25002 MB, max_mem_allocated: 13654 MB
[2025/11/14 15:28:09] ppocr INFO: epoch: [10/20], global_step: 10840, lr: 0.000020, acc: 0.610708, norm_edit_dis: 0.926381, CTCLoss: 4.744006, NRTRLoss: 1.366355, loss: 6.105557, avg_reader_cost: 0.00291 s, avg_batch_cost: 0.64562 s, avg_samples: 91.7, ips: 142.03318 samples/s, eta: 1:54:47, max_mem_reserved: 25002 MB, max_mem_allocated: 13654 MB
[2025/11/14 15:28:16] ppocr INFO: epoch: [10/20], global_step: 10850, lr: 0.000020, acc: 0.593750, norm_edit_dis: 0.916929, CTCLoss: 4.610356, NRTRLoss: 1.357461, loss: 5.998673, avg_reader_cost: 0.00379 s, avg_batch_cost: 0.66153 s, avg_samples: 106.6, ips: 161.14092 samples/s, eta: 1:54:40, max_mem_reserved: 25002 MB, max_mem_allocated: 13654 MB
[2025/11/14 15:28:22] ppocr INFO: epoch: [10/20], global_step: 10860, lr: 0.000020, acc: 0.692739, norm_edit_dis: 0.950056, CTCLoss: 2.583958, NRTRLoss: 1.343171, loss: 3.924753, avg_reader_cost: 0.00282 s, avg_batch_cost: 0.63372 s, avg_samples: 87.3, ips: 137.75838 samples/s, eta: 1:54:34, max_mem_reserved: 25002 MB, max_mem_allocated: 13654 MB
[2025/11/14 15:28:25] ppocr INFO: save model in ./output/latest
[2025/11/14 15:28:26] ppocr INFO: save model in ./output/iter_epoch_10
[2025/11/14 15:28:34] ppocr INFO: epoch: [11/20], global_step: 10870, lr: 0.000020, acc: 0.735294, norm_edit_dis: 0.955291, CTCLoss: 1.955558, NRTRLoss: 1.341145, loss: 3.300079, avg_reader_cost: 0.52115 s, avg_batch_cost: 1.16626 s, avg_samples: 93.7, ips: 80.34218 samples/s, eta: 1:54:33, max_mem_reserved: 25002 MB, max_mem_allocated: 13654 MB
[2025/11/14 15:28:40] ppocr INFO: epoch: [11/20], global_step: 10880, lr: 0.000020, acc: 0.724081, norm_edit_dis: 0.955640, CTCLoss: 2.195723, NRTRLoss: 1.344849, loss: 3.544555, avg_reader_cost: 0.00284 s, avg_batch_cost: 0.62530 s, avg_samples: 85.2, ips: 136.25498 samples/s, eta: 1:54:27, max_mem_reserved: 25002 MB, max_mem_allocated: 13654 MB
[2025/11/14 15:28:47] ppocr INFO: epoch: [11/20], global_step: 10890, lr: 0.000020, acc: 0.711765, norm_edit_dis: 0.954613, CTCLoss: 2.283103, NRTRLoss: 1.339867, loss: 3.619731, avg_reader_cost: 0.00289 s, avg_batch_cost: 0.62047 s, avg_samples: 95.8, ips: 154.39802 samples/s, eta: 1:54:20, max_mem_reserved: 25002 MB, max_mem_allocated: 13654 MB
[2025/11/14 15:28:53] ppocr INFO: epoch: [11/20], global_step: 10900, lr: 0.000020, acc: 0.676471, norm_edit_dis: 0.947490, CTCLoss: 2.667001, NRTRLoss: 1.345924, loss: 4.002554, avg_reader_cost: 0.00288 s, avg_batch_cost: 0.64817 s, avg_samples: 100.1, ips: 154.43390 samples/s, eta: 1:54:14, max_mem_reserved: 25002 MB, max_mem_allocated: 13654 MB
[2025/11/14 15:29:26] ppocr INFO: cur metric, acc: 0.7792999992207, norm_edit_dis: 0.9665464091489424, fps: 676.0156475480873
[2025/11/14 15:29:26] ppocr INFO: best metric, acc: 0.7939999992060001, is_float16: False, norm_edit_dis: 0.9676955735942642, fps: 687.5305874842702, best_epoch: 10
[2025/11/14 15:29:33] ppocr INFO: epoch: [11/20], global_step: 10910, lr: 0.000020, acc: 0.684926, norm_edit_dis: 0.948925, CTCLoss: 2.385163, NRTRLoss: 1.342192, loss: 3.725711, avg_reader_cost: 0.00353 s, avg_batch_cost: 0.61079 s, avg_samples: 81.0, ips: 132.61490 samples/s, eta: 1:54:08, max_mem_reserved: 25002 MB, max_mem_allocated: 13654 MB
[2025/11/14 15:29:39] ppocr INFO: epoch: [11/20], global_step: 10920, lr: 0.000020, acc: 0.718750, norm_edit_dis: 0.950491, CTCLoss: 2.238721, NRTRLoss: 1.342192, loss: 3.580913, avg_reader_cost: 0.00307 s, avg_batch_cost: 0.64577 s, avg_samples: 98.0, ips: 151.75710 samples/s, eta: 1:54:01, max_mem_reserved: 25002 MB, max_mem_allocated: 13654 MB
[2025/11/14 15:29:46] ppocr INFO: epoch: [11/20], global_step: 10930, lr: 0.000020, acc: 0.700000, norm_edit_dis: 0.952106, CTCLoss: 2.542259, NRTRLoss: 1.349853, loss: 3.887430, avg_reader_cost: 0.00290 s, avg_batch_cost: 0.65820 s, avg_samples: 100.2, ips: 152.23225 samples/s, eta: 1:53:55, max_mem_reserved: 25002 MB, max_mem_allocated: 13654 MB
[2025/11/14 15:29:52] ppocr INFO: epoch: [11/20], global_step: 10940, lr: 0.000019, acc: 0.718198, norm_edit_dis: 0.955443, CTCLoss: 2.023300, NRTRLoss: 1.345020, loss: 3.362271, avg_reader_cost: 0.00385 s, avg_batch_cost: 0.64149 s, avg_samples: 93.7, ips: 146.06651 samples/s, eta: 1:53:49, max_mem_reserved: 25002 MB, max_mem_allocated: 13654 MB
[2025/11/14 15:29:58] ppocr INFO: epoch: [11/20], global_step: 10950, lr: 0.000019, acc: 0.718198, norm_edit_dis: 0.954850, CTCLoss: 1.997432, NRTRLoss: 1.343160, loss: 3.337427, avg_reader_cost: 0.00293 s, avg_batch_cost: 0.63338 s, avg_samples: 91.6, ips: 144.62139 samples/s, eta: 1:53:43, max_mem_reserved: 25002 MB, max_mem_allocated: 13654 MB
[2025/11/14 15:30:05] ppocr INFO: epoch: [11/20], global_step: 10960, lr: 0.000019, acc: 0.718198, norm_edit_dis: 0.952901, CTCLoss: 2.176784, NRTRLoss: 1.347419, loss: 3.508872, avg_reader_cost: 0.00288 s, avg_batch_cost: 0.61796 s, avg_samples: 91.6, ips: 148.23040 samples/s, eta: 1:53:36, max_mem_reserved: 25002 MB, max_mem_allocated: 13654 MB
[2025/11/14 15:30:11] ppocr INFO: epoch: [11/20], global_step: 10970, lr: 0.000019, acc: 0.706434, norm_edit_dis: 0.947887, CTCLoss: 2.199711, NRTRLoss: 1.350269, loss: 3.534195, avg_reader_cost: 0.00384 s, avg_batch_cost: 0.62003 s, avg_samples: 95.9, ips: 154.66875 samples/s, eta: 1:53:30, max_mem_reserved: 25002 MB, max_mem_allocated: 13654 MB
[2025/11/14 15:30:17] ppocr INFO: epoch: [11/20], global_step: 10980, lr: 0.000019, acc: 0.700000, norm_edit_dis: 0.950582, CTCLoss: 2.126936, NRTRLoss: 1.342316, loss: 3.464798, avg_reader_cost: 0.00287 s, avg_batch_cost: 0.60412 s, avg_samples: 85.1, ips: 140.86496 samples/s, eta: 1:53:23, max_mem_reserved: 25002 MB, max_mem_allocated: 13654 MB
[2025/11/14 15:30:23] ppocr INFO: epoch: [11/20], global_step: 10990, lr: 0.000019, acc: 0.718198, norm_edit_dis: 0.954574, CTCLoss: 2.180743, NRTRLoss: 1.348584, loss: 3.527509, avg_reader_cost: 0.00286 s, avg_batch_cost: 0.59636 s, avg_samples: 85.2, ips: 142.86755 samples/s, eta: 1:53:16, max_mem_reserved: 25002 MB, max_mem_allocated: 13654 MB
[2025/11/14 15:30:29] ppocr INFO: epoch: [11/20], global_step: 11000, lr: 0.000019, acc: 0.724081, norm_edit_dis: 0.955038, CTCLoss: 2.243813, NRTRLoss: 1.349056, loss: 3.590822, avg_reader_cost: 0.00287 s, avg_batch_cost: 0.59345 s, avg_samples: 83.1, ips: 140.02947 samples/s, eta: 1:53:10, max_mem_reserved: 25002 MB, max_mem_allocated: 13654 MB
[2025/11/14 15:31:03] ppocr INFO: cur metric, acc: 0.8020999991979, norm_edit_dis: 0.9693475979089548, fps: 685.1857614865461
[2025/11/14 15:31:05] ppocr INFO: save best model is to ./output/best_accuracy
[2025/11/14 15:31:05] ppocr INFO: best metric, acc: 0.8020999991979, is_float16: False, norm_edit_dis: 0.9693475979089548, fps: 685.1857614865461, best_epoch: 11
[2025/11/14 15:31:12] ppocr INFO: epoch: [11/20], global_step: 11010, lr: 0.000019, acc: 0.735294, norm_edit_dis: 0.957079, CTCLoss: 2.196363, NRTRLoss: 1.345594, loss: 3.526793, avg_reader_cost: 0.00328 s, avg_batch_cost: 0.64163 s, avg_samples: 102.3, ips: 159.43682 samples/s, eta: 1:53:03, max_mem_reserved: 25002 MB, max_mem_allocated: 13654 MB
[2025/11/14 15:31:18] ppocr INFO: epoch: [11/20], global_step: 11020, lr: 0.000019, acc: 0.737776, norm_edit_dis: 0.959413, CTCLoss: 1.955068, NRTRLoss: 1.341386, loss: 3.298886, avg_reader_cost: 0.00292 s, avg_batch_cost: 0.57339 s, avg_samples: 80.9, ips: 141.09078 samples/s, eta: 1:52:56, max_mem_reserved: 25002 MB, max_mem_allocated: 13654 MB
[2025/11/14 15:31:24] ppocr INFO: epoch: [11/20], global_step: 11030, lr: 0.000019, acc: 0.737776, norm_edit_dis: 0.961453, CTCLoss: 1.968855, NRTRLoss: 1.340516, loss: 3.318725, avg_reader_cost: 0.00291 s, avg_batch_cost: 0.61648 s, avg_samples: 83.1, ips: 134.79741 samples/s, eta: 1:52:50, max_mem_reserved: 25002 MB, max_mem_allocated: 13654 MB
[2025/11/14 15:31:30] ppocr INFO: epoch: [11/20], global_step: 11040, lr: 0.000019, acc: 0.731893, norm_edit_dis: 0.960098, CTCLoss: 2.424970, NRTRLoss: 1.342471, loss: 3.760653, avg_reader_cost: 0.00392 s, avg_batch_cost: 0.65728 s, avg_samples: 93.8, ips: 142.70890 samples/s, eta: 1:52:44, max_mem_reserved: 25002 MB, max_mem_allocated: 13654 MB
[2025/11/14 15:31:37] ppocr INFO: epoch: [11/20], global_step: 11050, lr: 0.000019, acc: 0.724081, norm_edit_dis: 0.954978, CTCLoss: 2.498196, NRTRLoss: 1.342976, loss: 3.825480, avg_reader_cost: 0.00290 s, avg_batch_cost: 0.62500 s, avg_samples: 85.3, ips: 136.48062 samples/s, eta: 1:52:37, max_mem_reserved: 25002 MB, max_mem_allocated: 13654 MB
[2025/11/14 15:31:43] ppocr INFO: epoch: [11/20], global_step: 11060, lr: 0.000019, acc: 0.724081, norm_edit_dis: 0.955399, CTCLoss: 2.192175, NRTRLoss: 1.339369, loss: 3.543771, avg_reader_cost: 0.00289 s, avg_batch_cost: 0.59535 s, avg_samples: 83.1, ips: 139.58293 samples/s, eta: 1:52:31, max_mem_reserved: 25002 MB, max_mem_allocated: 13654 MB
[2025/11/14 15:31:49] ppocr INFO: epoch: [11/20], global_step: 11070, lr: 0.000019, acc: 0.703125, norm_edit_dis: 0.955754, CTCLoss: 2.125878, NRTRLoss: 1.338031, loss: 3.473447, avg_reader_cost: 0.00381 s, avg_batch_cost: 0.63102 s, avg_samples: 98.0, ips: 155.30520 samples/s, eta: 1:52:24, max_mem_reserved: 25002 MB, max_mem_allocated: 13654 MB
[2025/11/14 15:31:55] ppocr INFO: epoch: [11/20], global_step: 11080, lr: 0.000019, acc: 0.741176, norm_edit_dis: 0.958481, CTCLoss: 1.970958, NRTRLoss: 1.343095, loss: 3.318424, avg_reader_cost: 0.00292 s, avg_batch_cost: 0.57681 s, avg_samples: 78.7, ips: 136.44041 samples/s, eta: 1:52:17, max_mem_reserved: 25002 MB, max_mem_allocated: 13654 MB
[2025/11/14 15:32:01] ppocr INFO: epoch: [11/20], global_step: 11090, lr: 0.000019, acc: 0.765165, norm_edit_dis: 0.956943, CTCLoss: 2.168853, NRTRLoss: 1.347258, loss: 3.499815, avg_reader_cost: 0.00304 s, avg_batch_cost: 0.63510 s, avg_samples: 95.9, ips: 151.00014 samples/s, eta: 1:52:11, max_mem_reserved: 25002 MB, max_mem_allocated: 13654 MB
[2025/11/14 15:32:07] ppocr INFO: epoch: [11/20], global_step: 11100, lr: 0.000019, acc: 0.765165, norm_edit_dis: 0.961352, CTCLoss: 2.010872, NRTRLoss: 1.342541, loss: 3.358745, avg_reader_cost: 0.00288 s, avg_batch_cost: 0.57563 s, avg_samples: 78.8, ips: 136.89409 samples/s, eta: 1:52:04, max_mem_reserved: 25002 MB, max_mem_allocated: 13654 MB
[2025/11/14 15:32:40] ppocr INFO: cur metric, acc: 0.7971999992028, norm_edit_dis: 0.9687861985250327, fps: 676.1907098775274
[2025/11/14 15:32:40] ppocr INFO: best metric, acc: 0.8020999991979, is_float16: False, norm_edit_dis: 0.9693475979089548, fps: 685.1857614865461, best_epoch: 11
[2025/11/14 15:32:46] ppocr INFO: epoch: [11/20], global_step: 11110, lr: 0.000019, acc: 0.758823, norm_edit_dis: 0.961352, CTCLoss: 1.831233, NRTRLoss: 1.338405, loss: 3.177203, avg_reader_cost: 0.00282 s, avg_batch_cost: 0.62254 s, avg_samples: 91.5, ips: 146.97957 samples/s, eta: 1:51:58, max_mem_reserved: 25002 MB, max_mem_allocated: 13654 MB
[2025/11/14 15:32:53] ppocr INFO: epoch: [11/20], global_step: 11120, lr: 0.000019, acc: 0.751470, norm_edit_dis: 0.958578, CTCLoss: 2.101418, NRTRLoss: 1.340979, loss: 3.448401, avg_reader_cost: 0.00317 s, avg_batch_cost: 0.62449 s, avg_samples: 87.3, ips: 139.79311 samples/s, eta: 1:51:51, max_mem_reserved: 25002 MB, max_mem_allocated: 13654 MB
[2025/11/14 15:32:59] ppocr INFO: epoch: [11/20], global_step: 11130, lr: 0.000019, acc: 0.729412, norm_edit_dis: 0.952907, CTCLoss: 2.429607, NRTRLoss: 1.343315, loss: 3.768797, avg_reader_cost: 0.00287 s, avg_batch_cost: 0.60120 s, avg_samples: 93.8, ips: 156.02199 samples/s, eta: 1:51:45, max_mem_reserved: 25002 MB, max_mem_allocated: 13654 MB
[2025/11/14 15:33:05] ppocr INFO: epoch: [11/20], global_step: 11140, lr: 0.000019, acc: 0.690809, norm_edit_dis: 0.945516, CTCLoss: 2.482687, NRTRLoss: 1.361884, loss: 3.823894, avg_reader_cost: 0.00290 s, avg_batch_cost: 0.64563 s, avg_samples: 95.9, ips: 148.53809 samples/s, eta: 1:51:39, max_mem_reserved: 25002 MB, max_mem_allocated: 13654 MB
[2025/11/14 15:33:11] ppocr INFO: epoch: [11/20], global_step: 11150, lr: 0.000019, acc: 0.718750, norm_edit_dis: 0.955415, CTCLoss: 2.049527, NRTRLoss: 1.349602, loss: 3.391918, avg_reader_cost: 0.00292 s, avg_batch_cost: 0.59036 s, avg_samples: 76.8, ips: 130.09104 samples/s, eta: 1:51:32, max_mem_reserved: 25002 MB, max_mem_allocated: 13654 MB
[2025/11/14 15:33:17] ppocr INFO: epoch: [11/20], global_step: 11160, lr: 0.000019, acc: 0.718198, norm_edit_dis: 0.956350, CTCLoss: 2.159087, NRTRLoss: 1.349602, loss: 3.506040, avg_reader_cost: 0.00294 s, avg_batch_cost: 0.62517 s, avg_samples: 93.7, ips: 149.87998 samples/s, eta: 1:51:25, max_mem_reserved: 25002 MB, max_mem_allocated: 13654 MB
[2025/11/14 15:33:24] ppocr INFO: epoch: [11/20], global_step: 11170, lr: 0.000019, acc: 0.690809, norm_edit_dis: 0.952175, CTCLoss: 2.300412, NRTRLoss: 1.350516, loss: 3.649198, avg_reader_cost: 0.00288 s, avg_batch_cost: 0.65289 s, avg_samples: 100.2, ips: 153.47096 samples/s, eta: 1:51:19, max_mem_reserved: 25002 MB, max_mem_allocated: 13654 MB
[2025/11/14 15:33:30] ppocr INFO: epoch: [11/20], global_step: 11180, lr: 0.000019, acc: 0.696691, norm_edit_dis: 0.954549, CTCLoss: 1.936895, NRTRLoss: 1.343078, loss: 3.265616, avg_reader_cost: 0.00294 s, avg_batch_cost: 0.59798 s, avg_samples: 83.1, ips: 138.96825 samples/s, eta: 1:51:13, max_mem_reserved: 25002 MB, max_mem_allocated: 13654 MB
[2025/11/14 15:33:36] ppocr INFO: epoch: [11/20], global_step: 11190, lr: 0.000019, acc: 0.729412, norm_edit_dis: 0.957133, CTCLoss: 2.001945, NRTRLoss: 1.339725, loss: 3.337137, avg_reader_cost: 0.00334 s, avg_batch_cost: 0.62867 s, avg_samples: 87.4, ips: 139.02385 samples/s, eta: 1:51:06, max_mem_reserved: 25002 MB, max_mem_allocated: 13654 MB
[2025/11/14 15:33:42] ppocr INFO: epoch: [11/20], global_step: 11200, lr: 0.000019, acc: 0.703125, norm_edit_dis: 0.955666, CTCLoss: 2.505259, NRTRLoss: 1.338003, loss: 3.852443, avg_reader_cost: 0.00290 s, avg_batch_cost: 0.62462 s, avg_samples: 93.8, ips: 150.17034 samples/s, eta: 1:51:00, max_mem_reserved: 25002 MB, max_mem_allocated: 13654 MB
[2025/11/14 15:34:16] ppocr INFO: cur metric, acc: 0.7889999992110001, norm_edit_dis: 0.9678753153932063, fps: 685.1607230695485
[2025/11/14 15:34:16] ppocr INFO: best metric, acc: 0.8020999991979, is_float16: False, norm_edit_dis: 0.9693475979089548, fps: 685.1857614865461, best_epoch: 11
[2025/11/14 15:34:22] ppocr INFO: epoch: [11/20], global_step: 11210, lr: 0.000019, acc: 0.704504, norm_edit_dis: 0.958482, CTCLoss: 2.333572, NRTRLoss: 1.338826, loss: 3.677111, avg_reader_cost: 0.00283 s, avg_batch_cost: 0.59805 s, avg_samples: 85.2, ips: 142.46326 samples/s, eta: 1:50:53, max_mem_reserved: 25002 MB, max_mem_allocated: 13654 MB
[2025/11/14 15:34:28] ppocr INFO: epoch: [11/20], global_step: 11220, lr: 0.000019, acc: 0.741176, norm_edit_dis: 0.960632, CTCLoss: 1.802932, NRTRLoss: 1.333522, loss: 3.139925, avg_reader_cost: 0.00289 s, avg_batch_cost: 0.59544 s, avg_samples: 78.8, ips: 132.33914 samples/s, eta: 1:50:47, max_mem_reserved: 25002 MB, max_mem_allocated: 13654 MB
[2025/11/14 15:34:34] ppocr INFO: epoch: [11/20], global_step: 11230, lr: 0.000019, acc: 0.737776, norm_edit_dis: 0.957643, CTCLoss: 1.910905, NRTRLoss: 1.346053, loss: 3.264642, avg_reader_cost: 0.00298 s, avg_batch_cost: 0.66704 s, avg_samples: 93.7, ips: 140.47071 samples/s, eta: 1:50:40, max_mem_reserved: 25002 MB, max_mem_allocated: 13654 MB
[2025/11/14 15:34:41] ppocr INFO: epoch: [11/20], global_step: 11240, lr: 0.000019, acc: 0.664062, norm_edit_dis: 0.944622, CTCLoss: 2.246537, NRTRLoss: 1.352144, loss: 3.590804, avg_reader_cost: 0.00290 s, avg_batch_cost: 0.66647 s, avg_samples: 102.3, ips: 153.49512 samples/s, eta: 1:50:34, max_mem_reserved: 25002 MB, max_mem_allocated: 13654 MB
[2025/11/14 15:34:48] ppocr INFO: epoch: [11/20], global_step: 11250, lr: 0.000019, acc: 0.664062, norm_edit_dis: 0.926990, CTCLoss: 3.395565, NRTRLoss: 1.358032, loss: 4.775748, avg_reader_cost: 0.00293 s, avg_batch_cost: 0.66894 s, avg_samples: 95.9, ips: 143.36056 samples/s, eta: 1:50:28, max_mem_reserved: 25002 MB, max_mem_allocated: 13654 MB
[2025/11/14 15:34:54] ppocr INFO: epoch: [11/20], global_step: 11260, lr: 0.000019, acc: 0.684926, norm_edit_dis: 0.949845, CTCLoss: 2.512861, NRTRLoss: 1.344900, loss: 3.863623, avg_reader_cost: 0.00304 s, avg_batch_cost: 0.64262 s, avg_samples: 93.7, ips: 145.81011 samples/s, eta: 1:50:22, max_mem_reserved: 25002 MB, max_mem_allocated: 13654 MB
[2025/11/14 15:35:01] ppocr INFO: epoch: [11/20], global_step: 11270, lr: 0.000019, acc: 0.717647, norm_edit_dis: 0.953455, CTCLoss: 2.426799, NRTRLoss: 1.341011, loss: 3.763441, avg_reader_cost: 0.00287 s, avg_batch_cost: 0.64156 s, avg_samples: 89.5, ips: 139.50478 samples/s, eta: 1:50:16, max_mem_reserved: 25002 MB, max_mem_allocated: 13654 MB
[2025/11/14 15:35:07] ppocr INFO: epoch: [11/20], global_step: 11280, lr: 0.000019, acc: 0.741176, norm_edit_dis: 0.961333, CTCLoss: 2.003452, NRTRLoss: 1.335980, loss: 3.335079, avg_reader_cost: 0.00291 s, avg_batch_cost: 0.65048 s, avg_samples: 89.4, ips: 137.43620 samples/s, eta: 1:50:10, max_mem_reserved: 25002 MB, max_mem_allocated: 13654 MB
[2025/11/14 15:35:14] ppocr INFO: epoch: [11/20], global_step: 11290, lr: 0.000019, acc: 0.745588, norm_edit_dis: 0.961333, CTCLoss: 2.016275, NRTRLoss: 1.333532, loss: 3.355639, avg_reader_cost: 0.00298 s, avg_batch_cost: 0.66970 s, avg_samples: 93.8, ips: 140.06301 samples/s, eta: 1:50:04, max_mem_reserved: 25002 MB, max_mem_allocated: 13654 MB
[2025/11/14 15:35:20] ppocr INFO: epoch: [11/20], global_step: 11300, lr: 0.000019, acc: 0.734375, norm_edit_dis: 0.958704, CTCLoss: 2.265262, NRTRLoss: 1.341073, loss: 3.596960, avg_reader_cost: 0.00303 s, avg_batch_cost: 0.62658 s, avg_samples: 87.4, ips: 139.48765 samples/s, eta: 1:49:57, max_mem_reserved: 25002 MB, max_mem_allocated: 13654 MB
[2025/11/14 15:35:54] ppocr INFO: cur metric, acc: 0.7961999992038, norm_edit_dis: 0.9685089189052379, fps: 651.046400519955
[2025/11/14 15:35:54] ppocr INFO: best metric, acc: 0.8020999991979, is_float16: False, norm_edit_dis: 0.9693475979089548, fps: 685.1857614865461, best_epoch: 11
[2025/11/14 15:36:01] ppocr INFO: epoch: [11/20], global_step: 11310, lr: 0.000019, acc: 0.745588, norm_edit_dis: 0.960848, CTCLoss: 1.839144, NRTRLoss: 1.341073, loss: 3.183636, avg_reader_cost: 0.00309 s, avg_batch_cost: 0.66236 s, avg_samples: 83.1, ips: 125.45958 samples/s, eta: 1:49:51, max_mem_reserved: 25002 MB, max_mem_allocated: 13654 MB
[2025/11/14 15:36:07] ppocr INFO: epoch: [11/20], global_step: 11320, lr: 0.000019, acc: 0.737776, norm_edit_dis: 0.957044, CTCLoss: 1.930079, NRTRLoss: 1.347208, loss: 3.273966, avg_reader_cost: 0.00292 s, avg_batch_cost: 0.64801 s, avg_samples: 100.2, ips: 154.62703 samples/s, eta: 1:49:45, max_mem_reserved: 25002 MB, max_mem_allocated: 13654 MB
[2025/11/14 15:36:14] ppocr INFO: epoch: [11/20], global_step: 11330, lr: 0.000019, acc: 0.704504, norm_edit_dis: 0.944441, CTCLoss: 2.685437, NRTRLoss: 1.349930, loss: 4.041967, avg_reader_cost: 0.00299 s, avg_batch_cost: 0.68379 s, avg_samples: 93.7, ips: 137.03091 samples/s, eta: 1:49:39, max_mem_reserved: 25002 MB, max_mem_allocated: 13654 MB
[2025/11/14 15:36:21] ppocr INFO: epoch: [11/20], global_step: 11340, lr: 0.000019, acc: 0.729412, norm_edit_dis: 0.959124, CTCLoss: 1.777109, NRTRLoss: 1.338114, loss: 3.107856, avg_reader_cost: 0.00291 s, avg_batch_cost: 0.63912 s, avg_samples: 83.0, ips: 129.86660 samples/s, eta: 1:49:33, max_mem_reserved: 25002 MB, max_mem_allocated: 13654 MB
[2025/11/14 15:36:27] ppocr INFO: epoch: [11/20], global_step: 11350, lr: 0.000019, acc: 0.682996, norm_edit_dis: 0.943195, CTCLoss: 2.641586, NRTRLoss: 1.357729, loss: 4.004820, avg_reader_cost: 0.00288 s, avg_batch_cost: 0.68736 s, avg_samples: 115.2, ips: 167.59761 samples/s, eta: 1:49:27, max_mem_reserved: 25002 MB, max_mem_allocated: 13654 MB
[2025/11/14 15:36:34] ppocr INFO: epoch: [11/20], global_step: 11360, lr: 0.000019, acc: 0.515625, norm_edit_dis: 0.909882, CTCLoss: 4.577780, NRTRLoss: 1.371347, loss: 5.946609, avg_reader_cost: 0.00296 s, avg_batch_cost: 0.68499 s, avg_samples: 93.8, ips: 136.93686 samples/s, eta: 1:49:21, max_mem_reserved: 25002 MB, max_mem_allocated: 13654 MB
[2025/11/14 15:36:40] ppocr INFO: epoch: [11/20], global_step: 11370, lr: 0.000019, acc: 0.711765, norm_edit_dis: 0.951421, CTCLoss: 2.293123, NRTRLoss: 1.341760, loss: 3.633849, avg_reader_cost: 0.00288 s, avg_batch_cost: 0.61319 s, avg_samples: 85.2, ips: 138.94454 samples/s, eta: 1:49:15, max_mem_reserved: 25002 MB, max_mem_allocated: 13654 MB
[2025/11/14 15:36:47] ppocr INFO: epoch: [11/20], global_step: 11380, lr: 0.000019, acc: 0.711765, norm_edit_dis: 0.949576, CTCLoss: 2.260564, NRTRLoss: 1.348552, loss: 3.601583, avg_reader_cost: 0.00287 s, avg_batch_cost: 0.62335 s, avg_samples: 91.7, ips: 147.10776 samples/s, eta: 1:49:08, max_mem_reserved: 25002 MB, max_mem_allocated: 13654 MB
[2025/11/14 15:36:53] ppocr INFO: epoch: [11/20], global_step: 11390, lr: 0.000019, acc: 0.694118, norm_edit_dis: 0.949748, CTCLoss: 2.390179, NRTRLoss: 1.353854, loss: 3.749990, avg_reader_cost: 0.00320 s, avg_batch_cost: 0.64361 s, avg_samples: 98.0, ips: 152.26658 samples/s, eta: 1:49:02, max_mem_reserved: 25002 MB, max_mem_allocated: 13654 MB
[2025/11/14 15:36:59] ppocr INFO: epoch: [11/20], global_step: 11400, lr: 0.000019, acc: 0.694118, norm_edit_dis: 0.954860, CTCLoss: 2.153059, NRTRLoss: 1.347561, loss: 3.500620, avg_reader_cost: 0.00291 s, avg_batch_cost: 0.64401 s, avg_samples: 91.7, ips: 142.38919 samples/s, eta: 1:48:56, max_mem_reserved: 25002 MB, max_mem_allocated: 13654 MB
[2025/11/14 15:37:34] ppocr INFO: cur metric, acc: 0.7921999992078, norm_edit_dis: 0.9685369074435689, fps: 626.6764228262758
[2025/11/14 15:37:34] ppocr INFO: best metric, acc: 0.8020999991979, is_float16: False, norm_edit_dis: 0.9693475979089548, fps: 685.1857614865461, best_epoch: 11
[2025/11/14 15:37:40] ppocr INFO: epoch: [11/20], global_step: 11410, lr: 0.000019, acc: 0.718750, norm_edit_dis: 0.963704, CTCLoss: 2.092861, NRTRLoss: 1.338389, loss: 3.433834, avg_reader_cost: 0.00301 s, avg_batch_cost: 0.62543 s, avg_samples: 87.3, ips: 139.58298 samples/s, eta: 1:48:49, max_mem_reserved: 25002 MB, max_mem_allocated: 13654 MB
[2025/11/14 15:37:47] ppocr INFO: epoch: [11/20], global_step: 11420, lr: 0.000018, acc: 0.712316, norm_edit_dis: 0.955778, CTCLoss: 2.375669, NRTRLoss: 1.347710, loss: 3.723315, avg_reader_cost: 0.00300 s, avg_batch_cost: 0.70115 s, avg_samples: 102.3, ips: 145.90357 samples/s, eta: 1:48:44, max_mem_reserved: 25002 MB, max_mem_allocated: 13654 MB
[2025/11/14 15:37:53] ppocr INFO: epoch: [11/20], global_step: 11430, lr: 0.000018, acc: 0.717647, norm_edit_dis: 0.957624, CTCLoss: 2.120678, NRTRLoss: 1.349929, loss: 3.467930, avg_reader_cost: 0.00294 s, avg_batch_cost: 0.60958 s, avg_samples: 91.6, ips: 150.26636 samples/s, eta: 1:48:37, max_mem_reserved: 25002 MB, max_mem_allocated: 13654 MB
[2025/11/14 15:38:00] ppocr INFO: epoch: [11/20], global_step: 11440, lr: 0.000018, acc: 0.696691, norm_edit_dis: 0.951827, CTCLoss: 2.720946, NRTRLoss: 1.355732, loss: 4.080945, avg_reader_cost: 0.00288 s, avg_batch_cost: 0.65843 s, avg_samples: 104.4, ips: 158.55990 samples/s, eta: 1:48:31, max_mem_reserved: 25002 MB, max_mem_allocated: 13654 MB
[2025/11/14 15:38:06] ppocr INFO: epoch: [11/20], global_step: 11450, lr: 0.000018, acc: 0.695312, norm_edit_dis: 0.950086, CTCLoss: 2.856230, NRTRLoss: 1.347532, loss: 4.209346, avg_reader_cost: 0.00298 s, avg_batch_cost: 0.63045 s, avg_samples: 81.0, ips: 128.48032 samples/s, eta: 1:48:25, max_mem_reserved: 25002 MB, max_mem_allocated: 13654 MB
[2025/11/14 15:38:13] ppocr INFO: epoch: [11/20], global_step: 11460, lr: 0.000018, acc: 0.737776, norm_edit_dis: 0.959602, CTCLoss: 2.043097, NRTRLoss: 1.345197, loss: 3.384418, avg_reader_cost: 0.00290 s, avg_batch_cost: 0.70343 s, avg_samples: 95.9, ips: 136.33125 samples/s, eta: 1:48:19, max_mem_reserved: 25002 MB, max_mem_allocated: 13654 MB
[2025/11/14 15:38:21] ppocr INFO: epoch: [11/20], global_step: 11470, lr: 0.000018, acc: 0.717647, norm_edit_dis: 0.956859, CTCLoss: 2.273621, NRTRLoss: 1.354234, loss: 3.623393, avg_reader_cost: 0.00288 s, avg_batch_cost: 0.70933 s, avg_samples: 95.9, ips: 135.19724 samples/s, eta: 1:48:13, max_mem_reserved: 25002 MB, max_mem_allocated: 13654 MB
[2025/11/14 15:38:27] ppocr INFO: epoch: [11/20], global_step: 11480, lr: 0.000018, acc: 0.731893, norm_edit_dis: 0.959578, CTCLoss: 2.265848, NRTRLoss: 1.336782, loss: 3.620129, avg_reader_cost: 0.00289 s, avg_batch_cost: 0.63721 s, avg_samples: 81.0, ips: 127.11723 samples/s, eta: 1:48:07, max_mem_reserved: 25002 MB, max_mem_allocated: 13654 MB
[2025/11/14 15:38:34] ppocr INFO: epoch: [11/20], global_step: 11490, lr: 0.000018, acc: 0.726562, norm_edit_dis: 0.962671, CTCLoss: 2.127433, NRTRLoss: 1.334974, loss: 3.466152, avg_reader_cost: 0.00294 s, avg_batch_cost: 0.67159 s, avg_samples: 89.5, ips: 133.26586 samples/s, eta: 1:48:01, max_mem_reserved: 25002 MB, max_mem_allocated: 13654 MB
[2025/11/14 15:38:40] ppocr INFO: epoch: [11/20], global_step: 11500, lr: 0.000018, acc: 0.706434, norm_edit_dis: 0.961901, CTCLoss: 2.162536, NRTRLoss: 1.340011, loss: 3.501877, avg_reader_cost: 0.00290 s, avg_batch_cost: 0.68503 s, avg_samples: 95.8, ips: 139.84758 samples/s, eta: 1:47:55, max_mem_reserved: 25002 MB, max_mem_allocated: 13654 MB
[2025/11/14 15:39:16] ppocr INFO: cur metric, acc: 0.783999999216, norm_edit_dis: 0.9678694808577013, fps: 582.9670027481275
[2025/11/14 15:39:16] ppocr INFO: best metric, acc: 0.8020999991979, is_float16: False, norm_edit_dis: 0.9693475979089548, fps: 685.1857614865461, best_epoch: 11
[2025/11/14 15:39:23] ppocr INFO: epoch: [11/20], global_step: 11510, lr: 0.000018, acc: 0.554687, norm_edit_dis: 0.913623, CTCLoss: 4.380000, NRTRLoss: 1.375386, loss: 5.745682, avg_reader_cost: 0.00297 s, avg_batch_cost: 0.72743 s, avg_samples: 123.7, ips: 170.05142 samples/s, eta: 1:47:50, max_mem_reserved: 25002 MB, max_mem_allocated: 13654 MB
[2025/11/14 15:39:30] ppocr INFO: epoch: [11/20], global_step: 11520, lr: 0.000018, acc: 0.550781, norm_edit_dis: 0.914638, CTCLoss: 4.235917, NRTRLoss: 1.378711, loss: 5.604924, avg_reader_cost: 0.00289 s, avg_batch_cost: 0.70285 s, avg_samples: 98.0, ips: 139.43275 samples/s, eta: 1:47:44, max_mem_reserved: 25002 MB, max_mem_allocated: 13654 MB
[2025/11/14 15:39:37] ppocr INFO: epoch: [11/20], global_step: 11530, lr: 0.000018, acc: 0.670588, norm_edit_dis: 0.949041, CTCLoss: 3.494400, NRTRLoss: 1.355777, loss: 4.832428, avg_reader_cost: 0.00287 s, avg_batch_cost: 0.71918 s, avg_samples: 106.5, ips: 148.08446 samples/s, eta: 1:47:38, max_mem_reserved: 25002 MB, max_mem_allocated: 13654 MB
[2025/11/14 15:39:44] ppocr INFO: epoch: [11/20], global_step: 11540, lr: 0.000018, acc: 0.694118, norm_edit_dis: 0.951251, CTCLoss: 2.378870, NRTRLoss: 1.349462, loss: 3.719144, avg_reader_cost: 0.00288 s, avg_batch_cost: 0.64339 s, avg_samples: 93.7, ips: 145.63516 samples/s, eta: 1:47:32, max_mem_reserved: 25002 MB, max_mem_allocated: 13654 MB
[2025/11/14 15:39:50] ppocr INFO: epoch: [11/20], global_step: 11550, lr: 0.000018, acc: 0.731893, norm_edit_dis: 0.959719, CTCLoss: 2.121079, NRTRLoss: 1.340264, loss: 3.456756, avg_reader_cost: 0.00292 s, avg_batch_cost: 0.58383 s, avg_samples: 81.0, ips: 138.73866 samples/s, eta: 1:47:25, max_mem_reserved: 25002 MB, max_mem_allocated: 13654 MB
[2025/11/14 15:39:56] ppocr INFO: epoch: [11/20], global_step: 11560, lr: 0.000018, acc: 0.752941, norm_edit_dis: 0.957321, CTCLoss: 1.823297, NRTRLoss: 1.341058, loss: 3.168570, avg_reader_cost: 0.00288 s, avg_batch_cost: 0.62954 s, avg_samples: 87.3, ips: 138.67294 samples/s, eta: 1:47:19, max_mem_reserved: 25002 MB, max_mem_allocated: 13654 MB
[2025/11/14 15:40:03] ppocr INFO: epoch: [11/20], global_step: 11570, lr: 0.000018, acc: 0.724081, norm_edit_dis: 0.955166, CTCLoss: 2.527074, NRTRLoss: 1.345203, loss: 3.871954, avg_reader_cost: 0.00324 s, avg_batch_cost: 0.66931 s, avg_samples: 106.6, ips: 159.26758 samples/s, eta: 1:47:13, max_mem_reserved: 25002 MB, max_mem_allocated: 13654 MB
[2025/11/14 15:40:09] ppocr INFO: epoch: [11/20], global_step: 11580, lr: 0.000018, acc: 0.679136, norm_edit_dis: 0.950861, CTCLoss: 3.217630, NRTRLoss: 1.344138, loss: 4.565024, avg_reader_cost: 0.00293 s, avg_batch_cost: 0.62621 s, avg_samples: 87.4, ips: 139.57000 samples/s, eta: 1:47:07, max_mem_reserved: 25002 MB, max_mem_allocated: 13654 MB
[2025/11/14 15:40:16] ppocr INFO: epoch: [11/20], global_step: 11590, lr: 0.000018, acc: 0.648437, norm_edit_dis: 0.947150, CTCLoss: 3.242882, NRTRLoss: 1.355837, loss: 4.579403, avg_reader_cost: 0.00291 s, avg_batch_cost: 0.67929 s, avg_samples: 108.7, ips: 160.02076 samples/s, eta: 1:47:01, max_mem_reserved: 25002 MB, max_mem_allocated: 13654 MB
[2025/11/14 15:40:22] ppocr INFO: epoch: [11/20], global_step: 11600, lr: 0.000018, acc: 0.550781, norm_edit_dis: 0.919211, CTCLoss: 4.133358, NRTRLoss: 1.377484, loss: 5.517906, avg_reader_cost: 0.00323 s, avg_batch_cost: 0.64921 s, avg_samples: 102.3, ips: 157.57592 samples/s, eta: 1:46:54, max_mem_reserved: 25002 MB, max_mem_allocated: 13654 MB
[2025/11/14 15:40:55] ppocr INFO: cur metric, acc: 0.757999999242, norm_edit_dis: 0.9645600842602642, fps: 703.0763176101617
[2025/11/14 15:40:55] ppocr INFO: best metric, acc: 0.8020999991979, is_float16: False, norm_edit_dis: 0.9693475979089548, fps: 685.1857614865461, best_epoch: 11
[2025/11/14 15:41:01] ppocr INFO: epoch: [11/20], global_step: 11610, lr: 0.000018, acc: 0.718198, norm_edit_dis: 0.955222, CTCLoss: 2.066738, NRTRLoss: 1.343697, loss: 3.406166, avg_reader_cost: 0.00287 s, avg_batch_cost: 0.58804 s, avg_samples: 80.9, ips: 137.57555 samples/s, eta: 1:46:48, max_mem_reserved: 25002 MB, max_mem_allocated: 13654 MB
[2025/11/14 15:41:07] ppocr INFO: epoch: [11/20], global_step: 11620, lr: 0.000018, acc: 0.741176, norm_edit_dis: 0.959903, CTCLoss: 1.772303, NRTRLoss: 1.344415, loss: 3.113931, avg_reader_cost: 0.00292 s, avg_batch_cost: 0.64733 s, avg_samples: 98.0, ips: 151.39147 samples/s, eta: 1:46:41, max_mem_reserved: 25002 MB, max_mem_allocated: 13654 MB
[2025/11/14 15:41:14] ppocr INFO: epoch: [11/20], global_step: 11630, lr: 0.000018, acc: 0.722151, norm_edit_dis: 0.947697, CTCLoss: 2.245914, NRTRLoss: 1.358433, loss: 3.619105, avg_reader_cost: 0.00291 s, avg_batch_cost: 0.64211 s, avg_samples: 93.8, ips: 146.08034 samples/s, eta: 1:46:35, max_mem_reserved: 25002 MB, max_mem_allocated: 13654 MB
[2025/11/14 15:41:20] ppocr INFO: epoch: [11/20], global_step: 11640, lr: 0.000018, acc: 0.724081, norm_edit_dis: 0.953250, CTCLoss: 2.245914, NRTRLoss: 1.353982, loss: 3.619105, avg_reader_cost: 0.00290 s, avg_batch_cost: 0.59051 s, avg_samples: 80.9, ips: 137.00027 samples/s, eta: 1:46:28, max_mem_reserved: 25002 MB, max_mem_allocated: 13654 MB
[2025/11/14 15:41:26] ppocr INFO: epoch: [11/20], global_step: 11650, lr: 0.000018, acc: 0.687500, norm_edit_dis: 0.945183, CTCLoss: 2.549341, NRTRLoss: 1.349665, loss: 3.883946, avg_reader_cost: 0.00323 s, avg_batch_cost: 0.64157 s, avg_samples: 100.2, ips: 156.17869 samples/s, eta: 1:46:22, max_mem_reserved: 25002 MB, max_mem_allocated: 13654 MB
[2025/11/14 15:41:33] ppocr INFO: epoch: [11/20], global_step: 11660, lr: 0.000018, acc: 0.511719, norm_edit_dis: 0.920268, CTCLoss: 4.096415, NRTRLoss: 1.362510, loss: 5.449190, avg_reader_cost: 0.00293 s, avg_batch_cost: 0.65035 s, avg_samples: 106.6, ips: 163.91208 samples/s, eta: 1:46:16, max_mem_reserved: 25002 MB, max_mem_allocated: 13654 MB
[2025/11/14 15:41:39] ppocr INFO: epoch: [11/20], global_step: 11670, lr: 0.000018, acc: 0.711765, norm_edit_dis: 0.952046, CTCLoss: 2.324773, NRTRLoss: 1.348510, loss: 3.671054, avg_reader_cost: 0.00290 s, avg_batch_cost: 0.60564 s, avg_samples: 83.1, ips: 137.21096 samples/s, eta: 1:46:09, max_mem_reserved: 25002 MB, max_mem_allocated: 13654 MB
[2025/11/14 15:41:45] ppocr INFO: epoch: [11/20], global_step: 11680, lr: 0.000018, acc: 0.718198, norm_edit_dis: 0.957396, CTCLoss: 2.119709, NRTRLoss: 1.349434, loss: 3.466994, avg_reader_cost: 0.00290 s, avg_batch_cost: 0.59925 s, avg_samples: 81.0, ips: 135.16935 samples/s, eta: 1:46:03, max_mem_reserved: 25002 MB, max_mem_allocated: 13654 MB
[2025/11/14 15:41:50] ppocr INFO: epoch: [11/20], global_step: 11690, lr: 0.000018, acc: 0.724081, norm_edit_dis: 0.960148, CTCLoss: 2.023925, NRTRLoss: 1.347602, loss: 3.370469, avg_reader_cost: 0.00292 s, avg_batch_cost: 0.57574 s, avg_samples: 76.7, ips: 133.22000 samples/s, eta: 1:45:56, max_mem_reserved: 25002 MB, max_mem_allocated: 13654 MB
[2025/11/14 15:41:56] ppocr INFO: epoch: [11/20], global_step: 11700, lr: 0.000018, acc: 0.751470, norm_edit_dis: 0.960296, CTCLoss: 1.926499, NRTRLoss: 1.338057, loss: 3.260937, avg_reader_cost: 0.00288 s, avg_batch_cost: 0.58713 s, avg_samples: 76.7, ips: 130.63512 samples/s, eta: 1:45:49, max_mem_reserved: 25002 MB, max_mem_allocated: 13654 MB
[2025/11/14 15:42:30] ppocr INFO: cur metric, acc: 0.7872999992127, norm_edit_dis: 0.9668647144708974, fps: 695.8039180211284
[2025/11/14 15:42:30] ppocr INFO: best metric, acc: 0.8020999991979, is_float16: False, norm_edit_dis: 0.9693475979089548, fps: 685.1857614865461, best_epoch: 11
[2025/11/14 15:42:36] ppocr INFO: epoch: [11/20], global_step: 11710, lr: 0.000018, acc: 0.751470, norm_edit_dis: 0.958156, CTCLoss: 2.260305, NRTRLoss: 1.347792, loss: 3.603969, avg_reader_cost: 0.00289 s, avg_batch_cost: 0.62963 s, avg_samples: 95.9, ips: 152.31233 samples/s, eta: 1:45:43, max_mem_reserved: 25002 MB, max_mem_allocated: 13654 MB
[2025/11/14 15:42:42] ppocr INFO: epoch: [11/20], global_step: 11720, lr: 0.000018, acc: 0.706434, norm_edit_dis: 0.953818, CTCLoss: 2.520321, NRTRLoss: 1.345371, loss: 3.875212, avg_reader_cost: 0.00292 s, avg_batch_cost: 0.62447 s, avg_samples: 85.2, ips: 136.43608 samples/s, eta: 1:45:36, max_mem_reserved: 25002 MB, max_mem_allocated: 13654 MB
[2025/11/14 15:42:48] ppocr INFO: epoch: [11/20], global_step: 11730, lr: 0.000018, acc: 0.718198, norm_edit_dis: 0.947476, CTCLoss: 2.605697, NRTRLoss: 1.353192, loss: 3.955566, avg_reader_cost: 0.00292 s, avg_batch_cost: 0.61189 s, avg_samples: 93.7, ips: 153.13229 samples/s, eta: 1:45:30, max_mem_reserved: 25002 MB, max_mem_allocated: 13654 MB
[2025/11/14 15:42:55] ppocr INFO: epoch: [11/20], global_step: 11740, lr: 0.000018, acc: 0.711765, norm_edit_dis: 0.946552, CTCLoss: 2.537132, NRTRLoss: 1.356983, loss: 3.895188, avg_reader_cost: 0.00342 s, avg_batch_cost: 0.62882 s, avg_samples: 87.4, ips: 138.99073 samples/s, eta: 1:45:24, max_mem_reserved: 25002 MB, max_mem_allocated: 13654 MB
[2025/11/14 15:43:01] ppocr INFO: epoch: [11/20], global_step: 11750, lr: 0.000018, acc: 0.698621, norm_edit_dis: 0.953207, CTCLoss: 2.319483, NRTRLoss: 1.346669, loss: 3.674630, avg_reader_cost: 0.00293 s, avg_batch_cost: 0.66149 s, avg_samples: 106.5, ips: 160.99953 samples/s, eta: 1:45:17, max_mem_reserved: 25002 MB, max_mem_allocated: 13654 MB
[2025/11/14 15:43:07] ppocr INFO: epoch: [11/20], global_step: 11760, lr: 0.000018, acc: 0.688235, norm_edit_dis: 0.945834, CTCLoss: 2.328475, NRTRLoss: 1.356819, loss: 3.685294, avg_reader_cost: 0.00338 s, avg_batch_cost: 0.60316 s, avg_samples: 87.4, ips: 144.90440 samples/s, eta: 1:45:11, max_mem_reserved: 25002 MB, max_mem_allocated: 13654 MB
[2025/11/14 15:43:14] ppocr INFO: epoch: [11/20], global_step: 11770, lr: 0.000018, acc: 0.703125, norm_edit_dis: 0.945834, CTCLoss: 2.509950, NRTRLoss: 1.356819, loss: 3.861037, avg_reader_cost: 0.00340 s, avg_batch_cost: 0.63720 s, avg_samples: 102.3, ips: 160.54495 samples/s, eta: 1:45:05, max_mem_reserved: 25002 MB, max_mem_allocated: 13654 MB
[2025/11/14 15:43:20] ppocr INFO: epoch: [11/20], global_step: 11780, lr: 0.000018, acc: 0.723529, norm_edit_dis: 0.956603, CTCLoss: 1.990155, NRTRLoss: 1.345862, loss: 3.335883, avg_reader_cost: 0.00345 s, avg_batch_cost: 0.63283 s, avg_samples: 89.5, ips: 141.42821 samples/s, eta: 1:44:58, max_mem_reserved: 25002 MB, max_mem_allocated: 13654 MB
[2025/11/14 15:43:26] ppocr INFO: epoch: [11/20], global_step: 11790, lr: 0.000018, acc: 0.717647, norm_edit_dis: 0.956403, CTCLoss: 2.059422, NRTRLoss: 1.341787, loss: 3.406796, avg_reader_cost: 0.00329 s, avg_batch_cost: 0.64511 s, avg_samples: 93.7, ips: 145.24580 samples/s, eta: 1:44:52, max_mem_reserved: 25002 MB, max_mem_allocated: 13654 MB
[2025/11/14 15:43:33] ppocr INFO: epoch: [11/20], global_step: 11800, lr: 0.000018, acc: 0.696691, norm_edit_dis: 0.945717, CTCLoss: 2.728877, NRTRLoss: 1.353166, loss: 4.083765, avg_reader_cost: 0.00295 s, avg_batch_cost: 0.63138 s, avg_samples: 89.6, ips: 141.91165 samples/s, eta: 1:44:46, max_mem_reserved: 25002 MB, max_mem_allocated: 13654 MB
[2025/11/14 15:44:06] ppocr INFO: cur metric, acc: 0.7907999992092, norm_edit_dis: 0.9684460320045262, fps: 675.0897728672661
[2025/11/14 15:44:06] ppocr INFO: best metric, acc: 0.8020999991979, is_float16: False, norm_edit_dis: 0.9693475979089548, fps: 685.1857614865461, best_epoch: 11
[2025/11/14 15:44:12] ppocr INFO: epoch: [11/20], global_step: 11810, lr: 0.000018, acc: 0.718750, norm_edit_dis: 0.958621, CTCLoss: 2.603934, NRTRLoss: 1.341495, loss: 3.964287, avg_reader_cost: 0.00281 s, avg_batch_cost: 0.58157 s, avg_samples: 83.1, ips: 142.88886 samples/s, eta: 1:44:39, max_mem_reserved: 25002 MB, max_mem_allocated: 13654 MB
[2025/11/14 15:44:18] ppocr INFO: epoch: [11/20], global_step: 11820, lr: 0.000018, acc: 0.718750, norm_edit_dis: 0.958376, CTCLoss: 2.744129, NRTRLoss: 1.339757, loss: 4.089355, avg_reader_cost: 0.00294 s, avg_batch_cost: 0.61661 s, avg_samples: 98.0, ips: 158.93261 samples/s, eta: 1:44:32, max_mem_reserved: 25002 MB, max_mem_allocated: 13654 MB
[2025/11/14 15:44:23] ppocr INFO: epoch: [11/20], global_step: 11830, lr: 0.000018, acc: 0.734375, norm_edit_dis: 0.956964, CTCLoss: 2.151773, NRTRLoss: 1.344495, loss: 3.502305, avg_reader_cost: 0.00289 s, avg_batch_cost: 0.56485 s, avg_samples: 74.5, ips: 131.89327 samples/s, eta: 1:44:25, max_mem_reserved: 25002 MB, max_mem_allocated: 13654 MB
[2025/11/14 15:44:30] ppocr INFO: epoch: [11/20], global_step: 11840, lr: 0.000018, acc: 0.711765, norm_edit_dis: 0.949987, CTCLoss: 2.347142, NRTRLoss: 1.349590, loss: 3.701424, avg_reader_cost: 0.00293 s, avg_batch_cost: 0.64634 s, avg_samples: 113.0, ips: 174.83072 samples/s, eta: 1:44:19, max_mem_reserved: 25002 MB, max_mem_allocated: 13654 MB
[2025/11/14 15:44:36] ppocr INFO: epoch: [11/20], global_step: 11850, lr: 0.000018, acc: 0.679044, norm_edit_dis: 0.944861, CTCLoss: 2.982457, NRTRLoss: 1.357723, loss: 4.329484, avg_reader_cost: 0.00290 s, avg_batch_cost: 0.59800 s, avg_samples: 81.0, ips: 135.45130 samples/s, eta: 1:44:13, max_mem_reserved: 25002 MB, max_mem_allocated: 13654 MB
[2025/11/14 15:44:42] ppocr INFO: epoch: [11/20], global_step: 11860, lr: 0.000018, acc: 0.711765, norm_edit_dis: 0.955491, CTCLoss: 2.546614, NRTRLoss: 1.346185, loss: 3.876998, avg_reader_cost: 0.00290 s, avg_batch_cost: 0.62964 s, avg_samples: 102.3, ips: 162.47344 samples/s, eta: 1:44:06, max_mem_reserved: 25002 MB, max_mem_allocated: 13654 MB
[2025/11/14 15:44:49] ppocr INFO: epoch: [11/20], global_step: 11870, lr: 0.000018, acc: 0.711765, norm_edit_dis: 0.950820, CTCLoss: 3.429044, NRTRLoss: 1.347674, loss: 4.792894, avg_reader_cost: 0.00292 s, avg_batch_cost: 0.64915 s, avg_samples: 98.0, ips: 150.96621 samples/s, eta: 1:44:00, max_mem_reserved: 25002 MB, max_mem_allocated: 13654 MB
[2025/11/14 15:44:55] ppocr INFO: epoch: [11/20], global_step: 11880, lr: 0.000018, acc: 0.717647, norm_edit_dis: 0.955012, CTCLoss: 2.419188, NRTRLoss: 1.348007, loss: 3.761330, avg_reader_cost: 0.00292 s, avg_batch_cost: 0.63205 s, avg_samples: 91.7, ips: 145.08366 samples/s, eta: 1:43:54, max_mem_reserved: 25002 MB, max_mem_allocated: 13654 MB
[2025/11/14 15:45:02] ppocr INFO: epoch: [11/20], global_step: 11890, lr: 0.000017, acc: 0.723529, norm_edit_dis: 0.957383, CTCLoss: 1.919006, NRTRLoss: 1.349400, loss: 3.257563, avg_reader_cost: 0.00290 s, avg_batch_cost: 0.67317 s, avg_samples: 98.0, ips: 145.58009 samples/s, eta: 1:43:48, max_mem_reserved: 25002 MB, max_mem_allocated: 13654 MB
[2025/11/14 15:45:08] ppocr INFO: epoch: [11/20], global_step: 11900, lr: 0.000017, acc: 0.677114, norm_edit_dis: 0.935394, CTCLoss: 3.355088, NRTRLoss: 1.357812, loss: 4.717145, avg_reader_cost: 0.00293 s, avg_batch_cost: 0.64439 s, avg_samples: 102.3, ips: 158.75437 samples/s, eta: 1:43:41, max_mem_reserved: 25002 MB, max_mem_allocated: 13654 MB
[2025/11/14 15:45:42] ppocr INFO: cur metric, acc: 0.7872999992127, norm_edit_dis: 0.9682257727778047, fps: 685.6946379394188
[2025/11/14 15:45:42] ppocr INFO: best metric, acc: 0.8020999991979, is_float16: False, norm_edit_dis: 0.9693475979089548, fps: 685.1857614865461, best_epoch: 11
[2025/11/14 15:45:48] ppocr INFO: epoch: [11/20], global_step: 11910, lr: 0.000017, acc: 0.692739, norm_edit_dis: 0.935394, CTCLoss: 4.002815, NRTRLoss: 1.357812, loss: 5.365432, avg_reader_cost: 0.00323 s, avg_batch_cost: 0.65667 s, avg_samples: 95.9, ips: 146.03884 samples/s, eta: 1:43:35, max_mem_reserved: 25002 MB, max_mem_allocated: 13654 MB
[2025/11/14 15:45:54] ppocr INFO: epoch: [11/20], global_step: 11920, lr: 0.000017, acc: 0.694761, norm_edit_dis: 0.953765, CTCLoss: 2.439442, NRTRLoss: 1.347670, loss: 3.786689, avg_reader_cost: 0.00285 s, avg_batch_cost: 0.63188 s, avg_samples: 93.8, ips: 148.44477 samples/s, eta: 1:43:29, max_mem_reserved: 25002 MB, max_mem_allocated: 13654 MB
[2025/11/14 15:46:01] ppocr INFO: epoch: [11/20], global_step: 11930, lr: 0.000017, acc: 0.651654, norm_edit_dis: 0.937596, CTCLoss: 2.336016, NRTRLoss: 1.358684, loss: 3.685127, avg_reader_cost: 0.00285 s, avg_batch_cost: 0.65561 s, avg_samples: 100.2, ips: 152.83384 samples/s, eta: 1:43:23, max_mem_reserved: 25002 MB, max_mem_allocated: 13654 MB
[2025/11/14 15:46:07] ppocr INFO: epoch: [11/20], global_step: 11940, lr: 0.000017, acc: 0.647059, norm_edit_dis: 0.942083, CTCLoss: 2.590062, NRTRLoss: 1.363487, loss: 3.943286, avg_reader_cost: 0.00288 s, avg_batch_cost: 0.64535 s, avg_samples: 98.0, ips: 151.85659 samples/s, eta: 1:43:16, max_mem_reserved: 25002 MB, max_mem_allocated: 13654 MB
[2025/11/14 15:46:11] ppocr INFO: epoch: [11/20], global_step: 11946, lr: 0.000017, acc: 0.647059, norm_edit_dis: 0.942083, CTCLoss: 2.590062, NRTRLoss: 1.363269, loss: 3.943286, avg_reader_cost: 0.00173 s, avg_batch_cost: 0.39762 s, avg_samples: 59.7, ips: 150.14221 samples/s, eta: 1:43:13, max_mem_reserved: 25002 MB, max_mem_allocated: 13654 MB
[2025/11/14 15:46:15] ppocr INFO: save model in ./output/latest
[2025/11/14 15:46:16] ppocr INFO: save model in ./output/iter_epoch_11
[2025/11/14 15:46:19] ppocr INFO: epoch: [12/20], global_step: 11950, lr: 0.000017, acc: 0.726011, norm_edit_dis: 0.945593, CTCLoss: 2.512746, NRTRLoss: 1.344361, loss: 3.855294, avg_reader_cost: 0.54583 s, avg_batch_cost: 0.78351 s, avg_samples: 34.1, ips: 43.52183 samples/s, eta: 1:43:15, max_mem_reserved: 25002 MB, max_mem_allocated: 13654 MB
[2025/11/14 15:46:26] ppocr INFO: epoch: [12/20], global_step: 11960, lr: 0.000017, acc: 0.752941, norm_edit_dis: 0.962968, CTCLoss: 1.789464, NRTRLoss: 1.338532, loss: 3.119662, avg_reader_cost: 0.00287 s, avg_batch_cost: 0.63556 s, avg_samples: 87.4, ips: 137.51737 samples/s, eta: 1:43:08, max_mem_reserved: 25002 MB, max_mem_allocated: 13654 MB
[2025/11/14 15:46:32] ppocr INFO: epoch: [12/20], global_step: 11970, lr: 0.000017, acc: 0.743658, norm_edit_dis: 0.962145, CTCLoss: 1.866015, NRTRLoss: 1.337924, loss: 3.198948, avg_reader_cost: 0.00287 s, avg_batch_cost: 0.64100 s, avg_samples: 89.6, ips: 139.78129 samples/s, eta: 1:43:02, max_mem_reserved: 25002 MB, max_mem_allocated: 13654 MB
[2025/11/14 15:46:38] ppocr INFO: epoch: [12/20], global_step: 11980, lr: 0.000017, acc: 0.731893, norm_edit_dis: 0.957586, CTCLoss: 2.219232, NRTRLoss: 1.343070, loss: 3.565391, avg_reader_cost: 0.00287 s, avg_batch_cost: 0.64083 s, avg_samples: 91.6, ips: 142.94047 samples/s, eta: 1:42:56, max_mem_reserved: 25002 MB, max_mem_allocated: 13654 MB
[2025/11/14 15:46:45] ppocr INFO: epoch: [12/20], global_step: 11990, lr: 0.000017, acc: 0.735294, norm_edit_dis: 0.954643, CTCLoss: 2.345723, NRTRLoss: 1.344168, loss: 3.696865, avg_reader_cost: 0.00334 s, avg_batch_cost: 0.63448 s, avg_samples: 91.6, ips: 144.37111 samples/s, eta: 1:42:49, max_mem_reserved: 25002 MB, max_mem_allocated: 13654 MB
[2025/11/14 15:46:51] ppocr INFO: epoch: [12/20], global_step: 12000, lr: 0.000017, acc: 0.722151, norm_edit_dis: 0.956376, CTCLoss: 2.112246, NRTRLoss: 1.341631, loss: 3.453402, avg_reader_cost: 0.00289 s, avg_batch_cost: 0.63184 s, avg_samples: 89.5, ips: 141.65000 samples/s, eta: 1:42:43, max_mem_reserved: 25002 MB, max_mem_allocated: 13654 MB
[2025/11/14 15:47:24] ppocr INFO: cur metric, acc: 0.7973999992026001, norm_edit_dis: 0.9693992350579914, fps: 696.8245213682516
[2025/11/14 15:47:24] ppocr INFO: best metric, acc: 0.8020999991979, is_float16: False, norm_edit_dis: 0.9693475979089548, fps: 685.1857614865461, best_epoch: 11
[2025/11/14 15:47:30] ppocr INFO: epoch: [12/20], global_step: 12010, lr: 0.000017, acc: 0.726562, norm_edit_dis: 0.960450, CTCLoss: 1.880683, NRTRLoss: 1.335979, loss: 3.216079, avg_reader_cost: 0.00301 s, avg_batch_cost: 0.59873 s, avg_samples: 81.0, ips: 135.28667 samples/s, eta: 1:42:36, max_mem_reserved: 25002 MB, max_mem_allocated: 13654 MB
[2025/11/14 15:47:36] ppocr INFO: epoch: [12/20], global_step: 12020, lr: 0.000017, acc: 0.722151, norm_edit_dis: 0.959378, CTCLoss: 2.350992, NRTRLoss: 1.339720, loss: 3.703915, avg_reader_cost: 0.00296 s, avg_batch_cost: 0.64769 s, avg_samples: 106.6, ips: 164.58420 samples/s, eta: 1:42:30, max_mem_reserved: 25002 MB, max_mem_allocated: 13654 MB
[2025/11/14 15:47:43] ppocr INFO: epoch: [12/20], global_step: 12030, lr: 0.000017, acc: 0.705882, norm_edit_dis: 0.952437, CTCLoss: 2.296078, NRTRLoss: 1.340062, loss: 3.634783, avg_reader_cost: 0.00291 s, avg_batch_cost: 0.64478 s, avg_samples: 89.4, ips: 138.65293 samples/s, eta: 1:42:24, max_mem_reserved: 25002 MB, max_mem_allocated: 13654 MB
[2025/11/14 15:47:49] ppocr INFO: epoch: [12/20], global_step: 12040, lr: 0.000017, acc: 0.724081, norm_edit_dis: 0.956791, CTCLoss: 2.157102, NRTRLoss: 1.339385, loss: 3.494980, avg_reader_cost: 0.00292 s, avg_batch_cost: 0.63723 s, avg_samples: 91.6, ips: 143.74746 samples/s, eta: 1:42:18, max_mem_reserved: 25002 MB, max_mem_allocated: 13654 MB
[2025/11/14 15:47:56] ppocr INFO: epoch: [12/20], global_step: 12050, lr: 0.000017, acc: 0.724081, norm_edit_dis: 0.958051, CTCLoss: 2.038091, NRTRLoss: 1.340294, loss: 3.373490, avg_reader_cost: 0.00291 s, avg_batch_cost: 0.63157 s, avg_samples: 87.3, ips: 138.22714 samples/s, eta: 1:42:11, max_mem_reserved: 25002 MB, max_mem_allocated: 13654 MB
[2025/11/14 15:48:02] ppocr INFO: epoch: [12/20], global_step: 12060, lr: 0.000017, acc: 0.711765, norm_edit_dis: 0.956915, CTCLoss: 2.186691, NRTRLoss: 1.345332, loss: 3.529594, avg_reader_cost: 0.00289 s, avg_batch_cost: 0.64913 s, avg_samples: 100.2, ips: 154.36130 samples/s, eta: 1:42:05, max_mem_reserved: 25002 MB, max_mem_allocated: 13654 MB
[2025/11/14 15:48:09] ppocr INFO: epoch: [12/20], global_step: 12070, lr: 0.000017, acc: 0.640073, norm_edit_dis: 0.937256, CTCLoss: 3.244835, NRTRLoss: 1.350960, loss: 4.593822, avg_reader_cost: 0.00291 s, avg_batch_cost: 0.64183 s, avg_samples: 96.0, ips: 149.57119 samples/s, eta: 1:41:59, max_mem_reserved: 25002 MB, max_mem_allocated: 13654 MB
[2025/11/14 15:48:15] ppocr INFO: epoch: [12/20], global_step: 12080, lr: 0.000017, acc: 0.723529, norm_edit_dis: 0.956765, CTCLoss: 2.287425, NRTRLoss: 1.341823, loss: 3.626716, avg_reader_cost: 0.00290 s, avg_batch_cost: 0.60230 s, avg_samples: 80.9, ips: 134.31794 samples/s, eta: 1:41:52, max_mem_reserved: 25002 MB, max_mem_allocated: 13654 MB
[2025/11/14 15:48:21] ppocr INFO: epoch: [12/20], global_step: 12090, lr: 0.000017, acc: 0.711765, norm_edit_dis: 0.958130, CTCLoss: 2.149030, NRTRLoss: 1.341710, loss: 3.484951, avg_reader_cost: 0.00292 s, avg_batch_cost: 0.63458 s, avg_samples: 98.0, ips: 154.43341 samples/s, eta: 1:41:46, max_mem_reserved: 25002 MB, max_mem_allocated: 13654 MB
[2025/11/14 15:48:27] ppocr INFO: epoch: [12/20], global_step: 12100, lr: 0.000017, acc: 0.700000, norm_edit_dis: 0.951341, CTCLoss: 2.282043, NRTRLoss: 1.353769, loss: 3.620881, avg_reader_cost: 0.00291 s, avg_batch_cost: 0.64158 s, avg_samples: 100.2, ips: 156.17757 samples/s, eta: 1:41:40, max_mem_reserved: 25002 MB, max_mem_allocated: 13654 MB
[2025/11/14 15:49:00] ppocr INFO: cur metric, acc: 0.780999999219, norm_edit_dis: 0.9675627606608812, fps: 684.1445815362043
[2025/11/14 15:49:00] ppocr INFO: best metric, acc: 0.8020999991979, is_float16: False, norm_edit_dis: 0.9693475979089548, fps: 685.1857614865461, best_epoch: 11
[2025/11/14 15:49:07] ppocr INFO: epoch: [12/20], global_step: 12110, lr: 0.000017, acc: 0.507812, norm_edit_dis: 0.907047, CTCLoss: 4.298022, NRTRLoss: 1.369249, loss: 5.667271, avg_reader_cost: 0.00331 s, avg_batch_cost: 0.65577 s, avg_samples: 106.6, ips: 162.55705 samples/s, eta: 1:41:33, max_mem_reserved: 25002 MB, max_mem_allocated: 13654 MB
[2025/11/14 15:49:13] ppocr INFO: epoch: [12/20], global_step: 12120, lr: 0.000017, acc: 0.583272, norm_edit_dis: 0.923410, CTCLoss: 3.428171, NRTRLoss: 1.361996, loss: 4.785756, avg_reader_cost: 0.00295 s, avg_batch_cost: 0.63399 s, avg_samples: 98.0, ips: 154.57708 samples/s, eta: 1:41:27, max_mem_reserved: 25002 MB, max_mem_allocated: 13654 MB
[2025/11/14 15:49:19] ppocr INFO: epoch: [12/20], global_step: 12130, lr: 0.000017, acc: 0.711765, norm_edit_dis: 0.954022, CTCLoss: 2.125774, NRTRLoss: 1.344629, loss: 3.465964, avg_reader_cost: 0.00339 s, avg_batch_cost: 0.65243 s, avg_samples: 97.9, ips: 150.05496 samples/s, eta: 1:41:21, max_mem_reserved: 25002 MB, max_mem_allocated: 13654 MB
[2025/11/14 15:49:26] ppocr INFO: epoch: [12/20], global_step: 12140, lr: 0.000017, acc: 0.752941, norm_edit_dis: 0.958054, CTCLoss: 1.978028, NRTRLoss: 1.342021, loss: 3.320150, avg_reader_cost: 0.00294 s, avg_batch_cost: 0.63184 s, avg_samples: 91.6, ips: 144.97257 samples/s, eta: 1:41:14, max_mem_reserved: 25002 MB, max_mem_allocated: 13654 MB
[2025/11/14 15:49:32] ppocr INFO: epoch: [12/20], global_step: 12150, lr: 0.000017, acc: 0.745588, norm_edit_dis: 0.956546, CTCLoss: 1.966772, NRTRLoss: 1.347559, loss: 3.314331, avg_reader_cost: 0.00293 s, avg_batch_cost: 0.64655 s, avg_samples: 89.5, ips: 138.42672 samples/s, eta: 1:41:08, max_mem_reserved: 25002 MB, max_mem_allocated: 13654 MB
[2025/11/14 15:49:39] ppocr INFO: epoch: [12/20], global_step: 12160, lr: 0.000017, acc: 0.741176, norm_edit_dis: 0.958835, CTCLoss: 1.836845, NRTRLoss: 1.340350, loss: 3.172050, avg_reader_cost: 0.00298 s, avg_batch_cost: 0.63057 s, avg_samples: 85.2, ips: 135.11551 samples/s, eta: 1:41:02, max_mem_reserved: 25002 MB, max_mem_allocated: 13654 MB
[2025/11/14 15:49:45] ppocr INFO: epoch: [12/20], global_step: 12170, lr: 0.000017, acc: 0.735294, norm_edit_dis: 0.959139, CTCLoss: 1.895757, NRTRLoss: 1.335020, loss: 3.222726, avg_reader_cost: 0.00293 s, avg_batch_cost: 0.59642 s, avg_samples: 87.3, ips: 146.37273 samples/s, eta: 1:40:55, max_mem_reserved: 25002 MB, max_mem_allocated: 13654 MB
[2025/11/14 15:49:51] ppocr INFO: epoch: [12/20], global_step: 12180, lr: 0.000017, acc: 0.718198, norm_edit_dis: 0.962007, CTCLoss: 2.054028, NRTRLoss: 1.334691, loss: 3.392629, avg_reader_cost: 0.00291 s, avg_batch_cost: 0.61224 s, avg_samples: 85.2, ips: 139.16141 samples/s, eta: 1:40:49, max_mem_reserved: 25002 MB, max_mem_allocated: 13654 MB
[2025/11/14 15:49:57] ppocr INFO: epoch: [12/20], global_step: 12190, lr: 0.000017, acc: 0.718198, norm_edit_dis: 0.953296, CTCLoss: 2.054028, NRTRLoss: 1.341825, loss: 3.392629, avg_reader_cost: 0.00292 s, avg_batch_cost: 0.65138 s, avg_samples: 98.0, ips: 150.44907 samples/s, eta: 1:40:42, max_mem_reserved: 25002 MB, max_mem_allocated: 13654 MB
[2025/11/14 15:50:04] ppocr INFO: epoch: [12/20], global_step: 12200, lr: 0.000017, acc: 0.718198, norm_edit_dis: 0.948425, CTCLoss: 2.774078, NRTRLoss: 1.345456, loss: 4.117878, avg_reader_cost: 0.00360 s, avg_batch_cost: 0.65035 s, avg_samples: 98.1, ips: 150.84105 samples/s, eta: 1:40:36, max_mem_reserved: 25002 MB, max_mem_allocated: 13654 MB
[2025/11/14 15:50:38] ppocr INFO: cur metric, acc: 0.7914999992085, norm_edit_dis: 0.9690675644249803, fps: 669.2654324630078
[2025/11/14 15:50:38] ppocr INFO: best metric, acc: 0.8020999991979, is_float16: False, norm_edit_dis: 0.9693475979089548, fps: 685.1857614865461, best_epoch: 11
[2025/11/14 15:50:44] ppocr INFO: epoch: [12/20], global_step: 12210, lr: 0.000017, acc: 0.706434, norm_edit_dis: 0.945071, CTCLoss: 3.042750, NRTRLoss: 1.355947, loss: 4.386612, avg_reader_cost: 0.00298 s, avg_batch_cost: 0.62541 s, avg_samples: 98.0, ips: 156.69605 samples/s, eta: 1:40:30, max_mem_reserved: 25002 MB, max_mem_allocated: 13654 MB
[2025/11/14 15:50:50] ppocr INFO: epoch: [12/20], global_step: 12220, lr: 0.000017, acc: 0.741176, norm_edit_dis: 0.953410, CTCLoss: 2.301780, NRTRLoss: 1.341556, loss: 3.639145, avg_reader_cost: 0.00294 s, avg_batch_cost: 0.62535 s, avg_samples: 87.3, ips: 139.60184 samples/s, eta: 1:40:23, max_mem_reserved: 25002 MB, max_mem_allocated: 13654 MB
[2025/11/14 15:50:56] ppocr INFO: epoch: [12/20], global_step: 12230, lr: 0.000017, acc: 0.731893, norm_edit_dis: 0.955854, CTCLoss: 2.158780, NRTRLoss: 1.338141, loss: 3.494518, avg_reader_cost: 0.00305 s, avg_batch_cost: 0.62205 s, avg_samples: 87.4, ips: 140.50410 samples/s, eta: 1:40:17, max_mem_reserved: 25002 MB, max_mem_allocated: 13654 MB
[2025/11/14 15:51:02] ppocr INFO: epoch: [12/20], global_step: 12240, lr: 0.000017, acc: 0.710937, norm_edit_dis: 0.953369, CTCLoss: 1.999874, NRTRLoss: 1.337443, loss: 3.336692, avg_reader_cost: 0.00289 s, avg_batch_cost: 0.60514 s, avg_samples: 91.6, ips: 151.36992 samples/s, eta: 1:40:10, max_mem_reserved: 25002 MB, max_mem_allocated: 13654 MB
[2025/11/14 15:51:09] ppocr INFO: epoch: [12/20], global_step: 12250, lr: 0.000017, acc: 0.718750, norm_edit_dis: 0.954303, CTCLoss: 2.078153, NRTRLoss: 1.345762, loss: 3.417506, avg_reader_cost: 0.00289 s, avg_batch_cost: 0.64046 s, avg_samples: 100.1, ips: 156.29482 samples/s, eta: 1:40:04, max_mem_reserved: 25002 MB, max_mem_allocated: 13654 MB
[2025/11/14 15:51:16] ppocr INFO: epoch: [12/20], global_step: 12260, lr: 0.000017, acc: 0.546875, norm_edit_dis: 0.912233, CTCLoss: 3.751384, NRTRLoss: 1.366005, loss: 5.113563, avg_reader_cost: 0.00287 s, avg_batch_cost: 0.67731 s, avg_samples: 110.9, ips: 163.73476 samples/s, eta: 1:39:58, max_mem_reserved: 25002 MB, max_mem_allocated: 13654 MB
[2025/11/14 15:51:21] ppocr INFO: epoch: [12/20], global_step: 12270, lr: 0.000017, acc: 0.706434, norm_edit_dis: 0.955135, CTCLoss: 2.636049, NRTRLoss: 1.342013, loss: 3.966972, avg_reader_cost: 0.00294 s, avg_batch_cost: 0.57504 s, avg_samples: 76.7, ips: 133.38142 samples/s, eta: 1:39:51, max_mem_reserved: 25002 MB, max_mem_allocated: 13654 MB
[2025/11/14 15:51:28] ppocr INFO: epoch: [12/20], global_step: 12280, lr: 0.000017, acc: 0.731893, norm_edit_dis: 0.959275, CTCLoss: 1.978538, NRTRLoss: 1.341535, loss: 3.317678, avg_reader_cost: 0.00290 s, avg_batch_cost: 0.63614 s, avg_samples: 91.6, ips: 143.99273 samples/s, eta: 1:39:45, max_mem_reserved: 25002 MB, max_mem_allocated: 13654 MB
[2025/11/14 15:51:34] ppocr INFO: epoch: [12/20], global_step: 12290, lr: 0.000017, acc: 0.705882, norm_edit_dis: 0.951231, CTCLoss: 2.125764, NRTRLoss: 1.352906, loss: 3.478872, avg_reader_cost: 0.00295 s, avg_batch_cost: 0.64219 s, avg_samples: 98.0, ips: 152.60170 samples/s, eta: 1:39:39, max_mem_reserved: 25002 MB, max_mem_allocated: 13654 MB
[2025/11/14 15:51:41] ppocr INFO: epoch: [12/20], global_step: 12300, lr: 0.000017, acc: 0.717647, norm_edit_dis: 0.955856, CTCLoss: 2.057344, NRTRLoss: 1.342186, loss: 3.411392, avg_reader_cost: 0.00286 s, avg_batch_cost: 0.65304 s, avg_samples: 91.6, ips: 140.26753 samples/s, eta: 1:39:33, max_mem_reserved: 25002 MB, max_mem_allocated: 13654 MB
[2025/11/14 15:52:14] ppocr INFO: cur metric, acc: 0.7940999992059, norm_edit_dis: 0.9695229634821234, fps: 694.3367795534394
[2025/11/14 15:52:14] ppocr INFO: best metric, acc: 0.8020999991979, is_float16: False, norm_edit_dis: 0.9693475979089548, fps: 685.1857614865461, best_epoch: 11
[2025/11/14 15:52:20] ppocr INFO: epoch: [12/20], global_step: 12310, lr: 0.000017, acc: 0.739706, norm_edit_dis: 0.961260, CTCLoss: 1.964227, NRTRLoss: 1.341163, loss: 3.307501, avg_reader_cost: 0.00284 s, avg_batch_cost: 0.60419 s, avg_samples: 91.6, ips: 151.60796 samples/s, eta: 1:39:26, max_mem_reserved: 25002 MB, max_mem_allocated: 13654 MB
[2025/11/14 15:52:27] ppocr INFO: epoch: [12/20], global_step: 12320, lr: 0.000017, acc: 0.745588, norm_edit_dis: 0.959007, CTCLoss: 2.106366, NRTRLoss: 1.344879, loss: 3.454755, avg_reader_cost: 0.00287 s, avg_batch_cost: 0.65310 s, avg_samples: 91.6, ips: 140.25431 samples/s, eta: 1:39:20, max_mem_reserved: 25002 MB, max_mem_allocated: 13654 MB
[2025/11/14 15:52:33] ppocr INFO: epoch: [12/20], global_step: 12330, lr: 0.000017, acc: 0.605469, norm_edit_dis: 0.934340, CTCLoss: 3.378159, NRTRLoss: 1.358875, loss: 4.739734, avg_reader_cost: 0.00300 s, avg_batch_cost: 0.66551 s, avg_samples: 110.9, ips: 166.63919 samples/s, eta: 1:39:14, max_mem_reserved: 25002 MB, max_mem_allocated: 13654 MB
[2025/11/14 15:52:40] ppocr INFO: epoch: [12/20], global_step: 12340, lr: 0.000017, acc: 0.711765, norm_edit_dis: 0.952822, CTCLoss: 2.654660, NRTRLoss: 1.350742, loss: 3.995457, avg_reader_cost: 0.00287 s, avg_batch_cost: 0.61846 s, avg_samples: 87.3, ips: 141.15771 samples/s, eta: 1:39:07, max_mem_reserved: 25002 MB, max_mem_allocated: 13654 MB
[2025/11/14 15:52:46] ppocr INFO: epoch: [12/20], global_step: 12350, lr: 0.000016, acc: 0.757353, norm_edit_dis: 0.963252, CTCLoss: 1.962727, NRTRLoss: 1.335622, loss: 3.298349, avg_reader_cost: 0.00289 s, avg_batch_cost: 0.62618 s, avg_samples: 83.1, ips: 132.71029 samples/s, eta: 1:39:01, max_mem_reserved: 25002 MB, max_mem_allocated: 13654 MB
[2025/11/14 15:52:52] ppocr INFO: epoch: [12/20], global_step: 12360, lr: 0.000016, acc: 0.741176, norm_edit_dis: 0.958603, CTCLoss: 1.769587, NRTRLoss: 1.338854, loss: 3.112035, avg_reader_cost: 0.00301 s, avg_batch_cost: 0.61122 s, avg_samples: 85.2, ips: 139.39223 samples/s, eta: 1:38:54, max_mem_reserved: 25002 MB, max_mem_allocated: 13654 MB
[2025/11/14 15:52:58] ppocr INFO: epoch: [12/20], global_step: 12370, lr: 0.000016, acc: 0.753401, norm_edit_dis: 0.957700, CTCLoss: 1.988461, NRTRLoss: 1.340587, loss: 3.342352, avg_reader_cost: 0.00283 s, avg_batch_cost: 0.62121 s, avg_samples: 87.3, ips: 140.53200 samples/s, eta: 1:38:48, max_mem_reserved: 25002 MB, max_mem_allocated: 13654 MB
[2025/11/14 15:53:05] ppocr INFO: epoch: [12/20], global_step: 12380, lr: 0.000016, acc: 0.752941, norm_edit_dis: 0.960258, CTCLoss: 1.957139, NRTRLoss: 1.342816, loss: 3.306919, avg_reader_cost: 0.00285 s, avg_batch_cost: 0.63937 s, avg_samples: 91.5, ips: 143.11009 samples/s, eta: 1:38:42, max_mem_reserved: 25002 MB, max_mem_allocated: 13654 MB
[2025/11/14 15:53:11] ppocr INFO: epoch: [12/20], global_step: 12390, lr: 0.000016, acc: 0.718198, norm_edit_dis: 0.951486, CTCLoss: 2.201193, NRTRLoss: 1.346464, loss: 3.550830, avg_reader_cost: 0.00304 s, avg_batch_cost: 0.67944 s, avg_samples: 102.3, ips: 150.56609 samples/s, eta: 1:38:36, max_mem_reserved: 25002 MB, max_mem_allocated: 13654 MB
[2025/11/14 15:53:18] ppocr INFO: epoch: [12/20], global_step: 12400, lr: 0.000016, acc: 0.710386, norm_edit_dis: 0.941082, CTCLoss: 2.646746, NRTRLoss: 1.355804, loss: 4.005018, avg_reader_cost: 0.00293 s, avg_batch_cost: 0.63904 s, avg_samples: 93.8, ips: 146.78174 samples/s, eta: 1:38:29, max_mem_reserved: 25002 MB, max_mem_allocated: 13654 MB
[2025/11/14 15:53:52] ppocr INFO: cur metric, acc: 0.7827999992172, norm_edit_dis: 0.9679461841479708, fps: 665.771004485311
[2025/11/14 15:53:52] ppocr INFO: best metric, acc: 0.8020999991979, is_float16: False, norm_edit_dis: 0.9693475979089548, fps: 685.1857614865461, best_epoch: 11
[2025/11/14 15:53:58] ppocr INFO: epoch: [12/20], global_step: 12410, lr: 0.000016, acc: 0.751470, norm_edit_dis: 0.964714, CTCLoss: 1.741090, NRTRLoss: 1.337330, loss: 3.074382, avg_reader_cost: 0.00295 s, avg_batch_cost: 0.62407 s, avg_samples: 83.0, ips: 132.99721 samples/s, eta: 1:38:23, max_mem_reserved: 25002 MB, max_mem_allocated: 13654 MB
[2025/11/14 15:54:05] ppocr INFO: epoch: [12/20], global_step: 12420, lr: 0.000016, acc: 0.751470, norm_edit_dis: 0.960042, CTCLoss: 1.832172, NRTRLoss: 1.335774, loss: 3.164950, avg_reader_cost: 0.00333 s, avg_batch_cost: 0.65736 s, avg_samples: 91.6, ips: 139.34579 samples/s, eta: 1:38:17, max_mem_reserved: 25002 MB, max_mem_allocated: 13654 MB
[2025/11/14 15:54:11] ppocr INFO: epoch: [12/20], global_step: 12430, lr: 0.000016, acc: 0.702573, norm_edit_dis: 0.950738, CTCLoss: 2.553258, NRTRLoss: 1.346913, loss: 3.901987, avg_reader_cost: 0.00292 s, avg_batch_cost: 0.64478 s, avg_samples: 98.0, ips: 151.98916 samples/s, eta: 1:38:10, max_mem_reserved: 25002 MB, max_mem_allocated: 13654 MB
[2025/11/14 15:54:17] ppocr INFO: epoch: [12/20], global_step: 12440, lr: 0.000016, acc: 0.716268, norm_edit_dis: 0.955086, CTCLoss: 2.401631, NRTRLoss: 1.343952, loss: 3.732062, avg_reader_cost: 0.00286 s, avg_batch_cost: 0.56906 s, avg_samples: 72.5, ips: 127.40302 samples/s, eta: 1:38:04, max_mem_reserved: 25002 MB, max_mem_allocated: 13654 MB
[2025/11/14 15:54:23] ppocr INFO: epoch: [12/20], global_step: 12450, lr: 0.000016, acc: 0.750000, norm_edit_dis: 0.958069, CTCLoss: 2.207985, NRTRLoss: 1.341154, loss: 3.555800, avg_reader_cost: 0.00287 s, avg_batch_cost: 0.63310 s, avg_samples: 87.3, ips: 137.89374 samples/s, eta: 1:37:57, max_mem_reserved: 25002 MB, max_mem_allocated: 13654 MB
[2025/11/14 15:54:30] ppocr INFO: epoch: [12/20], global_step: 12460, lr: 0.000016, acc: 0.742187, norm_edit_dis: 0.958069, CTCLoss: 1.865204, NRTRLoss: 1.343239, loss: 3.203836, avg_reader_cost: 0.00289 s, avg_batch_cost: 0.61592 s, avg_samples: 85.3, ips: 138.49185 samples/s, eta: 1:37:51, max_mem_reserved: 25002 MB, max_mem_allocated: 13654 MB
[2025/11/14 15:54:36] ppocr INFO: epoch: [12/20], global_step: 12470, lr: 0.000016, acc: 0.764706, norm_edit_dis: 0.961034, CTCLoss: 2.025366, NRTRLoss: 1.339781, loss: 3.369852, avg_reader_cost: 0.00289 s, avg_batch_cost: 0.66717 s, avg_samples: 102.2, ips: 153.18500 samples/s, eta: 1:37:45, max_mem_reserved: 25002 MB, max_mem_allocated: 13654 MB
[2025/11/14 15:54:42] ppocr INFO: epoch: [12/20], global_step: 12480, lr: 0.000016, acc: 0.764706, norm_edit_dis: 0.954826, CTCLoss: 2.178678, NRTRLoss: 1.334671, loss: 3.522159, avg_reader_cost: 0.00293 s, avg_batch_cost: 0.61843 s, avg_samples: 91.6, ips: 148.11652 samples/s, eta: 1:37:38, max_mem_reserved: 25002 MB, max_mem_allocated: 13654 MB
[2025/11/14 15:54:49] ppocr INFO: epoch: [12/20], global_step: 12490, lr: 0.000016, acc: 0.741176, norm_edit_dis: 0.958897, CTCLoss: 2.291879, NRTRLoss: 1.335602, loss: 3.622422, avg_reader_cost: 0.00383 s, avg_batch_cost: 0.65189 s, avg_samples: 100.1, ips: 153.55416 samples/s, eta: 1:37:32, max_mem_reserved: 25002 MB, max_mem_allocated: 13654 MB
[2025/11/14 15:54:55] ppocr INFO: epoch: [12/20], global_step: 12500, lr: 0.000016, acc: 0.751470, norm_edit_dis: 0.960665, CTCLoss: 2.423610, NRTRLoss: 1.338625, loss: 3.766061, avg_reader_cost: 0.00312 s, avg_batch_cost: 0.62635 s, avg_samples: 89.4, ips: 142.73077 samples/s, eta: 1:37:26, max_mem_reserved: 25002 MB, max_mem_allocated: 13654 MB
[2025/11/14 15:55:28] ppocr INFO: cur metric, acc: 0.7933999992066, norm_edit_dis: 0.9697731421405675, fps: 704.0139769376433
[2025/11/14 15:55:28] ppocr INFO: best metric, acc: 0.8020999991979, is_float16: False, norm_edit_dis: 0.9693475979089548, fps: 685.1857614865461, best_epoch: 11
[2025/11/14 15:55:34] ppocr INFO: epoch: [12/20], global_step: 12510, lr: 0.000016, acc: 0.742187, norm_edit_dis: 0.959386, CTCLoss: 2.325446, NRTRLoss: 1.338625, loss: 3.667820, avg_reader_cost: 0.00288 s, avg_batch_cost: 0.63176 s, avg_samples: 91.7, ips: 145.15000 samples/s, eta: 1:37:19, max_mem_reserved: 25002 MB, max_mem_allocated: 13654 MB
[2025/11/14 15:55:40] ppocr INFO: epoch: [12/20], global_step: 12520, lr: 0.000016, acc: 0.742187, norm_edit_dis: 0.957855, CTCLoss: 2.203010, NRTRLoss: 1.333850, loss: 3.542700, avg_reader_cost: 0.00290 s, avg_batch_cost: 0.58593 s, avg_samples: 78.9, ips: 134.65666 samples/s, eta: 1:37:13, max_mem_reserved: 25002 MB, max_mem_allocated: 13654 MB
[2025/11/14 15:55:46] ppocr INFO: epoch: [12/20], global_step: 12530, lr: 0.000016, acc: 0.750000, norm_edit_dis: 0.956494, CTCLoss: 1.949690, NRTRLoss: 1.336154, loss: 3.288749, avg_reader_cost: 0.00291 s, avg_batch_cost: 0.63824 s, avg_samples: 95.9, ips: 150.25687 samples/s, eta: 1:37:06, max_mem_reserved: 25002 MB, max_mem_allocated: 13654 MB
[2025/11/14 15:55:53] ppocr INFO: epoch: [12/20], global_step: 12540, lr: 0.000016, acc: 0.706434, norm_edit_dis: 0.956966, CTCLoss: 2.223584, NRTRLoss: 1.342694, loss: 3.559871, avg_reader_cost: 0.00294 s, avg_batch_cost: 0.63870 s, avg_samples: 100.2, ips: 156.88160 samples/s, eta: 1:37:00, max_mem_reserved: 25002 MB, max_mem_allocated: 13654 MB
[2025/11/14 15:55:59] ppocr INFO: epoch: [12/20], global_step: 12550, lr: 0.000016, acc: 0.718750, norm_edit_dis: 0.962697, CTCLoss: 1.998186, NRTRLoss: 1.336353, loss: 3.330055, avg_reader_cost: 0.00325 s, avg_batch_cost: 0.62485 s, avg_samples: 91.6, ips: 146.59469 samples/s, eta: 1:36:54, max_mem_reserved: 25002 MB, max_mem_allocated: 13654 MB
[2025/11/14 15:56:05] ppocr INFO: epoch: [12/20], global_step: 12560, lr: 0.000016, acc: 0.718198, norm_edit_dis: 0.957811, CTCLoss: 2.244619, NRTRLoss: 1.340741, loss: 3.592105, avg_reader_cost: 0.00287 s, avg_batch_cost: 0.59874 s, avg_samples: 87.4, ips: 145.97397 samples/s, eta: 1:36:47, max_mem_reserved: 25002 MB, max_mem_allocated: 13654 MB
[2025/11/14 15:56:11] ppocr INFO: epoch: [12/20], global_step: 12570, lr: 0.000016, acc: 0.745588, norm_edit_dis: 0.961008, CTCLoss: 1.942663, NRTRLoss: 1.340741, loss: 3.282343, avg_reader_cost: 0.00329 s, avg_batch_cost: 0.61029 s, avg_samples: 80.9, ips: 132.55930 samples/s, eta: 1:36:40, max_mem_reserved: 25002 MB, max_mem_allocated: 13654 MB
[2025/11/14 15:56:17] ppocr INFO: epoch: [12/20], global_step: 12580, lr: 0.000016, acc: 0.757353, norm_edit_dis: 0.965848, CTCLoss: 1.752751, NRTRLoss: 1.337380, loss: 3.084134, avg_reader_cost: 0.00308 s, avg_batch_cost: 0.62478 s, avg_samples: 87.4, ips: 139.88880 samples/s, eta: 1:36:34, max_mem_reserved: 25002 MB, max_mem_allocated: 13654 MB
[2025/11/14 15:56:24] ppocr INFO: epoch: [12/20], global_step: 12590, lr: 0.000016, acc: 0.741176, norm_edit_dis: 0.964698, CTCLoss: 1.893918, NRTRLoss: 1.337380, loss: 3.224651, avg_reader_cost: 0.00325 s, avg_batch_cost: 0.62590 s, avg_samples: 93.8, ips: 149.86335 samples/s, eta: 1:36:28, max_mem_reserved: 25002 MB, max_mem_allocated: 13654 MB
[2025/11/14 15:56:30] ppocr INFO: epoch: [12/20], global_step: 12600, lr: 0.000016, acc: 0.735294, norm_edit_dis: 0.959958, CTCLoss: 2.419783, NRTRLoss: 1.339888, loss: 3.755591, avg_reader_cost: 0.00324 s, avg_batch_cost: 0.63880 s, avg_samples: 93.7, ips: 146.68218 samples/s, eta: 1:36:21, max_mem_reserved: 25002 MB, max_mem_allocated: 13654 MB
[2025/11/14 15:57:04] ppocr INFO: cur metric, acc: 0.8013999991986, norm_edit_dis: 0.9706557276138349, fps: 679.3980587210716
[2025/11/14 15:57:04] ppocr INFO: best metric, acc: 0.8020999991979, is_float16: False, norm_edit_dis: 0.9693475979089548, fps: 685.1857614865461, best_epoch: 11
[2025/11/14 15:57:10] ppocr INFO: epoch: [12/20], global_step: 12610, lr: 0.000016, acc: 0.739706, norm_edit_dis: 0.955339, CTCLoss: 2.069853, NRTRLoss: 1.343838, loss: 3.409741, avg_reader_cost: 0.00286 s, avg_batch_cost: 0.61647 s, avg_samples: 87.4, ips: 141.77526 samples/s, eta: 1:36:15, max_mem_reserved: 25002 MB, max_mem_allocated: 13654 MB
[2025/11/14 15:57:16] ppocr INFO: epoch: [12/20], global_step: 12620, lr: 0.000016, acc: 0.731893, norm_edit_dis: 0.957712, CTCLoss: 1.846738, NRTRLoss: 1.339364, loss: 3.181852, avg_reader_cost: 0.00284 s, avg_batch_cost: 0.62364 s, avg_samples: 91.6, ips: 146.87931 samples/s, eta: 1:36:08, max_mem_reserved: 25002 MB, max_mem_allocated: 13654 MB
[2025/11/14 15:57:22] ppocr INFO: epoch: [12/20], global_step: 12630, lr: 0.000016, acc: 0.749540, norm_edit_dis: 0.962220, CTCLoss: 1.846738, NRTRLoss: 1.337348, loss: 3.181852, avg_reader_cost: 0.00282 s, avg_batch_cost: 0.58409 s, avg_samples: 78.9, ips: 135.08113 samples/s, eta: 1:36:02, max_mem_reserved: 25002 MB, max_mem_allocated: 13654 MB
[2025/11/14 15:57:29] ppocr INFO: epoch: [12/20], global_step: 12640, lr: 0.000016, acc: 0.703125, norm_edit_dis: 0.950969, CTCLoss: 2.280452, NRTRLoss: 1.347955, loss: 3.630397, avg_reader_cost: 0.00285 s, avg_batch_cost: 0.66463 s, avg_samples: 106.6, ips: 160.38952 samples/s, eta: 1:35:56, max_mem_reserved: 25002 MB, max_mem_allocated: 13654 MB
[2025/11/14 15:57:36] ppocr INFO: epoch: [12/20], global_step: 12650, lr: 0.000016, acc: 0.554687, norm_edit_dis: 0.926742, CTCLoss: 4.251810, NRTRLoss: 1.362122, loss: 5.625006, avg_reader_cost: 0.00331 s, avg_batch_cost: 0.67274 s, avg_samples: 110.8, ips: 164.69885 samples/s, eta: 1:35:50, max_mem_reserved: 25002 MB, max_mem_allocated: 13654 MB
[2025/11/14 15:57:42] ppocr INFO: epoch: [12/20], global_step: 12660, lr: 0.000016, acc: 0.700000, norm_edit_dis: 0.954135, CTCLoss: 2.445507, NRTRLoss: 1.345910, loss: 3.791485, avg_reader_cost: 0.00329 s, avg_batch_cost: 0.59279 s, avg_samples: 78.8, ips: 132.92965 samples/s, eta: 1:35:43, max_mem_reserved: 25002 MB, max_mem_allocated: 13654 MB
[2025/11/14 15:57:48] ppocr INFO: epoch: [12/20], global_step: 12670, lr: 0.000016, acc: 0.706434, norm_edit_dis: 0.957566, CTCLoss: 1.782761, NRTRLoss: 1.343130, loss: 3.123854, avg_reader_cost: 0.00284 s, avg_batch_cost: 0.60872 s, avg_samples: 93.8, ips: 154.09444 samples/s, eta: 1:35:36, max_mem_reserved: 25002 MB, max_mem_allocated: 13654 MB
[2025/11/14 15:57:54] ppocr INFO: epoch: [12/20], global_step: 12680, lr: 0.000016, acc: 0.706434, norm_edit_dis: 0.958712, CTCLoss: 1.790964, NRTRLoss: 1.344326, loss: 3.123854, avg_reader_cost: 0.00342 s, avg_batch_cost: 0.63256 s, avg_samples: 87.4, ips: 138.16898 samples/s, eta: 1:35:30, max_mem_reserved: 25002 MB, max_mem_allocated: 13654 MB
[2025/11/14 15:58:01] ppocr INFO: epoch: [12/20], global_step: 12690, lr: 0.000016, acc: 0.705882, norm_edit_dis: 0.957207, CTCLoss: 1.788848, NRTRLoss: 1.344726, loss: 3.118028, avg_reader_cost: 0.00286 s, avg_batch_cost: 0.65836 s, avg_samples: 104.4, ips: 158.57538 samples/s, eta: 1:35:24, max_mem_reserved: 25002 MB, max_mem_allocated: 13654 MB
[2025/11/14 15:58:07] ppocr INFO: epoch: [12/20], global_step: 12700, lr: 0.000016, acc: 0.700000, norm_edit_dis: 0.955816, CTCLoss: 2.001719, NRTRLoss: 1.342094, loss: 3.344600, avg_reader_cost: 0.00287 s, avg_batch_cost: 0.61384 s, avg_samples: 89.5, ips: 145.80243 samples/s, eta: 1:35:17, max_mem_reserved: 25002 MB, max_mem_allocated: 13654 MB
[2025/11/14 15:58:40] ppocr INFO: cur metric, acc: 0.8002999991997001, norm_edit_dis: 0.9702408566763622, fps: 696.0249995917745
[2025/11/14 15:58:40] ppocr INFO: best metric, acc: 0.8020999991979, is_float16: False, norm_edit_dis: 0.9693475979089548, fps: 685.1857614865461, best_epoch: 11
[2025/11/14 15:58:46] ppocr INFO: epoch: [12/20], global_step: 12710, lr: 0.000016, acc: 0.717647, norm_edit_dis: 0.956740, CTCLoss: 2.130290, NRTRLoss: 1.355728, loss: 3.475323, avg_reader_cost: 0.00281 s, avg_batch_cost: 0.61274 s, avg_samples: 98.0, ips: 159.93716 samples/s, eta: 1:35:11, max_mem_reserved: 25002 MB, max_mem_allocated: 13654 MB
[2025/11/14 15:58:52] ppocr INFO: epoch: [12/20], global_step: 12720, lr: 0.000016, acc: 0.717647, norm_edit_dis: 0.953812, CTCLoss: 2.317581, NRTRLoss: 1.354898, loss: 3.672536, avg_reader_cost: 0.00294 s, avg_batch_cost: 0.62808 s, avg_samples: 93.7, ips: 149.18431 samples/s, eta: 1:35:05, max_mem_reserved: 25002 MB, max_mem_allocated: 13654 MB
[2025/11/14 15:58:59] ppocr INFO: epoch: [12/20], global_step: 12730, lr: 0.000016, acc: 0.679044, norm_edit_dis: 0.949010, CTCLoss: 2.668704, NRTRLoss: 1.354691, loss: 4.012029, avg_reader_cost: 0.00288 s, avg_batch_cost: 0.65412 s, avg_samples: 106.6, ips: 162.96733 samples/s, eta: 1:34:58, max_mem_reserved: 25002 MB, max_mem_allocated: 13654 MB
[2025/11/14 15:59:05] ppocr INFO: epoch: [12/20], global_step: 12740, lr: 0.000016, acc: 0.640625, norm_edit_dis: 0.934723, CTCLoss: 3.779979, NRTRLoss: 1.365049, loss: 5.137221, avg_reader_cost: 0.00289 s, avg_batch_cost: 0.64282 s, avg_samples: 98.0, ips: 152.45339 samples/s, eta: 1:34:52, max_mem_reserved: 25002 MB, max_mem_allocated: 13654 MB
[2025/11/14 15:59:12] ppocr INFO: epoch: [12/20], global_step: 12750, lr: 0.000016, acc: 0.751470, norm_edit_dis: 0.962835, CTCLoss: 2.266132, NRTRLoss: 1.340173, loss: 3.599776, avg_reader_cost: 0.00294 s, avg_batch_cost: 0.65051 s, avg_samples: 93.8, ips: 144.19457 samples/s, eta: 1:34:46, max_mem_reserved: 25002 MB, max_mem_allocated: 13654 MB
[2025/11/14 15:59:19] ppocr INFO: epoch: [12/20], global_step: 12760, lr: 0.000016, acc: 0.546875, norm_edit_dis: 0.925681, CTCLoss: 3.656827, NRTRLoss: 1.357314, loss: 5.024283, avg_reader_cost: 0.00290 s, avg_batch_cost: 0.69163 s, avg_samples: 113.0, ips: 163.38228 samples/s, eta: 1:34:40, max_mem_reserved: 25002 MB, max_mem_allocated: 13654 MB
[2025/11/14 15:59:25] ppocr INFO: epoch: [12/20], global_step: 12770, lr: 0.000016, acc: 0.618566, norm_edit_dis: 0.938025, CTCLoss: 2.943480, NRTRLoss: 1.356180, loss: 4.288194, avg_reader_cost: 0.00284 s, avg_batch_cost: 0.62067 s, avg_samples: 93.7, ips: 150.96538 samples/s, eta: 1:34:33, max_mem_reserved: 25002 MB, max_mem_allocated: 13654 MB
[2025/11/14 15:59:31] ppocr INFO: epoch: [12/20], global_step: 12780, lr: 0.000016, acc: 0.729412, norm_edit_dis: 0.955841, CTCLoss: 1.970379, NRTRLoss: 1.338823, loss: 3.308684, avg_reader_cost: 0.00287 s, avg_batch_cost: 0.62753 s, avg_samples: 89.4, ips: 142.46251 samples/s, eta: 1:34:27, max_mem_reserved: 25002 MB, max_mem_allocated: 13654 MB
[2025/11/14 15:59:37] ppocr INFO: epoch: [12/20], global_step: 12790, lr: 0.000016, acc: 0.729412, norm_edit_dis: 0.956133, CTCLoss: 2.348997, NRTRLoss: 1.340749, loss: 3.677653, avg_reader_cost: 0.00284 s, avg_batch_cost: 0.63372 s, avg_samples: 91.6, ips: 144.54225 samples/s, eta: 1:34:21, max_mem_reserved: 25002 MB, max_mem_allocated: 13654 MB
[2025/11/14 15:59:44] ppocr INFO: epoch: [12/20], global_step: 12800, lr: 0.000016, acc: 0.735294, norm_edit_dis: 0.957440, CTCLoss: 2.056235, NRTRLoss: 1.343447, loss: 3.391741, avg_reader_cost: 0.00285 s, avg_batch_cost: 0.63505 s, avg_samples: 80.9, ips: 127.39185 samples/s, eta: 1:34:14, max_mem_reserved: 25002 MB, max_mem_allocated: 13654 MB
[2025/11/14 16:00:18] ppocr INFO: cur metric, acc: 0.8025999991974, norm_edit_dis: 0.9707105983909159, fps: 696.2528673529246
[2025/11/14 16:00:20] ppocr INFO: save best model is to ./output/best_accuracy
[2025/11/14 16:00:20] ppocr INFO: best metric, acc: 0.8025999991974, is_float16: False, norm_edit_dis: 0.9707105983909159, fps: 696.2528673529246, best_epoch: 12
[2025/11/14 16:00:26] ppocr INFO: epoch: [12/20], global_step: 12810, lr: 0.000016, acc: 0.747518, norm_edit_dis: 0.955537, CTCLoss: 1.941979, NRTRLoss: 1.339229, loss: 3.272559, avg_reader_cost: 0.00306 s, avg_batch_cost: 0.57821 s, avg_samples: 87.4, ips: 151.15539 samples/s, eta: 1:34:08, max_mem_reserved: 25002 MB, max_mem_allocated: 13654 MB
[2025/11/14 16:00:32] ppocr INFO: epoch: [12/20], global_step: 12820, lr: 0.000015, acc: 0.718750, norm_edit_dis: 0.947103, CTCLoss: 2.571985, NRTRLoss: 1.346582, loss: 3.915814, avg_reader_cost: 0.00295 s, avg_batch_cost: 0.63539 s, avg_samples: 91.7, ips: 144.32080 samples/s, eta: 1:34:01, max_mem_reserved: 25002 MB, max_mem_allocated: 13654 MB
[2025/11/14 16:00:39] ppocr INFO: epoch: [12/20], global_step: 12830, lr: 0.000015, acc: 0.726562, norm_edit_dis: 0.956132, CTCLoss: 2.260520, NRTRLoss: 1.340849, loss: 3.596961, avg_reader_cost: 0.00322 s, avg_batch_cost: 0.61048 s, avg_samples: 78.9, ips: 129.24170 samples/s, eta: 1:33:55, max_mem_reserved: 25002 MB, max_mem_allocated: 13654 MB
[2025/11/14 16:00:45] ppocr INFO: epoch: [12/20], global_step: 12840, lr: 0.000015, acc: 0.742187, norm_edit_dis: 0.958129, CTCLoss: 2.045877, NRTRLoss: 1.338788, loss: 3.377110, avg_reader_cost: 0.00307 s, avg_batch_cost: 0.63386 s, avg_samples: 91.6, ips: 144.51097 samples/s, eta: 1:33:49, max_mem_reserved: 25002 MB, max_mem_allocated: 13654 MB
[2025/11/14 16:00:51] ppocr INFO: epoch: [12/20], global_step: 12850, lr: 0.000015, acc: 0.731893, norm_edit_dis: 0.956895, CTCLoss: 2.066977, NRTRLoss: 1.344483, loss: 3.420285, avg_reader_cost: 0.00322 s, avg_batch_cost: 0.56907 s, avg_samples: 78.8, ips: 138.47050 samples/s, eta: 1:33:42, max_mem_reserved: 25002 MB, max_mem_allocated: 13654 MB
[2025/11/14 16:00:57] ppocr INFO: epoch: [12/20], global_step: 12860, lr: 0.000015, acc: 0.734375, norm_edit_dis: 0.956896, CTCLoss: 2.295968, NRTRLoss: 1.347128, loss: 3.631019, avg_reader_cost: 0.00286 s, avg_batch_cost: 0.63885 s, avg_samples: 91.7, ips: 143.54028 samples/s, eta: 1:33:35, max_mem_reserved: 25002 MB, max_mem_allocated: 13654 MB
[2025/11/14 16:01:04] ppocr INFO: epoch: [12/20], global_step: 12870, lr: 0.000015, acc: 0.582031, norm_edit_dis: 0.915620, CTCLoss: 3.942951, NRTRLoss: 1.365034, loss: 5.327507, avg_reader_cost: 0.00323 s, avg_batch_cost: 0.67443 s, avg_samples: 115.1, ips: 170.66176 samples/s, eta: 1:33:29, max_mem_reserved: 25002 MB, max_mem_allocated: 13654 MB
[2025/11/14 16:01:10] ppocr INFO: epoch: [12/20], global_step: 12880, lr: 0.000015, acc: 0.582031, norm_edit_dis: 0.915620, CTCLoss: 3.838309, NRTRLoss: 1.361269, loss: 5.226614, avg_reader_cost: 0.00288 s, avg_batch_cost: 0.64454 s, avg_samples: 100.1, ips: 155.30483 samples/s, eta: 1:33:23, max_mem_reserved: 25002 MB, max_mem_allocated: 13654 MB
[2025/11/14 16:01:16] ppocr INFO: epoch: [12/20], global_step: 12890, lr: 0.000015, acc: 0.758823, norm_edit_dis: 0.959954, CTCLoss: 2.082397, NRTRLoss: 1.340784, loss: 3.420524, avg_reader_cost: 0.00284 s, avg_batch_cost: 0.62613 s, avg_samples: 83.1, ips: 132.71985 samples/s, eta: 1:33:17, max_mem_reserved: 25002 MB, max_mem_allocated: 13654 MB
[2025/11/14 16:01:23] ppocr INFO: epoch: [12/20], global_step: 12900, lr: 0.000015, acc: 0.751470, norm_edit_dis: 0.956548, CTCLoss: 1.819728, NRTRLoss: 1.335437, loss: 3.151823, avg_reader_cost: 0.00288 s, avg_batch_cost: 0.64970 s, avg_samples: 95.9, ips: 147.60651 samples/s, eta: 1:33:11, max_mem_reserved: 25002 MB, max_mem_allocated: 13654 MB
[2025/11/14 16:01:57] ppocr INFO: cur metric, acc: 0.7958999992041, norm_edit_dis: 0.9700129732668121, fps: 687.2589524638726
[2025/11/14 16:01:57] ppocr INFO: best metric, acc: 0.8025999991974, is_float16: False, norm_edit_dis: 0.9707105983909159, fps: 696.2528673529246, best_epoch: 12
[2025/11/14 16:02:04] ppocr INFO: epoch: [12/20], global_step: 12910, lr: 0.000015, acc: 0.705882, norm_edit_dis: 0.947863, CTCLoss: 2.518128, NRTRLoss: 1.360013, loss: 3.898305, avg_reader_cost: 0.00288 s, avg_batch_cost: 0.64914 s, avg_samples: 93.8, ips: 144.49928 samples/s, eta: 1:33:04, max_mem_reserved: 25002 MB, max_mem_allocated: 13654 MB
[2025/11/14 16:02:10] ppocr INFO: epoch: [12/20], global_step: 12920, lr: 0.000015, acc: 0.700000, norm_edit_dis: 0.947072, CTCLoss: 3.101306, NRTRLoss: 1.360013, loss: 4.468074, avg_reader_cost: 0.00294 s, avg_batch_cost: 0.67323 s, avg_samples: 104.4, ips: 155.07442 samples/s, eta: 1:32:58, max_mem_reserved: 25002 MB, max_mem_allocated: 13654 MB
[2025/11/14 16:02:17] ppocr INFO: epoch: [12/20], global_step: 12930, lr: 0.000015, acc: 0.550781, norm_edit_dis: 0.918196, CTCLoss: 3.819749, NRTRLoss: 1.366121, loss: 5.200951, avg_reader_cost: 0.00303 s, avg_batch_cost: 0.69990 s, avg_samples: 106.6, ips: 152.30712 samples/s, eta: 1:32:52, max_mem_reserved: 25002 MB, max_mem_allocated: 13654 MB
[2025/11/14 16:02:24] ppocr INFO: epoch: [12/20], global_step: 12940, lr: 0.000015, acc: 0.625000, norm_edit_dis: 0.935863, CTCLoss: 3.293796, NRTRLoss: 1.353830, loss: 4.644051, avg_reader_cost: 0.00331 s, avg_batch_cost: 0.65774 s, avg_samples: 95.9, ips: 145.80297 samples/s, eta: 1:32:46, max_mem_reserved: 25002 MB, max_mem_allocated: 13654 MB
[2025/11/14 16:02:30] ppocr INFO: epoch: [12/20], global_step: 12950, lr: 0.000015, acc: 0.734375, norm_edit_dis: 0.957667, CTCLoss: 2.310729, NRTRLoss: 1.348662, loss: 3.649634, avg_reader_cost: 0.00325 s, avg_batch_cost: 0.64748 s, avg_samples: 89.5, ips: 138.22862 samples/s, eta: 1:32:40, max_mem_reserved: 25002 MB, max_mem_allocated: 13654 MB
[2025/11/14 16:02:37] ppocr INFO: epoch: [12/20], global_step: 12960, lr: 0.000015, acc: 0.734375, norm_edit_dis: 0.959756, CTCLoss: 2.329556, NRTRLoss: 1.337002, loss: 3.661326, avg_reader_cost: 0.00287 s, avg_batch_cost: 0.63312 s, avg_samples: 95.9, ips: 151.47193 samples/s, eta: 1:32:34, max_mem_reserved: 25002 MB, max_mem_allocated: 13654 MB
[2025/11/14 16:02:44] ppocr INFO: epoch: [12/20], global_step: 12970, lr: 0.000015, acc: 0.634191, norm_edit_dis: 0.939213, CTCLoss: 3.049859, NRTRLoss: 1.352490, loss: 4.406931, avg_reader_cost: 0.00289 s, avg_batch_cost: 0.67462 s, avg_samples: 106.6, ips: 158.01541 samples/s, eta: 1:32:27, max_mem_reserved: 25002 MB, max_mem_allocated: 13654 MB
[2025/11/14 16:02:50] ppocr INFO: epoch: [12/20], global_step: 12980, lr: 0.000015, acc: 0.778860, norm_edit_dis: 0.961727, CTCLoss: 1.754988, NRTRLoss: 1.337033, loss: 3.086308, avg_reader_cost: 0.00283 s, avg_batch_cost: 0.60883 s, avg_samples: 78.8, ips: 129.42808 samples/s, eta: 1:32:21, max_mem_reserved: 25002 MB, max_mem_allocated: 13654 MB
[2025/11/14 16:02:56] ppocr INFO: epoch: [12/20], global_step: 12990, lr: 0.000015, acc: 0.763235, norm_edit_dis: 0.959833, CTCLoss: 1.745910, NRTRLoss: 1.337033, loss: 3.082969, avg_reader_cost: 0.00294 s, avg_batch_cost: 0.65136 s, avg_samples: 87.4, ips: 134.18079 samples/s, eta: 1:32:15, max_mem_reserved: 25002 MB, max_mem_allocated: 13654 MB
[2025/11/14 16:03:02] ppocr INFO: epoch: [12/20], global_step: 13000, lr: 0.000015, acc: 0.745588, norm_edit_dis: 0.961892, CTCLoss: 1.757834, NRTRLoss: 1.332218, loss: 3.085700, avg_reader_cost: 0.00287 s, avg_batch_cost: 0.62064 s, avg_samples: 83.1, ips: 133.89500 samples/s, eta: 1:32:08, max_mem_reserved: 25002 MB, max_mem_allocated: 13654 MB
[2025/11/14 16:03:36] ppocr INFO: cur metric, acc: 0.802999999197, norm_edit_dis: 0.9702533517407694, fps: 700.6941564889474
[2025/11/14 16:03:38] ppocr INFO: save best model is to ./output/best_accuracy
[2025/11/14 16:03:38] ppocr INFO: best metric, acc: 0.802999999197, is_float16: False, norm_edit_dis: 0.9702533517407694, fps: 700.6941564889474, best_epoch: 12
[2025/11/14 16:03:45] ppocr INFO: epoch: [12/20], global_step: 13010, lr: 0.000015, acc: 0.745588, norm_edit_dis: 0.964145, CTCLoss: 1.765818, NRTRLoss: 1.330271, loss: 3.101940, avg_reader_cost: 0.00329 s, avg_batch_cost: 0.63165 s, avg_samples: 81.0, ips: 128.23553 samples/s, eta: 1:32:02, max_mem_reserved: 25002 MB, max_mem_allocated: 13654 MB
[2025/11/14 16:03:51] ppocr INFO: epoch: [12/20], global_step: 13020, lr: 0.000015, acc: 0.726562, norm_edit_dis: 0.962343, CTCLoss: 1.861704, NRTRLoss: 1.328668, loss: 3.186772, avg_reader_cost: 0.00292 s, avg_batch_cost: 0.61395 s, avg_samples: 85.2, ips: 138.77419 samples/s, eta: 1:31:55, max_mem_reserved: 25002 MB, max_mem_allocated: 13654 MB
[2025/11/14 16:03:57] ppocr INFO: epoch: [12/20], global_step: 13030, lr: 0.000015, acc: 0.745588, norm_edit_dis: 0.960448, CTCLoss: 1.792798, NRTRLoss: 1.329880, loss: 3.125211, avg_reader_cost: 0.00290 s, avg_batch_cost: 0.64999 s, avg_samples: 89.4, ips: 137.54162 samples/s, eta: 1:31:49, max_mem_reserved: 25002 MB, max_mem_allocated: 13654 MB
[2025/11/14 16:03:58] ppocr INFO: epoch: [12/20], global_step: 13032, lr: 0.000015, acc: 0.765165, norm_edit_dis: 0.960578, CTCLoss: 1.792798, NRTRLoss: 1.331905, loss: 3.125211, avg_reader_cost: 0.00058 s, avg_batch_cost: 0.11641 s, avg_samples: 14.9, ips: 127.99054 samples/s, eta: 1:31:48, max_mem_reserved: 25002 MB, max_mem_allocated: 13654 MB
[2025/11/14 16:04:02] ppocr INFO: save model in ./output/latest
[2025/11/14 16:04:03] ppocr INFO: save model in ./output/iter_epoch_12
[2025/11/14 16:04:09] ppocr INFO: epoch: [13/20], global_step: 13040, lr: 0.000015, acc: 0.771048, norm_edit_dis: 0.966497, CTCLoss: 1.748306, NRTRLoss: 1.332666, loss: 3.083686, avg_reader_cost: 0.63446 s, avg_batch_cost: 1.11142 s, avg_samples: 70.2, ips: 63.16267 samples/s, eta: 1:31:47, max_mem_reserved: 25002 MB, max_mem_allocated: 13654 MB
[2025/11/14 16:04:15] ppocr INFO: epoch: [13/20], global_step: 13050, lr: 0.000015, acc: 0.790625, norm_edit_dis: 0.969674, CTCLoss: 1.687653, NRTRLoss: 1.327554, loss: 3.027332, avg_reader_cost: 0.00288 s, avg_batch_cost: 0.57425 s, avg_samples: 76.7, ips: 133.56549 samples/s, eta: 1:31:40, max_mem_reserved: 25002 MB, max_mem_allocated: 13654 MB
[2025/11/14 16:04:22] ppocr INFO: epoch: [13/20], global_step: 13060, lr: 0.000015, acc: 0.737776, norm_edit_dis: 0.967533, CTCLoss: 1.843266, NRTRLoss: 1.332339, loss: 3.174556, avg_reader_cost: 0.00283 s, avg_batch_cost: 0.63552 s, avg_samples: 95.9, ips: 150.89978 samples/s, eta: 1:31:34, max_mem_reserved: 25002 MB, max_mem_allocated: 13654 MB
[2025/11/14 16:04:28] ppocr INFO: epoch: [13/20], global_step: 13070, lr: 0.000015, acc: 0.688879, norm_edit_dis: 0.945586, CTCLoss: 2.875113, NRTRLoss: 1.339545, loss: 4.230180, avg_reader_cost: 0.00332 s, avg_batch_cost: 0.61780 s, avg_samples: 96.0, ips: 155.38888 samples/s, eta: 1:31:27, max_mem_reserved: 25002 MB, max_mem_allocated: 13654 MB
[2025/11/14 16:04:34] ppocr INFO: epoch: [13/20], global_step: 13080, lr: 0.000015, acc: 0.677114, norm_edit_dis: 0.939907, CTCLoss: 2.258777, NRTRLoss: 1.344560, loss: 3.595706, avg_reader_cost: 0.00293 s, avg_batch_cost: 0.64561 s, avg_samples: 100.1, ips: 155.04621 samples/s, eta: 1:31:21, max_mem_reserved: 25002 MB, max_mem_allocated: 13654 MB
[2025/11/14 16:04:40] ppocr INFO: epoch: [13/20], global_step: 13090, lr: 0.000015, acc: 0.741176, norm_edit_dis: 0.951618, CTCLoss: 2.217976, NRTRLoss: 1.340524, loss: 3.558286, avg_reader_cost: 0.00288 s, avg_batch_cost: 0.61027 s, avg_samples: 83.1, ips: 136.16956 samples/s, eta: 1:31:15, max_mem_reserved: 25002 MB, max_mem_allocated: 13654 MB
[2025/11/14 16:04:46] ppocr INFO: epoch: [13/20], global_step: 13100, lr: 0.000015, acc: 0.757353, norm_edit_dis: 0.959569, CTCLoss: 1.900459, NRTRLoss: 1.340597, loss: 3.242211, avg_reader_cost: 0.00327 s, avg_batch_cost: 0.60438 s, avg_samples: 91.6, ips: 151.56118 samples/s, eta: 1:31:08, max_mem_reserved: 25002 MB, max_mem_allocated: 13654 MB
[2025/11/14 16:05:21] ppocr INFO: cur metric, acc: 0.8072999991927, norm_edit_dis: 0.9704846696857092, fps: 649.9603427407474
[2025/11/14 16:05:23] ppocr INFO: save best model is to ./output/best_accuracy
[2025/11/14 16:05:23] ppocr INFO: best metric, acc: 0.8072999991927, is_float16: False, norm_edit_dis: 0.9704846696857092, fps: 649.9603427407474, best_epoch: 13
[2025/11/14 16:05:30] ppocr INFO: epoch: [13/20], global_step: 13110, lr: 0.000015, acc: 0.727941, norm_edit_dis: 0.955917, CTCLoss: 2.203235, NRTRLoss: 1.346436, loss: 3.552271, avg_reader_cost: 0.00334 s, avg_batch_cost: 0.65118 s, avg_samples: 95.9, ips: 147.27075 samples/s, eta: 1:31:02, max_mem_reserved: 25002 MB, max_mem_allocated: 13654 MB
[2025/11/14 16:05:36] ppocr INFO: epoch: [13/20], global_step: 13120, lr: 0.000015, acc: 0.724081, norm_edit_dis: 0.954173, CTCLoss: 2.145531, NRTRLoss: 1.346358, loss: 3.503970, avg_reader_cost: 0.00292 s, avg_batch_cost: 0.61370 s, avg_samples: 87.3, ips: 142.25077 samples/s, eta: 1:30:55, max_mem_reserved: 25002 MB, max_mem_allocated: 13654 MB
[2025/11/14 16:05:42] ppocr INFO: epoch: [13/20], global_step: 13130, lr: 0.000015, acc: 0.731893, norm_edit_dis: 0.959585, CTCLoss: 2.145531, NRTRLoss: 1.343244, loss: 3.503970, avg_reader_cost: 0.00290 s, avg_batch_cost: 0.60268 s, avg_samples: 85.2, ips: 141.36962 samples/s, eta: 1:30:49, max_mem_reserved: 25002 MB, max_mem_allocated: 13654 MB
[2025/11/14 16:05:48] ppocr INFO: epoch: [13/20], global_step: 13140, lr: 0.000015, acc: 0.745588, norm_edit_dis: 0.963020, CTCLoss: 1.799801, NRTRLoss: 1.339712, loss: 3.135616, avg_reader_cost: 0.00290 s, avg_batch_cost: 0.59327 s, avg_samples: 80.8, ips: 136.19539 samples/s, eta: 1:30:42, max_mem_reserved: 25002 MB, max_mem_allocated: 13654 MB
[2025/11/14 16:05:54] ppocr INFO: epoch: [13/20], global_step: 13150, lr: 0.000015, acc: 0.757353, norm_edit_dis: 0.964297, CTCLoss: 1.626295, NRTRLoss: 1.333047, loss: 2.966526, avg_reader_cost: 0.00292 s, avg_batch_cost: 0.60180 s, avg_samples: 83.1, ips: 138.08644 samples/s, eta: 1:30:36, max_mem_reserved: 25002 MB, max_mem_allocated: 13654 MB
[2025/11/14 16:06:00] ppocr INFO: epoch: [13/20], global_step: 13160, lr: 0.000015, acc: 0.770588, norm_edit_dis: 0.959083, CTCLoss: 1.823535, NRTRLoss: 1.335355, loss: 3.174478, avg_reader_cost: 0.00375 s, avg_batch_cost: 0.64763 s, avg_samples: 98.0, ips: 151.32123 samples/s, eta: 1:30:29, max_mem_reserved: 25002 MB, max_mem_allocated: 13654 MB
[2025/11/14 16:06:07] ppocr INFO: epoch: [13/20], global_step: 13170, lr: 0.000015, acc: 0.735294, norm_edit_dis: 0.953628, CTCLoss: 2.157351, NRTRLoss: 1.345223, loss: 3.492121, avg_reader_cost: 0.00286 s, avg_batch_cost: 0.64047 s, avg_samples: 100.1, ips: 156.29179 samples/s, eta: 1:30:23, max_mem_reserved: 25002 MB, max_mem_allocated: 13654 MB
[2025/11/14 16:06:13] ppocr INFO: epoch: [13/20], global_step: 13180, lr: 0.000015, acc: 0.698621, norm_edit_dis: 0.951235, CTCLoss: 2.227042, NRTRLoss: 1.346407, loss: 3.583125, avg_reader_cost: 0.00291 s, avg_batch_cost: 0.63733 s, avg_samples: 89.6, ips: 140.58594 samples/s, eta: 1:30:17, max_mem_reserved: 25002 MB, max_mem_allocated: 13654 MB
[2025/11/14 16:06:19] ppocr INFO: epoch: [13/20], global_step: 13190, lr: 0.000015, acc: 0.757353, norm_edit_dis: 0.960150, CTCLoss: 2.054243, NRTRLoss: 1.336993, loss: 3.385609, avg_reader_cost: 0.00286 s, avg_batch_cost: 0.59854 s, avg_samples: 76.7, ips: 128.14578 samples/s, eta: 1:30:10, max_mem_reserved: 25002 MB, max_mem_allocated: 13654 MB
[2025/11/14 16:06:25] ppocr INFO: epoch: [13/20], global_step: 13200, lr: 0.000015, acc: 0.757353, norm_edit_dis: 0.960150, CTCLoss: 1.884907, NRTRLoss: 1.335687, loss: 3.210062, avg_reader_cost: 0.00286 s, avg_batch_cost: 0.61931 s, avg_samples: 100.2, ips: 161.79233 samples/s, eta: 1:30:04, max_mem_reserved: 25002 MB, max_mem_allocated: 13654 MB
[2025/11/14 16:07:00] ppocr INFO: cur metric, acc: 0.8010999991989001, norm_edit_dis: 0.9707961320000473, fps: 670.6423355733839
[2025/11/14 16:07:00] ppocr INFO: best metric, acc: 0.8072999991927, is_float16: False, norm_edit_dis: 0.9704846696857092, fps: 649.9603427407474, best_epoch: 13
[2025/11/14 16:07:06] ppocr INFO: epoch: [13/20], global_step: 13210, lr: 0.000015, acc: 0.726562, norm_edit_dis: 0.957743, CTCLoss: 1.824392, NRTRLoss: 1.338429, loss: 3.154535, avg_reader_cost: 0.00279 s, avg_batch_cost: 0.59781 s, avg_samples: 87.4, ips: 146.20094 samples/s, eta: 1:29:57, max_mem_reserved: 25002 MB, max_mem_allocated: 13654 MB
[2025/11/14 16:07:12] ppocr INFO: epoch: [13/20], global_step: 13220, lr: 0.000015, acc: 0.745588, norm_edit_dis: 0.961386, CTCLoss: 1.691735, NRTRLoss: 1.335521, loss: 3.010489, avg_reader_cost: 0.00284 s, avg_batch_cost: 0.62384 s, avg_samples: 91.6, ips: 146.83169 samples/s, eta: 1:29:51, max_mem_reserved: 25002 MB, max_mem_allocated: 13654 MB
[2025/11/14 16:07:18] ppocr INFO: epoch: [13/20], global_step: 13230, lr: 0.000015, acc: 0.745588, norm_edit_dis: 0.957053, CTCLoss: 1.868943, NRTRLoss: 1.349463, loss: 3.213863, avg_reader_cost: 0.00289 s, avg_batch_cost: 0.62312 s, avg_samples: 95.9, ips: 153.90351 samples/s, eta: 1:29:44, max_mem_reserved: 25002 MB, max_mem_allocated: 13654 MB
[2025/11/14 16:07:24] ppocr INFO: epoch: [13/20], global_step: 13240, lr: 0.000015, acc: 0.776470, norm_edit_dis: 0.962325, CTCLoss: 1.814063, NRTRLoss: 1.345011, loss: 3.143802, avg_reader_cost: 0.00287 s, avg_batch_cost: 0.58865 s, avg_samples: 85.2, ips: 144.73784 samples/s, eta: 1:29:38, max_mem_reserved: 25002 MB, max_mem_allocated: 13654 MB
[2025/11/14 16:07:30] ppocr INFO: epoch: [13/20], global_step: 13250, lr: 0.000015, acc: 0.759283, norm_edit_dis: 0.959617, CTCLoss: 2.169120, NRTRLoss: 1.344931, loss: 3.509255, avg_reader_cost: 0.00288 s, avg_batch_cost: 0.65101 s, avg_samples: 104.5, ips: 160.52093 samples/s, eta: 1:29:31, max_mem_reserved: 25002 MB, max_mem_allocated: 13654 MB
[2025/11/14 16:07:37] ppocr INFO: epoch: [13/20], global_step: 13260, lr: 0.000015, acc: 0.578125, norm_edit_dis: 0.931092, CTCLoss: 3.427408, NRTRLoss: 1.353878, loss: 4.772339, avg_reader_cost: 0.00288 s, avg_batch_cost: 0.64528 s, avg_samples: 102.3, ips: 158.53511 samples/s, eta: 1:29:25, max_mem_reserved: 25002 MB, max_mem_allocated: 13654 MB
[2025/11/14 16:07:43] ppocr INFO: epoch: [13/20], global_step: 13270, lr: 0.000015, acc: 0.731893, norm_edit_dis: 0.950882, CTCLoss: 2.321740, NRTRLoss: 1.356550, loss: 3.668634, avg_reader_cost: 0.00325 s, avg_batch_cost: 0.63368 s, avg_samples: 89.5, ips: 141.23779 samples/s, eta: 1:29:19, max_mem_reserved: 25002 MB, max_mem_allocated: 13654 MB
[2025/11/14 16:07:50] ppocr INFO: epoch: [13/20], global_step: 13280, lr: 0.000014, acc: 0.745588, norm_edit_dis: 0.955313, CTCLoss: 2.073587, NRTRLoss: 1.337008, loss: 3.405218, avg_reader_cost: 0.00288 s, avg_batch_cost: 0.63288 s, avg_samples: 89.4, ips: 141.25935 samples/s, eta: 1:29:12, max_mem_reserved: 25002 MB, max_mem_allocated: 13654 MB
[2025/11/14 16:07:55] ppocr INFO: epoch: [13/20], global_step: 13290, lr: 0.000014, acc: 0.745588, norm_edit_dis: 0.956364, CTCLoss: 2.047933, NRTRLoss: 1.333117, loss: 3.381526, avg_reader_cost: 0.00296 s, avg_batch_cost: 0.59424 s, avg_samples: 87.4, ips: 147.07908 samples/s, eta: 1:29:06, max_mem_reserved: 25002 MB, max_mem_allocated: 13654 MB
[2025/11/14 16:08:01] ppocr INFO: epoch: [13/20], global_step: 13300, lr: 0.000014, acc: 0.747059, norm_edit_dis: 0.956690, CTCLoss: 1.757795, NRTRLoss: 1.339361, loss: 3.104239, avg_reader_cost: 0.00288 s, avg_batch_cost: 0.58438 s, avg_samples: 87.3, ips: 149.38944 samples/s, eta: 1:28:59, max_mem_reserved: 25002 MB, max_mem_allocated: 13654 MB
[2025/11/14 16:08:35] ppocr INFO: cur metric, acc: 0.8056999991943, norm_edit_dis: 0.9715261445654159, fps: 682.8523393747004
[2025/11/14 16:08:35] ppocr INFO: best metric, acc: 0.8072999991927, is_float16: False, norm_edit_dis: 0.9704846696857092, fps: 649.9603427407474, best_epoch: 13
[2025/11/14 16:08:42] ppocr INFO: epoch: [13/20], global_step: 13310, lr: 0.000014, acc: 0.758823, norm_edit_dis: 0.960198, CTCLoss: 1.713869, NRTRLoss: 1.335970, loss: 3.045533, avg_reader_cost: 0.00292 s, avg_batch_cost: 0.63531 s, avg_samples: 91.6, ips: 144.18080 samples/s, eta: 1:28:53, max_mem_reserved: 25002 MB, max_mem_allocated: 13654 MB
[2025/11/14 16:08:48] ppocr INFO: epoch: [13/20], global_step: 13320, lr: 0.000014, acc: 0.698621, norm_edit_dis: 0.950105, CTCLoss: 2.324437, NRTRLoss: 1.338055, loss: 3.681992, avg_reader_cost: 0.00290 s, avg_batch_cost: 0.64950 s, avg_samples: 95.9, ips: 147.65231 samples/s, eta: 1:28:47, max_mem_reserved: 25002 MB, max_mem_allocated: 13654 MB
[2025/11/14 16:08:54] ppocr INFO: epoch: [13/20], global_step: 13330, lr: 0.000014, acc: 0.698621, norm_edit_dis: 0.939399, CTCLoss: 2.324437, NRTRLoss: 1.350897, loss: 3.681992, avg_reader_cost: 0.00292 s, avg_batch_cost: 0.60387 s, avg_samples: 89.5, ips: 148.21131 samples/s, eta: 1:28:40, max_mem_reserved: 25002 MB, max_mem_allocated: 13654 MB
[2025/11/14 16:09:00] ppocr INFO: epoch: [13/20], global_step: 13340, lr: 0.000014, acc: 0.698621, norm_edit_dis: 0.950261, CTCLoss: 2.197191, NRTRLoss: 1.350639, loss: 3.538122, avg_reader_cost: 0.00288 s, avg_batch_cost: 0.62578 s, avg_samples: 95.9, ips: 153.24942 samples/s, eta: 1:28:34, max_mem_reserved: 25002 MB, max_mem_allocated: 13654 MB
[2025/11/14 16:09:06] ppocr INFO: epoch: [13/20], global_step: 13350, lr: 0.000014, acc: 0.718750, norm_edit_dis: 0.962487, CTCLoss: 1.706854, NRTRLoss: 1.333194, loss: 3.037651, avg_reader_cost: 0.00290 s, avg_batch_cost: 0.57758 s, avg_samples: 74.6, ips: 129.15962 samples/s, eta: 1:28:27, max_mem_reserved: 25002 MB, max_mem_allocated: 13654 MB
[2025/11/14 16:09:13] ppocr INFO: epoch: [13/20], global_step: 13360, lr: 0.000014, acc: 0.751470, norm_edit_dis: 0.964724, CTCLoss: 1.706854, NRTRLoss: 1.334795, loss: 3.037651, avg_reader_cost: 0.00293 s, avg_batch_cost: 0.65684 s, avg_samples: 98.1, ips: 149.35052 samples/s, eta: 1:28:21, max_mem_reserved: 25002 MB, max_mem_allocated: 13654 MB
[2025/11/14 16:09:19] ppocr INFO: epoch: [13/20], global_step: 13370, lr: 0.000014, acc: 0.765165, norm_edit_dis: 0.963416, CTCLoss: 1.791426, NRTRLoss: 1.339926, loss: 3.126221, avg_reader_cost: 0.00290 s, avg_batch_cost: 0.61684 s, avg_samples: 85.2, ips: 138.12345 samples/s, eta: 1:28:14, max_mem_reserved: 25002 MB, max_mem_allocated: 13654 MB
[2025/11/14 16:09:26] ppocr INFO: epoch: [13/20], global_step: 13380, lr: 0.000014, acc: 0.758823, norm_edit_dis: 0.960455, CTCLoss: 2.213714, NRTRLoss: 1.357701, loss: 3.558468, avg_reader_cost: 0.00329 s, avg_batch_cost: 0.68814 s, avg_samples: 108.7, ips: 157.96165 samples/s, eta: 1:28:08, max_mem_reserved: 25002 MB, max_mem_allocated: 13654 MB
[2025/11/14 16:09:32] ppocr INFO: epoch: [13/20], global_step: 13390, lr: 0.000014, acc: 0.636167, norm_edit_dis: 0.940321, CTCLoss: 3.323928, NRTRLoss: 1.363266, loss: 4.695658, avg_reader_cost: 0.00296 s, avg_batch_cost: 0.64499 s, avg_samples: 100.1, ips: 155.19589 samples/s, eta: 1:28:02, max_mem_reserved: 25002 MB, max_mem_allocated: 13654 MB
[2025/11/14 16:09:39] ppocr INFO: epoch: [13/20], global_step: 13400, lr: 0.000014, acc: 0.723529, norm_edit_dis: 0.958439, CTCLoss: 2.463840, NRTRLoss: 1.353083, loss: 3.826421, avg_reader_cost: 0.00456 s, avg_batch_cost: 0.64615 s, avg_samples: 95.9, ips: 148.41824 samples/s, eta: 1:27:56, max_mem_reserved: 25002 MB, max_mem_allocated: 13654 MB
[2025/11/14 16:10:13] ppocr INFO: cur metric, acc: 0.7907999992092, norm_edit_dis: 0.9694636807969372, fps: 684.3404493490328
[2025/11/14 16:10:13] ppocr INFO: best metric, acc: 0.8072999991927, is_float16: False, norm_edit_dis: 0.9704846696857092, fps: 649.9603427407474, best_epoch: 13
[2025/11/14 16:10:19] ppocr INFO: epoch: [13/20], global_step: 13410, lr: 0.000014, acc: 0.723529, norm_edit_dis: 0.958676, CTCLoss: 1.847090, NRTRLoss: 1.338928, loss: 3.181150, avg_reader_cost: 0.00278 s, avg_batch_cost: 0.62624 s, avg_samples: 89.5, ips: 142.91693 samples/s, eta: 1:27:49, max_mem_reserved: 25002 MB, max_mem_allocated: 13654 MB
[2025/11/14 16:10:25] ppocr INFO: epoch: [13/20], global_step: 13420, lr: 0.000014, acc: 0.765165, norm_edit_dis: 0.968442, CTCLoss: 1.553459, NRTRLoss: 1.330945, loss: 2.876598, avg_reader_cost: 0.00285 s, avg_batch_cost: 0.60095 s, avg_samples: 78.8, ips: 131.12563 samples/s, eta: 1:27:43, max_mem_reserved: 25002 MB, max_mem_allocated: 13654 MB
[2025/11/14 16:10:32] ppocr INFO: epoch: [13/20], global_step: 13430, lr: 0.000014, acc: 0.765165, norm_edit_dis: 0.965512, CTCLoss: 1.588600, NRTRLoss: 1.332903, loss: 2.919022, avg_reader_cost: 0.00334 s, avg_batch_cost: 0.66230 s, avg_samples: 98.0, ips: 147.97020 samples/s, eta: 1:27:37, max_mem_reserved: 25002 MB, max_mem_allocated: 13654 MB
[2025/11/14 16:10:38] ppocr INFO: epoch: [13/20], global_step: 13440, lr: 0.000014, acc: 0.733915, norm_edit_dis: 0.953625, CTCLoss: 2.712005, NRTRLoss: 1.354915, loss: 4.075921, avg_reader_cost: 0.00292 s, avg_batch_cost: 0.63509 s, avg_samples: 98.1, ips: 154.46739 samples/s, eta: 1:27:30, max_mem_reserved: 25002 MB, max_mem_allocated: 13654 MB
[2025/11/14 16:10:45] ppocr INFO: epoch: [13/20], global_step: 13450, lr: 0.000014, acc: 0.632215, norm_edit_dis: 0.934926, CTCLoss: 2.750060, NRTRLoss: 1.356298, loss: 4.095702, avg_reader_cost: 0.00288 s, avg_batch_cost: 0.66540 s, avg_samples: 106.5, ips: 160.05463 samples/s, eta: 1:27:24, max_mem_reserved: 25002 MB, max_mem_allocated: 13654 MB
[2025/11/14 16:10:51] ppocr INFO: epoch: [13/20], global_step: 13460, lr: 0.000014, acc: 0.632215, norm_edit_dis: 0.936846, CTCLoss: 3.298771, NRTRLoss: 1.347541, loss: 4.646002, avg_reader_cost: 0.00294 s, avg_batch_cost: 0.64073 s, avg_samples: 102.3, ips: 159.66098 samples/s, eta: 1:27:18, max_mem_reserved: 25002 MB, max_mem_allocated: 13654 MB
[2025/11/14 16:10:57] ppocr INFO: epoch: [13/20], global_step: 13470, lr: 0.000014, acc: 0.702573, norm_edit_dis: 0.944956, CTCLoss: 2.586030, NRTRLoss: 1.351408, loss: 3.928053, avg_reader_cost: 0.00292 s, avg_batch_cost: 0.63623 s, avg_samples: 89.5, ips: 140.67221 samples/s, eta: 1:27:12, max_mem_reserved: 25002 MB, max_mem_allocated: 13654 MB
[2025/11/14 16:11:04] ppocr INFO: epoch: [13/20], global_step: 13480, lr: 0.000014, acc: 0.718198, norm_edit_dis: 0.946989, CTCLoss: 2.479860, NRTRLoss: 1.351263, loss: 3.808931, avg_reader_cost: 0.00290 s, avg_batch_cost: 0.63601 s, avg_samples: 93.8, ips: 147.48271 samples/s, eta: 1:27:05, max_mem_reserved: 25002 MB, max_mem_allocated: 13654 MB
[2025/11/14 16:11:10] ppocr INFO: epoch: [13/20], global_step: 13490, lr: 0.000014, acc: 0.747059, norm_edit_dis: 0.951420, CTCLoss: 3.466414, NRTRLoss: 1.351954, loss: 4.823703, avg_reader_cost: 0.00295 s, avg_batch_cost: 0.66255 s, avg_samples: 106.5, ips: 160.74362 samples/s, eta: 1:26:59, max_mem_reserved: 25002 MB, max_mem_allocated: 13654 MB
[2025/11/14 16:11:17] ppocr INFO: epoch: [13/20], global_step: 13500, lr: 0.000014, acc: 0.751470, norm_edit_dis: 0.963217, CTCLoss: 2.202014, NRTRLoss: 1.339653, loss: 3.530507, avg_reader_cost: 0.00291 s, avg_batch_cost: 0.61634 s, avg_samples: 87.4, ips: 141.80551 samples/s, eta: 1:26:53, max_mem_reserved: 25002 MB, max_mem_allocated: 13654 MB
[2025/11/14 16:11:50] ppocr INFO: cur metric, acc: 0.7997999992002001, norm_edit_dis: 0.970789685588001, fps: 682.6754890029015
[2025/11/14 16:11:50] ppocr INFO: best metric, acc: 0.8072999991927, is_float16: False, norm_edit_dis: 0.9704846696857092, fps: 649.9603427407474, best_epoch: 13
[2025/11/14 16:11:57] ppocr INFO: epoch: [13/20], global_step: 13510, lr: 0.000014, acc: 0.759283, norm_edit_dis: 0.964927, CTCLoss: 1.682136, NRTRLoss: 1.335969, loss: 3.012820, avg_reader_cost: 0.00285 s, avg_batch_cost: 0.65594 s, avg_samples: 95.9, ips: 146.20246 samples/s, eta: 1:26:46, max_mem_reserved: 25002 MB, max_mem_allocated: 13654 MB
[2025/11/14 16:12:03] ppocr INFO: epoch: [13/20], global_step: 13520, lr: 0.000014, acc: 0.751470, norm_edit_dis: 0.960838, CTCLoss: 1.795403, NRTRLoss: 1.343080, loss: 3.130662, avg_reader_cost: 0.00291 s, avg_batch_cost: 0.65541 s, avg_samples: 102.3, ips: 156.08605 samples/s, eta: 1:26:40, max_mem_reserved: 25002 MB, max_mem_allocated: 13654 MB
[2025/11/14 16:12:10] ppocr INFO: epoch: [13/20], global_step: 13530, lr: 0.000014, acc: 0.758823, norm_edit_dis: 0.962836, CTCLoss: 1.764299, NRTRLoss: 1.338201, loss: 3.089587, avg_reader_cost: 0.00361 s, avg_batch_cost: 0.62043 s, avg_samples: 85.2, ips: 137.32367 samples/s, eta: 1:26:34, max_mem_reserved: 25002 MB, max_mem_allocated: 13654 MB
[2025/11/14 16:12:16] ppocr INFO: epoch: [13/20], global_step: 13540, lr: 0.000014, acc: 0.734375, norm_edit_dis: 0.954480, CTCLoss: 1.914725, NRTRLoss: 1.341896, loss: 3.251575, avg_reader_cost: 0.00360 s, avg_batch_cost: 0.67691 s, avg_samples: 106.6, ips: 157.48019 samples/s, eta: 1:26:28, max_mem_reserved: 25002 MB, max_mem_allocated: 13654 MB
[2025/11/14 16:12:22] ppocr INFO: epoch: [13/20], global_step: 13550, lr: 0.000014, acc: 0.710937, norm_edit_dis: 0.951254, CTCLoss: 2.053514, NRTRLoss: 1.345398, loss: 3.398529, avg_reader_cost: 0.00287 s, avg_batch_cost: 0.60674 s, avg_samples: 83.1, ips: 136.96136 samples/s, eta: 1:26:21, max_mem_reserved: 25002 MB, max_mem_allocated: 13654 MB
[2025/11/14 16:12:29] ppocr INFO: epoch: [13/20], global_step: 13560, lr: 0.000014, acc: 0.726562, norm_edit_dis: 0.955398, CTCLoss: 1.979256, NRTRLoss: 1.346244, loss: 3.323181, avg_reader_cost: 0.00327 s, avg_batch_cost: 0.65743 s, avg_samples: 102.3, ips: 155.60559 samples/s, eta: 1:26:15, max_mem_reserved: 25002 MB, max_mem_allocated: 13654 MB
[2025/11/14 16:12:36] ppocr INFO: epoch: [13/20], global_step: 13570, lr: 0.000014, acc: 0.710386, norm_edit_dis: 0.953475, CTCLoss: 2.167817, NRTRLoss: 1.346244, loss: 3.522752, avg_reader_cost: 0.00299 s, avg_batch_cost: 0.65685 s, avg_samples: 95.9, ips: 145.99924 samples/s, eta: 1:26:09, max_mem_reserved: 25002 MB, max_mem_allocated: 13654 MB
[2025/11/14 16:12:42] ppocr INFO: epoch: [13/20], global_step: 13580, lr: 0.000014, acc: 0.782353, norm_edit_dis: 0.964004, CTCLoss: 1.746043, NRTRLoss: 1.332761, loss: 3.081576, avg_reader_cost: 0.00329 s, avg_batch_cost: 0.61882 s, avg_samples: 85.2, ips: 137.68111 samples/s, eta: 1:26:02, max_mem_reserved: 25002 MB, max_mem_allocated: 13654 MB
[2025/11/14 16:12:48] ppocr INFO: epoch: [13/20], global_step: 13590, lr: 0.000014, acc: 0.759283, norm_edit_dis: 0.960555, CTCLoss: 1.874432, NRTRLoss: 1.333912, loss: 3.215499, avg_reader_cost: 0.00324 s, avg_batch_cost: 0.63086 s, avg_samples: 89.5, ips: 141.86938 samples/s, eta: 1:25:56, max_mem_reserved: 25002 MB, max_mem_allocated: 13654 MB
[2025/11/14 16:12:54] ppocr INFO: epoch: [13/20], global_step: 13600, lr: 0.000014, acc: 0.717647, norm_edit_dis: 0.954459, CTCLoss: 2.420750, NRTRLoss: 1.334605, loss: 3.754972, avg_reader_cost: 0.00296 s, avg_batch_cost: 0.63246 s, avg_samples: 80.9, ips: 127.91329 samples/s, eta: 1:25:50, max_mem_reserved: 25002 MB, max_mem_allocated: 13654 MB
[2025/11/14 16:13:28] ppocr INFO: cur metric, acc: 0.8066999991933, norm_edit_dis: 0.9716954645269618, fps: 693.635317019631
[2025/11/14 16:13:28] ppocr INFO: best metric, acc: 0.8072999991927, is_float16: False, norm_edit_dis: 0.9704846696857092, fps: 649.9603427407474, best_epoch: 13
[2025/11/14 16:13:35] ppocr INFO: epoch: [13/20], global_step: 13610, lr: 0.000014, acc: 0.704504, norm_edit_dis: 0.953613, CTCLoss: 2.764536, NRTRLoss: 1.336024, loss: 4.100560, avg_reader_cost: 0.00286 s, avg_batch_cost: 0.63782 s, avg_samples: 104.5, ips: 163.83943 samples/s, eta: 1:25:43, max_mem_reserved: 25002 MB, max_mem_allocated: 13654 MB
[2025/11/14 16:13:41] ppocr INFO: epoch: [13/20], global_step: 13620, lr: 0.000014, acc: 0.554687, norm_edit_dis: 0.925130, CTCLoss: 3.516394, NRTRLoss: 1.356375, loss: 4.885792, avg_reader_cost: 0.00295 s, avg_batch_cost: 0.65907 s, avg_samples: 102.3, ips: 155.21895 samples/s, eta: 1:25:37, max_mem_reserved: 25002 MB, max_mem_allocated: 13654 MB
[2025/11/14 16:13:48] ppocr INFO: epoch: [13/20], global_step: 13630, lr: 0.000014, acc: 0.676471, norm_edit_dis: 0.950550, CTCLoss: 2.101774, NRTRLoss: 1.349007, loss: 3.442095, avg_reader_cost: 0.00344 s, avg_batch_cost: 0.64693 s, avg_samples: 91.6, ips: 141.59243 samples/s, eta: 1:25:31, max_mem_reserved: 25002 MB, max_mem_allocated: 13654 MB
[2025/11/14 16:13:54] ppocr INFO: epoch: [13/20], global_step: 13640, lr: 0.000014, acc: 0.742187, norm_edit_dis: 0.962444, CTCLoss: 1.877250, NRTRLoss: 1.346129, loss: 3.214099, avg_reader_cost: 0.00297 s, avg_batch_cost: 0.59500 s, avg_samples: 87.3, ips: 146.72159 samples/s, eta: 1:25:24, max_mem_reserved: 25002 MB, max_mem_allocated: 13654 MB
[2025/11/14 16:14:01] ppocr INFO: epoch: [13/20], global_step: 13650, lr: 0.000014, acc: 0.742187, norm_edit_dis: 0.956747, CTCLoss: 2.040942, NRTRLoss: 1.351255, loss: 3.384594, avg_reader_cost: 0.00295 s, avg_batch_cost: 0.68926 s, avg_samples: 106.6, ips: 154.65889 samples/s, eta: 1:25:18, max_mem_reserved: 25002 MB, max_mem_allocated: 13654 MB
[2025/11/14 16:14:07] ppocr INFO: epoch: [13/20], global_step: 13660, lr: 0.000014, acc: 0.739706, norm_edit_dis: 0.961676, CTCLoss: 1.892758, NRTRLoss: 1.339911, loss: 3.226126, avg_reader_cost: 0.00294 s, avg_batch_cost: 0.61885 s, avg_samples: 87.3, ips: 141.06795 samples/s, eta: 1:25:12, max_mem_reserved: 25002 MB, max_mem_allocated: 13654 MB
[2025/11/14 16:14:13] ppocr INFO: epoch: [13/20], global_step: 13670, lr: 0.000014, acc: 0.765625, norm_edit_dis: 0.965433, CTCLoss: 1.567973, NRTRLoss: 1.334960, loss: 2.907284, avg_reader_cost: 0.00296 s, avg_batch_cost: 0.62557 s, avg_samples: 83.1, ips: 132.83863 samples/s, eta: 1:25:05, max_mem_reserved: 25002 MB, max_mem_allocated: 13654 MB
[2025/11/14 16:14:20] ppocr INFO: epoch: [13/20], global_step: 13680, lr: 0.000014, acc: 0.765625, norm_edit_dis: 0.965248, CTCLoss: 1.625707, NRTRLoss: 1.335912, loss: 2.973201, avg_reader_cost: 0.00294 s, avg_batch_cost: 0.65301 s, avg_samples: 89.5, ips: 137.05671 samples/s, eta: 1:24:59, max_mem_reserved: 25002 MB, max_mem_allocated: 13654 MB
[2025/11/14 16:14:26] ppocr INFO: epoch: [13/20], global_step: 13690, lr: 0.000014, acc: 0.737776, norm_edit_dis: 0.960777, CTCLoss: 1.843555, NRTRLoss: 1.336762, loss: 3.185256, avg_reader_cost: 0.00293 s, avg_batch_cost: 0.60821 s, avg_samples: 83.0, ips: 136.46581 samples/s, eta: 1:24:53, max_mem_reserved: 25002 MB, max_mem_allocated: 13654 MB
[2025/11/14 16:14:32] ppocr INFO: epoch: [13/20], global_step: 13700, lr: 0.000014, acc: 0.734375, norm_edit_dis: 0.962161, CTCLoss: 1.812880, NRTRLoss: 1.332147, loss: 3.155360, avg_reader_cost: 0.00292 s, avg_batch_cost: 0.59937 s, avg_samples: 81.0, ips: 135.14243 samples/s, eta: 1:24:46, max_mem_reserved: 25002 MB, max_mem_allocated: 13654 MB
[2025/11/14 16:15:06] ppocr INFO: cur metric, acc: 0.8035999991964, norm_edit_dis: 0.970717285215506, fps: 693.1175114568449
[2025/11/14 16:15:06] ppocr INFO: best metric, acc: 0.8072999991927, is_float16: False, norm_edit_dis: 0.9704846696857092, fps: 649.9603427407474, best_epoch: 13
[2025/11/14 16:15:12] ppocr INFO: epoch: [13/20], global_step: 13710, lr: 0.000014, acc: 0.731893, norm_edit_dis: 0.962161, CTCLoss: 1.816502, NRTRLoss: 1.332346, loss: 3.155360, avg_reader_cost: 0.00293 s, avg_batch_cost: 0.60314 s, avg_samples: 81.0, ips: 134.29733 samples/s, eta: 1:24:40, max_mem_reserved: 25002 MB, max_mem_allocated: 13654 MB
[2025/11/14 16:15:18] ppocr INFO: epoch: [13/20], global_step: 13720, lr: 0.000014, acc: 0.717647, norm_edit_dis: 0.957560, CTCLoss: 1.985892, NRTRLoss: 1.335986, loss: 3.316984, avg_reader_cost: 0.00325 s, avg_batch_cost: 0.61172 s, avg_samples: 89.5, ips: 146.30761 samples/s, eta: 1:24:33, max_mem_reserved: 25002 MB, max_mem_allocated: 13654 MB
[2025/11/14 16:15:24] ppocr INFO: epoch: [13/20], global_step: 13730, lr: 0.000014, acc: 0.726011, norm_edit_dis: 0.956321, CTCLoss: 1.906950, NRTRLoss: 1.342485, loss: 3.249477, avg_reader_cost: 0.00358 s, avg_batch_cost: 0.63858 s, avg_samples: 91.6, ips: 143.44385 samples/s, eta: 1:24:27, max_mem_reserved: 25002 MB, max_mem_allocated: 13654 MB
[2025/11/14 16:15:30] ppocr INFO: epoch: [13/20], global_step: 13740, lr: 0.000013, acc: 0.723529, norm_edit_dis: 0.960618, CTCLoss: 1.867234, NRTRLoss: 1.337023, loss: 3.205988, avg_reader_cost: 0.00293 s, avg_batch_cost: 0.63091 s, avg_samples: 89.5, ips: 141.85876 samples/s, eta: 1:24:20, max_mem_reserved: 25002 MB, max_mem_allocated: 13654 MB
[2025/11/14 16:15:37] ppocr INFO: epoch: [13/20], global_step: 13750, lr: 0.000013, acc: 0.729412, norm_edit_dis: 0.960618, CTCLoss: 1.842948, NRTRLoss: 1.338395, loss: 3.177272, avg_reader_cost: 0.00288 s, avg_batch_cost: 0.64245 s, avg_samples: 91.6, ips: 142.57834 samples/s, eta: 1:24:14, max_mem_reserved: 25002 MB, max_mem_allocated: 13654 MB
[2025/11/14 16:15:43] ppocr INFO: epoch: [13/20], global_step: 13760, lr: 0.000013, acc: 0.742187, norm_edit_dis: 0.960099, CTCLoss: 1.874722, NRTRLoss: 1.341236, loss: 3.215453, avg_reader_cost: 0.00291 s, avg_batch_cost: 0.62507 s, avg_samples: 87.4, ips: 139.82503 samples/s, eta: 1:24:08, max_mem_reserved: 25002 MB, max_mem_allocated: 13654 MB
[2025/11/14 16:15:50] ppocr INFO: epoch: [13/20], global_step: 13770, lr: 0.000013, acc: 0.743658, norm_edit_dis: 0.962584, CTCLoss: 1.848594, NRTRLoss: 1.337104, loss: 3.179326, avg_reader_cost: 0.00291 s, avg_batch_cost: 0.64381 s, avg_samples: 98.0, ips: 152.21946 samples/s, eta: 1:24:01, max_mem_reserved: 25002 MB, max_mem_allocated: 13654 MB
[2025/11/14 16:15:56] ppocr INFO: epoch: [13/20], global_step: 13780, lr: 0.000013, acc: 0.751470, norm_edit_dis: 0.962747, CTCLoss: 1.994408, NRTRLoss: 1.340722, loss: 3.330936, avg_reader_cost: 0.00361 s, avg_batch_cost: 0.63120 s, avg_samples: 85.2, ips: 134.98103 samples/s, eta: 1:23:55, max_mem_reserved: 25002 MB, max_mem_allocated: 13654 MB
[2025/11/14 16:16:02] ppocr INFO: epoch: [13/20], global_step: 13790, lr: 0.000013, acc: 0.751470, norm_edit_dis: 0.964117, CTCLoss: 1.890178, NRTRLoss: 1.340722, loss: 3.225119, avg_reader_cost: 0.00292 s, avg_batch_cost: 0.62996 s, avg_samples: 87.3, ips: 138.57930 samples/s, eta: 1:23:49, max_mem_reserved: 25002 MB, max_mem_allocated: 13654 MB
[2025/11/14 16:16:09] ppocr INFO: epoch: [13/20], global_step: 13800, lr: 0.000013, acc: 0.685018, norm_edit_dis: 0.959929, CTCLoss: 1.934746, NRTRLoss: 1.340413, loss: 3.259518, avg_reader_cost: 0.00292 s, avg_batch_cost: 0.67153 s, avg_samples: 115.1, ips: 171.39928 samples/s, eta: 1:23:43, max_mem_reserved: 25002 MB, max_mem_allocated: 13654 MB
[2025/11/14 16:16:43] ppocr INFO: cur metric, acc: 0.7677999992322, norm_edit_dis: 0.9678892505057333, fps: 676.0549940708439
[2025/11/14 16:16:43] ppocr INFO: best metric, acc: 0.8072999991927, is_float16: False, norm_edit_dis: 0.9704846696857092, fps: 649.9603427407474, best_epoch: 13
[2025/11/14 16:16:49] ppocr INFO: epoch: [13/20], global_step: 13810, lr: 0.000013, acc: 0.618520, norm_edit_dis: 0.938228, CTCLoss: 3.715493, NRTRLoss: 1.342746, loss: 5.063034, avg_reader_cost: 0.00285 s, avg_batch_cost: 0.65235 s, avg_samples: 91.6, ips: 140.41521 samples/s, eta: 1:23:36, max_mem_reserved: 25002 MB, max_mem_allocated: 13654 MB
[2025/11/14 16:16:56] ppocr INFO: epoch: [13/20], global_step: 13820, lr: 0.000013, acc: 0.739706, norm_edit_dis: 0.964008, CTCLoss: 1.871870, NRTRLoss: 1.333413, loss: 3.204072, avg_reader_cost: 0.00301 s, avg_batch_cost: 0.65496 s, avg_samples: 91.6, ips: 139.85544 samples/s, eta: 1:23:30, max_mem_reserved: 25002 MB, max_mem_allocated: 13654 MB
[2025/11/14 16:17:02] ppocr INFO: epoch: [13/20], global_step: 13830, lr: 0.000013, acc: 0.751470, norm_edit_dis: 0.966993, CTCLoss: 1.735651, NRTRLoss: 1.336301, loss: 3.075644, avg_reader_cost: 0.00303 s, avg_batch_cost: 0.63909 s, avg_samples: 100.1, ips: 156.62915 samples/s, eta: 1:23:24, max_mem_reserved: 25002 MB, max_mem_allocated: 13654 MB
[2025/11/14 16:17:08] ppocr INFO: epoch: [13/20], global_step: 13840, lr: 0.000013, acc: 0.758823, norm_edit_dis: 0.955761, CTCLoss: 1.883472, NRTRLoss: 1.339320, loss: 3.212471, avg_reader_cost: 0.00288 s, avg_batch_cost: 0.63613 s, avg_samples: 95.9, ips: 150.75521 samples/s, eta: 1:23:18, max_mem_reserved: 25002 MB, max_mem_allocated: 13654 MB
[2025/11/14 16:17:14] ppocr INFO: epoch: [13/20], global_step: 13850, lr: 0.000013, acc: 0.764706, norm_edit_dis: 0.964679, CTCLoss: 1.730038, NRTRLoss: 1.336643, loss: 3.061571, avg_reader_cost: 0.00303 s, avg_batch_cost: 0.58937 s, avg_samples: 80.8, ips: 137.09475 samples/s, eta: 1:23:11, max_mem_reserved: 25002 MB, max_mem_allocated: 13654 MB
[2025/11/14 16:17:21] ppocr INFO: epoch: [13/20], global_step: 13860, lr: 0.000013, acc: 0.764706, norm_edit_dis: 0.964679, CTCLoss: 1.652399, NRTRLoss: 1.337723, loss: 2.977408, avg_reader_cost: 0.00301 s, avg_batch_cost: 0.65191 s, avg_samples: 95.9, ips: 147.10707 samples/s, eta: 1:23:05, max_mem_reserved: 25002 MB, max_mem_allocated: 13654 MB
[2025/11/14 16:17:27] ppocr INFO: epoch: [13/20], global_step: 13870, lr: 0.000013, acc: 0.729963, norm_edit_dis: 0.959801, CTCLoss: 1.871484, NRTRLoss: 1.339836, loss: 3.209062, avg_reader_cost: 0.00284 s, avg_batch_cost: 0.62035 s, avg_samples: 87.4, ips: 140.88760 samples/s, eta: 1:22:58, max_mem_reserved: 25002 MB, max_mem_allocated: 13654 MB
[2025/11/14 16:17:33] ppocr INFO: epoch: [13/20], global_step: 13880, lr: 0.000013, acc: 0.718198, norm_edit_dis: 0.955914, CTCLoss: 1.959628, NRTRLoss: 1.344254, loss: 3.309188, avg_reader_cost: 0.00302 s, avg_batch_cost: 0.65072 s, avg_samples: 95.9, ips: 147.37499 samples/s, eta: 1:22:52, max_mem_reserved: 25002 MB, max_mem_allocated: 13654 MB
[2025/11/14 16:17:40] ppocr INFO: epoch: [13/20], global_step: 13890, lr: 0.000013, acc: 0.616590, norm_edit_dis: 0.938845, CTCLoss: 2.872447, NRTRLoss: 1.355256, loss: 4.223527, avg_reader_cost: 0.00337 s, avg_batch_cost: 0.64985 s, avg_samples: 104.5, ips: 160.80707 samples/s, eta: 1:22:46, max_mem_reserved: 25002 MB, max_mem_allocated: 13654 MB
[2025/11/14 16:17:46] ppocr INFO: epoch: [13/20], global_step: 13900, lr: 0.000013, acc: 0.742187, norm_edit_dis: 0.962242, CTCLoss: 1.759784, NRTRLoss: 1.338570, loss: 3.093733, avg_reader_cost: 0.00334 s, avg_batch_cost: 0.61741 s, avg_samples: 83.0, ips: 134.43232 samples/s, eta: 1:22:39, max_mem_reserved: 25002 MB, max_mem_allocated: 13654 MB
[2025/11/14 16:18:19] ppocr INFO: cur metric, acc: 0.8068999991931001, norm_edit_dis: 0.9718651138584838, fps: 719.891563422321
[2025/11/14 16:18:19] ppocr INFO: best metric, acc: 0.8072999991927, is_float16: False, norm_edit_dis: 0.9704846696857092, fps: 649.9603427407474, best_epoch: 13
[2025/11/14 16:18:26] ppocr INFO: epoch: [13/20], global_step: 13910, lr: 0.000013, acc: 0.752941, norm_edit_dis: 0.964182, CTCLoss: 1.666888, NRTRLoss: 1.334290, loss: 2.997154, avg_reader_cost: 0.00282 s, avg_batch_cost: 0.65394 s, avg_samples: 89.5, ips: 136.86278 samples/s, eta: 1:22:33, max_mem_reserved: 25002 MB, max_mem_allocated: 13654 MB
[2025/11/14 16:18:32] ppocr INFO: epoch: [13/20], global_step: 13920, lr: 0.000013, acc: 0.739706, norm_edit_dis: 0.964150, CTCLoss: 2.045988, NRTRLoss: 1.338839, loss: 3.395400, avg_reader_cost: 0.00295 s, avg_batch_cost: 0.65266 s, avg_samples: 95.8, ips: 146.78459 samples/s, eta: 1:22:27, max_mem_reserved: 25002 MB, max_mem_allocated: 13654 MB
[2025/11/14 16:18:38] ppocr INFO: epoch: [13/20], global_step: 13930, lr: 0.000013, acc: 0.717647, norm_edit_dis: 0.960642, CTCLoss: 2.588343, NRTRLoss: 1.343296, loss: 3.924465, avg_reader_cost: 0.00339 s, avg_batch_cost: 0.62251 s, avg_samples: 98.0, ips: 157.42796 samples/s, eta: 1:22:20, max_mem_reserved: 25002 MB, max_mem_allocated: 13654 MB
[2025/11/14 16:18:45] ppocr INFO: epoch: [13/20], global_step: 13940, lr: 0.000013, acc: 0.727941, norm_edit_dis: 0.955802, CTCLoss: 1.941604, NRTRLoss: 1.340439, loss: 3.274579, avg_reader_cost: 0.00337 s, avg_batch_cost: 0.64860 s, avg_samples: 96.0, ips: 148.01221 samples/s, eta: 1:22:14, max_mem_reserved: 25002 MB, max_mem_allocated: 13654 MB
[2025/11/14 16:18:51] ppocr INFO: epoch: [13/20], global_step: 13950, lr: 0.000013, acc: 0.745588, norm_edit_dis: 0.959498, CTCLoss: 2.021919, NRTRLoss: 1.337606, loss: 3.356720, avg_reader_cost: 0.00291 s, avg_batch_cost: 0.63855 s, avg_samples: 89.5, ips: 140.16028 samples/s, eta: 1:22:08, max_mem_reserved: 25002 MB, max_mem_allocated: 13654 MB
[2025/11/14 16:18:58] ppocr INFO: epoch: [13/20], global_step: 13960, lr: 0.000013, acc: 0.745588, norm_edit_dis: 0.959828, CTCLoss: 2.105950, NRTRLoss: 1.342383, loss: 3.444518, avg_reader_cost: 0.00292 s, avg_batch_cost: 0.65514 s, avg_samples: 100.2, ips: 152.94495 samples/s, eta: 1:22:02, max_mem_reserved: 25002 MB, max_mem_allocated: 13654 MB
[2025/11/14 16:19:04] ppocr INFO: epoch: [13/20], global_step: 13970, lr: 0.000013, acc: 0.742187, norm_edit_dis: 0.959620, CTCLoss: 1.986346, NRTRLoss: 1.342513, loss: 3.326023, avg_reader_cost: 0.00281 s, avg_batch_cost: 0.64646 s, avg_samples: 95.9, ips: 148.34529 samples/s, eta: 1:21:55, max_mem_reserved: 25002 MB, max_mem_allocated: 13654 MB
[2025/11/14 16:19:11] ppocr INFO: epoch: [13/20], global_step: 13980, lr: 0.000013, acc: 0.752941, norm_edit_dis: 0.959620, CTCLoss: 1.769724, NRTRLoss: 1.340281, loss: 3.111129, avg_reader_cost: 0.00289 s, avg_batch_cost: 0.63205 s, avg_samples: 91.6, ips: 144.92410 samples/s, eta: 1:21:49, max_mem_reserved: 25002 MB, max_mem_allocated: 13654 MB
[2025/11/14 16:19:17] ppocr INFO: epoch: [13/20], global_step: 13990, lr: 0.000013, acc: 0.752941, norm_edit_dis: 0.966274, CTCLoss: 1.644932, NRTRLoss: 1.333165, loss: 2.965935, avg_reader_cost: 0.00285 s, avg_batch_cost: 0.60710 s, avg_samples: 85.2, ips: 140.33908 samples/s, eta: 1:21:42, max_mem_reserved: 25002 MB, max_mem_allocated: 13654 MB
[2025/11/14 16:19:23] ppocr INFO: epoch: [13/20], global_step: 14000, lr: 0.000013, acc: 0.673162, norm_edit_dis: 0.954855, CTCLoss: 2.279857, NRTRLoss: 1.338717, loss: 3.618201, avg_reader_cost: 0.00287 s, avg_batch_cost: 0.67336 s, avg_samples: 108.8, ips: 161.57697 samples/s, eta: 1:21:36, max_mem_reserved: 25002 MB, max_mem_allocated: 13654 MB
[2025/11/14 16:19:57] ppocr INFO: cur metric, acc: 0.7970999992029, norm_edit_dis: 0.9704750348568171, fps: 684.0205910174938
[2025/11/14 16:19:57] ppocr INFO: best metric, acc: 0.8072999991927, is_float16: False, norm_edit_dis: 0.9704846696857092, fps: 649.9603427407474, best_epoch: 13
[2025/11/14 16:20:03] ppocr INFO: epoch: [13/20], global_step: 14010, lr: 0.000013, acc: 0.625000, norm_edit_dis: 0.930480, CTCLoss: 3.726736, NRTRLoss: 1.352208, loss: 5.089183, avg_reader_cost: 0.00284 s, avg_batch_cost: 0.62792 s, avg_samples: 89.5, ips: 142.53405 samples/s, eta: 1:21:30, max_mem_reserved: 25002 MB, max_mem_allocated: 13654 MB
[2025/11/14 16:20:10] ppocr INFO: epoch: [13/20], global_step: 14020, lr: 0.000013, acc: 0.751470, norm_edit_dis: 0.958912, CTCLoss: 1.812585, NRTRLoss: 1.339922, loss: 3.155580, avg_reader_cost: 0.00332 s, avg_batch_cost: 0.62571 s, avg_samples: 89.5, ips: 143.03780 samples/s, eta: 1:21:24, max_mem_reserved: 25002 MB, max_mem_allocated: 13654 MB
[2025/11/14 16:20:16] ppocr INFO: epoch: [13/20], global_step: 14030, lr: 0.000013, acc: 0.742187, norm_edit_dis: 0.960346, CTCLoss: 1.794138, NRTRLoss: 1.339106, loss: 3.122182, avg_reader_cost: 0.00297 s, avg_batch_cost: 0.64276 s, avg_samples: 87.4, ips: 135.97600 samples/s, eta: 1:21:17, max_mem_reserved: 25002 MB, max_mem_allocated: 13654 MB
[2025/11/14 16:20:22] ppocr INFO: epoch: [13/20], global_step: 14040, lr: 0.000013, acc: 0.698621, norm_edit_dis: 0.948745, CTCLoss: 2.454584, NRTRLoss: 1.344399, loss: 3.793061, avg_reader_cost: 0.00292 s, avg_batch_cost: 0.63140 s, avg_samples: 91.7, ips: 145.23205 samples/s, eta: 1:21:11, max_mem_reserved: 25002 MB, max_mem_allocated: 13654 MB
[2025/11/14 16:20:28] ppocr INFO: epoch: [13/20], global_step: 14050, lr: 0.000013, acc: 0.737776, norm_edit_dis: 0.953715, CTCLoss: 2.734403, NRTRLoss: 1.346694, loss: 4.078625, avg_reader_cost: 0.00297 s, avg_batch_cost: 0.58927 s, avg_samples: 85.2, ips: 144.58670 samples/s, eta: 1:21:04, max_mem_reserved: 25002 MB, max_mem_allocated: 13654 MB
[2025/11/14 16:20:34] ppocr INFO: epoch: [13/20], global_step: 14060, lr: 0.000013, acc: 0.737776, norm_edit_dis: 0.959029, CTCLoss: 1.806908, NRTRLoss: 1.344487, loss: 3.158295, avg_reader_cost: 0.00294 s, avg_batch_cost: 0.57979 s, avg_samples: 72.5, ips: 125.04489 samples/s, eta: 1:20:58, max_mem_reserved: 25002 MB, max_mem_allocated: 13654 MB
[2025/11/14 16:20:41] ppocr INFO: epoch: [13/20], global_step: 14070, lr: 0.000013, acc: 0.718750, norm_edit_dis: 0.954330, CTCLoss: 2.359564, NRTRLoss: 1.348606, loss: 3.708320, avg_reader_cost: 0.00295 s, avg_batch_cost: 0.65574 s, avg_samples: 100.2, ips: 152.80375 samples/s, eta: 1:20:51, max_mem_reserved: 25002 MB, max_mem_allocated: 13654 MB
[2025/11/14 16:20:47] ppocr INFO: epoch: [13/20], global_step: 14080, lr: 0.000013, acc: 0.737776, norm_edit_dis: 0.958727, CTCLoss: 2.011673, NRTRLoss: 1.340052, loss: 3.353011, avg_reader_cost: 0.00291 s, avg_batch_cost: 0.60032 s, avg_samples: 83.0, ips: 138.25937 samples/s, eta: 1:20:45, max_mem_reserved: 25002 MB, max_mem_allocated: 13654 MB
[2025/11/14 16:20:53] ppocr INFO: epoch: [13/20], global_step: 14090, lr: 0.000013, acc: 0.741176, norm_edit_dis: 0.959460, CTCLoss: 1.933463, NRTRLoss: 1.340607, loss: 3.283880, avg_reader_cost: 0.00293 s, avg_batch_cost: 0.63211 s, avg_samples: 106.6, ips: 168.64202 samples/s, eta: 1:20:39, max_mem_reserved: 25002 MB, max_mem_allocated: 13654 MB
[2025/11/14 16:20:59] ppocr INFO: epoch: [13/20], global_step: 14100, lr: 0.000013, acc: 0.618520, norm_edit_dis: 0.939451, CTCLoss: 2.779531, NRTRLoss: 1.351637, loss: 4.138132, avg_reader_cost: 0.00331 s, avg_batch_cost: 0.62742 s, avg_samples: 100.1, ips: 159.54336 samples/s, eta: 1:20:32, max_mem_reserved: 25002 MB, max_mem_allocated: 13654 MB
[2025/11/14 16:21:32] ppocr INFO: cur metric, acc: 0.7937999992062, norm_edit_dis: 0.9697094872916465, fps: 702.738544851575
[2025/11/14 16:21:32] ppocr INFO: best metric, acc: 0.8072999991927, is_float16: False, norm_edit_dis: 0.9704846696857092, fps: 649.9603427407474, best_epoch: 13
[2025/11/14 16:21:39] ppocr INFO: epoch: [13/20], global_step: 14110, lr: 0.000013, acc: 0.717647, norm_edit_dis: 0.960158, CTCLoss: 2.177040, NRTRLoss: 1.343193, loss: 3.529228, avg_reader_cost: 0.00287 s, avg_batch_cost: 0.62968 s, avg_samples: 93.7, ips: 148.80687 samples/s, eta: 1:20:26, max_mem_reserved: 25002 MB, max_mem_allocated: 13654 MB
[2025/11/14 16:21:44] ppocr INFO: epoch: [13/20], global_step: 14118, lr: 0.000013, acc: 0.717647, norm_edit_dis: 0.959271, CTCLoss: 2.383894, NRTRLoss: 1.340145, loss: 3.717494, avg_reader_cost: 0.00230 s, avg_batch_cost: 0.52038 s, avg_samples: 74.6, ips: 143.35795 samples/s, eta: 1:20:21, max_mem_reserved: 25002 MB, max_mem_allocated: 13654 MB
[2025/11/14 16:21:48] ppocr INFO: save model in ./output/latest
[2025/11/14 16:21:49] ppocr INFO: save model in ./output/iter_epoch_13
[2025/11/14 16:21:51] ppocr INFO: epoch: [14/20], global_step: 14120, lr: 0.000013, acc: 0.726011, norm_edit_dis: 0.960309, CTCLoss: 2.305289, NRTRLoss: 1.338152, loss: 3.644836, avg_reader_cost: 0.60391 s, avg_batch_cost: 0.71726 s, avg_samples: 14.9, ips: 20.77363 samples/s, eta: 1:20:23, max_mem_reserved: 25002 MB, max_mem_allocated: 13654 MB
[2025/11/14 16:21:57] ppocr INFO: epoch: [14/20], global_step: 14130, lr: 0.000013, acc: 0.726562, norm_edit_dis: 0.960542, CTCLoss: 1.791780, NRTRLoss: 1.336192, loss: 3.130141, avg_reader_cost: 0.00291 s, avg_batch_cost: 0.62663 s, avg_samples: 83.1, ips: 132.61394 samples/s, eta: 1:20:16, max_mem_reserved: 25002 MB, max_mem_allocated: 13654 MB
[2025/11/14 16:22:04] ppocr INFO: epoch: [14/20], global_step: 14140, lr: 0.000013, acc: 0.718198, norm_edit_dis: 0.956707, CTCLoss: 2.129125, NRTRLoss: 1.342127, loss: 3.458534, avg_reader_cost: 0.00292 s, avg_batch_cost: 0.65295 s, avg_samples: 104.4, ips: 159.88887 samples/s, eta: 1:20:10, max_mem_reserved: 25002 MB, max_mem_allocated: 13654 MB
[2025/11/14 16:22:11] ppocr INFO: epoch: [14/20], global_step: 14150, lr: 0.000013, acc: 0.705882, norm_edit_dis: 0.952075, CTCLoss: 2.140956, NRTRLoss: 1.345810, loss: 3.469358, avg_reader_cost: 0.00293 s, avg_batch_cost: 0.66668 s, avg_samples: 98.0, ips: 146.99614 samples/s, eta: 1:20:04, max_mem_reserved: 25002 MB, max_mem_allocated: 13654 MB
[2025/11/14 16:22:17] ppocr INFO: epoch: [14/20], global_step: 14160, lr: 0.000013, acc: 0.735294, norm_edit_dis: 0.962768, CTCLoss: 1.640869, NRTRLoss: 1.337496, loss: 2.979006, avg_reader_cost: 0.00293 s, avg_batch_cost: 0.60927 s, avg_samples: 89.5, ips: 146.89701 samples/s, eta: 1:19:57, max_mem_reserved: 25002 MB, max_mem_allocated: 13654 MB
[2025/11/14 16:22:23] ppocr INFO: epoch: [14/20], global_step: 14170, lr: 0.000013, acc: 0.758823, norm_edit_dis: 0.962329, CTCLoss: 1.745051, NRTRLoss: 1.332941, loss: 3.077993, avg_reader_cost: 0.00294 s, avg_batch_cost: 0.65926 s, avg_samples: 93.8, ips: 142.28128 samples/s, eta: 1:19:51, max_mem_reserved: 25002 MB, max_mem_allocated: 13654 MB
[2025/11/14 16:22:30] ppocr INFO: epoch: [14/20], global_step: 14180, lr: 0.000013, acc: 0.727941, norm_edit_dis: 0.962329, CTCLoss: 2.599737, NRTRLoss: 1.336619, loss: 3.954935, avg_reader_cost: 0.00328 s, avg_batch_cost: 0.64498 s, avg_samples: 98.1, ips: 152.09801 samples/s, eta: 1:19:45, max_mem_reserved: 25002 MB, max_mem_allocated: 13654 MB
[2025/11/14 16:22:36] ppocr INFO: epoch: [14/20], global_step: 14190, lr: 0.000013, acc: 0.729963, norm_edit_dis: 0.962564, CTCLoss: 1.916138, NRTRLoss: 1.342380, loss: 3.261459, avg_reader_cost: 0.00298 s, avg_batch_cost: 0.61626 s, avg_samples: 87.3, ips: 141.66011 samples/s, eta: 1:19:39, max_mem_reserved: 25002 MB, max_mem_allocated: 13654 MB
[2025/11/14 16:22:42] ppocr INFO: epoch: [14/20], global_step: 14200, lr: 0.000013, acc: 0.735294, norm_edit_dis: 0.958191, CTCLoss: 2.165045, NRTRLoss: 1.339974, loss: 3.513966, avg_reader_cost: 0.00329 s, avg_batch_cost: 0.64712 s, avg_samples: 100.1, ips: 154.68595 samples/s, eta: 1:19:32, max_mem_reserved: 25002 MB, max_mem_allocated: 13654 MB
[2025/11/14 16:23:16] ppocr INFO: cur metric, acc: 0.8046999991953, norm_edit_dis: 0.9716248806633493, fps: 702.2802545780658
[2025/11/14 16:23:16] ppocr INFO: best metric, acc: 0.8072999991927, is_float16: False, norm_edit_dis: 0.9704846696857092, fps: 649.9603427407474, best_epoch: 13
[2025/11/14 16:23:22] ppocr INFO: epoch: [14/20], global_step: 14210, lr: 0.000012, acc: 0.718198, norm_edit_dis: 0.952642, CTCLoss: 2.219423, NRTRLoss: 1.343006, loss: 3.556526, avg_reader_cost: 0.00329 s, avg_batch_cost: 0.63641 s, avg_samples: 93.7, ips: 147.23136 samples/s, eta: 1:19:26, max_mem_reserved: 25002 MB, max_mem_allocated: 13654 MB
[2025/11/14 16:23:29] ppocr INFO: epoch: [14/20], global_step: 14220, lr: 0.000012, acc: 0.706434, norm_edit_dis: 0.956127, CTCLoss: 2.412334, NRTRLoss: 1.343354, loss: 3.745481, avg_reader_cost: 0.00287 s, avg_batch_cost: 0.65416 s, avg_samples: 102.3, ips: 156.38422 samples/s, eta: 1:19:20, max_mem_reserved: 25002 MB, max_mem_allocated: 13654 MB
[2025/11/14 16:23:35] ppocr INFO: epoch: [14/20], global_step: 14230, lr: 0.000012, acc: 0.758823, norm_edit_dis: 0.959571, CTCLoss: 2.134876, NRTRLoss: 1.343385, loss: 3.470642, avg_reader_cost: 0.00296 s, avg_batch_cost: 0.64054 s, avg_samples: 91.6, ips: 143.00475 samples/s, eta: 1:19:13, max_mem_reserved: 25002 MB, max_mem_allocated: 13654 MB
[2025/11/14 16:23:41] ppocr INFO: epoch: [14/20], global_step: 14240, lr: 0.000012, acc: 0.773437, norm_edit_dis: 0.965733, CTCLoss: 1.597255, NRTRLoss: 1.334054, loss: 2.945217, avg_reader_cost: 0.00290 s, avg_batch_cost: 0.60982 s, avg_samples: 89.5, ips: 146.76362 samples/s, eta: 1:19:07, max_mem_reserved: 25002 MB, max_mem_allocated: 13654 MB
[2025/11/14 16:23:47] ppocr INFO: epoch: [14/20], global_step: 14250, lr: 0.000012, acc: 0.773437, norm_edit_dis: 0.967894, CTCLoss: 1.417267, NRTRLoss: 1.326350, loss: 2.742367, avg_reader_cost: 0.00287 s, avg_batch_cost: 0.59440 s, avg_samples: 83.1, ips: 139.80544 samples/s, eta: 1:19:00, max_mem_reserved: 25002 MB, max_mem_allocated: 13654 MB
[2025/11/14 16:23:54] ppocr INFO: epoch: [14/20], global_step: 14260, lr: 0.000012, acc: 0.745588, norm_edit_dis: 0.954790, CTCLoss: 2.022066, NRTRLoss: 1.347766, loss: 3.372823, avg_reader_cost: 0.00337 s, avg_batch_cost: 0.63831 s, avg_samples: 100.2, ips: 156.97673 samples/s, eta: 1:18:54, max_mem_reserved: 25002 MB, max_mem_allocated: 13654 MB
[2025/11/14 16:24:00] ppocr INFO: epoch: [14/20], global_step: 14270, lr: 0.000012, acc: 0.753401, norm_edit_dis: 0.954208, CTCLoss: 2.152659, NRTRLoss: 1.345264, loss: 3.500640, avg_reader_cost: 0.00288 s, avg_batch_cost: 0.61305 s, avg_samples: 83.1, ips: 135.55191 samples/s, eta: 1:18:48, max_mem_reserved: 25002 MB, max_mem_allocated: 13654 MB
[2025/11/14 16:24:06] ppocr INFO: epoch: [14/20], global_step: 14280, lr: 0.000012, acc: 0.745588, norm_edit_dis: 0.955849, CTCLoss: 1.926029, NRTRLoss: 1.339848, loss: 3.258545, avg_reader_cost: 0.00288 s, avg_batch_cost: 0.60971 s, avg_samples: 91.6, ips: 150.23613 samples/s, eta: 1:18:41, max_mem_reserved: 25002 MB, max_mem_allocated: 13654 MB
[2025/11/14 16:24:13] ppocr INFO: epoch: [14/20], global_step: 14290, lr: 0.000012, acc: 0.729412, norm_edit_dis: 0.952379, CTCLoss: 2.003369, NRTRLoss: 1.345455, loss: 3.348886, avg_reader_cost: 0.00339 s, avg_batch_cost: 0.65420 s, avg_samples: 100.2, ips: 153.16319 samples/s, eta: 1:18:35, max_mem_reserved: 25002 MB, max_mem_allocated: 13654 MB
[2025/11/14 16:24:19] ppocr INFO: epoch: [14/20], global_step: 14300, lr: 0.000012, acc: 0.632812, norm_edit_dis: 0.940045, CTCLoss: 2.628861, NRTRLoss: 1.344767, loss: 3.969423, avg_reader_cost: 0.00291 s, avg_batch_cost: 0.64962 s, avg_samples: 102.3, ips: 157.47635 samples/s, eta: 1:18:29, max_mem_reserved: 25002 MB, max_mem_allocated: 13654 MB
[2025/11/14 16:24:52] ppocr INFO: cur metric, acc: 0.7962999992037, norm_edit_dis: 0.9701750135072841, fps: 693.9372282813887
[2025/11/14 16:24:52] ppocr INFO: best metric, acc: 0.8072999991927, is_float16: False, norm_edit_dis: 0.9704846696857092, fps: 649.9603427407474, best_epoch: 13
[2025/11/14 16:24:59] ppocr INFO: epoch: [14/20], global_step: 14310, lr: 0.000012, acc: 0.703125, norm_edit_dis: 0.955385, CTCLoss: 2.104747, NRTRLoss: 1.340358, loss: 3.438584, avg_reader_cost: 0.00337 s, avg_batch_cost: 0.64171 s, avg_samples: 93.8, ips: 146.17232 samples/s, eta: 1:18:22, max_mem_reserved: 25002 MB, max_mem_allocated: 13654 MB
[2025/11/14 16:25:05] ppocr INFO: epoch: [14/20], global_step: 14320, lr: 0.000012, acc: 0.770588, norm_edit_dis: 0.963916, CTCLoss: 1.538139, NRTRLoss: 1.334162, loss: 2.862949, avg_reader_cost: 0.00286 s, avg_batch_cost: 0.58897 s, avg_samples: 78.7, ips: 133.62218 samples/s, eta: 1:18:16, max_mem_reserved: 25002 MB, max_mem_allocated: 13654 MB
[2025/11/14 16:25:11] ppocr INFO: epoch: [14/20], global_step: 14330, lr: 0.000012, acc: 0.770588, norm_edit_dis: 0.963916, CTCLoss: 1.538139, NRTRLoss: 1.334824, loss: 2.872343, avg_reader_cost: 0.00293 s, avg_batch_cost: 0.65282 s, avg_samples: 95.9, ips: 146.90017 samples/s, eta: 1:18:09, max_mem_reserved: 25002 MB, max_mem_allocated: 13654 MB
[2025/11/14 16:25:18] ppocr INFO: epoch: [14/20], global_step: 14340, lr: 0.000012, acc: 0.731893, norm_edit_dis: 0.959498, CTCLoss: 2.077101, NRTRLoss: 1.336238, loss: 3.410544, avg_reader_cost: 0.00287 s, avg_batch_cost: 0.63666 s, avg_samples: 95.9, ips: 150.63098 samples/s, eta: 1:18:03, max_mem_reserved: 25002 MB, max_mem_allocated: 13654 MB
[2025/11/14 16:25:24] ppocr INFO: epoch: [14/20], global_step: 14350, lr: 0.000012, acc: 0.724081, norm_edit_dis: 0.955624, CTCLoss: 2.260147, NRTRLoss: 1.345567, loss: 3.587027, avg_reader_cost: 0.00285 s, avg_batch_cost: 0.64451 s, avg_samples: 100.2, ips: 155.46743 samples/s, eta: 1:17:57, max_mem_reserved: 25002 MB, max_mem_allocated: 13654 MB
[2025/11/14 16:25:30] ppocr INFO: epoch: [14/20], global_step: 14360, lr: 0.000012, acc: 0.729412, norm_edit_dis: 0.960126, CTCLoss: 2.013057, NRTRLoss: 1.333426, loss: 3.359782, avg_reader_cost: 0.00332 s, avg_batch_cost: 0.63386 s, avg_samples: 85.2, ips: 134.41421 samples/s, eta: 1:17:50, max_mem_reserved: 25002 MB, max_mem_allocated: 13654 MB
[2025/11/14 16:25:37] ppocr INFO: epoch: [14/20], global_step: 14370, lr: 0.000012, acc: 0.739706, norm_edit_dis: 0.964013, CTCLoss: 1.714152, NRTRLoss: 1.333426, loss: 3.042435, avg_reader_cost: 0.00319 s, avg_batch_cost: 0.64780 s, avg_samples: 93.8, ips: 144.79711 samples/s, eta: 1:17:44, max_mem_reserved: 25002 MB, max_mem_allocated: 13654 MB
[2025/11/14 16:25:43] ppocr INFO: epoch: [14/20], global_step: 14380, lr: 0.000012, acc: 0.723529, norm_edit_dis: 0.955193, CTCLoss: 2.702326, NRTRLoss: 1.340769, loss: 4.044364, avg_reader_cost: 0.00288 s, avg_batch_cost: 0.65174 s, avg_samples: 95.9, ips: 147.14386 samples/s, eta: 1:17:38, max_mem_reserved: 25002 MB, max_mem_allocated: 13654 MB
[2025/11/14 16:25:50] ppocr INFO: epoch: [14/20], global_step: 14390, lr: 0.000012, acc: 0.723529, norm_edit_dis: 0.957596, CTCLoss: 2.194384, NRTRLoss: 1.340055, loss: 3.540035, avg_reader_cost: 0.00348 s, avg_batch_cost: 0.63305 s, avg_samples: 98.0, ips: 154.80697 samples/s, eta: 1:17:32, max_mem_reserved: 25002 MB, max_mem_allocated: 13654 MB
[2025/11/14 16:25:56] ppocr INFO: epoch: [14/20], global_step: 14400, lr: 0.000012, acc: 0.745588, norm_edit_dis: 0.964330, CTCLoss: 1.830453, NRTRLoss: 1.331981, loss: 3.157416, avg_reader_cost: 0.00289 s, avg_batch_cost: 0.65979 s, avg_samples: 93.7, ips: 142.01386 samples/s, eta: 1:17:25, max_mem_reserved: 25002 MB, max_mem_allocated: 13654 MB
[2025/11/14 16:26:29] ppocr INFO: cur metric, acc: 0.8040999991959, norm_edit_dis: 0.9714377499294676, fps: 688.6611458566431
[2025/11/14 16:26:29] ppocr INFO: best metric, acc: 0.8072999991927, is_float16: False, norm_edit_dis: 0.9704846696857092, fps: 649.9603427407474, best_epoch: 13
[2025/11/14 16:26:36] ppocr INFO: epoch: [14/20], global_step: 14410, lr: 0.000012, acc: 0.718750, norm_edit_dis: 0.963459, CTCLoss: 1.939921, NRTRLoss: 1.337037, loss: 3.273339, avg_reader_cost: 0.00290 s, avg_batch_cost: 0.66221 s, avg_samples: 102.3, ips: 154.48180 samples/s, eta: 1:17:19, max_mem_reserved: 25002 MB, max_mem_allocated: 13654 MB
[2025/11/14 16:26:43] ppocr INFO: epoch: [14/20], global_step: 14420, lr: 0.000012, acc: 0.648437, norm_edit_dis: 0.938721, CTCLoss: 3.319868, NRTRLoss: 1.354805, loss: 4.674673, avg_reader_cost: 0.00292 s, avg_batch_cost: 0.67105 s, avg_samples: 104.4, ips: 155.57622 samples/s, eta: 1:17:13, max_mem_reserved: 25002 MB, max_mem_allocated: 13654 MB
[2025/11/14 16:26:49] ppocr INFO: epoch: [14/20], global_step: 14430, lr: 0.000012, acc: 0.731893, norm_edit_dis: 0.958345, CTCLoss: 2.357488, NRTRLoss: 1.350105, loss: 3.706169, avg_reader_cost: 0.00292 s, avg_batch_cost: 0.61950 s, avg_samples: 85.2, ips: 137.53032 samples/s, eta: 1:17:06, max_mem_reserved: 25002 MB, max_mem_allocated: 13654 MB
[2025/11/14 16:26:55] ppocr INFO: epoch: [14/20], global_step: 14440, lr: 0.000012, acc: 0.742187, norm_edit_dis: 0.961419, CTCLoss: 1.704955, NRTRLoss: 1.333635, loss: 3.035775, avg_reader_cost: 0.00305 s, avg_batch_cost: 0.60533 s, avg_samples: 85.2, ips: 140.74897 samples/s, eta: 1:17:00, max_mem_reserved: 25002 MB, max_mem_allocated: 13654 MB
[2025/11/14 16:27:01] ppocr INFO: epoch: [14/20], global_step: 14450, lr: 0.000012, acc: 0.765165, norm_edit_dis: 0.970336, CTCLoss: 1.583684, NRTRLoss: 1.330622, loss: 2.912882, avg_reader_cost: 0.00291 s, avg_batch_cost: 0.63857 s, avg_samples: 93.6, ips: 146.57808 samples/s, eta: 1:16:54, max_mem_reserved: 25002 MB, max_mem_allocated: 13654 MB
[2025/11/14 16:27:07] ppocr INFO: epoch: [14/20], global_step: 14460, lr: 0.000012, acc: 0.784743, norm_edit_dis: 0.970336, CTCLoss: 1.657737, NRTRLoss: 1.334398, loss: 3.002133, avg_reader_cost: 0.00344 s, avg_batch_cost: 0.61163 s, avg_samples: 91.6, ips: 149.76272 samples/s, eta: 1:16:47, max_mem_reserved: 25002 MB, max_mem_allocated: 13654 MB
[2025/11/14 16:27:14] ppocr INFO: epoch: [14/20], global_step: 14470, lr: 0.000012, acc: 0.784743, norm_edit_dis: 0.964365, CTCLoss: 1.680791, NRTRLoss: 1.331975, loss: 3.016894, avg_reader_cost: 0.00329 s, avg_batch_cost: 0.62806 s, avg_samples: 93.7, ips: 149.19074 samples/s, eta: 1:16:41, max_mem_reserved: 25002 MB, max_mem_allocated: 13654 MB
[2025/11/14 16:27:20] ppocr INFO: epoch: [14/20], global_step: 14480, lr: 0.000012, acc: 0.778860, norm_edit_dis: 0.966998, CTCLoss: 1.782256, NRTRLoss: 1.330949, loss: 3.115153, avg_reader_cost: 0.00288 s, avg_batch_cost: 0.65120 s, avg_samples: 89.5, ips: 137.43848 samples/s, eta: 1:16:35, max_mem_reserved: 25002 MB, max_mem_allocated: 13654 MB
[2025/11/14 16:27:26] ppocr INFO: epoch: [14/20], global_step: 14490, lr: 0.000012, acc: 0.773437, norm_edit_dis: 0.959970, CTCLoss: 1.925118, NRTRLoss: 1.339761, loss: 3.268267, avg_reader_cost: 0.00290 s, avg_batch_cost: 0.62570 s, avg_samples: 85.2, ips: 136.16790 samples/s, eta: 1:16:28, max_mem_reserved: 25002 MB, max_mem_allocated: 13654 MB
[2025/11/14 16:27:33] ppocr INFO: epoch: [14/20], global_step: 14500, lr: 0.000012, acc: 0.759283, norm_edit_dis: 0.959575, CTCLoss: 2.179448, NRTRLoss: 1.339922, loss: 3.520628, avg_reader_cost: 0.00301 s, avg_batch_cost: 0.61789 s, avg_samples: 78.9, ips: 127.69266 samples/s, eta: 1:16:22, max_mem_reserved: 25002 MB, max_mem_allocated: 13654 MB
[2025/11/14 16:28:05] ppocr INFO: cur metric, acc: 0.8065999991934, norm_edit_dis: 0.9701688260447319, fps: 724.2345094764155
[2025/11/14 16:28:05] ppocr INFO: best metric, acc: 0.8072999991927, is_float16: False, norm_edit_dis: 0.9704846696857092, fps: 649.9603427407474, best_epoch: 13
[2025/11/14 16:28:12] ppocr INFO: epoch: [14/20], global_step: 14510, lr: 0.000012, acc: 0.750000, norm_edit_dis: 0.961101, CTCLoss: 2.247187, NRTRLoss: 1.336388, loss: 3.580403, avg_reader_cost: 0.00290 s, avg_batch_cost: 0.64080 s, avg_samples: 87.3, ips: 136.23490 samples/s, eta: 1:16:15, max_mem_reserved: 25002 MB, max_mem_allocated: 13654 MB
[2025/11/14 16:28:18] ppocr INFO: epoch: [14/20], global_step: 14520, lr: 0.000012, acc: 0.711765, norm_edit_dis: 0.960257, CTCLoss: 1.952372, NRTRLoss: 1.334447, loss: 3.282133, avg_reader_cost: 0.00294 s, avg_batch_cost: 0.63810 s, avg_samples: 98.1, ips: 153.73867 samples/s, eta: 1:16:09, max_mem_reserved: 25002 MB, max_mem_allocated: 13654 MB
[2025/11/14 16:28:24] ppocr INFO: epoch: [14/20], global_step: 14530, lr: 0.000012, acc: 0.703125, norm_edit_dis: 0.954528, CTCLoss: 2.199568, NRTRLoss: 1.337506, loss: 3.532961, avg_reader_cost: 0.00293 s, avg_batch_cost: 0.61010 s, avg_samples: 87.4, ips: 143.25589 samples/s, eta: 1:16:03, max_mem_reserved: 25002 MB, max_mem_allocated: 13654 MB
[2025/11/14 16:28:30] ppocr INFO: epoch: [14/20], global_step: 14540, lr: 0.000012, acc: 0.751470, norm_edit_dis: 0.962923, CTCLoss: 1.861456, NRTRLoss: 1.337928, loss: 3.193999, avg_reader_cost: 0.00329 s, avg_batch_cost: 0.61135 s, avg_samples: 87.3, ips: 142.79849 samples/s, eta: 1:15:56, max_mem_reserved: 25002 MB, max_mem_allocated: 13654 MB
[2025/11/14 16:28:36] ppocr INFO: epoch: [14/20], global_step: 14550, lr: 0.000012, acc: 0.752941, norm_edit_dis: 0.963991, CTCLoss: 1.799945, NRTRLoss: 1.341579, loss: 3.132352, avg_reader_cost: 0.00296 s, avg_batch_cost: 0.63367 s, avg_samples: 85.3, ips: 134.61273 samples/s, eta: 1:15:50, max_mem_reserved: 25002 MB, max_mem_allocated: 13654 MB
[2025/11/14 16:28:43] ppocr INFO: epoch: [14/20], global_step: 14560, lr: 0.000012, acc: 0.737776, norm_edit_dis: 0.960981, CTCLoss: 1.866890, NRTRLoss: 1.343245, loss: 3.210512, avg_reader_cost: 0.00292 s, avg_batch_cost: 0.61454 s, avg_samples: 87.4, ips: 142.21948 samples/s, eta: 1:15:43, max_mem_reserved: 25002 MB, max_mem_allocated: 13654 MB
[2025/11/14 16:28:49] ppocr INFO: epoch: [14/20], global_step: 14570, lr: 0.000012, acc: 0.731893, norm_edit_dis: 0.957212, CTCLoss: 2.324213, NRTRLoss: 1.344644, loss: 3.660410, avg_reader_cost: 0.00329 s, avg_batch_cost: 0.62959 s, avg_samples: 95.9, ips: 152.32083 samples/s, eta: 1:15:37, max_mem_reserved: 25002 MB, max_mem_allocated: 13654 MB
[2025/11/14 16:28:55] ppocr INFO: epoch: [14/20], global_step: 14580, lr: 0.000012, acc: 0.747059, norm_edit_dis: 0.962380, CTCLoss: 2.178579, NRTRLoss: 1.339092, loss: 3.521900, avg_reader_cost: 0.00291 s, avg_batch_cost: 0.63955 s, avg_samples: 89.4, ips: 139.78537 samples/s, eta: 1:15:31, max_mem_reserved: 25002 MB, max_mem_allocated: 13654 MB
[2025/11/14 16:29:02] ppocr INFO: epoch: [14/20], global_step: 14590, lr: 0.000012, acc: 0.745588, norm_edit_dis: 0.963857, CTCLoss: 1.941213, NRTRLoss: 1.332766, loss: 3.273421, avg_reader_cost: 0.00295 s, avg_batch_cost: 0.62929 s, avg_samples: 91.6, ips: 145.56100 samples/s, eta: 1:15:24, max_mem_reserved: 25002 MB, max_mem_allocated: 13654 MB
[2025/11/14 16:29:08] ppocr INFO: epoch: [14/20], global_step: 14600, lr: 0.000012, acc: 0.751470, norm_edit_dis: 0.963388, CTCLoss: 1.859437, NRTRLoss: 1.331826, loss: 3.191565, avg_reader_cost: 0.00296 s, avg_batch_cost: 0.62030 s, avg_samples: 80.9, ips: 130.41997 samples/s, eta: 1:15:18, max_mem_reserved: 25002 MB, max_mem_allocated: 13654 MB
[2025/11/14 16:29:40] ppocr INFO: cur metric, acc: 0.8116999991883, norm_edit_dis: 0.9718034389889211, fps: 729.9141878733948
[2025/11/14 16:29:43] ppocr INFO: save best model is to ./output/best_accuracy
[2025/11/14 16:29:43] ppocr INFO: best metric, acc: 0.8116999991883, is_float16: False, norm_edit_dis: 0.9718034389889211, fps: 729.9141878733948, best_epoch: 14
[2025/11/14 16:29:49] ppocr INFO: epoch: [14/20], global_step: 14610, lr: 0.000012, acc: 0.752941, norm_edit_dis: 0.964987, CTCLoss: 1.714172, NRTRLoss: 1.329430, loss: 3.037561, avg_reader_cost: 0.00314 s, avg_batch_cost: 0.64597 s, avg_samples: 89.5, ips: 138.55154 samples/s, eta: 1:15:12, max_mem_reserved: 25002 MB, max_mem_allocated: 13654 MB
[2025/11/14 16:29:56] ppocr INFO: epoch: [14/20], global_step: 14620, lr: 0.000012, acc: 0.758823, norm_edit_dis: 0.965423, CTCLoss: 1.746498, NRTRLoss: 1.338176, loss: 3.075586, avg_reader_cost: 0.00295 s, avg_batch_cost: 0.64088 s, avg_samples: 85.2, ips: 132.94117 samples/s, eta: 1:15:05, max_mem_reserved: 25002 MB, max_mem_allocated: 13654 MB
[2025/11/14 16:30:02] ppocr INFO: epoch: [14/20], global_step: 14630, lr: 0.000012, acc: 0.696691, norm_edit_dis: 0.949790, CTCLoss: 2.051898, NRTRLoss: 1.342324, loss: 3.392856, avg_reader_cost: 0.00292 s, avg_batch_cost: 0.66960 s, avg_samples: 108.7, ips: 162.33631 samples/s, eta: 1:14:59, max_mem_reserved: 25002 MB, max_mem_allocated: 13654 MB
[2025/11/14 16:30:09] ppocr INFO: epoch: [14/20], global_step: 14640, lr: 0.000012, acc: 0.616544, norm_edit_dis: 0.933720, CTCLoss: 3.635393, NRTRLoss: 1.353742, loss: 4.982275, avg_reader_cost: 0.00294 s, avg_batch_cost: 0.61656 s, avg_samples: 93.8, ips: 152.13522 samples/s, eta: 1:14:53, max_mem_reserved: 25002 MB, max_mem_allocated: 13654 MB
[2025/11/14 16:30:15] ppocr INFO: epoch: [14/20], global_step: 14650, lr: 0.000012, acc: 0.720129, norm_edit_dis: 0.959649, CTCLoss: 3.369453, NRTRLoss: 1.341882, loss: 4.708247, avg_reader_cost: 0.00297 s, avg_batch_cost: 0.62803 s, avg_samples: 91.7, ips: 146.01284 samples/s, eta: 1:14:46, max_mem_reserved: 25002 MB, max_mem_allocated: 13654 MB
[2025/11/14 16:30:22] ppocr INFO: epoch: [14/20], global_step: 14660, lr: 0.000012, acc: 0.558594, norm_edit_dis: 0.927569, CTCLoss: 3.793149, NRTRLoss: 1.350981, loss: 5.158242, avg_reader_cost: 0.00292 s, avg_batch_cost: 0.68557 s, avg_samples: 115.1, ips: 167.88859 samples/s, eta: 1:14:40, max_mem_reserved: 25002 MB, max_mem_allocated: 13654 MB
[2025/11/14 16:30:28] ppocr INFO: epoch: [14/20], global_step: 14670, lr: 0.000012, acc: 0.539062, norm_edit_dis: 0.922452, CTCLoss: 3.964348, NRTRLoss: 1.359961, loss: 5.324167, avg_reader_cost: 0.00290 s, avg_batch_cost: 0.65879 s, avg_samples: 108.7, ips: 165.00071 samples/s, eta: 1:14:34, max_mem_reserved: 25002 MB, max_mem_allocated: 13654 MB
[2025/11/14 16:30:35] ppocr INFO: epoch: [14/20], global_step: 14680, lr: 0.000011, acc: 0.712316, norm_edit_dis: 0.952280, CTCLoss: 3.067978, NRTRLoss: 1.339112, loss: 4.416564, avg_reader_cost: 0.00350 s, avg_batch_cost: 0.63186 s, avg_samples: 91.6, ips: 144.96837 samples/s, eta: 1:14:28, max_mem_reserved: 25002 MB, max_mem_allocated: 13654 MB
[2025/11/14 16:30:41] ppocr INFO: epoch: [14/20], global_step: 14690, lr: 0.000011, acc: 0.750000, norm_edit_dis: 0.959314, CTCLoss: 2.218090, NRTRLoss: 1.343454, loss: 3.571737, avg_reader_cost: 0.00338 s, avg_batch_cost: 0.63892 s, avg_samples: 91.6, ips: 143.36676 samples/s, eta: 1:14:21, max_mem_reserved: 25002 MB, max_mem_allocated: 13654 MB
[2025/11/14 16:30:47] ppocr INFO: epoch: [14/20], global_step: 14700, lr: 0.000011, acc: 0.747059, norm_edit_dis: 0.959972, CTCLoss: 1.742052, NRTRLoss: 1.343672, loss: 3.078901, avg_reader_cost: 0.00337 s, avg_batch_cost: 0.64289 s, avg_samples: 89.5, ips: 139.21459 samples/s, eta: 1:14:15, max_mem_reserved: 25002 MB, max_mem_allocated: 13654 MB
[2025/11/14 16:31:21] ppocr INFO: cur metric, acc: 0.8118999991881001, norm_edit_dis: 0.9720541278791779, fps: 692.0151333433339
[2025/11/14 16:31:23] ppocr INFO: save best model is to ./output/best_accuracy
[2025/11/14 16:31:23] ppocr INFO: best metric, acc: 0.8118999991881001, is_float16: False, norm_edit_dis: 0.9720541278791779, fps: 692.0151333433339, best_epoch: 14
[2025/11/14 16:31:30] ppocr INFO: epoch: [14/20], global_step: 14710, lr: 0.000011, acc: 0.737776, norm_edit_dis: 0.957694, CTCLoss: 2.010139, NRTRLoss: 1.340518, loss: 3.341077, avg_reader_cost: 0.00300 s, avg_batch_cost: 0.64553 s, avg_samples: 104.4, ips: 161.72653 samples/s, eta: 1:14:09, max_mem_reserved: 25002 MB, max_mem_allocated: 13654 MB
[2025/11/14 16:31:36] ppocr INFO: epoch: [14/20], global_step: 14720, lr: 0.000011, acc: 0.677114, norm_edit_dis: 0.948290, CTCLoss: 3.285669, NRTRLoss: 1.348460, loss: 4.655829, avg_reader_cost: 0.00294 s, avg_batch_cost: 0.63525 s, avg_samples: 93.7, ips: 147.50189 samples/s, eta: 1:14:02, max_mem_reserved: 25002 MB, max_mem_allocated: 13654 MB
[2025/11/14 16:31:42] ppocr INFO: epoch: [14/20], global_step: 14730, lr: 0.000011, acc: 0.755423, norm_edit_dis: 0.957023, CTCLoss: 2.505264, NRTRLoss: 1.335325, loss: 3.849168, avg_reader_cost: 0.00289 s, avg_batch_cost: 0.59080 s, avg_samples: 87.4, ips: 147.93565 samples/s, eta: 1:13:56, max_mem_reserved: 25002 MB, max_mem_allocated: 13654 MB
[2025/11/14 16:31:48] ppocr INFO: epoch: [14/20], global_step: 14740, lr: 0.000011, acc: 0.765625, norm_edit_dis: 0.964711, CTCLoss: 1.568655, NRTRLoss: 1.332672, loss: 2.900585, avg_reader_cost: 0.00286 s, avg_batch_cost: 0.62830 s, avg_samples: 85.2, ips: 135.60377 samples/s, eta: 1:13:49, max_mem_reserved: 25002 MB, max_mem_allocated: 13654 MB
[2025/11/14 16:31:55] ppocr INFO: epoch: [14/20], global_step: 14750, lr: 0.000011, acc: 0.751470, norm_edit_dis: 0.961235, CTCLoss: 1.834791, NRTRLoss: 1.333565, loss: 3.174287, avg_reader_cost: 0.00297 s, avg_batch_cost: 0.64225 s, avg_samples: 98.0, ips: 152.58812 samples/s, eta: 1:13:43, max_mem_reserved: 25002 MB, max_mem_allocated: 13654 MB
[2025/11/14 16:32:01] ppocr INFO: epoch: [14/20], global_step: 14760, lr: 0.000011, acc: 0.723529, norm_edit_dis: 0.955492, CTCLoss: 2.649591, NRTRLoss: 1.340288, loss: 3.981883, avg_reader_cost: 0.00287 s, avg_batch_cost: 0.65171 s, avg_samples: 104.4, ips: 160.19386 samples/s, eta: 1:13:37, max_mem_reserved: 25002 MB, max_mem_allocated: 13654 MB
[2025/11/14 16:32:08] ppocr INFO: epoch: [14/20], global_step: 14770, lr: 0.000011, acc: 0.750000, norm_edit_dis: 0.962333, CTCLoss: 1.784602, NRTRLoss: 1.335516, loss: 3.114499, avg_reader_cost: 0.00286 s, avg_batch_cost: 0.63612 s, avg_samples: 83.2, ips: 130.79226 samples/s, eta: 1:13:30, max_mem_reserved: 25002 MB, max_mem_allocated: 13654 MB
[2025/11/14 16:32:14] ppocr INFO: epoch: [14/20], global_step: 14780, lr: 0.000011, acc: 0.757812, norm_edit_dis: 0.970417, CTCLoss: 1.601137, NRTRLoss: 1.329903, loss: 2.921650, avg_reader_cost: 0.00340 s, avg_batch_cost: 0.63187 s, avg_samples: 83.0, ips: 131.35695 samples/s, eta: 1:13:24, max_mem_reserved: 25002 MB, max_mem_allocated: 13654 MB
[2025/11/14 16:32:21] ppocr INFO: epoch: [14/20], global_step: 14790, lr: 0.000011, acc: 0.757353, norm_edit_dis: 0.961647, CTCLoss: 1.720628, NRTRLoss: 1.333239, loss: 3.051417, avg_reader_cost: 0.00288 s, avg_batch_cost: 0.65381 s, avg_samples: 95.9, ips: 146.67930 samples/s, eta: 1:13:18, max_mem_reserved: 25002 MB, max_mem_allocated: 13654 MB
[2025/11/14 16:32:27] ppocr INFO: epoch: [14/20], global_step: 14800, lr: 0.000011, acc: 0.764706, norm_edit_dis: 0.968915, CTCLoss: 1.746461, NRTRLoss: 1.330993, loss: 3.073046, avg_reader_cost: 0.00284 s, avg_batch_cost: 0.63253 s, avg_samples: 93.7, ips: 148.13596 samples/s, eta: 1:13:12, max_mem_reserved: 25002 MB, max_mem_allocated: 13654 MB
[2025/11/14 16:33:00] ppocr INFO: cur metric, acc: 0.8071999991928, norm_edit_dis: 0.9717079448726536, fps: 716.8805983116036
[2025/11/14 16:33:00] ppocr INFO: best metric, acc: 0.8118999991881001, is_float16: False, norm_edit_dis: 0.9720541278791779, fps: 692.0151333433339, best_epoch: 14
[2025/11/14 16:33:06] ppocr INFO: epoch: [14/20], global_step: 14810, lr: 0.000011, acc: 0.745588, norm_edit_dis: 0.964922, CTCLoss: 1.687160, NRTRLoss: 1.333435, loss: 3.026624, avg_reader_cost: 0.00281 s, avg_batch_cost: 0.61638 s, avg_samples: 83.1, ips: 134.81868 samples/s, eta: 1:13:05, max_mem_reserved: 25002 MB, max_mem_allocated: 13654 MB
[2025/11/14 16:33:13] ppocr INFO: epoch: [14/20], global_step: 14820, lr: 0.000011, acc: 0.731893, norm_edit_dis: 0.963702, CTCLoss: 1.687160, NRTRLoss: 1.337717, loss: 3.026624, avg_reader_cost: 0.00294 s, avg_batch_cost: 0.65520 s, avg_samples: 98.0, ips: 149.57303 samples/s, eta: 1:12:59, max_mem_reserved: 25002 MB, max_mem_allocated: 13654 MB
[2025/11/14 16:33:19] ppocr INFO: epoch: [14/20], global_step: 14830, lr: 0.000011, acc: 0.642004, norm_edit_dis: 0.940378, CTCLoss: 3.278468, NRTRLoss: 1.361229, loss: 4.640938, avg_reader_cost: 0.00334 s, avg_batch_cost: 0.67209 s, avg_samples: 108.7, ips: 161.73531 samples/s, eta: 1:12:53, max_mem_reserved: 25002 MB, max_mem_allocated: 13654 MB
[2025/11/14 16:33:26] ppocr INFO: epoch: [14/20], global_step: 14840, lr: 0.000011, acc: 0.554687, norm_edit_dis: 0.922122, CTCLoss: 3.718050, NRTRLoss: 1.362036, loss: 5.079420, avg_reader_cost: 0.00288 s, avg_batch_cost: 0.67263 s, avg_samples: 106.6, ips: 158.48186 samples/s, eta: 1:12:46, max_mem_reserved: 25002 MB, max_mem_allocated: 13654 MB
[2025/11/14 16:33:32] ppocr INFO: epoch: [14/20], global_step: 14850, lr: 0.000011, acc: 0.660156, norm_edit_dis: 0.943213, CTCLoss: 2.719953, NRTRLoss: 1.339607, loss: 4.066167, avg_reader_cost: 0.00290 s, avg_batch_cost: 0.62327 s, avg_samples: 89.6, ips: 143.75860 samples/s, eta: 1:12:40, max_mem_reserved: 25002 MB, max_mem_allocated: 13654 MB
[2025/11/14 16:33:39] ppocr INFO: epoch: [14/20], global_step: 14860, lr: 0.000011, acc: 0.734375, norm_edit_dis: 0.960601, CTCLoss: 2.767535, NRTRLoss: 1.336917, loss: 4.130398, avg_reader_cost: 0.00288 s, avg_batch_cost: 0.63233 s, avg_samples: 93.8, ips: 148.34140 samples/s, eta: 1:12:34, max_mem_reserved: 25002 MB, max_mem_allocated: 13654 MB
[2025/11/14 16:33:45] ppocr INFO: epoch: [14/20], global_step: 14870, lr: 0.000011, acc: 0.718750, norm_edit_dis: 0.954884, CTCLoss: 3.162089, NRTRLoss: 1.341952, loss: 4.501690, avg_reader_cost: 0.00322 s, avg_batch_cost: 0.65440 s, avg_samples: 100.2, ips: 153.11804 samples/s, eta: 1:12:27, max_mem_reserved: 25002 MB, max_mem_allocated: 13654 MB
[2025/11/14 16:33:52] ppocr INFO: epoch: [14/20], global_step: 14880, lr: 0.000011, acc: 0.731893, norm_edit_dis: 0.957196, CTCLoss: 2.350135, NRTRLoss: 1.334888, loss: 3.699496, avg_reader_cost: 0.00293 s, avg_batch_cost: 0.63755 s, avg_samples: 91.6, ips: 143.67427 samples/s, eta: 1:12:21, max_mem_reserved: 25002 MB, max_mem_allocated: 13654 MB
[2025/11/14 16:33:58] ppocr INFO: epoch: [14/20], global_step: 14890, lr: 0.000011, acc: 0.751470, norm_edit_dis: 0.965389, CTCLoss: 1.544908, NRTRLoss: 1.329163, loss: 2.871924, avg_reader_cost: 0.00289 s, avg_batch_cost: 0.59121 s, avg_samples: 87.4, ips: 147.83154 samples/s, eta: 1:12:15, max_mem_reserved: 25002 MB, max_mem_allocated: 13654 MB
[2025/11/14 16:34:04] ppocr INFO: epoch: [14/20], global_step: 14900, lr: 0.000011, acc: 0.742187, norm_edit_dis: 0.960842, CTCLoss: 1.656239, NRTRLoss: 1.330512, loss: 2.983974, avg_reader_cost: 0.00289 s, avg_batch_cost: 0.64763 s, avg_samples: 102.3, ips: 157.96021 samples/s, eta: 1:12:08, max_mem_reserved: 25002 MB, max_mem_allocated: 13654 MB
[2025/11/14 16:34:38] ppocr INFO: cur metric, acc: 0.794999999205, norm_edit_dis: 0.9702764675744507, fps: 684.1993221469252
[2025/11/14 16:34:38] ppocr INFO: best metric, acc: 0.8118999991881001, is_float16: False, norm_edit_dis: 0.9720541278791779, fps: 692.0151333433339, best_epoch: 14
[2025/11/14 16:34:45] ppocr INFO: epoch: [14/20], global_step: 14910, lr: 0.000011, acc: 0.636719, norm_edit_dis: 0.940255, CTCLoss: 2.714647, NRTRLoss: 1.346923, loss: 4.055340, avg_reader_cost: 0.00320 s, avg_batch_cost: 0.65104 s, avg_samples: 102.3, ips: 157.13218 samples/s, eta: 1:12:02, max_mem_reserved: 25002 MB, max_mem_allocated: 13654 MB
[2025/11/14 16:34:51] ppocr INFO: epoch: [14/20], global_step: 14920, lr: 0.000011, acc: 0.705882, norm_edit_dis: 0.946929, CTCLoss: 2.186136, NRTRLoss: 1.350550, loss: 3.534424, avg_reader_cost: 0.00284 s, avg_batch_cost: 0.64586 s, avg_samples: 100.1, ips: 154.98736 samples/s, eta: 1:11:56, max_mem_reserved: 25002 MB, max_mem_allocated: 13654 MB
[2025/11/14 16:34:57] ppocr INFO: epoch: [14/20], global_step: 14930, lr: 0.000011, acc: 0.776470, norm_edit_dis: 0.966102, CTCLoss: 1.512384, NRTRLoss: 1.325585, loss: 2.837457, avg_reader_cost: 0.00294 s, avg_batch_cost: 0.58859 s, avg_samples: 74.6, ips: 126.74429 samples/s, eta: 1:11:49, max_mem_reserved: 25002 MB, max_mem_allocated: 13654 MB
[2025/11/14 16:35:04] ppocr INFO: epoch: [14/20], global_step: 14940, lr: 0.000011, acc: 0.750000, norm_edit_dis: 0.961546, CTCLoss: 1.512384, NRTRLoss: 1.337389, loss: 2.837457, avg_reader_cost: 0.00287 s, avg_batch_cost: 0.64580 s, avg_samples: 95.9, ips: 148.49775 samples/s, eta: 1:11:43, max_mem_reserved: 25002 MB, max_mem_allocated: 13654 MB
[2025/11/14 16:35:10] ppocr INFO: epoch: [14/20], global_step: 14950, lr: 0.000011, acc: 0.702573, norm_edit_dis: 0.950480, CTCLoss: 2.713113, NRTRLoss: 1.350323, loss: 4.079239, avg_reader_cost: 0.00288 s, avg_batch_cost: 0.63668 s, avg_samples: 98.1, ips: 154.08112 samples/s, eta: 1:11:37, max_mem_reserved: 25002 MB, max_mem_allocated: 13654 MB
[2025/11/14 16:35:16] ppocr INFO: epoch: [14/20], global_step: 14960, lr: 0.000011, acc: 0.798437, norm_edit_dis: 0.968607, CTCLoss: 1.480418, NRTRLoss: 1.333068, loss: 2.807476, avg_reader_cost: 0.00292 s, avg_batch_cost: 0.57121 s, avg_samples: 70.3, ips: 123.07162 samples/s, eta: 1:11:30, max_mem_reserved: 25002 MB, max_mem_allocated: 13654 MB
[2025/11/14 16:35:22] ppocr INFO: epoch: [14/20], global_step: 14970, lr: 0.000011, acc: 0.805882, norm_edit_dis: 0.972988, CTCLoss: 1.317052, NRTRLoss: 1.327100, loss: 2.640475, avg_reader_cost: 0.00323 s, avg_batch_cost: 0.61337 s, avg_samples: 78.7, ips: 128.30811 samples/s, eta: 1:11:23, max_mem_reserved: 25002 MB, max_mem_allocated: 13654 MB
[2025/11/14 16:35:28] ppocr INFO: epoch: [14/20], global_step: 14980, lr: 0.000011, acc: 0.758823, norm_edit_dis: 0.967266, CTCLoss: 1.851043, NRTRLoss: 1.331552, loss: 3.177954, avg_reader_cost: 0.00288 s, avg_batch_cost: 0.62845 s, avg_samples: 98.0, ips: 155.93809 samples/s, eta: 1:11:17, max_mem_reserved: 25002 MB, max_mem_allocated: 13654 MB
[2025/11/14 16:35:34] ppocr INFO: epoch: [14/20], global_step: 14990, lr: 0.000011, acc: 0.771048, norm_edit_dis: 0.968028, CTCLoss: 1.866255, NRTRLoss: 1.328789, loss: 3.194409, avg_reader_cost: 0.00352 s, avg_batch_cost: 0.62104 s, avg_samples: 83.1, ips: 133.80714 samples/s, eta: 1:11:11, max_mem_reserved: 25002 MB, max_mem_allocated: 13654 MB
[2025/11/14 16:35:41] ppocr INFO: epoch: [14/20], global_step: 15000, lr: 0.000011, acc: 0.757812, norm_edit_dis: 0.964289, CTCLoss: 1.838502, NRTRLoss: 1.336408, loss: 3.181259, avg_reader_cost: 0.00282 s, avg_batch_cost: 0.65152 s, avg_samples: 95.9, ips: 147.19485 samples/s, eta: 1:11:04, max_mem_reserved: 25002 MB, max_mem_allocated: 13654 MB
[2025/11/14 16:36:15] ppocr INFO: cur metric, acc: 0.8143999991856, norm_edit_dis: 0.9730322922906928, fps: 691.8415052218784
[2025/11/14 16:36:17] ppocr INFO: save best model is to ./output/best_accuracy
[2025/11/14 16:36:17] ppocr INFO: best metric, acc: 0.8143999991856, is_float16: False, norm_edit_dis: 0.9730322922906928, fps: 691.8415052218784, best_epoch: 14
[2025/11/14 16:36:23] ppocr INFO: epoch: [14/20], global_step: 15010, lr: 0.000011, acc: 0.745588, norm_edit_dis: 0.965253, CTCLoss: 1.774119, NRTRLoss: 1.334540, loss: 3.104440, avg_reader_cost: 0.00324 s, avg_batch_cost: 0.59381 s, avg_samples: 87.3, ips: 147.01666 samples/s, eta: 1:10:58, max_mem_reserved: 25002 MB, max_mem_allocated: 13654 MB
[2025/11/14 16:36:29] ppocr INFO: epoch: [14/20], global_step: 15020, lr: 0.000011, acc: 0.804320, norm_edit_dis: 0.970079, CTCLoss: 1.676632, NRTRLoss: 1.332648, loss: 3.017446, avg_reader_cost: 0.00351 s, avg_batch_cost: 0.60732 s, avg_samples: 78.8, ips: 129.75015 samples/s, eta: 1:10:51, max_mem_reserved: 25002 MB, max_mem_allocated: 13654 MB
[2025/11/14 16:36:36] ppocr INFO: epoch: [14/20], global_step: 15030, lr: 0.000011, acc: 0.757812, norm_edit_dis: 0.966407, CTCLoss: 2.106748, NRTRLoss: 1.334438, loss: 3.437270, avg_reader_cost: 0.00298 s, avg_batch_cost: 0.65314 s, avg_samples: 98.1, ips: 150.19692 samples/s, eta: 1:10:45, max_mem_reserved: 25002 MB, max_mem_allocated: 13654 MB
[2025/11/14 16:36:42] ppocr INFO: epoch: [14/20], global_step: 15040, lr: 0.000011, acc: 0.733823, norm_edit_dis: 0.958792, CTCLoss: 2.420296, NRTRLoss: 1.341259, loss: 3.760886, avg_reader_cost: 0.00286 s, avg_batch_cost: 0.64521 s, avg_samples: 91.7, ips: 142.12434 samples/s, eta: 1:10:39, max_mem_reserved: 25002 MB, max_mem_allocated: 13654 MB
[2025/11/14 16:36:49] ppocr INFO: epoch: [14/20], global_step: 15050, lr: 0.000011, acc: 0.757353, norm_edit_dis: 0.957689, CTCLoss: 1.921307, NRTRLoss: 1.336411, loss: 3.248038, avg_reader_cost: 0.00289 s, avg_batch_cost: 0.64552 s, avg_samples: 102.3, ips: 158.47638 samples/s, eta: 1:10:33, max_mem_reserved: 25002 MB, max_mem_allocated: 13654 MB
[2025/11/14 16:36:55] ppocr INFO: epoch: [14/20], global_step: 15060, lr: 0.000011, acc: 0.742187, norm_edit_dis: 0.959296, CTCLoss: 1.691401, NRTRLoss: 1.334277, loss: 3.023600, avg_reader_cost: 0.00295 s, avg_batch_cost: 0.63858 s, avg_samples: 85.2, ips: 133.42040 samples/s, eta: 1:10:26, max_mem_reserved: 25002 MB, max_mem_allocated: 13654 MB
[2025/11/14 16:37:01] ppocr INFO: epoch: [14/20], global_step: 15070, lr: 0.000011, acc: 0.734375, norm_edit_dis: 0.957645, CTCLoss: 1.705359, NRTRLoss: 1.332762, loss: 3.042913, avg_reader_cost: 0.00290 s, avg_batch_cost: 0.63522 s, avg_samples: 93.8, ips: 147.66575 samples/s, eta: 1:10:20, max_mem_reserved: 25002 MB, max_mem_allocated: 13654 MB
[2025/11/14 16:37:08] ppocr INFO: epoch: [14/20], global_step: 15080, lr: 0.000011, acc: 0.718750, norm_edit_dis: 0.957645, CTCLoss: 2.154810, NRTRLoss: 1.336901, loss: 3.495202, avg_reader_cost: 0.00291 s, avg_batch_cost: 0.64115 s, avg_samples: 89.5, ips: 139.59238 samples/s, eta: 1:10:14, max_mem_reserved: 25002 MB, max_mem_allocated: 13654 MB
[2025/11/14 16:37:14] ppocr INFO: epoch: [14/20], global_step: 15090, lr: 0.000011, acc: 0.751470, norm_edit_dis: 0.965700, CTCLoss: 1.935818, NRTRLoss: 1.330655, loss: 3.266903, avg_reader_cost: 0.00355 s, avg_batch_cost: 0.63100 s, avg_samples: 85.2, ips: 135.02388 samples/s, eta: 1:10:07, max_mem_reserved: 25002 MB, max_mem_allocated: 13654 MB
[2025/11/14 16:37:20] ppocr INFO: epoch: [14/20], global_step: 15100, lr: 0.000011, acc: 0.758823, norm_edit_dis: 0.965555, CTCLoss: 1.867729, NRTRLoss: 1.330635, loss: 3.212492, avg_reader_cost: 0.00292 s, avg_batch_cost: 0.63121 s, avg_samples: 93.8, ips: 148.60415 samples/s, eta: 1:10:01, max_mem_reserved: 25002 MB, max_mem_allocated: 13654 MB
[2025/11/14 16:37:55] ppocr INFO: cur metric, acc: 0.8177999991822, norm_edit_dis: 0.973236203217195, fps: 692.6346647837529
[2025/11/14 16:37:57] ppocr INFO: save best model is to ./output/best_accuracy
[2025/11/14 16:37:57] ppocr INFO: best metric, acc: 0.8177999991822, is_float16: False, norm_edit_dis: 0.973236203217195, fps: 692.6346647837529, best_epoch: 14
[2025/11/14 16:38:03] ppocr INFO: epoch: [14/20], global_step: 15110, lr: 0.000011, acc: 0.778860, norm_edit_dis: 0.964019, CTCLoss: 1.801402, NRTRLoss: 1.340252, loss: 3.159609, avg_reader_cost: 0.00305 s, avg_batch_cost: 0.62631 s, avg_samples: 89.5, ips: 142.90128 samples/s, eta: 1:09:54, max_mem_reserved: 25002 MB, max_mem_allocated: 13654 MB
[2025/11/14 16:38:09] ppocr INFO: epoch: [14/20], global_step: 15120, lr: 0.000011, acc: 0.778860, norm_edit_dis: 0.958100, CTCLoss: 1.773856, NRTRLoss: 1.342053, loss: 3.119246, avg_reader_cost: 0.00296 s, avg_batch_cost: 0.61208 s, avg_samples: 89.5, ips: 146.22157 samples/s, eta: 1:09:48, max_mem_reserved: 25002 MB, max_mem_allocated: 13654 MB
[2025/11/14 16:38:16] ppocr INFO: epoch: [14/20], global_step: 15130, lr: 0.000011, acc: 0.731893, norm_edit_dis: 0.951612, CTCLoss: 1.904904, NRTRLoss: 1.342053, loss: 3.257281, avg_reader_cost: 0.00294 s, avg_batch_cost: 0.62133 s, avg_samples: 98.0, ips: 157.72661 samples/s, eta: 1:09:42, max_mem_reserved: 25002 MB, max_mem_allocated: 13654 MB
[2025/11/14 16:38:21] ppocr INFO: epoch: [14/20], global_step: 15140, lr: 0.000011, acc: 0.765165, norm_edit_dis: 0.965536, CTCLoss: 1.713646, NRTRLoss: 1.331502, loss: 3.035046, avg_reader_cost: 0.00293 s, avg_batch_cost: 0.58235 s, avg_samples: 80.9, ips: 138.91965 samples/s, eta: 1:09:35, max_mem_reserved: 25002 MB, max_mem_allocated: 13654 MB
[2025/11/14 16:38:27] ppocr INFO: epoch: [14/20], global_step: 15150, lr: 0.000010, acc: 0.784743, norm_edit_dis: 0.966986, CTCLoss: 1.689294, NRTRLoss: 1.333438, loss: 3.016309, avg_reader_cost: 0.00294 s, avg_batch_cost: 0.60071 s, avg_samples: 87.4, ips: 145.49528 samples/s, eta: 1:09:29, max_mem_reserved: 25002 MB, max_mem_allocated: 13654 MB
[2025/11/14 16:38:34] ppocr INFO: epoch: [14/20], global_step: 15160, lr: 0.000010, acc: 0.772978, norm_edit_dis: 0.966815, CTCLoss: 1.812017, NRTRLoss: 1.344164, loss: 3.144170, avg_reader_cost: 0.00288 s, avg_batch_cost: 0.62691 s, avg_samples: 85.3, ips: 136.06438 samples/s, eta: 1:09:22, max_mem_reserved: 25002 MB, max_mem_allocated: 13654 MB
[2025/11/14 16:38:40] ppocr INFO: epoch: [14/20], global_step: 15170, lr: 0.000010, acc: 0.742187, norm_edit_dis: 0.955762, CTCLoss: 1.937850, NRTRLoss: 1.338732, loss: 3.262472, avg_reader_cost: 0.00286 s, avg_batch_cost: 0.64493 s, avg_samples: 95.9, ips: 148.69734 samples/s, eta: 1:09:16, max_mem_reserved: 25002 MB, max_mem_allocated: 13654 MB
[2025/11/14 16:38:46] ppocr INFO: epoch: [14/20], global_step: 15180, lr: 0.000010, acc: 0.745588, norm_edit_dis: 0.964257, CTCLoss: 1.937850, NRTRLoss: 1.330710, loss: 3.262472, avg_reader_cost: 0.00289 s, avg_batch_cost: 0.62492 s, avg_samples: 87.3, ips: 139.69843 samples/s, eta: 1:09:09, max_mem_reserved: 25002 MB, max_mem_allocated: 13654 MB
[2025/11/14 16:38:53] ppocr INFO: epoch: [14/20], global_step: 15190, lr: 0.000010, acc: 0.758823, norm_edit_dis: 0.965878, CTCLoss: 1.848095, NRTRLoss: 1.328489, loss: 3.168186, avg_reader_cost: 0.00294 s, avg_batch_cost: 0.62336 s, avg_samples: 87.3, ips: 140.04853 samples/s, eta: 1:09:03, max_mem_reserved: 25002 MB, max_mem_allocated: 13654 MB
[2025/11/14 16:38:59] ppocr INFO: epoch: [14/20], global_step: 15200, lr: 0.000010, acc: 0.764706, norm_edit_dis: 0.961131, CTCLoss: 1.880431, NRTRLoss: 1.344753, loss: 3.211704, avg_reader_cost: 0.00333 s, avg_batch_cost: 0.61310 s, avg_samples: 95.8, ips: 156.25475 samples/s, eta: 1:08:57, max_mem_reserved: 25002 MB, max_mem_allocated: 13654 MB
[2025/11/14 16:39:32] ppocr INFO: cur metric, acc: 0.8074999991925, norm_edit_dis: 0.9723649121218708, fps: 702.8221155620902
[2025/11/14 16:39:32] ppocr INFO: best metric, acc: 0.8177999991822, is_float16: False, norm_edit_dis: 0.973236203217195, fps: 692.6346647837529, best_epoch: 14
[2025/11/14 16:39:35] ppocr INFO: epoch: [14/20], global_step: 15204, lr: 0.000010, acc: 0.770588, norm_edit_dis: 0.963230, CTCLoss: 1.795547, NRTRLoss: 1.343143, loss: 3.119944, avg_reader_cost: 0.00105 s, avg_batch_cost: 0.23233 s, avg_samples: 34.1, ips: 146.77694 samples/s, eta: 1:08:54, max_mem_reserved: 25002 MB, max_mem_allocated: 13654 MB
[2025/11/14 16:39:39] ppocr INFO: save model in ./output/latest
[2025/11/14 16:39:40] ppocr INFO: save model in ./output/iter_epoch_14
[2025/11/14 16:39:45] ppocr INFO: epoch: [15/20], global_step: 15210, lr: 0.000010, acc: 0.747059, norm_edit_dis: 0.958630, CTCLoss: 1.820987, NRTRLoss: 1.343585, loss: 3.159843, avg_reader_cost: 0.61388 s, avg_batch_cost: 0.97991 s, avg_samples: 48.9, ips: 49.90275 samples/s, eta: 1:08:53, max_mem_reserved: 25002 MB, max_mem_allocated: 13654 MB
[2025/11/14 16:39:51] ppocr INFO: epoch: [15/20], global_step: 15220, lr: 0.000010, acc: 0.745588, norm_edit_dis: 0.962711, CTCLoss: 1.625219, NRTRLoss: 1.334826, loss: 2.972524, avg_reader_cost: 0.00294 s, avg_batch_cost: 0.62317 s, avg_samples: 87.4, ips: 140.25096 samples/s, eta: 1:08:46, max_mem_reserved: 25002 MB, max_mem_allocated: 13654 MB
[2025/11/14 16:39:57] ppocr INFO: epoch: [15/20], global_step: 15230, lr: 0.000010, acc: 0.648437, norm_edit_dis: 0.944754, CTCLoss: 2.444276, NRTRLoss: 1.342838, loss: 3.787114, avg_reader_cost: 0.00293 s, avg_batch_cost: 0.63890 s, avg_samples: 113.0, ips: 176.86553 samples/s, eta: 1:08:40, max_mem_reserved: 25002 MB, max_mem_allocated: 13654 MB
[2025/11/14 16:40:03] ppocr INFO: epoch: [15/20], global_step: 15240, lr: 0.000010, acc: 0.705882, norm_edit_dis: 0.957663, CTCLoss: 1.755140, NRTRLoss: 1.345997, loss: 3.092258, avg_reader_cost: 0.00286 s, avg_batch_cost: 0.59184 s, avg_samples: 78.8, ips: 133.14512 samples/s, eta: 1:08:34, max_mem_reserved: 25002 MB, max_mem_allocated: 13654 MB
[2025/11/14 16:40:09] ppocr INFO: epoch: [15/20], global_step: 15250, lr: 0.000010, acc: 0.747059, norm_edit_dis: 0.964573, CTCLoss: 1.516902, NRTRLoss: 1.331664, loss: 2.857118, avg_reader_cost: 0.00340 s, avg_batch_cost: 0.60958 s, avg_samples: 89.5, ips: 146.82324 samples/s, eta: 1:08:27, max_mem_reserved: 25002 MB, max_mem_allocated: 13654 MB
[2025/11/14 16:40:15] ppocr INFO: epoch: [15/20], global_step: 15260, lr: 0.000010, acc: 0.751470, norm_edit_dis: 0.961853, CTCLoss: 1.517018, NRTRLoss: 1.330335, loss: 2.850719, avg_reader_cost: 0.00296 s, avg_batch_cost: 0.61090 s, avg_samples: 93.8, ips: 153.54427 samples/s, eta: 1:08:21, max_mem_reserved: 25002 MB, max_mem_allocated: 13654 MB
[2025/11/14 16:40:22] ppocr INFO: epoch: [15/20], global_step: 15270, lr: 0.000010, acc: 0.750000, norm_edit_dis: 0.962590, CTCLoss: 1.871228, NRTRLoss: 1.330288, loss: 3.219179, avg_reader_cost: 0.00294 s, avg_batch_cost: 0.62448 s, avg_samples: 87.4, ips: 139.95616 samples/s, eta: 1:08:14, max_mem_reserved: 25002 MB, max_mem_allocated: 13654 MB
[2025/11/14 16:40:28] ppocr INFO: epoch: [15/20], global_step: 15280, lr: 0.000010, acc: 0.726562, norm_edit_dis: 0.952701, CTCLoss: 2.955049, NRTRLoss: 1.353920, loss: 4.306773, avg_reader_cost: 0.00349 s, avg_batch_cost: 0.65736 s, avg_samples: 104.5, ips: 158.96826 samples/s, eta: 1:08:08, max_mem_reserved: 25002 MB, max_mem_allocated: 13654 MB
[2025/11/14 16:40:34] ppocr INFO: epoch: [15/20], global_step: 15290, lr: 0.000010, acc: 0.729963, norm_edit_dis: 0.951010, CTCLoss: 2.221080, NRTRLoss: 1.349435, loss: 3.580039, avg_reader_cost: 0.00294 s, avg_batch_cost: 0.62770 s, avg_samples: 87.4, ips: 139.23805 samples/s, eta: 1:08:02, max_mem_reserved: 25002 MB, max_mem_allocated: 13654 MB
[2025/11/14 16:40:41] ppocr INFO: epoch: [15/20], global_step: 15300, lr: 0.000010, acc: 0.742187, norm_edit_dis: 0.956492, CTCLoss: 2.056409, NRTRLoss: 1.345395, loss: 3.389762, avg_reader_cost: 0.00351 s, avg_batch_cost: 0.65252 s, avg_samples: 100.2, ips: 153.55749 samples/s, eta: 1:07:55, max_mem_reserved: 25002 MB, max_mem_allocated: 13654 MB
[2025/11/14 16:41:16] ppocr INFO: cur metric, acc: 0.8060999991939001, norm_edit_dis: 0.9718693253823658, fps: 682.8765422810529
[2025/11/14 16:41:16] ppocr INFO: best metric, acc: 0.8177999991822, is_float16: False, norm_edit_dis: 0.973236203217195, fps: 692.6346647837529, best_epoch: 14
[2025/11/14 16:41:22] ppocr INFO: epoch: [15/20], global_step: 15310, lr: 0.000010, acc: 0.742187, norm_edit_dis: 0.963803, CTCLoss: 2.056409, NRTRLoss: 1.336404, loss: 3.389762, avg_reader_cost: 0.00348 s, avg_batch_cost: 0.63574 s, avg_samples: 87.4, ips: 137.47839 samples/s, eta: 1:07:49, max_mem_reserved: 25002 MB, max_mem_allocated: 13654 MB
[2025/11/14 16:41:28] ppocr INFO: epoch: [15/20], global_step: 15320, lr: 0.000010, acc: 0.784743, norm_edit_dis: 0.965953, CTCLoss: 1.532766, NRTRLoss: 1.330668, loss: 2.855550, avg_reader_cost: 0.00344 s, avg_batch_cost: 0.60040 s, avg_samples: 85.2, ips: 141.90522 samples/s, eta: 1:07:42, max_mem_reserved: 25002 MB, max_mem_allocated: 13654 MB
[2025/11/14 16:41:35] ppocr INFO: epoch: [15/20], global_step: 15330, lr: 0.000010, acc: 0.770588, norm_edit_dis: 0.963181, CTCLoss: 1.988683, NRTRLoss: 1.334670, loss: 3.314782, avg_reader_cost: 0.00492 s, avg_batch_cost: 0.63255 s, avg_samples: 89.5, ips: 141.49014 samples/s, eta: 1:07:36, max_mem_reserved: 25002 MB, max_mem_allocated: 13654 MB
[2025/11/14 16:41:41] ppocr INFO: epoch: [15/20], global_step: 15340, lr: 0.000010, acc: 0.711765, norm_edit_dis: 0.960408, CTCLoss: 1.936904, NRTRLoss: 1.336983, loss: 3.266427, avg_reader_cost: 0.00294 s, avg_batch_cost: 0.65645 s, avg_samples: 98.0, ips: 149.28796 samples/s, eta: 1:07:30, max_mem_reserved: 25002 MB, max_mem_allocated: 13654 MB
[2025/11/14 16:41:48] ppocr INFO: epoch: [15/20], global_step: 15350, lr: 0.000010, acc: 0.729963, norm_edit_dis: 0.961869, CTCLoss: 1.936904, NRTRLoss: 1.330763, loss: 3.266427, avg_reader_cost: 0.00339 s, avg_batch_cost: 0.63876 s, avg_samples: 89.4, ips: 139.95945 samples/s, eta: 1:07:24, max_mem_reserved: 25002 MB, max_mem_allocated: 13654 MB
[2025/11/14 16:41:54] ppocr INFO: epoch: [15/20], global_step: 15360, lr: 0.000010, acc: 0.752941, norm_edit_dis: 0.964212, CTCLoss: 1.731853, NRTRLoss: 1.328642, loss: 3.054651, avg_reader_cost: 0.00347 s, avg_batch_cost: 0.60837 s, avg_samples: 78.9, ips: 129.68998 samples/s, eta: 1:07:17, max_mem_reserved: 25002 MB, max_mem_allocated: 13654 MB
[2025/11/14 16:42:00] ppocr INFO: epoch: [15/20], global_step: 15370, lr: 0.000010, acc: 0.742187, norm_edit_dis: 0.960804, CTCLoss: 1.780632, NRTRLoss: 1.336170, loss: 3.106853, avg_reader_cost: 0.00342 s, avg_batch_cost: 0.60944 s, avg_samples: 87.4, ips: 143.41024 samples/s, eta: 1:07:11, max_mem_reserved: 25002 MB, max_mem_allocated: 13654 MB
[2025/11/14 16:42:06] ppocr INFO: epoch: [15/20], global_step: 15380, lr: 0.000010, acc: 0.726562, norm_edit_dis: 0.952446, CTCLoss: 2.809924, NRTRLoss: 1.341229, loss: 4.182302, avg_reader_cost: 0.00289 s, avg_batch_cost: 0.66269 s, avg_samples: 100.2, ips: 151.20268 samples/s, eta: 1:07:04, max_mem_reserved: 25002 MB, max_mem_allocated: 13654 MB
[2025/11/14 16:42:13] ppocr INFO: epoch: [15/20], global_step: 15390, lr: 0.000010, acc: 0.574219, norm_edit_dis: 0.936882, CTCLoss: 3.364877, NRTRLoss: 1.343642, loss: 4.703065, avg_reader_cost: 0.00347 s, avg_batch_cost: 0.67094 s, avg_samples: 106.6, ips: 158.88213 samples/s, eta: 1:06:58, max_mem_reserved: 25002 MB, max_mem_allocated: 13654 MB
[2025/11/14 16:42:19] ppocr INFO: epoch: [15/20], global_step: 15400, lr: 0.000010, acc: 0.657675, norm_edit_dis: 0.947004, CTCLoss: 2.744811, NRTRLoss: 1.343642, loss: 4.082973, avg_reader_cost: 0.00290 s, avg_batch_cost: 0.63788 s, avg_samples: 95.9, ips: 150.34201 samples/s, eta: 1:06:52, max_mem_reserved: 25002 MB, max_mem_allocated: 13654 MB
[2025/11/14 16:42:53] ppocr INFO: cur metric, acc: 0.7978999992021, norm_edit_dis: 0.9711767302014118, fps: 691.457700511579
[2025/11/14 16:42:53] ppocr INFO: best metric, acc: 0.8177999991822, is_float16: False, norm_edit_dis: 0.973236203217195, fps: 692.6346647837529, best_epoch: 14
[2025/11/14 16:42:59] ppocr INFO: epoch: [15/20], global_step: 15410, lr: 0.000010, acc: 0.745588, norm_edit_dis: 0.957128, CTCLoss: 2.444076, NRTRLoss: 1.343521, loss: 3.780949, avg_reader_cost: 0.00316 s, avg_batch_cost: 0.62177 s, avg_samples: 93.8, ips: 150.85970 samples/s, eta: 1:06:45, max_mem_reserved: 25002 MB, max_mem_allocated: 13654 MB
[2025/11/14 16:43:06] ppocr INFO: epoch: [15/20], global_step: 15420, lr: 0.000010, acc: 0.764706, norm_edit_dis: 0.958174, CTCLoss: 2.799910, NRTRLoss: 1.341655, loss: 4.130820, avg_reader_cost: 0.00286 s, avg_batch_cost: 0.64031 s, avg_samples: 87.3, ips: 136.34029 samples/s, eta: 1:06:39, max_mem_reserved: 25002 MB, max_mem_allocated: 13654 MB
[2025/11/14 16:43:12] ppocr INFO: epoch: [15/20], global_step: 15430, lr: 0.000010, acc: 0.764706, norm_edit_dis: 0.965083, CTCLoss: 2.791952, NRTRLoss: 1.334996, loss: 4.127138, avg_reader_cost: 0.00291 s, avg_batch_cost: 0.62955 s, avg_samples: 93.7, ips: 148.83622 samples/s, eta: 1:06:33, max_mem_reserved: 25002 MB, max_mem_allocated: 13654 MB
[2025/11/14 16:43:19] ppocr INFO: epoch: [15/20], global_step: 15440, lr: 0.000010, acc: 0.531250, norm_edit_dis: 0.925253, CTCLoss: 3.459979, NRTRLoss: 1.349173, loss: 4.807027, avg_reader_cost: 0.00342 s, avg_batch_cost: 0.68153 s, avg_samples: 117.3, ips: 172.11260 samples/s, eta: 1:06:27, max_mem_reserved: 25002 MB, max_mem_allocated: 13654 MB
[2025/11/14 16:43:25] ppocr INFO: epoch: [15/20], global_step: 15450, lr: 0.000010, acc: 0.527344, norm_edit_dis: 0.924098, CTCLoss: 3.448985, NRTRLoss: 1.351256, loss: 4.804404, avg_reader_cost: 0.00285 s, avg_batch_cost: 0.62671 s, avg_samples: 98.0, ips: 156.37213 samples/s, eta: 1:06:20, max_mem_reserved: 25002 MB, max_mem_allocated: 13654 MB
[2025/11/14 16:43:31] ppocr INFO: epoch: [15/20], global_step: 15460, lr: 0.000010, acc: 0.729412, norm_edit_dis: 0.955353, CTCLoss: 1.924111, NRTRLoss: 1.342882, loss: 3.274639, avg_reader_cost: 0.00291 s, avg_batch_cost: 0.65336 s, avg_samples: 98.0, ips: 149.99302 samples/s, eta: 1:06:14, max_mem_reserved: 25002 MB, max_mem_allocated: 13654 MB
[2025/11/14 16:43:37] ppocr INFO: epoch: [15/20], global_step: 15470, lr: 0.000010, acc: 0.749540, norm_edit_dis: 0.957644, CTCLoss: 1.851591, NRTRLoss: 1.342569, loss: 3.194160, avg_reader_cost: 0.00336 s, avg_batch_cost: 0.60116 s, avg_samples: 91.6, ips: 152.37097 samples/s, eta: 1:06:07, max_mem_reserved: 25002 MB, max_mem_allocated: 13654 MB
[2025/11/14 16:43:43] ppocr INFO: epoch: [15/20], global_step: 15480, lr: 0.000010, acc: 0.778860, norm_edit_dis: 0.969575, CTCLoss: 1.318064, NRTRLoss: 1.327851, loss: 2.642429, avg_reader_cost: 0.00286 s, avg_batch_cost: 0.57739 s, avg_samples: 78.8, ips: 136.47648 samples/s, eta: 1:06:01, max_mem_reserved: 25002 MB, max_mem_allocated: 13654 MB
[2025/11/14 16:43:50] ppocr INFO: epoch: [15/20], global_step: 15490, lr: 0.000010, acc: 0.753401, norm_edit_dis: 0.964417, CTCLoss: 1.814935, NRTRLoss: 1.331567, loss: 3.148424, avg_reader_cost: 0.00336 s, avg_batch_cost: 0.66187 s, avg_samples: 106.6, ips: 161.05784 samples/s, eta: 1:05:55, max_mem_reserved: 25002 MB, max_mem_allocated: 13654 MB
[2025/11/14 16:43:56] ppocr INFO: epoch: [15/20], global_step: 15500, lr: 0.000010, acc: 0.648437, norm_edit_dis: 0.938653, CTCLoss: 2.982247, NRTRLoss: 1.354672, loss: 4.336919, avg_reader_cost: 0.00296 s, avg_batch_cost: 0.62912 s, avg_samples: 93.8, ips: 149.09603 samples/s, eta: 1:05:48, max_mem_reserved: 25002 MB, max_mem_allocated: 13654 MB
[2025/11/14 16:44:29] ppocr INFO: cur metric, acc: 0.8135999991864, norm_edit_dis: 0.9727507178157293, fps: 707.1621226503864
[2025/11/14 16:44:29] ppocr INFO: best metric, acc: 0.8177999991822, is_float16: False, norm_edit_dis: 0.973236203217195, fps: 692.6346647837529, best_epoch: 14
[2025/11/14 16:44:36] ppocr INFO: epoch: [15/20], global_step: 15510, lr: 0.000010, acc: 0.649816, norm_edit_dis: 0.940794, CTCLoss: 3.053530, NRTRLoss: 1.350975, loss: 4.407360, avg_reader_cost: 0.00289 s, avg_batch_cost: 0.68223 s, avg_samples: 108.7, ips: 159.33140 samples/s, eta: 1:05:42, max_mem_reserved: 25002 MB, max_mem_allocated: 13654 MB
[2025/11/14 16:44:43] ppocr INFO: epoch: [15/20], global_step: 15520, lr: 0.000010, acc: 0.640028, norm_edit_dis: 0.939613, CTCLoss: 3.053530, NRTRLoss: 1.353830, loss: 4.407360, avg_reader_cost: 0.00290 s, avg_batch_cost: 0.62895 s, avg_samples: 93.8, ips: 149.13696 samples/s, eta: 1:05:36, max_mem_reserved: 25002 MB, max_mem_allocated: 13654 MB
[2025/11/14 16:44:49] ppocr INFO: epoch: [15/20], global_step: 15530, lr: 0.000010, acc: 0.723529, norm_edit_dis: 0.960279, CTCLoss: 2.007798, NRTRLoss: 1.339088, loss: 3.344363, avg_reader_cost: 0.00289 s, avg_batch_cost: 0.63518 s, avg_samples: 89.5, ips: 140.90396 samples/s, eta: 1:05:29, max_mem_reserved: 25002 MB, max_mem_allocated: 13654 MB
[2025/11/14 16:44:55] ppocr INFO: epoch: [15/20], global_step: 15540, lr: 0.000010, acc: 0.757353, norm_edit_dis: 0.962658, CTCLoss: 1.797082, NRTRLoss: 1.335222, loss: 3.132304, avg_reader_cost: 0.00297 s, avg_batch_cost: 0.63367 s, avg_samples: 85.2, ips: 134.45452 samples/s, eta: 1:05:23, max_mem_reserved: 25002 MB, max_mem_allocated: 13654 MB
[2025/11/14 16:45:02] ppocr INFO: epoch: [15/20], global_step: 15550, lr: 0.000010, acc: 0.776470, norm_edit_dis: 0.966935, CTCLoss: 1.575475, NRTRLoss: 1.339124, loss: 2.910205, avg_reader_cost: 0.00319 s, avg_batch_cost: 0.63619 s, avg_samples: 89.4, ips: 140.52481 samples/s, eta: 1:05:17, max_mem_reserved: 25002 MB, max_mem_allocated: 13654 MB
[2025/11/14 16:45:08] ppocr INFO: epoch: [15/20], global_step: 15560, lr: 0.000010, acc: 0.758823, norm_edit_dis: 0.965234, CTCLoss: 1.843169, NRTRLoss: 1.335247, loss: 3.170170, avg_reader_cost: 0.00326 s, avg_batch_cost: 0.64061 s, avg_samples: 91.6, ips: 142.98965 samples/s, eta: 1:05:10, max_mem_reserved: 25002 MB, max_mem_allocated: 13654 MB
[2025/11/14 16:45:15] ppocr INFO: epoch: [15/20], global_step: 15570, lr: 0.000010, acc: 0.735294, norm_edit_dis: 0.956721, CTCLoss: 1.972405, NRTRLoss: 1.340146, loss: 3.315737, avg_reader_cost: 0.00297 s, avg_batch_cost: 0.65224 s, avg_samples: 98.0, ips: 150.25034 samples/s, eta: 1:05:04, max_mem_reserved: 25002 MB, max_mem_allocated: 13654 MB
[2025/11/14 16:45:21] ppocr INFO: epoch: [15/20], global_step: 15580, lr: 0.000010, acc: 0.726562, norm_edit_dis: 0.954219, CTCLoss: 2.002910, NRTRLoss: 1.343637, loss: 3.340843, avg_reader_cost: 0.00286 s, avg_batch_cost: 0.61979 s, avg_samples: 89.5, ips: 144.40422 samples/s, eta: 1:04:58, max_mem_reserved: 25002 MB, max_mem_allocated: 13654 MB
[2025/11/14 16:45:27] ppocr INFO: epoch: [15/20], global_step: 15590, lr: 0.000010, acc: 0.759283, norm_edit_dis: 0.960228, CTCLoss: 1.701912, NRTRLoss: 1.337904, loss: 3.030931, avg_reader_cost: 0.00285 s, avg_batch_cost: 0.58848 s, avg_samples: 89.5, ips: 152.08665 samples/s, eta: 1:04:51, max_mem_reserved: 25002 MB, max_mem_allocated: 13654 MB
[2025/11/14 16:45:33] ppocr INFO: epoch: [15/20], global_step: 15600, lr: 0.000010, acc: 0.751470, norm_edit_dis: 0.962924, CTCLoss: 1.951940, NRTRLoss: 1.340009, loss: 3.295079, avg_reader_cost: 0.00292 s, avg_batch_cost: 0.62195 s, avg_samples: 85.2, ips: 136.98923 samples/s, eta: 1:04:45, max_mem_reserved: 25002 MB, max_mem_allocated: 13654 MB
[2025/11/14 16:46:08] ppocr INFO: cur metric, acc: 0.8100999991899, norm_edit_dis: 0.9720940781204284, fps: 685.1617191987037
[2025/11/14 16:46:08] ppocr INFO: best metric, acc: 0.8177999991822, is_float16: False, norm_edit_dis: 0.973236203217195, fps: 692.6346647837529, best_epoch: 14
[2025/11/14 16:46:14] ppocr INFO: epoch: [15/20], global_step: 15610, lr: 0.000010, acc: 0.734375, norm_edit_dis: 0.956278, CTCLoss: 2.165656, NRTRLoss: 1.341924, loss: 3.510800, avg_reader_cost: 0.00286 s, avg_batch_cost: 0.63031 s, avg_samples: 93.8, ips: 148.81483 samples/s, eta: 1:04:38, max_mem_reserved: 25002 MB, max_mem_allocated: 13654 MB
[2025/11/14 16:46:20] ppocr INFO: epoch: [15/20], global_step: 15620, lr: 0.000010, acc: 0.726011, norm_edit_dis: 0.958457, CTCLoss: 2.146471, NRTRLoss: 1.337273, loss: 3.473953, avg_reader_cost: 0.00290 s, avg_batch_cost: 0.63489 s, avg_samples: 95.9, ips: 151.04912 samples/s, eta: 1:04:32, max_mem_reserved: 25002 MB, max_mem_allocated: 13654 MB
[2025/11/14 16:46:27] ppocr INFO: epoch: [15/20], global_step: 15630, lr: 0.000010, acc: 0.726562, norm_edit_dis: 0.963310, CTCLoss: 2.074069, NRTRLoss: 1.336333, loss: 3.407592, avg_reader_cost: 0.00288 s, avg_batch_cost: 0.63972 s, avg_samples: 93.8, ips: 146.62662 samples/s, eta: 1:04:26, max_mem_reserved: 25002 MB, max_mem_allocated: 13654 MB
[2025/11/14 16:46:33] ppocr INFO: epoch: [15/20], global_step: 15640, lr: 0.000009, acc: 0.745588, norm_edit_dis: 0.956211, CTCLoss: 2.071489, NRTRLoss: 1.339188, loss: 3.418397, avg_reader_cost: 0.00294 s, avg_batch_cost: 0.63477 s, avg_samples: 95.9, ips: 151.07949 samples/s, eta: 1:04:19, max_mem_reserved: 25002 MB, max_mem_allocated: 13654 MB
[2025/11/14 16:46:39] ppocr INFO: epoch: [15/20], global_step: 15650, lr: 0.000009, acc: 0.788235, norm_edit_dis: 0.962971, CTCLoss: 1.506281, NRTRLoss: 1.338331, loss: 2.835083, avg_reader_cost: 0.00289 s, avg_batch_cost: 0.60107 s, avg_samples: 91.6, ips: 152.39393 samples/s, eta: 1:04:13, max_mem_reserved: 25002 MB, max_mem_allocated: 13654 MB
[2025/11/14 16:46:45] ppocr INFO: epoch: [15/20], global_step: 15660, lr: 0.000009, acc: 0.781250, norm_edit_dis: 0.963808, CTCLoss: 1.775875, NRTRLoss: 1.330451, loss: 3.108635, avg_reader_cost: 0.00290 s, avg_batch_cost: 0.64010 s, avg_samples: 93.8, ips: 146.53995 samples/s, eta: 1:04:07, max_mem_reserved: 25002 MB, max_mem_allocated: 13654 MB
[2025/11/14 16:46:52] ppocr INFO: epoch: [15/20], global_step: 15670, lr: 0.000009, acc: 0.729412, norm_edit_dis: 0.959072, CTCLoss: 2.246866, NRTRLoss: 1.349144, loss: 3.581807, avg_reader_cost: 0.00295 s, avg_batch_cost: 0.65701 s, avg_samples: 102.3, ips: 155.70545 samples/s, eta: 1:04:00, max_mem_reserved: 25002 MB, max_mem_allocated: 13654 MB
[2025/11/14 16:46:58] ppocr INFO: epoch: [15/20], global_step: 15680, lr: 0.000009, acc: 0.765165, norm_edit_dis: 0.961939, CTCLoss: 1.764235, NRTRLoss: 1.334436, loss: 3.090254, avg_reader_cost: 0.00346 s, avg_batch_cost: 0.58488 s, avg_samples: 81.0, ips: 138.48943 samples/s, eta: 1:03:54, max_mem_reserved: 25002 MB, max_mem_allocated: 13654 MB
[2025/11/14 16:47:04] ppocr INFO: epoch: [15/20], global_step: 15690, lr: 0.000009, acc: 0.778860, norm_edit_dis: 0.963137, CTCLoss: 1.603344, NRTRLoss: 1.329183, loss: 2.946543, avg_reader_cost: 0.00289 s, avg_batch_cost: 0.62994 s, avg_samples: 93.8, ips: 148.90376 samples/s, eta: 1:03:47, max_mem_reserved: 25002 MB, max_mem_allocated: 13654 MB
[2025/11/14 16:47:11] ppocr INFO: epoch: [15/20], global_step: 15700, lr: 0.000009, acc: 0.742187, norm_edit_dis: 0.961043, CTCLoss: 2.269987, NRTRLoss: 1.338914, loss: 3.599076, avg_reader_cost: 0.00293 s, avg_batch_cost: 0.64791 s, avg_samples: 95.9, ips: 148.01433 samples/s, eta: 1:03:41, max_mem_reserved: 25002 MB, max_mem_allocated: 13654 MB
[2025/11/14 16:47:44] ppocr INFO: cur metric, acc: 0.8116999991883, norm_edit_dis: 0.9725628910777312, fps: 703.8138559694804
[2025/11/14 16:47:44] ppocr INFO: best metric, acc: 0.8177999991822, is_float16: False, norm_edit_dis: 0.973236203217195, fps: 692.6346647837529, best_epoch: 14
[2025/11/14 16:47:51] ppocr INFO: epoch: [15/20], global_step: 15710, lr: 0.000009, acc: 0.765165, norm_edit_dis: 0.963034, CTCLoss: 2.205844, NRTRLoss: 1.338846, loss: 3.549765, avg_reader_cost: 0.00288 s, avg_batch_cost: 0.64172 s, avg_samples: 91.5, ips: 142.58592 samples/s, eta: 1:03:35, max_mem_reserved: 25002 MB, max_mem_allocated: 13654 MB
[2025/11/14 16:47:57] ppocr INFO: epoch: [15/20], global_step: 15720, lr: 0.000009, acc: 0.741176, norm_edit_dis: 0.965028, CTCLoss: 1.945679, NRTRLoss: 1.339744, loss: 3.285879, avg_reader_cost: 0.00297 s, avg_batch_cost: 0.65847 s, avg_samples: 102.2, ips: 155.20787 samples/s, eta: 1:03:28, max_mem_reserved: 25002 MB, max_mem_allocated: 13654 MB
[2025/11/14 16:48:04] ppocr INFO: epoch: [15/20], global_step: 15730, lr: 0.000009, acc: 0.729412, norm_edit_dis: 0.965111, CTCLoss: 1.818988, NRTRLoss: 1.333329, loss: 3.150709, avg_reader_cost: 0.00292 s, avg_batch_cost: 0.62529 s, avg_samples: 89.4, ips: 142.97374 samples/s, eta: 1:03:22, max_mem_reserved: 25002 MB, max_mem_allocated: 13654 MB
[2025/11/14 16:48:10] ppocr INFO: epoch: [15/20], global_step: 15740, lr: 0.000009, acc: 0.749540, norm_edit_dis: 0.963667, CTCLoss: 1.730504, NRTRLoss: 1.331960, loss: 3.059210, avg_reader_cost: 0.00293 s, avg_batch_cost: 0.63080 s, avg_samples: 93.8, ips: 148.69944 samples/s, eta: 1:03:16, max_mem_reserved: 25002 MB, max_mem_allocated: 13654 MB
[2025/11/14 16:48:16] ppocr INFO: epoch: [15/20], global_step: 15750, lr: 0.000009, acc: 0.724081, norm_edit_dis: 0.960862, CTCLoss: 1.821161, NRTRLoss: 1.336244, loss: 3.154595, avg_reader_cost: 0.00296 s, avg_batch_cost: 0.61697 s, avg_samples: 93.8, ips: 152.03375 samples/s, eta: 1:03:09, max_mem_reserved: 25002 MB, max_mem_allocated: 13654 MB
[2025/11/14 16:48:22] ppocr INFO: epoch: [15/20], global_step: 15760, lr: 0.000009, acc: 0.731893, norm_edit_dis: 0.961968, CTCLoss: 1.712811, NRTRLoss: 1.330467, loss: 3.036104, avg_reader_cost: 0.00293 s, avg_batch_cost: 0.62467 s, avg_samples: 95.9, ips: 153.52092 samples/s, eta: 1:03:03, max_mem_reserved: 25002 MB, max_mem_allocated: 13654 MB
[2025/11/14 16:48:28] ppocr INFO: epoch: [15/20], global_step: 15770, lr: 0.000009, acc: 0.759283, norm_edit_dis: 0.964466, CTCLoss: 1.507643, NRTRLoss: 1.332226, loss: 2.844611, avg_reader_cost: 0.00340 s, avg_batch_cost: 0.57515 s, avg_samples: 70.3, ips: 122.22931 samples/s, eta: 1:02:56, max_mem_reserved: 25002 MB, max_mem_allocated: 13654 MB
[2025/11/14 16:48:35] ppocr INFO: epoch: [15/20], global_step: 15780, lr: 0.000009, acc: 0.759283, norm_edit_dis: 0.964466, CTCLoss: 1.780074, NRTRLoss: 1.333441, loss: 3.110982, avg_reader_cost: 0.00293 s, avg_batch_cost: 0.64448 s, avg_samples: 93.7, ips: 145.38955 samples/s, eta: 1:02:50, max_mem_reserved: 25002 MB, max_mem_allocated: 13654 MB
[2025/11/14 16:48:41] ppocr INFO: epoch: [15/20], global_step: 15790, lr: 0.000009, acc: 0.718750, norm_edit_dis: 0.954634, CTCLoss: 2.102097, NRTRLoss: 1.339758, loss: 3.448839, avg_reader_cost: 0.00337 s, avg_batch_cost: 0.66700 s, avg_samples: 102.3, ips: 153.37300 samples/s, eta: 1:02:44, max_mem_reserved: 25002 MB, max_mem_allocated: 13654 MB
[2025/11/14 16:48:47] ppocr INFO: epoch: [15/20], global_step: 15800, lr: 0.000009, acc: 0.752941, norm_edit_dis: 0.964711, CTCLoss: 1.816561, NRTRLoss: 1.333596, loss: 3.149684, avg_reader_cost: 0.00293 s, avg_batch_cost: 0.59805 s, avg_samples: 74.5, ips: 124.57053 samples/s, eta: 1:02:37, max_mem_reserved: 25002 MB, max_mem_allocated: 13654 MB
