[2025/11/10 12:28:21] ppocr WARNING: You are using VisualDL, the VisualDL is deprecated and removed in ppocr!
[2025/11/10 12:28:21] ppocr INFO: Architecture : 
[2025/11/10 12:28:21] ppocr INFO:     Backbone : 
[2025/11/10 12:28:21] ppocr INFO:         name : PPHGNetV2_B4
[2025/11/10 12:28:21] ppocr INFO:         text_rec : True
[2025/11/10 12:28:21] ppocr INFO:     Head : 
[2025/11/10 12:28:21] ppocr INFO:         head_list : 
[2025/11/10 12:28:21] ppocr INFO:             CTCHead : 
[2025/11/10 12:28:21] ppocr INFO:                 Head : 
[2025/11/10 12:28:21] ppocr INFO:                     fc_decay : 1e-05
[2025/11/10 12:28:21] ppocr INFO:                 Neck : 
[2025/11/10 12:28:21] ppocr INFO:                     depth : 2
[2025/11/10 12:28:21] ppocr INFO:                     dims : 120
[2025/11/10 12:28:21] ppocr INFO:                     hidden_dims : 120
[2025/11/10 12:28:21] ppocr INFO:                     kernel_size : [1, 3]
[2025/11/10 12:28:21] ppocr INFO:                     name : svtr
[2025/11/10 12:28:21] ppocr INFO:                     use_guide : True
[2025/11/10 12:28:21] ppocr INFO:             NRTRHead : 
[2025/11/10 12:28:21] ppocr INFO:                 max_text_length : 75
[2025/11/10 12:28:21] ppocr INFO:                 nrtr_dim : 384
[2025/11/10 12:28:21] ppocr INFO:         name : MultiHead
[2025/11/10 12:28:21] ppocr INFO:     Transform : None
[2025/11/10 12:28:21] ppocr INFO:     algorithm : SVTR_HGNet
[2025/11/10 12:28:21] ppocr INFO:     model_type : rec
[2025/11/10 12:28:21] ppocr INFO: Eval : 
[2025/11/10 12:28:21] ppocr INFO:     dataset : 
[2025/11/10 12:28:21] ppocr INFO:         data_dir : ./text/typed_text/az_config_train
[2025/11/10 12:28:21] ppocr INFO:         label_file_list : ['./text/typed_text/az_config_train/val_list.txt']
[2025/11/10 12:28:21] ppocr INFO:         name : SimpleDataSet
[2025/11/10 12:28:21] ppocr INFO:         transforms : 
[2025/11/10 12:28:21] ppocr INFO:             DecodeImage : 
[2025/11/10 12:28:21] ppocr INFO:                 channel_first : False
[2025/11/10 12:28:21] ppocr INFO:                 img_mode : BGR
[2025/11/10 12:28:21] ppocr INFO:             MultiLabelEncode : 
[2025/11/10 12:28:21] ppocr INFO:                 gtc_encode : NRTRLabelEncode
[2025/11/10 12:28:21] ppocr INFO:             RecResizeImg : 
[2025/11/10 12:28:21] ppocr INFO:                 image_shape : [3, 48, 320]
[2025/11/10 12:28:21] ppocr INFO:             KeepKeys : 
[2025/11/10 12:28:21] ppocr INFO:                 keep_keys : ['image', 'label_ctc', 'label_gtc', 'length', 'valid_ratio']
[2025/11/10 12:28:21] ppocr INFO:     loader : 
[2025/11/10 12:28:21] ppocr INFO:         batch_size_per_card : 512
[2025/11/10 12:28:21] ppocr INFO:         drop_last : False
[2025/11/10 12:28:21] ppocr INFO:         num_workers : 24
[2025/11/10 12:28:21] ppocr INFO:         shuffle : False
[2025/11/10 12:28:21] ppocr INFO: Global : 
[2025/11/10 12:28:21] ppocr INFO:     cal_metric_during_train : True
[2025/11/10 12:28:21] ppocr INFO:     calc_epoch_interval : 1
[2025/11/10 12:28:21] ppocr INFO:     character_dict_path : ./text/typed_text/dict.txt
[2025/11/10 12:28:21] ppocr INFO:     checkpoints : None
[2025/11/10 12:28:21] ppocr INFO:     d2s_train_image_shape : [3, 48, 320]
[2025/11/10 12:28:21] ppocr INFO:     debug : True
[2025/11/10 12:28:21] ppocr INFO:     distributed : False
[2025/11/10 12:28:21] ppocr INFO:     early_stop : 
[2025/11/10 12:28:21] ppocr INFO:         min_delta : 0.001
[2025/11/10 12:28:21] ppocr INFO:         patience : 5
[2025/11/10 12:28:21] ppocr INFO:     epoch_num : 20
[2025/11/10 12:28:21] ppocr INFO:     eval_batch_step : [0, 100]
[2025/11/10 12:28:21] ppocr INFO:     infer_mode : False
[2025/11/10 12:28:21] ppocr INFO:     log_smooth_window : 20
[2025/11/10 12:28:21] ppocr INFO:     max_text_length : 75
[2025/11/10 12:28:21] ppocr INFO:     model_name : PP-OCRv5_server_rec
[2025/11/10 12:28:21] ppocr INFO:     pretrained_model : ./text/typed_text/pretrain_models/PP-OCRv5_server_rec_pretrained.pdparams
[2025/11/10 12:28:21] ppocr INFO:     print_batch_step : 10
[2025/11/10 12:28:21] ppocr INFO:     save_epoch_step : 1
[2025/11/10 12:28:21] ppocr INFO:     save_inference_dir : None
[2025/11/10 12:28:21] ppocr INFO:     save_model_dir : ./output
[2025/11/10 12:28:21] ppocr INFO:     save_res_path : ./output/rec/predicts_ppocrv5.txt
[2025/11/10 12:28:21] ppocr INFO:     use_gpu : True
[2025/11/10 12:28:21] ppocr INFO:     use_space_char : True
[2025/11/10 12:28:21] ppocr INFO:     use_visualdl : True
[2025/11/10 12:28:21] ppocr INFO: Loss : 
[2025/11/10 12:28:21] ppocr INFO:     loss_config_list : 
[2025/11/10 12:28:21] ppocr INFO:         CTCLoss : 
[2025/11/10 12:28:21] ppocr INFO:             weight : 1.0
[2025/11/10 12:28:21] ppocr INFO:         NRTRLoss : 
[2025/11/10 12:28:21] ppocr INFO:             weight : 1.5
[2025/11/10 12:28:21] ppocr INFO:     name : MultiLoss
[2025/11/10 12:28:21] ppocr INFO: Metric : 
[2025/11/10 12:28:21] ppocr INFO:     main_indicator : acc
[2025/11/10 12:28:21] ppocr INFO:     name : RecMetric
[2025/11/10 12:28:21] ppocr INFO: Optimizer : 
[2025/11/10 12:28:21] ppocr INFO:     beta1 : 0.9
[2025/11/10 12:28:21] ppocr INFO:     beta2 : 0.999
[2025/11/10 12:28:21] ppocr INFO:     lr : 
[2025/11/10 12:28:21] ppocr INFO:         learning_rate : 0.0003
[2025/11/10 12:28:21] ppocr INFO:         name : Cosine
[2025/11/10 12:28:21] ppocr INFO:         warmup_epoch : 2
[2025/11/10 12:28:21] ppocr INFO:     name : Adam
[2025/11/10 12:28:21] ppocr INFO:     regularizer : 
[2025/11/10 12:28:21] ppocr INFO:         factor : 3e-05
[2025/11/10 12:28:21] ppocr INFO:         name : L2
[2025/11/10 12:28:21] ppocr INFO: PostProcess : 
[2025/11/10 12:28:21] ppocr INFO:     name : CTCLabelDecode
[2025/11/10 12:28:21] ppocr INFO: Train : 
[2025/11/10 12:28:21] ppocr INFO:     dataset : 
[2025/11/10 12:28:21] ppocr INFO:         data_dir : ./text/typed_text/az_config_train
[2025/11/10 12:28:21] ppocr INFO:         ds_width : False
[2025/11/10 12:28:21] ppocr INFO:         ext_op_transform_idx : 1
[2025/11/10 12:28:21] ppocr INFO:         label_file_list : ['./text/typed_text/az_config_train/train_list.txt']
[2025/11/10 12:28:21] ppocr INFO:         name : MultiScaleDataSet
[2025/11/10 12:28:21] ppocr INFO:         transforms : 
[2025/11/10 12:28:21] ppocr INFO:             DecodeImage : 
[2025/11/10 12:28:21] ppocr INFO:                 channel_first : False
[2025/11/10 12:28:21] ppocr INFO:                 img_mode : BGR
[2025/11/10 12:28:21] ppocr INFO:             RecAug : None
[2025/11/10 12:28:21] ppocr INFO:             MultiLabelEncode : 
[2025/11/10 12:28:21] ppocr INFO:                 gtc_encode : NRTRLabelEncode
[2025/11/10 12:28:21] ppocr INFO:             KeepKeys : 
[2025/11/10 12:28:21] ppocr INFO:                 keep_keys : ['image', 'label_ctc', 'label_gtc', 'length', 'valid_ratio']
[2025/11/10 12:28:21] ppocr INFO:     loader : 
[2025/11/10 12:28:21] ppocr INFO:         batch_size_per_card : 1500
[2025/11/10 12:28:21] ppocr INFO:         drop_last : True
[2025/11/10 12:28:21] ppocr INFO:         num_workers : 24
[2025/11/10 12:28:21] ppocr INFO:         shuffle : True
[2025/11/10 12:28:21] ppocr INFO:     sampler : 
[2025/11/10 12:28:21] ppocr INFO:         divided_factor : [8, 16]
[2025/11/10 12:28:21] ppocr INFO:         first_bs : 128
[2025/11/10 12:28:21] ppocr INFO:         fix_bs : False
[2025/11/10 12:28:21] ppocr INFO:         is_training : True
[2025/11/10 12:28:21] ppocr INFO:         name : MultiScaleSampler
[2025/11/10 12:28:21] ppocr INFO:         scales : [[320, 32], [320, 48], [320, 64]]
[2025/11/10 12:28:21] ppocr INFO: profiler_options : None
[2025/11/10 12:28:21] ppocr INFO: train with paddle 3.0.0 and device Place(gpu:0)
[2025/11/10 12:28:21] ppocr INFO: Initialize indexes of datasets:['./text/typed_text/az_config_train/train_list.txt']
[2025/11/10 12:28:21] ppocr INFO: Initialize indexes of datasets:['./text/typed_text/az_config_train/val_list.txt']
[2025/11/10 12:28:22] ppocr INFO: train dataloader has 1086 iters
[2025/11/10 12:28:22] ppocr INFO: valid dataloader has 20 iters
[2025/11/10 12:28:23] ppocr WARNING: The shape of model params head.ctc_head.fc.weight [120, 18387] not matched with loaded params head.ctc_head.fc.weight [120, 18385] !
[2025/11/10 12:28:23] ppocr WARNING: The shape of model params head.ctc_head.fc.bias [18387] not matched with loaded params head.ctc_head.fc.bias [18385] !
[2025/11/10 12:28:23] ppocr WARNING: The shape of model params head.gtc_head.embedding.embedding.weight [18391, 384] not matched with loaded params head.gtc_head.embedding.embedding.weight [18389, 384] !
[2025/11/10 12:28:23] ppocr WARNING: The shape of model params head.gtc_head.tgt_word_prj.weight [384, 18391] not matched with loaded params head.gtc_head.tgt_word_prj.weight [384, 18389] !
[2025/11/10 12:28:23] ppocr INFO: load pretrain successful from ./text/typed_text/pretrain_models/PP-OCRv5_server_rec_pretrained
[2025/11/10 12:28:23] ppocr INFO: During the training process, after the 0th iteration, an evaluation is run every 100 iterations
[2025/11/10 12:28:31] ppocr INFO: epoch: [1/20], global_step: 10, lr: 0.000001, acc: 0.000000, norm_edit_dis: 0.000000, CTCLoss: 381.839386, NRTRLoss: 11.643614, loss: 393.591476, avg_reader_cost: 0.08320 s, avg_batch_cost: 0.81926 s, avg_samples: 104.5, ips: 127.55357 samples/s, eta: 4:56:26, max_mem_reserved: 14742 MB, max_mem_allocated: 13607 MB
[2025/11/10 12:28:38] ppocr INFO: epoch: [1/20], global_step: 20, lr: 0.000001, acc: 0.000000, norm_edit_dis: 0.000000, CTCLoss: 380.373734, NRTRLoss: 11.544672, loss: 391.778976, avg_reader_cost: 0.00280 s, avg_batch_cost: 0.64747 s, avg_samples: 100.2, ips: 154.75613 samples/s, eta: 4:25:14, max_mem_reserved: 14742 MB, max_mem_allocated: 13607 MB
[2025/11/10 12:28:44] ppocr INFO: epoch: [1/20], global_step: 30, lr: 0.000003, acc: 0.000000, norm_edit_dis: 0.000000, CTCLoss: 380.123932, NRTRLoss: 11.231358, loss: 391.375519, avg_reader_cost: 0.00281 s, avg_batch_cost: 0.64572 s, avg_samples: 93.8, ips: 145.26526 samples/s, eta: 4:14:33, max_mem_reserved: 14742 MB, max_mem_allocated: 13607 MB
[2025/11/10 12:28:51] ppocr INFO: epoch: [1/20], global_step: 40, lr: 0.000004, acc: 0.000000, norm_edit_dis: 0.000000, CTCLoss: 378.855759, NRTRLoss: 10.665682, loss: 389.431000, avg_reader_cost: 0.00280 s, avg_batch_cost: 0.66727 s, avg_samples: 93.8, ips: 140.57274 samples/s, eta: 4:11:06, max_mem_reserved: 14742 MB, max_mem_allocated: 13607 MB
[2025/11/10 12:28:57] ppocr INFO: epoch: [1/20], global_step: 50, lr: 0.000005, acc: 0.000000, norm_edit_dis: 0.000000, CTCLoss: 376.748627, NRTRLoss: 9.724202, loss: 386.552032, avg_reader_cost: 0.00278 s, avg_batch_cost: 0.58483 s, avg_samples: 78.9, ips: 134.91145 samples/s, eta: 4:03:01, max_mem_reserved: 14742 MB, max_mem_allocated: 13607 MB
[2025/11/10 12:29:03] ppocr INFO: epoch: [1/20], global_step: 60, lr: 0.000007, acc: 0.000000, norm_edit_dis: 0.000000, CTCLoss: 373.681046, NRTRLoss: 8.408412, loss: 382.248642, avg_reader_cost: 0.00279 s, avg_batch_cost: 0.65407 s, avg_samples: 98.0, ips: 149.83033 samples/s, eta: 4:01:47, max_mem_reserved: 14742 MB, max_mem_allocated: 13607 MB
[2025/11/10 12:29:10] ppocr INFO: epoch: [1/20], global_step: 70, lr: 0.000008, acc: 0.000000, norm_edit_dis: 0.000228, CTCLoss: 370.461212, NRTRLoss: 7.292104, loss: 377.945251, avg_reader_cost: 0.00278 s, avg_batch_cost: 0.64669 s, avg_samples: 85.3, ips: 131.90325 samples/s, eta: 4:00:29, max_mem_reserved: 14742 MB, max_mem_allocated: 13607 MB
[2025/11/10 12:29:16] ppocr INFO: epoch: [1/20], global_step: 80, lr: 0.000010, acc: 0.000000, norm_edit_dis: 0.000667, CTCLoss: 366.060745, NRTRLoss: 6.430001, loss: 372.497345, avg_reader_cost: 0.00281 s, avg_batch_cost: 0.65824 s, avg_samples: 93.8, ips: 142.50059 samples/s, eta: 4:00:00, max_mem_reserved: 14742 MB, max_mem_allocated: 13607 MB
[2025/11/10 12:29:23] ppocr INFO: epoch: [1/20], global_step: 90, lr: 0.000011, acc: 0.000000, norm_edit_dis: 0.002960, CTCLoss: 358.533386, NRTRLoss: 6.012138, loss: 364.335052, avg_reader_cost: 0.00280 s, avg_batch_cost: 0.63678 s, avg_samples: 85.3, ips: 133.95467 samples/s, eta: 3:58:44, max_mem_reserved: 14742 MB, max_mem_allocated: 13607 MB
[2025/11/10 12:29:29] ppocr INFO: epoch: [1/20], global_step: 100, lr: 0.000012, acc: 0.000000, norm_edit_dis: 0.009295, CTCLoss: 348.644302, NRTRLoss: 5.812603, loss: 354.413712, avg_reader_cost: 0.00281 s, avg_batch_cost: 0.64400 s, avg_samples: 89.5, ips: 138.97605 samples/s, eta: 3:57:58, max_mem_reserved: 14742 MB, max_mem_allocated: 13607 MB
[2025/11/10 12:30:03] ppocr INFO: cur metric, acc: 0.0, norm_edit_dis: 0.02238047424911116, fps: 577.4904560234409
[2025/11/10 12:30:05] ppocr INFO: save best model is to ./output/best_accuracy
[2025/11/10 12:30:05] ppocr INFO: best metric, acc: 0.0, is_float16: False, norm_edit_dis: 0.02238047424911116, fps: 577.4904560234409, best_epoch: 1
[2025/11/10 12:30:12] ppocr INFO: epoch: [1/20], global_step: 110, lr: 0.000014, acc: 0.000000, norm_edit_dis: 0.015961, CTCLoss: 336.025589, NRTRLoss: 5.621017, loss: 341.582245, avg_reader_cost: 0.00292 s, avg_batch_cost: 0.70775 s, avg_samples: 104.4, ips: 147.50957 samples/s, eta: 3:59:24, max_mem_reserved: 25002 MB, max_mem_allocated: 13607 MB
[2025/11/10 12:30:18] ppocr INFO: epoch: [1/20], global_step: 120, lr: 0.000015, acc: 0.000000, norm_edit_dis: 0.023620, CTCLoss: 322.270081, NRTRLoss: 5.462463, loss: 327.833801, avg_reader_cost: 0.00295 s, avg_batch_cost: 0.67364 s, avg_samples: 91.6, ips: 135.97720 samples/s, eta: 3:59:34, max_mem_reserved: 25002 MB, max_mem_allocated: 13607 MB
[2025/11/10 12:30:25] ppocr INFO: epoch: [1/20], global_step: 130, lr: 0.000017, acc: 0.000000, norm_edit_dis: 0.028229, CTCLoss: 308.453613, NRTRLoss: 5.355115, loss: 313.824463, avg_reader_cost: 0.00286 s, avg_batch_cost: 0.67839 s, avg_samples: 89.5, ips: 131.93071 samples/s, eta: 3:59:49, max_mem_reserved: 25002 MB, max_mem_allocated: 13607 MB
[2025/11/10 12:30:32] ppocr INFO: epoch: [1/20], global_step: 140, lr: 0.000018, acc: 0.000000, norm_edit_dis: 0.031566, CTCLoss: 293.167679, NRTRLoss: 5.184036, loss: 298.419922, avg_reader_cost: 0.00289 s, avg_batch_cost: 0.67493 s, avg_samples: 100.2, ips: 148.45944 samples/s, eta: 3:59:55, max_mem_reserved: 25002 MB, max_mem_allocated: 13607 MB
[2025/11/10 12:30:39] ppocr INFO: epoch: [1/20], global_step: 150, lr: 0.000019, acc: 0.000000, norm_edit_dis: 0.034935, CTCLoss: 279.368958, NRTRLoss: 5.044281, loss: 284.298843, avg_reader_cost: 0.00282 s, avg_batch_cost: 0.66016 s, avg_samples: 85.3, ips: 129.21155 samples/s, eta: 3:59:38, max_mem_reserved: 25002 MB, max_mem_allocated: 13607 MB
[2025/11/10 12:30:46] ppocr INFO: epoch: [1/20], global_step: 160, lr: 0.000021, acc: 0.000000, norm_edit_dis: 0.036810, CTCLoss: 269.251984, NRTRLoss: 4.912016, loss: 274.166138, avg_reader_cost: 0.00359 s, avg_batch_cost: 0.71657 s, avg_samples: 108.7, ips: 151.69501 samples/s, eta: 4:00:39, max_mem_reserved: 25002 MB, max_mem_allocated: 13607 MB
[2025/11/10 12:30:53] ppocr INFO: epoch: [1/20], global_step: 170, lr: 0.000022, acc: 0.000000, norm_edit_dis: 0.038897, CTCLoss: 258.877014, NRTRLoss: 4.779941, loss: 263.703598, avg_reader_cost: 0.00289 s, avg_batch_cost: 0.69568 s, avg_samples: 102.3, ips: 147.05111 samples/s, eta: 4:01:05, max_mem_reserved: 25002 MB, max_mem_allocated: 13607 MB
[2025/11/10 12:30:59] ppocr INFO: epoch: [1/20], global_step: 180, lr: 0.000023, acc: 0.000000, norm_edit_dis: 0.043518, CTCLoss: 248.091133, NRTRLoss: 4.584294, loss: 252.667801, avg_reader_cost: 0.00288 s, avg_batch_cost: 0.66040 s, avg_samples: 89.5, ips: 135.52319 samples/s, eta: 4:00:45, max_mem_reserved: 25002 MB, max_mem_allocated: 13607 MB
[2025/11/10 12:31:05] ppocr INFO: epoch: [1/20], global_step: 190, lr: 0.000025, acc: 0.000000, norm_edit_dis: 0.046062, CTCLoss: 241.138344, NRTRLoss: 4.470579, loss: 245.586967, avg_reader_cost: 0.00286 s, avg_batch_cost: 0.62065 s, avg_samples: 83.1, ips: 133.89278 samples/s, eta: 3:59:42, max_mem_reserved: 25002 MB, max_mem_allocated: 13607 MB
[2025/11/10 12:31:12] ppocr INFO: epoch: [1/20], global_step: 200, lr: 0.000026, acc: 0.000000, norm_edit_dis: 0.048670, CTCLoss: 232.497726, NRTRLoss: 4.311668, loss: 236.852707, avg_reader_cost: 0.00288 s, avg_batch_cost: 0.62586 s, avg_samples: 78.8, ips: 125.90579 samples/s, eta: 3:58:50, max_mem_reserved: 25002 MB, max_mem_allocated: 13607 MB
[2025/11/10 12:31:44] ppocr INFO: cur metric, acc: 0.0, norm_edit_dis: 0.05117176884744712, fps: 609.944619617518
[2025/11/10 12:31:47] ppocr INFO: save best model is to ./output/best_accuracy
[2025/11/10 12:31:47] ppocr INFO: best metric, acc: 0.0, is_float16: False, norm_edit_dis: 0.05117176884744712, fps: 609.944619617518, best_epoch: 1
[2025/11/10 12:31:54] ppocr INFO: epoch: [1/20], global_step: 210, lr: 0.000028, acc: 0.000000, norm_edit_dis: 0.050494, CTCLoss: 225.352295, NRTRLoss: 4.183484, loss: 229.477043, avg_reader_cost: 0.00309 s, avg_batch_cost: 0.67046 s, avg_samples: 93.7, ips: 139.75513 samples/s, eta: 3:58:48, max_mem_reserved: 25002 MB, max_mem_allocated: 13607 MB
[2025/11/10 12:32:00] ppocr INFO: epoch: [1/20], global_step: 220, lr: 0.000029, acc: 0.000000, norm_edit_dis: 0.053119, CTCLoss: 216.148819, NRTRLoss: 4.078431, loss: 220.297768, avg_reader_cost: 0.00318 s, avg_batch_cost: 0.68545 s, avg_samples: 100.1, ips: 146.03563 samples/s, eta: 3:59:00, max_mem_reserved: 25002 MB, max_mem_allocated: 13607 MB
[2025/11/10 12:32:07] ppocr INFO: epoch: [1/20], global_step: 230, lr: 0.000030, acc: 0.000000, norm_edit_dis: 0.057795, CTCLoss: 208.586205, NRTRLoss: 3.871971, loss: 212.421021, avg_reader_cost: 0.00366 s, avg_batch_cost: 0.62671 s, avg_samples: 93.7, ips: 149.51146 samples/s, eta: 3:58:16, max_mem_reserved: 25002 MB, max_mem_allocated: 13607 MB
[2025/11/10 12:32:13] ppocr INFO: epoch: [1/20], global_step: 240, lr: 0.000032, acc: 0.000000, norm_edit_dis: 0.067458, CTCLoss: 201.477402, NRTRLoss: 3.615511, loss: 205.035728, avg_reader_cost: 0.00285 s, avg_batch_cost: 0.65741 s, avg_samples: 89.5, ips: 136.14006 samples/s, eta: 3:58:02, max_mem_reserved: 25002 MB, max_mem_allocated: 13607 MB
[2025/11/10 12:32:20] ppocr INFO: epoch: [1/20], global_step: 250, lr: 0.000033, acc: 0.000000, norm_edit_dis: 0.080745, CTCLoss: 193.973923, NRTRLoss: 3.282416, loss: 197.251663, avg_reader_cost: 0.00319 s, avg_batch_cost: 0.65440 s, avg_samples: 87.4, ips: 133.55729 samples/s, eta: 3:57:47, max_mem_reserved: 25002 MB, max_mem_allocated: 13654 MB
[2025/11/10 12:32:26] ppocr INFO: epoch: [1/20], global_step: 260, lr: 0.000034, acc: 0.000000, norm_edit_dis: 0.098001, CTCLoss: 185.326218, NRTRLoss: 2.785367, loss: 188.018166, avg_reader_cost: 0.00281 s, avg_batch_cost: 0.63624 s, avg_samples: 91.5, ips: 143.81349 samples/s, eta: 3:57:17, max_mem_reserved: 25002 MB, max_mem_allocated: 13654 MB
[2025/11/10 12:32:33] ppocr INFO: epoch: [1/20], global_step: 270, lr: 0.000036, acc: 0.000000, norm_edit_dis: 0.116584, CTCLoss: 177.380608, NRTRLoss: 2.515993, loss: 179.896576, avg_reader_cost: 0.00288 s, avg_batch_cost: 0.69891 s, avg_samples: 104.4, ips: 149.37652 samples/s, eta: 3:57:38, max_mem_reserved: 25002 MB, max_mem_allocated: 13654 MB
[2025/11/10 12:32:40] ppocr INFO: epoch: [1/20], global_step: 280, lr: 0.000037, acc: 0.000000, norm_edit_dis: 0.133508, CTCLoss: 169.621162, NRTRLoss: 2.286610, loss: 171.930260, avg_reader_cost: 0.00286 s, avg_batch_cost: 0.63675 s, avg_samples: 87.4, ips: 137.26043 samples/s, eta: 3:57:10, max_mem_reserved: 25002 MB, max_mem_allocated: 13654 MB
[2025/11/10 12:32:46] ppocr INFO: epoch: [1/20], global_step: 290, lr: 0.000039, acc: 0.000000, norm_edit_dis: 0.154431, CTCLoss: 155.544746, NRTRLoss: 2.094239, loss: 157.681274, avg_reader_cost: 0.00281 s, avg_batch_cost: 0.62551 s, avg_samples: 81.0, ips: 129.49347 samples/s, eta: 3:56:35, max_mem_reserved: 25002 MB, max_mem_allocated: 13654 MB
[2025/11/10 12:32:52] ppocr INFO: epoch: [1/20], global_step: 300, lr: 0.000040, acc: 0.000000, norm_edit_dis: 0.176403, CTCLoss: 147.273445, NRTRLoss: 1.933134, loss: 149.296806, avg_reader_cost: 0.00284 s, avg_batch_cost: 0.64902 s, avg_samples: 87.3, ips: 134.51047 samples/s, eta: 3:56:19, max_mem_reserved: 25002 MB, max_mem_allocated: 13654 MB
[2025/11/10 12:33:25] ppocr INFO: cur metric, acc: 0.0, norm_edit_dis: 0.225181186679971, fps: 598.2415682686003
[2025/11/10 12:33:28] ppocr INFO: save best model is to ./output/best_accuracy
[2025/11/10 12:33:28] ppocr INFO: best metric, acc: 0.0, is_float16: False, norm_edit_dis: 0.225181186679971, fps: 598.2415682686003, best_epoch: 1
[2025/11/10 12:33:34] ppocr INFO: epoch: [1/20], global_step: 310, lr: 0.000041, acc: 0.000000, norm_edit_dis: 0.206133, CTCLoss: 137.703331, NRTRLoss: 1.894674, loss: 139.614433, avg_reader_cost: 0.00386 s, avg_batch_cost: 0.63223 s, avg_samples: 83.1, ips: 131.43847 samples/s, eta: 3:55:52, max_mem_reserved: 25002 MB, max_mem_allocated: 13654 MB
[2025/11/10 12:33:41] ppocr INFO: epoch: [1/20], global_step: 320, lr: 0.000043, acc: 0.000000, norm_edit_dis: 0.225901, CTCLoss: 133.061348, NRTRLoss: 1.857155, loss: 134.869202, avg_reader_cost: 0.00287 s, avg_batch_cost: 0.67875 s, avg_samples: 98.0, ips: 144.38259 samples/s, eta: 3:55:57, max_mem_reserved: 25002 MB, max_mem_allocated: 13654 MB
[2025/11/10 12:33:47] ppocr INFO: epoch: [1/20], global_step: 330, lr: 0.000044, acc: 0.000000, norm_edit_dis: 0.277013, CTCLoss: 127.471909, NRTRLoss: 1.830948, loss: 129.297829, avg_reader_cost: 0.00284 s, avg_batch_cost: 0.65888 s, avg_samples: 98.0, ips: 148.73736 samples/s, eta: 3:55:49, max_mem_reserved: 25002 MB, max_mem_allocated: 13654 MB
[2025/11/10 12:33:54] ppocr INFO: epoch: [1/20], global_step: 340, lr: 0.000046, acc: 0.000000, norm_edit_dis: 0.324780, CTCLoss: 117.500893, NRTRLoss: 1.797837, loss: 119.265251, avg_reader_cost: 0.00287 s, avg_batch_cost: 0.63829 s, avg_samples: 91.6, ips: 143.50797 samples/s, eta: 3:55:28, max_mem_reserved: 25002 MB, max_mem_allocated: 13654 MB
[2025/11/10 12:34:00] ppocr INFO: epoch: [1/20], global_step: 350, lr: 0.000047, acc: 0.000000, norm_edit_dis: 0.364475, CTCLoss: 110.654823, NRTRLoss: 1.744206, loss: 112.421989, avg_reader_cost: 0.00295 s, avg_batch_cost: 0.64381 s, avg_samples: 91.7, ips: 142.43348 samples/s, eta: 3:55:11, max_mem_reserved: 25002 MB, max_mem_allocated: 13654 MB
[2025/11/10 12:34:07] ppocr INFO: epoch: [1/20], global_step: 360, lr: 0.000048, acc: 0.000000, norm_edit_dis: 0.429118, CTCLoss: 102.799507, NRTRLoss: 1.683500, loss: 104.438000, avg_reader_cost: 0.00291 s, avg_batch_cost: 0.65012 s, avg_samples: 85.3, ips: 131.20696 samples/s, eta: 3:54:58, max_mem_reserved: 25002 MB, max_mem_allocated: 13654 MB
[2025/11/10 12:34:13] ppocr INFO: epoch: [1/20], global_step: 370, lr: 0.000050, acc: 0.000000, norm_edit_dis: 0.503627, CTCLoss: 92.763977, NRTRLoss: 1.676506, loss: 94.431355, avg_reader_cost: 0.00284 s, avg_batch_cost: 0.66122 s, avg_samples: 89.5, ips: 135.35539 samples/s, eta: 3:54:52, max_mem_reserved: 25002 MB, max_mem_allocated: 13654 MB
[2025/11/10 12:34:20] ppocr INFO: epoch: [1/20], global_step: 380, lr: 0.000051, acc: 0.000000, norm_edit_dis: 0.552225, CTCLoss: 86.352184, NRTRLoss: 1.671538, loss: 88.068993, avg_reader_cost: 0.00285 s, avg_batch_cost: 0.64677 s, avg_samples: 87.2, ips: 134.82411 samples/s, eta: 3:54:38, max_mem_reserved: 25002 MB, max_mem_allocated: 13654 MB
[2025/11/10 12:34:26] ppocr INFO: epoch: [1/20], global_step: 390, lr: 0.000052, acc: 0.011765, norm_edit_dis: 0.592934, CTCLoss: 83.250996, NRTRLoss: 1.662387, loss: 84.904129, avg_reader_cost: 0.00284 s, avg_batch_cost: 0.66075 s, avg_samples: 98.0, ips: 148.31663 samples/s, eta: 3:54:32, max_mem_reserved: 25002 MB, max_mem_allocated: 13654 MB
[2025/11/10 12:34:33] ppocr INFO: epoch: [1/20], global_step: 400, lr: 0.000054, acc: 0.019531, norm_edit_dis: 0.644251, CTCLoss: 72.108406, NRTRLoss: 1.660494, loss: 73.748089, avg_reader_cost: 0.00285 s, avg_batch_cost: 0.66712 s, avg_samples: 95.8, ips: 143.60214 samples/s, eta: 3:54:29, max_mem_reserved: 25002 MB, max_mem_allocated: 13654 MB
[2025/11/10 12:35:06] ppocr INFO: cur metric, acc: 0.041999999958, norm_edit_dis: 0.6911344805778799, fps: 612.109080147875
[2025/11/10 12:35:08] ppocr INFO: save best model is to ./output/best_accuracy
[2025/11/10 12:35:08] ppocr INFO: best metric, acc: 0.041999999958, is_float16: False, norm_edit_dis: 0.6911344805778799, fps: 612.109080147875, best_epoch: 1
[2025/11/10 12:35:15] ppocr INFO: epoch: [1/20], global_step: 410, lr: 0.000055, acc: 0.023483, norm_edit_dis: 0.655451, CTCLoss: 67.415344, NRTRLoss: 1.660494, loss: 69.053986, avg_reader_cost: 0.00302 s, avg_batch_cost: 0.67647 s, avg_samples: 98.0, ips: 144.86960 samples/s, eta: 3:54:31, max_mem_reserved: 25002 MB, max_mem_allocated: 13654 MB
[2025/11/10 12:35:22] ppocr INFO: epoch: [1/20], global_step: 420, lr: 0.000057, acc: 0.050781, norm_edit_dis: 0.668280, CTCLoss: 64.041983, NRTRLoss: 1.658460, loss: 65.706459, avg_reader_cost: 0.00290 s, avg_batch_cost: 0.67774 s, avg_samples: 93.8, ips: 138.40143 samples/s, eta: 3:54:33, max_mem_reserved: 25002 MB, max_mem_allocated: 13654 MB
[2025/11/10 12:35:28] ppocr INFO: epoch: [1/20], global_step: 430, lr: 0.000058, acc: 0.062500, norm_edit_dis: 0.707235, CTCLoss: 58.860783, NRTRLoss: 1.631601, loss: 60.432459, avg_reader_cost: 0.00291 s, avg_batch_cost: 0.66215 s, avg_samples: 91.7, ips: 138.48805 samples/s, eta: 3:54:27, max_mem_reserved: 25002 MB, max_mem_allocated: 13654 MB
[2025/11/10 12:35:35] ppocr INFO: epoch: [1/20], global_step: 440, lr: 0.000059, acc: 0.085937, norm_edit_dis: 0.736150, CTCLoss: 55.044271, NRTRLoss: 1.593747, loss: 56.639601, avg_reader_cost: 0.00289 s, avg_batch_cost: 0.62298 s, avg_samples: 81.0, ips: 130.01988 samples/s, eta: 3:54:03, max_mem_reserved: 25002 MB, max_mem_allocated: 13654 MB
[2025/11/10 12:35:41] ppocr INFO: epoch: [1/20], global_step: 450, lr: 0.000061, acc: 0.113511, norm_edit_dis: 0.768898, CTCLoss: 52.402748, NRTRLoss: 1.575899, loss: 54.005039, avg_reader_cost: 0.00287 s, avg_batch_cost: 0.67829 s, avg_samples: 93.7, ips: 138.14216 samples/s, eta: 3:54:05, max_mem_reserved: 25002 MB, max_mem_allocated: 13654 MB
[2025/11/10 12:35:48] ppocr INFO: epoch: [1/20], global_step: 460, lr: 0.000062, acc: 0.135018, norm_edit_dis: 0.772617, CTCLoss: 47.720638, NRTRLoss: 1.592700, loss: 49.292221, avg_reader_cost: 0.00287 s, avg_batch_cost: 0.63996 s, avg_samples: 87.3, ips: 136.41569 samples/s, eta: 3:53:49, max_mem_reserved: 25002 MB, max_mem_allocated: 13654 MB
[2025/11/10 12:35:55] ppocr INFO: epoch: [1/20], global_step: 470, lr: 0.000063, acc: 0.140625, norm_edit_dis: 0.784671, CTCLoss: 42.429510, NRTRLoss: 1.580749, loss: 44.002083, avg_reader_cost: 0.00289 s, avg_batch_cost: 0.69261 s, avg_samples: 95.9, ips: 138.46076 samples/s, eta: 3:53:57, max_mem_reserved: 25002 MB, max_mem_allocated: 13654 MB
[2025/11/10 12:36:01] ppocr INFO: epoch: [1/20], global_step: 480, lr: 0.000065, acc: 0.146783, norm_edit_dis: 0.787998, CTCLoss: 41.159666, NRTRLoss: 1.593025, loss: 42.665987, avg_reader_cost: 0.00285 s, avg_batch_cost: 0.65706 s, avg_samples: 91.6, ips: 139.40933 samples/s, eta: 3:53:49, max_mem_reserved: 25002 MB, max_mem_allocated: 13654 MB
[2025/11/10 12:36:08] ppocr INFO: epoch: [1/20], global_step: 490, lr: 0.000066, acc: 0.170588, norm_edit_dis: 0.787055, CTCLoss: 39.921333, NRTRLoss: 1.603988, loss: 41.514359, avg_reader_cost: 0.00290 s, avg_batch_cost: 0.67228 s, avg_samples: 98.0, ips: 145.77365 samples/s, eta: 3:53:47, max_mem_reserved: 25002 MB, max_mem_allocated: 13654 MB
[2025/11/10 12:36:15] ppocr INFO: epoch: [1/20], global_step: 500, lr: 0.000068, acc: 0.150735, norm_edit_dis: 0.782213, CTCLoss: 44.714586, NRTRLoss: 1.618412, loss: 46.317223, avg_reader_cost: 0.00289 s, avg_batch_cost: 0.67375 s, avg_samples: 98.1, ips: 145.60262 samples/s, eta: 3:53:46, max_mem_reserved: 25002 MB, max_mem_allocated: 13654 MB
[2025/11/10 12:36:48] ppocr INFO: cur metric, acc: 0.2163999997836, norm_edit_dis: 0.8236812295298128, fps: 590.354498086554
[2025/11/10 12:36:50] ppocr INFO: save best model is to ./output/best_accuracy
[2025/11/10 12:36:50] ppocr INFO: best metric, acc: 0.2163999997836, is_float16: False, norm_edit_dis: 0.8236812295298128, fps: 590.354498086554, best_epoch: 1
[2025/11/10 12:36:57] ppocr INFO: epoch: [1/20], global_step: 510, lr: 0.000069, acc: 0.181985, norm_edit_dis: 0.787549, CTCLoss: 40.851000, NRTRLoss: 1.602637, loss: 42.400267, avg_reader_cost: 0.00298 s, avg_batch_cost: 0.64944 s, avg_samples: 87.4, ips: 134.57822 samples/s, eta: 3:53:35, max_mem_reserved: 25002 MB, max_mem_allocated: 13654 MB
[2025/11/10 12:37:03] ppocr INFO: epoch: [1/20], global_step: 520, lr: 0.000070, acc: 0.221140, norm_edit_dis: 0.801219, CTCLoss: 33.870226, NRTRLoss: 1.550286, loss: 35.411047, avg_reader_cost: 0.00283 s, avg_batch_cost: 0.62503 s, avg_samples: 76.7, ips: 122.71480 samples/s, eta: 3:53:13, max_mem_reserved: 25002 MB, max_mem_allocated: 13654 MB
[2025/11/10 12:37:10] ppocr INFO: epoch: [1/20], global_step: 530, lr: 0.000072, acc: 0.240717, norm_edit_dis: 0.811237, CTCLoss: 32.894300, NRTRLoss: 1.547015, loss: 34.502079, avg_reader_cost: 0.00283 s, avg_batch_cost: 0.66555 s, avg_samples: 95.8, ips: 143.94140 samples/s, eta: 3:53:09, max_mem_reserved: 25002 MB, max_mem_allocated: 13654 MB
[2025/11/10 12:37:17] ppocr INFO: epoch: [1/20], global_step: 540, lr: 0.000073, acc: 0.205515, norm_edit_dis: 0.803489, CTCLoss: 34.430782, NRTRLoss: 1.570908, loss: 35.972916, avg_reader_cost: 0.00283 s, avg_batch_cost: 0.68523 s, avg_samples: 102.3, ips: 149.29394 samples/s, eta: 3:53:12, max_mem_reserved: 25002 MB, max_mem_allocated: 13654 MB
[2025/11/10 12:37:23] ppocr INFO: epoch: [1/20], global_step: 550, lr: 0.000075, acc: 0.191406, norm_edit_dis: 0.772546, CTCLoss: 35.762463, NRTRLoss: 1.653132, loss: 37.361853, avg_reader_cost: 0.00283 s, avg_batch_cost: 0.67704 s, avg_samples: 93.8, ips: 138.54506 samples/s, eta: 3:53:12, max_mem_reserved: 25002 MB, max_mem_allocated: 13654 MB
[2025/11/10 12:37:30] ppocr INFO: epoch: [1/20], global_step: 560, lr: 0.000076, acc: 0.226562, norm_edit_dis: 0.786516, CTCLoss: 34.504227, NRTRLoss: 1.622138, loss: 36.064297, avg_reader_cost: 0.00283 s, avg_batch_cost: 0.67687 s, avg_samples: 93.8, ips: 138.57945 samples/s, eta: 3:53:11, max_mem_reserved: 25002 MB, max_mem_allocated: 13654 MB
[2025/11/10 12:37:37] ppocr INFO: epoch: [1/20], global_step: 570, lr: 0.000077, acc: 0.230882, norm_edit_dis: 0.807783, CTCLoss: 30.205606, NRTRLoss: 1.558731, loss: 31.707038, avg_reader_cost: 0.00286 s, avg_batch_cost: 0.67624 s, avg_samples: 95.9, ips: 141.81272 samples/s, eta: 3:53:10, max_mem_reserved: 25002 MB, max_mem_allocated: 13654 MB
[2025/11/10 12:37:43] ppocr INFO: epoch: [1/20], global_step: 580, lr: 0.000079, acc: 0.242187, norm_edit_dis: 0.813812, CTCLoss: 27.468180, NRTRLoss: 1.526802, loss: 28.984714, avg_reader_cost: 0.00282 s, avg_batch_cost: 0.61904 s, avg_samples: 74.5, ips: 120.34741 samples/s, eta: 3:52:48, max_mem_reserved: 25002 MB, max_mem_allocated: 13654 MB
[2025/11/10 12:37:50] ppocr INFO: epoch: [1/20], global_step: 590, lr: 0.000080, acc: 0.248529, norm_edit_dis: 0.820177, CTCLoss: 27.595963, NRTRLoss: 1.521139, loss: 29.095180, avg_reader_cost: 0.00336 s, avg_batch_cost: 0.66510 s, avg_samples: 93.8, ips: 141.03205 samples/s, eta: 3:52:43, max_mem_reserved: 25002 MB, max_mem_allocated: 13654 MB
[2025/11/10 12:37:57] ppocr INFO: epoch: [1/20], global_step: 600, lr: 0.000081, acc: 0.183594, norm_edit_dis: 0.787978, CTCLoss: 30.562573, NRTRLoss: 1.545711, loss: 32.106395, avg_reader_cost: 0.00286 s, avg_batch_cost: 0.69240 s, avg_samples: 100.2, ips: 144.71503 samples/s, eta: 3:52:48, max_mem_reserved: 25002 MB, max_mem_allocated: 13654 MB
[2025/11/10 12:38:30] ppocr INFO: cur metric, acc: 0.2755999997244, norm_edit_dis: 0.8418817682021432, fps: 593.5562100364779
[2025/11/10 12:38:33] ppocr INFO: save best model is to ./output/best_accuracy
[2025/11/10 12:38:33] ppocr INFO: best metric, acc: 0.2755999997244, is_float16: False, norm_edit_dis: 0.8418817682021432, fps: 593.5562100364779, best_epoch: 1
[2025/11/10 12:38:39] ppocr INFO: epoch: [1/20], global_step: 610, lr: 0.000083, acc: 0.187868, norm_edit_dis: 0.806281, CTCLoss: 24.610660, NRTRLoss: 1.516897, loss: 26.118804, avg_reader_cost: 0.00290 s, avg_batch_cost: 0.65363 s, avg_samples: 91.6, ips: 140.14066 samples/s, eta: 3:52:38, max_mem_reserved: 25002 MB, max_mem_allocated: 13654 MB
[2025/11/10 12:38:46] ppocr INFO: epoch: [1/20], global_step: 620, lr: 0.000084, acc: 0.241176, norm_edit_dis: 0.817614, CTCLoss: 23.617678, NRTRLoss: 1.528171, loss: 25.170526, avg_reader_cost: 0.00284 s, avg_batch_cost: 0.66299 s, avg_samples: 89.4, ips: 134.84406 samples/s, eta: 3:52:32, max_mem_reserved: 25002 MB, max_mem_allocated: 13654 MB
[2025/11/10 12:38:52] ppocr INFO: epoch: [1/20], global_step: 630, lr: 0.000086, acc: 0.256342, norm_edit_dis: 0.817614, CTCLoss: 23.617678, NRTRLoss: 1.519191, loss: 25.170526, avg_reader_cost: 0.00336 s, avg_batch_cost: 0.61641 s, avg_samples: 78.8, ips: 127.83617 samples/s, eta: 3:52:11, max_mem_reserved: 25002 MB, max_mem_allocated: 13654 MB
[2025/11/10 12:38:59] ppocr INFO: epoch: [1/20], global_step: 640, lr: 0.000087, acc: 0.281250, norm_edit_dis: 0.821630, CTCLoss: 23.951829, NRTRLoss: 1.524096, loss: 25.439188, avg_reader_cost: 0.00284 s, avg_batch_cost: 0.65572 s, avg_samples: 95.9, ips: 146.25155 samples/s, eta: 3:52:03, max_mem_reserved: 25002 MB, max_mem_allocated: 13654 MB
[2025/11/10 12:39:05] ppocr INFO: epoch: [1/20], global_step: 650, lr: 0.000088, acc: 0.258823, norm_edit_dis: 0.812295, CTCLoss: 23.698810, NRTRLoss: 1.550977, loss: 25.227033, avg_reader_cost: 0.00282 s, avg_batch_cost: 0.65875 s, avg_samples: 95.9, ips: 145.57933 samples/s, eta: 3:51:55, max_mem_reserved: 25002 MB, max_mem_allocated: 13654 MB
[2025/11/10 12:39:12] ppocr INFO: epoch: [1/20], global_step: 660, lr: 0.000090, acc: 0.250000, norm_edit_dis: 0.807020, CTCLoss: 23.756795, NRTRLoss: 1.551091, loss: 25.273394, avg_reader_cost: 0.00285 s, avg_batch_cost: 0.66203 s, avg_samples: 93.8, ips: 141.68635 samples/s, eta: 3:51:49, max_mem_reserved: 25002 MB, max_mem_allocated: 13654 MB
[2025/11/10 12:39:19] ppocr INFO: epoch: [1/20], global_step: 670, lr: 0.000091, acc: 0.260294, norm_edit_dis: 0.821454, CTCLoss: 22.827744, NRTRLoss: 1.501912, loss: 24.315457, avg_reader_cost: 0.00284 s, avg_batch_cost: 0.66485 s, avg_samples: 87.3, ips: 131.30775 samples/s, eta: 3:51:44, max_mem_reserved: 25002 MB, max_mem_allocated: 13654 MB
[2025/11/10 12:39:25] ppocr INFO: epoch: [1/20], global_step: 680, lr: 0.000092, acc: 0.294118, norm_edit_dis: 0.821454, CTCLoss: 19.616956, NRTRLoss: 1.492206, loss: 21.112982, avg_reader_cost: 0.00283 s, avg_batch_cost: 0.66119 s, avg_samples: 93.7, ips: 141.71360 samples/s, eta: 3:51:38, max_mem_reserved: 25002 MB, max_mem_allocated: 13654 MB
[2025/11/10 12:39:32] ppocr INFO: epoch: [1/20], global_step: 690, lr: 0.000094, acc: 0.275919, norm_edit_dis: 0.816048, CTCLoss: 19.449133, NRTRLoss: 1.486227, loss: 20.926385, avg_reader_cost: 0.00291 s, avg_batch_cost: 0.65250 s, avg_samples: 87.3, ips: 133.79336 samples/s, eta: 3:51:29, max_mem_reserved: 25002 MB, max_mem_allocated: 13654 MB
[2025/11/10 12:39:39] ppocr INFO: epoch: [1/20], global_step: 700, lr: 0.000095, acc: 0.268107, norm_edit_dis: 0.816048, CTCLoss: 19.624928, NRTRLoss: 1.495796, loss: 21.120126, avg_reader_cost: 0.00279 s, avg_batch_cost: 0.69419 s, avg_samples: 106.6, ips: 153.55943 samples/s, eta: 3:51:32, max_mem_reserved: 25002 MB, max_mem_allocated: 13654 MB
[2025/11/10 12:40:12] ppocr INFO: cur metric, acc: 0.3230999996769, norm_edit_dis: 0.8478842426099087, fps: 588.2110985145576
[2025/11/10 12:40:15] ppocr INFO: save best model is to ./output/best_accuracy
[2025/11/10 12:40:15] ppocr INFO: best metric, acc: 0.3230999996769, is_float16: False, norm_edit_dis: 0.8478842426099087, fps: 588.2110985145576, best_epoch: 1
[2025/11/10 12:40:22] ppocr INFO: epoch: [1/20], global_step: 710, lr: 0.000097, acc: 0.187500, norm_edit_dis: 0.681910, CTCLoss: 32.046019, NRTRLoss: 1.570520, loss: 33.643370, avg_reader_cost: 0.00292 s, avg_batch_cost: 0.67778 s, avg_samples: 100.2, ips: 147.83550 samples/s, eta: 3:51:30, max_mem_reserved: 25002 MB, max_mem_allocated: 13654 MB
[2025/11/10 12:40:29] ppocr INFO: epoch: [1/20], global_step: 720, lr: 0.000098, acc: 0.235294, norm_edit_dis: 0.775093, CTCLoss: 22.817774, NRTRLoss: 1.521840, loss: 24.324516, avg_reader_cost: 0.00301 s, avg_batch_cost: 0.66324 s, avg_samples: 98.0, ips: 147.75996 samples/s, eta: 3:51:24, max_mem_reserved: 25002 MB, max_mem_allocated: 13654 MB
[2025/11/10 12:40:35] ppocr INFO: epoch: [1/20], global_step: 730, lr: 0.000099, acc: 0.241176, norm_edit_dis: 0.792485, CTCLoss: 19.741228, NRTRLoss: 1.518659, loss: 21.245670, avg_reader_cost: 0.00284 s, avg_batch_cost: 0.68483 s, avg_samples: 95.9, ips: 140.03428 samples/s, eta: 3:51:25, max_mem_reserved: 25002 MB, max_mem_allocated: 13654 MB
[2025/11/10 12:40:42] ppocr INFO: epoch: [1/20], global_step: 740, lr: 0.000101, acc: 0.235294, norm_edit_dis: 0.799242, CTCLoss: 19.225039, NRTRLoss: 1.506569, loss: 20.719275, avg_reader_cost: 0.00285 s, avg_batch_cost: 0.67008 s, avg_samples: 93.8, ips: 139.98343 samples/s, eta: 3:51:20, max_mem_reserved: 25002 MB, max_mem_allocated: 13654 MB
[2025/11/10 12:40:49] ppocr INFO: epoch: [1/20], global_step: 750, lr: 0.000102, acc: 0.252941, norm_edit_dis: 0.801675, CTCLoss: 18.155151, NRTRLoss: 1.519790, loss: 19.599836, avg_reader_cost: 0.00283 s, avg_batch_cost: 0.67464 s, avg_samples: 93.7, ips: 138.88907 samples/s, eta: 3:51:17, max_mem_reserved: 25002 MB, max_mem_allocated: 13654 MB
[2025/11/10 12:40:55] ppocr INFO: epoch: [1/20], global_step: 760, lr: 0.000104, acc: 0.273437, norm_edit_dis: 0.812197, CTCLoss: 16.320705, NRTRLoss: 1.509834, loss: 17.819123, avg_reader_cost: 0.00284 s, avg_batch_cost: 0.63499 s, avg_samples: 83.1, ips: 130.86763 samples/s, eta: 3:51:03, max_mem_reserved: 25002 MB, max_mem_allocated: 13654 MB
[2025/11/10 12:41:02] ppocr INFO: epoch: [1/20], global_step: 770, lr: 0.000105, acc: 0.273437, norm_edit_dis: 0.812599, CTCLoss: 16.398981, NRTRLoss: 1.494105, loss: 17.874574, avg_reader_cost: 0.00285 s, avg_batch_cost: 0.65547 s, avg_samples: 93.8, ips: 143.10387 samples/s, eta: 3:50:55, max_mem_reserved: 25002 MB, max_mem_allocated: 13654 MB
[2025/11/10 12:41:08] ppocr INFO: epoch: [1/20], global_step: 780, lr: 0.000106, acc: 0.283732, norm_edit_dis: 0.806266, CTCLoss: 16.969762, NRTRLoss: 1.475770, loss: 18.447822, avg_reader_cost: 0.00282 s, avg_batch_cost: 0.65843 s, avg_samples: 89.5, ips: 135.92897 samples/s, eta: 3:50:48, max_mem_reserved: 25002 MB, max_mem_allocated: 13654 MB
[2025/11/10 12:41:15] ppocr INFO: epoch: [1/20], global_step: 790, lr: 0.000108, acc: 0.296875, norm_edit_dis: 0.814653, CTCLoss: 16.456959, NRTRLoss: 1.484116, loss: 17.918521, avg_reader_cost: 0.00274 s, avg_batch_cost: 0.63834 s, avg_samples: 81.0, ips: 126.89183 samples/s, eta: 3:50:35, max_mem_reserved: 25002 MB, max_mem_allocated: 13654 MB
[2025/11/10 12:41:22] ppocr INFO: epoch: [1/20], global_step: 800, lr: 0.000109, acc: 0.313143, norm_edit_dis: 0.822790, CTCLoss: 15.415111, NRTRLoss: 1.495012, loss: 16.941818, avg_reader_cost: 0.00282 s, avg_batch_cost: 0.70526 s, avg_samples: 100.1, ips: 141.93384 samples/s, eta: 3:50:40, max_mem_reserved: 25002 MB, max_mem_allocated: 13654 MB
[2025/11/10 12:41:55] ppocr INFO: cur metric, acc: 0.3547999996452, norm_edit_dis: 0.8507875855720985, fps: 594.1605027100481
[2025/11/10 12:41:58] ppocr INFO: save best model is to ./output/best_accuracy
[2025/11/10 12:41:58] ppocr INFO: best metric, acc: 0.3547999996452, is_float16: False, norm_edit_dis: 0.8507875855720985, fps: 594.1605027100481, best_epoch: 1
[2025/11/10 12:42:05] ppocr INFO: epoch: [1/20], global_step: 810, lr: 0.000110, acc: 0.299448, norm_edit_dis: 0.824988, CTCLoss: 15.413417, NRTRLoss: 1.506311, loss: 16.884912, avg_reader_cost: 0.00390 s, avg_batch_cost: 0.66419 s, avg_samples: 87.3, ips: 131.43927 samples/s, eta: 3:50:34, max_mem_reserved: 25002 MB, max_mem_allocated: 13654 MB
[2025/11/10 12:42:11] ppocr INFO: epoch: [1/20], global_step: 820, lr: 0.000112, acc: 0.311765, norm_edit_dis: 0.815319, CTCLoss: 16.375269, NRTRLoss: 1.483593, loss: 17.814628, avg_reader_cost: 0.00288 s, avg_batch_cost: 0.65299 s, avg_samples: 95.9, ips: 146.86289 samples/s, eta: 3:50:25, max_mem_reserved: 25002 MB, max_mem_allocated: 13654 MB
[2025/11/10 12:42:18] ppocr INFO: epoch: [1/20], global_step: 830, lr: 0.000113, acc: 0.324816, norm_edit_dis: 0.827303, CTCLoss: 14.779715, NRTRLoss: 1.471774, loss: 16.228938, avg_reader_cost: 0.00287 s, avg_batch_cost: 0.65134 s, avg_samples: 89.5, ips: 137.40844 samples/s, eta: 3:50:16, max_mem_reserved: 25002 MB, max_mem_allocated: 13654 MB
[2025/11/10 12:42:24] ppocr INFO: epoch: [1/20], global_step: 840, lr: 0.000115, acc: 0.307261, norm_edit_dis: 0.823510, CTCLoss: 15.424997, NRTRLoss: 1.493085, loss: 16.925646, avg_reader_cost: 0.00289 s, avg_batch_cost: 0.65957 s, avg_samples: 102.2, ips: 154.95046 samples/s, eta: 3:50:09, max_mem_reserved: 25002 MB, max_mem_allocated: 13654 MB
[2025/11/10 12:42:31] ppocr INFO: epoch: [1/20], global_step: 850, lr: 0.000116, acc: 0.305882, norm_edit_dis: 0.807165, CTCLoss: 15.834920, NRTRLoss: 1.511284, loss: 17.295507, avg_reader_cost: 0.00285 s, avg_batch_cost: 0.64584 s, avg_samples: 95.9, ips: 148.48970 samples/s, eta: 3:49:59, max_mem_reserved: 25002 MB, max_mem_allocated: 13654 MB
[2025/11/10 12:42:37] ppocr INFO: epoch: [1/20], global_step: 860, lr: 0.000117, acc: 0.329412, norm_edit_dis: 0.816393, CTCLoss: 16.155464, NRTRLoss: 1.484232, loss: 17.655461, avg_reader_cost: 0.00351 s, avg_batch_cost: 0.67008 s, avg_samples: 98.0, ips: 146.25198 samples/s, eta: 3:49:54, max_mem_reserved: 25002 MB, max_mem_allocated: 13654 MB
[2025/11/10 12:42:43] ppocr INFO: epoch: [1/20], global_step: 870, lr: 0.000119, acc: 0.305882, norm_edit_dis: 0.830262, CTCLoss: 14.655138, NRTRLoss: 1.454880, loss: 16.079863, avg_reader_cost: 0.00332 s, avg_batch_cost: 0.60022 s, avg_samples: 85.2, ips: 141.94713 samples/s, eta: 3:49:33, max_mem_reserved: 25002 MB, max_mem_allocated: 13654 MB
[2025/11/10 12:42:50] ppocr INFO: epoch: [1/20], global_step: 880, lr: 0.000120, acc: 0.301379, norm_edit_dis: 0.820745, CTCLoss: 13.928351, NRTRLoss: 1.443722, loss: 15.395617, avg_reader_cost: 0.00329 s, avg_batch_cost: 0.64921 s, avg_samples: 91.7, ips: 141.24752 samples/s, eta: 3:49:24, max_mem_reserved: 25002 MB, max_mem_allocated: 13654 MB
[2025/11/10 12:42:56] ppocr INFO: epoch: [1/20], global_step: 890, lr: 0.000121, acc: 0.352941, norm_edit_dis: 0.823548, CTCLoss: 13.743223, NRTRLoss: 1.477388, loss: 15.170309, avg_reader_cost: 0.00284 s, avg_batch_cost: 0.63445 s, avg_samples: 93.7, ips: 147.68632 samples/s, eta: 3:49:11, max_mem_reserved: 25002 MB, max_mem_allocated: 13654 MB
[2025/11/10 12:43:03] ppocr INFO: epoch: [1/20], global_step: 900, lr: 0.000123, acc: 0.359375, norm_edit_dis: 0.833350, CTCLoss: 13.462926, NRTRLoss: 1.471957, loss: 14.906866, avg_reader_cost: 0.00278 s, avg_batch_cost: 0.64464 s, avg_samples: 89.6, ips: 138.99298 samples/s, eta: 3:49:01, max_mem_reserved: 25002 MB, max_mem_allocated: 13654 MB
[2025/11/10 12:43:36] ppocr INFO: cur metric, acc: 0.39739999960260003, norm_edit_dis: 0.858029100074678, fps: 582.8376885504457
[2025/11/10 12:43:39] ppocr INFO: save best model is to ./output/best_accuracy
[2025/11/10 12:43:39] ppocr INFO: best metric, acc: 0.39739999960260003, is_float16: False, norm_edit_dis: 0.858029100074678, fps: 582.8376885504457, best_epoch: 1
[2025/11/10 12:43:45] ppocr INFO: epoch: [1/20], global_step: 910, lr: 0.000124, acc: 0.359375, norm_edit_dis: 0.832326, CTCLoss: 12.967099, NRTRLoss: 1.449122, loss: 14.430065, avg_reader_cost: 0.00311 s, avg_batch_cost: 0.63857 s, avg_samples: 83.1, ips: 130.13457 samples/s, eta: 3:48:49, max_mem_reserved: 25002 MB, max_mem_allocated: 13654 MB
[2025/11/10 12:43:52] ppocr INFO: epoch: [1/20], global_step: 920, lr: 0.000126, acc: 0.307261, norm_edit_dis: 0.823518, CTCLoss: 14.705462, NRTRLoss: 1.459475, loss: 16.138089, avg_reader_cost: 0.00289 s, avg_batch_cost: 0.68923 s, avg_samples: 104.4, ips: 151.47286 samples/s, eta: 3:48:49, max_mem_reserved: 25002 MB, max_mem_allocated: 13654 MB
[2025/11/10 12:43:59] ppocr INFO: epoch: [1/20], global_step: 930, lr: 0.000127, acc: 0.312500, norm_edit_dis: 0.820848, CTCLoss: 14.289545, NRTRLoss: 1.458897, loss: 15.722946, avg_reader_cost: 0.00284 s, avg_batch_cost: 0.62619 s, avg_samples: 85.2, ips: 136.06194 samples/s, eta: 3:48:35, max_mem_reserved: 25002 MB, max_mem_allocated: 13654 MB
[2025/11/10 12:44:06] ppocr INFO: epoch: [1/20], global_step: 940, lr: 0.000128, acc: 0.341176, norm_edit_dis: 0.827450, CTCLoss: 12.465827, NRTRLoss: 1.466689, loss: 13.890313, avg_reader_cost: 0.00287 s, avg_batch_cost: 0.69317 s, avg_samples: 106.5, ips: 153.64128 samples/s, eta: 3:48:36, max_mem_reserved: 25002 MB, max_mem_allocated: 13654 MB
[2025/11/10 12:44:12] ppocr INFO: epoch: [1/20], global_step: 950, lr: 0.000130, acc: 0.362040, norm_edit_dis: 0.834167, CTCLoss: 11.867728, NRTRLoss: 1.476683, loss: 13.341085, avg_reader_cost: 0.00290 s, avg_batch_cost: 0.65079 s, avg_samples: 89.5, ips: 137.52581 samples/s, eta: 3:48:27, max_mem_reserved: 25002 MB, max_mem_allocated: 13654 MB
[2025/11/10 12:44:18] ppocr INFO: epoch: [1/20], global_step: 960, lr: 0.000131, acc: 0.400000, norm_edit_dis: 0.848120, CTCLoss: 11.277586, NRTRLoss: 1.435656, loss: 12.692082, avg_reader_cost: 0.00353 s, avg_batch_cost: 0.59928 s, avg_samples: 74.6, ips: 124.48207 samples/s, eta: 3:48:08, max_mem_reserved: 25002 MB, max_mem_allocated: 13654 MB
[2025/11/10 12:44:25] ppocr INFO: epoch: [1/20], global_step: 970, lr: 0.000133, acc: 0.359375, norm_edit_dis: 0.826361, CTCLoss: 11.799108, NRTRLoss: 1.468970, loss: 13.292643, avg_reader_cost: 0.00282 s, avg_batch_cost: 0.67032 s, avg_samples: 100.2, ips: 149.48099 samples/s, eta: 3:48:03, max_mem_reserved: 25002 MB, max_mem_allocated: 13654 MB
[2025/11/10 12:44:31] ppocr INFO: epoch: [1/20], global_step: 980, lr: 0.000134, acc: 0.362040, norm_edit_dis: 0.828419, CTCLoss: 11.879870, NRTRLoss: 1.467722, loss: 13.409630, avg_reader_cost: 0.00290 s, avg_batch_cost: 0.60181 s, avg_samples: 74.5, ips: 123.79413 samples/s, eta: 3:47:45, max_mem_reserved: 25002 MB, max_mem_allocated: 13654 MB
[2025/11/10 12:44:37] ppocr INFO: epoch: [1/20], global_step: 990, lr: 0.000135, acc: 0.376471, norm_edit_dis: 0.844349, CTCLoss: 11.151748, NRTRLoss: 1.432957, loss: 12.570832, avg_reader_cost: 0.00322 s, avg_batch_cost: 0.64413 s, avg_samples: 85.2, ips: 132.27065 samples/s, eta: 3:47:35, max_mem_reserved: 25002 MB, max_mem_allocated: 13654 MB
[2025/11/10 12:44:44] ppocr INFO: epoch: [1/20], global_step: 1000, lr: 0.000137, acc: 0.376471, norm_edit_dis: 0.846354, CTCLoss: 11.578166, NRTRLoss: 1.456677, loss: 13.016681, avg_reader_cost: 0.00287 s, avg_batch_cost: 0.66713 s, avg_samples: 95.8, ips: 143.59955 samples/s, eta: 3:47:30, max_mem_reserved: 25002 MB, max_mem_allocated: 13718 MB
[2025/11/10 12:45:17] ppocr INFO: cur metric, acc: 0.4326999995673, norm_edit_dis: 0.8751847212398867, fps: 588.0930693445798
[2025/11/10 12:45:20] ppocr INFO: save best model is to ./output/best_accuracy
[2025/11/10 12:45:20] ppocr INFO: best metric, acc: 0.4326999995673, is_float16: False, norm_edit_dis: 0.8751847212398867, fps: 588.0930693445798, best_epoch: 1
[2025/11/10 12:45:27] ppocr INFO: epoch: [1/20], global_step: 1010, lr: 0.000138, acc: 0.370588, norm_edit_dis: 0.846722, CTCLoss: 11.248971, NRTRLoss: 1.462247, loss: 12.688552, avg_reader_cost: 0.00320 s, avg_batch_cost: 0.67877 s, avg_samples: 98.0, ips: 144.37864 samples/s, eta: 3:47:28, max_mem_reserved: 25002 MB, max_mem_allocated: 13718 MB
[2025/11/10 12:45:34] ppocr INFO: epoch: [1/20], global_step: 1020, lr: 0.000139, acc: 0.297518, norm_edit_dis: 0.791555, CTCLoss: 15.849356, NRTRLoss: 1.484225, loss: 17.370979, avg_reader_cost: 0.00283 s, avg_batch_cost: 0.69362 s, avg_samples: 106.6, ips: 153.68617 samples/s, eta: 3:47:28, max_mem_reserved: 25002 MB, max_mem_allocated: 13718 MB
[2025/11/10 12:45:40] ppocr INFO: epoch: [1/20], global_step: 1030, lr: 0.000141, acc: 0.297518, norm_edit_dis: 0.782776, CTCLoss: 15.849356, NRTRLoss: 1.493403, loss: 17.370979, avg_reader_cost: 0.00284 s, avg_batch_cost: 0.65863 s, avg_samples: 98.0, ips: 148.79277 samples/s, eta: 3:47:21, max_mem_reserved: 25002 MB, max_mem_allocated: 13718 MB
[2025/11/10 12:45:47] ppocr INFO: epoch: [1/20], global_step: 1040, lr: 0.000142, acc: 0.362040, norm_edit_dis: 0.842295, CTCLoss: 11.637506, NRTRLoss: 1.455239, loss: 13.083545, avg_reader_cost: 0.00281 s, avg_batch_cost: 0.63943 s, avg_samples: 89.4, ips: 139.81291 samples/s, eta: 3:47:11, max_mem_reserved: 25002 MB, max_mem_allocated: 13718 MB
[2025/11/10 12:45:53] ppocr INFO: epoch: [1/20], global_step: 1050, lr: 0.000144, acc: 0.382353, norm_edit_dis: 0.853984, CTCLoss: 10.654459, NRTRLoss: 1.448857, loss: 12.105484, avg_reader_cost: 0.00288 s, avg_batch_cost: 0.66430 s, avg_samples: 97.9, ips: 147.37399 samples/s, eta: 3:47:05, max_mem_reserved: 25002 MB, max_mem_allocated: 13718 MB
[2025/11/10 12:45:59] ppocr INFO: epoch: [1/20], global_step: 1060, lr: 0.000145, acc: 0.389430, norm_edit_dis: 0.856917, CTCLoss: 9.932687, NRTRLoss: 1.445652, loss: 11.360220, avg_reader_cost: 0.00281 s, avg_batch_cost: 0.60848 s, avg_samples: 78.9, ips: 129.66661 samples/s, eta: 3:46:49, max_mem_reserved: 25002 MB, max_mem_allocated: 13718 MB
[2025/11/10 12:46:06] ppocr INFO: epoch: [1/20], global_step: 1070, lr: 0.000146, acc: 0.390625, norm_edit_dis: 0.851243, CTCLoss: 9.988950, NRTRLoss: 1.457164, loss: 11.429128, avg_reader_cost: 0.00325 s, avg_batch_cost: 0.64490 s, avg_samples: 95.9, ips: 148.70413 samples/s, eta: 3:46:39, max_mem_reserved: 25002 MB, max_mem_allocated: 13718 MB
[2025/11/10 12:46:13] ppocr INFO: epoch: [1/20], global_step: 1080, lr: 0.000148, acc: 0.342463, norm_edit_dis: 0.841551, CTCLoss: 11.355936, NRTRLoss: 1.486546, loss: 12.817027, avg_reader_cost: 0.00283 s, avg_batch_cost: 0.66829 s, avg_samples: 100.2, ips: 149.93465 samples/s, eta: 3:46:35, max_mem_reserved: 25002 MB, max_mem_allocated: 13718 MB
[2025/11/10 12:46:16] ppocr INFO: epoch: [1/20], global_step: 1086, lr: 0.000149, acc: 0.343750, norm_edit_dis: 0.844935, CTCLoss: 11.090773, NRTRLoss: 1.465077, loss: 12.524672, avg_reader_cost: 0.00166 s, avg_batch_cost: 0.35818 s, avg_samples: 51.1, ips: 142.66383 samples/s, eta: 3:46:24, max_mem_reserved: 25002 MB, max_mem_allocated: 13718 MB
[2025/11/10 12:46:17] ppocr INFO: save model in ./output/latest
[2025/11/10 12:46:18] ppocr INFO: save model in ./output/iter_epoch_1
[2025/11/10 12:46:23] ppocr INFO: epoch: [2/20], global_step: 1090, lr: 0.000149, acc: 0.341176, norm_edit_dis: 0.841551, CTCLoss: 11.322412, NRTRLoss: 1.458291, loss: 12.759777, avg_reader_cost: 0.38719 s, avg_batch_cost: 0.66069 s, avg_samples: 40.5, ips: 61.29982 samples/s, eta: 3:47:36, max_mem_reserved: 25002 MB, max_mem_allocated: 13718 MB
[2025/11/10 12:46:30] ppocr INFO: epoch: [2/20], global_step: 1100, lr: 0.000150, acc: 0.342463, norm_edit_dis: 0.849217, CTCLoss: 11.322412, NRTRLoss: 1.445186, loss: 12.759777, avg_reader_cost: 0.00324 s, avg_batch_cost: 0.67842 s, avg_samples: 102.3, ips: 150.79218 samples/s, eta: 3:47:33, max_mem_reserved: 25002 MB, max_mem_allocated: 13718 MB
[2025/11/10 12:47:03] ppocr INFO: cur metric, acc: 0.4567999995432, norm_edit_dis: 0.8820626578050342, fps: 607.0234791357677
[2025/11/10 12:47:06] ppocr INFO: save best model is to ./output/best_accuracy
[2025/11/10 12:47:06] ppocr INFO: best metric, acc: 0.4567999995432, is_float16: False, norm_edit_dis: 0.8820626578050342, fps: 607.0234791357677, best_epoch: 2
[2025/11/10 12:47:12] ppocr INFO: epoch: [2/20], global_step: 1110, lr: 0.000152, acc: 0.324219, norm_edit_dis: 0.790046, CTCLoss: 13.584085, NRTRLoss: 1.487048, loss: 15.108222, avg_reader_cost: 0.00288 s, avg_batch_cost: 0.66807 s, avg_samples: 100.2, ips: 149.98511 samples/s, eta: 3:47:27, max_mem_reserved: 25002 MB, max_mem_allocated: 13718 MB
[2025/11/10 12:47:19] ppocr INFO: epoch: [2/20], global_step: 1120, lr: 0.000153, acc: 0.269531, norm_edit_dis: 0.748472, CTCLoss: 16.577180, NRTRLoss: 1.495122, loss: 18.145281, avg_reader_cost: 0.00289 s, avg_batch_cost: 0.69952 s, avg_samples: 110.9, ips: 158.53715 samples/s, eta: 3:47:27, max_mem_reserved: 25002 MB, max_mem_allocated: 13718 MB
[2025/11/10 12:47:25] ppocr INFO: epoch: [2/20], global_step: 1130, lr: 0.000155, acc: 0.328125, norm_edit_dis: 0.796346, CTCLoss: 13.198462, NRTRLoss: 1.469689, loss: 14.668151, avg_reader_cost: 0.00285 s, avg_batch_cost: 0.62480 s, avg_samples: 87.4, ips: 139.88528 samples/s, eta: 3:47:14, max_mem_reserved: 25002 MB, max_mem_allocated: 13718 MB
[2025/11/10 12:47:32] ppocr INFO: epoch: [2/20], global_step: 1140, lr: 0.000156, acc: 0.403125, norm_edit_dis: 0.865923, CTCLoss: 10.470180, NRTRLoss: 1.448560, loss: 11.918117, avg_reader_cost: 0.00287 s, avg_batch_cost: 0.67612 s, avg_samples: 91.6, ips: 135.47886 samples/s, eta: 3:47:10, max_mem_reserved: 25002 MB, max_mem_allocated: 13718 MB
[2025/11/10 12:47:39] ppocr INFO: epoch: [2/20], global_step: 1150, lr: 0.000157, acc: 0.388235, norm_edit_dis: 0.841635, CTCLoss: 10.815308, NRTRLoss: 1.474061, loss: 12.258450, avg_reader_cost: 0.00286 s, avg_batch_cost: 0.71311 s, avg_samples: 102.3, ips: 143.45581 samples/s, eta: 3:47:12, max_mem_reserved: 25002 MB, max_mem_allocated: 13718 MB
[2025/11/10 12:47:46] ppocr INFO: epoch: [2/20], global_step: 1160, lr: 0.000159, acc: 0.382353, norm_edit_dis: 0.828939, CTCLoss: 10.526370, NRTRLoss: 1.487325, loss: 11.967793, avg_reader_cost: 0.00321 s, avg_batch_cost: 0.65294 s, avg_samples: 93.8, ips: 143.65682 samples/s, eta: 3:47:04, max_mem_reserved: 25002 MB, max_mem_allocated: 13718 MB
[2025/11/10 12:47:52] ppocr INFO: epoch: [2/20], global_step: 1170, lr: 0.000160, acc: 0.417647, norm_edit_dis: 0.869182, CTCLoss: 9.011925, NRTRLoss: 1.441900, loss: 10.434967, avg_reader_cost: 0.00286 s, avg_batch_cost: 0.62483 s, avg_samples: 80.9, ips: 129.47625 samples/s, eta: 3:46:51, max_mem_reserved: 25002 MB, max_mem_allocated: 13718 MB
[2025/11/10 12:47:59] ppocr INFO: epoch: [2/20], global_step: 1180, lr: 0.000162, acc: 0.417647, norm_edit_dis: 0.873353, CTCLoss: 9.131164, NRTRLoss: 1.415914, loss: 10.543940, avg_reader_cost: 0.00286 s, avg_batch_cost: 0.66082 s, avg_samples: 87.4, ips: 132.25922 samples/s, eta: 3:46:44, max_mem_reserved: 25002 MB, max_mem_allocated: 13718 MB
[2025/11/10 12:48:05] ppocr INFO: epoch: [2/20], global_step: 1190, lr: 0.000163, acc: 0.390625, norm_edit_dis: 0.874107, CTCLoss: 9.454082, NRTRLoss: 1.408393, loss: 10.866509, avg_reader_cost: 0.00285 s, avg_batch_cost: 0.64144 s, avg_samples: 98.0, ips: 152.78141 samples/s, eta: 3:46:33, max_mem_reserved: 25002 MB, max_mem_allocated: 13718 MB
[2025/11/10 12:48:12] ppocr INFO: epoch: [2/20], global_step: 1200, lr: 0.000164, acc: 0.435294, norm_edit_dis: 0.876775, CTCLoss: 8.092965, NRTRLoss: 1.432195, loss: 9.474418, avg_reader_cost: 0.00285 s, avg_batch_cost: 0.63468 s, avg_samples: 87.3, ips: 137.54873 samples/s, eta: 3:46:22, max_mem_reserved: 25002 MB, max_mem_allocated: 13718 MB
[2025/11/10 12:48:46] ppocr INFO: cur metric, acc: 0.5051999994948, norm_edit_dis: 0.9013470039145977, fps: 573.6973391126758
[2025/11/10 12:48:49] ppocr INFO: save best model is to ./output/best_accuracy
[2025/11/10 12:48:49] ppocr INFO: best metric, acc: 0.5051999994948, is_float16: False, norm_edit_dis: 0.9013470039145977, fps: 573.6973391126758, best_epoch: 2
[2025/11/10 12:48:56] ppocr INFO: epoch: [2/20], global_step: 1210, lr: 0.000166, acc: 0.458823, norm_edit_dis: 0.876775, CTCLoss: 8.288953, NRTRLoss: 1.435403, loss: 9.682742, avg_reader_cost: 0.00301 s, avg_batch_cost: 0.67883 s, avg_samples: 93.7, ips: 138.03183 samples/s, eta: 3:46:18, max_mem_reserved: 25002 MB, max_mem_allocated: 13718 MB
[2025/11/10 12:49:03] ppocr INFO: epoch: [2/20], global_step: 1220, lr: 0.000167, acc: 0.416820, norm_edit_dis: 0.876204, CTCLoss: 8.722359, NRTRLoss: 1.436274, loss: 10.176176, avg_reader_cost: 0.00278 s, avg_batch_cost: 0.68798 s, avg_samples: 100.2, ips: 145.64299 samples/s, eta: 3:46:16, max_mem_reserved: 25002 MB, max_mem_allocated: 13718 MB
[2025/11/10 12:49:09] ppocr INFO: epoch: [2/20], global_step: 1230, lr: 0.000168, acc: 0.423529, norm_edit_dis: 0.870785, CTCLoss: 9.641702, NRTRLoss: 1.442689, loss: 11.042475, avg_reader_cost: 0.00280 s, avg_batch_cost: 0.65923 s, avg_samples: 93.7, ips: 142.13571 samples/s, eta: 3:46:09, max_mem_reserved: 25002 MB, max_mem_allocated: 13718 MB
[2025/11/10 12:49:16] ppocr INFO: epoch: [2/20], global_step: 1240, lr: 0.000170, acc: 0.420772, norm_edit_dis: 0.858873, CTCLoss: 10.056349, NRTRLoss: 1.455127, loss: 11.490025, avg_reader_cost: 0.00288 s, avg_batch_cost: 0.71078 s, avg_samples: 102.3, ips: 143.92568 samples/s, eta: 3:46:10, max_mem_reserved: 25002 MB, max_mem_allocated: 13718 MB
[2025/11/10 12:49:23] ppocr INFO: epoch: [2/20], global_step: 1250, lr: 0.000171, acc: 0.403125, norm_edit_dis: 0.859798, CTCLoss: 9.483365, NRTRLoss: 1.438114, loss: 10.906753, avg_reader_cost: 0.00279 s, avg_batch_cost: 0.63557 s, avg_samples: 85.2, ips: 134.05275 samples/s, eta: 3:45:59, max_mem_reserved: 25002 MB, max_mem_allocated: 13718 MB
[2025/11/10 12:49:29] ppocr INFO: epoch: [2/20], global_step: 1260, lr: 0.000173, acc: 0.377665, norm_edit_dis: 0.851558, CTCLoss: 9.903623, NRTRLoss: 1.438808, loss: 11.340816, avg_reader_cost: 0.00284 s, avg_batch_cost: 0.68568 s, avg_samples: 113.0, ips: 164.79902 samples/s, eta: 3:45:57, max_mem_reserved: 25002 MB, max_mem_allocated: 13718 MB
[2025/11/10 12:49:37] ppocr INFO: epoch: [2/20], global_step: 1270, lr: 0.000174, acc: 0.289062, norm_edit_dis: 0.790061, CTCLoss: 13.262776, NRTRLoss: 1.478810, loss: 14.737637, avg_reader_cost: 0.00284 s, avg_batch_cost: 0.71068 s, avg_samples: 113.0, ips: 159.00238 samples/s, eta: 3:45:58, max_mem_reserved: 25002 MB, max_mem_allocated: 13718 MB
[2025/11/10 12:49:43] ppocr INFO: epoch: [2/20], global_step: 1280, lr: 0.000175, acc: 0.367923, norm_edit_dis: 0.826803, CTCLoss: 11.222342, NRTRLoss: 1.452709, loss: 12.709968, avg_reader_cost: 0.00282 s, avg_batch_cost: 0.64390 s, avg_samples: 89.5, ips: 138.99779 samples/s, eta: 3:45:48, max_mem_reserved: 25002 MB, max_mem_allocated: 13718 MB
[2025/11/10 12:49:49] ppocr INFO: epoch: [2/20], global_step: 1290, lr: 0.000177, acc: 0.463787, norm_edit_dis: 0.885275, CTCLoss: 7.451632, NRTRLoss: 1.425615, loss: 8.846344, avg_reader_cost: 0.00279 s, avg_batch_cost: 0.60351 s, avg_samples: 76.7, ips: 127.08901 samples/s, eta: 3:45:32, max_mem_reserved: 25002 MB, max_mem_allocated: 13718 MB
[2025/11/10 12:49:55] ppocr INFO: epoch: [2/20], global_step: 1300, lr: 0.000178, acc: 0.469669, norm_edit_dis: 0.893173, CTCLoss: 7.134893, NRTRLoss: 1.409951, loss: 8.519420, avg_reader_cost: 0.00294 s, avg_batch_cost: 0.59794 s, avg_samples: 72.4, ips: 121.08216 samples/s, eta: 3:45:15, max_mem_reserved: 25002 MB, max_mem_allocated: 13718 MB
[2025/11/10 12:50:29] ppocr INFO: cur metric, acc: 0.5357999994642, norm_edit_dis: 0.9090817292313439, fps: 586.5963197427018
[2025/11/10 12:50:31] ppocr INFO: save best model is to ./output/best_accuracy
[2025/11/10 12:50:31] ppocr INFO: best metric, acc: 0.5357999994642, is_float16: False, norm_edit_dis: 0.9090817292313439, fps: 586.5963197427018, best_epoch: 2
[2025/11/10 12:50:38] ppocr INFO: epoch: [2/20], global_step: 1310, lr: 0.000179, acc: 0.477482, norm_edit_dis: 0.890138, CTCLoss: 7.300675, NRTRLoss: 1.421274, loss: 8.697275, avg_reader_cost: 0.00301 s, avg_batch_cost: 0.63571 s, avg_samples: 76.7, ips: 120.65161 samples/s, eta: 3:45:04, max_mem_reserved: 25002 MB, max_mem_allocated: 13718 MB
[2025/11/10 12:50:44] ppocr INFO: epoch: [2/20], global_step: 1320, lr: 0.000181, acc: 0.488235, norm_edit_dis: 0.887126, CTCLoss: 6.959965, NRTRLoss: 1.426623, loss: 8.391550, avg_reader_cost: 0.00281 s, avg_batch_cost: 0.63534 s, avg_samples: 83.0, ips: 130.63831 samples/s, eta: 3:44:54, max_mem_reserved: 25002 MB, max_mem_allocated: 13718 MB
[2025/11/10 12:50:51] ppocr INFO: epoch: [2/20], global_step: 1330, lr: 0.000182, acc: 0.475551, norm_edit_dis: 0.887360, CTCLoss: 6.754776, NRTRLoss: 1.432437, loss: 8.159388, avg_reader_cost: 0.00287 s, avg_batch_cost: 0.66943 s, avg_samples: 93.7, ips: 139.96937 samples/s, eta: 3:44:48, max_mem_reserved: 25002 MB, max_mem_allocated: 13718 MB
[2025/11/10 12:50:57] ppocr INFO: epoch: [2/20], global_step: 1340, lr: 0.000184, acc: 0.447059, norm_edit_dis: 0.870477, CTCLoss: 7.831412, NRTRLoss: 1.435111, loss: 9.289093, avg_reader_cost: 0.00286 s, avg_batch_cost: 0.65752 s, avg_samples: 98.0, ips: 149.04448 samples/s, eta: 3:44:41, max_mem_reserved: 25002 MB, max_mem_allocated: 13718 MB
[2025/11/10 12:51:03] ppocr INFO: epoch: [2/20], global_step: 1350, lr: 0.000185, acc: 0.450092, norm_edit_dis: 0.883240, CTCLoss: 7.565207, NRTRLoss: 1.433118, loss: 8.996447, avg_reader_cost: 0.00286 s, avg_batch_cost: 0.61950 s, avg_samples: 76.7, ips: 123.80989 samples/s, eta: 3:44:28, max_mem_reserved: 25002 MB, max_mem_allocated: 13718 MB
[2025/11/10 12:51:10] ppocr INFO: epoch: [2/20], global_step: 1360, lr: 0.000186, acc: 0.453125, norm_edit_dis: 0.890227, CTCLoss: 7.297074, NRTRLoss: 1.433118, loss: 8.730000, avg_reader_cost: 0.00287 s, avg_batch_cost: 0.65744 s, avg_samples: 89.5, ips: 136.13366 samples/s, eta: 3:44:21, max_mem_reserved: 25002 MB, max_mem_allocated: 13718 MB
[2025/11/10 12:51:17] ppocr INFO: epoch: [2/20], global_step: 1370, lr: 0.000188, acc: 0.461857, norm_edit_dis: 0.891374, CTCLoss: 7.125557, NRTRLoss: 1.436200, loss: 8.552894, avg_reader_cost: 0.00323 s, avg_batch_cost: 0.65987 s, avg_samples: 91.7, ips: 138.96682 samples/s, eta: 3:44:14, max_mem_reserved: 25002 MB, max_mem_allocated: 13718 MB
[2025/11/10 12:51:23] ppocr INFO: epoch: [2/20], global_step: 1380, lr: 0.000189, acc: 0.500000, norm_edit_dis: 0.902449, CTCLoss: 6.258501, NRTRLoss: 1.425901, loss: 7.677950, avg_reader_cost: 0.00287 s, avg_batch_cost: 0.67207 s, avg_samples: 91.7, ips: 136.44410 samples/s, eta: 3:44:09, max_mem_reserved: 25002 MB, max_mem_allocated: 13718 MB
[2025/11/10 12:51:30] ppocr INFO: epoch: [2/20], global_step: 1390, lr: 0.000191, acc: 0.507812, norm_edit_dis: 0.897409, CTCLoss: 6.481093, NRTRLoss: 1.415915, loss: 7.893577, avg_reader_cost: 0.00284 s, avg_batch_cost: 0.66722 s, avg_samples: 91.6, ips: 137.28648 samples/s, eta: 3:44:03, max_mem_reserved: 25002 MB, max_mem_allocated: 13718 MB
[2025/11/10 12:51:37] ppocr INFO: epoch: [2/20], global_step: 1400, lr: 0.000192, acc: 0.515625, norm_edit_dis: 0.895740, CTCLoss: 6.481093, NRTRLoss: 1.417253, loss: 7.893577, avg_reader_cost: 0.00291 s, avg_batch_cost: 0.67047 s, avg_samples: 98.0, ips: 146.16517 samples/s, eta: 3:43:58, max_mem_reserved: 25002 MB, max_mem_allocated: 13718 MB
[2025/11/10 12:52:11] ppocr INFO: cur metric, acc: 0.5432999994567, norm_edit_dis: 0.9130753119078643, fps: 583.7968909320268
[2025/11/10 12:52:13] ppocr INFO: save best model is to ./output/best_accuracy
[2025/11/10 12:52:13] ppocr INFO: best metric, acc: 0.5432999994567, is_float16: False, norm_edit_dis: 0.9130753119078643, fps: 583.7968909320268, best_epoch: 2
[2025/11/10 12:52:20] ppocr INFO: epoch: [2/20], global_step: 1410, lr: 0.000193, acc: 0.381664, norm_edit_dis: 0.855170, CTCLoss: 9.332573, NRTRLoss: 1.447797, loss: 10.773339, avg_reader_cost: 0.00294 s, avg_batch_cost: 0.70134 s, avg_samples: 108.7, ips: 154.98955 samples/s, eta: 3:43:57, max_mem_reserved: 25002 MB, max_mem_allocated: 13718 MB
[2025/11/10 12:52:26] ppocr INFO: epoch: [2/20], global_step: 1420, lr: 0.000195, acc: 0.393382, norm_edit_dis: 0.871188, CTCLoss: 9.935298, NRTRLoss: 1.467015, loss: 11.402313, avg_reader_cost: 0.00289 s, avg_batch_cost: 0.61729 s, avg_samples: 87.4, ips: 141.58754 samples/s, eta: 3:43:44, max_mem_reserved: 25002 MB, max_mem_allocated: 13718 MB
[2025/11/10 12:52:32] ppocr INFO: epoch: [2/20], global_step: 1430, lr: 0.000196, acc: 0.475551, norm_edit_dis: 0.890503, CTCLoss: 6.746835, NRTRLoss: 1.427147, loss: 8.179772, avg_reader_cost: 0.00292 s, avg_batch_cost: 0.61349 s, avg_samples: 83.0, ips: 135.29143 samples/s, eta: 3:43:31, max_mem_reserved: 25002 MB, max_mem_allocated: 13718 MB
[2025/11/10 12:52:39] ppocr INFO: epoch: [2/20], global_step: 1440, lr: 0.000197, acc: 0.484375, norm_edit_dis: 0.893495, CTCLoss: 6.480026, NRTRLoss: 1.423269, loss: 7.931863, avg_reader_cost: 0.00289 s, avg_batch_cost: 0.62564 s, avg_samples: 83.1, ips: 132.82362 samples/s, eta: 3:43:19, max_mem_reserved: 25002 MB, max_mem_allocated: 13718 MB
[2025/11/10 12:52:45] ppocr INFO: epoch: [2/20], global_step: 1450, lr: 0.000199, acc: 0.484375, norm_edit_dis: 0.894066, CTCLoss: 7.052623, NRTRLoss: 1.438202, loss: 8.477473, avg_reader_cost: 0.00286 s, avg_batch_cost: 0.66658 s, avg_samples: 91.7, ips: 137.56692 samples/s, eta: 3:43:14, max_mem_reserved: 25002 MB, max_mem_allocated: 13718 MB
[2025/11/10 12:52:52] ppocr INFO: epoch: [2/20], global_step: 1460, lr: 0.000200, acc: 0.511765, norm_edit_dis: 0.898448, CTCLoss: 6.511047, NRTRLoss: 1.428073, loss: 7.906566, avg_reader_cost: 0.00292 s, avg_batch_cost: 0.64585 s, avg_samples: 87.4, ips: 135.32654 samples/s, eta: 3:43:05, max_mem_reserved: 25002 MB, max_mem_allocated: 13718 MB
[2025/11/10 12:52:58] ppocr INFO: epoch: [2/20], global_step: 1470, lr: 0.000202, acc: 0.477482, norm_edit_dis: 0.884365, CTCLoss: 6.858510, NRTRLoss: 1.436894, loss: 8.294383, avg_reader_cost: 0.00287 s, avg_batch_cost: 0.63973 s, avg_samples: 89.5, ips: 139.90233 samples/s, eta: 3:42:55, max_mem_reserved: 25002 MB, max_mem_allocated: 13718 MB
[2025/11/10 12:53:05] ppocr INFO: epoch: [2/20], global_step: 1480, lr: 0.000203, acc: 0.477482, norm_edit_dis: 0.884365, CTCLoss: 6.858510, NRTRLoss: 1.441593, loss: 8.294383, avg_reader_cost: 0.00291 s, avg_batch_cost: 0.64106 s, avg_samples: 89.5, ips: 139.61360 samples/s, eta: 3:42:46, max_mem_reserved: 25002 MB, max_mem_allocated: 13718 MB
[2025/11/10 12:53:11] ppocr INFO: epoch: [2/20], global_step: 1490, lr: 0.000204, acc: 0.491176, norm_edit_dis: 0.890481, CTCLoss: 6.249514, NRTRLoss: 1.444752, loss: 7.689429, avg_reader_cost: 0.00293 s, avg_batch_cost: 0.63757 s, avg_samples: 93.7, ips: 146.96346 samples/s, eta: 3:42:36, max_mem_reserved: 25002 MB, max_mem_allocated: 13718 MB
[2025/11/10 12:53:17] ppocr INFO: epoch: [2/20], global_step: 1500, lr: 0.000206, acc: 0.491176, norm_edit_dis: 0.894306, CTCLoss: 6.317641, NRTRLoss: 1.435238, loss: 7.706533, avg_reader_cost: 0.00292 s, avg_batch_cost: 0.64162 s, avg_samples: 85.2, ips: 132.78828 samples/s, eta: 3:42:27, max_mem_reserved: 25002 MB, max_mem_allocated: 13718 MB
[2025/11/10 12:53:51] ppocr INFO: cur metric, acc: 0.5823999994176, norm_edit_dis: 0.9209296105478877, fps: 601.2762704925518
[2025/11/10 12:53:53] ppocr INFO: save best model is to ./output/best_accuracy
[2025/11/10 12:53:53] ppocr INFO: best metric, acc: 0.5823999994176, is_float16: False, norm_edit_dis: 0.9209296105478877, fps: 601.2762704925518, best_epoch: 2
[2025/11/10 12:54:00] ppocr INFO: epoch: [2/20], global_step: 1510, lr: 0.000207, acc: 0.517647, norm_edit_dis: 0.901166, CTCLoss: 6.067300, NRTRLoss: 1.416030, loss: 7.478365, avg_reader_cost: 0.00294 s, avg_batch_cost: 0.64157 s, avg_samples: 85.1, ips: 132.64338 samples/s, eta: 3:42:18, max_mem_reserved: 25002 MB, max_mem_allocated: 13718 MB
[2025/11/10 12:54:06] ppocr INFO: epoch: [2/20], global_step: 1520, lr: 0.000208, acc: 0.536213, norm_edit_dis: 0.900234, CTCLoss: 6.060445, NRTRLoss: 1.434471, loss: 7.483954, avg_reader_cost: 0.00319 s, avg_batch_cost: 0.63520 s, avg_samples: 87.4, ips: 137.59342 samples/s, eta: 3:42:08, max_mem_reserved: 25002 MB, max_mem_allocated: 13718 MB
[2025/11/10 12:54:13] ppocr INFO: epoch: [2/20], global_step: 1530, lr: 0.000210, acc: 0.544026, norm_edit_dis: 0.905170, CTCLoss: 5.426860, NRTRLoss: 1.431432, loss: 6.837042, avg_reader_cost: 0.00292 s, avg_batch_cost: 0.64841 s, avg_samples: 89.4, ips: 137.87586 samples/s, eta: 3:42:00, max_mem_reserved: 25002 MB, max_mem_allocated: 13718 MB
[2025/11/10 12:54:19] ppocr INFO: epoch: [2/20], global_step: 1540, lr: 0.000211, acc: 0.518566, norm_edit_dis: 0.902267, CTCLoss: 5.685782, NRTRLoss: 1.426976, loss: 7.119380, avg_reader_cost: 0.00284 s, avg_batch_cost: 0.65245 s, avg_samples: 93.8, ips: 143.76673 samples/s, eta: 3:41:53, max_mem_reserved: 25002 MB, max_mem_allocated: 13718 MB
[2025/11/10 12:54:26] ppocr INFO: epoch: [2/20], global_step: 1550, lr: 0.000213, acc: 0.495129, norm_edit_dis: 0.896721, CTCLoss: 7.053574, NRTRLoss: 1.433818, loss: 8.487392, avg_reader_cost: 0.00290 s, avg_batch_cost: 0.66895 s, avg_samples: 95.9, ips: 143.35998 samples/s, eta: 3:41:47, max_mem_reserved: 25002 MB, max_mem_allocated: 13718 MB
[2025/11/10 12:54:33] ppocr INFO: epoch: [2/20], global_step: 1560, lr: 0.000214, acc: 0.492187, norm_edit_dis: 0.891138, CTCLoss: 6.443580, NRTRLoss: 1.426848, loss: 7.869056, avg_reader_cost: 0.00290 s, avg_batch_cost: 0.68631 s, avg_samples: 100.2, ips: 145.99767 samples/s, eta: 3:41:44, max_mem_reserved: 25002 MB, max_mem_allocated: 13718 MB
[2025/11/10 12:54:39] ppocr INFO: epoch: [2/20], global_step: 1570, lr: 0.000215, acc: 0.502941, norm_edit_dis: 0.900535, CTCLoss: 6.411859, NRTRLoss: 1.459132, loss: 7.889844, avg_reader_cost: 0.00288 s, avg_batch_cost: 0.66903 s, avg_samples: 89.5, ips: 133.77548 samples/s, eta: 3:41:39, max_mem_reserved: 25002 MB, max_mem_allocated: 13718 MB
[2025/11/10 12:54:46] ppocr INFO: epoch: [2/20], global_step: 1580, lr: 0.000217, acc: 0.510754, norm_edit_dis: 0.902886, CTCLoss: 5.891214, NRTRLoss: 1.436291, loss: 7.347810, avg_reader_cost: 0.00287 s, avg_batch_cost: 0.62855 s, avg_samples: 81.0, ips: 128.86788 samples/s, eta: 3:41:28, max_mem_reserved: 25002 MB, max_mem_allocated: 13718 MB
[2025/11/10 12:54:53] ppocr INFO: epoch: [2/20], global_step: 1590, lr: 0.000218, acc: 0.507812, norm_edit_dis: 0.902874, CTCLoss: 5.965523, NRTRLoss: 1.415282, loss: 7.375507, avg_reader_cost: 0.00293 s, avg_batch_cost: 0.70012 s, avg_samples: 98.1, ips: 140.11876 samples/s, eta: 3:41:27, max_mem_reserved: 25002 MB, max_mem_allocated: 13718 MB
[2025/11/10 12:54:59] ppocr INFO: epoch: [2/20], global_step: 1600, lr: 0.000220, acc: 0.507812, norm_edit_dis: 0.889593, CTCLoss: 5.507615, NRTRLoss: 1.435273, loss: 6.928695, avg_reader_cost: 0.00290 s, avg_batch_cost: 0.62592 s, avg_samples: 81.0, ips: 129.40994 samples/s, eta: 3:41:16, max_mem_reserved: 25002 MB, max_mem_allocated: 13718 MB
[2025/11/10 12:55:33] ppocr INFO: cur metric, acc: 0.6176999993823, norm_edit_dis: 0.9275876259457083, fps: 573.7261627320463
[2025/11/10 12:55:36] ppocr INFO: save best model is to ./output/best_accuracy
[2025/11/10 12:55:36] ppocr INFO: best metric, acc: 0.6176999993823, is_float16: False, norm_edit_dis: 0.9275876259457083, fps: 573.7261627320463, best_epoch: 2
[2025/11/10 12:55:43] ppocr INFO: epoch: [2/20], global_step: 1610, lr: 0.000221, acc: 0.539062, norm_edit_dis: 0.908698, CTCLoss: 5.507615, NRTRLoss: 1.428471, loss: 6.937677, avg_reader_cost: 0.00304 s, avg_batch_cost: 0.67181 s, avg_samples: 89.5, ips: 133.22128 samples/s, eta: 3:41:11, max_mem_reserved: 25002 MB, max_mem_allocated: 13718 MB
[2025/11/10 12:55:50] ppocr INFO: epoch: [2/20], global_step: 1620, lr: 0.000222, acc: 0.539062, norm_edit_dis: 0.901602, CTCLoss: 6.338647, NRTRLoss: 1.443021, loss: 7.774035, avg_reader_cost: 0.00288 s, avg_batch_cost: 0.66477 s, avg_samples: 93.8, ips: 141.10143 samples/s, eta: 3:41:05, max_mem_reserved: 25002 MB, max_mem_allocated: 13718 MB
[2025/11/10 12:55:56] ppocr INFO: epoch: [2/20], global_step: 1630, lr: 0.000224, acc: 0.511765, norm_edit_dis: 0.892608, CTCLoss: 6.338647, NRTRLoss: 1.447049, loss: 7.774035, avg_reader_cost: 0.00284 s, avg_batch_cost: 0.66134 s, avg_samples: 93.7, ips: 141.68296 samples/s, eta: 3:40:58, max_mem_reserved: 25002 MB, max_mem_allocated: 13718 MB
[2025/11/10 12:56:03] ppocr INFO: epoch: [2/20], global_step: 1640, lr: 0.000225, acc: 0.504871, norm_edit_dis: 0.889389, CTCLoss: 6.390078, NRTRLoss: 1.448105, loss: 7.831975, avg_reader_cost: 0.00291 s, avg_batch_cost: 0.71169 s, avg_samples: 102.3, ips: 143.74192 samples/s, eta: 3:40:58, max_mem_reserved: 25002 MB, max_mem_allocated: 13718 MB
[2025/11/10 12:56:10] ppocr INFO: epoch: [2/20], global_step: 1650, lr: 0.000226, acc: 0.515625, norm_edit_dis: 0.895170, CTCLoss: 6.182679, NRTRLoss: 1.423427, loss: 7.600863, avg_reader_cost: 0.00290 s, avg_batch_cost: 0.65486 s, avg_samples: 83.1, ips: 126.89653 samples/s, eta: 3:40:51, max_mem_reserved: 25002 MB, max_mem_allocated: 13718 MB
[2025/11/10 12:56:17] ppocr INFO: epoch: [2/20], global_step: 1660, lr: 0.000228, acc: 0.502941, norm_edit_dis: 0.899797, CTCLoss: 5.781227, NRTRLoss: 1.413342, loss: 7.198487, avg_reader_cost: 0.00335 s, avg_batch_cost: 0.66399 s, avg_samples: 89.5, ips: 134.79065 samples/s, eta: 3:40:45, max_mem_reserved: 25002 MB, max_mem_allocated: 13718 MB
[2025/11/10 12:56:23] ppocr INFO: epoch: [2/20], global_step: 1670, lr: 0.000229, acc: 0.514706, norm_edit_dis: 0.901325, CTCLoss: 5.904208, NRTRLoss: 1.426929, loss: 7.310419, avg_reader_cost: 0.00288 s, avg_batch_cost: 0.63942 s, avg_samples: 87.3, ips: 136.52966 samples/s, eta: 3:40:35, max_mem_reserved: 25002 MB, max_mem_allocated: 13718 MB
[2025/11/10 12:56:30] ppocr INFO: epoch: [2/20], global_step: 1680, lr: 0.000231, acc: 0.549908, norm_edit_dis: 0.909251, CTCLoss: 5.838603, NRTRLoss: 1.420369, loss: 7.256511, avg_reader_cost: 0.00285 s, avg_batch_cost: 0.66231 s, avg_samples: 91.6, ips: 138.30434 samples/s, eta: 3:40:29, max_mem_reserved: 25002 MB, max_mem_allocated: 13718 MB
[2025/11/10 12:56:35] ppocr INFO: epoch: [2/20], global_step: 1690, lr: 0.000232, acc: 0.563603, norm_edit_dis: 0.913440, CTCLoss: 5.671229, NRTRLoss: 1.417347, loss: 7.109642, avg_reader_cost: 0.00285 s, avg_batch_cost: 0.56926 s, avg_samples: 70.3, ips: 123.49420 samples/s, eta: 3:40:12, max_mem_reserved: 25002 MB, max_mem_allocated: 13718 MB
[2025/11/10 12:56:42] ppocr INFO: epoch: [2/20], global_step: 1700, lr: 0.000233, acc: 0.552941, norm_edit_dis: 0.911972, CTCLoss: 5.374843, NRTRLoss: 1.421864, loss: 6.779123, avg_reader_cost: 0.00286 s, avg_batch_cost: 0.63235 s, avg_samples: 89.5, ips: 141.53634 samples/s, eta: 3:40:02, max_mem_reserved: 25002 MB, max_mem_allocated: 13718 MB
[2025/11/10 12:57:15] ppocr INFO: cur metric, acc: 0.6205999993794, norm_edit_dis: 0.9291910626226437, fps: 574.0904781498577
[2025/11/10 12:57:18] ppocr INFO: save best model is to ./output/best_accuracy
[2025/11/10 12:57:18] ppocr INFO: best metric, acc: 0.6205999993794, is_float16: False, norm_edit_dis: 0.9291910626226437, fps: 574.0904781498577, best_epoch: 2
[2025/11/10 12:57:25] ppocr INFO: epoch: [2/20], global_step: 1710, lr: 0.000235, acc: 0.536213, norm_edit_dis: 0.902968, CTCLoss: 5.177003, NRTRLoss: 1.431836, loss: 6.596422, avg_reader_cost: 0.00338 s, avg_batch_cost: 0.69139 s, avg_samples: 102.2, ips: 147.81771 samples/s, eta: 3:39:59, max_mem_reserved: 25002 MB, max_mem_allocated: 13718 MB
[2025/11/10 12:57:31] ppocr INFO: epoch: [2/20], global_step: 1720, lr: 0.000236, acc: 0.541176, norm_edit_dis: 0.906347, CTCLoss: 5.189320, NRTRLoss: 1.419662, loss: 6.613653, avg_reader_cost: 0.00286 s, avg_batch_cost: 0.61785 s, avg_samples: 76.7, ips: 124.13945 samples/s, eta: 3:39:48, max_mem_reserved: 25002 MB, max_mem_allocated: 13718 MB
[2025/11/10 12:57:38] ppocr INFO: epoch: [2/20], global_step: 1730, lr: 0.000237, acc: 0.531250, norm_edit_dis: 0.908819, CTCLoss: 5.201213, NRTRLoss: 1.424396, loss: 6.636160, avg_reader_cost: 0.00289 s, avg_batch_cost: 0.70380 s, avg_samples: 102.3, ips: 145.35371 samples/s, eta: 3:39:46, max_mem_reserved: 25002 MB, max_mem_allocated: 13718 MB
[2025/11/10 12:57:45] ppocr INFO: epoch: [2/20], global_step: 1740, lr: 0.000239, acc: 0.375000, norm_edit_dis: 0.834836, CTCLoss: 9.264023, NRTRLoss: 1.462071, loss: 10.774726, avg_reader_cost: 0.00290 s, avg_batch_cost: 0.70607 s, avg_samples: 108.7, ips: 153.95156 samples/s, eta: 3:39:45, max_mem_reserved: 25002 MB, max_mem_allocated: 13718 MB
[2025/11/10 12:57:52] ppocr INFO: epoch: [2/20], global_step: 1750, lr: 0.000240, acc: 0.382812, norm_edit_dis: 0.837217, CTCLoss: 9.055061, NRTRLoss: 1.475358, loss: 10.547937, avg_reader_cost: 0.00292 s, avg_batch_cost: 0.65980 s, avg_samples: 98.1, ips: 148.68049 samples/s, eta: 3:39:38, max_mem_reserved: 25002 MB, max_mem_allocated: 13718 MB
[2025/11/10 12:57:59] ppocr INFO: epoch: [2/20], global_step: 1760, lr: 0.000242, acc: 0.534191, norm_edit_dis: 0.896555, CTCLoss: 6.680709, NRTRLoss: 1.452759, loss: 8.122836, avg_reader_cost: 0.00335 s, avg_batch_cost: 0.67270 s, avg_samples: 98.0, ips: 145.68225 samples/s, eta: 3:39:33, max_mem_reserved: 25002 MB, max_mem_allocated: 13718 MB
[2025/11/10 12:58:06] ppocr INFO: epoch: [2/20], global_step: 1770, lr: 0.000243, acc: 0.535294, norm_edit_dis: 0.897083, CTCLoss: 6.504969, NRTRLoss: 1.452005, loss: 7.951715, avg_reader_cost: 0.00292 s, avg_batch_cost: 0.69439 s, avg_samples: 104.4, ips: 150.34769 samples/s, eta: 3:39:30, max_mem_reserved: 25002 MB, max_mem_allocated: 13718 MB
[2025/11/10 12:58:12] ppocr INFO: epoch: [2/20], global_step: 1780, lr: 0.000244, acc: 0.588235, norm_edit_dis: 0.912610, CTCLoss: 5.169724, NRTRLoss: 1.420263, loss: 6.571334, avg_reader_cost: 0.00286 s, avg_batch_cost: 0.64783 s, avg_samples: 87.4, ips: 134.91181 samples/s, eta: 3:39:22, max_mem_reserved: 25002 MB, max_mem_allocated: 13718 MB
[2025/11/10 12:58:18] ppocr INFO: epoch: [2/20], global_step: 1790, lr: 0.000246, acc: 0.583180, norm_edit_dis: 0.912131, CTCLoss: 4.969620, NRTRLoss: 1.410275, loss: 6.396695, avg_reader_cost: 0.00284 s, avg_batch_cost: 0.62684 s, avg_samples: 80.9, ips: 129.05912 samples/s, eta: 3:39:12, max_mem_reserved: 25002 MB, max_mem_allocated: 13718 MB
[2025/11/10 12:58:25] ppocr INFO: epoch: [2/20], global_step: 1800, lr: 0.000247, acc: 0.570588, norm_edit_dis: 0.910150, CTCLoss: 5.135267, NRTRLoss: 1.412989, loss: 6.536555, avg_reader_cost: 0.00283 s, avg_batch_cost: 0.65184 s, avg_samples: 95.9, ips: 147.12310 samples/s, eta: 3:39:05, max_mem_reserved: 25002 MB, max_mem_allocated: 13718 MB
[2025/11/10 12:59:00] ppocr INFO: cur metric, acc: 0.6386999993613001, norm_edit_dis: 0.9335039461774798, fps: 572.6149401584305
[2025/11/10 12:59:02] ppocr INFO: save best model is to ./output/best_accuracy
[2025/11/10 12:59:02] ppocr INFO: best metric, acc: 0.6386999993613001, is_float16: False, norm_edit_dis: 0.9335039461774798, fps: 572.6149401584305, best_epoch: 2
[2025/11/10 12:59:09] ppocr INFO: epoch: [2/20], global_step: 1810, lr: 0.000249, acc: 0.576471, norm_edit_dis: 0.914673, CTCLoss: 4.769583, NRTRLoss: 1.414723, loss: 6.150377, avg_reader_cost: 0.00293 s, avg_batch_cost: 0.67666 s, avg_samples: 93.6, ips: 138.32636 samples/s, eta: 3:39:00, max_mem_reserved: 25002 MB, max_mem_allocated: 13718 MB
[2025/11/10 12:59:16] ppocr INFO: epoch: [2/20], global_step: 1820, lr: 0.000250, acc: 0.577298, norm_edit_dis: 0.918182, CTCLoss: 4.718920, NRTRLoss: 1.405849, loss: 6.114129, avg_reader_cost: 0.00288 s, avg_batch_cost: 0.66373 s, avg_samples: 85.3, ips: 128.51652 samples/s, eta: 3:38:54, max_mem_reserved: 25002 MB, max_mem_allocated: 13718 MB
[2025/11/10 12:59:22] ppocr INFO: epoch: [2/20], global_step: 1830, lr: 0.000251, acc: 0.578125, norm_edit_dis: 0.915338, CTCLoss: 5.167451, NRTRLoss: 1.428017, loss: 6.580925, avg_reader_cost: 0.00285 s, avg_batch_cost: 0.64285 s, avg_samples: 87.3, ips: 135.80138 samples/s, eta: 3:38:45, max_mem_reserved: 25002 MB, max_mem_allocated: 13718 MB
[2025/11/10 12:59:29] ppocr INFO: epoch: [2/20], global_step: 1840, lr: 0.000253, acc: 0.563603, norm_edit_dis: 0.906771, CTCLoss: 5.040329, NRTRLoss: 1.433417, loss: 6.453861, avg_reader_cost: 0.00286 s, avg_batch_cost: 0.69814 s, avg_samples: 95.9, ips: 137.36543 samples/s, eta: 3:38:43, max_mem_reserved: 25002 MB, max_mem_allocated: 13718 MB
[2025/11/10 12:59:36] ppocr INFO: epoch: [2/20], global_step: 1850, lr: 0.000254, acc: 0.552941, norm_edit_dis: 0.905794, CTCLoss: 4.905708, NRTRLoss: 1.438371, loss: 6.340505, avg_reader_cost: 0.00288 s, avg_batch_cost: 0.68219 s, avg_samples: 98.0, ips: 143.65539 samples/s, eta: 3:38:38, max_mem_reserved: 25002 MB, max_mem_allocated: 13718 MB
[2025/11/10 12:59:43] ppocr INFO: epoch: [2/20], global_step: 1860, lr: 0.000255, acc: 0.523529, norm_edit_dis: 0.916432, CTCLoss: 4.905708, NRTRLoss: 1.433143, loss: 6.340505, avg_reader_cost: 0.00281 s, avg_batch_cost: 0.66721 s, avg_samples: 87.4, ips: 130.99390 samples/s, eta: 3:38:33, max_mem_reserved: 25002 MB, max_mem_allocated: 13718 MB
[2025/11/10 12:59:49] ppocr INFO: epoch: [2/20], global_step: 1870, lr: 0.000257, acc: 0.523529, norm_edit_dis: 0.903570, CTCLoss: 5.293160, NRTRLoss: 1.429420, loss: 6.723238, avg_reader_cost: 0.00284 s, avg_batch_cost: 0.66722 s, avg_samples: 93.7, ips: 140.43426 samples/s, eta: 3:38:27, max_mem_reserved: 25002 MB, max_mem_allocated: 13718 MB
[2025/11/10 12:59:56] ppocr INFO: epoch: [2/20], global_step: 1880, lr: 0.000258, acc: 0.555790, norm_edit_dis: 0.896286, CTCLoss: 5.565235, NRTRLoss: 1.436152, loss: 7.003923, avg_reader_cost: 0.00285 s, avg_batch_cost: 0.68172 s, avg_samples: 95.9, ips: 140.67408 samples/s, eta: 3:38:22, max_mem_reserved: 25002 MB, max_mem_allocated: 13718 MB
[2025/11/10 13:00:03] ppocr INFO: epoch: [2/20], global_step: 1890, lr: 0.000260, acc: 0.547059, norm_edit_dis: 0.903051, CTCLoss: 4.904936, NRTRLoss: 1.413431, loss: 6.316741, avg_reader_cost: 0.00286 s, avg_batch_cost: 0.68994 s, avg_samples: 97.9, ips: 141.89715 samples/s, eta: 3:38:19, max_mem_reserved: 25002 MB, max_mem_allocated: 13718 MB
[2025/11/10 13:00:10] ppocr INFO: epoch: [2/20], global_step: 1900, lr: 0.000261, acc: 0.547059, norm_edit_dis: 0.906023, CTCLoss: 4.904936, NRTRLoss: 1.416229, loss: 6.316741, avg_reader_cost: 0.00322 s, avg_batch_cost: 0.67072 s, avg_samples: 95.9, ips: 142.98082 samples/s, eta: 3:38:13, max_mem_reserved: 25002 MB, max_mem_allocated: 13718 MB
[2025/11/10 13:00:44] ppocr INFO: cur metric, acc: 0.6511999993488, norm_edit_dis: 0.938504447715323, fps: 572.5844302533704
[2025/11/10 13:00:47] ppocr INFO: save best model is to ./output/best_accuracy
[2025/11/10 13:00:47] ppocr INFO: best metric, acc: 0.6511999993488, is_float16: False, norm_edit_dis: 0.938504447715323, fps: 572.5844302533704, best_epoch: 2
[2025/11/10 13:00:54] ppocr INFO: epoch: [2/20], global_step: 1910, lr: 0.000262, acc: 0.605882, norm_edit_dis: 0.921176, CTCLoss: 4.853055, NRTRLoss: 1.417886, loss: 6.284415, avg_reader_cost: 0.00299 s, avg_batch_cost: 0.70491 s, avg_samples: 91.7, ips: 130.08663 samples/s, eta: 3:38:11, max_mem_reserved: 25002 MB, max_mem_allocated: 13718 MB
[2025/11/10 13:01:01] ppocr INFO: epoch: [2/20], global_step: 1920, lr: 0.000264, acc: 0.588235, norm_edit_dis: 0.920674, CTCLoss: 5.395863, NRTRLoss: 1.413133, loss: 6.841847, avg_reader_cost: 0.00288 s, avg_batch_cost: 0.65371 s, avg_samples: 98.0, ips: 149.91400 samples/s, eta: 3:38:04, max_mem_reserved: 25002 MB, max_mem_allocated: 13718 MB
[2025/11/10 13:01:07] ppocr INFO: epoch: [2/20], global_step: 1930, lr: 0.000265, acc: 0.582353, norm_edit_dis: 0.914336, CTCLoss: 6.047013, NRTRLoss: 1.430282, loss: 7.451785, avg_reader_cost: 0.00287 s, avg_batch_cost: 0.66845 s, avg_samples: 93.7, ips: 140.17474 samples/s, eta: 3:37:58, max_mem_reserved: 25002 MB, max_mem_allocated: 13718 MB
[2025/11/10 13:01:14] ppocr INFO: epoch: [2/20], global_step: 1940, lr: 0.000267, acc: 0.578125, norm_edit_dis: 0.919764, CTCLoss: 4.922746, NRTRLoss: 1.410743, loss: 6.320941, avg_reader_cost: 0.00287 s, avg_batch_cost: 0.63516 s, avg_samples: 81.0, ips: 127.52757 samples/s, eta: 3:37:49, max_mem_reserved: 25002 MB, max_mem_allocated: 13718 MB
[2025/11/10 13:01:20] ppocr INFO: epoch: [2/20], global_step: 1950, lr: 0.000268, acc: 0.571415, norm_edit_dis: 0.917240, CTCLoss: 4.523682, NRTRLoss: 1.401149, loss: 5.948147, avg_reader_cost: 0.00289 s, avg_batch_cost: 0.65924 s, avg_samples: 87.4, ips: 132.57682 samples/s, eta: 3:37:42, max_mem_reserved: 25002 MB, max_mem_allocated: 13718 MB
[2025/11/10 13:01:26] ppocr INFO: epoch: [2/20], global_step: 1960, lr: 0.000269, acc: 0.558823, norm_edit_dis: 0.916623, CTCLoss: 4.769174, NRTRLoss: 1.407293, loss: 6.153440, avg_reader_cost: 0.00323 s, avg_batch_cost: 0.61604 s, avg_samples: 78.8, ips: 127.91323 samples/s, eta: 3:37:31, max_mem_reserved: 25002 MB, max_mem_allocated: 13718 MB
[2025/11/10 13:01:33] ppocr INFO: epoch: [2/20], global_step: 1970, lr: 0.000271, acc: 0.547059, norm_edit_dis: 0.910174, CTCLoss: 4.886580, NRTRLoss: 1.422922, loss: 6.315284, avg_reader_cost: 0.00291 s, avg_batch_cost: 0.67146 s, avg_samples: 95.9, ips: 142.82415 samples/s, eta: 3:37:26, max_mem_reserved: 25002 MB, max_mem_allocated: 13718 MB
[2025/11/10 13:01:40] ppocr INFO: epoch: [2/20], global_step: 1980, lr: 0.000272, acc: 0.530331, norm_edit_dis: 0.903022, CTCLoss: 5.006029, NRTRLoss: 1.435583, loss: 6.430409, avg_reader_cost: 0.00285 s, avg_batch_cost: 0.64927 s, avg_samples: 91.6, ips: 141.08213 samples/s, eta: 3:37:18, max_mem_reserved: 25002 MB, max_mem_allocated: 13718 MB
[2025/11/10 13:01:46] ppocr INFO: epoch: [2/20], global_step: 1990, lr: 0.000273, acc: 0.558823, norm_edit_dis: 0.907575, CTCLoss: 5.006029, NRTRLoss: 1.426970, loss: 6.430409, avg_reader_cost: 0.00328 s, avg_batch_cost: 0.66840 s, avg_samples: 91.6, ips: 137.04394 samples/s, eta: 3:37:12, max_mem_reserved: 25002 MB, max_mem_allocated: 13718 MB
[2025/11/10 13:01:53] ppocr INFO: epoch: [2/20], global_step: 2000, lr: 0.000275, acc: 0.558823, norm_edit_dis: 0.906884, CTCLoss: 5.649497, NRTRLoss: 1.428951, loss: 7.092185, avg_reader_cost: 0.00323 s, avg_batch_cost: 0.64670 s, avg_samples: 93.8, ips: 145.04380 samples/s, eta: 3:37:04, max_mem_reserved: 25002 MB, max_mem_allocated: 13718 MB
[2025/11/10 13:02:27] ppocr INFO: cur metric, acc: 0.6025999993974, norm_edit_dis: 0.9292634170809307, fps: 577.4081415943335
[2025/11/10 13:02:27] ppocr INFO: best metric, acc: 0.6511999993488, is_float16: False, norm_edit_dis: 0.938504447715323, fps: 572.5844302533704, best_epoch: 2
[2025/11/10 13:02:33] ppocr INFO: epoch: [2/20], global_step: 2010, lr: 0.000276, acc: 0.511765, norm_edit_dis: 0.898823, CTCLoss: 5.649497, NRTRLoss: 1.427793, loss: 7.092185, avg_reader_cost: 0.00301 s, avg_batch_cost: 0.63746 s, avg_samples: 89.4, ips: 140.24431 samples/s, eta: 3:36:55, max_mem_reserved: 25002 MB, max_mem_allocated: 13718 MB
[2025/11/10 13:02:40] ppocr INFO: epoch: [2/20], global_step: 2020, lr: 0.000278, acc: 0.511765, norm_edit_dis: 0.903921, CTCLoss: 5.572172, NRTRLoss: 1.421625, loss: 6.999174, avg_reader_cost: 0.00358 s, avg_batch_cost: 0.68089 s, avg_samples: 98.0, ips: 143.92860 samples/s, eta: 3:36:51, max_mem_reserved: 25002 MB, max_mem_allocated: 13718 MB
[2025/11/10 13:02:46] ppocr INFO: epoch: [2/20], global_step: 2030, lr: 0.000279, acc: 0.590993, norm_edit_dis: 0.914453, CTCLoss: 4.419332, NRTRLoss: 1.416223, loss: 5.814157, avg_reader_cost: 0.00284 s, avg_batch_cost: 0.61336 s, avg_samples: 80.9, ips: 131.89557 samples/s, eta: 3:36:39, max_mem_reserved: 25002 MB, max_mem_allocated: 13718 MB
[2025/11/10 13:02:53] ppocr INFO: epoch: [2/20], global_step: 2040, lr: 0.000280, acc: 0.575368, norm_edit_dis: 0.909415, CTCLoss: 4.910895, NRTRLoss: 1.434482, loss: 6.341652, avg_reader_cost: 0.00290 s, avg_batch_cost: 0.64033 s, avg_samples: 96.0, ips: 149.92154 samples/s, eta: 3:36:31, max_mem_reserved: 25002 MB, max_mem_allocated: 13718 MB
[2025/11/10 13:02:59] ppocr INFO: epoch: [2/20], global_step: 2050, lr: 0.000282, acc: 0.485294, norm_edit_dis: 0.899632, CTCLoss: 6.257473, NRTRLoss: 1.437766, loss: 7.669991, avg_reader_cost: 0.00288 s, avg_batch_cost: 0.66460 s, avg_samples: 93.8, ips: 141.13844 samples/s, eta: 3:36:25, max_mem_reserved: 25002 MB, max_mem_allocated: 13718 MB
[2025/11/10 13:03:06] ppocr INFO: epoch: [2/20], global_step: 2060, lr: 0.000283, acc: 0.426700, norm_edit_dis: 0.873549, CTCLoss: 7.144968, NRTRLoss: 1.446541, loss: 8.578886, avg_reader_cost: 0.00289 s, avg_batch_cost: 0.68365 s, avg_samples: 108.7, ips: 158.99876 samples/s, eta: 3:36:20, max_mem_reserved: 25002 MB, max_mem_allocated: 13718 MB
[2025/11/10 13:03:12] ppocr INFO: epoch: [2/20], global_step: 2070, lr: 0.000284, acc: 0.530331, norm_edit_dis: 0.902671, CTCLoss: 5.096112, NRTRLoss: 1.438519, loss: 6.533391, avg_reader_cost: 0.00286 s, avg_batch_cost: 0.61491 s, avg_samples: 85.2, ips: 138.55703 samples/s, eta: 3:36:09, max_mem_reserved: 25002 MB, max_mem_allocated: 13718 MB
[2025/11/10 13:03:19] ppocr INFO: epoch: [2/20], global_step: 2080, lr: 0.000286, acc: 0.549908, norm_edit_dis: 0.914151, CTCLoss: 4.777922, NRTRLoss: 1.409042, loss: 6.191319, avg_reader_cost: 0.00288 s, avg_batch_cost: 0.67040 s, avg_samples: 102.3, ips: 152.59600 samples/s, eta: 3:36:04, max_mem_reserved: 25002 MB, max_mem_allocated: 13718 MB
[2025/11/10 13:03:25] ppocr INFO: epoch: [2/20], global_step: 2090, lr: 0.000287, acc: 0.563603, norm_edit_dis: 0.920318, CTCLoss: 4.941856, NRTRLoss: 1.404109, loss: 6.362526, avg_reader_cost: 0.00318 s, avg_batch_cost: 0.63298 s, avg_samples: 83.1, ips: 131.28304 samples/s, eta: 3:35:55, max_mem_reserved: 25002 MB, max_mem_allocated: 13718 MB
[2025/11/10 13:03:32] ppocr INFO: epoch: [2/20], global_step: 2100, lr: 0.000289, acc: 0.540073, norm_edit_dis: 0.903795, CTCLoss: 5.422489, NRTRLoss: 1.452394, loss: 6.823118, avg_reader_cost: 0.00287 s, avg_batch_cost: 0.67274 s, avg_samples: 104.4, ips: 155.18553 samples/s, eta: 3:35:49, max_mem_reserved: 25002 MB, max_mem_allocated: 13718 MB
[2025/11/10 13:04:06] ppocr INFO: cur metric, acc: 0.6371999993628, norm_edit_dis: 0.9341830045310419, fps: 605.0151311337276
[2025/11/10 13:04:06] ppocr INFO: best metric, acc: 0.6511999993488, is_float16: False, norm_edit_dis: 0.938504447715323, fps: 572.5844302533704, best_epoch: 2
[2025/11/10 13:04:12] ppocr INFO: epoch: [2/20], global_step: 2110, lr: 0.000290, acc: 0.558823, norm_edit_dis: 0.895273, CTCLoss: 5.921192, NRTRLoss: 1.474692, loss: 7.400486, avg_reader_cost: 0.00298 s, avg_batch_cost: 0.65279 s, avg_samples: 93.7, ips: 143.53699 samples/s, eta: 3:35:42, max_mem_reserved: 25002 MB, max_mem_allocated: 13718 MB
[2025/11/10 13:04:19] ppocr INFO: epoch: [2/20], global_step: 2120, lr: 0.000291, acc: 0.558823, norm_edit_dis: 0.908787, CTCLoss: 4.900198, NRTRLoss: 1.435684, loss: 6.346011, avg_reader_cost: 0.00286 s, avg_batch_cost: 0.64309 s, avg_samples: 93.8, ips: 145.85795 samples/s, eta: 3:35:34, max_mem_reserved: 25002 MB, max_mem_allocated: 13718 MB
[2025/11/10 13:04:25] ppocr INFO: epoch: [2/20], global_step: 2130, lr: 0.000293, acc: 0.544026, norm_edit_dis: 0.895957, CTCLoss: 5.225304, NRTRLoss: 1.431138, loss: 6.660987, avg_reader_cost: 0.00324 s, avg_batch_cost: 0.62459 s, avg_samples: 83.1, ips: 133.04834 samples/s, eta: 3:35:24, max_mem_reserved: 25002 MB, max_mem_allocated: 13718 MB
[2025/11/10 13:04:32] ppocr INFO: epoch: [2/20], global_step: 2140, lr: 0.000294, acc: 0.538143, norm_edit_dis: 0.890529, CTCLoss: 5.562721, NRTRLoss: 1.435997, loss: 7.004649, avg_reader_cost: 0.00286 s, avg_batch_cost: 0.70782 s, avg_samples: 106.6, ips: 150.60424 samples/s, eta: 3:35:22, max_mem_reserved: 25002 MB, max_mem_allocated: 13718 MB
[2025/11/10 13:04:39] ppocr INFO: epoch: [2/20], global_step: 2150, lr: 0.000296, acc: 0.438465, norm_edit_dis: 0.877657, CTCLoss: 7.168893, NRTRLoss: 1.460590, loss: 8.628335, avg_reader_cost: 0.00281 s, avg_batch_cost: 0.69045 s, avg_samples: 102.2, ips: 148.01921 samples/s, eta: 3:35:18, max_mem_reserved: 25002 MB, max_mem_allocated: 13718 MB
[2025/11/10 13:04:46] ppocr INFO: epoch: [2/20], global_step: 2160, lr: 0.000297, acc: 0.505882, norm_edit_dis: 0.895343, CTCLoss: 5.800117, NRTRLoss: 1.455989, loss: 7.269923, avg_reader_cost: 0.00285 s, avg_batch_cost: 0.66316 s, avg_samples: 95.9, ips: 144.60970 samples/s, eta: 3:35:12, max_mem_reserved: 25002 MB, max_mem_allocated: 13718 MB
[2025/11/10 13:04:52] ppocr INFO: epoch: [2/20], global_step: 2170, lr: 0.000298, acc: 0.532261, norm_edit_dis: 0.901023, CTCLoss: 5.409808, NRTRLoss: 1.441353, loss: 6.839601, avg_reader_cost: 0.00284 s, avg_batch_cost: 0.66947 s, avg_samples: 98.0, ips: 146.38424 samples/s, eta: 3:35:06, max_mem_reserved: 25002 MB, max_mem_allocated: 13718 MB
[2025/11/10 13:04:54] ppocr INFO: epoch: [2/20], global_step: 2172, lr: 0.000299, acc: 0.532261, norm_edit_dis: 0.901023, CTCLoss: 5.409808, NRTRLoss: 1.446549, loss: 6.839601, avg_reader_cost: 0.00055 s, avg_batch_cost: 0.13446 s, avg_samples: 19.2, ips: 142.79869 samples/s, eta: 3:35:05, max_mem_reserved: 25002 MB, max_mem_allocated: 13718 MB
[2025/11/10 13:04:55] ppocr INFO: save model in ./output/latest
[2025/11/10 13:04:56] ppocr INFO: save model in ./output/iter_epoch_2
[2025/11/10 13:05:03] ppocr INFO: epoch: [3/20], global_step: 2180, lr: 0.000300, acc: 0.394531, norm_edit_dis: 0.851879, CTCLoss: 7.594734, NRTRLoss: 1.453916, loss: 9.078266, avg_reader_cost: 0.38658 s, avg_batch_cost: 0.94340 s, avg_samples: 89.6, ips: 94.97608 samples/s, eta: 3:35:37, max_mem_reserved: 25002 MB, max_mem_allocated: 13718 MB
[2025/11/10 13:05:10] ppocr INFO: epoch: [3/20], global_step: 2190, lr: 0.000300, acc: 0.414062, norm_edit_dis: 0.872274, CTCLoss: 6.563071, NRTRLoss: 1.438028, loss: 8.001099, avg_reader_cost: 0.00291 s, avg_batch_cost: 0.64599 s, avg_samples: 93.8, ips: 145.20289 samples/s, eta: 3:35:29, max_mem_reserved: 25002 MB, max_mem_allocated: 13718 MB
[2025/11/10 13:05:16] ppocr INFO: epoch: [3/20], global_step: 2200, lr: 0.000300, acc: 0.601562, norm_edit_dis: 0.929504, CTCLoss: 4.030842, NRTRLoss: 1.398551, loss: 5.429040, avg_reader_cost: 0.00333 s, avg_batch_cost: 0.60937 s, avg_samples: 76.7, ips: 125.86816 samples/s, eta: 3:35:17, max_mem_reserved: 25002 MB, max_mem_allocated: 13718 MB
[2025/11/10 13:05:50] ppocr INFO: cur metric, acc: 0.6547999993452001, norm_edit_dis: 0.9377013793079694, fps: 588.6194565019576
[2025/11/10 13:05:53] ppocr INFO: save best model is to ./output/best_accuracy
[2025/11/10 13:05:53] ppocr INFO: best metric, acc: 0.6547999993452001, is_float16: False, norm_edit_dis: 0.9377013793079694, fps: 588.6194565019576, best_epoch: 3
[2025/11/10 13:06:00] ppocr INFO: epoch: [3/20], global_step: 2210, lr: 0.000300, acc: 0.596875, norm_edit_dis: 0.917563, CTCLoss: 4.030842, NRTRLoss: 1.409029, loss: 5.429040, avg_reader_cost: 0.00290 s, avg_batch_cost: 0.72009 s, avg_samples: 100.2, ips: 139.14872 samples/s, eta: 3:35:16, max_mem_reserved: 25002 MB, max_mem_allocated: 13718 MB
[2025/11/10 13:06:07] ppocr INFO: epoch: [3/20], global_step: 2220, lr: 0.000300, acc: 0.484375, norm_edit_dis: 0.899033, CTCLoss: 5.652105, NRTRLoss: 1.431521, loss: 7.098033, avg_reader_cost: 0.00279 s, avg_batch_cost: 0.68796 s, avg_samples: 96.0, ips: 139.54243 samples/s, eta: 3:35:12, max_mem_reserved: 25002 MB, max_mem_allocated: 13718 MB
[2025/11/10 13:06:13] ppocr INFO: epoch: [3/20], global_step: 2230, lr: 0.000300, acc: 0.539062, norm_edit_dis: 0.910598, CTCLoss: 4.794787, NRTRLoss: 1.418043, loss: 6.199639, avg_reader_cost: 0.00324 s, avg_batch_cost: 0.64201 s, avg_samples: 85.3, ips: 132.86447 samples/s, eta: 3:35:03, max_mem_reserved: 25002 MB, max_mem_allocated: 13718 MB
[2025/11/10 13:06:20] ppocr INFO: epoch: [3/20], global_step: 2240, lr: 0.000300, acc: 0.585110, norm_edit_dis: 0.914809, CTCLoss: 4.957776, NRTRLoss: 1.416266, loss: 6.381250, avg_reader_cost: 0.00299 s, avg_batch_cost: 0.66588 s, avg_samples: 91.6, ips: 137.56298 samples/s, eta: 3:34:57, max_mem_reserved: 25002 MB, max_mem_allocated: 13718 MB
[2025/11/10 13:06:27] ppocr INFO: epoch: [3/20], global_step: 2250, lr: 0.000300, acc: 0.494118, norm_edit_dis: 0.894686, CTCLoss: 5.487191, NRTRLoss: 1.446598, loss: 6.865316, avg_reader_cost: 0.00281 s, avg_batch_cost: 0.68628 s, avg_samples: 102.3, ips: 149.06445 samples/s, eta: 3:34:52, max_mem_reserved: 25002 MB, max_mem_allocated: 13718 MB
[2025/11/10 13:06:33] ppocr INFO: epoch: [3/20], global_step: 2260, lr: 0.000300, acc: 0.497059, norm_edit_dis: 0.894133, CTCLoss: 4.828940, NRTRLoss: 1.451982, loss: 6.280922, avg_reader_cost: 0.00284 s, avg_batch_cost: 0.67061 s, avg_samples: 91.6, ips: 136.59202 samples/s, eta: 3:34:46, max_mem_reserved: 25002 MB, max_mem_allocated: 13718 MB
[2025/11/10 13:06:40] ppocr INFO: epoch: [3/20], global_step: 2270, lr: 0.000300, acc: 0.585110, norm_edit_dis: 0.910292, CTCLoss: 4.695443, NRTRLoss: 1.420871, loss: 6.126539, avg_reader_cost: 0.00278 s, avg_batch_cost: 0.64333 s, avg_samples: 89.5, ips: 139.12031 samples/s, eta: 3:34:38, max_mem_reserved: 25002 MB, max_mem_allocated: 13718 MB
[2025/11/10 13:06:46] ppocr INFO: epoch: [3/20], global_step: 2280, lr: 0.000300, acc: 0.563603, norm_edit_dis: 0.914827, CTCLoss: 4.592422, NRTRLoss: 1.410079, loss: 5.994394, avg_reader_cost: 0.00280 s, avg_batch_cost: 0.65387 s, avg_samples: 89.5, ips: 136.87784 samples/s, eta: 3:34:31, max_mem_reserved: 25002 MB, max_mem_allocated: 13718 MB
[2025/11/10 13:06:53] ppocr INFO: epoch: [3/20], global_step: 2290, lr: 0.000300, acc: 0.571415, norm_edit_dis: 0.920846, CTCLoss: 3.969086, NRTRLoss: 1.399278, loss: 5.359257, avg_reader_cost: 0.00283 s, avg_batch_cost: 0.63624 s, avg_samples: 81.0, ips: 127.31083 samples/s, eta: 3:34:22, max_mem_reserved: 25002 MB, max_mem_allocated: 13718 MB
[2025/11/10 13:07:00] ppocr INFO: epoch: [3/20], global_step: 2300, lr: 0.000300, acc: 0.562500, norm_edit_dis: 0.910201, CTCLoss: 4.441472, NRTRLoss: 1.406684, loss: 5.844736, avg_reader_cost: 0.00279 s, avg_batch_cost: 0.68935 s, avg_samples: 98.1, ips: 142.30812 samples/s, eta: 3:34:18, max_mem_reserved: 25002 MB, max_mem_allocated: 13718 MB
[2025/11/10 13:07:34] ppocr INFO: cur metric, acc: 0.6755999993244001, norm_edit_dis: 0.9422026270598278, fps: 565.3170052214981
[2025/11/10 13:07:37] ppocr INFO: save best model is to ./output/best_accuracy
[2025/11/10 13:07:37] ppocr INFO: best metric, acc: 0.6755999993244001, is_float16: False, norm_edit_dis: 0.9422026270598278, fps: 565.3170052214981, best_epoch: 3
[2025/11/10 13:07:44] ppocr INFO: epoch: [3/20], global_step: 2310, lr: 0.000300, acc: 0.402344, norm_edit_dis: 0.869842, CTCLoss: 6.846786, NRTRLoss: 1.449919, loss: 8.296704, avg_reader_cost: 0.00328 s, avg_batch_cost: 0.70236 s, avg_samples: 104.5, ips: 148.78495 samples/s, eta: 3:34:14, max_mem_reserved: 25002 MB, max_mem_allocated: 13718 MB
[2025/11/10 13:07:50] ppocr INFO: epoch: [3/20], global_step: 2320, lr: 0.000300, acc: 0.473713, norm_edit_dis: 0.878997, CTCLoss: 5.807144, NRTRLoss: 1.441251, loss: 7.243450, avg_reader_cost: 0.00292 s, avg_batch_cost: 0.65974 s, avg_samples: 98.0, ips: 148.54321 samples/s, eta: 3:34:08, max_mem_reserved: 25002 MB, max_mem_allocated: 13718 MB
[2025/11/10 13:07:57] ppocr INFO: epoch: [3/20], global_step: 2330, lr: 0.000300, acc: 0.561673, norm_edit_dis: 0.913326, CTCLoss: 4.252476, NRTRLoss: 1.424939, loss: 5.667217, avg_reader_cost: 0.00295 s, avg_batch_cost: 0.65071 s, avg_samples: 87.4, ips: 134.31390 samples/s, eta: 3:34:00, max_mem_reserved: 25002 MB, max_mem_allocated: 13718 MB
[2025/11/10 13:08:04] ppocr INFO: epoch: [3/20], global_step: 2340, lr: 0.000300, acc: 0.570588, norm_edit_dis: 0.915869, CTCLoss: 4.554784, NRTRLoss: 1.426097, loss: 5.984196, avg_reader_cost: 0.00333 s, avg_batch_cost: 0.71352 s, avg_samples: 104.4, ips: 146.31690 samples/s, eta: 3:33:58, max_mem_reserved: 25002 MB, max_mem_allocated: 13718 MB
[2025/11/10 13:08:11] ppocr INFO: epoch: [3/20], global_step: 2350, lr: 0.000300, acc: 0.417969, norm_edit_dis: 0.877074, CTCLoss: 6.640304, NRTRLoss: 1.434738, loss: 8.092642, avg_reader_cost: 0.00295 s, avg_batch_cost: 0.69102 s, avg_samples: 102.4, ips: 148.18601 samples/s, eta: 3:33:53, max_mem_reserved: 25002 MB, max_mem_allocated: 13718 MB
[2025/11/10 13:08:17] ppocr INFO: epoch: [3/20], global_step: 2360, lr: 0.000300, acc: 0.601562, norm_edit_dis: 0.919717, CTCLoss: 3.905761, NRTRLoss: 1.406557, loss: 5.272405, avg_reader_cost: 0.00295 s, avg_batch_cost: 0.64589 s, avg_samples: 81.0, ips: 125.40849 samples/s, eta: 3:33:45, max_mem_reserved: 25002 MB, max_mem_allocated: 13718 MB
[2025/11/10 13:08:24] ppocr INFO: epoch: [3/20], global_step: 2370, lr: 0.000300, acc: 0.609375, norm_edit_dis: 0.921154, CTCLoss: 4.028139, NRTRLoss: 1.412278, loss: 5.424735, avg_reader_cost: 0.00290 s, avg_batch_cost: 0.65993 s, avg_samples: 91.6, ips: 138.80364 samples/s, eta: 3:33:39, max_mem_reserved: 25002 MB, max_mem_allocated: 13718 MB
[2025/11/10 13:08:31] ppocr INFO: epoch: [3/20], global_step: 2380, lr: 0.000300, acc: 0.564706, norm_edit_dis: 0.914335, CTCLoss: 4.152114, NRTRLoss: 1.415068, loss: 5.587880, avg_reader_cost: 0.00290 s, avg_batch_cost: 0.66679 s, avg_samples: 93.7, ips: 140.52353 samples/s, eta: 3:33:32, max_mem_reserved: 25002 MB, max_mem_allocated: 13718 MB
[2025/11/10 13:08:36] ppocr INFO: epoch: [3/20], global_step: 2390, lr: 0.000300, acc: 0.569485, norm_edit_dis: 0.923806, CTCLoss: 3.827305, NRTRLoss: 1.392322, loss: 5.242834, avg_reader_cost: 0.00291 s, avg_batch_cost: 0.58780 s, avg_samples: 70.4, ips: 119.76923 samples/s, eta: 3:33:20, max_mem_reserved: 25002 MB, max_mem_allocated: 13718 MB
[2025/11/10 13:08:43] ppocr INFO: epoch: [3/20], global_step: 2400, lr: 0.000300, acc: 0.590993, norm_edit_dis: 0.923292, CTCLoss: 4.123285, NRTRLoss: 1.390402, loss: 5.514802, avg_reader_cost: 0.00290 s, avg_batch_cost: 0.62868 s, avg_samples: 85.2, ips: 135.52115 samples/s, eta: 3:33:10, max_mem_reserved: 25002 MB, max_mem_allocated: 13718 MB
[2025/11/10 13:09:17] ppocr INFO: cur metric, acc: 0.6231999993768, norm_edit_dis: 0.9345533174077828, fps: 575.2336470451831
[2025/11/10 13:09:17] ppocr INFO: best metric, acc: 0.6755999993244001, is_float16: False, norm_edit_dis: 0.9422026270598278, fps: 565.3170052214981, best_epoch: 3
[2025/11/10 13:09:24] ppocr INFO: epoch: [3/20], global_step: 2410, lr: 0.000300, acc: 0.517647, norm_edit_dis: 0.912306, CTCLoss: 4.619633, NRTRLoss: 1.407185, loss: 6.034250, avg_reader_cost: 0.00327 s, avg_batch_cost: 0.70969 s, avg_samples: 104.4, ips: 147.10629 samples/s, eta: 3:33:08, max_mem_reserved: 25002 MB, max_mem_allocated: 13718 MB
[2025/11/10 13:09:31] ppocr INFO: epoch: [3/20], global_step: 2420, lr: 0.000300, acc: 0.442325, norm_edit_dis: 0.882391, CTCLoss: 6.556638, NRTRLoss: 1.454526, loss: 8.011164, avg_reader_cost: 0.00287 s, avg_batch_cost: 0.71200 s, avg_samples: 104.4, ips: 146.62962 samples/s, eta: 3:33:05, max_mem_reserved: 25002 MB, max_mem_allocated: 13718 MB
[2025/11/10 13:09:37] ppocr INFO: epoch: [3/20], global_step: 2430, lr: 0.000300, acc: 0.590993, norm_edit_dis: 0.911423, CTCLoss: 4.173192, NRTRLoss: 1.425243, loss: 5.573184, avg_reader_cost: 0.00337 s, avg_batch_cost: 0.62566 s, avg_samples: 87.3, ips: 139.53373 samples/s, eta: 3:32:55, max_mem_reserved: 25002 MB, max_mem_allocated: 13718 MB
[2025/11/10 13:09:44] ppocr INFO: epoch: [3/20], global_step: 2440, lr: 0.000300, acc: 0.611765, norm_edit_dis: 0.928283, CTCLoss: 3.479241, NRTRLoss: 1.390530, loss: 4.862719, avg_reader_cost: 0.00290 s, avg_batch_cost: 0.63639 s, avg_samples: 87.4, ips: 137.33689 samples/s, eta: 3:32:47, max_mem_reserved: 25002 MB, max_mem_allocated: 13718 MB
[2025/11/10 13:09:50] ppocr INFO: epoch: [3/20], global_step: 2450, lr: 0.000300, acc: 0.593750, norm_edit_dis: 0.921447, CTCLoss: 3.827358, NRTRLoss: 1.419066, loss: 5.240654, avg_reader_cost: 0.00334 s, avg_batch_cost: 0.65993 s, avg_samples: 91.7, ips: 138.95450 samples/s, eta: 3:32:40, max_mem_reserved: 25002 MB, max_mem_allocated: 13718 MB
[2025/11/10 13:09:57] ppocr INFO: epoch: [3/20], global_step: 2460, lr: 0.000300, acc: 0.562500, norm_edit_dis: 0.896483, CTCLoss: 5.267612, NRTRLoss: 1.426681, loss: 6.698437, avg_reader_cost: 0.00345 s, avg_batch_cost: 0.66459 s, avg_samples: 95.9, ips: 144.29892 samples/s, eta: 3:32:33, max_mem_reserved: 25002 MB, max_mem_allocated: 13718 MB
[2025/11/10 13:10:04] ppocr INFO: epoch: [3/20], global_step: 2470, lr: 0.000300, acc: 0.536213, norm_edit_dis: 0.896778, CTCLoss: 5.350371, NRTRLoss: 1.426495, loss: 6.762047, avg_reader_cost: 0.00335 s, avg_batch_cost: 0.68019 s, avg_samples: 104.4, ips: 153.48593 samples/s, eta: 3:32:28, max_mem_reserved: 25002 MB, max_mem_allocated: 13718 MB
[2025/11/10 13:10:10] ppocr INFO: epoch: [3/20], global_step: 2480, lr: 0.000300, acc: 0.552941, norm_edit_dis: 0.917287, CTCLoss: 4.889740, NRTRLoss: 1.404304, loss: 6.288737, avg_reader_cost: 0.00285 s, avg_batch_cost: 0.62468 s, avg_samples: 83.2, ips: 133.18852 samples/s, eta: 3:32:19, max_mem_reserved: 25002 MB, max_mem_allocated: 13718 MB
[2025/11/10 13:10:17] ppocr INFO: epoch: [3/20], global_step: 2490, lr: 0.000300, acc: 0.604687, norm_edit_dis: 0.920177, CTCLoss: 4.934511, NRTRLoss: 1.396320, loss: 6.319475, avg_reader_cost: 0.00290 s, avg_batch_cost: 0.67436 s, avg_samples: 95.9, ips: 142.20925 samples/s, eta: 3:32:13, max_mem_reserved: 25002 MB, max_mem_allocated: 13718 MB
[2025/11/10 13:10:23] ppocr INFO: epoch: [3/20], global_step: 2500, lr: 0.000300, acc: 0.590993, norm_edit_dis: 0.925907, CTCLoss: 5.794656, NRTRLoss: 1.410854, loss: 7.183273, avg_reader_cost: 0.00289 s, avg_batch_cost: 0.64720 s, avg_samples: 95.9, ips: 148.17725 samples/s, eta: 3:32:05, max_mem_reserved: 25002 MB, max_mem_allocated: 13718 MB
[2025/11/10 13:10:58] ppocr INFO: cur metric, acc: 0.6850999993149001, norm_edit_dis: 0.9453341319691738, fps: 570.1997807214636
[2025/11/10 13:11:01] ppocr INFO: save best model is to ./output/best_accuracy
[2025/11/10 13:11:01] ppocr INFO: best metric, acc: 0.6850999993149001, is_float16: False, norm_edit_dis: 0.9453341319691738, fps: 570.1997807214636, best_epoch: 3
[2025/11/10 13:11:08] ppocr INFO: epoch: [3/20], global_step: 2510, lr: 0.000300, acc: 0.596875, norm_edit_dis: 0.920880, CTCLoss: 4.172371, NRTRLoss: 1.414788, loss: 5.586220, avg_reader_cost: 0.00305 s, avg_batch_cost: 0.69841 s, avg_samples: 93.7, ips: 134.16245 samples/s, eta: 3:32:01, max_mem_reserved: 25002 MB, max_mem_allocated: 13718 MB
[2025/11/10 13:11:15] ppocr INFO: epoch: [3/20], global_step: 2520, lr: 0.000300, acc: 0.596875, norm_edit_dis: 0.919371, CTCLoss: 4.104227, NRTRLoss: 1.409991, loss: 5.508165, avg_reader_cost: 0.00344 s, avg_batch_cost: 0.66032 s, avg_samples: 91.6, ips: 138.72032 samples/s, eta: 3:31:55, max_mem_reserved: 25002 MB, max_mem_allocated: 13718 MB
[2025/11/10 13:11:21] ppocr INFO: epoch: [3/20], global_step: 2530, lr: 0.000300, acc: 0.585110, norm_edit_dis: 0.920499, CTCLoss: 4.062540, NRTRLoss: 1.402654, loss: 5.438718, avg_reader_cost: 0.00289 s, avg_batch_cost: 0.61486 s, avg_samples: 81.0, ips: 131.73771 samples/s, eta: 3:31:44, max_mem_reserved: 25002 MB, max_mem_allocated: 13718 MB
[2025/11/10 13:11:28] ppocr INFO: epoch: [3/20], global_step: 2540, lr: 0.000300, acc: 0.593750, norm_edit_dis: 0.928336, CTCLoss: 3.854584, NRTRLoss: 1.395606, loss: 5.242545, avg_reader_cost: 0.00285 s, avg_batch_cost: 0.65337 s, avg_samples: 87.3, ips: 133.61594 samples/s, eta: 3:31:37, max_mem_reserved: 25002 MB, max_mem_allocated: 13718 MB
[2025/11/10 13:11:34] ppocr INFO: epoch: [3/20], global_step: 2550, lr: 0.000300, acc: 0.601562, norm_edit_dis: 0.918817, CTCLoss: 3.946429, NRTRLoss: 1.398885, loss: 5.338233, avg_reader_cost: 0.00294 s, avg_batch_cost: 0.62614 s, avg_samples: 83.1, ips: 132.71821 samples/s, eta: 3:31:28, max_mem_reserved: 25002 MB, max_mem_allocated: 13718 MB
[2025/11/10 13:11:40] ppocr INFO: epoch: [3/20], global_step: 2560, lr: 0.000300, acc: 0.609375, norm_edit_dis: 0.916416, CTCLoss: 3.958924, NRTRLoss: 1.408463, loss: 5.367387, avg_reader_cost: 0.00287 s, avg_batch_cost: 0.64805 s, avg_samples: 87.3, ips: 134.71193 samples/s, eta: 3:31:20, max_mem_reserved: 25002 MB, max_mem_allocated: 13718 MB
[2025/11/10 13:11:47] ppocr INFO: epoch: [3/20], global_step: 2570, lr: 0.000300, acc: 0.604687, norm_edit_dis: 0.914130, CTCLoss: 4.152139, NRTRLoss: 1.421734, loss: 5.565451, avg_reader_cost: 0.00289 s, avg_batch_cost: 0.68821 s, avg_samples: 95.9, ips: 139.34762 samples/s, eta: 3:31:15, max_mem_reserved: 25002 MB, max_mem_allocated: 13718 MB
[2025/11/10 13:11:54] ppocr INFO: epoch: [3/20], global_step: 2580, lr: 0.000300, acc: 0.579228, norm_edit_dis: 0.907686, CTCLoss: 4.835935, NRTRLoss: 1.419626, loss: 6.253535, avg_reader_cost: 0.00293 s, avg_batch_cost: 0.66955 s, avg_samples: 91.6, ips: 136.80899 samples/s, eta: 3:31:09, max_mem_reserved: 25002 MB, max_mem_allocated: 13718 MB
[2025/11/10 13:12:01] ppocr INFO: epoch: [3/20], global_step: 2590, lr: 0.000300, acc: 0.429687, norm_edit_dis: 0.888354, CTCLoss: 6.074305, NRTRLoss: 1.421169, loss: 7.483729, avg_reader_cost: 0.00288 s, avg_batch_cost: 0.73193 s, avg_samples: 113.0, ips: 154.38733 samples/s, eta: 3:31:08, max_mem_reserved: 25002 MB, max_mem_allocated: 13718 MB
[2025/11/10 13:12:08] ppocr INFO: epoch: [3/20], global_step: 2600, lr: 0.000300, acc: 0.414062, norm_edit_dis: 0.870955, CTCLoss: 6.295197, NRTRLoss: 1.453538, loss: 7.748723, avg_reader_cost: 0.00344 s, avg_batch_cost: 0.69601 s, avg_samples: 104.5, ips: 150.14190 samples/s, eta: 3:31:04, max_mem_reserved: 25002 MB, max_mem_allocated: 13718 MB
[2025/11/10 13:12:43] ppocr INFO: cur metric, acc: 0.643999999356, norm_edit_dis: 0.9407269842155503, fps: 555.6233806752668
[2025/11/10 13:12:43] ppocr INFO: best metric, acc: 0.6850999993149001, is_float16: False, norm_edit_dis: 0.9453341319691738, fps: 570.1997807214636, best_epoch: 3
[2025/11/10 13:12:50] ppocr INFO: epoch: [3/20], global_step: 2610, lr: 0.000300, acc: 0.504917, norm_edit_dis: 0.886284, CTCLoss: 5.422675, NRTRLoss: 1.454251, loss: 6.862020, avg_reader_cost: 0.00435 s, avg_batch_cost: 0.67122 s, avg_samples: 93.8, ips: 139.74534 samples/s, eta: 3:30:58, max_mem_reserved: 25002 MB, max_mem_allocated: 13718 MB
[2025/11/10 13:12:58] ppocr INFO: epoch: [3/20], global_step: 2620, lr: 0.000300, acc: 0.425781, norm_edit_dis: 0.872940, CTCLoss: 6.323636, NRTRLoss: 1.431532, loss: 7.751379, avg_reader_cost: 0.00338 s, avg_batch_cost: 0.75577 s, avg_samples: 113.0, ips: 149.51702 samples/s, eta: 3:30:58, max_mem_reserved: 25002 MB, max_mem_allocated: 13718 MB
[2025/11/10 13:13:04] ppocr INFO: epoch: [3/20], global_step: 2630, lr: 0.000300, acc: 0.563603, norm_edit_dis: 0.923058, CTCLoss: 4.109871, NRTRLoss: 1.411690, loss: 5.509481, avg_reader_cost: 0.00292 s, avg_batch_cost: 0.64155 s, avg_samples: 83.0, ips: 129.37371 samples/s, eta: 3:30:50, max_mem_reserved: 25002 MB, max_mem_allocated: 13718 MB
[2025/11/10 13:13:11] ppocr INFO: epoch: [3/20], global_step: 2640, lr: 0.000300, acc: 0.596875, norm_edit_dis: 0.929069, CTCLoss: 3.581424, NRTRLoss: 1.388784, loss: 4.974013, avg_reader_cost: 0.00316 s, avg_batch_cost: 0.67220 s, avg_samples: 89.5, ips: 133.14420 samples/s, eta: 3:30:44, max_mem_reserved: 25002 MB, max_mem_allocated: 13718 MB
[2025/11/10 13:13:18] ppocr INFO: epoch: [3/20], global_step: 2650, lr: 0.000300, acc: 0.573346, norm_edit_dis: 0.909702, CTCLoss: 4.337747, NRTRLoss: 1.410098, loss: 5.768527, avg_reader_cost: 0.00357 s, avg_batch_cost: 0.71158 s, avg_samples: 102.3, ips: 143.76527 samples/s, eta: 3:30:41, max_mem_reserved: 25002 MB, max_mem_allocated: 13718 MB
[2025/11/10 13:13:25] ppocr INFO: epoch: [3/20], global_step: 2660, lr: 0.000300, acc: 0.558823, norm_edit_dis: 0.905112, CTCLoss: 4.903823, NRTRLoss: 1.416412, loss: 6.315746, avg_reader_cost: 0.00291 s, avg_batch_cost: 0.69727 s, avg_samples: 98.0, ips: 140.54761 samples/s, eta: 3:30:37, max_mem_reserved: 25002 MB, max_mem_allocated: 13718 MB
[2025/11/10 13:13:31] ppocr INFO: epoch: [3/20], global_step: 2670, lr: 0.000300, acc: 0.624265, norm_edit_dis: 0.932795, CTCLoss: 3.303304, NRTRLoss: 1.383507, loss: 4.686271, avg_reader_cost: 0.00293 s, avg_batch_cost: 0.63780 s, avg_samples: 80.8, ips: 126.68504 samples/s, eta: 3:30:28, max_mem_reserved: 25002 MB, max_mem_allocated: 13718 MB
[2025/11/10 13:13:38] ppocr INFO: epoch: [3/20], global_step: 2680, lr: 0.000300, acc: 0.643842, norm_edit_dis: 0.937533, CTCLoss: 3.257712, NRTRLoss: 1.383413, loss: 4.629796, avg_reader_cost: 0.00288 s, avg_batch_cost: 0.64629 s, avg_samples: 81.0, ips: 125.33120 samples/s, eta: 3:30:20, max_mem_reserved: 25002 MB, max_mem_allocated: 13718 MB
[2025/11/10 13:13:44] ppocr INFO: epoch: [3/20], global_step: 2690, lr: 0.000300, acc: 0.643842, norm_edit_dis: 0.933041, CTCLoss: 3.536255, NRTRLoss: 1.405958, loss: 4.928199, avg_reader_cost: 0.00291 s, avg_batch_cost: 0.67402 s, avg_samples: 91.6, ips: 135.90066 samples/s, eta: 3:30:15, max_mem_reserved: 25002 MB, max_mem_allocated: 13718 MB
[2025/11/10 13:13:51] ppocr INFO: epoch: [3/20], global_step: 2700, lr: 0.000300, acc: 0.656250, norm_edit_dis: 0.926897, CTCLoss: 3.548600, NRTRLoss: 1.411226, loss: 4.949204, avg_reader_cost: 0.00295 s, avg_batch_cost: 0.64071 s, avg_samples: 83.0, ips: 129.54471 samples/s, eta: 3:30:06, max_mem_reserved: 25002 MB, max_mem_allocated: 13718 MB
[2025/11/10 13:14:26] ppocr INFO: cur metric, acc: 0.6728999993271, norm_edit_dis: 0.9433646417301299, fps: 560.8549505695147
[2025/11/10 13:14:26] ppocr INFO: best metric, acc: 0.6850999993149001, is_float16: False, norm_edit_dis: 0.9453341319691738, fps: 570.1997807214636, best_epoch: 3
[2025/11/10 13:14:32] ppocr INFO: epoch: [3/20], global_step: 2710, lr: 0.000300, acc: 0.637959, norm_edit_dis: 0.923495, CTCLoss: 3.424408, NRTRLoss: 1.408196, loss: 4.857664, avg_reader_cost: 0.00301 s, avg_batch_cost: 0.66744 s, avg_samples: 89.5, ips: 134.09541 samples/s, eta: 3:30:00, max_mem_reserved: 25002 MB, max_mem_allocated: 13718 MB
[2025/11/10 13:14:39] ppocr INFO: epoch: [3/20], global_step: 2720, lr: 0.000300, acc: 0.612500, norm_edit_dis: 0.928916, CTCLoss: 3.323613, NRTRLoss: 1.401238, loss: 4.743648, avg_reader_cost: 0.00290 s, avg_batch_cost: 0.64483 s, avg_samples: 85.1, ips: 131.97183 samples/s, eta: 3:29:52, max_mem_reserved: 25002 MB, max_mem_allocated: 13718 MB
[2025/11/10 13:14:46] ppocr INFO: epoch: [3/20], global_step: 2730, lr: 0.000300, acc: 0.596875, norm_edit_dis: 0.927200, CTCLoss: 3.378313, NRTRLoss: 1.403861, loss: 4.767804, avg_reader_cost: 0.00360 s, avg_batch_cost: 0.66839 s, avg_samples: 87.4, ips: 130.76251 samples/s, eta: 3:29:46, max_mem_reserved: 25002 MB, max_mem_allocated: 13718 MB
[2025/11/10 13:14:52] ppocr INFO: epoch: [3/20], global_step: 2740, lr: 0.000300, acc: 0.576471, norm_edit_dis: 0.925648, CTCLoss: 3.907499, NRTRLoss: 1.400728, loss: 5.315756, avg_reader_cost: 0.00298 s, avg_batch_cost: 0.63907 s, avg_samples: 85.2, ips: 133.31933 samples/s, eta: 3:29:38, max_mem_reserved: 25002 MB, max_mem_allocated: 13718 MB
[2025/11/10 13:14:59] ppocr INFO: epoch: [3/20], global_step: 2750, lr: 0.000299, acc: 0.569485, norm_edit_dis: 0.916441, CTCLoss: 4.158432, NRTRLoss: 1.397862, loss: 5.555011, avg_reader_cost: 0.00288 s, avg_batch_cost: 0.70701 s, avg_samples: 102.3, ips: 144.69399 samples/s, eta: 3:29:34, max_mem_reserved: 25002 MB, max_mem_allocated: 13718 MB
[2025/11/10 13:15:06] ppocr INFO: epoch: [3/20], global_step: 2760, lr: 0.000299, acc: 0.604687, norm_edit_dis: 0.924760, CTCLoss: 4.273778, NRTRLoss: 1.400086, loss: 5.671618, avg_reader_cost: 0.00290 s, avg_batch_cost: 0.64904 s, avg_samples: 83.1, ips: 128.03556 samples/s, eta: 3:29:27, max_mem_reserved: 25002 MB, max_mem_allocated: 13718 MB
[2025/11/10 13:15:12] ppocr INFO: epoch: [3/20], global_step: 2770, lr: 0.000299, acc: 0.610570, norm_edit_dis: 0.924670, CTCLoss: 4.499476, NRTRLoss: 1.413526, loss: 5.904582, avg_reader_cost: 0.00295 s, avg_batch_cost: 0.68737 s, avg_samples: 102.3, ips: 148.82741 samples/s, eta: 3:29:22, max_mem_reserved: 25002 MB, max_mem_allocated: 13718 MB
[2025/11/10 13:15:19] ppocr INFO: epoch: [3/20], global_step: 2780, lr: 0.000299, acc: 0.519531, norm_edit_dis: 0.899379, CTCLoss: 5.581167, NRTRLoss: 1.434104, loss: 7.053725, avg_reader_cost: 0.00290 s, avg_batch_cost: 0.67923 s, avg_samples: 100.2, ips: 147.52103 samples/s, eta: 3:29:16, max_mem_reserved: 25002 MB, max_mem_allocated: 13718 MB
[2025/11/10 13:15:26] ppocr INFO: epoch: [3/20], global_step: 2790, lr: 0.000299, acc: 0.578125, norm_edit_dis: 0.918580, CTCLoss: 4.306657, NRTRLoss: 1.427679, loss: 5.726037, avg_reader_cost: 0.00290 s, avg_batch_cost: 0.65824 s, avg_samples: 93.8, ips: 142.50043 samples/s, eta: 3:29:09, max_mem_reserved: 25002 MB, max_mem_allocated: 13718 MB
[2025/11/10 13:15:33] ppocr INFO: epoch: [3/20], global_step: 2800, lr: 0.000299, acc: 0.604687, norm_edit_dis: 0.923993, CTCLoss: 3.776633, NRTRLoss: 1.417705, loss: 5.148804, avg_reader_cost: 0.00295 s, avg_batch_cost: 0.66968 s, avg_samples: 93.8, ips: 140.06661 samples/s, eta: 3:29:03, max_mem_reserved: 25002 MB, max_mem_allocated: 13718 MB
[2025/11/10 13:16:07] ppocr INFO: cur metric, acc: 0.6907999993092, norm_edit_dis: 0.9458052106355654, fps: 573.1817737744451
[2025/11/10 13:16:09] ppocr INFO: save best model is to ./output/best_accuracy
[2025/11/10 13:16:09] ppocr INFO: best metric, acc: 0.6907999993092, is_float16: False, norm_edit_dis: 0.9458052106355654, fps: 573.1817737744451, best_epoch: 3
[2025/11/10 13:16:16] ppocr INFO: epoch: [3/20], global_step: 2810, lr: 0.000299, acc: 0.617647, norm_edit_dis: 0.919764, CTCLoss: 3.631298, NRTRLoss: 1.408726, loss: 5.045843, avg_reader_cost: 0.00323 s, avg_batch_cost: 0.65065 s, avg_samples: 85.2, ips: 130.94601 samples/s, eta: 3:28:55, max_mem_reserved: 25002 MB, max_mem_allocated: 13718 MB
[2025/11/10 13:16:23] ppocr INFO: epoch: [3/20], global_step: 2820, lr: 0.000299, acc: 0.604687, norm_edit_dis: 0.919960, CTCLoss: 3.661048, NRTRLoss: 1.408618, loss: 5.065988, avg_reader_cost: 0.00280 s, avg_batch_cost: 0.65560 s, avg_samples: 85.2, ips: 129.95797 samples/s, eta: 3:28:48, max_mem_reserved: 25002 MB, max_mem_allocated: 13718 MB
[2025/11/10 13:16:29] ppocr INFO: epoch: [3/20], global_step: 2830, lr: 0.000299, acc: 0.604687, norm_edit_dis: 0.926350, CTCLoss: 3.337140, NRTRLoss: 1.408553, loss: 4.750613, avg_reader_cost: 0.00288 s, avg_batch_cost: 0.62879 s, avg_samples: 85.2, ips: 135.49762 samples/s, eta: 3:28:39, max_mem_reserved: 25002 MB, max_mem_allocated: 13718 MB
[2025/11/10 13:16:35] ppocr INFO: epoch: [3/20], global_step: 2840, lr: 0.000299, acc: 0.606618, norm_edit_dis: 0.922779, CTCLoss: 3.410992, NRTRLoss: 1.410280, loss: 4.833851, avg_reader_cost: 0.00286 s, avg_batch_cost: 0.66172 s, avg_samples: 98.0, ips: 148.09851 samples/s, eta: 3:28:33, max_mem_reserved: 25002 MB, max_mem_allocated: 13718 MB
[2025/11/10 13:16:42] ppocr INFO: epoch: [3/20], global_step: 2850, lr: 0.000299, acc: 0.590993, norm_edit_dis: 0.922208, CTCLoss: 3.540311, NRTRLoss: 1.410283, loss: 4.937893, avg_reader_cost: 0.00284 s, avg_batch_cost: 0.66074 s, avg_samples: 91.6, ips: 138.63262 samples/s, eta: 3:28:26, max_mem_reserved: 25002 MB, max_mem_allocated: 13718 MB
[2025/11/10 13:16:49] ppocr INFO: epoch: [3/20], global_step: 2860, lr: 0.000299, acc: 0.590993, norm_edit_dis: 0.928046, CTCLoss: 3.743846, NRTRLoss: 1.401191, loss: 5.136692, avg_reader_cost: 0.00283 s, avg_batch_cost: 0.64316 s, avg_samples: 91.5, ips: 142.26563 samples/s, eta: 3:28:18, max_mem_reserved: 25002 MB, max_mem_allocated: 13718 MB
[2025/11/10 13:16:55] ppocr INFO: epoch: [3/20], global_step: 2870, lr: 0.000299, acc: 0.596875, norm_edit_dis: 0.926848, CTCLoss: 4.147345, NRTRLoss: 1.416016, loss: 5.563071, avg_reader_cost: 0.00290 s, avg_batch_cost: 0.65702 s, avg_samples: 93.7, ips: 142.61467 samples/s, eta: 3:28:11, max_mem_reserved: 25002 MB, max_mem_allocated: 13718 MB
[2025/11/10 13:17:01] ppocr INFO: epoch: [3/20], global_step: 2880, lr: 0.000299, acc: 0.617647, norm_edit_dis: 0.927606, CTCLoss: 3.728458, NRTRLoss: 1.407396, loss: 5.130685, avg_reader_cost: 0.00283 s, avg_batch_cost: 0.63744 s, avg_samples: 80.9, ips: 126.91452 samples/s, eta: 3:28:03, max_mem_reserved: 25002 MB, max_mem_allocated: 13718 MB
[2025/11/10 13:17:08] ppocr INFO: epoch: [3/20], global_step: 2890, lr: 0.000299, acc: 0.617647, norm_edit_dis: 0.926534, CTCLoss: 3.766596, NRTRLoss: 1.401735, loss: 5.177387, avg_reader_cost: 0.00289 s, avg_batch_cost: 0.65919 s, avg_samples: 91.6, ips: 138.95775 samples/s, eta: 3:27:56, max_mem_reserved: 25002 MB, max_mem_allocated: 13718 MB
[2025/11/10 13:17:14] ppocr INFO: epoch: [3/20], global_step: 2900, lr: 0.000299, acc: 0.617647, norm_edit_dis: 0.924682, CTCLoss: 3.671725, NRTRLoss: 1.397424, loss: 5.082276, avg_reader_cost: 0.00285 s, avg_batch_cost: 0.61899 s, avg_samples: 74.6, ips: 120.51984 samples/s, eta: 3:27:47, max_mem_reserved: 25002 MB, max_mem_allocated: 13718 MB
[2025/11/10 13:17:48] ppocr INFO: cur metric, acc: 0.6917999993082, norm_edit_dis: 0.9459040865013928, fps: 604.7486602197885
[2025/11/10 13:17:50] ppocr INFO: save best model is to ./output/best_accuracy
[2025/11/10 13:17:50] ppocr INFO: best metric, acc: 0.6917999993082, is_float16: False, norm_edit_dis: 0.9459040865013928, fps: 604.7486602197885, best_epoch: 3
[2025/11/10 13:17:57] ppocr INFO: epoch: [3/20], global_step: 2910, lr: 0.000299, acc: 0.624265, norm_edit_dis: 0.927593, CTCLoss: 3.764640, NRTRLoss: 1.392682, loss: 5.164387, avg_reader_cost: 0.00278 s, avg_batch_cost: 0.65636 s, avg_samples: 93.8, ips: 142.91021 samples/s, eta: 3:27:39, max_mem_reserved: 25002 MB, max_mem_allocated: 13718 MB
[2025/11/10 13:18:04] ppocr INFO: epoch: [3/20], global_step: 2920, lr: 0.000299, acc: 0.601562, norm_edit_dis: 0.915966, CTCLoss: 3.998535, NRTRLoss: 1.403904, loss: 5.411306, avg_reader_cost: 0.00376 s, avg_batch_cost: 0.66554 s, avg_samples: 91.6, ips: 137.63279 samples/s, eta: 3:27:33, max_mem_reserved: 25002 MB, max_mem_allocated: 13718 MB
[2025/11/10 13:18:10] ppocr INFO: epoch: [3/20], global_step: 2930, lr: 0.000299, acc: 0.641176, norm_edit_dis: 0.926319, CTCLoss: 3.300825, NRTRLoss: 1.403207, loss: 4.687519, avg_reader_cost: 0.00343 s, avg_batch_cost: 0.64054 s, avg_samples: 89.5, ips: 139.72546 samples/s, eta: 3:27:25, max_mem_reserved: 25002 MB, max_mem_allocated: 13718 MB
[2025/11/10 13:18:16] ppocr INFO: epoch: [3/20], global_step: 2940, lr: 0.000299, acc: 0.643842, norm_edit_dis: 0.933608, CTCLoss: 3.234407, NRTRLoss: 1.402724, loss: 4.631197, avg_reader_cost: 0.00288 s, avg_batch_cost: 0.63659 s, avg_samples: 89.5, ips: 140.59243 samples/s, eta: 3:27:17, max_mem_reserved: 25002 MB, max_mem_allocated: 13718 MB
[2025/11/10 13:18:23] ppocr INFO: epoch: [3/20], global_step: 2950, lr: 0.000299, acc: 0.600000, norm_edit_dis: 0.930151, CTCLoss: 3.560391, NRTRLoss: 1.403083, loss: 4.953383, avg_reader_cost: 0.00322 s, avg_batch_cost: 0.61467 s, avg_samples: 83.0, ips: 135.03167 samples/s, eta: 3:27:07, max_mem_reserved: 25002 MB, max_mem_allocated: 13718 MB
[2025/11/10 13:18:29] ppocr INFO: epoch: [3/20], global_step: 2960, lr: 0.000299, acc: 0.604687, norm_edit_dis: 0.921862, CTCLoss: 3.948644, NRTRLoss: 1.404215, loss: 5.356915, avg_reader_cost: 0.00359 s, avg_batch_cost: 0.65781 s, avg_samples: 91.6, ips: 139.24943 samples/s, eta: 3:27:00, max_mem_reserved: 25002 MB, max_mem_allocated: 13718 MB
[2025/11/10 13:18:36] ppocr INFO: epoch: [3/20], global_step: 2970, lr: 0.000299, acc: 0.576471, norm_edit_dis: 0.910288, CTCLoss: 4.395327, NRTRLoss: 1.421396, loss: 5.853658, avg_reader_cost: 0.00324 s, avg_batch_cost: 0.67079 s, avg_samples: 95.9, ips: 142.96482 samples/s, eta: 3:26:54, max_mem_reserved: 25002 MB, max_mem_allocated: 13718 MB
[2025/11/10 13:18:42] ppocr INFO: epoch: [3/20], global_step: 2980, lr: 0.000299, acc: 0.558823, norm_edit_dis: 0.918783, CTCLoss: 3.886994, NRTRLoss: 1.398714, loss: 5.270895, avg_reader_cost: 0.00334 s, avg_batch_cost: 0.63751 s, avg_samples: 91.6, ips: 143.68454 samples/s, eta: 3:26:46, max_mem_reserved: 25002 MB, max_mem_allocated: 13718 MB
[2025/11/10 13:18:49] ppocr INFO: epoch: [3/20], global_step: 2990, lr: 0.000299, acc: 0.611765, norm_edit_dis: 0.932684, CTCLoss: 3.507862, NRTRLoss: 1.393821, loss: 4.897201, avg_reader_cost: 0.00290 s, avg_batch_cost: 0.65282 s, avg_samples: 93.7, ips: 143.53056 samples/s, eta: 3:26:39, max_mem_reserved: 25002 MB, max_mem_allocated: 13718 MB
[2025/11/10 13:18:55] ppocr INFO: epoch: [3/20], global_step: 3000, lr: 0.000299, acc: 0.617647, norm_edit_dis: 0.931953, CTCLoss: 3.833224, NRTRLoss: 1.407196, loss: 5.236098, avg_reader_cost: 0.00288 s, avg_batch_cost: 0.66904 s, avg_samples: 95.9, ips: 143.33967 samples/s, eta: 3:26:33, max_mem_reserved: 25002 MB, max_mem_allocated: 13718 MB
[2025/11/10 13:19:29] ppocr INFO: cur metric, acc: 0.7082999992917001, norm_edit_dis: 0.9511509455967975, fps: 627.3084800679849
[2025/11/10 13:19:32] ppocr INFO: save best model is to ./output/best_accuracy
[2025/11/10 13:19:32] ppocr INFO: best metric, acc: 0.7082999992917001, is_float16: False, norm_edit_dis: 0.9511509455967975, fps: 627.3084800679849, best_epoch: 3
[2025/11/10 13:19:38] ppocr INFO: epoch: [3/20], global_step: 3010, lr: 0.000299, acc: 0.630147, norm_edit_dis: 0.932622, CTCLoss: 3.484808, NRTRLoss: 1.407196, loss: 4.896335, avg_reader_cost: 0.00293 s, avg_batch_cost: 0.63452 s, avg_samples: 85.2, ips: 134.27571 samples/s, eta: 3:26:24, max_mem_reserved: 25002 MB, max_mem_allocated: 13718 MB
[2025/11/10 13:19:44] ppocr INFO: epoch: [3/20], global_step: 3020, lr: 0.000299, acc: 0.647059, norm_edit_dis: 0.940514, CTCLoss: 3.021880, NRTRLoss: 1.380953, loss: 4.401701, avg_reader_cost: 0.00285 s, avg_batch_cost: 0.61105 s, avg_samples: 85.1, ips: 139.26933 samples/s, eta: 3:26:15, max_mem_reserved: 25002 MB, max_mem_allocated: 13718 MB
[2025/11/10 13:19:51] ppocr INFO: epoch: [3/20], global_step: 3030, lr: 0.000299, acc: 0.643842, norm_edit_dis: 0.928657, CTCLoss: 3.794321, NRTRLoss: 1.396611, loss: 5.221099, avg_reader_cost: 0.00312 s, avg_batch_cost: 0.68272 s, avg_samples: 100.2, ips: 146.76598 samples/s, eta: 3:26:09, max_mem_reserved: 25002 MB, max_mem_allocated: 13718 MB
[2025/11/10 13:19:57] ppocr INFO: epoch: [3/20], global_step: 3040, lr: 0.000299, acc: 0.632812, norm_edit_dis: 0.924338, CTCLoss: 4.128495, NRTRLoss: 1.410089, loss: 5.519770, avg_reader_cost: 0.00285 s, avg_batch_cost: 0.63354 s, avg_samples: 85.2, ips: 134.48317 samples/s, eta: 3:26:01, max_mem_reserved: 25002 MB, max_mem_allocated: 13718 MB
[2025/11/10 13:20:04] ppocr INFO: epoch: [3/20], global_step: 3050, lr: 0.000299, acc: 0.632812, norm_edit_dis: 0.927474, CTCLoss: 3.462618, NRTRLoss: 1.394322, loss: 4.872319, avg_reader_cost: 0.00287 s, avg_batch_cost: 0.66354 s, avg_samples: 98.0, ips: 147.69184 samples/s, eta: 3:25:54, max_mem_reserved: 25002 MB, max_mem_allocated: 13718 MB
[2025/11/10 13:20:10] ppocr INFO: epoch: [3/20], global_step: 3060, lr: 0.000299, acc: 0.623529, norm_edit_dis: 0.926940, CTCLoss: 3.651867, NRTRLoss: 1.392979, loss: 5.051860, avg_reader_cost: 0.00288 s, avg_batch_cost: 0.64006 s, avg_samples: 93.7, ips: 146.39204 samples/s, eta: 3:25:46, max_mem_reserved: 25002 MB, max_mem_allocated: 13718 MB
[2025/11/10 13:20:17] ppocr INFO: epoch: [3/20], global_step: 3070, lr: 0.000299, acc: 0.641176, norm_edit_dis: 0.934444, CTCLoss: 3.036169, NRTRLoss: 1.382748, loss: 4.415020, avg_reader_cost: 0.00291 s, avg_batch_cost: 0.65697 s, avg_samples: 93.7, ips: 142.62340 samples/s, eta: 3:25:39, max_mem_reserved: 25002 MB, max_mem_allocated: 13718 MB
[2025/11/10 13:20:23] ppocr INFO: epoch: [3/20], global_step: 3080, lr: 0.000299, acc: 0.663419, norm_edit_dis: 0.937694, CTCLoss: 2.979993, NRTRLoss: 1.386303, loss: 4.368375, avg_reader_cost: 0.00289 s, avg_batch_cost: 0.65485 s, avg_samples: 95.9, ips: 146.44678 samples/s, eta: 3:25:32, max_mem_reserved: 25002 MB, max_mem_allocated: 13718 MB
[2025/11/10 13:20:30] ppocr INFO: epoch: [3/20], global_step: 3090, lr: 0.000299, acc: 0.656250, norm_edit_dis: 0.938001, CTCLoss: 3.067528, NRTRLoss: 1.391937, loss: 4.447131, avg_reader_cost: 0.00321 s, avg_batch_cost: 0.64401 s, avg_samples: 83.2, ips: 129.18955 samples/s, eta: 3:25:25, max_mem_reserved: 25002 MB, max_mem_allocated: 13718 MB
[2025/11/10 13:20:37] ppocr INFO: epoch: [3/20], global_step: 3100, lr: 0.000299, acc: 0.630147, norm_edit_dis: 0.927855, CTCLoss: 3.672324, NRTRLoss: 1.411940, loss: 5.101889, avg_reader_cost: 0.00286 s, avg_batch_cost: 0.68280 s, avg_samples: 95.9, ips: 140.45095 samples/s, eta: 3:25:19, max_mem_reserved: 25002 MB, max_mem_allocated: 13718 MB
[2025/11/10 13:21:11] ppocr INFO: cur metric, acc: 0.7191999992808, norm_edit_dis: 0.9522818558803252, fps: 593.8097960925107
[2025/11/10 13:21:13] ppocr INFO: save best model is to ./output/best_accuracy
[2025/11/10 13:21:13] ppocr INFO: best metric, acc: 0.7191999992808, is_float16: False, norm_edit_dis: 0.9522818558803252, fps: 593.8097960925107, best_epoch: 3
[2025/11/10 13:21:20] ppocr INFO: epoch: [3/20], global_step: 3110, lr: 0.000299, acc: 0.576471, norm_edit_dis: 0.914358, CTCLoss: 4.632901, NRTRLoss: 1.431357, loss: 6.060691, avg_reader_cost: 0.00291 s, avg_batch_cost: 0.68974 s, avg_samples: 104.4, ips: 151.36051 samples/s, eta: 3:25:14, max_mem_reserved: 25002 MB, max_mem_allocated: 13718 MB
[2025/11/10 13:21:26] ppocr INFO: epoch: [3/20], global_step: 3120, lr: 0.000299, acc: 0.583180, norm_edit_dis: 0.931485, CTCLoss: 3.185927, NRTRLoss: 1.388106, loss: 4.581812, avg_reader_cost: 0.00285 s, avg_batch_cost: 0.60799 s, avg_samples: 78.8, ips: 129.60733 samples/s, eta: 3:25:05, max_mem_reserved: 25002 MB, max_mem_allocated: 13718 MB
[2025/11/10 13:21:33] ppocr INFO: epoch: [3/20], global_step: 3130, lr: 0.000299, acc: 0.624265, norm_edit_dis: 0.930912, CTCLoss: 2.998639, NRTRLoss: 1.383797, loss: 4.372943, avg_reader_cost: 0.00289 s, avg_batch_cost: 0.63720 s, avg_samples: 89.5, ips: 140.45784 samples/s, eta: 3:24:57, max_mem_reserved: 25002 MB, max_mem_allocated: 13718 MB
[2025/11/10 13:21:39] ppocr INFO: epoch: [3/20], global_step: 3140, lr: 0.000299, acc: 0.630147, norm_edit_dis: 0.931390, CTCLoss: 3.013924, NRTRLoss: 1.398508, loss: 4.399345, avg_reader_cost: 0.00282 s, avg_batch_cost: 0.63485 s, avg_samples: 91.6, ips: 144.28690 samples/s, eta: 3:24:48, max_mem_reserved: 25002 MB, max_mem_allocated: 13718 MB
[2025/11/10 13:21:46] ppocr INFO: epoch: [3/20], global_step: 3150, lr: 0.000299, acc: 0.651654, norm_edit_dis: 0.934665, CTCLoss: 2.940223, NRTRLoss: 1.398508, loss: 4.323819, avg_reader_cost: 0.00282 s, avg_batch_cost: 0.65663 s, avg_samples: 95.9, ips: 146.04887 samples/s, eta: 3:24:42, max_mem_reserved: 25002 MB, max_mem_allocated: 13718 MB
[2025/11/10 13:21:52] ppocr INFO: epoch: [3/20], global_step: 3160, lr: 0.000299, acc: 0.582353, norm_edit_dis: 0.899598, CTCLoss: 5.039280, NRTRLoss: 1.417188, loss: 6.470940, avg_reader_cost: 0.00286 s, avg_batch_cost: 0.66609 s, avg_samples: 106.5, ips: 159.88887 samples/s, eta: 3:24:35, max_mem_reserved: 25002 MB, max_mem_allocated: 13718 MB
[2025/11/10 13:21:58] ppocr INFO: epoch: [3/20], global_step: 3170, lr: 0.000298, acc: 0.635294, norm_edit_dis: 0.935000, CTCLoss: 3.275309, NRTRLoss: 1.386490, loss: 4.668263, avg_reader_cost: 0.00284 s, avg_batch_cost: 0.58284 s, avg_samples: 76.6, ips: 131.42566 samples/s, eta: 3:24:24, max_mem_reserved: 25002 MB, max_mem_allocated: 13718 MB
[2025/11/10 13:22:04] ppocr INFO: epoch: [3/20], global_step: 3180, lr: 0.000298, acc: 0.617647, norm_edit_dis: 0.933370, CTCLoss: 3.302225, NRTRLoss: 1.384810, loss: 4.686371, avg_reader_cost: 0.00284 s, avg_batch_cost: 0.63993 s, avg_samples: 95.9, ips: 149.85961 samples/s, eta: 3:24:16, max_mem_reserved: 25002 MB, max_mem_allocated: 13718 MB
[2025/11/10 13:22:11] ppocr INFO: epoch: [3/20], global_step: 3190, lr: 0.000298, acc: 0.579228, norm_edit_dis: 0.921664, CTCLoss: 3.853132, NRTRLoss: 1.400313, loss: 5.228422, avg_reader_cost: 0.00283 s, avg_batch_cost: 0.66772 s, avg_samples: 95.9, ips: 143.62247 samples/s, eta: 3:24:10, max_mem_reserved: 25002 MB, max_mem_allocated: 13718 MB
[2025/11/10 13:22:17] ppocr INFO: epoch: [3/20], global_step: 3200, lr: 0.000298, acc: 0.651654, norm_edit_dis: 0.941844, CTCLoss: 3.521308, NRTRLoss: 1.388393, loss: 4.895761, avg_reader_cost: 0.00283 s, avg_batch_cost: 0.62921 s, avg_samples: 89.5, ips: 142.24076 samples/s, eta: 3:24:01, max_mem_reserved: 25002 MB, max_mem_allocated: 13718 MB
[2025/11/10 13:22:51] ppocr INFO: cur metric, acc: 0.7235999992764001, norm_edit_dis: 0.954457767219701, fps: 599.0369286926218
[2025/11/10 13:22:54] ppocr INFO: save best model is to ./output/best_accuracy
[2025/11/10 13:22:54] ppocr INFO: best metric, acc: 0.7235999992764001, is_float16: False, norm_edit_dis: 0.954457767219701, fps: 599.0369286926218, best_epoch: 3
[2025/11/10 13:23:01] ppocr INFO: epoch: [3/20], global_step: 3210, lr: 0.000298, acc: 0.594945, norm_edit_dis: 0.930221, CTCLoss: 4.212896, NRTRLoss: 1.425834, loss: 5.646570, avg_reader_cost: 0.00288 s, avg_batch_cost: 0.68187 s, avg_samples: 104.4, ips: 153.10764 samples/s, eta: 3:23:56, max_mem_reserved: 25002 MB, max_mem_allocated: 13718 MB
[2025/11/10 13:23:08] ppocr INFO: epoch: [3/20], global_step: 3220, lr: 0.000298, acc: 0.441406, norm_edit_dis: 0.886461, CTCLoss: 5.173587, NRTRLoss: 1.435887, loss: 6.598100, avg_reader_cost: 0.00284 s, avg_batch_cost: 0.68127 s, avg_samples: 106.6, ips: 156.47310 samples/s, eta: 3:23:51, max_mem_reserved: 25002 MB, max_mem_allocated: 13718 MB
[2025/11/10 13:23:14] ppocr INFO: epoch: [3/20], global_step: 3230, lr: 0.000298, acc: 0.629412, norm_edit_dis: 0.927747, CTCLoss: 3.556509, NRTRLoss: 1.414116, loss: 4.965327, avg_reader_cost: 0.00281 s, avg_batch_cost: 0.62687 s, avg_samples: 85.2, ips: 135.91360 samples/s, eta: 3:23:42, max_mem_reserved: 25002 MB, max_mem_allocated: 13718 MB
[2025/11/10 13:23:21] ppocr INFO: epoch: [3/20], global_step: 3240, lr: 0.000298, acc: 0.639890, norm_edit_dis: 0.917248, CTCLoss: 3.445213, NRTRLoss: 1.416923, loss: 4.887723, avg_reader_cost: 0.00280 s, avg_batch_cost: 0.70265 s, avg_samples: 110.8, ips: 157.68786 samples/s, eta: 3:23:38, max_mem_reserved: 25002 MB, max_mem_allocated: 13718 MB
[2025/11/10 13:23:27] ppocr INFO: epoch: [3/20], global_step: 3250, lr: 0.000298, acc: 0.623529, norm_edit_dis: 0.917248, CTCLoss: 3.684472, NRTRLoss: 1.425066, loss: 5.129589, avg_reader_cost: 0.00281 s, avg_batch_cost: 0.63159 s, avg_samples: 89.5, ips: 141.70644 samples/s, eta: 3:23:29, max_mem_reserved: 25002 MB, max_mem_allocated: 13718 MB
[2025/11/10 13:23:32] ppocr INFO: epoch: [3/20], global_step: 3258, lr: 0.000298, acc: 0.624265, norm_edit_dis: 0.923957, CTCLoss: 3.675312, NRTRLoss: 1.418638, loss: 5.129589, avg_reader_cost: 0.00225 s, avg_batch_cost: 0.51596 s, avg_samples: 74.6, ips: 144.58620 samples/s, eta: 3:23:23, max_mem_reserved: 25002 MB, max_mem_allocated: 13718 MB
[2025/11/10 13:23:34] ppocr INFO: save model in ./output/latest
[2025/11/10 13:23:35] ppocr INFO: save model in ./output/iter_epoch_3
[2025/11/10 13:23:37] ppocr INFO: epoch: [4/20], global_step: 3260, lr: 0.000298, acc: 0.624265, norm_edit_dis: 0.927976, CTCLoss: 3.600753, NRTRLoss: 1.399134, loss: 5.019391, avg_reader_cost: 0.35958 s, avg_batch_cost: 0.49899 s, avg_samples: 19.2, ips: 38.47773 samples/s, eta: 3:23:43, max_mem_reserved: 25002 MB, max_mem_allocated: 13718 MB
[2025/11/10 13:23:44] ppocr INFO: epoch: [4/20], global_step: 3270, lr: 0.000298, acc: 0.618382, norm_edit_dis: 0.930670, CTCLoss: 3.171326, NRTRLoss: 1.386493, loss: 4.557611, avg_reader_cost: 0.00286 s, avg_batch_cost: 0.64523 s, avg_samples: 91.6, ips: 141.96494 samples/s, eta: 3:23:35, max_mem_reserved: 25002 MB, max_mem_allocated: 13718 MB
[2025/11/10 13:23:50] ppocr INFO: epoch: [4/20], global_step: 3280, lr: 0.000298, acc: 0.632812, norm_edit_dis: 0.936247, CTCLoss: 3.005823, NRTRLoss: 1.374165, loss: 4.379950, avg_reader_cost: 0.00288 s, avg_batch_cost: 0.64286 s, avg_samples: 91.6, ips: 142.48831 samples/s, eta: 3:23:28, max_mem_reserved: 25002 MB, max_mem_allocated: 13718 MB
[2025/11/10 13:23:57] ppocr INFO: epoch: [4/20], global_step: 3290, lr: 0.000298, acc: 0.630147, norm_edit_dis: 0.934971, CTCLoss: 3.413758, NRTRLoss: 1.385132, loss: 4.812122, avg_reader_cost: 0.00294 s, avg_batch_cost: 0.62820 s, avg_samples: 85.2, ips: 135.62489 samples/s, eta: 3:23:19, max_mem_reserved: 25002 MB, max_mem_allocated: 13718 MB
[2025/11/10 13:24:03] ppocr INFO: epoch: [4/20], global_step: 3300, lr: 0.000298, acc: 0.664706, norm_edit_dis: 0.941085, CTCLoss: 3.096145, NRTRLoss: 1.385352, loss: 4.479435, avg_reader_cost: 0.00328 s, avg_batch_cost: 0.62745 s, avg_samples: 89.4, ips: 142.48235 samples/s, eta: 3:23:11, max_mem_reserved: 25002 MB, max_mem_allocated: 13718 MB
[2025/11/10 13:24:37] ppocr INFO: cur metric, acc: 0.7224999992775, norm_edit_dis: 0.9537469654963143, fps: 593.0932858787512
[2025/11/10 13:24:37] ppocr INFO: best metric, acc: 0.7235999992764001, is_float16: False, norm_edit_dis: 0.954457767219701, fps: 599.0369286926218, best_epoch: 3
[2025/11/10 13:24:43] ppocr INFO: epoch: [4/20], global_step: 3310, lr: 0.000298, acc: 0.658823, norm_edit_dis: 0.934733, CTCLoss: 3.222815, NRTRLoss: 1.391831, loss: 4.622657, avg_reader_cost: 0.00305 s, avg_batch_cost: 0.64754 s, avg_samples: 89.5, ips: 138.21458 samples/s, eta: 3:23:03, max_mem_reserved: 25002 MB, max_mem_allocated: 13718 MB
[2025/11/10 13:24:51] ppocr INFO: epoch: [4/20], global_step: 3320, lr: 0.000298, acc: 0.535156, norm_edit_dis: 0.912308, CTCLoss: 4.426817, NRTRLoss: 1.408897, loss: 5.826762, avg_reader_cost: 0.00310 s, avg_batch_cost: 0.72763 s, avg_samples: 113.0, ips: 155.29832 samples/s, eta: 3:23:00, max_mem_reserved: 25002 MB, max_mem_allocated: 13718 MB
[2025/11/10 13:24:57] ppocr INFO: epoch: [4/20], global_step: 3330, lr: 0.000298, acc: 0.457031, norm_edit_dis: 0.888102, CTCLoss: 5.269378, NRTRLoss: 1.429028, loss: 6.703697, avg_reader_cost: 0.00299 s, avg_batch_cost: 0.67332 s, avg_samples: 100.2, ips: 148.81392 samples/s, eta: 3:22:54, max_mem_reserved: 25002 MB, max_mem_allocated: 13718 MB
[2025/11/10 13:25:04] ppocr INFO: epoch: [4/20], global_step: 3340, lr: 0.000298, acc: 0.617647, norm_edit_dis: 0.930107, CTCLoss: 3.231094, NRTRLoss: 1.392598, loss: 4.623692, avg_reader_cost: 0.00293 s, avg_batch_cost: 0.63146 s, avg_samples: 89.5, ips: 141.73487 samples/s, eta: 3:22:46, max_mem_reserved: 25002 MB, max_mem_allocated: 13718 MB
[2025/11/10 13:25:10] ppocr INFO: epoch: [4/20], global_step: 3350, lr: 0.000298, acc: 0.687500, norm_edit_dis: 0.943951, CTCLoss: 2.653990, NRTRLoss: 1.377396, loss: 4.011279, avg_reader_cost: 0.00326 s, avg_batch_cost: 0.61138 s, avg_samples: 80.9, ips: 132.32384 samples/s, eta: 3:22:36, max_mem_reserved: 25002 MB, max_mem_allocated: 13718 MB
[2025/11/10 13:25:16] ppocr INFO: epoch: [4/20], global_step: 3360, lr: 0.000298, acc: 0.635294, norm_edit_dis: 0.936773, CTCLoss: 2.870423, NRTRLoss: 1.382429, loss: 4.257624, avg_reader_cost: 0.00326 s, avg_batch_cost: 0.66564 s, avg_samples: 100.1, ips: 150.38192 samples/s, eta: 3:22:30, max_mem_reserved: 25002 MB, max_mem_allocated: 13718 MB
[2025/11/10 13:25:23] ppocr INFO: epoch: [4/20], global_step: 3370, lr: 0.000298, acc: 0.611765, norm_edit_dis: 0.932976, CTCLoss: 3.198614, NRTRLoss: 1.387037, loss: 4.568322, avg_reader_cost: 0.00343 s, avg_batch_cost: 0.63649 s, avg_samples: 89.5, ips: 140.61406 samples/s, eta: 3:22:22, max_mem_reserved: 25002 MB, max_mem_allocated: 13718 MB
[2025/11/10 13:25:30] ppocr INFO: epoch: [4/20], global_step: 3380, lr: 0.000298, acc: 0.611765, norm_edit_dis: 0.932076, CTCLoss: 3.358431, NRTRLoss: 1.389514, loss: 4.753864, avg_reader_cost: 0.00291 s, avg_batch_cost: 0.67211 s, avg_samples: 95.9, ips: 142.68582 samples/s, eta: 3:22:16, max_mem_reserved: 25002 MB, max_mem_allocated: 13718 MB
[2025/11/10 13:25:36] ppocr INFO: epoch: [4/20], global_step: 3390, lr: 0.000298, acc: 0.503906, norm_edit_dis: 0.899000, CTCLoss: 4.620802, NRTRLoss: 1.422369, loss: 6.058503, avg_reader_cost: 0.00297 s, avg_batch_cost: 0.68333 s, avg_samples: 102.4, ips: 149.85356 samples/s, eta: 3:22:11, max_mem_reserved: 25002 MB, max_mem_allocated: 13718 MB
[2025/11/10 13:25:43] ppocr INFO: epoch: [4/20], global_step: 3400, lr: 0.000298, acc: 0.496094, norm_edit_dis: 0.904865, CTCLoss: 4.545033, NRTRLoss: 1.412871, loss: 5.933479, avg_reader_cost: 0.00294 s, avg_batch_cost: 0.65189 s, avg_samples: 93.8, ips: 143.89005 samples/s, eta: 3:22:03, max_mem_reserved: 25002 MB, max_mem_allocated: 13718 MB
[2025/11/10 13:26:17] ppocr INFO: cur metric, acc: 0.7050999992949, norm_edit_dis: 0.9505343584639698, fps: 586.8818795246814
[2025/11/10 13:26:17] ppocr INFO: best metric, acc: 0.7235999992764001, is_float16: False, norm_edit_dis: 0.954457767219701, fps: 599.0369286926218, best_epoch: 3
[2025/11/10 13:26:24] ppocr INFO: epoch: [4/20], global_step: 3410, lr: 0.000298, acc: 0.554687, norm_edit_dis: 0.912878, CTCLoss: 4.260709, NRTRLoss: 1.408137, loss: 5.640588, avg_reader_cost: 0.00330 s, avg_batch_cost: 0.69128 s, avg_samples: 100.2, ips: 144.94908 samples/s, eta: 3:21:58, max_mem_reserved: 25002 MB, max_mem_allocated: 13718 MB
[2025/11/10 13:26:30] ppocr INFO: epoch: [4/20], global_step: 3420, lr: 0.000298, acc: 0.617647, norm_edit_dis: 0.924404, CTCLoss: 4.162697, NRTRLoss: 1.396093, loss: 5.544997, avg_reader_cost: 0.00313 s, avg_batch_cost: 0.59806 s, avg_samples: 76.6, ips: 128.08173 samples/s, eta: 3:21:48, max_mem_reserved: 25002 MB, max_mem_allocated: 13718 MB
[2025/11/10 13:26:37] ppocr INFO: epoch: [4/20], global_step: 3430, lr: 0.000298, acc: 0.617647, norm_edit_dis: 0.931288, CTCLoss: 4.046460, NRTRLoss: 1.383965, loss: 5.447497, avg_reader_cost: 0.00305 s, avg_batch_cost: 0.66791 s, avg_samples: 98.0, ips: 146.72728 samples/s, eta: 3:21:42, max_mem_reserved: 25002 MB, max_mem_allocated: 13718 MB
[2025/11/10 13:26:43] ppocr INFO: epoch: [4/20], global_step: 3440, lr: 0.000298, acc: 0.593750, norm_edit_dis: 0.921269, CTCLoss: 4.029488, NRTRLoss: 1.387688, loss: 5.426120, avg_reader_cost: 0.00279 s, avg_batch_cost: 0.63809 s, avg_samples: 89.5, ips: 140.26258 samples/s, eta: 3:21:34, max_mem_reserved: 25002 MB, max_mem_allocated: 13718 MB
[2025/11/10 13:26:50] ppocr INFO: epoch: [4/20], global_step: 3450, lr: 0.000297, acc: 0.596875, norm_edit_dis: 0.922668, CTCLoss: 3.313550, NRTRLoss: 1.387688, loss: 4.715442, avg_reader_cost: 0.00285 s, avg_batch_cost: 0.65393 s, avg_samples: 95.9, ips: 146.65094 samples/s, eta: 3:21:27, max_mem_reserved: 25002 MB, max_mem_allocated: 13718 MB
[2025/11/10 13:26:56] ppocr INFO: epoch: [4/20], global_step: 3460, lr: 0.000297, acc: 0.590993, norm_edit_dis: 0.934591, CTCLoss: 3.012765, NRTRLoss: 1.385406, loss: 4.400506, avg_reader_cost: 0.00279 s, avg_batch_cost: 0.62688 s, avg_samples: 87.3, ips: 139.26189 samples/s, eta: 3:21:19, max_mem_reserved: 25002 MB, max_mem_allocated: 13718 MB
[2025/11/10 13:27:02] ppocr INFO: epoch: [4/20], global_step: 3470, lr: 0.000297, acc: 0.624265, norm_edit_dis: 0.937410, CTCLoss: 2.833170, NRTRLoss: 1.379676, loss: 4.207078, avg_reader_cost: 0.00281 s, avg_batch_cost: 0.59829 s, avg_samples: 78.8, ips: 131.70778 samples/s, eta: 3:21:09, max_mem_reserved: 25002 MB, max_mem_allocated: 13718 MB
[2025/11/10 13:27:09] ppocr INFO: epoch: [4/20], global_step: 3480, lr: 0.000297, acc: 0.625000, norm_edit_dis: 0.938057, CTCLoss: 2.700463, NRTRLoss: 1.384593, loss: 4.079784, avg_reader_cost: 0.00281 s, avg_batch_cost: 0.65379 s, avg_samples: 91.6, ips: 140.10660 samples/s, eta: 3:21:02, max_mem_reserved: 25002 MB, max_mem_allocated: 13718 MB
[2025/11/10 13:27:15] ppocr INFO: epoch: [4/20], global_step: 3490, lr: 0.000297, acc: 0.630147, norm_edit_dis: 0.937179, CTCLoss: 2.679457, NRTRLoss: 1.393791, loss: 4.072709, avg_reader_cost: 0.00282 s, avg_batch_cost: 0.61259 s, avg_samples: 87.3, ips: 142.51073 samples/s, eta: 3:20:53, max_mem_reserved: 25002 MB, max_mem_allocated: 13718 MB
[2025/11/10 13:27:21] ppocr INFO: epoch: [4/20], global_step: 3500, lr: 0.000297, acc: 0.624265, norm_edit_dis: 0.937835, CTCLoss: 2.989303, NRTRLoss: 1.388826, loss: 4.380657, avg_reader_cost: 0.00340 s, avg_batch_cost: 0.62293 s, avg_samples: 89.5, ips: 143.67510 samples/s, eta: 3:20:44, max_mem_reserved: 25002 MB, max_mem_allocated: 13718 MB
[2025/11/10 13:27:55] ppocr INFO: cur metric, acc: 0.7206999992793001, norm_edit_dis: 0.952978139078669, fps: 592.9044964546061
[2025/11/10 13:27:55] ppocr INFO: best metric, acc: 0.7235999992764001, is_float16: False, norm_edit_dis: 0.954457767219701, fps: 599.0369286926218, best_epoch: 3
[2025/11/10 13:28:02] ppocr INFO: epoch: [4/20], global_step: 3510, lr: 0.000297, acc: 0.600000, norm_edit_dis: 0.928321, CTCLoss: 3.419831, NRTRLoss: 1.397586, loss: 4.800268, avg_reader_cost: 0.00295 s, avg_batch_cost: 0.68343 s, avg_samples: 95.9, ips: 140.32248 samples/s, eta: 3:20:39, max_mem_reserved: 25002 MB, max_mem_allocated: 13718 MB
[2025/11/10 13:28:09] ppocr INFO: epoch: [4/20], global_step: 3520, lr: 0.000297, acc: 0.484375, norm_edit_dis: 0.895677, CTCLoss: 5.103925, NRTRLoss: 1.425225, loss: 6.518939, avg_reader_cost: 0.00294 s, avg_batch_cost: 0.73185 s, avg_samples: 113.0, ips: 154.40264 samples/s, eta: 3:20:36, max_mem_reserved: 25002 MB, max_mem_allocated: 13718 MB
[2025/11/10 13:28:15] ppocr INFO: epoch: [4/20], global_step: 3530, lr: 0.000297, acc: 0.589062, norm_edit_dis: 0.923497, CTCLoss: 3.809296, NRTRLoss: 1.402829, loss: 5.224732, avg_reader_cost: 0.00288 s, avg_batch_cost: 0.61800 s, avg_samples: 74.6, ips: 120.71236 samples/s, eta: 3:20:27, max_mem_reserved: 25002 MB, max_mem_allocated: 13718 MB
[2025/11/10 13:28:22] ppocr INFO: epoch: [4/20], global_step: 3540, lr: 0.000297, acc: 0.643842, norm_edit_dis: 0.935948, CTCLoss: 2.752539, NRTRLoss: 1.378441, loss: 4.134332, avg_reader_cost: 0.00287 s, avg_batch_cost: 0.60591 s, avg_samples: 83.1, ips: 137.14862 samples/s, eta: 3:20:17, max_mem_reserved: 25002 MB, max_mem_allocated: 13718 MB
[2025/11/10 13:28:28] ppocr INFO: epoch: [4/20], global_step: 3550, lr: 0.000297, acc: 0.623529, norm_edit_dis: 0.931776, CTCLoss: 3.105281, NRTRLoss: 1.397069, loss: 4.470690, avg_reader_cost: 0.00290 s, avg_batch_cost: 0.64155 s, avg_samples: 93.8, ips: 146.20867 samples/s, eta: 3:20:10, max_mem_reserved: 25002 MB, max_mem_allocated: 13718 MB
[2025/11/10 13:28:35] ppocr INFO: epoch: [4/20], global_step: 3560, lr: 0.000297, acc: 0.600000, norm_edit_dis: 0.904052, CTCLoss: 4.492378, NRTRLoss: 1.422657, loss: 5.933128, avg_reader_cost: 0.00286 s, avg_batch_cost: 0.69206 s, avg_samples: 104.4, ips: 150.85389 samples/s, eta: 3:20:05, max_mem_reserved: 25002 MB, max_mem_allocated: 13718 MB
[2025/11/10 13:28:41] ppocr INFO: epoch: [4/20], global_step: 3570, lr: 0.000297, acc: 0.604687, norm_edit_dis: 0.919828, CTCLoss: 3.762534, NRTRLoss: 1.411618, loss: 5.179873, avg_reader_cost: 0.00289 s, avg_batch_cost: 0.65306 s, avg_samples: 91.6, ips: 140.26280 samples/s, eta: 3:19:58, max_mem_reserved: 25002 MB, max_mem_allocated: 13718 MB
[2025/11/10 13:28:48] ppocr INFO: epoch: [4/20], global_step: 3580, lr: 0.000297, acc: 0.635294, norm_edit_dis: 0.937178, CTCLoss: 3.208011, NRTRLoss: 1.398619, loss: 4.577420, avg_reader_cost: 0.00342 s, avg_batch_cost: 0.68639 s, avg_samples: 100.2, ips: 145.98094 samples/s, eta: 3:19:52, max_mem_reserved: 25002 MB, max_mem_allocated: 13718 MB
[2025/11/10 13:28:55] ppocr INFO: epoch: [4/20], global_step: 3590, lr: 0.000297, acc: 0.620312, norm_edit_dis: 0.936902, CTCLoss: 3.349083, NRTRLoss: 1.382388, loss: 4.717593, avg_reader_cost: 0.00298 s, avg_batch_cost: 0.63857 s, avg_samples: 91.6, ips: 143.44645 samples/s, eta: 3:19:45, max_mem_reserved: 25002 MB, max_mem_allocated: 13718 MB
[2025/11/10 13:29:01] ppocr INFO: epoch: [4/20], global_step: 3600, lr: 0.000297, acc: 0.620312, norm_edit_dis: 0.935128, CTCLoss: 3.404895, NRTRLoss: 1.388931, loss: 4.806110, avg_reader_cost: 0.00283 s, avg_batch_cost: 0.65669 s, avg_samples: 93.8, ips: 142.83684 samples/s, eta: 3:19:38, max_mem_reserved: 25002 MB, max_mem_allocated: 13718 MB
[2025/11/10 13:29:36] ppocr INFO: cur metric, acc: 0.742999999257, norm_edit_dis: 0.9582738396481233, fps: 600.9042021534765
[2025/11/10 13:29:38] ppocr INFO: save best model is to ./output/best_accuracy
[2025/11/10 13:29:38] ppocr INFO: best metric, acc: 0.742999999257, is_float16: False, norm_edit_dis: 0.9582738396481233, fps: 600.9042021534765, best_epoch: 4
[2025/11/10 13:29:45] ppocr INFO: epoch: [4/20], global_step: 3610, lr: 0.000297, acc: 0.670588, norm_edit_dis: 0.938323, CTCLoss: 3.547626, NRTRLoss: 1.394915, loss: 4.966482, avg_reader_cost: 0.00288 s, avg_batch_cost: 0.64935 s, avg_samples: 85.2, ips: 131.20783 samples/s, eta: 3:19:31, max_mem_reserved: 25002 MB, max_mem_allocated: 13718 MB
[2025/11/10 13:29:51] ppocr INFO: epoch: [4/20], global_step: 3620, lr: 0.000297, acc: 0.710937, norm_edit_dis: 0.942156, CTCLoss: 2.734970, NRTRLoss: 1.377547, loss: 4.119499, avg_reader_cost: 0.00281 s, avg_batch_cost: 0.59792 s, avg_samples: 78.9, ips: 131.95824 samples/s, eta: 3:19:21, max_mem_reserved: 25002 MB, max_mem_allocated: 13718 MB
[2025/11/10 13:29:57] ppocr INFO: epoch: [4/20], global_step: 3630, lr: 0.000297, acc: 0.679687, norm_edit_dis: 0.944143, CTCLoss: 2.779463, NRTRLoss: 1.378045, loss: 4.155784, avg_reader_cost: 0.00290 s, avg_batch_cost: 0.62084 s, avg_samples: 81.0, ips: 130.46798 samples/s, eta: 3:19:12, max_mem_reserved: 25002 MB, max_mem_allocated: 13718 MB
[2025/11/10 13:30:03] ppocr INFO: epoch: [4/20], global_step: 3640, lr: 0.000297, acc: 0.648437, norm_edit_dis: 0.933270, CTCLoss: 3.174010, NRTRLoss: 1.395009, loss: 4.571816, avg_reader_cost: 0.00289 s, avg_batch_cost: 0.65762 s, avg_samples: 93.7, ips: 142.48318 samples/s, eta: 3:19:05, max_mem_reserved: 25002 MB, max_mem_allocated: 13718 MB
[2025/11/10 13:30:10] ppocr INFO: epoch: [4/20], global_step: 3650, lr: 0.000297, acc: 0.582353, norm_edit_dis: 0.926772, CTCLoss: 3.318399, NRTRLoss: 1.397811, loss: 4.708870, avg_reader_cost: 0.00291 s, avg_batch_cost: 0.66547 s, avg_samples: 98.0, ips: 147.26394 samples/s, eta: 3:18:59, max_mem_reserved: 25002 MB, max_mem_allocated: 13718 MB
[2025/11/10 13:30:17] ppocr INFO: epoch: [4/20], global_step: 3660, lr: 0.000297, acc: 0.610570, norm_edit_dis: 0.929458, CTCLoss: 3.420915, NRTRLoss: 1.390921, loss: 4.815145, avg_reader_cost: 0.00295 s, avg_batch_cost: 0.65847 s, avg_samples: 91.6, ips: 139.11081 samples/s, eta: 3:18:52, max_mem_reserved: 25002 MB, max_mem_allocated: 13718 MB
[2025/11/10 13:30:23] ppocr INFO: epoch: [4/20], global_step: 3670, lr: 0.000297, acc: 0.616452, norm_edit_dis: 0.931280, CTCLoss: 3.444535, NRTRLoss: 1.393715, loss: 4.845399, avg_reader_cost: 0.00290 s, avg_batch_cost: 0.63674 s, avg_samples: 89.5, ips: 140.56032 samples/s, eta: 3:18:45, max_mem_reserved: 25002 MB, max_mem_allocated: 13718 MB
[2025/11/10 13:30:29] ppocr INFO: epoch: [4/20], global_step: 3680, lr: 0.000296, acc: 0.600000, norm_edit_dis: 0.931749, CTCLoss: 3.345513, NRTRLoss: 1.395302, loss: 4.729972, avg_reader_cost: 0.00287 s, avg_batch_cost: 0.61962 s, avg_samples: 85.2, ips: 137.50461 samples/s, eta: 3:18:36, max_mem_reserved: 25002 MB, max_mem_allocated: 13718 MB
[2025/11/10 13:30:35] ppocr INFO: epoch: [4/20], global_step: 3690, lr: 0.000296, acc: 0.604687, norm_edit_dis: 0.932423, CTCLoss: 3.320050, NRTRLoss: 1.387302, loss: 4.705814, avg_reader_cost: 0.00298 s, avg_batch_cost: 0.60873 s, avg_samples: 81.0, ips: 133.06462 samples/s, eta: 3:18:27, max_mem_reserved: 25002 MB, max_mem_allocated: 13718 MB
[2025/11/10 13:30:42] ppocr INFO: epoch: [4/20], global_step: 3700, lr: 0.000296, acc: 0.616452, norm_edit_dis: 0.926402, CTCLoss: 3.397717, NRTRLoss: 1.396165, loss: 4.807479, avg_reader_cost: 0.00289 s, avg_batch_cost: 0.66045 s, avg_samples: 95.9, ips: 145.20493 samples/s, eta: 3:18:20, max_mem_reserved: 25002 MB, max_mem_allocated: 13718 MB
[2025/11/10 13:31:16] ppocr INFO: cur metric, acc: 0.7112999992887, norm_edit_dis: 0.9540141937752609, fps: 593.1364297053324
[2025/11/10 13:31:16] ppocr INFO: best metric, acc: 0.742999999257, is_float16: False, norm_edit_dis: 0.9582738396481233, fps: 600.9042021534765, best_epoch: 4
[2025/11/10 13:31:23] ppocr INFO: epoch: [4/20], global_step: 3710, lr: 0.000296, acc: 0.623529, norm_edit_dis: 0.936374, CTCLoss: 3.379730, NRTRLoss: 1.398704, loss: 4.763810, avg_reader_cost: 0.00307 s, avg_batch_cost: 0.66423 s, avg_samples: 87.4, ips: 131.58127 samples/s, eta: 3:18:14, max_mem_reserved: 25002 MB, max_mem_allocated: 13718 MB
[2025/11/10 13:31:29] ppocr INFO: epoch: [4/20], global_step: 3720, lr: 0.000296, acc: 0.611765, norm_edit_dis: 0.939977, CTCLoss: 2.819161, NRTRLoss: 1.383076, loss: 4.211975, avg_reader_cost: 0.00346 s, avg_batch_cost: 0.62550 s, avg_samples: 81.0, ips: 129.49639 samples/s, eta: 3:18:05, max_mem_reserved: 25002 MB, max_mem_allocated: 13718 MB
[2025/11/10 13:31:35] ppocr INFO: epoch: [4/20], global_step: 3730, lr: 0.000296, acc: 0.647794, norm_edit_dis: 0.944314, CTCLoss: 2.832885, NRTRLoss: 1.377105, loss: 4.202010, avg_reader_cost: 0.00288 s, avg_batch_cost: 0.64208 s, avg_samples: 91.6, ips: 142.66161 samples/s, eta: 3:17:58, max_mem_reserved: 25002 MB, max_mem_allocated: 13718 MB
[2025/11/10 13:31:42] ppocr INFO: epoch: [4/20], global_step: 3740, lr: 0.000296, acc: 0.640625, norm_edit_dis: 0.936885, CTCLoss: 2.960316, NRTRLoss: 1.375642, loss: 4.335818, avg_reader_cost: 0.00284 s, avg_batch_cost: 0.69060 s, avg_samples: 98.1, ips: 142.05131 samples/s, eta: 3:17:53, max_mem_reserved: 25002 MB, max_mem_allocated: 13718 MB
[2025/11/10 13:31:48] ppocr INFO: epoch: [4/20], global_step: 3750, lr: 0.000296, acc: 0.657537, norm_edit_dis: 0.936763, CTCLoss: 3.011133, NRTRLoss: 1.375462, loss: 4.393266, avg_reader_cost: 0.00328 s, avg_batch_cost: 0.62131 s, avg_samples: 87.3, ips: 140.50937 samples/s, eta: 3:17:44, max_mem_reserved: 25002 MB, max_mem_allocated: 13718 MB
[2025/11/10 13:31:55] ppocr INFO: epoch: [4/20], global_step: 3760, lr: 0.000296, acc: 0.676471, norm_edit_dis: 0.945261, CTCLoss: 2.713341, NRTRLoss: 1.375952, loss: 4.096507, avg_reader_cost: 0.00281 s, avg_batch_cost: 0.67066 s, avg_samples: 100.1, ips: 149.25531 samples/s, eta: 3:17:38, max_mem_reserved: 25002 MB, max_mem_allocated: 13718 MB
[2025/11/10 13:32:02] ppocr INFO: epoch: [4/20], global_step: 3770, lr: 0.000296, acc: 0.636029, norm_edit_dis: 0.941192, CTCLoss: 3.157074, NRTRLoss: 1.386019, loss: 4.537753, avg_reader_cost: 0.00282 s, avg_batch_cost: 0.64571 s, avg_samples: 95.9, ips: 148.51956 samples/s, eta: 3:17:31, max_mem_reserved: 25002 MB, max_mem_allocated: 13718 MB
[2025/11/10 13:32:08] ppocr INFO: epoch: [4/20], global_step: 3780, lr: 0.000296, acc: 0.635294, norm_edit_dis: 0.939296, CTCLoss: 2.958276, NRTRLoss: 1.389325, loss: 4.352661, avg_reader_cost: 0.00328 s, avg_batch_cost: 0.65717 s, avg_samples: 89.5, ips: 136.18971 samples/s, eta: 3:17:24, max_mem_reserved: 25002 MB, max_mem_allocated: 13718 MB
[2025/11/10 13:32:15] ppocr INFO: epoch: [4/20], global_step: 3790, lr: 0.000296, acc: 0.658823, norm_edit_dis: 0.944569, CTCLoss: 2.782706, NRTRLoss: 1.381746, loss: 4.172227, avg_reader_cost: 0.00335 s, avg_batch_cost: 0.64388 s, avg_samples: 87.3, ips: 135.58371 samples/s, eta: 3:17:17, max_mem_reserved: 25002 MB, max_mem_allocated: 13718 MB
[2025/11/10 13:32:21] ppocr INFO: epoch: [4/20], global_step: 3800, lr: 0.000296, acc: 0.657537, norm_edit_dis: 0.943635, CTCLoss: 2.869564, NRTRLoss: 1.402856, loss: 4.264078, avg_reader_cost: 0.00283 s, avg_batch_cost: 0.62324 s, avg_samples: 87.4, ips: 140.23549 samples/s, eta: 3:17:09, max_mem_reserved: 25002 MB, max_mem_allocated: 13718 MB
[2025/11/10 13:32:55] ppocr INFO: cur metric, acc: 0.7148999992851001, norm_edit_dis: 0.9533131203633417, fps: 588.0964336457413
[2025/11/10 13:32:55] ppocr INFO: best metric, acc: 0.742999999257, is_float16: False, norm_edit_dis: 0.9582738396481233, fps: 600.9042021534765, best_epoch: 4
[2025/11/10 13:33:02] ppocr INFO: epoch: [4/20], global_step: 3810, lr: 0.000296, acc: 0.604687, norm_edit_dis: 0.936824, CTCLoss: 2.750829, NRTRLoss: 1.402856, loss: 4.141073, avg_reader_cost: 0.00291 s, avg_batch_cost: 0.67723 s, avg_samples: 100.1, ips: 147.80802 samples/s, eta: 3:17:03, max_mem_reserved: 25002 MB, max_mem_allocated: 13718 MB
[2025/11/10 13:33:08] ppocr INFO: epoch: [4/20], global_step: 3820, lr: 0.000296, acc: 0.652941, norm_edit_dis: 0.938406, CTCLoss: 2.567808, NRTRLoss: 1.379495, loss: 3.928997, avg_reader_cost: 0.00287 s, avg_batch_cost: 0.62704 s, avg_samples: 89.5, ips: 142.73425 samples/s, eta: 3:16:55, max_mem_reserved: 25002 MB, max_mem_allocated: 13718 MB
[2025/11/10 13:33:15] ppocr INFO: epoch: [4/20], global_step: 3830, lr: 0.000296, acc: 0.635294, norm_edit_dis: 0.937202, CTCLoss: 2.817022, NRTRLoss: 1.380227, loss: 4.195762, avg_reader_cost: 0.00288 s, avg_batch_cost: 0.62965 s, avg_samples: 91.6, ips: 145.47732 samples/s, eta: 3:16:47, max_mem_reserved: 25002 MB, max_mem_allocated: 13718 MB
[2025/11/10 13:33:22] ppocr INFO: epoch: [4/20], global_step: 3840, lr: 0.000296, acc: 0.596875, norm_edit_dis: 0.915442, CTCLoss: 3.928187, NRTRLoss: 1.420921, loss: 5.353479, avg_reader_cost: 0.00336 s, avg_batch_cost: 0.68687 s, avg_samples: 100.1, ips: 145.73429 samples/s, eta: 3:16:41, max_mem_reserved: 25002 MB, max_mem_allocated: 13718 MB
[2025/11/10 13:33:28] ppocr INFO: epoch: [4/20], global_step: 3850, lr: 0.000296, acc: 0.576471, norm_edit_dis: 0.910896, CTCLoss: 4.415158, NRTRLoss: 1.426070, loss: 5.846368, avg_reader_cost: 0.00286 s, avg_batch_cost: 0.66913 s, avg_samples: 102.3, ips: 152.88525 samples/s, eta: 3:16:35, max_mem_reserved: 25002 MB, max_mem_allocated: 13718 MB
[2025/11/10 13:33:34] ppocr INFO: epoch: [4/20], global_step: 3860, lr: 0.000296, acc: 0.664706, norm_edit_dis: 0.937126, CTCLoss: 2.845024, NRTRLoss: 1.377309, loss: 4.235242, avg_reader_cost: 0.00284 s, avg_batch_cost: 0.59561 s, avg_samples: 80.9, ips: 135.82773 samples/s, eta: 3:16:25, max_mem_reserved: 25002 MB, max_mem_allocated: 13718 MB
[2025/11/10 13:33:41] ppocr INFO: epoch: [4/20], global_step: 3870, lr: 0.000296, acc: 0.634099, norm_edit_dis: 0.915291, CTCLoss: 3.435124, NRTRLoss: 1.412969, loss: 4.834801, avg_reader_cost: 0.00362 s, avg_batch_cost: 0.70085 s, avg_samples: 113.0, ips: 161.23381 samples/s, eta: 3:16:21, max_mem_reserved: 25002 MB, max_mem_allocated: 13718 MB
[2025/11/10 13:33:48] ppocr INFO: epoch: [4/20], global_step: 3880, lr: 0.000296, acc: 0.460937, norm_edit_dis: 0.887674, CTCLoss: 5.235386, NRTRLoss: 1.423390, loss: 6.665660, avg_reader_cost: 0.00284 s, avg_batch_cost: 0.65712 s, avg_samples: 95.9, ips: 145.93896 samples/s, eta: 3:16:14, max_mem_reserved: 25002 MB, max_mem_allocated: 13718 MB
[2025/11/10 13:33:54] ppocr INFO: epoch: [4/20], global_step: 3890, lr: 0.000295, acc: 0.648437, norm_edit_dis: 0.935388, CTCLoss: 3.267943, NRTRLoss: 1.395991, loss: 4.660290, avg_reader_cost: 0.00334 s, avg_batch_cost: 0.65965 s, avg_samples: 95.9, ips: 145.37903 samples/s, eta: 3:16:07, max_mem_reserved: 25002 MB, max_mem_allocated: 13718 MB
[2025/11/10 13:34:01] ppocr INFO: epoch: [4/20], global_step: 3900, lr: 0.000295, acc: 0.632812, norm_edit_dis: 0.936929, CTCLoss: 3.435708, NRTRLoss: 1.391244, loss: 4.814692, avg_reader_cost: 0.00329 s, avg_batch_cost: 0.62005 s, avg_samples: 87.3, ips: 140.79531 samples/s, eta: 3:15:59, max_mem_reserved: 25002 MB, max_mem_allocated: 13718 MB
[2025/11/10 13:34:35] ppocr INFO: cur metric, acc: 0.7095999992904, norm_edit_dis: 0.9517946893439854, fps: 590.1307213645084
[2025/11/10 13:34:35] ppocr INFO: best metric, acc: 0.742999999257, is_float16: False, norm_edit_dis: 0.9582738396481233, fps: 600.9042021534765, best_epoch: 4
[2025/11/10 13:34:42] ppocr INFO: epoch: [4/20], global_step: 3910, lr: 0.000295, acc: 0.617647, norm_edit_dis: 0.935720, CTCLoss: 3.541588, NRTRLoss: 1.400095, loss: 4.933752, avg_reader_cost: 0.00297 s, avg_batch_cost: 0.64237 s, avg_samples: 93.7, ips: 145.86525 samples/s, eta: 3:15:52, max_mem_reserved: 25002 MB, max_mem_allocated: 13718 MB
[2025/11/10 13:34:48] ppocr INFO: epoch: [4/20], global_step: 3920, lr: 0.000295, acc: 0.611765, norm_edit_dis: 0.932625, CTCLoss: 2.940597, NRTRLoss: 1.389844, loss: 4.320757, avg_reader_cost: 0.00297 s, avg_batch_cost: 0.67442 s, avg_samples: 95.8, ips: 142.04763 samples/s, eta: 3:15:46, max_mem_reserved: 25002 MB, max_mem_allocated: 13718 MB
[2025/11/10 13:34:55] ppocr INFO: epoch: [4/20], global_step: 3930, lr: 0.000295, acc: 0.610570, norm_edit_dis: 0.932625, CTCLoss: 2.941519, NRTRLoss: 1.398785, loss: 4.320757, avg_reader_cost: 0.00298 s, avg_batch_cost: 0.64661 s, avg_samples: 93.8, ips: 145.06508 samples/s, eta: 3:15:38, max_mem_reserved: 25002 MB, max_mem_allocated: 13718 MB
[2025/11/10 13:35:01] ppocr INFO: epoch: [4/20], global_step: 3940, lr: 0.000295, acc: 0.610570, norm_edit_dis: 0.932099, CTCLoss: 3.385129, NRTRLoss: 1.396681, loss: 4.757157, avg_reader_cost: 0.00288 s, avg_batch_cost: 0.62387 s, avg_samples: 85.3, ips: 136.72784 samples/s, eta: 3:15:30, max_mem_reserved: 25002 MB, max_mem_allocated: 13718 MB
[2025/11/10 13:35:08] ppocr INFO: epoch: [4/20], global_step: 3950, lr: 0.000295, acc: 0.590993, norm_edit_dis: 0.929028, CTCLoss: 3.737283, NRTRLoss: 1.393592, loss: 5.119365, avg_reader_cost: 0.00291 s, avg_batch_cost: 0.65061 s, avg_samples: 95.9, ips: 147.39970 samples/s, eta: 3:15:23, max_mem_reserved: 25002 MB, max_mem_allocated: 13718 MB
[2025/11/10 13:35:15] ppocr INFO: epoch: [4/20], global_step: 3960, lr: 0.000295, acc: 0.548024, norm_edit_dis: 0.915962, CTCLoss: 4.289929, NRTRLoss: 1.417796, loss: 5.711161, avg_reader_cost: 0.00313 s, avg_batch_cost: 0.69843 s, avg_samples: 106.6, ips: 152.62801 samples/s, eta: 3:15:18, max_mem_reserved: 25002 MB, max_mem_allocated: 13718 MB
[2025/11/10 13:35:21] ppocr INFO: epoch: [4/20], global_step: 3970, lr: 0.000295, acc: 0.532399, norm_edit_dis: 0.919071, CTCLoss: 3.933538, NRTRLoss: 1.401583, loss: 5.335122, avg_reader_cost: 0.00293 s, avg_batch_cost: 0.67006 s, avg_samples: 100.1, ips: 149.39023 samples/s, eta: 3:15:12, max_mem_reserved: 25002 MB, max_mem_allocated: 13718 MB
[2025/11/10 13:35:27] ppocr INFO: epoch: [4/20], global_step: 3980, lr: 0.000295, acc: 0.605882, norm_edit_dis: 0.934807, CTCLoss: 2.677776, NRTRLoss: 1.376300, loss: 4.042987, avg_reader_cost: 0.00340 s, avg_batch_cost: 0.61427 s, avg_samples: 80.9, ips: 131.70197 samples/s, eta: 3:15:04, max_mem_reserved: 25002 MB, max_mem_allocated: 13718 MB
[2025/11/10 13:35:34] ppocr INFO: epoch: [4/20], global_step: 3990, lr: 0.000295, acc: 0.605882, norm_edit_dis: 0.934807, CTCLoss: 2.669814, NRTRLoss: 1.373005, loss: 4.042987, avg_reader_cost: 0.00343 s, avg_batch_cost: 0.66746 s, avg_samples: 91.6, ips: 137.23657 samples/s, eta: 3:14:57, max_mem_reserved: 25002 MB, max_mem_allocated: 13718 MB
[2025/11/10 13:35:41] ppocr INFO: epoch: [4/20], global_step: 4000, lr: 0.000295, acc: 0.608640, norm_edit_dis: 0.926845, CTCLoss: 3.235765, NRTRLoss: 1.403587, loss: 4.629070, avg_reader_cost: 0.00290 s, avg_batch_cost: 0.64792 s, avg_samples: 93.8, ips: 144.77158 samples/s, eta: 3:14:50, max_mem_reserved: 25002 MB, max_mem_allocated: 13718 MB
[2025/11/10 13:36:15] ppocr INFO: cur metric, acc: 0.6913999993086, norm_edit_dis: 0.9529589757882511, fps: 587.7610423137519
[2025/11/10 13:36:15] ppocr INFO: best metric, acc: 0.742999999257, is_float16: False, norm_edit_dis: 0.9582738396481233, fps: 600.9042021534765, best_epoch: 4
[2025/11/10 13:36:21] ppocr INFO: epoch: [4/20], global_step: 4010, lr: 0.000295, acc: 0.609375, norm_edit_dis: 0.927901, CTCLoss: 3.181112, NRTRLoss: 1.397061, loss: 4.574144, avg_reader_cost: 0.00304 s, avg_batch_cost: 0.62837 s, avg_samples: 87.4, ips: 139.09093 samples/s, eta: 3:14:42, max_mem_reserved: 25002 MB, max_mem_allocated: 13718 MB
[2025/11/10 13:36:27] ppocr INFO: epoch: [4/20], global_step: 4020, lr: 0.000295, acc: 0.635294, norm_edit_dis: 0.940841, CTCLoss: 2.661361, NRTRLoss: 1.375176, loss: 4.030950, avg_reader_cost: 0.00292 s, avg_batch_cost: 0.58642 s, avg_samples: 70.3, ips: 119.87969 samples/s, eta: 3:14:32, max_mem_reserved: 25002 MB, max_mem_allocated: 13718 MB
[2025/11/10 13:36:34] ppocr INFO: epoch: [4/20], global_step: 4030, lr: 0.000295, acc: 0.643842, norm_edit_dis: 0.938277, CTCLoss: 2.749893, NRTRLoss: 1.377838, loss: 4.115908, avg_reader_cost: 0.00287 s, avg_batch_cost: 0.68971 s, avg_samples: 98.1, ips: 142.23451 samples/s, eta: 3:14:27, max_mem_reserved: 25002 MB, max_mem_allocated: 13718 MB
[2025/11/10 13:36:41] ppocr INFO: epoch: [4/20], global_step: 4040, lr: 0.000295, acc: 0.468750, norm_edit_dis: 0.904429, CTCLoss: 4.081106, NRTRLoss: 1.412848, loss: 5.503242, avg_reader_cost: 0.00293 s, avg_batch_cost: 0.68682 s, avg_samples: 108.7, ips: 158.26452 samples/s, eta: 3:14:22, max_mem_reserved: 25002 MB, max_mem_allocated: 13718 MB
[2025/11/10 13:36:47] ppocr INFO: epoch: [4/20], global_step: 4050, lr: 0.000295, acc: 0.582353, norm_edit_dis: 0.925751, CTCLoss: 3.595291, NRTRLoss: 1.408563, loss: 5.012144, avg_reader_cost: 0.00289 s, avg_batch_cost: 0.62002 s, avg_samples: 85.1, ips: 137.25412 samples/s, eta: 3:14:13, max_mem_reserved: 25002 MB, max_mem_allocated: 13718 MB
[2025/11/10 13:36:53] ppocr INFO: epoch: [4/20], global_step: 4060, lr: 0.000295, acc: 0.617647, norm_edit_dis: 0.926178, CTCLoss: 3.239884, NRTRLoss: 1.399153, loss: 4.642251, avg_reader_cost: 0.00297 s, avg_batch_cost: 0.62821 s, avg_samples: 89.5, ips: 142.46783 samples/s, eta: 3:14:05, max_mem_reserved: 25002 MB, max_mem_allocated: 13718 MB
[2025/11/10 13:37:00] ppocr INFO: epoch: [4/20], global_step: 4070, lr: 0.000294, acc: 0.577298, norm_edit_dis: 0.916322, CTCLoss: 3.112092, NRTRLoss: 1.399034, loss: 4.514341, avg_reader_cost: 0.00288 s, avg_batch_cost: 0.70393 s, avg_samples: 100.2, ips: 142.34367 samples/s, eta: 3:14:01, max_mem_reserved: 25002 MB, max_mem_allocated: 13718 MB
[2025/11/10 13:37:06] ppocr INFO: epoch: [4/20], global_step: 4080, lr: 0.000294, acc: 0.561673, norm_edit_dis: 0.925480, CTCLoss: 2.813985, NRTRLoss: 1.386193, loss: 4.200177, avg_reader_cost: 0.00290 s, avg_batch_cost: 0.63064 s, avg_samples: 93.8, ips: 148.73779 samples/s, eta: 3:13:53, max_mem_reserved: 25002 MB, max_mem_allocated: 13718 MB
[2025/11/10 13:37:13] ppocr INFO: epoch: [4/20], global_step: 4090, lr: 0.000294, acc: 0.610570, norm_edit_dis: 0.936697, CTCLoss: 3.047709, NRTRLoss: 1.382864, loss: 4.426241, avg_reader_cost: 0.00329 s, avg_batch_cost: 0.67646 s, avg_samples: 95.9, ips: 141.76766 samples/s, eta: 3:13:47, max_mem_reserved: 25002 MB, max_mem_allocated: 13718 MB
[2025/11/10 13:37:20] ppocr INFO: epoch: [4/20], global_step: 4100, lr: 0.000294, acc: 0.585110, norm_edit_dis: 0.928750, CTCLoss: 3.395262, NRTRLoss: 1.388544, loss: 4.776593, avg_reader_cost: 0.00289 s, avg_batch_cost: 0.65189 s, avg_samples: 100.1, ips: 153.55464 samples/s, eta: 3:13:40, max_mem_reserved: 25002 MB, max_mem_allocated: 13718 MB
[2025/11/10 13:37:53] ppocr INFO: cur metric, acc: 0.7246999992753, norm_edit_dis: 0.956316652201574, fps: 594.0539733842036
[2025/11/10 13:37:53] ppocr INFO: best metric, acc: 0.742999999257, is_float16: False, norm_edit_dis: 0.9582738396481233, fps: 600.9042021534765, best_epoch: 4
[2025/11/10 13:38:00] ppocr INFO: epoch: [4/20], global_step: 4110, lr: 0.000294, acc: 0.600000, norm_edit_dis: 0.933479, CTCLoss: 3.091346, NRTRLoss: 1.389878, loss: 4.490180, avg_reader_cost: 0.00299 s, avg_batch_cost: 0.63949 s, avg_samples: 87.3, ips: 136.51540 samples/s, eta: 3:13:33, max_mem_reserved: 25002 MB, max_mem_allocated: 13718 MB
[2025/11/10 13:38:06] ppocr INFO: epoch: [4/20], global_step: 4120, lr: 0.000294, acc: 0.630147, norm_edit_dis: 0.933797, CTCLoss: 3.119215, NRTRLoss: 1.386791, loss: 4.509967, avg_reader_cost: 0.00292 s, avg_batch_cost: 0.63454 s, avg_samples: 95.9, ips: 151.13362 samples/s, eta: 3:13:25, max_mem_reserved: 25002 MB, max_mem_allocated: 13718 MB
[2025/11/10 13:38:13] ppocr INFO: epoch: [4/20], global_step: 4130, lr: 0.000294, acc: 0.594853, norm_edit_dis: 0.927709, CTCLoss: 3.776671, NRTRLoss: 1.409033, loss: 5.199451, avg_reader_cost: 0.00326 s, avg_batch_cost: 0.68823 s, avg_samples: 104.4, ips: 151.69319 samples/s, eta: 3:13:20, max_mem_reserved: 25002 MB, max_mem_allocated: 13718 MB
[2025/11/10 13:38:19] ppocr INFO: epoch: [4/20], global_step: 4140, lr: 0.000294, acc: 0.636029, norm_edit_dis: 0.934375, CTCLoss: 3.148187, NRTRLoss: 1.383937, loss: 4.541217, avg_reader_cost: 0.00292 s, avg_batch_cost: 0.64214 s, avg_samples: 93.8, ips: 146.07314 samples/s, eta: 3:13:12, max_mem_reserved: 25002 MB, max_mem_allocated: 13718 MB
[2025/11/10 13:38:26] ppocr INFO: epoch: [4/20], global_step: 4150, lr: 0.000294, acc: 0.640625, norm_edit_dis: 0.943145, CTCLoss: 2.788953, NRTRLoss: 1.378430, loss: 4.156600, avg_reader_cost: 0.00326 s, avg_batch_cost: 0.62547 s, avg_samples: 83.1, ips: 132.86034 samples/s, eta: 3:13:04, max_mem_reserved: 25002 MB, max_mem_allocated: 13718 MB
[2025/11/10 13:38:32] ppocr INFO: epoch: [4/20], global_step: 4160, lr: 0.000294, acc: 0.640625, norm_edit_dis: 0.939602, CTCLoss: 3.024287, NRTRLoss: 1.384163, loss: 4.415689, avg_reader_cost: 0.00296 s, avg_batch_cost: 0.66114 s, avg_samples: 93.7, ips: 141.72404 samples/s, eta: 3:12:58, max_mem_reserved: 25002 MB, max_mem_allocated: 13718 MB
[2025/11/10 13:38:39] ppocr INFO: epoch: [4/20], global_step: 4170, lr: 0.000294, acc: 0.643842, norm_edit_dis: 0.928167, CTCLoss: 3.496443, NRTRLoss: 1.395188, loss: 4.903228, avg_reader_cost: 0.00292 s, avg_batch_cost: 0.64566 s, avg_samples: 95.9, ips: 148.53027 samples/s, eta: 3:12:51, max_mem_reserved: 25002 MB, max_mem_allocated: 13718 MB
[2025/11/10 13:38:46] ppocr INFO: epoch: [4/20], global_step: 4180, lr: 0.000294, acc: 0.582031, norm_edit_dis: 0.918674, CTCLoss: 3.782826, NRTRLoss: 1.399317, loss: 5.179214, avg_reader_cost: 0.00335 s, avg_batch_cost: 0.68577 s, avg_samples: 106.6, ips: 155.44479 samples/s, eta: 3:12:45, max_mem_reserved: 25002 MB, max_mem_allocated: 13718 MB
[2025/11/10 13:38:52] ppocr INFO: epoch: [4/20], global_step: 4190, lr: 0.000294, acc: 0.632077, norm_edit_dis: 0.930582, CTCLoss: 3.087287, NRTRLoss: 1.389484, loss: 4.480685, avg_reader_cost: 0.00286 s, avg_batch_cost: 0.63822 s, avg_samples: 85.2, ips: 133.49590 samples/s, eta: 3:12:38, max_mem_reserved: 25002 MB, max_mem_allocated: 13718 MB
[2025/11/10 13:38:59] ppocr INFO: epoch: [4/20], global_step: 4200, lr: 0.000294, acc: 0.640625, norm_edit_dis: 0.937805, CTCLoss: 2.769623, NRTRLoss: 1.375641, loss: 4.169060, avg_reader_cost: 0.00289 s, avg_batch_cost: 0.66846 s, avg_samples: 95.9, ips: 143.46320 samples/s, eta: 3:12:31, max_mem_reserved: 25002 MB, max_mem_allocated: 13718 MB
[2025/11/10 13:39:33] ppocr INFO: cur metric, acc: 0.708999999291, norm_edit_dis: 0.9539449798226783, fps: 571.2735577249634
[2025/11/10 13:39:33] ppocr INFO: best metric, acc: 0.742999999257, is_float16: False, norm_edit_dis: 0.9582738396481233, fps: 600.9042021534765, best_epoch: 4
[2025/11/10 13:39:40] ppocr INFO: epoch: [4/20], global_step: 4210, lr: 0.000294, acc: 0.567463, norm_edit_dis: 0.919561, CTCLoss: 4.312311, NRTRLoss: 1.396796, loss: 5.708126, avg_reader_cost: 0.00295 s, avg_batch_cost: 0.69093 s, avg_samples: 102.3, ips: 148.06065 samples/s, eta: 3:12:26, max_mem_reserved: 25002 MB, max_mem_allocated: 13718 MB
[2025/11/10 13:39:46] ppocr INFO: epoch: [4/20], global_step: 4220, lr: 0.000294, acc: 0.601562, norm_edit_dis: 0.943161, CTCLoss: 2.891467, NRTRLoss: 1.377969, loss: 4.266385, avg_reader_cost: 0.00331 s, avg_batch_cost: 0.63604 s, avg_samples: 85.2, ips: 133.95476 samples/s, eta: 3:12:19, max_mem_reserved: 25002 MB, max_mem_allocated: 13718 MB
[2025/11/10 13:39:53] ppocr INFO: epoch: [4/20], global_step: 4230, lr: 0.000293, acc: 0.629412, norm_edit_dis: 0.943161, CTCLoss: 2.874773, NRTRLoss: 1.380179, loss: 4.270890, avg_reader_cost: 0.00291 s, avg_batch_cost: 0.63436 s, avg_samples: 85.2, ips: 134.30836 samples/s, eta: 3:12:11, max_mem_reserved: 25002 MB, max_mem_allocated: 13718 MB
[2025/11/10 13:39:59] ppocr INFO: epoch: [4/20], global_step: 4240, lr: 0.000293, acc: 0.663419, norm_edit_dis: 0.938682, CTCLoss: 2.931023, NRTRLoss: 1.392442, loss: 4.310260, avg_reader_cost: 0.00290 s, avg_batch_cost: 0.58614 s, avg_samples: 72.4, ips: 123.52058 samples/s, eta: 3:12:01, max_mem_reserved: 25002 MB, max_mem_allocated: 13718 MB
[2025/11/10 13:40:05] ppocr INFO: epoch: [4/20], global_step: 4250, lr: 0.000293, acc: 0.651654, norm_edit_dis: 0.940910, CTCLoss: 2.952489, NRTRLoss: 1.386334, loss: 4.330172, avg_reader_cost: 0.00289 s, avg_batch_cost: 0.62684 s, avg_samples: 89.5, ips: 142.77887 samples/s, eta: 3:11:53, max_mem_reserved: 25002 MB, max_mem_allocated: 13718 MB
[2025/11/10 13:40:11] ppocr INFO: epoch: [4/20], global_step: 4260, lr: 0.000293, acc: 0.592923, norm_edit_dis: 0.923547, CTCLoss: 4.176584, NRTRLoss: 1.403176, loss: 5.575890, avg_reader_cost: 0.00296 s, avg_batch_cost: 0.65991 s, avg_samples: 98.0, ips: 148.50589 samples/s, eta: 3:11:47, max_mem_reserved: 25002 MB, max_mem_allocated: 13718 MB
[2025/11/10 13:40:18] ppocr INFO: epoch: [4/20], global_step: 4270, lr: 0.000293, acc: 0.590993, norm_edit_dis: 0.923547, CTCLoss: 3.287732, NRTRLoss: 1.403977, loss: 4.684163, avg_reader_cost: 0.00289 s, avg_batch_cost: 0.62536 s, avg_samples: 81.0, ips: 129.52537 samples/s, eta: 3:11:39, max_mem_reserved: 25002 MB, max_mem_allocated: 13718 MB
[2025/11/10 13:40:24] ppocr INFO: epoch: [4/20], global_step: 4280, lr: 0.000293, acc: 0.602757, norm_edit_dis: 0.936988, CTCLoss: 2.831703, NRTRLoss: 1.376715, loss: 4.205126, avg_reader_cost: 0.00289 s, avg_batch_cost: 0.63845 s, avg_samples: 87.3, ips: 136.73820 samples/s, eta: 3:11:31, max_mem_reserved: 25002 MB, max_mem_allocated: 13718 MB
[2025/11/10 13:40:31] ppocr INFO: epoch: [4/20], global_step: 4290, lr: 0.000293, acc: 0.593750, norm_edit_dis: 0.935457, CTCLoss: 2.891071, NRTRLoss: 1.389271, loss: 4.279802, avg_reader_cost: 0.00326 s, avg_batch_cost: 0.66763 s, avg_samples: 98.0, ips: 146.78690 samples/s, eta: 3:11:25, max_mem_reserved: 25002 MB, max_mem_allocated: 13718 MB
[2025/11/10 13:40:37] ppocr INFO: epoch: [4/20], global_step: 4300, lr: 0.000293, acc: 0.651654, norm_edit_dis: 0.937585, CTCLoss: 3.153069, NRTRLoss: 1.402846, loss: 4.555136, avg_reader_cost: 0.00290 s, avg_batch_cost: 0.66261 s, avg_samples: 91.6, ips: 138.24076 samples/s, eta: 3:11:19, max_mem_reserved: 25002 MB, max_mem_allocated: 13718 MB
[2025/11/10 13:41:11] ppocr INFO: cur metric, acc: 0.7460999992539, norm_edit_dis: 0.9585492155063268, fps: 595.5271034572131
[2025/11/10 13:41:14] ppocr INFO: save best model is to ./output/best_accuracy
[2025/11/10 13:41:14] ppocr INFO: best metric, acc: 0.7460999992539, is_float16: False, norm_edit_dis: 0.9585492155063268, fps: 595.5271034572131, best_epoch: 4
[2025/11/10 13:41:21] ppocr INFO: epoch: [4/20], global_step: 4310, lr: 0.000293, acc: 0.651654, norm_edit_dis: 0.937585, CTCLoss: 3.301208, NRTRLoss: 1.401844, loss: 4.693791, avg_reader_cost: 0.00288 s, avg_batch_cost: 0.70017 s, avg_samples: 102.3, ips: 146.10828 samples/s, eta: 3:11:14, max_mem_reserved: 25002 MB, max_mem_allocated: 13718 MB
[2025/11/10 13:41:27] ppocr INFO: epoch: [4/20], global_step: 4320, lr: 0.000293, acc: 0.616452, norm_edit_dis: 0.932163, CTCLoss: 3.063299, NRTRLoss: 1.396667, loss: 4.461081, avg_reader_cost: 0.00282 s, avg_batch_cost: 0.63960 s, avg_samples: 95.9, ips: 149.93710 samples/s, eta: 3:11:06, max_mem_reserved: 25002 MB, max_mem_allocated: 13718 MB
[2025/11/10 13:41:33] ppocr INFO: epoch: [4/20], global_step: 4330, lr: 0.000293, acc: 0.658823, norm_edit_dis: 0.943563, CTCLoss: 2.612923, NRTRLoss: 1.373287, loss: 3.984285, avg_reader_cost: 0.00288 s, avg_batch_cost: 0.60904 s, avg_samples: 78.9, ips: 129.54884 samples/s, eta: 3:10:58, max_mem_reserved: 25002 MB, max_mem_allocated: 13718 MB
[2025/11/10 13:41:40] ppocr INFO: epoch: [4/20], global_step: 4340, lr: 0.000293, acc: 0.625000, norm_edit_dis: 0.935991, CTCLoss: 2.846134, NRTRLoss: 1.394827, loss: 4.259945, avg_reader_cost: 0.00285 s, avg_batch_cost: 0.66433 s, avg_samples: 102.3, ips: 153.99067 samples/s, eta: 3:10:51, max_mem_reserved: 25002 MB, max_mem_allocated: 13718 MB
[2025/11/10 13:41:42] ppocr INFO: epoch: [4/20], global_step: 4344, lr: 0.000293, acc: 0.601562, norm_edit_dis: 0.931478, CTCLoss: 3.120543, NRTRLoss: 1.394827, loss: 4.504828, avg_reader_cost: 0.00114 s, avg_batch_cost: 0.25803 s, avg_samples: 38.4, ips: 148.81850 samples/s, eta: 3:10:49, max_mem_reserved: 25002 MB, max_mem_allocated: 13718 MB
[2025/11/10 13:41:44] ppocr INFO: save model in ./output/latest
[2025/11/10 13:41:46] ppocr INFO: save model in ./output/iter_epoch_4
[2025/11/10 13:41:51] ppocr INFO: epoch: [5/20], global_step: 4350, lr: 0.000293, acc: 0.596875, norm_edit_dis: 0.930615, CTCLoss: 3.150666, NRTRLoss: 1.394827, loss: 4.522405, avg_reader_cost: 0.45649 s, avg_batch_cost: 0.81970 s, avg_samples: 46.8, ips: 57.09403 samples/s, eta: 3:11:02, max_mem_reserved: 25002 MB, max_mem_allocated: 13718 MB
[2025/11/10 13:41:57] ppocr INFO: epoch: [5/20], global_step: 4360, lr: 0.000293, acc: 0.596875, norm_edit_dis: 0.928127, CTCLoss: 3.153716, NRTRLoss: 1.392557, loss: 4.526244, avg_reader_cost: 0.00286 s, avg_batch_cost: 0.65105 s, avg_samples: 100.2, ips: 153.90557 samples/s, eta: 3:10:55, max_mem_reserved: 25002 MB, max_mem_allocated: 13718 MB
[2025/11/10 13:42:03] ppocr INFO: epoch: [5/20], global_step: 4370, lr: 0.000293, acc: 0.610570, norm_edit_dis: 0.928182, CTCLoss: 2.941604, NRTRLoss: 1.395067, loss: 4.297910, avg_reader_cost: 0.00287 s, avg_batch_cost: 0.63885 s, avg_samples: 87.2, ips: 136.49581 samples/s, eta: 3:10:47, max_mem_reserved: 25002 MB, max_mem_allocated: 13718 MB
[2025/11/10 13:42:09] ppocr INFO: epoch: [5/20], global_step: 4380, lr: 0.000292, acc: 0.652941, norm_edit_dis: 0.944611, CTCLoss: 2.668182, NRTRLoss: 1.383355, loss: 4.053586, avg_reader_cost: 0.00287 s, avg_batch_cost: 0.60253 s, avg_samples: 83.0, ips: 137.75180 samples/s, eta: 3:10:38, max_mem_reserved: 25002 MB, max_mem_allocated: 13718 MB
[2025/11/10 13:42:16] ppocr INFO: epoch: [5/20], global_step: 4390, lr: 0.000292, acc: 0.652941, norm_edit_dis: 0.946802, CTCLoss: 2.461651, NRTRLoss: 1.374680, loss: 3.847966, avg_reader_cost: 0.00290 s, avg_batch_cost: 0.60639 s, avg_samples: 78.9, ips: 130.11471 samples/s, eta: 3:10:30, max_mem_reserved: 25002 MB, max_mem_allocated: 13718 MB
[2025/11/10 13:42:22] ppocr INFO: epoch: [5/20], global_step: 4400, lr: 0.000292, acc: 0.564706, norm_edit_dis: 0.930530, CTCLoss: 3.081259, NRTRLoss: 1.382924, loss: 4.464275, avg_reader_cost: 0.00285 s, avg_batch_cost: 0.65732 s, avg_samples: 102.3, ips: 155.63159 samples/s, eta: 3:10:23, max_mem_reserved: 25002 MB, max_mem_allocated: 13718 MB
[2025/11/10 13:42:56] ppocr INFO: cur metric, acc: 0.7060999992939, norm_edit_dis: 0.953924616374128, fps: 594.5752695595273
[2025/11/10 13:42:56] ppocr INFO: best metric, acc: 0.7460999992539, is_float16: False, norm_edit_dis: 0.9585492155063268, fps: 595.5271034572131, best_epoch: 4
[2025/11/10 13:43:02] ppocr INFO: epoch: [5/20], global_step: 4410, lr: 0.000292, acc: 0.561581, norm_edit_dis: 0.918324, CTCLoss: 3.517263, NRTRLoss: 1.410116, loss: 4.923442, avg_reader_cost: 0.00292 s, avg_batch_cost: 0.63990 s, avg_samples: 93.8, ips: 146.58568 samples/s, eta: 3:10:16, max_mem_reserved: 25002 MB, max_mem_allocated: 13718 MB
[2025/11/10 13:43:09] ppocr INFO: epoch: [5/20], global_step: 4420, lr: 0.000292, acc: 0.605882, norm_edit_dis: 0.930573, CTCLoss: 2.907172, NRTRLoss: 1.394582, loss: 4.298322, avg_reader_cost: 0.00363 s, avg_batch_cost: 0.62341 s, avg_samples: 89.4, ips: 143.40459 samples/s, eta: 3:10:08, max_mem_reserved: 25002 MB, max_mem_allocated: 13718 MB
[2025/11/10 13:43:15] ppocr INFO: epoch: [5/20], global_step: 4430, lr: 0.000292, acc: 0.630147, norm_edit_dis: 0.930648, CTCLoss: 2.628406, NRTRLoss: 1.390289, loss: 4.007763, avg_reader_cost: 0.00325 s, avg_batch_cost: 0.63474 s, avg_samples: 81.0, ips: 127.61066 samples/s, eta: 3:10:00, max_mem_reserved: 25002 MB, max_mem_allocated: 13718 MB
[2025/11/10 13:43:22] ppocr INFO: epoch: [5/20], global_step: 4440, lr: 0.000292, acc: 0.570312, norm_edit_dis: 0.924275, CTCLoss: 3.305439, NRTRLoss: 1.393389, loss: 4.690923, avg_reader_cost: 0.00286 s, avg_batch_cost: 0.67723 s, avg_samples: 102.3, ips: 151.05540 samples/s, eta: 3:09:54, max_mem_reserved: 25002 MB, max_mem_allocated: 13718 MB
[2025/11/10 13:43:28] ppocr INFO: epoch: [5/20], global_step: 4450, lr: 0.000292, acc: 0.547059, norm_edit_dis: 0.922504, CTCLoss: 3.408885, NRTRLoss: 1.403621, loss: 4.796361, avg_reader_cost: 0.00286 s, avg_batch_cost: 0.64604 s, avg_samples: 93.8, ips: 145.19297 samples/s, eta: 3:09:47, max_mem_reserved: 25002 MB, max_mem_allocated: 13718 MB
[2025/11/10 13:43:35] ppocr INFO: epoch: [5/20], global_step: 4460, lr: 0.000292, acc: 0.630147, norm_edit_dis: 0.939063, CTCLoss: 2.719743, NRTRLoss: 1.381128, loss: 4.113469, avg_reader_cost: 0.00323 s, avg_batch_cost: 0.62836 s, avg_samples: 87.3, ips: 138.93361 samples/s, eta: 3:09:39, max_mem_reserved: 25002 MB, max_mem_allocated: 13718 MB
[2025/11/10 13:43:41] ppocr INFO: epoch: [5/20], global_step: 4470, lr: 0.000292, acc: 0.618382, norm_edit_dis: 0.936586, CTCLoss: 2.863064, NRTRLoss: 1.377608, loss: 4.248400, avg_reader_cost: 0.00283 s, avg_batch_cost: 0.67050 s, avg_samples: 98.1, ips: 146.30897 samples/s, eta: 3:09:33, max_mem_reserved: 25002 MB, max_mem_allocated: 13718 MB
[2025/11/10 13:43:48] ppocr INFO: epoch: [5/20], global_step: 4480, lr: 0.000292, acc: 0.664706, norm_edit_dis: 0.945591, CTCLoss: 2.364289, NRTRLoss: 1.375545, loss: 3.728389, avg_reader_cost: 0.00322 s, avg_batch_cost: 0.63083 s, avg_samples: 87.3, ips: 138.38979 samples/s, eta: 3:09:25, max_mem_reserved: 25002 MB, max_mem_allocated: 13718 MB
[2025/11/10 13:43:54] ppocr INFO: epoch: [5/20], global_step: 4490, lr: 0.000292, acc: 0.652941, norm_edit_dis: 0.947032, CTCLoss: 2.365748, NRTRLoss: 1.363612, loss: 3.722174, avg_reader_cost: 0.00289 s, avg_batch_cost: 0.66328 s, avg_samples: 95.9, ips: 144.58439 samples/s, eta: 3:09:19, max_mem_reserved: 25002 MB, max_mem_allocated: 13718 MB
[2025/11/10 13:44:01] ppocr INFO: epoch: [5/20], global_step: 4500, lr: 0.000292, acc: 0.617647, norm_edit_dis: 0.939213, CTCLoss: 3.226158, NRTRLoss: 1.376656, loss: 4.608018, avg_reader_cost: 0.00287 s, avg_batch_cost: 0.65373 s, avg_samples: 95.9, ips: 146.69589 samples/s, eta: 3:09:12, max_mem_reserved: 25002 MB, max_mem_allocated: 13718 MB
[2025/11/10 13:44:35] ppocr INFO: cur metric, acc: 0.7271999992728, norm_edit_dis: 0.9574254994834729, fps: 594.8326207866595
[2025/11/10 13:44:35] ppocr INFO: best metric, acc: 0.7460999992539, is_float16: False, norm_edit_dis: 0.9585492155063268, fps: 595.5271034572131, best_epoch: 4
[2025/11/10 13:44:41] ppocr INFO: epoch: [5/20], global_step: 4510, lr: 0.000292, acc: 0.635294, norm_edit_dis: 0.947572, CTCLoss: 2.783919, NRTRLoss: 1.375550, loss: 4.164469, avg_reader_cost: 0.00294 s, avg_batch_cost: 0.63843 s, avg_samples: 89.4, ips: 140.03153 samples/s, eta: 3:09:05, max_mem_reserved: 25002 MB, max_mem_allocated: 13718 MB
[2025/11/10 13:44:48] ppocr INFO: epoch: [5/20], global_step: 4520, lr: 0.000292, acc: 0.617647, norm_edit_dis: 0.925164, CTCLoss: 3.371294, NRTRLoss: 1.402108, loss: 4.776309, avg_reader_cost: 0.00284 s, avg_batch_cost: 0.69053 s, avg_samples: 108.8, ips: 157.55939 samples/s, eta: 3:08:59, max_mem_reserved: 25002 MB, max_mem_allocated: 13718 MB
[2025/11/10 13:44:55] ppocr INFO: epoch: [5/20], global_step: 4530, lr: 0.000291, acc: 0.597656, norm_edit_dis: 0.924867, CTCLoss: 3.477510, NRTRLoss: 1.404136, loss: 4.883415, avg_reader_cost: 0.00352 s, avg_batch_cost: 0.64811 s, avg_samples: 93.7, ips: 144.57461 samples/s, eta: 3:08:52, max_mem_reserved: 25002 MB, max_mem_allocated: 13718 MB
[2025/11/10 13:45:01] ppocr INFO: epoch: [5/20], global_step: 4540, lr: 0.000291, acc: 0.653584, norm_edit_dis: 0.942658, CTCLoss: 2.758890, NRTRLoss: 1.381968, loss: 4.139577, avg_reader_cost: 0.00282 s, avg_batch_cost: 0.64825 s, avg_samples: 89.5, ips: 138.06365 samples/s, eta: 3:08:45, max_mem_reserved: 25002 MB, max_mem_allocated: 13718 MB
[2025/11/10 13:45:07] ppocr INFO: epoch: [5/20], global_step: 4550, lr: 0.000291, acc: 0.652941, norm_edit_dis: 0.937577, CTCLoss: 2.687897, NRTRLoss: 1.385662, loss: 4.080173, avg_reader_cost: 0.00313 s, avg_batch_cost: 0.61284 s, avg_samples: 83.1, ips: 135.59756 samples/s, eta: 3:08:37, max_mem_reserved: 25002 MB, max_mem_allocated: 13718 MB
[2025/11/10 13:45:14] ppocr INFO: epoch: [5/20], global_step: 4560, lr: 0.000291, acc: 0.664706, norm_edit_dis: 0.937577, CTCLoss: 2.580720, NRTRLoss: 1.392013, loss: 3.977279, avg_reader_cost: 0.00283 s, avg_batch_cost: 0.68032 s, avg_samples: 100.2, ips: 147.28449 samples/s, eta: 3:08:31, max_mem_reserved: 25002 MB, max_mem_allocated: 13718 MB
[2025/11/10 13:45:21] ppocr INFO: epoch: [5/20], global_step: 4570, lr: 0.000291, acc: 0.507812, norm_edit_dis: 0.908253, CTCLoss: 4.388495, NRTRLoss: 1.414195, loss: 5.820898, avg_reader_cost: 0.00284 s, avg_batch_cost: 0.70094 s, avg_samples: 108.7, ips: 155.07710 samples/s, eta: 3:08:26, max_mem_reserved: 25002 MB, max_mem_allocated: 13718 MB
[2025/11/10 13:45:28] ppocr INFO: epoch: [5/20], global_step: 4580, lr: 0.000291, acc: 0.496094, norm_edit_dis: 0.906620, CTCLoss: 4.349459, NRTRLoss: 1.414195, loss: 5.768496, avg_reader_cost: 0.00283 s, avg_batch_cost: 0.69550 s, avg_samples: 106.6, ips: 153.27162 samples/s, eta: 3:08:21, max_mem_reserved: 25002 MB, max_mem_allocated: 13718 MB
[2025/11/10 13:45:34] ppocr INFO: epoch: [5/20], global_step: 4590, lr: 0.000291, acc: 0.630147, norm_edit_dis: 0.948214, CTCLoss: 2.413596, NRTRLoss: 1.368071, loss: 3.773599, avg_reader_cost: 0.00290 s, avg_batch_cost: 0.60648 s, avg_samples: 80.9, ips: 133.39359 samples/s, eta: 3:08:12, max_mem_reserved: 25002 MB, max_mem_allocated: 13718 MB
[2025/11/10 13:45:41] ppocr INFO: epoch: [5/20], global_step: 4600, lr: 0.000291, acc: 0.641176, norm_edit_dis: 0.947199, CTCLoss: 2.325233, NRTRLoss: 1.364838, loss: 3.695326, avg_reader_cost: 0.00286 s, avg_batch_cost: 0.66717 s, avg_samples: 102.3, ips: 153.33461 samples/s, eta: 3:08:06, max_mem_reserved: 25002 MB, max_mem_allocated: 13718 MB
[2025/11/10 13:46:15] ppocr INFO: cur metric, acc: 0.7448999992551, norm_edit_dis: 0.9603440820485274, fps: 596.566319840315
[2025/11/10 13:46:15] ppocr INFO: best metric, acc: 0.7460999992539, is_float16: False, norm_edit_dis: 0.9585492155063268, fps: 595.5271034572131, best_epoch: 4
[2025/11/10 13:46:21] ppocr INFO: epoch: [5/20], global_step: 4610, lr: 0.000291, acc: 0.605882, norm_edit_dis: 0.935575, CTCLoss: 2.296549, NRTRLoss: 1.370093, loss: 3.659418, avg_reader_cost: 0.00294 s, avg_batch_cost: 0.67418 s, avg_samples: 91.6, ips: 135.86908 samples/s, eta: 3:08:00, max_mem_reserved: 25002 MB, max_mem_allocated: 13718 MB
[2025/11/10 13:46:28] ppocr INFO: epoch: [5/20], global_step: 4620, lr: 0.000291, acc: 0.648437, norm_edit_dis: 0.938720, CTCLoss: 2.516624, NRTRLoss: 1.376453, loss: 3.896096, avg_reader_cost: 0.00291 s, avg_batch_cost: 0.65515 s, avg_samples: 95.9, ips: 146.37843 samples/s, eta: 3:07:53, max_mem_reserved: 25002 MB, max_mem_allocated: 13718 MB
[2025/11/10 13:46:34] ppocr INFO: epoch: [5/20], global_step: 4630, lr: 0.000291, acc: 0.664706, norm_edit_dis: 0.939679, CTCLoss: 2.756486, NRTRLoss: 1.389538, loss: 4.154401, avg_reader_cost: 0.00316 s, avg_batch_cost: 0.64375 s, avg_samples: 93.7, ips: 145.55305 samples/s, eta: 3:07:46, max_mem_reserved: 25002 MB, max_mem_allocated: 13718 MB
[2025/11/10 13:46:41] ppocr INFO: epoch: [5/20], global_step: 4640, lr: 0.000291, acc: 0.670588, norm_edit_dis: 0.943209, CTCLoss: 2.574621, NRTRLoss: 1.376133, loss: 3.948061, avg_reader_cost: 0.00289 s, avg_batch_cost: 0.61532 s, avg_samples: 87.3, ips: 141.87808 samples/s, eta: 3:07:38, max_mem_reserved: 25002 MB, max_mem_allocated: 13718 MB
[2025/11/10 13:46:47] ppocr INFO: epoch: [5/20], global_step: 4650, lr: 0.000291, acc: 0.677114, norm_edit_dis: 0.938941, CTCLoss: 2.559089, NRTRLoss: 1.374888, loss: 3.933984, avg_reader_cost: 0.00293 s, avg_batch_cost: 0.62687 s, avg_samples: 89.5, ips: 142.77316 samples/s, eta: 3:07:30, max_mem_reserved: 25002 MB, max_mem_allocated: 13718 MB
[2025/11/10 13:46:53] ppocr INFO: epoch: [5/20], global_step: 4660, lr: 0.000290, acc: 0.659467, norm_edit_dis: 0.938838, CTCLoss: 2.559089, NRTRLoss: 1.382760, loss: 3.948207, avg_reader_cost: 0.00290 s, avg_batch_cost: 0.63405 s, avg_samples: 83.1, ips: 131.06313 samples/s, eta: 3:07:23, max_mem_reserved: 25002 MB, max_mem_allocated: 13718 MB
[2025/11/10 13:46:59] ppocr INFO: epoch: [5/20], global_step: 4670, lr: 0.000290, acc: 0.643842, norm_edit_dis: 0.940349, CTCLoss: 2.544980, NRTRLoss: 1.379736, loss: 3.937504, avg_reader_cost: 0.00289 s, avg_batch_cost: 0.60247 s, avg_samples: 87.4, ips: 145.06976 samples/s, eta: 3:07:14, max_mem_reserved: 25002 MB, max_mem_allocated: 13718 MB
[2025/11/10 13:47:05] ppocr INFO: epoch: [5/20], global_step: 4680, lr: 0.000290, acc: 0.645772, norm_edit_dis: 0.933981, CTCLoss: 2.561046, NRTRLoss: 1.380408, loss: 3.957621, avg_reader_cost: 0.00290 s, avg_batch_cost: 0.61325 s, avg_samples: 85.3, ips: 139.09561 samples/s, eta: 3:07:06, max_mem_reserved: 25002 MB, max_mem_allocated: 13718 MB
[2025/11/10 13:47:12] ppocr INFO: epoch: [5/20], global_step: 4690, lr: 0.000290, acc: 0.671232, norm_edit_dis: 0.940727, CTCLoss: 2.585968, NRTRLoss: 1.386848, loss: 3.988843, avg_reader_cost: 0.00382 s, avg_batch_cost: 0.62092 s, avg_samples: 85.2, ips: 137.21574 samples/s, eta: 3:06:58, max_mem_reserved: 25002 MB, max_mem_allocated: 13718 MB
[2025/11/10 13:47:18] ppocr INFO: epoch: [5/20], global_step: 4700, lr: 0.000290, acc: 0.649724, norm_edit_dis: 0.939834, CTCLoss: 2.552863, NRTRLoss: 1.382377, loss: 3.948241, avg_reader_cost: 0.00288 s, avg_batch_cost: 0.65169 s, avg_samples: 91.7, ips: 140.71014 samples/s, eta: 3:06:51, max_mem_reserved: 25002 MB, max_mem_allocated: 13718 MB
[2025/11/10 13:47:53] ppocr INFO: cur metric, acc: 0.7416999992583, norm_edit_dis: 0.9581508148832283, fps: 590.8605540557369
[2025/11/10 13:47:53] ppocr INFO: best metric, acc: 0.7460999992539, is_float16: False, norm_edit_dis: 0.9585492155063268, fps: 595.5271034572131, best_epoch: 4
[2025/11/10 13:47:59] ppocr INFO: epoch: [5/20], global_step: 4710, lr: 0.000290, acc: 0.622334, norm_edit_dis: 0.929739, CTCLoss: 2.848256, NRTRLoss: 1.389915, loss: 4.238171, avg_reader_cost: 0.00288 s, avg_batch_cost: 0.63508 s, avg_samples: 89.5, ips: 140.92627 samples/s, eta: 3:06:43, max_mem_reserved: 25002 MB, max_mem_allocated: 13718 MB
[2025/11/10 13:48:06] ppocr INFO: epoch: [5/20], global_step: 4720, lr: 0.000290, acc: 0.623529, norm_edit_dis: 0.928428, CTCLoss: 2.900964, NRTRLoss: 1.397188, loss: 4.300523, avg_reader_cost: 0.00287 s, avg_batch_cost: 0.67876 s, avg_samples: 95.8, ips: 141.13899 samples/s, eta: 3:06:38, max_mem_reserved: 25002 MB, max_mem_allocated: 13718 MB
[2025/11/10 13:48:12] ppocr INFO: epoch: [5/20], global_step: 4730, lr: 0.000290, acc: 0.629412, norm_edit_dis: 0.936304, CTCLoss: 2.518404, NRTRLoss: 1.387351, loss: 3.909609, avg_reader_cost: 0.00290 s, avg_batch_cost: 0.60653 s, avg_samples: 81.0, ips: 133.54597 samples/s, eta: 3:06:29, max_mem_reserved: 25002 MB, max_mem_allocated: 13718 MB
[2025/11/10 13:48:18] ppocr INFO: epoch: [5/20], global_step: 4740, lr: 0.000290, acc: 0.617187, norm_edit_dis: 0.937225, CTCLoss: 2.595407, NRTRLoss: 1.387891, loss: 3.996810, avg_reader_cost: 0.00290 s, avg_batch_cost: 0.65845 s, avg_samples: 95.9, ips: 145.64546 samples/s, eta: 3:06:23, max_mem_reserved: 25002 MB, max_mem_allocated: 13718 MB
[2025/11/10 13:48:25] ppocr INFO: epoch: [5/20], global_step: 4750, lr: 0.000290, acc: 0.612500, norm_edit_dis: 0.931486, CTCLoss: 2.595407, NRTRLoss: 1.392451, loss: 3.996810, avg_reader_cost: 0.00286 s, avg_batch_cost: 0.64075 s, avg_samples: 91.6, ips: 142.95839 samples/s, eta: 3:06:15, max_mem_reserved: 25002 MB, max_mem_allocated: 13718 MB
[2025/11/10 13:48:31] ppocr INFO: epoch: [5/20], global_step: 4760, lr: 0.000290, acc: 0.624265, norm_edit_dis: 0.931377, CTCLoss: 3.035297, NRTRLoss: 1.391298, loss: 4.424021, avg_reader_cost: 0.00291 s, avg_batch_cost: 0.64912 s, avg_samples: 95.8, ips: 147.58504 samples/s, eta: 3:06:08, max_mem_reserved: 25002 MB, max_mem_allocated: 13718 MB
[2025/11/10 13:48:38] ppocr INFO: epoch: [5/20], global_step: 4770, lr: 0.000290, acc: 0.658823, norm_edit_dis: 0.941532, CTCLoss: 2.833014, NRTRLoss: 1.379598, loss: 4.212168, avg_reader_cost: 0.00309 s, avg_batch_cost: 0.62623 s, avg_samples: 91.5, ips: 146.11323 samples/s, eta: 3:06:01, max_mem_reserved: 25002 MB, max_mem_allocated: 13718 MB
[2025/11/10 13:48:44] ppocr INFO: epoch: [5/20], global_step: 4780, lr: 0.000290, acc: 0.688235, norm_edit_dis: 0.949210, CTCLoss: 2.344287, NRTRLoss: 1.373843, loss: 3.713673, avg_reader_cost: 0.00287 s, avg_batch_cost: 0.59522 s, avg_samples: 72.4, ips: 121.63557 samples/s, eta: 3:05:52, max_mem_reserved: 25002 MB, max_mem_allocated: 13718 MB
[2025/11/10 13:48:50] ppocr INFO: epoch: [5/20], global_step: 4790, lr: 0.000289, acc: 0.663419, norm_edit_dis: 0.940955, CTCLoss: 2.650505, NRTRLoss: 1.382788, loss: 4.024617, avg_reader_cost: 0.00290 s, avg_batch_cost: 0.63797 s, avg_samples: 89.5, ips: 140.28787 samples/s, eta: 3:05:45, max_mem_reserved: 25002 MB, max_mem_allocated: 13718 MB
[2025/11/10 13:48:57] ppocr INFO: epoch: [5/20], global_step: 4800, lr: 0.000289, acc: 0.643842, norm_edit_dis: 0.923547, CTCLoss: 3.195490, NRTRLoss: 1.406870, loss: 4.602360, avg_reader_cost: 0.00292 s, avg_batch_cost: 0.67097 s, avg_samples: 102.4, ips: 152.61473 samples/s, eta: 3:05:38, max_mem_reserved: 25002 MB, max_mem_allocated: 13718 MB
[2025/11/10 13:49:31] ppocr INFO: cur metric, acc: 0.7546999992453001, norm_edit_dis: 0.9606696900858359, fps: 602.0574979218751
[2025/11/10 13:49:34] ppocr INFO: save best model is to ./output/best_accuracy
[2025/11/10 13:49:34] ppocr INFO: best metric, acc: 0.7546999992453001, is_float16: False, norm_edit_dis: 0.9606696900858359, fps: 602.0574979218751, best_epoch: 5
[2025/11/10 13:49:40] ppocr INFO: epoch: [5/20], global_step: 4810, lr: 0.000289, acc: 0.488281, norm_edit_dis: 0.896889, CTCLoss: 4.244684, NRTRLoss: 1.428259, loss: 5.672943, avg_reader_cost: 0.00319 s, avg_batch_cost: 0.67240 s, avg_samples: 102.3, ips: 152.14169 samples/s, eta: 3:05:32, max_mem_reserved: 25002 MB, max_mem_allocated: 13718 MB
[2025/11/10 13:49:47] ppocr INFO: epoch: [5/20], global_step: 4820, lr: 0.000289, acc: 0.542969, norm_edit_dis: 0.916347, CTCLoss: 3.852840, NRTRLoss: 1.413558, loss: 5.275150, avg_reader_cost: 0.00294 s, avg_batch_cost: 0.64230 s, avg_samples: 96.0, ips: 149.46325 samples/s, eta: 3:05:25, max_mem_reserved: 25002 MB, max_mem_allocated: 13718 MB
[2025/11/10 13:49:53] ppocr INFO: epoch: [5/20], global_step: 4830, lr: 0.000289, acc: 0.581250, norm_edit_dis: 0.927246, CTCLoss: 3.279068, NRTRLoss: 1.392766, loss: 4.671834, avg_reader_cost: 0.00303 s, avg_batch_cost: 0.65772 s, avg_samples: 93.8, ips: 142.61345 samples/s, eta: 3:05:19, max_mem_reserved: 25002 MB, max_mem_allocated: 13718 MB
[2025/11/10 13:50:00] ppocr INFO: epoch: [5/20], global_step: 4840, lr: 0.000289, acc: 0.620312, norm_edit_dis: 0.940924, CTCLoss: 2.700623, NRTRLoss: 1.390250, loss: 4.090349, avg_reader_cost: 0.00290 s, avg_batch_cost: 0.65006 s, avg_samples: 91.7, ips: 141.06492 samples/s, eta: 3:05:12, max_mem_reserved: 25002 MB, max_mem_allocated: 13718 MB
[2025/11/10 13:50:06] ppocr INFO: epoch: [5/20], global_step: 4850, lr: 0.000289, acc: 0.593750, norm_edit_dis: 0.922934, CTCLoss: 3.590343, NRTRLoss: 1.398713, loss: 5.001221, avg_reader_cost: 0.00295 s, avg_batch_cost: 0.65986 s, avg_samples: 100.2, ips: 151.84949 samples/s, eta: 3:05:05, max_mem_reserved: 25002 MB, max_mem_allocated: 13718 MB
[2025/11/10 13:50:13] ppocr INFO: epoch: [5/20], global_step: 4860, lr: 0.000289, acc: 0.614522, norm_edit_dis: 0.922934, CTCLoss: 3.327013, NRTRLoss: 1.391655, loss: 4.727466, avg_reader_cost: 0.00298 s, avg_batch_cost: 0.62787 s, avg_samples: 91.6, ips: 145.88953 samples/s, eta: 3:04:58, max_mem_reserved: 25002 MB, max_mem_allocated: 13718 MB
[2025/11/10 13:50:19] ppocr INFO: epoch: [5/20], global_step: 4870, lr: 0.000289, acc: 0.656250, norm_edit_dis: 0.945571, CTCLoss: 2.302860, NRTRLoss: 1.369588, loss: 3.675516, avg_reader_cost: 0.00287 s, avg_batch_cost: 0.61071 s, avg_samples: 80.9, ips: 132.46809 samples/s, eta: 3:04:49, max_mem_reserved: 25002 MB, max_mem_allocated: 13718 MB
[2025/11/10 13:50:25] ppocr INFO: epoch: [5/20], global_step: 4880, lr: 0.000289, acc: 0.640625, norm_edit_dis: 0.937731, CTCLoss: 2.875938, NRTRLoss: 1.391923, loss: 4.263814, avg_reader_cost: 0.00295 s, avg_batch_cost: 0.64809 s, avg_samples: 100.1, ips: 154.45405 samples/s, eta: 3:04:42, max_mem_reserved: 25002 MB, max_mem_allocated: 13718 MB
[2025/11/10 13:50:32] ppocr INFO: epoch: [5/20], global_step: 4890, lr: 0.000289, acc: 0.629412, norm_edit_dis: 0.940265, CTCLoss: 2.800008, NRTRLoss: 1.390518, loss: 4.159694, avg_reader_cost: 0.00334 s, avg_batch_cost: 0.62156 s, avg_samples: 89.4, ips: 143.83274 samples/s, eta: 3:04:35, max_mem_reserved: 25002 MB, max_mem_allocated: 13718 MB
[2025/11/10 13:50:37] ppocr INFO: epoch: [5/20], global_step: 4900, lr: 0.000289, acc: 0.657537, norm_edit_dis: 0.944859, CTCLoss: 2.781763, NRTRLoss: 1.372929, loss: 4.151879, avg_reader_cost: 0.00295 s, avg_batch_cost: 0.59453 s, avg_samples: 78.9, ips: 132.70907 samples/s, eta: 3:04:26, max_mem_reserved: 25002 MB, max_mem_allocated: 13718 MB
[2025/11/10 13:51:12] ppocr INFO: cur metric, acc: 0.7422999992577001, norm_edit_dis: 0.9568532277991073, fps: 600.7671099578797
[2025/11/10 13:51:12] ppocr INFO: best metric, acc: 0.7546999992453001, is_float16: False, norm_edit_dis: 0.9606696900858359, fps: 602.0574979218751, best_epoch: 5
[2025/11/10 13:51:19] ppocr INFO: epoch: [5/20], global_step: 4910, lr: 0.000288, acc: 0.640625, norm_edit_dis: 0.942071, CTCLoss: 3.080318, NRTRLoss: 1.384487, loss: 4.469580, avg_reader_cost: 0.00295 s, avg_batch_cost: 0.64461 s, avg_samples: 89.5, ips: 138.84367 samples/s, eta: 3:04:19, max_mem_reserved: 25002 MB, max_mem_allocated: 13718 MB
[2025/11/10 13:51:25] ppocr INFO: epoch: [5/20], global_step: 4920, lr: 0.000288, acc: 0.635294, norm_edit_dis: 0.934414, CTCLoss: 3.080318, NRTRLoss: 1.400957, loss: 4.469580, avg_reader_cost: 0.00288 s, avg_batch_cost: 0.63544 s, avg_samples: 95.9, ips: 150.91963 samples/s, eta: 3:04:11, max_mem_reserved: 25002 MB, max_mem_allocated: 13718 MB
[2025/11/10 13:51:31] ppocr INFO: epoch: [5/20], global_step: 4930, lr: 0.000288, acc: 0.605882, norm_edit_dis: 0.931146, CTCLoss: 2.917552, NRTRLoss: 1.400957, loss: 4.322161, avg_reader_cost: 0.00286 s, avg_batch_cost: 0.64637 s, avg_samples: 91.6, ips: 141.71479 samples/s, eta: 3:04:04, max_mem_reserved: 25002 MB, max_mem_allocated: 13718 MB
[2025/11/10 13:51:37] ppocr INFO: epoch: [5/20], global_step: 4940, lr: 0.000288, acc: 0.643842, norm_edit_dis: 0.939748, CTCLoss: 2.464685, NRTRLoss: 1.379840, loss: 3.839351, avg_reader_cost: 0.00288 s, avg_batch_cost: 0.59240 s, avg_samples: 72.4, ips: 122.21504 samples/s, eta: 3:03:56, max_mem_reserved: 25002 MB, max_mem_allocated: 13718 MB
[2025/11/10 13:51:43] ppocr INFO: epoch: [5/20], global_step: 4950, lr: 0.000288, acc: 0.657537, norm_edit_dis: 0.937686, CTCLoss: 2.443924, NRTRLoss: 1.384143, loss: 3.833192, avg_reader_cost: 0.00337 s, avg_batch_cost: 0.59213 s, avg_samples: 76.7, ips: 129.53160 samples/s, eta: 3:03:47, max_mem_reserved: 25002 MB, max_mem_allocated: 13718 MB
[2025/11/10 13:51:50] ppocr INFO: epoch: [5/20], global_step: 4960, lr: 0.000288, acc: 0.640625, norm_edit_dis: 0.933097, CTCLoss: 2.770042, NRTRLoss: 1.389447, loss: 4.168512, avg_reader_cost: 0.00286 s, avg_batch_cost: 0.62494 s, avg_samples: 87.4, ips: 139.85252 samples/s, eta: 3:03:39, max_mem_reserved: 25002 MB, max_mem_allocated: 13718 MB
[2025/11/10 13:51:56] ppocr INFO: epoch: [5/20], global_step: 4970, lr: 0.000288, acc: 0.625000, norm_edit_dis: 0.931387, CTCLoss: 2.891676, NRTRLoss: 1.395335, loss: 4.287011, avg_reader_cost: 0.00284 s, avg_batch_cost: 0.63165 s, avg_samples: 91.7, ips: 145.17551 samples/s, eta: 3:03:32, max_mem_reserved: 25002 MB, max_mem_allocated: 13718 MB
[2025/11/10 13:52:02] ppocr INFO: epoch: [5/20], global_step: 4980, lr: 0.000288, acc: 0.657537, norm_edit_dis: 0.937223, CTCLoss: 2.607503, NRTRLoss: 1.387225, loss: 3.997684, avg_reader_cost: 0.00281 s, avg_batch_cost: 0.61969 s, avg_samples: 83.0, ips: 133.93856 samples/s, eta: 3:03:24, max_mem_reserved: 25002 MB, max_mem_allocated: 13718 MB
[2025/11/10 13:52:08] ppocr INFO: epoch: [5/20], global_step: 4990, lr: 0.000288, acc: 0.665349, norm_edit_dis: 0.942082, CTCLoss: 2.736026, NRTRLoss: 1.380736, loss: 4.120192, avg_reader_cost: 0.00280 s, avg_batch_cost: 0.61178 s, avg_samples: 93.7, ips: 153.16004 samples/s, eta: 3:03:16, max_mem_reserved: 25002 MB, max_mem_allocated: 13718 MB
[2025/11/10 13:52:14] ppocr INFO: epoch: [5/20], global_step: 5000, lr: 0.000288, acc: 0.637959, norm_edit_dis: 0.927959, CTCLoss: 2.972131, NRTRLoss: 1.391506, loss: 4.369788, avg_reader_cost: 0.00282 s, avg_batch_cost: 0.61994 s, avg_samples: 89.5, ips: 144.36854 samples/s, eta: 3:03:08, max_mem_reserved: 25002 MB, max_mem_allocated: 13718 MB
[2025/11/10 13:52:48] ppocr INFO: cur metric, acc: 0.7561999992438, norm_edit_dis: 0.9609947235700078, fps: 594.7966777355023
[2025/11/10 13:52:51] ppocr INFO: save best model is to ./output/best_accuracy
[2025/11/10 13:52:51] ppocr INFO: best metric, acc: 0.7561999992438, is_float16: False, norm_edit_dis: 0.9609947235700078, fps: 594.7966777355023, best_epoch: 5
[2025/11/10 13:52:57] ppocr INFO: epoch: [5/20], global_step: 5010, lr: 0.000288, acc: 0.618382, norm_edit_dis: 0.927130, CTCLoss: 2.925570, NRTRLoss: 1.408222, loss: 4.339665, avg_reader_cost: 0.00294 s, avg_batch_cost: 0.65913 s, avg_samples: 93.8, ips: 142.30971 samples/s, eta: 3:03:01, max_mem_reserved: 25002 MB, max_mem_allocated: 13718 MB
[2025/11/10 13:53:04] ppocr INFO: epoch: [5/20], global_step: 5020, lr: 0.000288, acc: 0.625000, norm_edit_dis: 0.932138, CTCLoss: 2.837148, NRTRLoss: 1.384984, loss: 4.234951, avg_reader_cost: 0.00286 s, avg_batch_cost: 0.63758 s, avg_samples: 98.0, ips: 153.70620 samples/s, eta: 3:02:54, max_mem_reserved: 25002 MB, max_mem_allocated: 13718 MB
[2025/11/10 13:53:10] ppocr INFO: epoch: [5/20], global_step: 5030, lr: 0.000287, acc: 0.624265, norm_edit_dis: 0.936897, CTCLoss: 2.971335, NRTRLoss: 1.392109, loss: 4.368479, avg_reader_cost: 0.00283 s, avg_batch_cost: 0.62630 s, avg_samples: 83.1, ips: 132.68455 samples/s, eta: 3:02:47, max_mem_reserved: 25002 MB, max_mem_allocated: 13718 MB
[2025/11/10 13:53:16] ppocr INFO: epoch: [5/20], global_step: 5040, lr: 0.000287, acc: 0.630147, norm_edit_dis: 0.938135, CTCLoss: 2.679214, NRTRLoss: 1.393800, loss: 4.059700, avg_reader_cost: 0.00284 s, avg_batch_cost: 0.61645 s, avg_samples: 87.3, ips: 141.61791 samples/s, eta: 3:02:39, max_mem_reserved: 25002 MB, max_mem_allocated: 13718 MB
[2025/11/10 13:53:22] ppocr INFO: epoch: [5/20], global_step: 5050, lr: 0.000287, acc: 0.651654, norm_edit_dis: 0.940942, CTCLoss: 2.553280, NRTRLoss: 1.385203, loss: 3.942196, avg_reader_cost: 0.00285 s, avg_batch_cost: 0.61905 s, avg_samples: 87.3, ips: 141.02219 samples/s, eta: 3:02:31, max_mem_reserved: 25002 MB, max_mem_allocated: 13718 MB
[2025/11/10 13:53:28] ppocr INFO: epoch: [5/20], global_step: 5060, lr: 0.000287, acc: 0.651654, norm_edit_dis: 0.939468, CTCLoss: 2.612130, NRTRLoss: 1.383763, loss: 4.001305, avg_reader_cost: 0.00283 s, avg_batch_cost: 0.61468 s, avg_samples: 80.9, ips: 131.61215 samples/s, eta: 3:02:23, max_mem_reserved: 25002 MB, max_mem_allocated: 13718 MB
[2025/11/10 13:53:35] ppocr INFO: epoch: [5/20], global_step: 5070, lr: 0.000287, acc: 0.635294, norm_edit_dis: 0.937029, CTCLoss: 2.421793, NRTRLoss: 1.382754, loss: 3.803897, avg_reader_cost: 0.00285 s, avg_batch_cost: 0.64718 s, avg_samples: 98.0, ips: 151.42638 samples/s, eta: 3:02:16, max_mem_reserved: 25002 MB, max_mem_allocated: 13718 MB
[2025/11/10 13:53:41] ppocr INFO: epoch: [5/20], global_step: 5080, lr: 0.000287, acc: 0.635294, norm_edit_dis: 0.935674, CTCLoss: 2.918153, NRTRLoss: 1.393721, loss: 4.278636, avg_reader_cost: 0.00287 s, avg_batch_cost: 0.64902 s, avg_samples: 93.8, ips: 144.52524 samples/s, eta: 3:02:09, max_mem_reserved: 25002 MB, max_mem_allocated: 13718 MB
[2025/11/10 13:53:48] ppocr INFO: epoch: [5/20], global_step: 5090, lr: 0.000287, acc: 0.625000, norm_edit_dis: 0.931120, CTCLoss: 3.175377, NRTRLoss: 1.407306, loss: 4.551110, avg_reader_cost: 0.00283 s, avg_batch_cost: 0.65730 s, avg_samples: 95.9, ips: 145.90058 samples/s, eta: 3:02:03, max_mem_reserved: 25002 MB, max_mem_allocated: 13718 MB
[2025/11/10 13:53:55] ppocr INFO: epoch: [5/20], global_step: 5100, lr: 0.000287, acc: 0.585202, norm_edit_dis: 0.920498, CTCLoss: 3.537306, NRTRLoss: 1.413481, loss: 4.940470, avg_reader_cost: 0.00287 s, avg_batch_cost: 0.68224 s, avg_samples: 98.1, ips: 143.79072 samples/s, eta: 3:01:57, max_mem_reserved: 25002 MB, max_mem_allocated: 13718 MB
[2025/11/10 13:54:28] ppocr INFO: cur metric, acc: 0.7301999992698001, norm_edit_dis: 0.9566576903183384, fps: 613.3037494942512
[2025/11/10 13:54:28] ppocr INFO: best metric, acc: 0.7561999992438, is_float16: False, norm_edit_dis: 0.9609947235700078, fps: 594.7966777355023, best_epoch: 5
[2025/11/10 13:54:35] ppocr INFO: epoch: [5/20], global_step: 5110, lr: 0.000287, acc: 0.618382, norm_edit_dis: 0.941194, CTCLoss: 2.409544, NRTRLoss: 1.373220, loss: 3.768267, avg_reader_cost: 0.00293 s, avg_batch_cost: 0.64299 s, avg_samples: 91.6, ips: 142.45950 samples/s, eta: 3:01:50, max_mem_reserved: 25002 MB, max_mem_allocated: 13718 MB
[2025/11/10 13:54:40] ppocr INFO: epoch: [5/20], global_step: 5120, lr: 0.000287, acc: 0.676471, norm_edit_dis: 0.946862, CTCLoss: 2.257739, NRTRLoss: 1.366233, loss: 3.627045, avg_reader_cost: 0.00305 s, avg_batch_cost: 0.57918 s, avg_samples: 74.5, ips: 128.63063 samples/s, eta: 3:01:41, max_mem_reserved: 25002 MB, max_mem_allocated: 13718 MB
[2025/11/10 13:54:47] ppocr INFO: epoch: [5/20], global_step: 5130, lr: 0.000287, acc: 0.664706, norm_edit_dis: 0.936707, CTCLoss: 2.491661, NRTRLoss: 1.369494, loss: 3.858625, avg_reader_cost: 0.00286 s, avg_batch_cost: 0.63525 s, avg_samples: 95.9, ips: 150.96533 samples/s, eta: 3:01:34, max_mem_reserved: 25002 MB, max_mem_allocated: 13718 MB
[2025/11/10 13:54:53] ppocr INFO: epoch: [5/20], global_step: 5140, lr: 0.000286, acc: 0.643842, norm_edit_dis: 0.930157, CTCLoss: 3.241829, NRTRLoss: 1.398073, loss: 4.647229, avg_reader_cost: 0.00290 s, avg_batch_cost: 0.63129 s, avg_samples: 89.4, ips: 141.61532 samples/s, eta: 3:01:26, max_mem_reserved: 25002 MB, max_mem_allocated: 13718 MB
[2025/11/10 13:55:00] ppocr INFO: epoch: [5/20], global_step: 5150, lr: 0.000286, acc: 0.552941, norm_edit_dis: 0.907051, CTCLoss: 4.131665, NRTRLoss: 1.417911, loss: 5.517042, avg_reader_cost: 0.00331 s, avg_batch_cost: 0.69370 s, avg_samples: 113.0, ips: 162.89515 samples/s, eta: 3:01:21, max_mem_reserved: 25002 MB, max_mem_allocated: 13718 MB
[2025/11/10 13:55:06] ppocr INFO: epoch: [5/20], global_step: 5160, lr: 0.000286, acc: 0.629412, norm_edit_dis: 0.937164, CTCLoss: 3.063573, NRTRLoss: 1.384358, loss: 4.433332, avg_reader_cost: 0.00318 s, avg_batch_cost: 0.59432 s, avg_samples: 76.6, ips: 128.88742 samples/s, eta: 3:01:12, max_mem_reserved: 25002 MB, max_mem_allocated: 13718 MB
[2025/11/10 13:55:13] ppocr INFO: epoch: [5/20], global_step: 5170, lr: 0.000286, acc: 0.649724, norm_edit_dis: 0.943053, CTCLoss: 2.689431, NRTRLoss: 1.371967, loss: 4.053662, avg_reader_cost: 0.00328 s, avg_batch_cost: 0.67414 s, avg_samples: 106.6, ips: 158.12815 samples/s, eta: 3:01:06, max_mem_reserved: 25002 MB, max_mem_allocated: 13718 MB
[2025/11/10 13:55:19] ppocr INFO: epoch: [5/20], global_step: 5180, lr: 0.000286, acc: 0.600735, norm_edit_dis: 0.929847, CTCLoss: 2.922992, NRTRLoss: 1.398911, loss: 4.307583, avg_reader_cost: 0.00289 s, avg_batch_cost: 0.63697 s, avg_samples: 89.5, ips: 140.50791 samples/s, eta: 3:00:59, max_mem_reserved: 25002 MB, max_mem_allocated: 13718 MB
[2025/11/10 13:55:26] ppocr INFO: epoch: [5/20], global_step: 5190, lr: 0.000286, acc: 0.652941, norm_edit_dis: 0.942428, CTCLoss: 2.680671, NRTRLoss: 1.386239, loss: 4.045162, avg_reader_cost: 0.00284 s, avg_batch_cost: 0.64373 s, avg_samples: 95.9, ips: 148.97612 samples/s, eta: 3:00:52, max_mem_reserved: 25002 MB, max_mem_allocated: 13718 MB
[2025/11/10 13:55:32] ppocr INFO: epoch: [5/20], global_step: 5200, lr: 0.000286, acc: 0.658823, norm_edit_dis: 0.937911, CTCLoss: 2.651871, NRTRLoss: 1.390967, loss: 4.037337, avg_reader_cost: 0.00287 s, avg_batch_cost: 0.62398 s, avg_samples: 89.5, ips: 143.43346 samples/s, eta: 3:00:44, max_mem_reserved: 25002 MB, max_mem_allocated: 13718 MB
[2025/11/10 13:56:06] ppocr INFO: cur metric, acc: 0.7573999992426, norm_edit_dis: 0.9598000153124647, fps: 615.3610870509095
[2025/11/10 13:56:09] ppocr INFO: save best model is to ./output/best_accuracy
[2025/11/10 13:56:09] ppocr INFO: best metric, acc: 0.7573999992426, is_float16: False, norm_edit_dis: 0.9598000153124647, fps: 615.3610870509095, best_epoch: 5
[2025/11/10 13:56:15] ppocr INFO: epoch: [5/20], global_step: 5210, lr: 0.000286, acc: 0.684926, norm_edit_dis: 0.937321, CTCLoss: 2.537194, NRTRLoss: 1.401254, loss: 3.923233, avg_reader_cost: 0.00333 s, avg_batch_cost: 0.67186 s, avg_samples: 95.8, ips: 142.59005 samples/s, eta: 3:00:38, max_mem_reserved: 25002 MB, max_mem_allocated: 13718 MB
[2025/11/10 13:56:22] ppocr INFO: epoch: [5/20], global_step: 5220, lr: 0.000286, acc: 0.604687, norm_edit_dis: 0.920705, CTCLoss: 3.525576, NRTRLoss: 1.414203, loss: 4.968526, avg_reader_cost: 0.00291 s, avg_batch_cost: 0.66842 s, avg_samples: 104.5, ips: 156.33961 samples/s, eta: 3:00:32, max_mem_reserved: 25002 MB, max_mem_allocated: 13718 MB
[2025/11/10 13:56:29] ppocr INFO: epoch: [5/20], global_step: 5230, lr: 0.000286, acc: 0.496094, norm_edit_dis: 0.900426, CTCLoss: 4.296396, NRTRLoss: 1.426918, loss: 5.733895, avg_reader_cost: 0.00290 s, avg_batch_cost: 0.65939 s, avg_samples: 98.1, ips: 148.77413 samples/s, eta: 3:00:26, max_mem_reserved: 25002 MB, max_mem_allocated: 13718 MB
[2025/11/10 13:56:35] ppocr INFO: epoch: [5/20], global_step: 5240, lr: 0.000286, acc: 0.570312, norm_edit_dis: 0.914319, CTCLoss: 4.218825, NRTRLoss: 1.429416, loss: 5.624175, avg_reader_cost: 0.00290 s, avg_batch_cost: 0.67439 s, avg_samples: 102.3, ips: 151.69343 samples/s, eta: 3:00:20, max_mem_reserved: 25002 MB, max_mem_allocated: 13718 MB
[2025/11/10 13:56:42] ppocr INFO: epoch: [5/20], global_step: 5250, lr: 0.000285, acc: 0.629412, norm_edit_dis: 0.934110, CTCLoss: 3.502891, NRTRLoss: 1.402354, loss: 4.882969, avg_reader_cost: 0.00289 s, avg_batch_cost: 0.65993 s, avg_samples: 95.9, ips: 145.31785 samples/s, eta: 3:00:13, max_mem_reserved: 25002 MB, max_mem_allocated: 13718 MB
[2025/11/10 13:56:48] ppocr INFO: epoch: [5/20], global_step: 5260, lr: 0.000285, acc: 0.667279, norm_edit_dis: 0.942226, CTCLoss: 2.886206, NRTRLoss: 1.384008, loss: 4.278008, avg_reader_cost: 0.00286 s, avg_batch_cost: 0.65259 s, avg_samples: 95.9, ips: 146.95242 samples/s, eta: 3:00:07, max_mem_reserved: 25002 MB, max_mem_allocated: 13718 MB
[2025/11/10 13:56:54] ppocr INFO: epoch: [5/20], global_step: 5270, lr: 0.000285, acc: 0.703125, norm_edit_dis: 0.946478, CTCLoss: 2.426049, NRTRLoss: 1.374752, loss: 3.799357, avg_reader_cost: 0.00374 s, avg_batch_cost: 0.59380 s, avg_samples: 87.3, ips: 147.01912 samples/s, eta: 2:59:58, max_mem_reserved: 25002 MB, max_mem_allocated: 13718 MB
[2025/11/10 13:57:01] ppocr INFO: epoch: [5/20], global_step: 5280, lr: 0.000285, acc: 0.682996, norm_edit_dis: 0.947328, CTCLoss: 2.335427, NRTRLoss: 1.374752, loss: 3.705725, avg_reader_cost: 0.00338 s, avg_batch_cost: 0.66152 s, avg_samples: 98.0, ips: 148.14344 samples/s, eta: 2:59:52, max_mem_reserved: 25002 MB, max_mem_allocated: 13718 MB
[2025/11/10 13:57:07] ppocr INFO: epoch: [5/20], global_step: 5290, lr: 0.000285, acc: 0.664706, norm_edit_dis: 0.945854, CTCLoss: 2.328028, NRTRLoss: 1.373253, loss: 3.693740, avg_reader_cost: 0.00290 s, avg_batch_cost: 0.63364 s, avg_samples: 89.5, ips: 141.24752 samples/s, eta: 2:59:44, max_mem_reserved: 25002 MB, max_mem_allocated: 13718 MB
[2025/11/10 13:57:14] ppocr INFO: epoch: [5/20], global_step: 5300, lr: 0.000285, acc: 0.670588, norm_edit_dis: 0.949870, CTCLoss: 2.503481, NRTRLoss: 1.372184, loss: 3.875948, avg_reader_cost: 0.00341 s, avg_batch_cost: 0.63998 s, avg_samples: 87.4, ips: 136.56609 samples/s, eta: 2:59:37, max_mem_reserved: 25002 MB, max_mem_allocated: 13718 MB
[2025/11/10 13:57:48] ppocr INFO: cur metric, acc: 0.7470999992529, norm_edit_dis: 0.9571284387401514, fps: 600.6932448576601
[2025/11/10 13:57:48] ppocr INFO: best metric, acc: 0.7573999992426, is_float16: False, norm_edit_dis: 0.9598000153124647, fps: 615.3610870509095, best_epoch: 5
[2025/11/10 13:57:55] ppocr INFO: epoch: [5/20], global_step: 5310, lr: 0.000285, acc: 0.632812, norm_edit_dis: 0.937265, CTCLoss: 3.272276, NRTRLoss: 1.385237, loss: 4.630347, avg_reader_cost: 0.00293 s, avg_batch_cost: 0.68327 s, avg_samples: 100.2, ips: 146.64817 samples/s, eta: 2:59:32, max_mem_reserved: 25002 MB, max_mem_allocated: 13718 MB
[2025/11/10 13:58:01] ppocr INFO: epoch: [5/20], global_step: 5320, lr: 0.000285, acc: 0.618382, norm_edit_dis: 0.927646, CTCLoss: 3.164912, NRTRLoss: 1.390745, loss: 4.562588, avg_reader_cost: 0.00286 s, avg_batch_cost: 0.62763 s, avg_samples: 95.9, ips: 152.79600 samples/s, eta: 2:59:24, max_mem_reserved: 25002 MB, max_mem_allocated: 13718 MB
[2025/11/10 13:58:07] ppocr INFO: epoch: [5/20], global_step: 5330, lr: 0.000285, acc: 0.684926, norm_edit_dis: 0.947077, CTCLoss: 2.583586, NRTRLoss: 1.376727, loss: 3.979928, avg_reader_cost: 0.00283 s, avg_batch_cost: 0.60005 s, avg_samples: 78.8, ips: 131.32332 samples/s, eta: 2:59:16, max_mem_reserved: 25002 MB, max_mem_allocated: 13718 MB
[2025/11/10 13:58:14] ppocr INFO: epoch: [5/20], global_step: 5340, lr: 0.000285, acc: 0.670588, norm_edit_dis: 0.937093, CTCLoss: 2.954790, NRTRLoss: 1.382211, loss: 4.331834, avg_reader_cost: 0.00289 s, avg_batch_cost: 0.69018 s, avg_samples: 104.5, ips: 151.40898 samples/s, eta: 2:59:10, max_mem_reserved: 25002 MB, max_mem_allocated: 13718 MB
[2025/11/10 13:58:21] ppocr INFO: epoch: [5/20], global_step: 5350, lr: 0.000285, acc: 0.492187, norm_edit_dis: 0.905431, CTCLoss: 4.001543, NRTRLoss: 1.407608, loss: 5.412889, avg_reader_cost: 0.00288 s, avg_batch_cost: 0.67439 s, avg_samples: 104.5, ips: 154.95406 samples/s, eta: 2:59:04, max_mem_reserved: 25002 MB, max_mem_allocated: 13718 MB
[2025/11/10 13:58:28] ppocr INFO: epoch: [5/20], global_step: 5360, lr: 0.000284, acc: 0.519531, norm_edit_dis: 0.900211, CTCLoss: 4.197468, NRTRLoss: 1.416730, loss: 5.629256, avg_reader_cost: 0.00287 s, avg_batch_cost: 0.70963 s, avg_samples: 110.9, ips: 156.27754 samples/s, eta: 2:58:59, max_mem_reserved: 25002 MB, max_mem_allocated: 13718 MB
[2025/11/10 13:58:34] ppocr INFO: epoch: [5/20], global_step: 5370, lr: 0.000284, acc: 0.614568, norm_edit_dis: 0.922083, CTCLoss: 3.544865, NRTRLoss: 1.403108, loss: 4.924182, avg_reader_cost: 0.00291 s, avg_batch_cost: 0.66513 s, avg_samples: 91.6, ips: 137.71673 samples/s, eta: 2:58:53, max_mem_reserved: 25002 MB, max_mem_allocated: 13718 MB
[2025/11/10 13:58:41] ppocr INFO: epoch: [5/20], global_step: 5380, lr: 0.000284, acc: 0.687500, norm_edit_dis: 0.945504, CTCLoss: 3.048665, NRTRLoss: 1.393098, loss: 4.443368, avg_reader_cost: 0.00285 s, avg_batch_cost: 0.69502 s, avg_samples: 102.3, ips: 147.19054 samples/s, eta: 2:58:48, max_mem_reserved: 25002 MB, max_mem_allocated: 13718 MB
[2025/11/10 13:58:48] ppocr INFO: epoch: [5/20], global_step: 5390, lr: 0.000284, acc: 0.623529, norm_edit_dis: 0.933717, CTCLoss: 2.956250, NRTRLoss: 1.385168, loss: 4.338240, avg_reader_cost: 0.00282 s, avg_batch_cost: 0.68464 s, avg_samples: 98.0, ips: 143.14020 samples/s, eta: 2:58:42, max_mem_reserved: 25002 MB, max_mem_allocated: 13718 MB
[2025/11/10 13:58:55] ppocr INFO: epoch: [5/20], global_step: 5400, lr: 0.000284, acc: 0.601562, norm_edit_dis: 0.925328, CTCLoss: 4.086315, NRTRLoss: 1.392318, loss: 5.493628, avg_reader_cost: 0.00289 s, avg_batch_cost: 0.70400 s, avg_samples: 104.5, ips: 148.43668 samples/s, eta: 2:58:37, max_mem_reserved: 25002 MB, max_mem_allocated: 13718 MB
[2025/11/10 13:59:30] ppocr INFO: cur metric, acc: 0.7582999992417, norm_edit_dis: 0.9605355283381776, fps: 575.9729072314282
[2025/11/10 13:59:33] ppocr INFO: save best model is to ./output/best_accuracy
[2025/11/10 13:59:33] ppocr INFO: best metric, acc: 0.7582999992417, is_float16: False, norm_edit_dis: 0.9605355283381776, fps: 575.9729072314282, best_epoch: 5
[2025/11/10 13:59:39] ppocr INFO: epoch: [5/20], global_step: 5410, lr: 0.000284, acc: 0.670588, norm_edit_dis: 0.943575, CTCLoss: 2.492898, NRTRLoss: 1.375301, loss: 3.862477, avg_reader_cost: 0.00284 s, avg_batch_cost: 0.62062 s, avg_samples: 80.9, ips: 130.35251 samples/s, eta: 2:58:29, max_mem_reserved: 25002 MB, max_mem_allocated: 13718 MB
[2025/11/10 13:59:46] ppocr INFO: epoch: [5/20], global_step: 5420, lr: 0.000284, acc: 0.670588, norm_edit_dis: 0.944322, CTCLoss: 2.439943, NRTRLoss: 1.373488, loss: 3.813146, avg_reader_cost: 0.00284 s, avg_batch_cost: 0.65022 s, avg_samples: 93.7, ips: 144.10551 samples/s, eta: 2:58:22, max_mem_reserved: 25002 MB, max_mem_allocated: 13718 MB
[2025/11/10 13:59:52] ppocr INFO: epoch: [5/20], global_step: 5430, lr: 0.000284, acc: 0.640625, norm_edit_dis: 0.940605, CTCLoss: 2.709372, NRTRLoss: 1.384920, loss: 4.098117, avg_reader_cost: 0.00285 s, avg_batch_cost: 0.63572 s, avg_samples: 89.4, ips: 140.62743 samples/s, eta: 2:58:15, max_mem_reserved: 25002 MB, max_mem_allocated: 13718 MB
[2025/11/10 13:59:54] ppocr INFO: save model in ./output/latest
[2025/11/10 13:59:55] ppocr INFO: save model in ./output/iter_epoch_5
[2025/11/10 14:00:03] ppocr INFO: epoch: [6/20], global_step: 5440, lr: 0.000284, acc: 0.637959, norm_edit_dis: 0.936946, CTCLoss: 2.459553, NRTRLoss: 1.383016, loss: 3.832142, avg_reader_cost: 0.45539 s, avg_batch_cost: 1.12126 s, avg_samples: 95.9, ips: 85.52876 samples/s, eta: 2:58:23, max_mem_reserved: 25002 MB, max_mem_allocated: 13718 MB
[2025/11/10 14:00:10] ppocr INFO: epoch: [6/20], global_step: 5450, lr: 0.000284, acc: 0.625000, norm_edit_dis: 0.918876, CTCLoss: 3.348377, NRTRLoss: 1.415583, loss: 4.760481, avg_reader_cost: 0.00306 s, avg_batch_cost: 0.69176 s, avg_samples: 100.2, ips: 144.84848 samples/s, eta: 2:58:17, max_mem_reserved: 25002 MB, max_mem_allocated: 13718 MB
[2025/11/10 14:00:17] ppocr INFO: epoch: [6/20], global_step: 5460, lr: 0.000283, acc: 0.636029, norm_edit_dis: 0.928683, CTCLoss: 3.273530, NRTRLoss: 1.405131, loss: 4.690524, avg_reader_cost: 0.00282 s, avg_batch_cost: 0.65374 s, avg_samples: 89.5, ips: 136.90457 samples/s, eta: 2:58:10, max_mem_reserved: 25002 MB, max_mem_allocated: 13718 MB
[2025/11/10 14:00:24] ppocr INFO: epoch: [6/20], global_step: 5470, lr: 0.000283, acc: 0.664706, norm_edit_dis: 0.940891, CTCLoss: 3.268906, NRTRLoss: 1.378270, loss: 4.704040, avg_reader_cost: 0.00283 s, avg_batch_cost: 0.71131 s, avg_samples: 102.3, ips: 143.81894 samples/s, eta: 2:58:05, max_mem_reserved: 25002 MB, max_mem_allocated: 13718 MB
[2025/11/10 14:00:30] ppocr INFO: epoch: [6/20], global_step: 5480, lr: 0.000283, acc: 0.695312, norm_edit_dis: 0.946329, CTCLoss: 2.480394, NRTRLoss: 1.368707, loss: 3.838614, avg_reader_cost: 0.00322 s, avg_batch_cost: 0.62159 s, avg_samples: 76.7, ips: 123.39365 samples/s, eta: 2:57:58, max_mem_reserved: 25002 MB, max_mem_allocated: 13718 MB
[2025/11/10 14:00:37] ppocr INFO: epoch: [6/20], global_step: 5490, lr: 0.000283, acc: 0.679044, norm_edit_dis: 0.947145, CTCLoss: 2.462698, NRTRLoss: 1.368707, loss: 3.830973, avg_reader_cost: 0.00335 s, avg_batch_cost: 0.67300 s, avg_samples: 102.3, ips: 152.00528 samples/s, eta: 2:57:52, max_mem_reserved: 25002 MB, max_mem_allocated: 13718 MB
[2025/11/10 14:00:43] ppocr INFO: epoch: [6/20], global_step: 5500, lr: 0.000283, acc: 0.657537, norm_edit_dis: 0.936138, CTCLoss: 2.665642, NRTRLoss: 1.377740, loss: 4.056333, avg_reader_cost: 0.00282 s, avg_batch_cost: 0.65169 s, avg_samples: 91.5, ips: 140.40328 samples/s, eta: 2:57:45, max_mem_reserved: 25002 MB, max_mem_allocated: 13718 MB
[2025/11/10 14:01:17] ppocr INFO: cur metric, acc: 0.7542999992457, norm_edit_dis: 0.9589691799454197, fps: 599.0036495015527
[2025/11/10 14:01:17] ppocr INFO: best metric, acc: 0.7582999992417, is_float16: False, norm_edit_dis: 0.9605355283381776, fps: 575.9729072314282, best_epoch: 5
[2025/11/10 14:01:24] ppocr INFO: epoch: [6/20], global_step: 5510, lr: 0.000283, acc: 0.635294, norm_edit_dis: 0.925629, CTCLoss: 2.887117, NRTRLoss: 1.384078, loss: 4.271195, avg_reader_cost: 0.00295 s, avg_batch_cost: 0.67330 s, avg_samples: 100.1, ips: 148.67076 samples/s, eta: 2:57:39, max_mem_reserved: 25002 MB, max_mem_allocated: 13718 MB
[2025/11/10 14:01:31] ppocr INFO: epoch: [6/20], global_step: 5520, lr: 0.000283, acc: 0.519531, norm_edit_dis: 0.913717, CTCLoss: 3.965111, NRTRLoss: 1.417731, loss: 5.387969, avg_reader_cost: 0.00293 s, avg_batch_cost: 0.69417 s, avg_samples: 108.8, ips: 156.73453 samples/s, eta: 2:57:33, max_mem_reserved: 25002 MB, max_mem_allocated: 13718 MB
[2025/11/10 14:01:37] ppocr INFO: epoch: [6/20], global_step: 5530, lr: 0.000283, acc: 0.581204, norm_edit_dis: 0.929715, CTCLoss: 3.666945, NRTRLoss: 1.401590, loss: 5.063755, avg_reader_cost: 0.00290 s, avg_batch_cost: 0.61754 s, avg_samples: 87.4, ips: 141.52885 samples/s, eta: 2:57:25, max_mem_reserved: 25002 MB, max_mem_allocated: 13718 MB
[2025/11/10 14:01:44] ppocr INFO: epoch: [6/20], global_step: 5540, lr: 0.000283, acc: 0.673162, norm_edit_dis: 0.938557, CTCLoss: 2.591982, NRTRLoss: 1.384564, loss: 3.980667, avg_reader_cost: 0.00288 s, avg_batch_cost: 0.66737 s, avg_samples: 95.8, ips: 143.54815 samples/s, eta: 2:57:19, max_mem_reserved: 25002 MB, max_mem_allocated: 13718 MB
[2025/11/10 14:01:50] ppocr INFO: epoch: [6/20], global_step: 5550, lr: 0.000283, acc: 0.682353, norm_edit_dis: 0.940385, CTCLoss: 2.370696, NRTRLoss: 1.377685, loss: 3.740441, avg_reader_cost: 0.00287 s, avg_batch_cost: 0.60624 s, avg_samples: 76.6, ips: 126.35312 samples/s, eta: 2:57:11, max_mem_reserved: 25002 MB, max_mem_allocated: 13718 MB
[2025/11/10 14:01:56] ppocr INFO: epoch: [6/20], global_step: 5560, lr: 0.000282, acc: 0.687500, norm_edit_dis: 0.953271, CTCLoss: 2.227058, NRTRLoss: 1.368297, loss: 3.607050, avg_reader_cost: 0.00294 s, avg_batch_cost: 0.62415 s, avg_samples: 85.2, ips: 136.50602 samples/s, eta: 2:57:04, max_mem_reserved: 25002 MB, max_mem_allocated: 13718 MB
[2025/11/10 14:02:02] ppocr INFO: epoch: [6/20], global_step: 5570, lr: 0.000282, acc: 0.687500, norm_edit_dis: 0.952753, CTCLoss: 2.219064, NRTRLoss: 1.369836, loss: 3.603210, avg_reader_cost: 0.00288 s, avg_batch_cost: 0.64105 s, avg_samples: 91.7, ips: 143.04740 samples/s, eta: 2:56:56, max_mem_reserved: 25002 MB, max_mem_allocated: 13718 MB
[2025/11/10 14:02:10] ppocr INFO: epoch: [6/20], global_step: 5580, lr: 0.000282, acc: 0.613281, norm_edit_dis: 0.930605, CTCLoss: 3.171003, NRTRLoss: 1.392525, loss: 4.567840, avg_reader_cost: 0.00289 s, avg_batch_cost: 0.73158 s, avg_samples: 106.6, ips: 145.71277 samples/s, eta: 2:56:52, max_mem_reserved: 25002 MB, max_mem_allocated: 13718 MB
[2025/11/10 14:02:16] ppocr INFO: epoch: [6/20], global_step: 5590, lr: 0.000282, acc: 0.515625, norm_edit_dis: 0.903469, CTCLoss: 3.924322, NRTRLoss: 1.417815, loss: 5.346141, avg_reader_cost: 0.00292 s, avg_batch_cost: 0.67816 s, avg_samples: 108.7, ips: 160.28651 samples/s, eta: 2:56:46, max_mem_reserved: 25002 MB, max_mem_allocated: 13718 MB
[2025/11/10 14:02:23] ppocr INFO: epoch: [6/20], global_step: 5600, lr: 0.000282, acc: 0.626287, norm_edit_dis: 0.936198, CTCLoss: 3.002671, NRTRLoss: 1.383491, loss: 4.389592, avg_reader_cost: 0.00286 s, avg_batch_cost: 0.65454 s, avg_samples: 87.4, ips: 133.52846 samples/s, eta: 2:56:39, max_mem_reserved: 25002 MB, max_mem_allocated: 13718 MB
[2025/11/10 14:02:57] ppocr INFO: cur metric, acc: 0.7601999992398, norm_edit_dis: 0.9607898320114666, fps: 589.5785225336281
[2025/11/10 14:03:00] ppocr INFO: save best model is to ./output/best_accuracy
[2025/11/10 14:03:00] ppocr INFO: best metric, acc: 0.7601999992398, is_float16: False, norm_edit_dis: 0.9607898320114666, fps: 589.5785225336281, best_epoch: 6
[2025/11/10 14:03:06] ppocr INFO: epoch: [6/20], global_step: 5610, lr: 0.000282, acc: 0.694118, norm_edit_dis: 0.948607, CTCLoss: 2.358233, NRTRLoss: 1.370044, loss: 3.728601, avg_reader_cost: 0.00332 s, avg_batch_cost: 0.61547 s, avg_samples: 85.1, ips: 138.26815 samples/s, eta: 2:56:32, max_mem_reserved: 25002 MB, max_mem_allocated: 13718 MB
[2025/11/10 14:03:13] ppocr INFO: epoch: [6/20], global_step: 5620, lr: 0.000282, acc: 0.694118, norm_edit_dis: 0.947163, CTCLoss: 2.509892, NRTRLoss: 1.366970, loss: 3.878652, avg_reader_cost: 0.00283 s, avg_batch_cost: 0.67518 s, avg_samples: 102.3, ips: 151.51581 samples/s, eta: 2:56:26, max_mem_reserved: 25002 MB, max_mem_allocated: 13718 MB
[2025/11/10 14:03:19] ppocr INFO: epoch: [6/20], global_step: 5630, lr: 0.000282, acc: 0.690809, norm_edit_dis: 0.942758, CTCLoss: 2.626659, NRTRLoss: 1.372984, loss: 3.998331, avg_reader_cost: 0.00286 s, avg_batch_cost: 0.62608 s, avg_samples: 87.3, ips: 139.43949 samples/s, eta: 2:56:18, max_mem_reserved: 25002 MB, max_mem_allocated: 13718 MB
[2025/11/10 14:03:25] ppocr INFO: epoch: [6/20], global_step: 5640, lr: 0.000282, acc: 0.694118, norm_edit_dis: 0.942869, CTCLoss: 2.242410, NRTRLoss: 1.374797, loss: 3.610794, avg_reader_cost: 0.00287 s, avg_batch_cost: 0.65445 s, avg_samples: 89.5, ips: 136.75609 samples/s, eta: 2:56:11, max_mem_reserved: 25002 MB, max_mem_allocated: 13718 MB
[2025/11/10 14:03:32] ppocr INFO: epoch: [6/20], global_step: 5650, lr: 0.000282, acc: 0.703125, norm_edit_dis: 0.942428, CTCLoss: 2.178640, NRTRLoss: 1.375064, loss: 3.540778, avg_reader_cost: 0.00286 s, avg_batch_cost: 0.62151 s, avg_samples: 83.2, ips: 133.86709 samples/s, eta: 2:56:04, max_mem_reserved: 25002 MB, max_mem_allocated: 13718 MB
[2025/11/10 14:03:38] ppocr INFO: epoch: [6/20], global_step: 5660, lr: 0.000281, acc: 0.698621, norm_edit_dis: 0.942742, CTCLoss: 2.275428, NRTRLoss: 1.379036, loss: 3.644314, avg_reader_cost: 0.00287 s, avg_batch_cost: 0.63193 s, avg_samples: 85.2, ips: 134.82420 samples/s, eta: 2:55:57, max_mem_reserved: 25002 MB, max_mem_allocated: 13718 MB
[2025/11/10 14:03:44] ppocr INFO: epoch: [6/20], global_step: 5670, lr: 0.000281, acc: 0.684926, norm_edit_dis: 0.942143, CTCLoss: 2.341354, NRTRLoss: 1.374909, loss: 3.698460, avg_reader_cost: 0.00284 s, avg_batch_cost: 0.59545 s, avg_samples: 80.9, ips: 135.86392 samples/s, eta: 2:55:48, max_mem_reserved: 25002 MB, max_mem_allocated: 13718 MB
[2025/11/10 14:03:51] ppocr INFO: epoch: [6/20], global_step: 5680, lr: 0.000281, acc: 0.658823, norm_edit_dis: 0.940482, CTCLoss: 2.534626, NRTRLoss: 1.382014, loss: 3.918319, avg_reader_cost: 0.00287 s, avg_batch_cost: 0.68477 s, avg_samples: 104.4, ips: 152.46100 samples/s, eta: 2:55:42, max_mem_reserved: 25002 MB, max_mem_allocated: 13718 MB
[2025/11/10 14:03:57] ppocr INFO: epoch: [6/20], global_step: 5690, lr: 0.000281, acc: 0.657537, norm_edit_dis: 0.946493, CTCLoss: 2.978315, NRTRLoss: 1.380307, loss: 4.347904, avg_reader_cost: 0.00283 s, avg_batch_cost: 0.62281 s, avg_samples: 85.2, ips: 136.79835 samples/s, eta: 2:55:35, max_mem_reserved: 25002 MB, max_mem_allocated: 13718 MB
[2025/11/10 14:04:03] ppocr INFO: epoch: [6/20], global_step: 5700, lr: 0.000281, acc: 0.657537, norm_edit_dis: 0.950581, CTCLoss: 2.831725, NRTRLoss: 1.370994, loss: 4.196263, avg_reader_cost: 0.00318 s, avg_batch_cost: 0.60978 s, avg_samples: 83.1, ips: 136.27940 samples/s, eta: 2:55:27, max_mem_reserved: 25002 MB, max_mem_allocated: 13718 MB
[2025/11/10 14:04:38] ppocr INFO: cur metric, acc: 0.7280999992719001, norm_edit_dis: 0.9567920031990071, fps: 593.6203486798311
[2025/11/10 14:04:38] ppocr INFO: best metric, acc: 0.7601999992398, is_float16: False, norm_edit_dis: 0.9607898320114666, fps: 589.5785225336281, best_epoch: 6
[2025/11/10 14:04:44] ppocr INFO: epoch: [6/20], global_step: 5710, lr: 0.000281, acc: 0.590993, norm_edit_dis: 0.936228, CTCLoss: 3.203858, NRTRLoss: 1.380518, loss: 4.610578, avg_reader_cost: 0.00334 s, avg_batch_cost: 0.65326 s, avg_samples: 100.1, ips: 153.23033 samples/s, eta: 2:55:20, max_mem_reserved: 25002 MB, max_mem_allocated: 13718 MB
[2025/11/10 14:04:50] ppocr INFO: epoch: [6/20], global_step: 5720, lr: 0.000281, acc: 0.594118, norm_edit_dis: 0.934118, CTCLoss: 3.298839, NRTRLoss: 1.380518, loss: 4.703174, avg_reader_cost: 0.00292 s, avg_batch_cost: 0.62513 s, avg_samples: 89.5, ips: 143.16992 samples/s, eta: 2:55:13, max_mem_reserved: 25002 MB, max_mem_allocated: 13718 MB
[2025/11/10 14:04:57] ppocr INFO: epoch: [6/20], global_step: 5730, lr: 0.000281, acc: 0.665349, norm_edit_dis: 0.945175, CTCLoss: 2.688766, NRTRLoss: 1.382273, loss: 4.077944, avg_reader_cost: 0.00283 s, avg_batch_cost: 0.62579 s, avg_samples: 85.2, ips: 136.14812 samples/s, eta: 2:55:05, max_mem_reserved: 25002 MB, max_mem_allocated: 13718 MB
[2025/11/10 14:05:03] ppocr INFO: epoch: [6/20], global_step: 5740, lr: 0.000281, acc: 0.671875, norm_edit_dis: 0.942479, CTCLoss: 2.383500, NRTRLoss: 1.382273, loss: 3.764500, avg_reader_cost: 0.00290 s, avg_batch_cost: 0.64870 s, avg_samples: 95.9, ips: 147.83522 samples/s, eta: 2:54:59, max_mem_reserved: 25002 MB, max_mem_allocated: 13718 MB
[2025/11/10 14:05:09] ppocr INFO: epoch: [6/20], global_step: 5750, lr: 0.000280, acc: 0.695312, norm_edit_dis: 0.940655, CTCLoss: 2.404812, NRTRLoss: 1.384741, loss: 3.787028, avg_reader_cost: 0.00291 s, avg_batch_cost: 0.63310 s, avg_samples: 89.5, ips: 141.36766 samples/s, eta: 2:54:51, max_mem_reserved: 25002 MB, max_mem_allocated: 13718 MB
[2025/11/10 14:05:16] ppocr INFO: epoch: [6/20], global_step: 5760, lr: 0.000280, acc: 0.704504, norm_edit_dis: 0.946309, CTCLoss: 2.242990, NRTRLoss: 1.378765, loss: 3.617290, avg_reader_cost: 0.00292 s, avg_batch_cost: 0.64084 s, avg_samples: 91.6, ips: 142.93670 samples/s, eta: 2:54:44, max_mem_reserved: 25002 MB, max_mem_allocated: 13718 MB
[2025/11/10 14:05:22] ppocr INFO: epoch: [6/20], global_step: 5770, lr: 0.000280, acc: 0.695312, norm_edit_dis: 0.950861, CTCLoss: 2.252092, NRTRLoss: 1.371957, loss: 3.635593, avg_reader_cost: 0.00287 s, avg_batch_cost: 0.62771 s, avg_samples: 89.5, ips: 142.58098 samples/s, eta: 2:54:37, max_mem_reserved: 25002 MB, max_mem_allocated: 13718 MB
[2025/11/10 14:05:29] ppocr INFO: epoch: [6/20], global_step: 5780, lr: 0.000280, acc: 0.690809, norm_edit_dis: 0.949074, CTCLoss: 2.546371, NRTRLoss: 1.373887, loss: 3.910592, avg_reader_cost: 0.00289 s, avg_batch_cost: 0.64841 s, avg_samples: 98.0, ips: 151.13791 samples/s, eta: 2:54:30, max_mem_reserved: 25002 MB, max_mem_allocated: 13718 MB
[2025/11/10 14:05:35] ppocr INFO: epoch: [6/20], global_step: 5790, lr: 0.000280, acc: 0.651746, norm_edit_dis: 0.946554, CTCLoss: 2.533503, NRTRLoss: 1.374110, loss: 3.890636, avg_reader_cost: 0.00293 s, avg_batch_cost: 0.66000 s, avg_samples: 100.2, ips: 151.81871 samples/s, eta: 2:54:24, max_mem_reserved: 25002 MB, max_mem_allocated: 13718 MB
[2025/11/10 14:05:42] ppocr INFO: epoch: [6/20], global_step: 5800, lr: 0.000280, acc: 0.694118, norm_edit_dis: 0.943247, CTCLoss: 2.580778, NRTRLoss: 1.383709, loss: 3.951960, avg_reader_cost: 0.00342 s, avg_batch_cost: 0.66626 s, avg_samples: 98.0, ips: 147.09034 samples/s, eta: 2:54:17, max_mem_reserved: 25002 MB, max_mem_allocated: 13718 MB
[2025/11/10 14:06:16] ppocr INFO: cur metric, acc: 0.7649999992350001, norm_edit_dis: 0.9623778436564712, fps: 610.058318017165
[2025/11/10 14:06:19] ppocr INFO: save best model is to ./output/best_accuracy
[2025/11/10 14:06:19] ppocr INFO: best metric, acc: 0.7649999992350001, is_float16: False, norm_edit_dis: 0.9623778436564712, fps: 610.058318017165, best_epoch: 6
[2025/11/10 14:06:25] ppocr INFO: epoch: [6/20], global_step: 5810, lr: 0.000280, acc: 0.700000, norm_edit_dis: 0.944400, CTCLoss: 2.638366, NRTRLoss: 1.386066, loss: 4.012339, avg_reader_cost: 0.00301 s, avg_batch_cost: 0.66123 s, avg_samples: 93.7, ips: 141.70487 samples/s, eta: 2:54:11, max_mem_reserved: 25002 MB, max_mem_allocated: 13718 MB
[2025/11/10 14:06:32] ppocr INFO: epoch: [6/20], global_step: 5820, lr: 0.000280, acc: 0.645772, norm_edit_dis: 0.937001, CTCLoss: 3.016680, NRTRLoss: 1.386066, loss: 4.386672, avg_reader_cost: 0.00344 s, avg_batch_cost: 0.63980 s, avg_samples: 95.9, ips: 149.89159 samples/s, eta: 2:54:04, max_mem_reserved: 25002 MB, max_mem_allocated: 13718 MB
[2025/11/10 14:06:38] ppocr INFO: epoch: [6/20], global_step: 5830, lr: 0.000280, acc: 0.641176, norm_edit_dis: 0.940457, CTCLoss: 2.421864, NRTRLoss: 1.374925, loss: 3.795120, avg_reader_cost: 0.00283 s, avg_batch_cost: 0.64829 s, avg_samples: 95.8, ips: 147.77392 samples/s, eta: 2:53:57, max_mem_reserved: 25002 MB, max_mem_allocated: 13718 MB
[2025/11/10 14:06:44] ppocr INFO: epoch: [6/20], global_step: 5840, lr: 0.000279, acc: 0.682353, norm_edit_dis: 0.947222, CTCLoss: 2.274574, NRTRLoss: 1.373256, loss: 3.651851, avg_reader_cost: 0.00282 s, avg_batch_cost: 0.61321 s, avg_samples: 80.9, ips: 131.92889 samples/s, eta: 2:53:49, max_mem_reserved: 25002 MB, max_mem_allocated: 13718 MB
[2025/11/10 14:06:51] ppocr INFO: epoch: [6/20], global_step: 5850, lr: 0.000279, acc: 0.710937, norm_edit_dis: 0.949274, CTCLoss: 2.239730, NRTRLoss: 1.376800, loss: 3.597745, avg_reader_cost: 0.00286 s, avg_batch_cost: 0.63465 s, avg_samples: 91.6, ips: 144.33102 samples/s, eta: 2:53:42, max_mem_reserved: 25002 MB, max_mem_allocated: 13718 MB
[2025/11/10 14:06:57] ppocr INFO: epoch: [6/20], global_step: 5860, lr: 0.000279, acc: 0.679687, norm_edit_dis: 0.942735, CTCLoss: 2.459552, NRTRLoss: 1.388191, loss: 3.847063, avg_reader_cost: 0.00332 s, avg_batch_cost: 0.63601 s, avg_samples: 85.2, ips: 133.95949 samples/s, eta: 2:53:35, max_mem_reserved: 25002 MB, max_mem_allocated: 13718 MB
[2025/11/10 14:07:03] ppocr INFO: epoch: [6/20], global_step: 5870, lr: 0.000279, acc: 0.670588, norm_edit_dis: 0.947108, CTCLoss: 2.354739, NRTRLoss: 1.372952, loss: 3.720603, avg_reader_cost: 0.00328 s, avg_batch_cost: 0.59815 s, avg_samples: 78.8, ips: 131.73973 samples/s, eta: 2:53:27, max_mem_reserved: 25002 MB, max_mem_allocated: 13718 MB
[2025/11/10 14:07:09] ppocr INFO: epoch: [6/20], global_step: 5880, lr: 0.000279, acc: 0.657537, norm_edit_dis: 0.948115, CTCLoss: 2.496654, NRTRLoss: 1.366718, loss: 3.855741, avg_reader_cost: 0.00281 s, avg_batch_cost: 0.59503 s, avg_samples: 85.2, ips: 143.18590 samples/s, eta: 2:53:19, max_mem_reserved: 25002 MB, max_mem_allocated: 13718 MB
[2025/11/10 14:07:15] ppocr INFO: epoch: [6/20], global_step: 5890, lr: 0.000279, acc: 0.664706, norm_edit_dis: 0.947271, CTCLoss: 2.640280, NRTRLoss: 1.365148, loss: 4.023632, avg_reader_cost: 0.00285 s, avg_batch_cost: 0.60268 s, avg_samples: 85.1, ips: 141.20378 samples/s, eta: 2:53:11, max_mem_reserved: 25002 MB, max_mem_allocated: 13718 MB
[2025/11/10 14:07:21] ppocr INFO: epoch: [6/20], global_step: 5900, lr: 0.000279, acc: 0.688235, norm_edit_dis: 0.949672, CTCLoss: 2.269450, NRTRLoss: 1.362058, loss: 3.637653, avg_reader_cost: 0.00281 s, avg_batch_cost: 0.63051 s, avg_samples: 87.4, ips: 138.61715 samples/s, eta: 2:53:03, max_mem_reserved: 25002 MB, max_mem_allocated: 13718 MB
[2025/11/10 14:07:56] ppocr INFO: cur metric, acc: 0.7623999992376, norm_edit_dis: 0.9610906009854899, fps: 597.0309782955967
[2025/11/10 14:07:56] ppocr INFO: best metric, acc: 0.7649999992350001, is_float16: False, norm_edit_dis: 0.9623778436564712, fps: 610.058318017165, best_epoch: 6
[2025/11/10 14:08:03] ppocr INFO: epoch: [6/20], global_step: 5910, lr: 0.000279, acc: 0.664706, norm_edit_dis: 0.944436, CTCLoss: 2.415591, NRTRLoss: 1.381672, loss: 3.811244, avg_reader_cost: 0.00295 s, avg_batch_cost: 0.69455 s, avg_samples: 98.0, ips: 141.09933 samples/s, eta: 2:52:58, max_mem_reserved: 25002 MB, max_mem_allocated: 13718 MB
[2025/11/10 14:08:09] ppocr INFO: epoch: [6/20], global_step: 5920, lr: 0.000279, acc: 0.671232, norm_edit_dis: 0.939854, CTCLoss: 2.392408, NRTRLoss: 1.381672, loss: 3.774080, avg_reader_cost: 0.00289 s, avg_batch_cost: 0.62402 s, avg_samples: 93.8, ips: 150.31450 samples/s, eta: 2:52:50, max_mem_reserved: 25002 MB, max_mem_allocated: 13718 MB
[2025/11/10 14:08:15] ppocr INFO: epoch: [6/20], global_step: 5930, lr: 0.000278, acc: 0.694118, norm_edit_dis: 0.937255, CTCLoss: 2.296091, NRTRLoss: 1.368244, loss: 3.659378, avg_reader_cost: 0.00291 s, avg_batch_cost: 0.63183 s, avg_samples: 95.8, ips: 151.62222 samples/s, eta: 2:52:43, max_mem_reserved: 25002 MB, max_mem_allocated: 13718 MB
[2025/11/10 14:08:22] ppocr INFO: epoch: [6/20], global_step: 5940, lr: 0.000278, acc: 0.684926, norm_edit_dis: 0.937548, CTCLoss: 2.501279, NRTRLoss: 1.372369, loss: 3.869703, avg_reader_cost: 0.00286 s, avg_batch_cost: 0.62694 s, avg_samples: 78.9, ips: 125.84895 samples/s, eta: 2:52:36, max_mem_reserved: 25002 MB, max_mem_allocated: 13718 MB
[2025/11/10 14:08:28] ppocr INFO: epoch: [6/20], global_step: 5950, lr: 0.000278, acc: 0.664062, norm_edit_dis: 0.937983, CTCLoss: 2.671358, NRTRLoss: 1.381864, loss: 4.046662, avg_reader_cost: 0.00291 s, avg_batch_cost: 0.66332 s, avg_samples: 98.1, ips: 147.89131 samples/s, eta: 2:52:29, max_mem_reserved: 25002 MB, max_mem_allocated: 13718 MB
[2025/11/10 14:08:35] ppocr INFO: epoch: [6/20], global_step: 5960, lr: 0.000278, acc: 0.659467, norm_edit_dis: 0.936287, CTCLoss: 2.677221, NRTRLoss: 1.383979, loss: 4.056450, avg_reader_cost: 0.00284 s, avg_batch_cost: 0.65528 s, avg_samples: 100.1, ips: 152.76013 samples/s, eta: 2:52:23, max_mem_reserved: 25002 MB, max_mem_allocated: 13718 MB
[2025/11/10 14:08:41] ppocr INFO: epoch: [6/20], global_step: 5970, lr: 0.000278, acc: 0.687500, norm_edit_dis: 0.950040, CTCLoss: 2.091000, NRTRLoss: 1.370266, loss: 3.459737, avg_reader_cost: 0.00287 s, avg_batch_cost: 0.58323 s, avg_samples: 76.7, ips: 131.50850 samples/s, eta: 2:52:14, max_mem_reserved: 25002 MB, max_mem_allocated: 13718 MB
[2025/11/10 14:08:47] ppocr INFO: epoch: [6/20], global_step: 5980, lr: 0.000278, acc: 0.694118, norm_edit_dis: 0.948399, CTCLoss: 2.513926, NRTRLoss: 1.369768, loss: 3.871173, avg_reader_cost: 0.00286 s, avg_batch_cost: 0.66534 s, avg_samples: 102.2, ips: 153.60608 samples/s, eta: 2:52:08, max_mem_reserved: 25002 MB, max_mem_allocated: 13718 MB
[2025/11/10 14:08:54] ppocr INFO: epoch: [6/20], global_step: 5990, lr: 0.000278, acc: 0.676471, norm_edit_dis: 0.941687, CTCLoss: 2.667947, NRTRLoss: 1.374512, loss: 4.043010, avg_reader_cost: 0.00287 s, avg_batch_cost: 0.63773 s, avg_samples: 89.5, ips: 140.34101 samples/s, eta: 2:52:01, max_mem_reserved: 25002 MB, max_mem_allocated: 13718 MB
[2025/11/10 14:09:00] ppocr INFO: epoch: [6/20], global_step: 6000, lr: 0.000278, acc: 0.688235, norm_edit_dis: 0.944880, CTCLoss: 2.222837, NRTRLoss: 1.373945, loss: 3.599462, avg_reader_cost: 0.00287 s, avg_batch_cost: 0.61576 s, avg_samples: 87.3, ips: 141.77549 samples/s, eta: 2:51:53, max_mem_reserved: 25002 MB, max_mem_allocated: 13718 MB
[2025/11/10 14:09:34] ppocr INFO: cur metric, acc: 0.7741999992258001, norm_edit_dis: 0.9605194145576349, fps: 607.276879421912
[2025/11/10 14:09:37] ppocr INFO: save best model is to ./output/best_accuracy
[2025/11/10 14:09:37] ppocr INFO: best metric, acc: 0.7741999992258001, is_float16: False, norm_edit_dis: 0.9605194145576349, fps: 607.276879421912, best_epoch: 6
[2025/11/10 14:09:44] ppocr INFO: epoch: [6/20], global_step: 6010, lr: 0.000278, acc: 0.688235, norm_edit_dis: 0.947358, CTCLoss: 2.535655, NRTRLoss: 1.374951, loss: 3.904573, avg_reader_cost: 0.00287 s, avg_batch_cost: 0.68728 s, avg_samples: 95.9, ips: 139.53589 samples/s, eta: 2:51:48, max_mem_reserved: 25002 MB, max_mem_allocated: 13718 MB
[2025/11/10 14:09:50] ppocr INFO: epoch: [6/20], global_step: 6020, lr: 0.000277, acc: 0.722151, norm_edit_dis: 0.953155, CTCLoss: 2.361099, NRTRLoss: 1.366884, loss: 3.733856, avg_reader_cost: 0.00285 s, avg_batch_cost: 0.62101 s, avg_samples: 87.4, ips: 140.73862 samples/s, eta: 2:51:40, max_mem_reserved: 25002 MB, max_mem_allocated: 13718 MB
[2025/11/10 14:09:57] ppocr INFO: epoch: [6/20], global_step: 6030, lr: 0.000277, acc: 0.658823, norm_edit_dis: 0.949057, CTCLoss: 2.411673, NRTRLoss: 1.376849, loss: 3.786198, avg_reader_cost: 0.00291 s, avg_batch_cost: 0.67204 s, avg_samples: 98.0, ips: 145.82557 samples/s, eta: 2:51:34, max_mem_reserved: 25002 MB, max_mem_allocated: 13718 MB
[2025/11/10 14:10:03] ppocr INFO: epoch: [6/20], global_step: 6040, lr: 0.000277, acc: 0.658823, norm_edit_dis: 0.949853, CTCLoss: 2.577217, NRTRLoss: 1.380252, loss: 3.958116, avg_reader_cost: 0.00288 s, avg_batch_cost: 0.64300 s, avg_samples: 93.8, ips: 145.87885 samples/s, eta: 2:51:27, max_mem_reserved: 25002 MB, max_mem_allocated: 13718 MB
[2025/11/10 14:10:09] ppocr INFO: epoch: [6/20], global_step: 6050, lr: 0.000277, acc: 0.718750, norm_edit_dis: 0.951815, CTCLoss: 2.324494, NRTRLoss: 1.376391, loss: 3.684900, avg_reader_cost: 0.00333 s, avg_batch_cost: 0.64436 s, avg_samples: 93.8, ips: 145.57132 samples/s, eta: 2:51:20, max_mem_reserved: 25002 MB, max_mem_allocated: 13718 MB
[2025/11/10 14:10:16] ppocr INFO: epoch: [6/20], global_step: 6060, lr: 0.000277, acc: 0.718750, norm_edit_dis: 0.952786, CTCLoss: 2.300646, NRTRLoss: 1.372482, loss: 3.672180, avg_reader_cost: 0.00290 s, avg_batch_cost: 0.62087 s, avg_samples: 81.0, ips: 130.46192 samples/s, eta: 2:51:13, max_mem_reserved: 25002 MB, max_mem_allocated: 13718 MB
[2025/11/10 14:10:22] ppocr INFO: epoch: [6/20], global_step: 6070, lr: 0.000277, acc: 0.690809, norm_edit_dis: 0.949844, CTCLoss: 2.271616, NRTRLoss: 1.371366, loss: 3.653342, avg_reader_cost: 0.00286 s, avg_batch_cost: 0.66707 s, avg_samples: 100.1, ips: 150.05844 samples/s, eta: 2:51:06, max_mem_reserved: 25002 MB, max_mem_allocated: 13718 MB
[2025/11/10 14:10:29] ppocr INFO: epoch: [6/20], global_step: 6080, lr: 0.000277, acc: 0.645772, norm_edit_dis: 0.941997, CTCLoss: 2.428230, NRTRLoss: 1.376019, loss: 3.805167, avg_reader_cost: 0.00288 s, avg_batch_cost: 0.62336 s, avg_samples: 89.5, ips: 143.57736 samples/s, eta: 2:50:59, max_mem_reserved: 25002 MB, max_mem_allocated: 13718 MB
[2025/11/10 14:10:35] ppocr INFO: epoch: [6/20], global_step: 6090, lr: 0.000277, acc: 0.671232, norm_edit_dis: 0.950037, CTCLoss: 2.389719, NRTRLoss: 1.371629, loss: 3.775215, avg_reader_cost: 0.00291 s, avg_batch_cost: 0.61755 s, avg_samples: 85.2, ips: 137.96504 samples/s, eta: 2:50:52, max_mem_reserved: 25002 MB, max_mem_allocated: 13718 MB
[2025/11/10 14:10:41] ppocr INFO: epoch: [6/20], global_step: 6100, lr: 0.000277, acc: 0.705882, norm_edit_dis: 0.945309, CTCLoss: 2.335605, NRTRLoss: 1.378069, loss: 3.711530, avg_reader_cost: 0.00286 s, avg_batch_cost: 0.66004 s, avg_samples: 89.5, ips: 135.59837 samples/s, eta: 2:50:45, max_mem_reserved: 25002 MB, max_mem_allocated: 13718 MB
[2025/11/10 14:11:16] ppocr INFO: cur metric, acc: 0.780999999219, norm_edit_dis: 0.9637562085955325, fps: 602.2345474965435
[2025/11/10 14:11:19] ppocr INFO: save best model is to ./output/best_accuracy
[2025/11/10 14:11:19] ppocr INFO: best metric, acc: 0.780999999219, is_float16: False, norm_edit_dis: 0.9637562085955325, fps: 602.2345474965435, best_epoch: 6
[2025/11/10 14:11:25] ppocr INFO: epoch: [6/20], global_step: 6110, lr: 0.000276, acc: 0.690809, norm_edit_dis: 0.941361, CTCLoss: 2.642918, NRTRLoss: 1.388881, loss: 4.033412, avg_reader_cost: 0.00295 s, avg_batch_cost: 0.64046 s, avg_samples: 87.4, ips: 136.46357 samples/s, eta: 2:50:38, max_mem_reserved: 25002 MB, max_mem_allocated: 13718 MB
[2025/11/10 14:11:31] ppocr INFO: epoch: [6/20], global_step: 6120, lr: 0.000276, acc: 0.656250, norm_edit_dis: 0.941296, CTCLoss: 2.689067, NRTRLoss: 1.382635, loss: 4.080830, avg_reader_cost: 0.00330 s, avg_batch_cost: 0.63384 s, avg_samples: 91.6, ips: 144.51566 samples/s, eta: 2:50:31, max_mem_reserved: 25002 MB, max_mem_allocated: 13718 MB
[2025/11/10 14:11:38] ppocr INFO: epoch: [6/20], global_step: 6130, lr: 0.000276, acc: 0.632077, norm_edit_dis: 0.934485, CTCLoss: 3.568458, NRTRLoss: 1.384270, loss: 4.964456, avg_reader_cost: 0.00278 s, avg_batch_cost: 0.64570 s, avg_samples: 102.3, ips: 158.43336 samples/s, eta: 2:50:24, max_mem_reserved: 25002 MB, max_mem_allocated: 13718 MB
[2025/11/10 14:11:45] ppocr INFO: epoch: [6/20], global_step: 6140, lr: 0.000276, acc: 0.589844, norm_edit_dis: 0.917059, CTCLoss: 3.886083, NRTRLoss: 1.394858, loss: 5.276984, avg_reader_cost: 0.00275 s, avg_batch_cost: 0.67414 s, avg_samples: 98.1, ips: 145.51832 samples/s, eta: 2:50:18, max_mem_reserved: 25002 MB, max_mem_allocated: 13718 MB
[2025/11/10 14:11:51] ppocr INFO: epoch: [6/20], global_step: 6150, lr: 0.000276, acc: 0.657537, norm_edit_dis: 0.940715, CTCLoss: 2.823410, NRTRLoss: 1.390031, loss: 4.217930, avg_reader_cost: 0.00279 s, avg_batch_cost: 0.62863 s, avg_samples: 85.2, ips: 135.53290 samples/s, eta: 2:50:11, max_mem_reserved: 25002 MB, max_mem_allocated: 13718 MB
[2025/11/10 14:11:57] ppocr INFO: epoch: [6/20], global_step: 6160, lr: 0.000276, acc: 0.700000, norm_edit_dis: 0.938797, CTCLoss: 2.567618, NRTRLoss: 1.388814, loss: 3.957688, avg_reader_cost: 0.00278 s, avg_batch_cost: 0.63526 s, avg_samples: 85.2, ips: 134.11819 samples/s, eta: 2:50:04, max_mem_reserved: 25002 MB, max_mem_allocated: 13718 MB
[2025/11/10 14:12:04] ppocr INFO: epoch: [6/20], global_step: 6170, lr: 0.000276, acc: 0.698621, norm_edit_dis: 0.941684, CTCLoss: 2.434511, NRTRLoss: 1.375600, loss: 3.802562, avg_reader_cost: 0.00277 s, avg_batch_cost: 0.62369 s, avg_samples: 83.1, ips: 133.23873 samples/s, eta: 2:49:56, max_mem_reserved: 25002 MB, max_mem_allocated: 13718 MB
[2025/11/10 14:12:10] ppocr INFO: epoch: [6/20], global_step: 6180, lr: 0.000276, acc: 0.684926, norm_edit_dis: 0.944280, CTCLoss: 2.427681, NRTRLoss: 1.376904, loss: 3.800279, avg_reader_cost: 0.00277 s, avg_batch_cost: 0.66638 s, avg_samples: 93.7, ips: 140.61112 samples/s, eta: 2:49:50, max_mem_reserved: 25002 MB, max_mem_allocated: 13718 MB
[2025/11/10 14:12:17] ppocr INFO: epoch: [6/20], global_step: 6190, lr: 0.000275, acc: 0.682353, norm_edit_dis: 0.941057, CTCLoss: 2.502913, NRTRLoss: 1.385607, loss: 3.885823, avg_reader_cost: 0.00282 s, avg_batch_cost: 0.64821 s, avg_samples: 93.8, ips: 144.70570 samples/s, eta: 2:49:43, max_mem_reserved: 25002 MB, max_mem_allocated: 13718 MB
[2025/11/10 14:12:23] ppocr INFO: epoch: [6/20], global_step: 6200, lr: 0.000275, acc: 0.684926, norm_edit_dis: 0.943873, CTCLoss: 2.574662, NRTRLoss: 1.378966, loss: 3.958366, avg_reader_cost: 0.00296 s, avg_batch_cost: 0.63292 s, avg_samples: 89.5, ips: 141.40757 samples/s, eta: 2:49:36, max_mem_reserved: 25002 MB, max_mem_allocated: 13718 MB
[2025/11/10 14:12:58] ppocr INFO: cur metric, acc: 0.7668999992331, norm_edit_dis: 0.9620925451316058, fps: 602.6468301702104
[2025/11/10 14:12:58] ppocr INFO: best metric, acc: 0.780999999219, is_float16: False, norm_edit_dis: 0.9637562085955325, fps: 602.2345474965435, best_epoch: 6
[2025/11/10 14:13:04] ppocr INFO: epoch: [6/20], global_step: 6210, lr: 0.000275, acc: 0.653676, norm_edit_dis: 0.939767, CTCLoss: 2.718249, NRTRLoss: 1.385215, loss: 4.105312, avg_reader_cost: 0.00297 s, avg_batch_cost: 0.67068 s, avg_samples: 102.3, ips: 152.53116 samples/s, eta: 2:49:30, max_mem_reserved: 25002 MB, max_mem_allocated: 13718 MB
[2025/11/10 14:13:11] ppocr INFO: epoch: [6/20], global_step: 6220, lr: 0.000275, acc: 0.557766, norm_edit_dis: 0.928825, CTCLoss: 3.212623, NRTRLoss: 1.389127, loss: 4.601749, avg_reader_cost: 0.00294 s, avg_batch_cost: 0.67194 s, avg_samples: 100.2, ips: 149.12089 samples/s, eta: 2:49:24, max_mem_reserved: 25002 MB, max_mem_allocated: 13718 MB
[2025/11/10 14:13:17] ppocr INFO: epoch: [6/20], global_step: 6230, lr: 0.000275, acc: 0.677114, norm_edit_dis: 0.955007, CTCLoss: 2.108199, NRTRLoss: 1.370455, loss: 3.479883, avg_reader_cost: 0.00288 s, avg_batch_cost: 0.62058 s, avg_samples: 85.3, ips: 137.45197 samples/s, eta: 2:49:16, max_mem_reserved: 25002 MB, max_mem_allocated: 13718 MB
[2025/11/10 14:13:24] ppocr INFO: epoch: [6/20], global_step: 6240, lr: 0.000275, acc: 0.703125, norm_edit_dis: 0.949705, CTCLoss: 2.072604, NRTRLoss: 1.369680, loss: 3.438616, avg_reader_cost: 0.00292 s, avg_batch_cost: 0.62127 s, avg_samples: 89.4, ips: 143.89980 samples/s, eta: 2:49:09, max_mem_reserved: 25002 MB, max_mem_allocated: 13718 MB
[2025/11/10 14:13:30] ppocr INFO: epoch: [6/20], global_step: 6250, lr: 0.000275, acc: 0.695312, norm_edit_dis: 0.941366, CTCLoss: 2.445643, NRTRLoss: 1.374982, loss: 3.809202, avg_reader_cost: 0.00287 s, avg_batch_cost: 0.67087 s, avg_samples: 91.7, ips: 136.68718 samples/s, eta: 2:49:03, max_mem_reserved: 25002 MB, max_mem_allocated: 13718 MB
[2025/11/10 14:13:36] ppocr INFO: epoch: [6/20], global_step: 6260, lr: 0.000275, acc: 0.655607, norm_edit_dis: 0.938498, CTCLoss: 2.783276, NRTRLoss: 1.390904, loss: 4.174180, avg_reader_cost: 0.00293 s, avg_batch_cost: 0.62573 s, avg_samples: 87.3, ips: 139.51709 samples/s, eta: 2:48:56, max_mem_reserved: 25002 MB, max_mem_allocated: 13718 MB
[2025/11/10 14:13:43] ppocr INFO: epoch: [6/20], global_step: 6270, lr: 0.000275, acc: 0.649724, norm_edit_dis: 0.939583, CTCLoss: 2.675302, NRTRLoss: 1.386391, loss: 4.069640, avg_reader_cost: 0.00283 s, avg_batch_cost: 0.60644 s, avg_samples: 85.2, ips: 140.49226 samples/s, eta: 2:48:48, max_mem_reserved: 25002 MB, max_mem_allocated: 13718 MB
[2025/11/10 14:13:49] ppocr INFO: epoch: [6/20], global_step: 6280, lr: 0.000274, acc: 0.632077, norm_edit_dis: 0.936208, CTCLoss: 2.733213, NRTRLoss: 1.389773, loss: 4.105039, avg_reader_cost: 0.00287 s, avg_batch_cost: 0.66161 s, avg_samples: 95.9, ips: 144.94900 samples/s, eta: 2:48:41, max_mem_reserved: 25002 MB, max_mem_allocated: 13718 MB
[2025/11/10 14:13:56] ppocr INFO: epoch: [6/20], global_step: 6290, lr: 0.000274, acc: 0.647059, norm_edit_dis: 0.934990, CTCLoss: 2.861867, NRTRLoss: 1.398452, loss: 4.258993, avg_reader_cost: 0.00286 s, avg_batch_cost: 0.64056 s, avg_samples: 87.4, ips: 136.44344 samples/s, eta: 2:48:34, max_mem_reserved: 25002 MB, max_mem_allocated: 13718 MB
[2025/11/10 14:14:02] ppocr INFO: epoch: [6/20], global_step: 6300, lr: 0.000274, acc: 0.658823, norm_edit_dis: 0.940687, CTCLoss: 2.576597, NRTRLoss: 1.389124, loss: 3.962786, avg_reader_cost: 0.00286 s, avg_batch_cost: 0.64935 s, avg_samples: 95.9, ips: 147.68640 samples/s, eta: 2:48:28, max_mem_reserved: 25002 MB, max_mem_allocated: 13718 MB
[2025/11/10 14:14:36] ppocr INFO: cur metric, acc: 0.7591999992408001, norm_edit_dis: 0.9584987436460592, fps: 596.7306792959151
[2025/11/10 14:14:36] ppocr INFO: best metric, acc: 0.780999999219, is_float16: False, norm_edit_dis: 0.9637562085955325, fps: 602.2345474965435, best_epoch: 6
[2025/11/10 14:14:43] ppocr INFO: epoch: [6/20], global_step: 6310, lr: 0.000274, acc: 0.658823, norm_edit_dis: 0.947599, CTCLoss: 2.494258, NRTRLoss: 1.375635, loss: 3.865064, avg_reader_cost: 0.00297 s, avg_batch_cost: 0.64175 s, avg_samples: 93.7, ips: 146.00663 samples/s, eta: 2:48:21, max_mem_reserved: 25002 MB, max_mem_allocated: 13718 MB
[2025/11/10 14:14:49] ppocr INFO: epoch: [6/20], global_step: 6320, lr: 0.000274, acc: 0.673162, norm_edit_dis: 0.949367, CTCLoss: 2.470040, NRTRLoss: 1.377835, loss: 3.854904, avg_reader_cost: 0.00295 s, avg_batch_cost: 0.62594 s, avg_samples: 83.1, ips: 132.75946 samples/s, eta: 2:48:14, max_mem_reserved: 25002 MB, max_mem_allocated: 13718 MB
[2025/11/10 14:14:56] ppocr INFO: epoch: [6/20], global_step: 6330, lr: 0.000274, acc: 0.623529, norm_edit_dis: 0.929710, CTCLoss: 2.876991, NRTRLoss: 1.413205, loss: 4.304633, avg_reader_cost: 0.00370 s, avg_batch_cost: 0.69649 s, avg_samples: 100.1, ips: 143.72084 samples/s, eta: 2:48:08, max_mem_reserved: 25002 MB, max_mem_allocated: 13718 MB
[2025/11/10 14:15:02] ppocr INFO: epoch: [6/20], global_step: 6340, lr: 0.000274, acc: 0.563603, norm_edit_dis: 0.919910, CTCLoss: 3.580899, NRTRLoss: 1.419719, loss: 4.992215, avg_reader_cost: 0.00294 s, avg_batch_cost: 0.64942 s, avg_samples: 98.1, ips: 151.05889 samples/s, eta: 2:48:01, max_mem_reserved: 25002 MB, max_mem_allocated: 13718 MB
[2025/11/10 14:15:09] ppocr INFO: epoch: [6/20], global_step: 6350, lr: 0.000274, acc: 0.581250, norm_edit_dis: 0.919880, CTCLoss: 4.089985, NRTRLoss: 1.411316, loss: 5.499141, avg_reader_cost: 0.00291 s, avg_batch_cost: 0.68755 s, avg_samples: 106.5, ips: 154.89837 samples/s, eta: 2:47:56, max_mem_reserved: 25002 MB, max_mem_allocated: 13718 MB
[2025/11/10 14:15:15] ppocr INFO: epoch: [6/20], global_step: 6360, lr: 0.000273, acc: 0.612500, norm_edit_dis: 0.929762, CTCLoss: 3.561454, NRTRLoss: 1.409613, loss: 4.963520, avg_reader_cost: 0.00292 s, avg_batch_cost: 0.61017 s, avg_samples: 85.3, ips: 139.79686 samples/s, eta: 2:47:48, max_mem_reserved: 25002 MB, max_mem_allocated: 13718 MB
[2025/11/10 14:15:21] ppocr INFO: epoch: [6/20], global_step: 6370, lr: 0.000273, acc: 0.637959, norm_edit_dis: 0.938678, CTCLoss: 2.886678, NRTRLoss: 1.388130, loss: 4.275131, avg_reader_cost: 0.00291 s, avg_batch_cost: 0.59372 s, avg_samples: 78.8, ips: 132.72240 samples/s, eta: 2:47:40, max_mem_reserved: 25002 MB, max_mem_allocated: 13718 MB
[2025/11/10 14:15:28] ppocr INFO: epoch: [6/20], global_step: 6380, lr: 0.000273, acc: 0.617647, norm_edit_dis: 0.938622, CTCLoss: 2.706799, NRTRLoss: 1.383131, loss: 4.084236, avg_reader_cost: 0.00293 s, avg_batch_cost: 0.66122 s, avg_samples: 95.9, ips: 145.03493 samples/s, eta: 2:47:33, max_mem_reserved: 25002 MB, max_mem_allocated: 13718 MB
[2025/11/10 14:15:35] ppocr INFO: epoch: [6/20], global_step: 6390, lr: 0.000273, acc: 0.592923, norm_edit_dis: 0.928584, CTCLoss: 2.918544, NRTRLoss: 1.388352, loss: 4.294890, avg_reader_cost: 0.00292 s, avg_batch_cost: 0.65283 s, avg_samples: 91.7, ips: 140.46593 samples/s, eta: 2:47:27, max_mem_reserved: 25002 MB, max_mem_allocated: 13718 MB
[2025/11/10 14:15:41] ppocr INFO: epoch: [6/20], global_step: 6400, lr: 0.000273, acc: 0.632812, norm_edit_dis: 0.937018, CTCLoss: 2.664101, NRTRLoss: 1.382762, loss: 4.052453, avg_reader_cost: 0.00293 s, avg_batch_cost: 0.60879 s, avg_samples: 81.0, ips: 133.05188 samples/s, eta: 2:47:19, max_mem_reserved: 25002 MB, max_mem_allocated: 13718 MB
[2025/11/10 14:16:15] ppocr INFO: cur metric, acc: 0.7552999992447, norm_edit_dis: 0.9607805261110873, fps: 600.6123883493594
[2025/11/10 14:16:15] ppocr INFO: best metric, acc: 0.780999999219, is_float16: False, norm_edit_dis: 0.9637562085955325, fps: 602.2345474965435, best_epoch: 6
[2025/11/10 14:16:22] ppocr INFO: epoch: [6/20], global_step: 6410, lr: 0.000273, acc: 0.648437, norm_edit_dis: 0.940388, CTCLoss: 2.967516, NRTRLoss: 1.388541, loss: 4.342592, avg_reader_cost: 0.00380 s, avg_batch_cost: 0.70510 s, avg_samples: 106.5, ips: 151.04333 samples/s, eta: 2:47:14, max_mem_reserved: 25002 MB, max_mem_allocated: 13718 MB
[2025/11/10 14:16:29] ppocr INFO: epoch: [6/20], global_step: 6420, lr: 0.000273, acc: 0.589062, norm_edit_dis: 0.926194, CTCLoss: 3.225679, NRTRLoss: 1.413380, loss: 4.645062, avg_reader_cost: 0.00286 s, avg_batch_cost: 0.63224 s, avg_samples: 93.8, ips: 148.36168 samples/s, eta: 2:47:07, max_mem_reserved: 25002 MB, max_mem_allocated: 13718 MB
[2025/11/10 14:16:35] ppocr INFO: epoch: [6/20], global_step: 6430, lr: 0.000273, acc: 0.637959, norm_edit_dis: 0.929060, CTCLoss: 3.225679, NRTRLoss: 1.401042, loss: 4.645062, avg_reader_cost: 0.00287 s, avg_batch_cost: 0.64324 s, avg_samples: 91.6, ips: 142.40390 samples/s, eta: 2:47:00, max_mem_reserved: 25002 MB, max_mem_allocated: 13718 MB
[2025/11/10 14:16:41] ppocr INFO: epoch: [6/20], global_step: 6440, lr: 0.000272, acc: 0.647059, norm_edit_dis: 0.933168, CTCLoss: 2.858622, NRTRLoss: 1.388842, loss: 4.234214, avg_reader_cost: 0.00289 s, avg_batch_cost: 0.63787 s, avg_samples: 100.1, ips: 156.92926 samples/s, eta: 2:46:53, max_mem_reserved: 25002 MB, max_mem_allocated: 13718 MB
[2025/11/10 14:16:48] ppocr INFO: epoch: [6/20], global_step: 6450, lr: 0.000272, acc: 0.645772, norm_edit_dis: 0.934677, CTCLoss: 2.774737, NRTRLoss: 1.388003, loss: 4.152277, avg_reader_cost: 0.00286 s, avg_batch_cost: 0.64794 s, avg_samples: 91.6, ips: 141.37108 samples/s, eta: 2:46:46, max_mem_reserved: 25002 MB, max_mem_allocated: 13718 MB
[2025/11/10 14:16:55] ppocr INFO: epoch: [6/20], global_step: 6460, lr: 0.000272, acc: 0.606709, norm_edit_dis: 0.934318, CTCLoss: 2.598886, NRTRLoss: 1.387541, loss: 3.990112, avg_reader_cost: 0.00288 s, avg_batch_cost: 0.66723 s, avg_samples: 100.2, ips: 150.17380 samples/s, eta: 2:46:40, max_mem_reserved: 25002 MB, max_mem_allocated: 13718 MB
[2025/11/10 14:17:01] ppocr INFO: epoch: [6/20], global_step: 6470, lr: 0.000272, acc: 0.523437, norm_edit_dis: 0.908950, CTCLoss: 3.692824, NRTRLoss: 1.412098, loss: 5.102781, avg_reader_cost: 0.00328 s, avg_batch_cost: 0.67073 s, avg_samples: 110.9, ips: 165.34184 samples/s, eta: 2:46:34, max_mem_reserved: 25002 MB, max_mem_allocated: 13718 MB
[2025/11/10 14:17:08] ppocr INFO: epoch: [6/20], global_step: 6480, lr: 0.000272, acc: 0.535156, norm_edit_dis: 0.904012, CTCLoss: 3.908754, NRTRLoss: 1.417863, loss: 5.318583, avg_reader_cost: 0.00323 s, avg_batch_cost: 0.67296 s, avg_samples: 104.5, ips: 155.28337 samples/s, eta: 2:46:28, max_mem_reserved: 25002 MB, max_mem_allocated: 13718 MB
[2025/11/10 14:17:15] ppocr INFO: epoch: [6/20], global_step: 6490, lr: 0.000272, acc: 0.643842, norm_edit_dis: 0.912992, CTCLoss: 3.363824, NRTRLoss: 1.397695, loss: 4.771661, avg_reader_cost: 0.00345 s, avg_batch_cost: 0.64581 s, avg_samples: 91.6, ips: 141.83792 samples/s, eta: 2:46:21, max_mem_reserved: 25002 MB, max_mem_allocated: 13718 MB
[2025/11/10 14:17:21] ppocr INFO: epoch: [6/20], global_step: 6500, lr: 0.000272, acc: 0.617187, norm_edit_dis: 0.918975, CTCLoss: 3.363824, NRTRLoss: 1.401545, loss: 4.771661, avg_reader_cost: 0.00283 s, avg_batch_cost: 0.67969 s, avg_samples: 110.9, ips: 163.16251 samples/s, eta: 2:46:15, max_mem_reserved: 25002 MB, max_mem_allocated: 13718 MB
[2025/11/10 14:17:56] ppocr INFO: cur metric, acc: 0.70999999929, norm_edit_dis: 0.9555213104580389, fps: 593.4756342495066
[2025/11/10 14:17:56] ppocr INFO: best metric, acc: 0.780999999219, is_float16: False, norm_edit_dis: 0.9637562085955325, fps: 602.2345474965435, best_epoch: 6
[2025/11/10 14:18:02] ppocr INFO: epoch: [6/20], global_step: 6510, lr: 0.000272, acc: 0.626287, norm_edit_dis: 0.937871, CTCLoss: 2.621801, NRTRLoss: 1.380547, loss: 4.014142, avg_reader_cost: 0.00291 s, avg_batch_cost: 0.62588 s, avg_samples: 83.1, ips: 132.77264 samples/s, eta: 2:46:08, max_mem_reserved: 25002 MB, max_mem_allocated: 13718 MB
[2025/11/10 14:18:06] ppocr INFO: epoch: [6/20], global_step: 6516, lr: 0.000271, acc: 0.664706, norm_edit_dis: 0.939256, CTCLoss: 2.621801, NRTRLoss: 1.378328, loss: 4.014142, avg_reader_cost: 0.00171 s, avg_batch_cost: 0.38438 s, avg_samples: 53.3, ips: 138.66416 samples/s, eta: 2:46:03, max_mem_reserved: 25002 MB, max_mem_allocated: 13718 MB
[2025/11/10 14:18:08] ppocr INFO: save model in ./output/latest
[2025/11/10 14:18:09] ppocr INFO: save model in ./output/iter_epoch_6
[2025/11/10 14:18:13] ppocr INFO: epoch: [7/20], global_step: 6520, lr: 0.000271, acc: 0.679687, norm_edit_dis: 0.948819, CTCLoss: 2.178506, NRTRLoss: 1.373951, loss: 3.559810, avg_reader_cost: 0.50502 s, avg_batch_cost: 0.76199 s, avg_samples: 38.3, ips: 50.26294 samples/s, eta: 2:46:12, max_mem_reserved: 25002 MB, max_mem_allocated: 13718 MB
[2025/11/10 14:18:20] ppocr INFO: epoch: [7/20], global_step: 6530, lr: 0.000271, acc: 0.671232, norm_edit_dis: 0.942704, CTCLoss: 2.579665, NRTRLoss: 1.383496, loss: 3.959191, avg_reader_cost: 0.00323 s, avg_batch_cost: 0.68256 s, avg_samples: 102.3, ips: 149.87659 samples/s, eta: 2:46:06, max_mem_reserved: 25002 MB, max_mem_allocated: 13718 MB
[2025/11/10 14:18:26] ppocr INFO: epoch: [7/20], global_step: 6540, lr: 0.000271, acc: 0.679044, norm_edit_dis: 0.942960, CTCLoss: 2.366220, NRTRLoss: 1.378992, loss: 3.737655, avg_reader_cost: 0.00285 s, avg_batch_cost: 0.58966 s, avg_samples: 76.7, ips: 130.07585 samples/s, eta: 2:45:58, max_mem_reserved: 25002 MB, max_mem_allocated: 13718 MB
[2025/11/10 14:18:32] ppocr INFO: epoch: [7/20], global_step: 6550, lr: 0.000271, acc: 0.698621, norm_edit_dis: 0.950780, CTCLoss: 2.021078, NRTRLoss: 1.372707, loss: 3.386054, avg_reader_cost: 0.00287 s, avg_batch_cost: 0.62402 s, avg_samples: 83.1, ips: 133.16929 samples/s, eta: 2:45:51, max_mem_reserved: 25002 MB, max_mem_allocated: 13718 MB
[2025/11/10 14:18:40] ppocr INFO: epoch: [7/20], global_step: 6560, lr: 0.000271, acc: 0.679044, norm_edit_dis: 0.941716, CTCLoss: 2.734553, NRTRLoss: 1.381196, loss: 4.120587, avg_reader_cost: 0.00337 s, avg_batch_cost: 0.71608 s, avg_samples: 108.8, ips: 151.93918 samples/s, eta: 2:45:46, max_mem_reserved: 25002 MB, max_mem_allocated: 13718 MB
[2025/11/10 14:18:46] ppocr INFO: epoch: [7/20], global_step: 6570, lr: 0.000271, acc: 0.554687, norm_edit_dis: 0.919304, CTCLoss: 3.371526, NRTRLoss: 1.402632, loss: 4.764291, avg_reader_cost: 0.00289 s, avg_batch_cost: 0.67723 s, avg_samples: 106.6, ips: 157.40603 samples/s, eta: 2:45:40, max_mem_reserved: 25002 MB, max_mem_allocated: 13718 MB
[2025/11/10 14:18:53] ppocr INFO: epoch: [7/20], global_step: 6580, lr: 0.000271, acc: 0.613281, norm_edit_dis: 0.925766, CTCLoss: 3.354882, NRTRLoss: 1.393797, loss: 4.755299, avg_reader_cost: 0.00287 s, avg_batch_cost: 0.68090 s, avg_samples: 104.4, ips: 153.32712 samples/s, eta: 2:45:34, max_mem_reserved: 25002 MB, max_mem_allocated: 13718 MB
[2025/11/10 14:18:59] ppocr INFO: epoch: [7/20], global_step: 6590, lr: 0.000271, acc: 0.705882, norm_edit_dis: 0.947791, CTCLoss: 2.577357, NRTRLoss: 1.372339, loss: 3.949696, avg_reader_cost: 0.00323 s, avg_batch_cost: 0.61331 s, avg_samples: 80.9, ips: 131.90815 samples/s, eta: 2:45:26, max_mem_reserved: 25002 MB, max_mem_allocated: 13718 MB
[2025/11/10 14:19:06] ppocr INFO: epoch: [7/20], global_step: 6600, lr: 0.000270, acc: 0.694118, norm_edit_dis: 0.942669, CTCLoss: 2.523915, NRTRLoss: 1.377487, loss: 3.906858, avg_reader_cost: 0.00286 s, avg_batch_cost: 0.64128 s, avg_samples: 95.9, ips: 149.54386 samples/s, eta: 2:45:19, max_mem_reserved: 25002 MB, max_mem_allocated: 13718 MB
[2025/11/10 14:19:41] ppocr INFO: cur metric, acc: 0.7755999992244, norm_edit_dis: 0.9630878031877086, fps: 577.3933967997874
[2025/11/10 14:19:41] ppocr INFO: best metric, acc: 0.780999999219, is_float16: False, norm_edit_dis: 0.9637562085955325, fps: 602.2345474965435, best_epoch: 6
[2025/11/10 14:19:47] ppocr INFO: epoch: [7/20], global_step: 6610, lr: 0.000270, acc: 0.682353, norm_edit_dis: 0.946716, CTCLoss: 2.321291, NRTRLoss: 1.375583, loss: 3.690786, avg_reader_cost: 0.00283 s, avg_batch_cost: 0.64994 s, avg_samples: 80.9, ips: 124.47209 samples/s, eta: 2:45:13, max_mem_reserved: 25002 MB, max_mem_allocated: 13718 MB
[2025/11/10 14:19:54] ppocr INFO: epoch: [7/20], global_step: 6620, lr: 0.000270, acc: 0.658823, norm_edit_dis: 0.947645, CTCLoss: 2.321291, NRTRLoss: 1.368451, loss: 3.690786, avg_reader_cost: 0.00281 s, avg_batch_cost: 0.64727 s, avg_samples: 95.9, ips: 148.15963 samples/s, eta: 2:45:06, max_mem_reserved: 25002 MB, max_mem_allocated: 13718 MB
[2025/11/10 14:20:00] ppocr INFO: epoch: [7/20], global_step: 6630, lr: 0.000270, acc: 0.676471, norm_edit_dis: 0.947666, CTCLoss: 2.141372, NRTRLoss: 1.364520, loss: 3.505956, avg_reader_cost: 0.00276 s, avg_batch_cost: 0.64112 s, avg_samples: 87.3, ips: 136.16813 samples/s, eta: 2:44:59, max_mem_reserved: 25002 MB, max_mem_allocated: 13718 MB
[2025/11/10 14:20:07] ppocr INFO: epoch: [7/20], global_step: 6640, lr: 0.000270, acc: 0.698621, norm_edit_dis: 0.947480, CTCLoss: 2.413684, NRTRLoss: 1.386720, loss: 3.800403, avg_reader_cost: 0.00284 s, avg_batch_cost: 0.67189 s, avg_samples: 98.1, ips: 146.00657 samples/s, eta: 2:44:53, max_mem_reserved: 25002 MB, max_mem_allocated: 13718 MB
[2025/11/10 14:20:13] ppocr INFO: epoch: [7/20], global_step: 6650, lr: 0.000270, acc: 0.658823, norm_edit_dis: 0.940222, CTCLoss: 2.594710, NRTRLoss: 1.383067, loss: 3.991264, avg_reader_cost: 0.00286 s, avg_batch_cost: 0.65460 s, avg_samples: 93.6, ips: 142.98858 samples/s, eta: 2:44:46, max_mem_reserved: 25002 MB, max_mem_allocated: 13718 MB
[2025/11/10 14:20:20] ppocr INFO: epoch: [7/20], global_step: 6660, lr: 0.000270, acc: 0.658823, norm_edit_dis: 0.944956, CTCLoss: 2.854311, NRTRLoss: 1.362621, loss: 4.227399, avg_reader_cost: 0.00295 s, avg_batch_cost: 0.66303 s, avg_samples: 104.5, ips: 157.60998 samples/s, eta: 2:44:40, max_mem_reserved: 25002 MB, max_mem_allocated: 13718 MB
[2025/11/10 14:20:26] ppocr INFO: epoch: [7/20], global_step: 6670, lr: 0.000269, acc: 0.554687, norm_edit_dis: 0.918938, CTCLoss: 3.330049, NRTRLoss: 1.399225, loss: 4.706165, avg_reader_cost: 0.00288 s, avg_batch_cost: 0.66512 s, avg_samples: 100.2, ips: 150.64978 samples/s, eta: 2:44:33, max_mem_reserved: 25002 MB, max_mem_allocated: 13718 MB
[2025/11/10 14:20:33] ppocr INFO: epoch: [7/20], global_step: 6680, lr: 0.000269, acc: 0.703125, norm_edit_dis: 0.945880, CTCLoss: 2.383303, NRTRLoss: 1.380874, loss: 3.752275, avg_reader_cost: 0.00282 s, avg_batch_cost: 0.61280 s, avg_samples: 81.0, ips: 132.18017 samples/s, eta: 2:44:26, max_mem_reserved: 25002 MB, max_mem_allocated: 13718 MB
[2025/11/10 14:20:39] ppocr INFO: epoch: [7/20], global_step: 6690, lr: 0.000269, acc: 0.703125, norm_edit_dis: 0.951300, CTCLoss: 2.448540, NRTRLoss: 1.373298, loss: 3.827816, avg_reader_cost: 0.00290 s, avg_batch_cost: 0.65168 s, avg_samples: 89.5, ips: 137.33730 samples/s, eta: 2:44:19, max_mem_reserved: 25002 MB, max_mem_allocated: 13718 MB
[2025/11/10 14:20:46] ppocr INFO: epoch: [7/20], global_step: 6700, lr: 0.000269, acc: 0.692739, norm_edit_dis: 0.950207, CTCLoss: 2.336661, NRTRLoss: 1.371172, loss: 3.712785, avg_reader_cost: 0.00329 s, avg_batch_cost: 0.64279 s, avg_samples: 91.5, ips: 142.34813 samples/s, eta: 2:44:12, max_mem_reserved: 25002 MB, max_mem_allocated: 13718 MB
[2025/11/10 14:21:21] ppocr INFO: cur metric, acc: 0.7871999992128, norm_edit_dis: 0.9656831424169238, fps: 576.8229267661811
[2025/11/10 14:21:23] ppocr INFO: save best model is to ./output/best_accuracy
[2025/11/10 14:21:23] ppocr INFO: best metric, acc: 0.7871999992128, is_float16: False, norm_edit_dis: 0.9656831424169238, fps: 576.8229267661811, best_epoch: 7
[2025/11/10 14:21:30] ppocr INFO: epoch: [7/20], global_step: 6710, lr: 0.000269, acc: 0.700000, norm_edit_dis: 0.951695, CTCLoss: 2.146722, NRTRLoss: 1.371172, loss: 3.512614, avg_reader_cost: 0.00337 s, avg_batch_cost: 0.66557 s, avg_samples: 89.5, ips: 134.47198 samples/s, eta: 2:44:06, max_mem_reserved: 25002 MB, max_mem_allocated: 13718 MB
[2025/11/10 14:21:36] ppocr INFO: epoch: [7/20], global_step: 6720, lr: 0.000269, acc: 0.690809, norm_edit_dis: 0.947802, CTCLoss: 2.213212, NRTRLoss: 1.374629, loss: 3.593420, avg_reader_cost: 0.00285 s, avg_batch_cost: 0.62058 s, avg_samples: 89.4, ips: 144.05991 samples/s, eta: 2:43:59, max_mem_reserved: 25002 MB, max_mem_allocated: 13718 MB
[2025/11/10 14:21:42] ppocr INFO: epoch: [7/20], global_step: 6730, lr: 0.000269, acc: 0.745588, norm_edit_dis: 0.949256, CTCLoss: 2.195525, NRTRLoss: 1.374909, loss: 3.593420, avg_reader_cost: 0.00284 s, avg_batch_cost: 0.62523 s, avg_samples: 91.6, ips: 146.50516 samples/s, eta: 2:43:51, max_mem_reserved: 25002 MB, max_mem_allocated: 13718 MB
[2025/11/10 14:21:49] ppocr INFO: epoch: [7/20], global_step: 6740, lr: 0.000269, acc: 0.705882, norm_edit_dis: 0.952667, CTCLoss: 1.929863, NRTRLoss: 1.373053, loss: 3.290312, avg_reader_cost: 0.00282 s, avg_batch_cost: 0.61486 s, avg_samples: 83.0, ips: 134.98994 samples/s, eta: 2:43:44, max_mem_reserved: 25002 MB, max_mem_allocated: 13718 MB
[2025/11/10 14:21:56] ppocr INFO: epoch: [7/20], global_step: 6750, lr: 0.000268, acc: 0.664706, norm_edit_dis: 0.942359, CTCLoss: 2.271653, NRTRLoss: 1.377231, loss: 3.645507, avg_reader_cost: 0.00285 s, avg_batch_cost: 0.69769 s, avg_samples: 108.7, ips: 155.79956 samples/s, eta: 2:43:38, max_mem_reserved: 25002 MB, max_mem_allocated: 13718 MB
[2025/11/10 14:22:02] ppocr INFO: epoch: [7/20], global_step: 6760, lr: 0.000268, acc: 0.658823, norm_edit_dis: 0.940850, CTCLoss: 2.926601, NRTRLoss: 1.368539, loss: 4.285138, avg_reader_cost: 0.00283 s, avg_batch_cost: 0.60108 s, avg_samples: 83.1, ips: 138.25068 samples/s, eta: 2:43:31, max_mem_reserved: 25002 MB, max_mem_allocated: 13718 MB
[2025/11/10 14:22:08] ppocr INFO: epoch: [7/20], global_step: 6770, lr: 0.000268, acc: 0.705882, norm_edit_dis: 0.947416, CTCLoss: 2.247076, NRTRLoss: 1.361535, loss: 3.600766, avg_reader_cost: 0.00284 s, avg_batch_cost: 0.61512 s, avg_samples: 87.4, ips: 142.08680 samples/s, eta: 2:43:23, max_mem_reserved: 25002 MB, max_mem_allocated: 13718 MB
[2025/11/10 14:22:14] ppocr INFO: epoch: [7/20], global_step: 6780, lr: 0.000268, acc: 0.718198, norm_edit_dis: 0.943944, CTCLoss: 1.973135, NRTRLoss: 1.375863, loss: 3.348998, avg_reader_cost: 0.00281 s, avg_batch_cost: 0.64846 s, avg_samples: 100.2, ips: 154.51913 samples/s, eta: 2:43:16, max_mem_reserved: 25002 MB, max_mem_allocated: 13718 MB
[2025/11/10 14:22:21] ppocr INFO: epoch: [7/20], global_step: 6790, lr: 0.000268, acc: 0.687500, norm_edit_dis: 0.940491, CTCLoss: 2.365335, NRTRLoss: 1.380839, loss: 3.743307, avg_reader_cost: 0.00325 s, avg_batch_cost: 0.63691 s, avg_samples: 95.9, ips: 150.57119 samples/s, eta: 2:43:09, max_mem_reserved: 25002 MB, max_mem_allocated: 13718 MB
[2025/11/10 14:22:27] ppocr INFO: epoch: [7/20], global_step: 6800, lr: 0.000268, acc: 0.704504, norm_edit_dis: 0.948332, CTCLoss: 2.436685, NRTRLoss: 1.370902, loss: 3.808846, avg_reader_cost: 0.00282 s, avg_batch_cost: 0.63384 s, avg_samples: 89.4, ips: 141.04405 samples/s, eta: 2:43:02, max_mem_reserved: 25002 MB, max_mem_allocated: 13718 MB
[2025/11/10 14:23:01] ppocr INFO: cur metric, acc: 0.7971999992028, norm_edit_dis: 0.9674526901826385, fps: 612.6990391679279
[2025/11/10 14:23:04] ppocr INFO: save best model is to ./output/best_accuracy
[2025/11/10 14:23:04] ppocr INFO: best metric, acc: 0.7971999992028, is_float16: False, norm_edit_dis: 0.9674526901826385, fps: 612.6990391679279, best_epoch: 7
[2025/11/10 14:23:10] ppocr INFO: epoch: [7/20], global_step: 6810, lr: 0.000268, acc: 0.729412, norm_edit_dis: 0.955348, CTCLoss: 2.495649, NRTRLoss: 1.364166, loss: 3.864547, avg_reader_cost: 0.00289 s, avg_batch_cost: 0.62187 s, avg_samples: 85.2, ips: 137.00593 samples/s, eta: 2:42:55, max_mem_reserved: 25002 MB, max_mem_allocated: 13718 MB
[2025/11/10 14:23:17] ppocr INFO: epoch: [7/20], global_step: 6820, lr: 0.000268, acc: 0.675184, norm_edit_dis: 0.944658, CTCLoss: 2.487699, NRTRLoss: 1.377740, loss: 3.843871, avg_reader_cost: 0.00285 s, avg_batch_cost: 0.67542 s, avg_samples: 100.2, ips: 148.35151 samples/s, eta: 2:42:49, max_mem_reserved: 25002 MB, max_mem_allocated: 13718 MB
[2025/11/10 14:23:23] ppocr INFO: epoch: [7/20], global_step: 6830, lr: 0.000267, acc: 0.645772, norm_edit_dis: 0.928316, CTCLoss: 2.632593, NRTRLoss: 1.385394, loss: 4.030156, avg_reader_cost: 0.00287 s, avg_batch_cost: 0.65918 s, avg_samples: 95.9, ips: 145.48304 samples/s, eta: 2:42:43, max_mem_reserved: 25002 MB, max_mem_allocated: 13718 MB
[2025/11/10 14:23:30] ppocr INFO: epoch: [7/20], global_step: 6840, lr: 0.000267, acc: 0.630147, norm_edit_dis: 0.927448, CTCLoss: 2.994567, NRTRLoss: 1.397563, loss: 4.378656, avg_reader_cost: 0.00288 s, avg_batch_cost: 0.66273 s, avg_samples: 98.1, ips: 148.02399 samples/s, eta: 2:42:36, max_mem_reserved: 25002 MB, max_mem_allocated: 13718 MB
[2025/11/10 14:23:36] ppocr INFO: epoch: [7/20], global_step: 6850, lr: 0.000267, acc: 0.729412, norm_edit_dis: 0.951206, CTCLoss: 2.760001, NRTRLoss: 1.368664, loss: 4.142449, avg_reader_cost: 0.00287 s, avg_batch_cost: 0.61726 s, avg_samples: 87.3, ips: 141.43073 samples/s, eta: 2:42:29, max_mem_reserved: 25002 MB, max_mem_allocated: 13718 MB
[2025/11/10 14:23:42] ppocr INFO: epoch: [7/20], global_step: 6860, lr: 0.000267, acc: 0.724081, norm_edit_dis: 0.948432, CTCLoss: 2.578117, NRTRLoss: 1.369063, loss: 3.963007, avg_reader_cost: 0.00286 s, avg_batch_cost: 0.63633 s, avg_samples: 95.9, ips: 150.70866 samples/s, eta: 2:42:22, max_mem_reserved: 25002 MB, max_mem_allocated: 13718 MB
[2025/11/10 14:23:49] ppocr INFO: epoch: [7/20], global_step: 6870, lr: 0.000267, acc: 0.700000, norm_edit_dis: 0.946871, CTCLoss: 2.374945, NRTRLoss: 1.376990, loss: 3.771556, avg_reader_cost: 0.00286 s, avg_batch_cost: 0.62321 s, avg_samples: 85.2, ips: 136.71127 samples/s, eta: 2:42:15, max_mem_reserved: 25002 MB, max_mem_allocated: 13718 MB
[2025/11/10 14:23:55] ppocr INFO: epoch: [7/20], global_step: 6880, lr: 0.000267, acc: 0.710386, norm_edit_dis: 0.954028, CTCLoss: 2.093211, NRTRLoss: 1.368768, loss: 3.452917, avg_reader_cost: 0.00289 s, avg_batch_cost: 0.63601 s, avg_samples: 89.5, ips: 140.72093 samples/s, eta: 2:42:08, max_mem_reserved: 25002 MB, max_mem_allocated: 13718 MB
[2025/11/10 14:24:02] ppocr INFO: epoch: [7/20], global_step: 6890, lr: 0.000267, acc: 0.698621, norm_edit_dis: 0.942262, CTCLoss: 2.516830, NRTRLoss: 1.382404, loss: 3.902978, avg_reader_cost: 0.00285 s, avg_batch_cost: 0.67163 s, avg_samples: 104.4, ips: 155.44252 samples/s, eta: 2:42:01, max_mem_reserved: 25002 MB, max_mem_allocated: 13718 MB
[2025/11/10 14:24:08] ppocr INFO: epoch: [7/20], global_step: 6900, lr: 0.000266, acc: 0.667371, norm_edit_dis: 0.933622, CTCLoss: 3.238107, NRTRLoss: 1.398972, loss: 4.646325, avg_reader_cost: 0.00288 s, avg_batch_cost: 0.63061 s, avg_samples: 89.5, ips: 141.92579 samples/s, eta: 2:41:54, max_mem_reserved: 25002 MB, max_mem_allocated: 13718 MB
[2025/11/10 14:24:44] ppocr INFO: cur metric, acc: 0.7838999992161, norm_edit_dis: 0.9645329470469431, fps: 592.1647597515048
[2025/11/10 14:24:44] ppocr INFO: best metric, acc: 0.7971999992028, is_float16: False, norm_edit_dis: 0.9674526901826385, fps: 612.6990391679279, best_epoch: 7
[2025/11/10 14:24:50] ppocr INFO: epoch: [7/20], global_step: 6910, lr: 0.000266, acc: 0.705882, norm_edit_dis: 0.940693, CTCLoss: 2.507914, NRTRLoss: 1.372759, loss: 3.877640, avg_reader_cost: 0.00293 s, avg_batch_cost: 0.63055 s, avg_samples: 89.5, ips: 141.93980 samples/s, eta: 2:41:47, max_mem_reserved: 25002 MB, max_mem_allocated: 13718 MB
[2025/11/10 14:24:56] ppocr INFO: epoch: [7/20], global_step: 6920, lr: 0.000266, acc: 0.717647, norm_edit_dis: 0.944630, CTCLoss: 2.182353, NRTRLoss: 1.366438, loss: 3.547947, avg_reader_cost: 0.00287 s, avg_batch_cost: 0.62292 s, avg_samples: 87.3, ips: 140.14626 samples/s, eta: 2:41:40, max_mem_reserved: 25002 MB, max_mem_allocated: 13718 MB
[2025/11/10 14:25:03] ppocr INFO: epoch: [7/20], global_step: 6930, lr: 0.000266, acc: 0.638051, norm_edit_dis: 0.927364, CTCLoss: 3.411945, NRTRLoss: 1.402317, loss: 4.821556, avg_reader_cost: 0.00287 s, avg_batch_cost: 0.73490 s, avg_samples: 117.3, ips: 159.61421 samples/s, eta: 2:41:35, max_mem_reserved: 25002 MB, max_mem_allocated: 13718 MB
[2025/11/10 14:25:10] ppocr INFO: epoch: [7/20], global_step: 6940, lr: 0.000266, acc: 0.585937, norm_edit_dis: 0.918563, CTCLoss: 3.501668, NRTRLoss: 1.395519, loss: 4.898418, avg_reader_cost: 0.00287 s, avg_batch_cost: 0.66463 s, avg_samples: 98.0, ips: 147.45083 samples/s, eta: 2:41:29, max_mem_reserved: 25002 MB, max_mem_allocated: 13718 MB
[2025/11/10 14:25:17] ppocr INFO: epoch: [7/20], global_step: 6950, lr: 0.000266, acc: 0.670588, norm_edit_dis: 0.945867, CTCLoss: 3.312760, NRTRLoss: 1.382677, loss: 4.700221, avg_reader_cost: 0.00338 s, avg_batch_cost: 0.68869 s, avg_samples: 104.4, ips: 151.59267 samples/s, eta: 2:41:23, max_mem_reserved: 25002 MB, max_mem_allocated: 13718 MB
[2025/11/10 14:25:23] ppocr INFO: epoch: [7/20], global_step: 6960, lr: 0.000266, acc: 0.700000, norm_edit_dis: 0.945919, CTCLoss: 2.688360, NRTRLoss: 1.377350, loss: 4.084277, avg_reader_cost: 0.00380 s, avg_batch_cost: 0.62191 s, avg_samples: 87.3, ips: 140.37412 samples/s, eta: 2:41:16, max_mem_reserved: 25002 MB, max_mem_allocated: 13718 MB
[2025/11/10 14:25:30] ppocr INFO: epoch: [7/20], global_step: 6970, lr: 0.000265, acc: 0.711765, norm_edit_dis: 0.945919, CTCLoss: 1.996235, NRTRLoss: 1.371938, loss: 3.369244, avg_reader_cost: 0.00286 s, avg_batch_cost: 0.65537 s, avg_samples: 104.4, ips: 159.29864 samples/s, eta: 2:41:09, max_mem_reserved: 25002 MB, max_mem_allocated: 13718 MB
[2025/11/10 14:25:36] ppocr INFO: epoch: [7/20], global_step: 6980, lr: 0.000265, acc: 0.726562, norm_edit_dis: 0.953711, CTCLoss: 1.941545, NRTRLoss: 1.366552, loss: 3.312575, avg_reader_cost: 0.00288 s, avg_batch_cost: 0.62170 s, avg_samples: 76.6, ips: 123.21004 samples/s, eta: 2:41:02, max_mem_reserved: 25002 MB, max_mem_allocated: 13718 MB
[2025/11/10 14:25:42] ppocr INFO: epoch: [7/20], global_step: 6990, lr: 0.000265, acc: 0.745588, norm_edit_dis: 0.956840, CTCLoss: 1.868971, NRTRLoss: 1.363279, loss: 3.212721, avg_reader_cost: 0.00286 s, avg_batch_cost: 0.62496 s, avg_samples: 81.0, ips: 129.60797 samples/s, eta: 2:40:55, max_mem_reserved: 25002 MB, max_mem_allocated: 13718 MB
[2025/11/10 14:25:49] ppocr INFO: epoch: [7/20], global_step: 7000, lr: 0.000265, acc: 0.703125, norm_edit_dis: 0.947049, CTCLoss: 2.328381, NRTRLoss: 1.379431, loss: 3.702304, avg_reader_cost: 0.00284 s, avg_batch_cost: 0.66897 s, avg_samples: 102.4, ips: 153.07153 samples/s, eta: 2:40:48, max_mem_reserved: 25002 MB, max_mem_allocated: 13718 MB
[2025/11/10 14:26:24] ppocr INFO: cur metric, acc: 0.7755999992244, norm_edit_dis: 0.9641136078349767, fps: 594.7772023135354
[2025/11/10 14:26:24] ppocr INFO: best metric, acc: 0.7971999992028, is_float16: False, norm_edit_dis: 0.9674526901826385, fps: 612.6990391679279, best_epoch: 7
[2025/11/10 14:26:30] ppocr INFO: epoch: [7/20], global_step: 7010, lr: 0.000265, acc: 0.734375, norm_edit_dis: 0.950839, CTCLoss: 2.327018, NRTRLoss: 1.373664, loss: 3.695406, avg_reader_cost: 0.00295 s, avg_batch_cost: 0.60866 s, avg_samples: 78.8, ips: 129.46572 samples/s, eta: 2:40:41, max_mem_reserved: 25002 MB, max_mem_allocated: 13718 MB
[2025/11/10 14:26:37] ppocr INFO: epoch: [7/20], global_step: 7020, lr: 0.000265, acc: 0.734375, norm_edit_dis: 0.950839, CTCLoss: 2.127169, NRTRLoss: 1.369770, loss: 3.512541, avg_reader_cost: 0.00290 s, avg_batch_cost: 0.66266 s, avg_samples: 95.9, ips: 144.72002 samples/s, eta: 2:40:34, max_mem_reserved: 25002 MB, max_mem_allocated: 13718 MB
[2025/11/10 14:26:43] ppocr INFO: epoch: [7/20], global_step: 7030, lr: 0.000265, acc: 0.647794, norm_edit_dis: 0.934285, CTCLoss: 2.823663, NRTRLoss: 1.386982, loss: 4.214771, avg_reader_cost: 0.00289 s, avg_batch_cost: 0.61364 s, avg_samples: 89.5, ips: 145.85027 samples/s, eta: 2:40:27, max_mem_reserved: 25002 MB, max_mem_allocated: 13718 MB
[2025/11/10 14:26:49] ppocr INFO: epoch: [7/20], global_step: 7040, lr: 0.000264, acc: 0.647794, norm_edit_dis: 0.929958, CTCLoss: 2.823663, NRTRLoss: 1.398780, loss: 4.214771, avg_reader_cost: 0.00346 s, avg_batch_cost: 0.66357 s, avg_samples: 100.2, ips: 151.00249 samples/s, eta: 2:40:21, max_mem_reserved: 25002 MB, max_mem_allocated: 13718 MB
[2025/11/10 14:26:56] ppocr INFO: epoch: [7/20], global_step: 7050, lr: 0.000264, acc: 0.676471, norm_edit_dis: 0.936805, CTCLoss: 2.522775, NRTRLoss: 1.397783, loss: 3.912748, avg_reader_cost: 0.00319 s, avg_batch_cost: 0.64879 s, avg_samples: 91.6, ips: 141.18637 samples/s, eta: 2:40:14, max_mem_reserved: 25002 MB, max_mem_allocated: 13718 MB
[2025/11/10 14:27:02] ppocr INFO: epoch: [7/20], global_step: 7060, lr: 0.000264, acc: 0.676471, norm_edit_dis: 0.946742, CTCLoss: 2.616531, NRTRLoss: 1.380715, loss: 3.995073, avg_reader_cost: 0.00281 s, avg_batch_cost: 0.62729 s, avg_samples: 91.6, ips: 146.02536 samples/s, eta: 2:40:07, max_mem_reserved: 25002 MB, max_mem_allocated: 13718 MB
[2025/11/10 14:27:08] ppocr INFO: epoch: [7/20], global_step: 7070, lr: 0.000264, acc: 0.658823, norm_edit_dis: 0.941233, CTCLoss: 2.813559, NRTRLoss: 1.376326, loss: 4.170705, avg_reader_cost: 0.00284 s, avg_batch_cost: 0.62757 s, avg_samples: 91.6, ips: 145.95876 samples/s, eta: 2:40:00, max_mem_reserved: 25002 MB, max_mem_allocated: 13718 MB
[2025/11/10 14:27:15] ppocr INFO: epoch: [7/20], global_step: 7080, lr: 0.000264, acc: 0.645772, norm_edit_dis: 0.927439, CTCLoss: 3.482258, NRTRLoss: 1.384543, loss: 4.852739, avg_reader_cost: 0.00284 s, avg_batch_cost: 0.66154 s, avg_samples: 102.3, ips: 154.63824 samples/s, eta: 2:39:53, max_mem_reserved: 25002 MB, max_mem_allocated: 13718 MB
[2025/11/10 14:27:22] ppocr INFO: epoch: [7/20], global_step: 7090, lr: 0.000264, acc: 0.617187, norm_edit_dis: 0.925374, CTCLoss: 3.435288, NRTRLoss: 1.396531, loss: 4.811064, avg_reader_cost: 0.00284 s, avg_batch_cost: 0.68651 s, avg_samples: 108.7, ips: 158.33622 samples/s, eta: 2:39:47, max_mem_reserved: 25002 MB, max_mem_allocated: 13718 MB
[2025/11/10 14:27:28] ppocr INFO: epoch: [7/20], global_step: 7100, lr: 0.000264, acc: 0.704504, norm_edit_dis: 0.945381, CTCLoss: 2.799383, NRTRLoss: 1.376531, loss: 4.174854, avg_reader_cost: 0.00284 s, avg_batch_cost: 0.63854 s, avg_samples: 95.8, ips: 150.03044 samples/s, eta: 2:39:40, max_mem_reserved: 25002 MB, max_mem_allocated: 13718 MB
[2025/11/10 14:28:02] ppocr INFO: cur metric, acc: 0.7983999992016, norm_edit_dis: 0.9676717754003378, fps: 611.0255072131112
[2025/11/10 14:28:05] ppocr INFO: save best model is to ./output/best_accuracy
[2025/11/10 14:28:05] ppocr INFO: best metric, acc: 0.7983999992016, is_float16: False, norm_edit_dis: 0.9676717754003378, fps: 611.0255072131112, best_epoch: 7
[2025/11/10 14:28:11] ppocr INFO: epoch: [7/20], global_step: 7110, lr: 0.000263, acc: 0.750000, norm_edit_dis: 0.960311, CTCLoss: 1.720013, NRTRLoss: 1.354565, loss: 3.066871, avg_reader_cost: 0.00339 s, avg_batch_cost: 0.61745 s, avg_samples: 81.0, ips: 131.18452 samples/s, eta: 2:39:33, max_mem_reserved: 25002 MB, max_mem_allocated: 13718 MB
[2025/11/10 14:28:18] ppocr INFO: epoch: [7/20], global_step: 7120, lr: 0.000263, acc: 0.745588, norm_edit_dis: 0.952625, CTCLoss: 2.225680, NRTRLoss: 1.360636, loss: 3.588060, avg_reader_cost: 0.00283 s, avg_batch_cost: 0.65039 s, avg_samples: 98.0, ips: 150.67948 samples/s, eta: 2:39:26, max_mem_reserved: 25002 MB, max_mem_allocated: 13718 MB
[2025/11/10 14:28:24] ppocr INFO: epoch: [7/20], global_step: 7130, lr: 0.000263, acc: 0.717647, norm_edit_dis: 0.947175, CTCLoss: 2.261659, NRTRLoss: 1.374162, loss: 3.633318, avg_reader_cost: 0.00286 s, avg_batch_cost: 0.64540 s, avg_samples: 98.0, ips: 151.84435 samples/s, eta: 2:39:20, max_mem_reserved: 25002 MB, max_mem_allocated: 13718 MB
[2025/11/10 14:28:30] ppocr INFO: epoch: [7/20], global_step: 7140, lr: 0.000263, acc: 0.729412, norm_edit_dis: 0.952609, CTCLoss: 2.215542, NRTRLoss: 1.370650, loss: 3.580544, avg_reader_cost: 0.00283 s, avg_batch_cost: 0.62623 s, avg_samples: 87.3, ips: 139.40519 samples/s, eta: 2:39:12, max_mem_reserved: 25002 MB, max_mem_allocated: 13718 MB
[2025/11/10 14:28:37] ppocr INFO: epoch: [7/20], global_step: 7150, lr: 0.000263, acc: 0.708364, norm_edit_dis: 0.950159, CTCLoss: 2.175567, NRTRLoss: 1.375623, loss: 3.551689, avg_reader_cost: 0.00287 s, avg_batch_cost: 0.65279 s, avg_samples: 100.2, ips: 153.49494 samples/s, eta: 2:39:06, max_mem_reserved: 25002 MB, max_mem_allocated: 13718 MB
[2025/11/10 14:28:43] ppocr INFO: epoch: [7/20], global_step: 7160, lr: 0.000263, acc: 0.634099, norm_edit_dis: 0.946526, CTCLoss: 2.372845, NRTRLoss: 1.381626, loss: 3.746859, avg_reader_cost: 0.00287 s, avg_batch_cost: 0.64813 s, avg_samples: 93.8, ips: 144.72501 samples/s, eta: 2:38:59, max_mem_reserved: 25002 MB, max_mem_allocated: 13718 MB
[2025/11/10 14:28:50] ppocr INFO: epoch: [7/20], global_step: 7170, lr: 0.000263, acc: 0.698621, norm_edit_dis: 0.952860, CTCLoss: 2.231260, NRTRLoss: 1.368438, loss: 3.590748, avg_reader_cost: 0.00338 s, avg_batch_cost: 0.64635 s, avg_samples: 93.7, ips: 144.96779 samples/s, eta: 2:38:52, max_mem_reserved: 25002 MB, max_mem_allocated: 13718 MB
[2025/11/10 14:28:56] ppocr INFO: epoch: [7/20], global_step: 7180, lr: 0.000262, acc: 0.698621, norm_edit_dis: 0.940391, CTCLoss: 2.315868, NRTRLoss: 1.374995, loss: 3.683199, avg_reader_cost: 0.00282 s, avg_batch_cost: 0.64708 s, avg_samples: 95.9, ips: 148.20532 samples/s, eta: 2:38:46, max_mem_reserved: 25002 MB, max_mem_allocated: 13718 MB
[2025/11/10 14:29:02] ppocr INFO: epoch: [7/20], global_step: 7190, lr: 0.000262, acc: 0.710937, norm_edit_dis: 0.944475, CTCLoss: 2.276449, NRTRLoss: 1.367299, loss: 3.640439, avg_reader_cost: 0.00284 s, avg_batch_cost: 0.61269 s, avg_samples: 85.3, ips: 139.22205 samples/s, eta: 2:38:38, max_mem_reserved: 25002 MB, max_mem_allocated: 13718 MB
[2025/11/10 14:29:08] ppocr INFO: epoch: [7/20], global_step: 7200, lr: 0.000262, acc: 0.734375, norm_edit_dis: 0.958014, CTCLoss: 1.891634, NRTRLoss: 1.355214, loss: 3.231552, avg_reader_cost: 0.00283 s, avg_batch_cost: 0.60002 s, avg_samples: 85.1, ips: 141.82889 samples/s, eta: 2:38:31, max_mem_reserved: 25002 MB, max_mem_allocated: 13718 MB
[2025/11/10 14:29:43] ppocr INFO: cur metric, acc: 0.8052999991947, norm_edit_dis: 0.9673909822396493, fps: 602.4952152577046
[2025/11/10 14:29:46] ppocr INFO: save best model is to ./output/best_accuracy
[2025/11/10 14:29:46] ppocr INFO: best metric, acc: 0.8052999991947, is_float16: False, norm_edit_dis: 0.9673909822396493, fps: 602.4952152577046, best_epoch: 7
[2025/11/10 14:29:52] ppocr INFO: epoch: [7/20], global_step: 7210, lr: 0.000262, acc: 0.705882, norm_edit_dis: 0.952492, CTCLoss: 2.009245, NRTRLoss: 1.374400, loss: 3.383645, avg_reader_cost: 0.00296 s, avg_batch_cost: 0.66675 s, avg_samples: 104.5, ips: 156.72986 samples/s, eta: 2:38:24, max_mem_reserved: 25002 MB, max_mem_allocated: 13718 MB
[2025/11/10 14:29:59] ppocr INFO: epoch: [7/20], global_step: 7220, lr: 0.000262, acc: 0.582031, norm_edit_dis: 0.926480, CTCLoss: 2.936439, NRTRLoss: 1.387407, loss: 4.318696, avg_reader_cost: 0.00288 s, avg_batch_cost: 0.66634 s, avg_samples: 100.2, ips: 150.37443 samples/s, eta: 2:38:18, max_mem_reserved: 25002 MB, max_mem_allocated: 13718 MB
[2025/11/10 14:30:05] ppocr INFO: epoch: [7/20], global_step: 7230, lr: 0.000262, acc: 0.695312, norm_edit_dis: 0.946779, CTCLoss: 2.380302, NRTRLoss: 1.375396, loss: 3.745436, avg_reader_cost: 0.00288 s, avg_batch_cost: 0.62665 s, avg_samples: 89.5, ips: 142.82381 samples/s, eta: 2:38:11, max_mem_reserved: 25002 MB, max_mem_allocated: 13718 MB
[2025/11/10 14:30:12] ppocr INFO: epoch: [7/20], global_step: 7240, lr: 0.000262, acc: 0.710937, norm_edit_dis: 0.954300, CTCLoss: 2.132570, NRTRLoss: 1.356978, loss: 3.498103, avg_reader_cost: 0.00289 s, avg_batch_cost: 0.67051 s, avg_samples: 87.4, ips: 130.34773 samples/s, eta: 2:38:05, max_mem_reserved: 25002 MB, max_mem_allocated: 13718 MB
[2025/11/10 14:30:18] ppocr INFO: epoch: [7/20], global_step: 7250, lr: 0.000261, acc: 0.711765, norm_edit_dis: 0.954969, CTCLoss: 1.919090, NRTRLoss: 1.359428, loss: 3.280245, avg_reader_cost: 0.00282 s, avg_batch_cost: 0.61751 s, avg_samples: 85.2, ips: 137.97331 samples/s, eta: 2:37:57, max_mem_reserved: 25002 MB, max_mem_allocated: 13718 MB
[2025/11/10 14:30:24] ppocr INFO: epoch: [7/20], global_step: 7260, lr: 0.000261, acc: 0.711765, norm_edit_dis: 0.955256, CTCLoss: 1.949793, NRTRLoss: 1.359428, loss: 3.311768, avg_reader_cost: 0.00316 s, avg_batch_cost: 0.60148 s, avg_samples: 80.9, ips: 134.50103 samples/s, eta: 2:37:50, max_mem_reserved: 25002 MB, max_mem_allocated: 13718 MB
[2025/11/10 14:30:30] ppocr INFO: epoch: [7/20], global_step: 7270, lr: 0.000261, acc: 0.734375, norm_edit_dis: 0.960071, CTCLoss: 1.759187, NRTRLoss: 1.359080, loss: 3.125715, avg_reader_cost: 0.00286 s, avg_batch_cost: 0.59726 s, avg_samples: 78.9, ips: 132.10371 samples/s, eta: 2:37:42, max_mem_reserved: 25002 MB, max_mem_allocated: 13718 MB
[2025/11/10 14:30:36] ppocr INFO: epoch: [7/20], global_step: 7280, lr: 0.000261, acc: 0.750000, norm_edit_dis: 0.959427, CTCLoss: 1.734248, NRTRLoss: 1.356563, loss: 3.075267, avg_reader_cost: 0.00291 s, avg_batch_cost: 0.62612 s, avg_samples: 83.1, ips: 132.72157 samples/s, eta: 2:37:35, max_mem_reserved: 25002 MB, max_mem_allocated: 13718 MB
[2025/11/10 14:30:43] ppocr INFO: epoch: [7/20], global_step: 7290, lr: 0.000261, acc: 0.742187, norm_edit_dis: 0.954104, CTCLoss: 1.844059, NRTRLoss: 1.363781, loss: 3.202940, avg_reader_cost: 0.00287 s, avg_batch_cost: 0.63547 s, avg_samples: 91.7, ips: 144.30342 samples/s, eta: 2:37:28, max_mem_reserved: 25002 MB, max_mem_allocated: 13718 MB
[2025/11/10 14:30:49] ppocr INFO: epoch: [7/20], global_step: 7300, lr: 0.000261, acc: 0.694761, norm_edit_dis: 0.940812, CTCLoss: 2.604153, NRTRLoss: 1.379993, loss: 3.991671, avg_reader_cost: 0.00287 s, avg_batch_cost: 0.62283 s, avg_samples: 87.4, ips: 140.32787 samples/s, eta: 2:37:21, max_mem_reserved: 25002 MB, max_mem_allocated: 13718 MB
[2025/11/10 14:31:24] ppocr INFO: cur metric, acc: 0.7818999992181, norm_edit_dis: 0.9638438286706269, fps: 581.3263378167939
[2025/11/10 14:31:24] ppocr INFO: best metric, acc: 0.8052999991947, is_float16: False, norm_edit_dis: 0.9673909822396493, fps: 602.4952152577046, best_epoch: 7
[2025/11/10 14:31:30] ppocr INFO: epoch: [7/20], global_step: 7310, lr: 0.000261, acc: 0.718198, norm_edit_dis: 0.949412, CTCLoss: 2.077406, NRTRLoss: 1.366220, loss: 3.444718, avg_reader_cost: 0.00298 s, avg_batch_cost: 0.61427 s, avg_samples: 83.0, ips: 135.11983 samples/s, eta: 2:37:13, max_mem_reserved: 25002 MB, max_mem_allocated: 13718 MB
[2025/11/10 14:31:37] ppocr INFO: epoch: [7/20], global_step: 7320, lr: 0.000260, acc: 0.718198, norm_edit_dis: 0.951649, CTCLoss: 2.113547, NRTRLoss: 1.366518, loss: 3.477638, avg_reader_cost: 0.00285 s, avg_batch_cost: 0.64437 s, avg_samples: 98.0, ips: 152.08608 samples/s, eta: 2:37:07, max_mem_reserved: 25002 MB, max_mem_allocated: 13718 MB
[2025/11/10 14:31:43] ppocr INFO: epoch: [7/20], global_step: 7330, lr: 0.000260, acc: 0.724081, norm_edit_dis: 0.960140, CTCLoss: 2.102859, NRTRLoss: 1.366519, loss: 3.473808, avg_reader_cost: 0.00281 s, avg_batch_cost: 0.60362 s, avg_samples: 81.0, ips: 134.19079 samples/s, eta: 2:36:59, max_mem_reserved: 25002 MB, max_mem_allocated: 13718 MB
[2025/11/10 14:31:49] ppocr INFO: epoch: [7/20], global_step: 7340, lr: 0.000260, acc: 0.718198, norm_edit_dis: 0.951929, CTCLoss: 2.082253, NRTRLoss: 1.365219, loss: 3.446472, avg_reader_cost: 0.00280 s, avg_batch_cost: 0.65250 s, avg_samples: 89.5, ips: 137.16394 samples/s, eta: 2:36:53, max_mem_reserved: 25002 MB, max_mem_allocated: 13718 MB
[2025/11/10 14:31:55] ppocr INFO: epoch: [7/20], global_step: 7350, lr: 0.000260, acc: 0.717647, norm_edit_dis: 0.951929, CTCLoss: 2.002350, NRTRLoss: 1.366088, loss: 3.372958, avg_reader_cost: 0.00281 s, avg_batch_cost: 0.60673 s, avg_samples: 80.9, ips: 133.33789 samples/s, eta: 2:36:45, max_mem_reserved: 25002 MB, max_mem_allocated: 13718 MB
[2025/11/10 14:32:01] ppocr INFO: epoch: [7/20], global_step: 7360, lr: 0.000260, acc: 0.723529, norm_edit_dis: 0.957005, CTCLoss: 1.859632, NRTRLoss: 1.363018, loss: 3.228231, avg_reader_cost: 0.00294 s, avg_batch_cost: 0.61689 s, avg_samples: 89.5, ips: 145.08256 samples/s, eta: 2:36:38, max_mem_reserved: 25002 MB, max_mem_allocated: 13718 MB
[2025/11/10 14:32:08] ppocr INFO: epoch: [7/20], global_step: 7370, lr: 0.000260, acc: 0.731893, norm_edit_dis: 0.951487, CTCLoss: 1.974135, NRTRLoss: 1.369221, loss: 3.336339, avg_reader_cost: 0.00280 s, avg_batch_cost: 0.61107 s, avg_samples: 81.0, ips: 132.55411 samples/s, eta: 2:36:30, max_mem_reserved: 25002 MB, max_mem_allocated: 13718 MB
[2025/11/10 14:32:14] ppocr INFO: epoch: [7/20], global_step: 7380, lr: 0.000260, acc: 0.724081, norm_edit_dis: 0.952844, CTCLoss: 1.974135, NRTRLoss: 1.365614, loss: 3.336339, avg_reader_cost: 0.00282 s, avg_batch_cost: 0.67616 s, avg_samples: 100.1, ips: 148.04093 samples/s, eta: 2:36:24, max_mem_reserved: 25002 MB, max_mem_allocated: 13718 MB
[2025/11/10 14:32:20] ppocr INFO: epoch: [7/20], global_step: 7390, lr: 0.000259, acc: 0.731893, norm_edit_dis: 0.954924, CTCLoss: 1.746688, NRTRLoss: 1.359856, loss: 3.110187, avg_reader_cost: 0.00282 s, avg_batch_cost: 0.58241 s, avg_samples: 72.4, ips: 124.31196 samples/s, eta: 2:36:16, max_mem_reserved: 25002 MB, max_mem_allocated: 13718 MB
[2025/11/10 14:32:26] ppocr INFO: epoch: [7/20], global_step: 7400, lr: 0.000259, acc: 0.751470, norm_edit_dis: 0.954058, CTCLoss: 1.982100, NRTRLoss: 1.365906, loss: 3.335522, avg_reader_cost: 0.00280 s, avg_batch_cost: 0.62506 s, avg_samples: 93.7, ips: 149.90574 samples/s, eta: 2:36:09, max_mem_reserved: 25002 MB, max_mem_allocated: 13718 MB
[2025/11/10 14:33:01] ppocr INFO: cur metric, acc: 0.7963999992036, norm_edit_dis: 0.9663792075170696, fps: 584.4427407251974
[2025/11/10 14:33:01] ppocr INFO: best metric, acc: 0.8052999991947, is_float16: False, norm_edit_dis: 0.9673909822396493, fps: 602.4952152577046, best_epoch: 7
[2025/11/10 14:33:07] ppocr INFO: epoch: [7/20], global_step: 7410, lr: 0.000259, acc: 0.731893, norm_edit_dis: 0.953527, CTCLoss: 1.985370, NRTRLoss: 1.365271, loss: 3.354557, avg_reader_cost: 0.00289 s, avg_batch_cost: 0.60313 s, avg_samples: 81.0, ips: 134.29848 samples/s, eta: 2:36:02, max_mem_reserved: 25002 MB, max_mem_allocated: 13718 MB
[2025/11/10 14:33:14] ppocr INFO: epoch: [7/20], global_step: 7420, lr: 0.000259, acc: 0.694118, norm_edit_dis: 0.949090, CTCLoss: 2.232872, NRTRLoss: 1.364619, loss: 3.596902, avg_reader_cost: 0.00287 s, avg_batch_cost: 0.63562 s, avg_samples: 91.6, ips: 144.11195 samples/s, eta: 2:35:55, max_mem_reserved: 25002 MB, max_mem_allocated: 13718 MB
[2025/11/10 14:33:20] ppocr INFO: epoch: [7/20], global_step: 7430, lr: 0.000259, acc: 0.658823, norm_edit_dis: 0.939014, CTCLoss: 3.195752, NRTRLoss: 1.390146, loss: 4.589006, avg_reader_cost: 0.00285 s, avg_batch_cost: 0.66543 s, avg_samples: 95.9, ips: 144.11683 samples/s, eta: 2:35:48, max_mem_reserved: 25002 MB, max_mem_allocated: 13718 MB
[2025/11/10 14:33:27] ppocr INFO: epoch: [7/20], global_step: 7440, lr: 0.000259, acc: 0.643842, norm_edit_dis: 0.938719, CTCLoss: 2.748355, NRTRLoss: 1.389850, loss: 4.127584, avg_reader_cost: 0.00285 s, avg_batch_cost: 0.65386 s, avg_samples: 91.7, ips: 140.24363 samples/s, eta: 2:35:42, max_mem_reserved: 25002 MB, max_mem_allocated: 13718 MB
[2025/11/10 14:33:34] ppocr INFO: epoch: [7/20], global_step: 7450, lr: 0.000259, acc: 0.677114, norm_edit_dis: 0.945112, CTCLoss: 2.115540, NRTRLoss: 1.364561, loss: 3.485884, avg_reader_cost: 0.00288 s, avg_batch_cost: 0.67717 s, avg_samples: 98.0, ips: 144.72040 samples/s, eta: 2:35:36, max_mem_reserved: 25002 MB, max_mem_allocated: 13718 MB
[2025/11/10 14:33:40] ppocr INFO: epoch: [7/20], global_step: 7460, lr: 0.000258, acc: 0.735294, norm_edit_dis: 0.949335, CTCLoss: 2.052665, NRTRLoss: 1.363859, loss: 3.426054, avg_reader_cost: 0.00289 s, avg_batch_cost: 0.63945 s, avg_samples: 89.5, ips: 139.96470 samples/s, eta: 2:35:29, max_mem_reserved: 25002 MB, max_mem_allocated: 13718 MB
[2025/11/10 14:33:47] ppocr INFO: epoch: [7/20], global_step: 7470, lr: 0.000258, acc: 0.726103, norm_edit_dis: 0.942730, CTCLoss: 3.392356, NRTRLoss: 1.389131, loss: 4.790808, avg_reader_cost: 0.00290 s, avg_batch_cost: 0.70951 s, avg_samples: 108.7, ips: 153.20390 samples/s, eta: 2:35:23, max_mem_reserved: 25002 MB, max_mem_allocated: 13718 MB
[2025/11/10 14:33:54] ppocr INFO: epoch: [7/20], global_step: 7480, lr: 0.000258, acc: 0.589844, norm_edit_dis: 0.923125, CTCLoss: 3.409380, NRTRLoss: 1.398067, loss: 4.809458, avg_reader_cost: 0.00290 s, avg_batch_cost: 0.67587 s, avg_samples: 98.1, ips: 145.14680 samples/s, eta: 2:35:17, max_mem_reserved: 25002 MB, max_mem_allocated: 13718 MB
[2025/11/10 14:34:00] ppocr INFO: epoch: [7/20], global_step: 7490, lr: 0.000258, acc: 0.706434, norm_edit_dis: 0.951079, CTCLoss: 1.930459, NRTRLoss: 1.362783, loss: 3.287957, avg_reader_cost: 0.00285 s, avg_batch_cost: 0.65087 s, avg_samples: 95.9, ips: 147.34130 samples/s, eta: 2:35:11, max_mem_reserved: 25002 MB, max_mem_allocated: 13718 MB
[2025/11/10 14:34:07] ppocr INFO: epoch: [7/20], global_step: 7500, lr: 0.000258, acc: 0.729412, norm_edit_dis: 0.953162, CTCLoss: 1.902072, NRTRLoss: 1.362629, loss: 3.266604, avg_reader_cost: 0.00284 s, avg_batch_cost: 0.61953 s, avg_samples: 83.1, ips: 134.13461 samples/s, eta: 2:35:04, max_mem_reserved: 25002 MB, max_mem_allocated: 13718 MB
[2025/11/10 14:34:41] ppocr INFO: cur metric, acc: 0.7960999992039001, norm_edit_dis: 0.9664593111517761, fps: 590.6867090138905
[2025/11/10 14:34:41] ppocr INFO: best metric, acc: 0.8052999991947, is_float16: False, norm_edit_dis: 0.9673909822396493, fps: 602.4952152577046, best_epoch: 7
[2025/11/10 14:34:48] ppocr INFO: epoch: [7/20], global_step: 7510, lr: 0.000258, acc: 0.718198, norm_edit_dis: 0.952720, CTCLoss: 1.930584, NRTRLoss: 1.360273, loss: 3.294346, avg_reader_cost: 0.00298 s, avg_batch_cost: 0.67540 s, avg_samples: 89.5, ips: 132.51338 samples/s, eta: 2:34:57, max_mem_reserved: 25002 MB, max_mem_allocated: 13718 MB
[2025/11/10 14:34:55] ppocr INFO: epoch: [7/20], global_step: 7520, lr: 0.000257, acc: 0.679136, norm_edit_dis: 0.945611, CTCLoss: 2.673830, NRTRLoss: 1.372346, loss: 4.059464, avg_reader_cost: 0.00281 s, avg_batch_cost: 0.67187 s, avg_samples: 102.3, ips: 152.26116 samples/s, eta: 2:34:51, max_mem_reserved: 25002 MB, max_mem_allocated: 13718 MB
[2025/11/10 14:35:01] ppocr INFO: epoch: [7/20], global_step: 7530, lr: 0.000257, acc: 0.645772, norm_edit_dis: 0.932187, CTCLoss: 3.074613, NRTRLoss: 1.397720, loss: 4.446491, avg_reader_cost: 0.00276 s, avg_batch_cost: 0.66104 s, avg_samples: 95.9, ips: 145.07364 samples/s, eta: 2:34:45, max_mem_reserved: 25002 MB, max_mem_allocated: 13718 MB
[2025/11/10 14:35:07] ppocr INFO: epoch: [7/20], global_step: 7540, lr: 0.000257, acc: 0.700000, norm_edit_dis: 0.943801, CTCLoss: 2.547267, NRTRLoss: 1.388433, loss: 3.939112, avg_reader_cost: 0.00283 s, avg_batch_cost: 0.62431 s, avg_samples: 89.5, ips: 143.35878 samples/s, eta: 2:34:38, max_mem_reserved: 25002 MB, max_mem_allocated: 13718 MB
[2025/11/10 14:35:14] ppocr INFO: epoch: [7/20], global_step: 7550, lr: 0.000257, acc: 0.749540, norm_edit_dis: 0.961077, CTCLoss: 1.938778, NRTRLoss: 1.362579, loss: 3.315096, avg_reader_cost: 0.00296 s, avg_batch_cost: 0.62350 s, avg_samples: 80.9, ips: 129.75178 samples/s, eta: 2:34:31, max_mem_reserved: 25002 MB, max_mem_allocated: 13718 MB
[2025/11/10 14:35:20] ppocr INFO: epoch: [7/20], global_step: 7560, lr: 0.000257, acc: 0.726562, norm_edit_dis: 0.954606, CTCLoss: 2.149848, NRTRLoss: 1.371854, loss: 3.505286, avg_reader_cost: 0.00281 s, avg_batch_cost: 0.66089 s, avg_samples: 93.8, ips: 141.93006 samples/s, eta: 2:34:24, max_mem_reserved: 25002 MB, max_mem_allocated: 13718 MB
[2025/11/10 14:35:27] ppocr INFO: epoch: [7/20], global_step: 7570, lr: 0.000257, acc: 0.605882, norm_edit_dis: 0.937627, CTCLoss: 3.370446, NRTRLoss: 1.388414, loss: 4.762505, avg_reader_cost: 0.00276 s, avg_batch_cost: 0.66675 s, avg_samples: 98.1, ips: 147.13174 samples/s, eta: 2:34:18, max_mem_reserved: 25002 MB, max_mem_allocated: 13718 MB
[2025/11/10 14:35:34] ppocr INFO: epoch: [7/20], global_step: 7580, lr: 0.000257, acc: 0.688235, norm_edit_dis: 0.947718, CTCLoss: 3.059247, NRTRLoss: 1.376251, loss: 4.453253, avg_reader_cost: 0.00282 s, avg_batch_cost: 0.65916 s, avg_samples: 95.8, ips: 145.33656 samples/s, eta: 2:34:11, max_mem_reserved: 25002 MB, max_mem_allocated: 13718 MB
[2025/11/10 14:35:40] ppocr INFO: epoch: [7/20], global_step: 7590, lr: 0.000256, acc: 0.723529, norm_edit_dis: 0.948659, CTCLoss: 2.633401, NRTRLoss: 1.375738, loss: 4.000623, avg_reader_cost: 0.00280 s, avg_batch_cost: 0.64609 s, avg_samples: 95.9, ips: 148.43081 samples/s, eta: 2:34:05, max_mem_reserved: 25002 MB, max_mem_allocated: 13718 MB
[2025/11/10 14:35:47] ppocr INFO: epoch: [7/20], global_step: 7600, lr: 0.000256, acc: 0.684926, norm_edit_dis: 0.945826, CTCLoss: 2.633401, NRTRLoss: 1.370887, loss: 4.000623, avg_reader_cost: 0.00283 s, avg_batch_cost: 0.65727 s, avg_samples: 91.6, ips: 139.36507 samples/s, eta: 2:33:58, max_mem_reserved: 25002 MB, max_mem_allocated: 13718 MB
[2025/11/10 14:36:21] ppocr INFO: cur metric, acc: 0.7985999992014, norm_edit_dis: 0.9670410886379457, fps: 615.017954905882
[2025/11/10 14:36:21] ppocr INFO: best metric, acc: 0.8052999991947, is_float16: False, norm_edit_dis: 0.9673909822396493, fps: 602.4952152577046, best_epoch: 7
[2025/11/10 14:36:22] ppocr INFO: epoch: [7/20], global_step: 7602, lr: 0.000256, acc: 0.690809, norm_edit_dis: 0.948716, CTCLoss: 2.381212, NRTRLoss: 1.370230, loss: 3.751378, avg_reader_cost: 0.00100 s, avg_batch_cost: 0.14378 s, avg_samples: 21.3, ips: 148.14566 samples/s, eta: 2:33:57, max_mem_reserved: 25002 MB, max_mem_allocated: 13718 MB
[2025/11/10 14:36:25] ppocr INFO: save model in ./output/latest
[2025/11/10 14:36:25] ppocr INFO: save model in ./output/iter_epoch_7
[2025/11/10 14:36:33] ppocr INFO: epoch: [8/20], global_step: 7610, lr: 0.000256, acc: 0.657537, norm_edit_dis: 0.933404, CTCLoss: 3.226388, NRTRLoss: 1.388546, loss: 4.615159, avg_reader_cost: 0.51315 s, avg_batch_cost: 1.06041 s, avg_samples: 89.5, ips: 84.40141 samples/s, eta: 2:34:02, max_mem_reserved: 25002 MB, max_mem_allocated: 13718 MB
[2025/11/10 14:36:39] ppocr INFO: epoch: [8/20], global_step: 7620, lr: 0.000256, acc: 0.664706, norm_edit_dis: 0.930881, CTCLoss: 3.203088, NRTRLoss: 1.396074, loss: 4.622237, avg_reader_cost: 0.00282 s, avg_batch_cost: 0.63580 s, avg_samples: 93.7, ips: 147.37439 samples/s, eta: 2:33:55, max_mem_reserved: 25002 MB, max_mem_allocated: 13718 MB
[2025/11/10 14:36:46] ppocr INFO: epoch: [8/20], global_step: 7630, lr: 0.000256, acc: 0.696691, norm_edit_dis: 0.945575, CTCLoss: 2.638264, NRTRLoss: 1.382970, loss: 4.025981, avg_reader_cost: 0.00281 s, avg_batch_cost: 0.66621 s, avg_samples: 91.7, ips: 137.64367 samples/s, eta: 2:33:49, max_mem_reserved: 25002 MB, max_mem_allocated: 13718 MB
[2025/11/10 14:36:53] ppocr INFO: epoch: [8/20], global_step: 7640, lr: 0.000256, acc: 0.657537, norm_edit_dis: 0.936081, CTCLoss: 2.722111, NRTRLoss: 1.383536, loss: 4.094726, avg_reader_cost: 0.00284 s, avg_batch_cost: 0.69774 s, avg_samples: 102.3, ips: 146.61613 samples/s, eta: 2:33:43, max_mem_reserved: 25002 MB, max_mem_allocated: 13718 MB
[2025/11/10 14:36:59] ppocr INFO: epoch: [8/20], global_step: 7650, lr: 0.000255, acc: 0.694118, norm_edit_dis: 0.949675, CTCLoss: 2.557099, NRTRLoss: 1.370367, loss: 3.933377, avg_reader_cost: 0.00284 s, avg_batch_cost: 0.63187 s, avg_samples: 93.7, ips: 148.29026 samples/s, eta: 2:33:36, max_mem_reserved: 25002 MB, max_mem_allocated: 13718 MB
[2025/11/10 14:37:06] ppocr INFO: epoch: [8/20], global_step: 7660, lr: 0.000255, acc: 0.700000, norm_edit_dis: 0.952323, CTCLoss: 2.557099, NRTRLoss: 1.364827, loss: 3.933377, avg_reader_cost: 0.00279 s, avg_batch_cost: 0.68985 s, avg_samples: 106.6, ips: 154.52684 samples/s, eta: 2:33:30, max_mem_reserved: 25002 MB, max_mem_allocated: 13718 MB
[2025/11/10 14:37:12] ppocr INFO: epoch: [8/20], global_step: 7670, lr: 0.000255, acc: 0.673254, norm_edit_dis: 0.942424, CTCLoss: 2.294580, NRTRLoss: 1.367699, loss: 3.669296, avg_reader_cost: 0.00368 s, avg_batch_cost: 0.65025 s, avg_samples: 91.6, ips: 140.86856 samples/s, eta: 2:33:23, max_mem_reserved: 25002 MB, max_mem_allocated: 13718 MB
[2025/11/10 14:37:19] ppocr INFO: epoch: [8/20], global_step: 7680, lr: 0.000255, acc: 0.705882, norm_edit_dis: 0.948806, CTCLoss: 2.294580, NRTRLoss: 1.365403, loss: 3.669296, avg_reader_cost: 0.00287 s, avg_batch_cost: 0.66943 s, avg_samples: 100.2, ips: 149.67924 samples/s, eta: 2:33:17, max_mem_reserved: 25002 MB, max_mem_allocated: 13718 MB
[2025/11/10 14:37:25] ppocr INFO: epoch: [8/20], global_step: 7690, lr: 0.000255, acc: 0.712316, norm_edit_dis: 0.954148, CTCLoss: 2.134015, NRTRLoss: 1.373917, loss: 3.523171, avg_reader_cost: 0.00288 s, avg_batch_cost: 0.62883 s, avg_samples: 89.5, ips: 142.32713 samples/s, eta: 2:33:10, max_mem_reserved: 25002 MB, max_mem_allocated: 13718 MB
[2025/11/10 14:37:32] ppocr INFO: epoch: [8/20], global_step: 7700, lr: 0.000255, acc: 0.724081, norm_edit_dis: 0.955039, CTCLoss: 2.033269, NRTRLoss: 1.357672, loss: 3.378936, avg_reader_cost: 0.00287 s, avg_batch_cost: 0.64153 s, avg_samples: 89.4, ips: 139.35496 samples/s, eta: 2:33:03, max_mem_reserved: 25002 MB, max_mem_allocated: 13718 MB
[2025/11/10 14:38:06] ppocr INFO: cur metric, acc: 0.8087999991912, norm_edit_dis: 0.969480707564145, fps: 603.6869356776451
[2025/11/10 14:38:08] ppocr INFO: save best model is to ./output/best_accuracy
[2025/11/10 14:38:08] ppocr INFO: best metric, acc: 0.8087999991912, is_float16: False, norm_edit_dis: 0.969480707564145, fps: 603.6869356776451, best_epoch: 8
[2025/11/10 14:38:14] ppocr INFO: epoch: [8/20], global_step: 7710, lr: 0.000255, acc: 0.734375, norm_edit_dis: 0.955769, CTCLoss: 1.777169, NRTRLoss: 1.354566, loss: 3.130273, avg_reader_cost: 0.00288 s, avg_batch_cost: 0.57246 s, avg_samples: 74.6, ips: 130.31531 samples/s, eta: 2:32:55, max_mem_reserved: 25002 MB, max_mem_allocated: 13718 MB
[2025/11/10 14:38:20] ppocr INFO: epoch: [8/20], global_step: 7720, lr: 0.000254, acc: 0.737776, norm_edit_dis: 0.953925, CTCLoss: 1.958701, NRTRLoss: 1.354632, loss: 3.316436, avg_reader_cost: 0.00285 s, avg_batch_cost: 0.60763 s, avg_samples: 87.2, ips: 143.50828 samples/s, eta: 2:32:48, max_mem_reserved: 25002 MB, max_mem_allocated: 13718 MB
[2025/11/10 14:38:27] ppocr INFO: epoch: [8/20], global_step: 7730, lr: 0.000254, acc: 0.718198, norm_edit_dis: 0.947660, CTCLoss: 2.198175, NRTRLoss: 1.363223, loss: 3.558332, avg_reader_cost: 0.00286 s, avg_batch_cost: 0.64030 s, avg_samples: 95.9, ips: 149.77289 samples/s, eta: 2:32:41, max_mem_reserved: 25002 MB, max_mem_allocated: 13718 MB
[2025/11/10 14:38:33] ppocr INFO: epoch: [8/20], global_step: 7740, lr: 0.000254, acc: 0.718198, norm_edit_dis: 0.948805, CTCLoss: 2.109621, NRTRLoss: 1.363396, loss: 3.470152, avg_reader_cost: 0.00288 s, avg_batch_cost: 0.58593 s, avg_samples: 80.8, ips: 137.89998 samples/s, eta: 2:32:33, max_mem_reserved: 25002 MB, max_mem_allocated: 13718 MB
[2025/11/10 14:38:39] ppocr INFO: epoch: [8/20], global_step: 7750, lr: 0.000254, acc: 0.711765, norm_edit_dis: 0.953358, CTCLoss: 1.928657, NRTRLoss: 1.361686, loss: 3.283515, avg_reader_cost: 0.00287 s, avg_batch_cost: 0.64924 s, avg_samples: 98.0, ips: 150.94531 samples/s, eta: 2:32:26, max_mem_reserved: 25002 MB, max_mem_allocated: 13718 MB
[2025/11/10 14:38:45] ppocr INFO: epoch: [8/20], global_step: 7760, lr: 0.000254, acc: 0.671875, norm_edit_dis: 0.953358, CTCLoss: 2.679944, NRTRLoss: 1.361286, loss: 4.020467, avg_reader_cost: 0.00290 s, avg_batch_cost: 0.63309 s, avg_samples: 98.1, ips: 154.95359 samples/s, eta: 2:32:20, max_mem_reserved: 25002 MB, max_mem_allocated: 13718 MB
[2025/11/10 14:38:52] ppocr INFO: epoch: [8/20], global_step: 7770, lr: 0.000254, acc: 0.648437, norm_edit_dis: 0.951256, CTCLoss: 2.701020, NRTRLoss: 1.365012, loss: 4.056453, avg_reader_cost: 0.00290 s, avg_batch_cost: 0.64062 s, avg_samples: 95.9, ips: 149.69865 samples/s, eta: 2:32:13, max_mem_reserved: 25002 MB, max_mem_allocated: 13718 MB
[2025/11/10 14:38:58] ppocr INFO: epoch: [8/20], global_step: 7780, lr: 0.000253, acc: 0.718198, norm_edit_dis: 0.951256, CTCLoss: 2.062106, NRTRLoss: 1.367153, loss: 3.407485, avg_reader_cost: 0.00291 s, avg_batch_cost: 0.63243 s, avg_samples: 89.5, ips: 141.51773 samples/s, eta: 2:32:06, max_mem_reserved: 25002 MB, max_mem_allocated: 13718 MB
[2025/11/10 14:39:05] ppocr INFO: epoch: [8/20], global_step: 7790, lr: 0.000253, acc: 0.718750, norm_edit_dis: 0.945163, CTCLoss: 3.146751, NRTRLoss: 1.382399, loss: 4.507471, avg_reader_cost: 0.00288 s, avg_batch_cost: 0.67260 s, avg_samples: 110.8, ips: 164.73504 samples/s, eta: 2:32:00, max_mem_reserved: 25002 MB, max_mem_allocated: 13718 MB
[2025/11/10 14:39:11] ppocr INFO: epoch: [8/20], global_step: 7800, lr: 0.000253, acc: 0.731893, norm_edit_dis: 0.948488, CTCLoss: 2.624990, NRTRLoss: 1.364805, loss: 4.001414, avg_reader_cost: 0.00293 s, avg_batch_cost: 0.61229 s, avg_samples: 81.0, ips: 132.28987 samples/s, eta: 2:31:52, max_mem_reserved: 25002 MB, max_mem_allocated: 13718 MB
[2025/11/10 14:39:45] ppocr INFO: cur metric, acc: 0.7990999992009, norm_edit_dis: 0.9678716025802656, fps: 588.9003006768212
[2025/11/10 14:39:45] ppocr INFO: best metric, acc: 0.8087999991912, is_float16: False, norm_edit_dis: 0.969480707564145, fps: 603.6869356776451, best_epoch: 8
[2025/11/10 14:39:52] ppocr INFO: epoch: [8/20], global_step: 7810, lr: 0.000253, acc: 0.731893, norm_edit_dis: 0.960318, CTCLoss: 1.756953, NRTRLoss: 1.348359, loss: 3.104469, avg_reader_cost: 0.00323 s, avg_batch_cost: 0.65102 s, avg_samples: 95.9, ips: 147.30803 samples/s, eta: 2:31:46, max_mem_reserved: 25002 MB, max_mem_allocated: 13718 MB
[2025/11/10 14:39:58] ppocr INFO: epoch: [8/20], global_step: 7820, lr: 0.000253, acc: 0.688235, norm_edit_dis: 0.952791, CTCLoss: 2.291777, NRTRLoss: 1.353850, loss: 3.640909, avg_reader_cost: 0.00288 s, avg_batch_cost: 0.63458 s, avg_samples: 87.4, ips: 137.72898 samples/s, eta: 2:31:39, max_mem_reserved: 25002 MB, max_mem_allocated: 13718 MB
[2025/11/10 14:40:05] ppocr INFO: epoch: [8/20], global_step: 7830, lr: 0.000253, acc: 0.649724, norm_edit_dis: 0.947450, CTCLoss: 2.392733, NRTRLoss: 1.372886, loss: 3.753244, avg_reader_cost: 0.00288 s, avg_batch_cost: 0.67541 s, avg_samples: 100.2, ips: 148.35484 samples/s, eta: 2:31:33, max_mem_reserved: 25002 MB, max_mem_allocated: 13718 MB
[2025/11/10 14:40:11] ppocr INFO: epoch: [8/20], global_step: 7840, lr: 0.000253, acc: 0.688235, norm_edit_dis: 0.955536, CTCLoss: 1.913694, NRTRLoss: 1.354982, loss: 3.263227, avg_reader_cost: 0.00289 s, avg_batch_cost: 0.60819 s, avg_samples: 80.9, ips: 133.01759 samples/s, eta: 2:31:25, max_mem_reserved: 25002 MB, max_mem_allocated: 13718 MB
[2025/11/10 14:40:17] ppocr INFO: epoch: [8/20], global_step: 7850, lr: 0.000252, acc: 0.752941, norm_edit_dis: 0.957255, CTCLoss: 1.675121, NRTRLoss: 1.352572, loss: 3.029516, avg_reader_cost: 0.00281 s, avg_batch_cost: 0.63544 s, avg_samples: 85.1, ips: 133.92194 samples/s, eta: 2:31:18, max_mem_reserved: 25002 MB, max_mem_allocated: 13718 MB
[2025/11/10 14:40:24] ppocr INFO: epoch: [8/20], global_step: 7860, lr: 0.000252, acc: 0.723529, norm_edit_dis: 0.947125, CTCLoss: 2.253105, NRTRLoss: 1.375924, loss: 3.652492, avg_reader_cost: 0.00331 s, avg_batch_cost: 0.64475 s, avg_samples: 100.2, ips: 155.40815 samples/s, eta: 2:31:12, max_mem_reserved: 25002 MB, max_mem_allocated: 13718 MB
[2025/11/10 14:40:30] ppocr INFO: epoch: [8/20], global_step: 7870, lr: 0.000252, acc: 0.625000, norm_edit_dis: 0.933118, CTCLoss: 2.711299, NRTRLoss: 1.392746, loss: 4.094754, avg_reader_cost: 0.00289 s, avg_batch_cost: 0.65460 s, avg_samples: 102.3, ips: 156.27896 samples/s, eta: 2:31:05, max_mem_reserved: 25002 MB, max_mem_allocated: 13718 MB
[2025/11/10 14:40:36] ppocr INFO: epoch: [8/20], global_step: 7880, lr: 0.000252, acc: 0.700000, norm_edit_dis: 0.955722, CTCLoss: 1.994208, NRTRLoss: 1.359963, loss: 3.361485, avg_reader_cost: 0.00285 s, avg_batch_cost: 0.60186 s, avg_samples: 85.2, ips: 141.56218 samples/s, eta: 2:30:58, max_mem_reserved: 25002 MB, max_mem_allocated: 13718 MB
[2025/11/10 14:40:43] ppocr INFO: epoch: [8/20], global_step: 7890, lr: 0.000252, acc: 0.757812, norm_edit_dis: 0.961316, CTCLoss: 1.807013, NRTRLoss: 1.352398, loss: 3.163699, avg_reader_cost: 0.00284 s, avg_batch_cost: 0.63880 s, avg_samples: 87.4, ips: 136.81862 samples/s, eta: 2:30:51, max_mem_reserved: 25002 MB, max_mem_allocated: 13718 MB
[2025/11/10 14:40:49] ppocr INFO: epoch: [8/20], global_step: 7900, lr: 0.000252, acc: 0.751470, norm_edit_dis: 0.960474, CTCLoss: 1.692387, NRTRLoss: 1.354273, loss: 3.039748, avg_reader_cost: 0.00283 s, avg_batch_cost: 0.61570 s, avg_samples: 76.7, ips: 124.57458 samples/s, eta: 2:30:44, max_mem_reserved: 25002 MB, max_mem_allocated: 13718 MB
[2025/11/10 14:41:23] ppocr INFO: cur metric, acc: 0.8089999991910001, norm_edit_dis: 0.9692486902234523, fps: 596.5998803444502
[2025/11/10 14:41:26] ppocr INFO: save best model is to ./output/best_accuracy
[2025/11/10 14:41:26] ppocr INFO: best metric, acc: 0.8089999991910001, is_float16: False, norm_edit_dis: 0.9692486902234523, fps: 596.5998803444502, best_epoch: 8
[2025/11/10 14:41:32] ppocr INFO: epoch: [8/20], global_step: 7910, lr: 0.000251, acc: 0.722151, norm_edit_dis: 0.951537, CTCLoss: 1.909580, NRTRLoss: 1.366857, loss: 3.276712, avg_reader_cost: 0.00288 s, avg_batch_cost: 0.66478 s, avg_samples: 93.8, ips: 141.09834 samples/s, eta: 2:30:37, max_mem_reserved: 25002 MB, max_mem_allocated: 13718 MB
[2025/11/10 14:41:39] ppocr INFO: epoch: [8/20], global_step: 7920, lr: 0.000251, acc: 0.692739, norm_edit_dis: 0.949590, CTCLoss: 2.141693, NRTRLoss: 1.375373, loss: 3.513029, avg_reader_cost: 0.00286 s, avg_batch_cost: 0.63175 s, avg_samples: 85.3, ips: 135.02174 samples/s, eta: 2:30:30, max_mem_reserved: 25002 MB, max_mem_allocated: 13718 MB
[2025/11/10 14:41:45] ppocr INFO: epoch: [8/20], global_step: 7930, lr: 0.000251, acc: 0.741176, norm_edit_dis: 0.953646, CTCLoss: 1.876915, NRTRLoss: 1.362531, loss: 3.220703, avg_reader_cost: 0.00293 s, avg_batch_cost: 0.66677 s, avg_samples: 91.6, ips: 137.37945 samples/s, eta: 2:30:24, max_mem_reserved: 25002 MB, max_mem_allocated: 13718 MB
[2025/11/10 14:41:52] ppocr INFO: epoch: [8/20], global_step: 7940, lr: 0.000251, acc: 0.745588, norm_edit_dis: 0.951000, CTCLoss: 2.059061, NRTRLoss: 1.358671, loss: 3.429000, avg_reader_cost: 0.00323 s, avg_batch_cost: 0.65289 s, avg_samples: 98.0, ips: 150.10268 samples/s, eta: 2:30:17, max_mem_reserved: 25002 MB, max_mem_allocated: 13718 MB
[2025/11/10 14:41:59] ppocr INFO: epoch: [8/20], global_step: 7950, lr: 0.000251, acc: 0.741176, norm_edit_dis: 0.951545, CTCLoss: 1.897505, NRTRLoss: 1.366144, loss: 3.265677, avg_reader_cost: 0.00286 s, avg_batch_cost: 0.65268 s, avg_samples: 93.7, ips: 143.56194 samples/s, eta: 2:30:11, max_mem_reserved: 25002 MB, max_mem_allocated: 13718 MB
[2025/11/10 14:42:05] ppocr INFO: epoch: [8/20], global_step: 7960, lr: 0.000251, acc: 0.741176, norm_edit_dis: 0.958688, CTCLoss: 1.897505, NRTRLoss: 1.366144, loss: 3.265677, avg_reader_cost: 0.00291 s, avg_batch_cost: 0.60392 s, avg_samples: 85.2, ips: 141.07781 samples/s, eta: 2:30:03, max_mem_reserved: 25002 MB, max_mem_allocated: 13718 MB
[2025/11/10 14:42:11] ppocr INFO: epoch: [8/20], global_step: 7970, lr: 0.000250, acc: 0.758823, norm_edit_dis: 0.963087, CTCLoss: 1.827974, NRTRLoss: 1.351034, loss: 3.184389, avg_reader_cost: 0.00281 s, avg_batch_cost: 0.64249 s, avg_samples: 87.4, ips: 136.03374 samples/s, eta: 2:29:57, max_mem_reserved: 25002 MB, max_mem_allocated: 13718 MB
[2025/11/10 14:42:18] ppocr INFO: epoch: [8/20], global_step: 7980, lr: 0.000250, acc: 0.771048, norm_edit_dis: 0.957435, CTCLoss: 1.752046, NRTRLoss: 1.359492, loss: 3.111538, avg_reader_cost: 0.00283 s, avg_batch_cost: 0.65770 s, avg_samples: 95.9, ips: 145.81123 samples/s, eta: 2:29:50, max_mem_reserved: 25002 MB, max_mem_allocated: 13718 MB
[2025/11/10 14:42:24] ppocr INFO: epoch: [8/20], global_step: 7990, lr: 0.000250, acc: 0.770588, norm_edit_dis: 0.957966, CTCLoss: 1.782095, NRTRLoss: 1.358774, loss: 3.137602, avg_reader_cost: 0.00288 s, avg_batch_cost: 0.60352 s, avg_samples: 80.9, ips: 134.04687 samples/s, eta: 2:29:43, max_mem_reserved: 25002 MB, max_mem_allocated: 13718 MB
[2025/11/10 14:42:31] ppocr INFO: epoch: [8/20], global_step: 8000, lr: 0.000250, acc: 0.700551, norm_edit_dis: 0.950309, CTCLoss: 1.974673, NRTRLoss: 1.357420, loss: 3.328216, avg_reader_cost: 0.00282 s, avg_batch_cost: 0.69642 s, avg_samples: 113.0, ips: 162.25901 samples/s, eta: 2:29:37, max_mem_reserved: 25002 MB, max_mem_allocated: 13718 MB
[2025/11/10 14:43:04] ppocr INFO: cur metric, acc: 0.7896999992103, norm_edit_dis: 0.9666916386426089, fps: 623.457207610621
[2025/11/10 14:43:04] ppocr INFO: best metric, acc: 0.8089999991910001, is_float16: False, norm_edit_dis: 0.9692486902234523, fps: 596.5998803444502, best_epoch: 8
[2025/11/10 14:43:11] ppocr INFO: epoch: [8/20], global_step: 8010, lr: 0.000250, acc: 0.679044, norm_edit_dis: 0.950748, CTCLoss: 2.002773, NRTRLoss: 1.367556, loss: 3.359667, avg_reader_cost: 0.00310 s, avg_batch_cost: 0.64953 s, avg_samples: 83.1, ips: 127.93787 samples/s, eta: 2:29:30, max_mem_reserved: 25002 MB, max_mem_allocated: 13718 MB
[2025/11/10 14:43:18] ppocr INFO: epoch: [8/20], global_step: 8020, lr: 0.000250, acc: 0.726011, norm_edit_dis: 0.957178, CTCLoss: 1.857794, NRTRLoss: 1.363867, loss: 3.219515, avg_reader_cost: 0.00287 s, avg_batch_cost: 0.66537 s, avg_samples: 98.0, ips: 147.28677 samples/s, eta: 2:29:24, max_mem_reserved: 25002 MB, max_mem_allocated: 13718 MB
[2025/11/10 14:43:24] ppocr INFO: epoch: [8/20], global_step: 8030, lr: 0.000249, acc: 0.735294, norm_edit_dis: 0.958368, CTCLoss: 1.819611, NRTRLoss: 1.358553, loss: 3.178050, avg_reader_cost: 0.00286 s, avg_batch_cost: 0.60979 s, avg_samples: 76.7, ips: 125.78149 samples/s, eta: 2:29:17, max_mem_reserved: 25002 MB, max_mem_allocated: 13718 MB
[2025/11/10 14:43:30] ppocr INFO: epoch: [8/20], global_step: 8040, lr: 0.000249, acc: 0.739706, norm_edit_dis: 0.957591, CTCLoss: 1.774378, NRTRLoss: 1.353807, loss: 3.121185, avg_reader_cost: 0.00281 s, avg_batch_cost: 0.67449 s, avg_samples: 98.0, ips: 145.29398 samples/s, eta: 2:29:10, max_mem_reserved: 25002 MB, max_mem_allocated: 13718 MB
[2025/11/10 14:43:37] ppocr INFO: epoch: [8/20], global_step: 8050, lr: 0.000249, acc: 0.726562, norm_edit_dis: 0.956268, CTCLoss: 1.964419, NRTRLoss: 1.371400, loss: 3.318892, avg_reader_cost: 0.00286 s, avg_batch_cost: 0.64626 s, avg_samples: 81.0, ips: 125.33616 samples/s, eta: 2:29:04, max_mem_reserved: 25002 MB, max_mem_allocated: 13718 MB
[2025/11/10 14:43:43] ppocr INFO: epoch: [8/20], global_step: 8060, lr: 0.000249, acc: 0.745588, norm_edit_dis: 0.960013, CTCLoss: 1.871421, NRTRLoss: 1.362094, loss: 3.246283, avg_reader_cost: 0.00288 s, avg_batch_cost: 0.62224 s, avg_samples: 78.8, ips: 126.63971 samples/s, eta: 2:28:57, max_mem_reserved: 25002 MB, max_mem_allocated: 13718 MB
[2025/11/10 14:43:49] ppocr INFO: epoch: [8/20], global_step: 8070, lr: 0.000249, acc: 0.750000, norm_edit_dis: 0.958939, CTCLoss: 1.981504, NRTRLoss: 1.364222, loss: 3.344134, avg_reader_cost: 0.00286 s, avg_batch_cost: 0.62488 s, avg_samples: 85.2, ips: 136.34576 samples/s, eta: 2:28:50, max_mem_reserved: 25002 MB, max_mem_allocated: 13718 MB
[2025/11/10 14:43:56] ppocr INFO: epoch: [8/20], global_step: 8080, lr: 0.000249, acc: 0.737776, norm_edit_dis: 0.946621, CTCLoss: 2.445870, NRTRLoss: 1.376986, loss: 3.818179, avg_reader_cost: 0.00286 s, avg_batch_cost: 0.69471 s, avg_samples: 106.6, ips: 153.44625 samples/s, eta: 2:28:44, max_mem_reserved: 25002 MB, max_mem_allocated: 13718 MB
[2025/11/10 14:44:03] ppocr INFO: epoch: [8/20], global_step: 8090, lr: 0.000248, acc: 0.609375, norm_edit_dis: 0.931781, CTCLoss: 2.829926, NRTRLoss: 1.386670, loss: 4.208103, avg_reader_cost: 0.00289 s, avg_batch_cost: 0.68718 s, avg_samples: 104.4, ips: 151.92453 samples/s, eta: 2:28:38, max_mem_reserved: 25002 MB, max_mem_allocated: 13718 MB
[2025/11/10 14:44:09] ppocr INFO: epoch: [8/20], global_step: 8100, lr: 0.000248, acc: 0.700000, norm_edit_dis: 0.943074, CTCLoss: 2.367671, NRTRLoss: 1.365268, loss: 3.732939, avg_reader_cost: 0.00287 s, avg_batch_cost: 0.62166 s, avg_samples: 89.4, ips: 143.80815 samples/s, eta: 2:28:31, max_mem_reserved: 25002 MB, max_mem_allocated: 13718 MB
[2025/11/10 14:44:44] ppocr INFO: cur metric, acc: 0.8123999991876, norm_edit_dis: 0.9696246968837945, fps: 594.312785034084
[2025/11/10 14:44:46] ppocr INFO: save best model is to ./output/best_accuracy
[2025/11/10 14:44:46] ppocr INFO: best metric, acc: 0.8123999991876, is_float16: False, norm_edit_dis: 0.9696246968837945, fps: 594.312785034084, best_epoch: 8
[2025/11/10 14:44:53] ppocr INFO: epoch: [8/20], global_step: 8110, lr: 0.000248, acc: 0.726011, norm_edit_dis: 0.943219, CTCLoss: 2.271162, NRTRLoss: 1.373664, loss: 3.649624, avg_reader_cost: 0.00285 s, avg_batch_cost: 0.64752 s, avg_samples: 98.0, ips: 151.34751 samples/s, eta: 2:28:24, max_mem_reserved: 25002 MB, max_mem_allocated: 13718 MB
[2025/11/10 14:44:59] ppocr INFO: epoch: [8/20], global_step: 8120, lr: 0.000248, acc: 0.765165, norm_edit_dis: 0.956269, CTCLoss: 1.862163, NRTRLoss: 1.362448, loss: 3.227864, avg_reader_cost: 0.00288 s, avg_batch_cost: 0.63325 s, avg_samples: 85.2, ips: 134.54342 samples/s, eta: 2:28:17, max_mem_reserved: 25002 MB, max_mem_allocated: 13718 MB
[2025/11/10 14:45:06] ppocr INFO: epoch: [8/20], global_step: 8130, lr: 0.000248, acc: 0.765625, norm_edit_dis: 0.957630, CTCLoss: 1.860772, NRTRLoss: 1.357333, loss: 3.221613, avg_reader_cost: 0.00281 s, avg_batch_cost: 0.66699 s, avg_samples: 95.9, ips: 143.77969 samples/s, eta: 2:28:11, max_mem_reserved: 25002 MB, max_mem_allocated: 13718 MB
[2025/11/10 14:45:12] ppocr INFO: epoch: [8/20], global_step: 8140, lr: 0.000248, acc: 0.750000, norm_edit_dis: 0.955575, CTCLoss: 1.704404, NRTRLoss: 1.360730, loss: 3.067885, avg_reader_cost: 0.00301 s, avg_batch_cost: 0.63990 s, avg_samples: 85.2, ips: 133.14501 samples/s, eta: 2:28:04, max_mem_reserved: 25002 MB, max_mem_allocated: 13718 MB
[2025/11/10 14:45:19] ppocr INFO: epoch: [8/20], global_step: 8150, lr: 0.000248, acc: 0.750000, norm_edit_dis: 0.953003, CTCLoss: 1.730953, NRTRLoss: 1.373603, loss: 3.097203, avg_reader_cost: 0.00285 s, avg_batch_cost: 0.67113 s, avg_samples: 98.1, ips: 146.17097 samples/s, eta: 2:27:58, max_mem_reserved: 25002 MB, max_mem_allocated: 13718 MB
[2025/11/10 14:45:25] ppocr INFO: epoch: [8/20], global_step: 8160, lr: 0.000247, acc: 0.718198, norm_edit_dis: 0.944004, CTCLoss: 2.110799, NRTRLoss: 1.385411, loss: 3.497322, avg_reader_cost: 0.00284 s, avg_batch_cost: 0.63396 s, avg_samples: 89.5, ips: 141.17712 samples/s, eta: 2:27:51, max_mem_reserved: 25002 MB, max_mem_allocated: 13718 MB
[2025/11/10 14:45:32] ppocr INFO: epoch: [8/20], global_step: 8170, lr: 0.000247, acc: 0.718198, norm_edit_dis: 0.956140, CTCLoss: 1.917369, NRTRLoss: 1.378361, loss: 3.299076, avg_reader_cost: 0.00288 s, avg_batch_cost: 0.65798 s, avg_samples: 91.6, ips: 139.21303 samples/s, eta: 2:27:44, max_mem_reserved: 25002 MB, max_mem_allocated: 13718 MB
[2025/11/10 14:45:38] ppocr INFO: epoch: [8/20], global_step: 8180, lr: 0.000247, acc: 0.723529, norm_edit_dis: 0.948232, CTCLoss: 2.238230, NRTRLoss: 1.378361, loss: 3.611471, avg_reader_cost: 0.00288 s, avg_batch_cost: 0.64594 s, avg_samples: 95.9, ips: 148.46660 samples/s, eta: 2:27:38, max_mem_reserved: 25002 MB, max_mem_allocated: 13718 MB
[2025/11/10 14:45:45] ppocr INFO: epoch: [8/20], global_step: 8190, lr: 0.000247, acc: 0.723529, norm_edit_dis: 0.950890, CTCLoss: 2.287387, NRTRLoss: 1.377004, loss: 3.659157, avg_reader_cost: 0.00286 s, avg_batch_cost: 0.68181 s, avg_samples: 100.1, ips: 146.81558 samples/s, eta: 2:27:32, max_mem_reserved: 25002 MB, max_mem_allocated: 13718 MB
[2025/11/10 14:45:52] ppocr INFO: epoch: [8/20], global_step: 8200, lr: 0.000247, acc: 0.737776, norm_edit_dis: 0.952021, CTCLoss: 1.926930, NRTRLoss: 1.367205, loss: 3.291776, avg_reader_cost: 0.00288 s, avg_batch_cost: 0.62903 s, avg_samples: 83.2, ips: 132.26770 samples/s, eta: 2:27:25, max_mem_reserved: 25002 MB, max_mem_allocated: 13718 MB
[2025/11/10 14:46:26] ppocr INFO: cur metric, acc: 0.7984999992015, norm_edit_dis: 0.9644756529800602, fps: 600.7490399382646
[2025/11/10 14:46:26] ppocr INFO: best metric, acc: 0.8123999991876, is_float16: False, norm_edit_dis: 0.9696246968837945, fps: 594.312785034084, best_epoch: 8
[2025/11/10 14:46:33] ppocr INFO: epoch: [8/20], global_step: 8210, lr: 0.000247, acc: 0.716268, norm_edit_dis: 0.948838, CTCLoss: 1.978909, NRTRLoss: 1.367205, loss: 3.346114, avg_reader_cost: 0.00340 s, avg_batch_cost: 0.65554 s, avg_samples: 95.9, ips: 146.29161 samples/s, eta: 2:27:18, max_mem_reserved: 25002 MB, max_mem_allocated: 13718 MB
[2025/11/10 14:46:39] ppocr INFO: epoch: [8/20], global_step: 8220, lr: 0.000246, acc: 0.710937, norm_edit_dis: 0.944547, CTCLoss: 2.247000, NRTRLoss: 1.380476, loss: 3.627475, avg_reader_cost: 0.00279 s, avg_batch_cost: 0.63400 s, avg_samples: 85.2, ips: 134.38563 samples/s, eta: 2:27:11, max_mem_reserved: 25002 MB, max_mem_allocated: 13718 MB
[2025/11/10 14:46:46] ppocr INFO: epoch: [8/20], global_step: 8230, lr: 0.000246, acc: 0.718750, norm_edit_dis: 0.947316, CTCLoss: 2.040209, NRTRLoss: 1.371953, loss: 3.403579, avg_reader_cost: 0.00284 s, avg_batch_cost: 0.66065 s, avg_samples: 93.8, ips: 141.98211 samples/s, eta: 2:27:05, max_mem_reserved: 25002 MB, max_mem_allocated: 13718 MB
[2025/11/10 14:46:52] ppocr INFO: epoch: [8/20], global_step: 8240, lr: 0.000246, acc: 0.711765, norm_edit_dis: 0.945889, CTCLoss: 2.032468, NRTRLoss: 1.367032, loss: 3.398747, avg_reader_cost: 0.00289 s, avg_batch_cost: 0.67168 s, avg_samples: 102.3, ips: 152.30370 samples/s, eta: 2:26:59, max_mem_reserved: 25002 MB, max_mem_allocated: 13718 MB
[2025/11/10 14:46:59] ppocr INFO: epoch: [8/20], global_step: 8250, lr: 0.000246, acc: 0.718750, norm_edit_dis: 0.942706, CTCLoss: 2.140198, NRTRLoss: 1.375575, loss: 3.522165, avg_reader_cost: 0.00282 s, avg_batch_cost: 0.62118 s, avg_samples: 87.4, ips: 140.69968 samples/s, eta: 2:26:51, max_mem_reserved: 25002 MB, max_mem_allocated: 13718 MB
[2025/11/10 14:47:05] ppocr INFO: epoch: [8/20], global_step: 8260, lr: 0.000246, acc: 0.724081, norm_edit_dis: 0.953765, CTCLoss: 1.750391, NRTRLoss: 1.359621, loss: 3.103015, avg_reader_cost: 0.00338 s, avg_batch_cost: 0.66924 s, avg_samples: 98.0, ips: 146.43394 samples/s, eta: 2:26:45, max_mem_reserved: 25002 MB, max_mem_allocated: 13718 MB
[2025/11/10 14:47:12] ppocr INFO: epoch: [8/20], global_step: 8270, lr: 0.000246, acc: 0.723529, norm_edit_dis: 0.949416, CTCLoss: 1.963057, NRTRLoss: 1.371011, loss: 3.331817, avg_reader_cost: 0.00287 s, avg_batch_cost: 0.67192 s, avg_samples: 100.1, ips: 148.97598 samples/s, eta: 2:26:39, max_mem_reserved: 25002 MB, max_mem_allocated: 13718 MB
[2025/11/10 14:47:19] ppocr INFO: epoch: [8/20], global_step: 8280, lr: 0.000245, acc: 0.758823, norm_edit_dis: 0.951883, CTCLoss: 1.931658, NRTRLoss: 1.361828, loss: 3.298853, avg_reader_cost: 0.00289 s, avg_batch_cost: 0.65655 s, avg_samples: 89.5, ips: 136.31824 samples/s, eta: 2:26:32, max_mem_reserved: 25002 MB, max_mem_allocated: 13718 MB
[2025/11/10 14:47:25] ppocr INFO: epoch: [8/20], global_step: 8290, lr: 0.000245, acc: 0.718198, norm_edit_dis: 0.950468, CTCLoss: 2.444771, NRTRLoss: 1.361828, loss: 3.805359, avg_reader_cost: 0.00288 s, avg_batch_cost: 0.67996 s, avg_samples: 106.6, ips: 156.77501 samples/s, eta: 2:26:26, max_mem_reserved: 25002 MB, max_mem_allocated: 13718 MB
[2025/11/10 14:47:32] ppocr INFO: epoch: [8/20], global_step: 8300, lr: 0.000245, acc: 0.621094, norm_edit_dis: 0.929010, CTCLoss: 2.928051, NRTRLoss: 1.382321, loss: 4.294788, avg_reader_cost: 0.00286 s, avg_batch_cost: 0.68701 s, avg_samples: 100.2, ips: 145.85007 samples/s, eta: 2:26:20, max_mem_reserved: 25002 MB, max_mem_allocated: 13718 MB
[2025/11/10 14:48:07] ppocr INFO: cur metric, acc: 0.7917999992082, norm_edit_dis: 0.9675366688304784, fps: 606.8635166656097
[2025/11/10 14:48:07] ppocr INFO: best metric, acc: 0.8123999991876, is_float16: False, norm_edit_dis: 0.9696246968837945, fps: 594.312785034084, best_epoch: 8
[2025/11/10 14:48:13] ppocr INFO: epoch: [8/20], global_step: 8310, lr: 0.000245, acc: 0.621094, norm_edit_dis: 0.934196, CTCLoss: 2.676580, NRTRLoss: 1.379776, loss: 4.047323, avg_reader_cost: 0.00298 s, avg_batch_cost: 0.67390 s, avg_samples: 98.1, ips: 145.57020 samples/s, eta: 2:26:14, max_mem_reserved: 25002 MB, max_mem_allocated: 13718 MB
[2025/11/10 14:48:20] ppocr INFO: epoch: [8/20], global_step: 8320, lr: 0.000245, acc: 0.673254, norm_edit_dis: 0.941779, CTCLoss: 2.438996, NRTRLoss: 1.379462, loss: 3.821397, avg_reader_cost: 0.00283 s, avg_batch_cost: 0.64668 s, avg_samples: 98.0, ips: 151.54320 samples/s, eta: 2:26:07, max_mem_reserved: 25002 MB, max_mem_allocated: 13718 MB
[2025/11/10 14:48:26] ppocr INFO: epoch: [8/20], global_step: 8330, lr: 0.000245, acc: 0.711765, norm_edit_dis: 0.951369, CTCLoss: 1.853747, NRTRLoss: 1.363317, loss: 3.210538, avg_reader_cost: 0.00287 s, avg_batch_cost: 0.63207 s, avg_samples: 91.6, ips: 144.91987 samples/s, eta: 2:26:00, max_mem_reserved: 25002 MB, max_mem_allocated: 13718 MB
[2025/11/10 14:48:33] ppocr INFO: epoch: [8/20], global_step: 8340, lr: 0.000244, acc: 0.718198, norm_edit_dis: 0.950409, CTCLoss: 1.838884, NRTRLoss: 1.367519, loss: 3.207024, avg_reader_cost: 0.00290 s, avg_batch_cost: 0.67405 s, avg_samples: 98.1, ips: 145.53719 samples/s, eta: 2:25:54, max_mem_reserved: 25002 MB, max_mem_allocated: 13718 MB
[2025/11/10 14:48:39] ppocr INFO: epoch: [8/20], global_step: 8350, lr: 0.000244, acc: 0.724081, norm_edit_dis: 0.954203, CTCLoss: 1.860261, NRTRLoss: 1.371526, loss: 3.225429, avg_reader_cost: 0.00321 s, avg_batch_cost: 0.62274 s, avg_samples: 89.4, ips: 143.55941 samples/s, eta: 2:25:47, max_mem_reserved: 25002 MB, max_mem_allocated: 13718 MB
[2025/11/10 14:48:45] ppocr INFO: epoch: [8/20], global_step: 8360, lr: 0.000244, acc: 0.723529, norm_edit_dis: 0.956263, CTCLoss: 1.801616, NRTRLoss: 1.364694, loss: 3.159757, avg_reader_cost: 0.00291 s, avg_batch_cost: 0.64616 s, avg_samples: 93.7, ips: 145.01101 samples/s, eta: 2:25:41, max_mem_reserved: 25002 MB, max_mem_allocated: 13718 MB
[2025/11/10 14:48:52] ppocr INFO: epoch: [8/20], global_step: 8370, lr: 0.000244, acc: 0.710386, norm_edit_dis: 0.956435, CTCLoss: 2.054215, NRTRLoss: 1.363708, loss: 3.409734, avg_reader_cost: 0.00287 s, avg_batch_cost: 0.65995 s, avg_samples: 91.7, ips: 138.94987 samples/s, eta: 2:25:34, max_mem_reserved: 25002 MB, max_mem_allocated: 13718 MB
[2025/11/10 14:48:59] ppocr INFO: epoch: [8/20], global_step: 8380, lr: 0.000244, acc: 0.718750, norm_edit_dis: 0.955409, CTCLoss: 2.143396, NRTRLoss: 1.364489, loss: 3.492728, avg_reader_cost: 0.00282 s, avg_batch_cost: 0.67610 s, avg_samples: 100.2, ips: 148.20294 samples/s, eta: 2:25:28, max_mem_reserved: 25002 MB, max_mem_allocated: 13718 MB
[2025/11/10 14:49:05] ppocr INFO: epoch: [8/20], global_step: 8390, lr: 0.000243, acc: 0.753401, norm_edit_dis: 0.955036, CTCLoss: 2.045089, NRTRLoss: 1.363768, loss: 3.414194, avg_reader_cost: 0.00285 s, avg_batch_cost: 0.64606 s, avg_samples: 89.5, ips: 138.53292 samples/s, eta: 2:25:21, max_mem_reserved: 25002 MB, max_mem_allocated: 13718 MB
[2025/11/10 14:49:12] ppocr INFO: epoch: [8/20], global_step: 8400, lr: 0.000243, acc: 0.745588, norm_edit_dis: 0.954357, CTCLoss: 2.107323, NRTRLoss: 1.368871, loss: 3.468285, avg_reader_cost: 0.00337 s, avg_batch_cost: 0.63885 s, avg_samples: 93.8, ips: 146.82717 samples/s, eta: 2:25:14, max_mem_reserved: 25002 MB, max_mem_allocated: 13718 MB
[2025/11/10 14:49:47] ppocr INFO: cur metric, acc: 0.8201999991798, norm_edit_dis: 0.9697172561959874, fps: 583.5609494346583
[2025/11/10 14:49:50] ppocr INFO: save best model is to ./output/best_accuracy
[2025/11/10 14:49:50] ppocr INFO: best metric, acc: 0.8201999991798, is_float16: False, norm_edit_dis: 0.9697172561959874, fps: 583.5609494346583, best_epoch: 8
[2025/11/10 14:49:56] ppocr INFO: epoch: [8/20], global_step: 8410, lr: 0.000243, acc: 0.737776, norm_edit_dis: 0.953820, CTCLoss: 2.107323, NRTRLoss: 1.372522, loss: 3.468285, avg_reader_cost: 0.00283 s, avg_batch_cost: 0.65161 s, avg_samples: 91.6, ips: 140.57515 samples/s, eta: 2:25:08, max_mem_reserved: 25002 MB, max_mem_allocated: 13718 MB
[2025/11/10 14:50:02] ppocr INFO: epoch: [8/20], global_step: 8420, lr: 0.000243, acc: 0.764706, norm_edit_dis: 0.956517, CTCLoss: 1.856801, NRTRLoss: 1.364859, loss: 3.219556, avg_reader_cost: 0.00291 s, avg_batch_cost: 0.60795 s, avg_samples: 78.8, ips: 129.61568 samples/s, eta: 2:25:01, max_mem_reserved: 25002 MB, max_mem_allocated: 13718 MB
[2025/11/10 14:50:09] ppocr INFO: epoch: [8/20], global_step: 8430, lr: 0.000243, acc: 0.765625, norm_edit_dis: 0.955510, CTCLoss: 1.959374, NRTRLoss: 1.365017, loss: 3.323741, avg_reader_cost: 0.00287 s, avg_batch_cost: 0.65230 s, avg_samples: 93.8, ips: 143.79942 samples/s, eta: 2:24:54, max_mem_reserved: 25002 MB, max_mem_allocated: 13718 MB
[2025/11/10 14:50:15] ppocr INFO: epoch: [8/20], global_step: 8440, lr: 0.000243, acc: 0.726562, norm_edit_dis: 0.953752, CTCLoss: 2.452296, NRTRLoss: 1.367401, loss: 3.841728, avg_reader_cost: 0.00292 s, avg_batch_cost: 0.63860 s, avg_samples: 91.7, ips: 143.59479 samples/s, eta: 2:24:47, max_mem_reserved: 25002 MB, max_mem_allocated: 13718 MB
[2025/11/10 14:50:21] ppocr INFO: epoch: [8/20], global_step: 8450, lr: 0.000242, acc: 0.718198, norm_edit_dis: 0.958506, CTCLoss: 1.905761, NRTRLoss: 1.354410, loss: 3.280271, avg_reader_cost: 0.00289 s, avg_batch_cost: 0.61762 s, avg_samples: 80.9, ips: 130.98716 samples/s, eta: 2:24:40, max_mem_reserved: 25002 MB, max_mem_allocated: 13718 MB
[2025/11/10 14:50:28] ppocr INFO: epoch: [8/20], global_step: 8460, lr: 0.000242, acc: 0.735845, norm_edit_dis: 0.956284, CTCLoss: 1.849082, NRTRLoss: 1.358458, loss: 3.201353, avg_reader_cost: 0.00287 s, avg_batch_cost: 0.64790 s, avg_samples: 91.6, ips: 141.37889 samples/s, eta: 2:24:33, max_mem_reserved: 25002 MB, max_mem_allocated: 13718 MB
[2025/11/10 14:50:35] ppocr INFO: epoch: [8/20], global_step: 8470, lr: 0.000242, acc: 0.735845, norm_edit_dis: 0.947223, CTCLoss: 1.961781, NRTRLoss: 1.363786, loss: 3.312057, avg_reader_cost: 0.00288 s, avg_batch_cost: 0.67322 s, avg_samples: 89.5, ips: 132.94268 samples/s, eta: 2:24:27, max_mem_reserved: 25002 MB, max_mem_allocated: 13718 MB
[2025/11/10 14:50:41] ppocr INFO: epoch: [8/20], global_step: 8480, lr: 0.000242, acc: 0.739706, norm_edit_dis: 0.950945, CTCLoss: 1.861545, NRTRLoss: 1.365465, loss: 3.231642, avg_reader_cost: 0.00285 s, avg_batch_cost: 0.63236 s, avg_samples: 85.2, ips: 134.73369 samples/s, eta: 2:24:20, max_mem_reserved: 25002 MB, max_mem_allocated: 13718 MB
[2025/11/10 14:50:47] ppocr INFO: epoch: [8/20], global_step: 8490, lr: 0.000242, acc: 0.739706, norm_edit_dis: 0.954126, CTCLoss: 1.936012, NRTRLoss: 1.365208, loss: 3.309836, avg_reader_cost: 0.00286 s, avg_batch_cost: 0.64567 s, avg_samples: 89.5, ips: 138.61566 samples/s, eta: 2:24:14, max_mem_reserved: 25002 MB, max_mem_allocated: 13718 MB
[2025/11/10 14:50:54] ppocr INFO: epoch: [8/20], global_step: 8500, lr: 0.000242, acc: 0.735294, norm_edit_dis: 0.952962, CTCLoss: 2.006157, NRTRLoss: 1.362795, loss: 3.361960, avg_reader_cost: 0.00286 s, avg_batch_cost: 0.63801 s, avg_samples: 85.2, ips: 133.53967 samples/s, eta: 2:24:07, max_mem_reserved: 25002 MB, max_mem_allocated: 13718 MB
[2025/11/10 14:51:29] ppocr INFO: cur metric, acc: 0.8198999991801, norm_edit_dis: 0.9702145918491442, fps: 578.8242092280469
[2025/11/10 14:51:29] ppocr INFO: best metric, acc: 0.8201999991798, is_float16: False, norm_edit_dis: 0.9697172561959874, fps: 583.5609494346583, best_epoch: 8
[2025/11/10 14:51:35] ppocr INFO: epoch: [8/20], global_step: 8510, lr: 0.000241, acc: 0.750000, norm_edit_dis: 0.953705, CTCLoss: 1.801914, NRTRLoss: 1.362102, loss: 3.159672, avg_reader_cost: 0.00282 s, avg_batch_cost: 0.64057 s, avg_samples: 78.8, ips: 123.01620 samples/s, eta: 2:24:00, max_mem_reserved: 25002 MB, max_mem_allocated: 13718 MB
[2025/11/10 14:51:42] ppocr INFO: epoch: [8/20], global_step: 8520, lr: 0.000241, acc: 0.735294, norm_edit_dis: 0.953705, CTCLoss: 1.926646, NRTRLoss: 1.369139, loss: 3.294772, avg_reader_cost: 0.00317 s, avg_batch_cost: 0.63799 s, avg_samples: 89.5, ips: 140.28405 samples/s, eta: 2:23:53, max_mem_reserved: 25002 MB, max_mem_allocated: 13718 MB
[2025/11/10 14:51:49] ppocr INFO: epoch: [8/20], global_step: 8530, lr: 0.000241, acc: 0.696691, norm_edit_dis: 0.937200, CTCLoss: 2.457699, NRTRLoss: 1.379405, loss: 3.829611, avg_reader_cost: 0.00287 s, avg_batch_cost: 0.67811 s, avg_samples: 104.4, ips: 153.95655 samples/s, eta: 2:23:47, max_mem_reserved: 25002 MB, max_mem_allocated: 13718 MB
[2025/11/10 14:51:55] ppocr INFO: epoch: [8/20], global_step: 8540, lr: 0.000241, acc: 0.696691, norm_edit_dis: 0.942809, CTCLoss: 2.336944, NRTRLoss: 1.372750, loss: 3.713914, avg_reader_cost: 0.00286 s, avg_batch_cost: 0.62920 s, avg_samples: 83.1, ips: 132.07251 samples/s, eta: 2:23:40, max_mem_reserved: 25002 MB, max_mem_allocated: 13718 MB
[2025/11/10 14:52:01] ppocr INFO: epoch: [8/20], global_step: 8550, lr: 0.000241, acc: 0.729963, norm_edit_dis: 0.948437, CTCLoss: 2.232539, NRTRLoss: 1.370481, loss: 3.612200, avg_reader_cost: 0.00285 s, avg_batch_cost: 0.64864 s, avg_samples: 95.9, ips: 147.84710 samples/s, eta: 2:23:34, max_mem_reserved: 25002 MB, max_mem_allocated: 13718 MB
[2025/11/10 14:52:08] ppocr INFO: epoch: [8/20], global_step: 8560, lr: 0.000241, acc: 0.729963, norm_edit_dis: 0.945218, CTCLoss: 2.608016, NRTRLoss: 1.373864, loss: 3.982759, avg_reader_cost: 0.00285 s, avg_batch_cost: 0.62822 s, avg_samples: 87.4, ips: 139.12219 samples/s, eta: 2:23:27, max_mem_reserved: 25002 MB, max_mem_allocated: 13718 MB
[2025/11/10 14:52:14] ppocr INFO: epoch: [8/20], global_step: 8570, lr: 0.000240, acc: 0.726562, norm_edit_dis: 0.951720, CTCLoss: 2.127231, NRTRLoss: 1.368896, loss: 3.487777, avg_reader_cost: 0.00286 s, avg_batch_cost: 0.63602 s, avg_samples: 91.6, ips: 144.02147 samples/s, eta: 2:23:20, max_mem_reserved: 25002 MB, max_mem_allocated: 13718 MB
[2025/11/10 14:52:21] ppocr INFO: epoch: [8/20], global_step: 8580, lr: 0.000240, acc: 0.750000, norm_edit_dis: 0.954867, CTCLoss: 2.003579, NRTRLoss: 1.368896, loss: 3.370046, avg_reader_cost: 0.00330 s, avg_batch_cost: 0.64669 s, avg_samples: 95.9, ips: 148.29252 samples/s, eta: 2:23:13, max_mem_reserved: 25002 MB, max_mem_allocated: 13718 MB
[2025/11/10 14:52:27] ppocr INFO: epoch: [8/20], global_step: 8590, lr: 0.000240, acc: 0.745588, norm_edit_dis: 0.956653, CTCLoss: 2.114813, NRTRLoss: 1.359630, loss: 3.465826, avg_reader_cost: 0.00287 s, avg_batch_cost: 0.64235 s, avg_samples: 91.6, ips: 142.60204 samples/s, eta: 2:23:06, max_mem_reserved: 25002 MB, max_mem_allocated: 13718 MB
[2025/11/10 14:52:33] ppocr INFO: epoch: [8/20], global_step: 8600, lr: 0.000240, acc: 0.717647, norm_edit_dis: 0.956537, CTCLoss: 2.023867, NRTRLoss: 1.362282, loss: 3.383243, avg_reader_cost: 0.00285 s, avg_batch_cost: 0.63736 s, avg_samples: 91.6, ips: 143.71852 samples/s, eta: 2:23:00, max_mem_reserved: 25002 MB, max_mem_allocated: 13718 MB
[2025/11/10 14:53:09] ppocr INFO: cur metric, acc: 0.8244999991755, norm_edit_dis: 0.9706869585022465, fps: 584.9599102780606
[2025/11/10 14:53:11] ppocr INFO: save best model is to ./output/best_accuracy
[2025/11/10 14:53:11] ppocr INFO: best metric, acc: 0.8244999991755, is_float16: False, norm_edit_dis: 0.9706869585022465, fps: 584.9599102780606, best_epoch: 8
[2025/11/10 14:53:18] ppocr INFO: epoch: [8/20], global_step: 8610, lr: 0.000240, acc: 0.757812, norm_edit_dis: 0.965635, CTCLoss: 1.511424, NRTRLoss: 1.348611, loss: 2.867049, avg_reader_cost: 0.00298 s, avg_batch_cost: 0.63059 s, avg_samples: 76.7, ips: 121.63135 samples/s, eta: 2:22:53, max_mem_reserved: 25002 MB, max_mem_allocated: 13718 MB
[2025/11/10 14:53:24] ppocr INFO: epoch: [8/20], global_step: 8620, lr: 0.000240, acc: 0.771048, norm_edit_dis: 0.965748, CTCLoss: 1.482068, NRTRLoss: 1.348832, loss: 2.830974, avg_reader_cost: 0.00294 s, avg_batch_cost: 0.63130 s, avg_samples: 91.6, ips: 145.09752 samples/s, eta: 2:22:46, max_mem_reserved: 25002 MB, max_mem_allocated: 13718 MB
[2025/11/10 14:53:30] ppocr INFO: epoch: [8/20], global_step: 8630, lr: 0.000239, acc: 0.751470, norm_edit_dis: 0.960483, CTCLoss: 1.942986, NRTRLoss: 1.360991, loss: 3.313874, avg_reader_cost: 0.00290 s, avg_batch_cost: 0.64733 s, avg_samples: 93.7, ips: 144.74737 samples/s, eta: 2:22:39, max_mem_reserved: 25002 MB, max_mem_allocated: 13718 MB
[2025/11/10 14:53:37] ppocr INFO: epoch: [8/20], global_step: 8640, lr: 0.000239, acc: 0.739706, norm_edit_dis: 0.955627, CTCLoss: 1.941706, NRTRLoss: 1.367275, loss: 3.308978, avg_reader_cost: 0.00386 s, avg_batch_cost: 0.65918 s, avg_samples: 93.8, ips: 142.29861 samples/s, eta: 2:22:33, max_mem_reserved: 25002 MB, max_mem_allocated: 13718 MB
[2025/11/10 14:53:44] ppocr INFO: epoch: [8/20], global_step: 8650, lr: 0.000239, acc: 0.667969, norm_edit_dis: 0.943881, CTCLoss: 2.677257, NRTRLoss: 1.379937, loss: 4.055974, avg_reader_cost: 0.00330 s, avg_batch_cost: 0.68591 s, avg_samples: 104.5, ips: 152.35230 samples/s, eta: 2:22:27, max_mem_reserved: 25002 MB, max_mem_allocated: 13718 MB
[2025/11/10 14:53:50] ppocr INFO: epoch: [8/20], global_step: 8660, lr: 0.000239, acc: 0.718198, norm_edit_dis: 0.955238, CTCLoss: 1.905638, NRTRLoss: 1.360134, loss: 3.257864, avg_reader_cost: 0.00290 s, avg_batch_cost: 0.59933 s, avg_samples: 83.0, ips: 138.48886 samples/s, eta: 2:22:19, max_mem_reserved: 25002 MB, max_mem_allocated: 13718 MB
[2025/11/10 14:53:56] ppocr INFO: epoch: [8/20], global_step: 8670, lr: 0.000239, acc: 0.735294, norm_edit_dis: 0.955238, CTCLoss: 1.838008, NRTRLoss: 1.362017, loss: 3.201700, avg_reader_cost: 0.00290 s, avg_batch_cost: 0.64179 s, avg_samples: 95.8, ips: 149.27098 samples/s, eta: 2:22:13, max_mem_reserved: 25002 MB, max_mem_allocated: 13718 MB
[2025/11/10 14:54:03] ppocr INFO: epoch: [8/20], global_step: 8680, lr: 0.000238, acc: 0.717647, norm_edit_dis: 0.956707, CTCLoss: 2.100546, NRTRLoss: 1.363692, loss: 3.466397, avg_reader_cost: 0.00334 s, avg_batch_cost: 0.66333 s, avg_samples: 98.0, ips: 147.74039 samples/s, eta: 2:22:06, max_mem_reserved: 25002 MB, max_mem_allocated: 13718 MB
[2025/11/10 14:54:09] ppocr INFO: epoch: [8/20], global_step: 8688, lr: 0.000238, acc: 0.613281, norm_edit_dis: 0.930122, CTCLoss: 3.088610, NRTRLoss: 1.376825, loss: 4.464013, avg_reader_cost: 0.00231 s, avg_batch_cost: 0.55590 s, avg_samples: 89.6, ips: 161.18140 samples/s, eta: 2:22:02, max_mem_reserved: 25002 MB, max_mem_allocated: 13718 MB
[2025/11/10 14:54:12] ppocr INFO: save model in ./output/latest
[2025/11/10 14:54:13] ppocr INFO: save model in ./output/iter_epoch_8
[2025/11/10 14:54:15] ppocr INFO: epoch: [9/20], global_step: 8690, lr: 0.000238, acc: 0.660156, norm_edit_dis: 0.948798, CTCLoss: 2.641900, NRTRLoss: 1.369747, loss: 3.995408, avg_reader_cost: 0.52748 s, avg_batch_cost: 0.64754 s, avg_samples: 14.9, ips: 23.01005 samples/s, eta: 2:22:08, max_mem_reserved: 25002 MB, max_mem_allocated: 13718 MB
[2025/11/10 14:54:22] ppocr INFO: epoch: [9/20], global_step: 8700, lr: 0.000238, acc: 0.726562, norm_edit_dis: 0.951563, CTCLoss: 2.445020, NRTRLoss: 1.362247, loss: 3.802188, avg_reader_cost: 0.00285 s, avg_batch_cost: 0.65915 s, avg_samples: 89.4, ips: 135.63001 samples/s, eta: 2:22:01, max_mem_reserved: 25002 MB, max_mem_allocated: 13718 MB
[2025/11/10 14:54:57] ppocr INFO: cur metric, acc: 0.8236999991763, norm_edit_dis: 0.9711276617413376, fps: 578.9091811709205
[2025/11/10 14:54:57] ppocr INFO: best metric, acc: 0.8244999991755, is_float16: False, norm_edit_dis: 0.9706869585022465, fps: 584.9599102780606, best_epoch: 8
[2025/11/10 14:55:04] ppocr INFO: epoch: [9/20], global_step: 8710, lr: 0.000238, acc: 0.741176, norm_edit_dis: 0.951563, CTCLoss: 2.446773, NRTRLoss: 1.361892, loss: 3.806399, avg_reader_cost: 0.00309 s, avg_batch_cost: 0.70402 s, avg_samples: 104.4, ips: 148.29165 samples/s, eta: 2:21:56, max_mem_reserved: 25002 MB, max_mem_allocated: 13718 MB
[2025/11/10 14:55:10] ppocr INFO: epoch: [9/20], global_step: 8720, lr: 0.000238, acc: 0.749540, norm_edit_dis: 0.958489, CTCLoss: 1.903387, NRTRLoss: 1.358050, loss: 3.266158, avg_reader_cost: 0.00337 s, avg_batch_cost: 0.63906 s, avg_samples: 83.1, ips: 130.03517 samples/s, eta: 2:21:49, max_mem_reserved: 25002 MB, max_mem_allocated: 13718 MB
[2025/11/10 14:55:17] ppocr INFO: epoch: [9/20], global_step: 8730, lr: 0.000238, acc: 0.705882, norm_edit_dis: 0.950092, CTCLoss: 2.696748, NRTRLoss: 1.364270, loss: 4.048964, avg_reader_cost: 0.00294 s, avg_batch_cost: 0.70690 s, avg_samples: 113.0, ips: 159.85356 samples/s, eta: 2:21:43, max_mem_reserved: 25002 MB, max_mem_allocated: 13718 MB
[2025/11/10 14:55:23] ppocr INFO: epoch: [9/20], global_step: 8740, lr: 0.000237, acc: 0.695312, norm_edit_dis: 0.954751, CTCLoss: 2.805818, NRTRLoss: 1.359530, loss: 4.176674, avg_reader_cost: 0.00289 s, avg_batch_cost: 0.59960 s, avg_samples: 74.6, ips: 124.41575 samples/s, eta: 2:21:36, max_mem_reserved: 25002 MB, max_mem_allocated: 13718 MB
[2025/11/10 14:55:30] ppocr INFO: epoch: [9/20], global_step: 8750, lr: 0.000237, acc: 0.758823, norm_edit_dis: 0.961512, CTCLoss: 1.733185, NRTRLoss: 1.348663, loss: 3.086040, avg_reader_cost: 0.00337 s, avg_batch_cost: 0.65108 s, avg_samples: 89.4, ips: 137.31068 samples/s, eta: 2:21:29, max_mem_reserved: 25002 MB, max_mem_allocated: 13718 MB
[2025/11/10 14:55:37] ppocr INFO: epoch: [9/20], global_step: 8760, lr: 0.000237, acc: 0.745588, norm_edit_dis: 0.954013, CTCLoss: 1.838104, NRTRLoss: 1.353108, loss: 3.193713, avg_reader_cost: 0.00290 s, avg_batch_cost: 0.68808 s, avg_samples: 100.2, ips: 145.62229 samples/s, eta: 2:21:23, max_mem_reserved: 25002 MB, max_mem_allocated: 13718 MB
[2025/11/10 14:55:43] ppocr INFO: epoch: [9/20], global_step: 8770, lr: 0.000237, acc: 0.688235, norm_edit_dis: 0.953459, CTCLoss: 2.112541, NRTRLoss: 1.367480, loss: 3.480021, avg_reader_cost: 0.00292 s, avg_batch_cost: 0.66248 s, avg_samples: 91.7, ips: 138.41997 samples/s, eta: 2:21:17, max_mem_reserved: 25002 MB, max_mem_allocated: 13718 MB
[2025/11/10 14:55:49] ppocr INFO: epoch: [9/20], global_step: 8780, lr: 0.000237, acc: 0.776470, norm_edit_dis: 0.961918, CTCLoss: 1.532150, NRTRLoss: 1.351662, loss: 2.896132, avg_reader_cost: 0.00290 s, avg_batch_cost: 0.61702 s, avg_samples: 83.0, ips: 134.51733 samples/s, eta: 2:21:10, max_mem_reserved: 25002 MB, max_mem_allocated: 13718 MB
[2025/11/10 14:55:56] ppocr INFO: epoch: [9/20], global_step: 8790, lr: 0.000237, acc: 0.776470, norm_edit_dis: 0.964605, CTCLoss: 1.368921, NRTRLoss: 1.344097, loss: 2.710258, avg_reader_cost: 0.00294 s, avg_batch_cost: 0.63476 s, avg_samples: 89.5, ips: 140.99880 samples/s, eta: 2:21:03, max_mem_reserved: 25002 MB, max_mem_allocated: 13718 MB
[2025/11/10 14:56:02] ppocr INFO: epoch: [9/20], global_step: 8800, lr: 0.000236, acc: 0.792555, norm_edit_dis: 0.959473, CTCLoss: 1.630629, NRTRLoss: 1.356970, loss: 2.987342, avg_reader_cost: 0.00291 s, avg_batch_cost: 0.63010 s, avg_samples: 85.2, ips: 135.21581 samples/s, eta: 2:20:56, max_mem_reserved: 25002 MB, max_mem_allocated: 13718 MB
[2025/11/10 14:56:38] ppocr INFO: cur metric, acc: 0.8181999991818, norm_edit_dis: 0.9685713968730586, fps: 556.5353485724065
[2025/11/10 14:56:38] ppocr INFO: best metric, acc: 0.8244999991755, is_float16: False, norm_edit_dis: 0.9706869585022465, fps: 584.9599102780606, best_epoch: 8
[2025/11/10 14:56:44] ppocr INFO: epoch: [9/20], global_step: 8810, lr: 0.000236, acc: 0.792555, norm_edit_dis: 0.962797, CTCLoss: 1.801747, NRTRLoss: 1.358618, loss: 3.171217, avg_reader_cost: 0.00286 s, avg_batch_cost: 0.63172 s, avg_samples: 85.2, ips: 134.86984 samples/s, eta: 2:20:49, max_mem_reserved: 25002 MB, max_mem_allocated: 13718 MB
[2025/11/10 14:56:51] ppocr INFO: epoch: [9/20], global_step: 8820, lr: 0.000236, acc: 0.750000, norm_edit_dis: 0.960746, CTCLoss: 1.875857, NRTRLoss: 1.355931, loss: 3.220167, avg_reader_cost: 0.00291 s, avg_batch_cost: 0.64894 s, avg_samples: 91.6, ips: 141.15434 samples/s, eta: 2:20:42, max_mem_reserved: 25002 MB, max_mem_allocated: 13718 MB
[2025/11/10 14:56:58] ppocr INFO: epoch: [9/20], global_step: 8830, lr: 0.000236, acc: 0.729412, norm_edit_dis: 0.950591, CTCLoss: 2.241388, NRTRLoss: 1.369625, loss: 3.611013, avg_reader_cost: 0.00294 s, avg_batch_cost: 0.68360 s, avg_samples: 100.1, ips: 146.43018 samples/s, eta: 2:20:36, max_mem_reserved: 25002 MB, max_mem_allocated: 13718 MB
[2025/11/10 14:57:04] ppocr INFO: epoch: [9/20], global_step: 8840, lr: 0.000236, acc: 0.751470, norm_edit_dis: 0.960499, CTCLoss: 1.571935, NRTRLoss: 1.353713, loss: 2.912946, avg_reader_cost: 0.00287 s, avg_batch_cost: 0.61952 s, avg_samples: 80.9, ips: 130.58585 samples/s, eta: 2:20:29, max_mem_reserved: 25002 MB, max_mem_allocated: 13718 MB
[2025/11/10 14:57:11] ppocr INFO: epoch: [9/20], global_step: 8850, lr: 0.000235, acc: 0.752941, norm_edit_dis: 0.961047, CTCLoss: 1.582460, NRTRLoss: 1.354509, loss: 2.925866, avg_reader_cost: 0.00286 s, avg_batch_cost: 0.67039 s, avg_samples: 89.5, ips: 133.50390 samples/s, eta: 2:20:23, max_mem_reserved: 25002 MB, max_mem_allocated: 13718 MB
[2025/11/10 14:57:17] ppocr INFO: epoch: [9/20], global_step: 8860, lr: 0.000235, acc: 0.727941, norm_edit_dis: 0.953452, CTCLoss: 1.868793, NRTRLoss: 1.366239, loss: 3.229502, avg_reader_cost: 0.00286 s, avg_batch_cost: 0.67166 s, avg_samples: 93.8, ips: 139.65309 samples/s, eta: 2:20:17, max_mem_reserved: 25002 MB, max_mem_allocated: 13718 MB
[2025/11/10 14:57:24] ppocr INFO: epoch: [9/20], global_step: 8870, lr: 0.000235, acc: 0.703125, norm_edit_dis: 0.945706, CTCLoss: 1.876976, NRTRLoss: 1.376014, loss: 3.247277, avg_reader_cost: 0.00286 s, avg_batch_cost: 0.65953 s, avg_samples: 93.8, ips: 142.22153 samples/s, eta: 2:20:10, max_mem_reserved: 25002 MB, max_mem_allocated: 13718 MB
[2025/11/10 14:57:30] ppocr INFO: epoch: [9/20], global_step: 8880, lr: 0.000235, acc: 0.729412, norm_edit_dis: 0.945706, CTCLoss: 1.834163, NRTRLoss: 1.372322, loss: 3.200446, avg_reader_cost: 0.00289 s, avg_batch_cost: 0.65955 s, avg_samples: 91.6, ips: 138.88332 samples/s, eta: 2:20:04, max_mem_reserved: 25002 MB, max_mem_allocated: 13718 MB
[2025/11/10 14:57:37] ppocr INFO: epoch: [9/20], global_step: 8890, lr: 0.000235, acc: 0.741176, norm_edit_dis: 0.960159, CTCLoss: 1.689064, NRTRLoss: 1.360954, loss: 3.042943, avg_reader_cost: 0.00289 s, avg_batch_cost: 0.63759 s, avg_samples: 85.2, ips: 133.62766 samples/s, eta: 2:19:57, max_mem_reserved: 25002 MB, max_mem_allocated: 13718 MB
[2025/11/10 14:57:43] ppocr INFO: epoch: [9/20], global_step: 8900, lr: 0.000235, acc: 0.758823, norm_edit_dis: 0.959551, CTCLoss: 1.536723, NRTRLoss: 1.358691, loss: 2.886403, avg_reader_cost: 0.00286 s, avg_batch_cost: 0.63127 s, avg_samples: 87.3, ips: 138.29258 samples/s, eta: 2:19:50, max_mem_reserved: 25002 MB, max_mem_allocated: 13718 MB
[2025/11/10 14:58:19] ppocr INFO: cur metric, acc: 0.8123999991876, norm_edit_dis: 0.9695150076368865, fps: 594.0377688578486
[2025/11/10 14:58:19] ppocr INFO: best metric, acc: 0.8244999991755, is_float16: False, norm_edit_dis: 0.9706869585022465, fps: 584.9599102780606, best_epoch: 8
[2025/11/10 14:58:26] ppocr INFO: epoch: [9/20], global_step: 8910, lr: 0.000234, acc: 0.705882, norm_edit_dis: 0.935697, CTCLoss: 2.650473, NRTRLoss: 1.381192, loss: 4.031665, avg_reader_cost: 0.00306 s, avg_batch_cost: 0.72519 s, avg_samples: 113.0, ips: 155.82099 samples/s, eta: 2:19:44, max_mem_reserved: 25002 MB, max_mem_allocated: 13718 MB
[2025/11/10 14:58:33] ppocr INFO: epoch: [9/20], global_step: 8920, lr: 0.000234, acc: 0.679687, norm_edit_dis: 0.935929, CTCLoss: 2.836590, NRTRLoss: 1.382420, loss: 4.222359, avg_reader_cost: 0.00282 s, avg_batch_cost: 0.63070 s, avg_samples: 89.5, ips: 141.90541 samples/s, eta: 2:19:38, max_mem_reserved: 25002 MB, max_mem_allocated: 13718 MB
[2025/11/10 14:58:39] ppocr INFO: epoch: [9/20], global_step: 8930, lr: 0.000234, acc: 0.752941, norm_edit_dis: 0.956529, CTCLoss: 2.129714, NRTRLoss: 1.369162, loss: 3.510440, avg_reader_cost: 0.00282 s, avg_batch_cost: 0.66408 s, avg_samples: 95.8, ips: 144.26010 samples/s, eta: 2:19:31, max_mem_reserved: 25002 MB, max_mem_allocated: 13718 MB
[2025/11/10 14:58:46] ppocr INFO: epoch: [9/20], global_step: 8940, lr: 0.000234, acc: 0.765165, norm_edit_dis: 0.960779, CTCLoss: 1.971457, NRTRLoss: 1.361946, loss: 3.337149, avg_reader_cost: 0.00287 s, avg_batch_cost: 0.65512 s, avg_samples: 98.0, ips: 149.58981 samples/s, eta: 2:19:25, max_mem_reserved: 25002 MB, max_mem_allocated: 13718 MB
[2025/11/10 14:58:53] ppocr INFO: epoch: [9/20], global_step: 8950, lr: 0.000234, acc: 0.660156, norm_edit_dis: 0.941328, CTCLoss: 2.660388, NRTRLoss: 1.381744, loss: 4.035542, avg_reader_cost: 0.00282 s, avg_batch_cost: 0.73371 s, avg_samples: 104.5, ips: 142.42721 samples/s, eta: 2:19:19, max_mem_reserved: 25002 MB, max_mem_allocated: 13718 MB
[2025/11/10 14:59:00] ppocr INFO: epoch: [9/20], global_step: 8960, lr: 0.000234, acc: 0.687500, norm_edit_dis: 0.946033, CTCLoss: 2.395953, NRTRLoss: 1.380462, loss: 3.784654, avg_reader_cost: 0.00285 s, avg_batch_cost: 0.65110 s, avg_samples: 93.8, ips: 144.06310 samples/s, eta: 2:19:13, max_mem_reserved: 25002 MB, max_mem_allocated: 13718 MB
[2025/11/10 14:59:07] ppocr INFO: epoch: [9/20], global_step: 8970, lr: 0.000233, acc: 0.698713, norm_edit_dis: 0.946634, CTCLoss: 2.570057, NRTRLoss: 1.376446, loss: 3.949062, avg_reader_cost: 0.00285 s, avg_batch_cost: 0.70892 s, avg_samples: 106.6, ips: 150.37060 samples/s, eta: 2:19:07, max_mem_reserved: 25002 MB, max_mem_allocated: 13718 MB
[2025/11/10 14:59:13] ppocr INFO: epoch: [9/20], global_step: 8980, lr: 0.000233, acc: 0.609375, norm_edit_dis: 0.931231, CTCLoss: 2.899796, NRTRLoss: 1.381286, loss: 4.282795, avg_reader_cost: 0.00283 s, avg_batch_cost: 0.66029 s, avg_samples: 98.1, ips: 148.57003 samples/s, eta: 2:19:00, max_mem_reserved: 25002 MB, max_mem_allocated: 13718 MB
[2025/11/10 14:59:20] ppocr INFO: epoch: [9/20], global_step: 8990, lr: 0.000233, acc: 0.749540, norm_edit_dis: 0.955153, CTCLoss: 1.895484, NRTRLoss: 1.359160, loss: 3.249495, avg_reader_cost: 0.00284 s, avg_batch_cost: 0.64531 s, avg_samples: 91.6, ips: 141.94628 samples/s, eta: 2:18:54, max_mem_reserved: 25002 MB, max_mem_allocated: 13718 MB
[2025/11/10 14:59:26] ppocr INFO: epoch: [9/20], global_step: 9000, lr: 0.000233, acc: 0.782353, norm_edit_dis: 0.960726, CTCLoss: 1.664862, NRTRLoss: 1.359160, loss: 3.024022, avg_reader_cost: 0.00280 s, avg_batch_cost: 0.61054 s, avg_samples: 85.2, ips: 139.54885 samples/s, eta: 2:18:46, max_mem_reserved: 25002 MB, max_mem_allocated: 13718 MB
[2025/11/10 15:00:01] ppocr INFO: cur metric, acc: 0.8191999991808, norm_edit_dis: 0.9698308583610874, fps: 599.4049229413923
[2025/11/10 15:00:01] ppocr INFO: best metric, acc: 0.8244999991755, is_float16: False, norm_edit_dis: 0.9706869585022465, fps: 584.9599102780606, best_epoch: 8
[2025/11/10 15:00:07] ppocr INFO: epoch: [9/20], global_step: 9010, lr: 0.000233, acc: 0.717647, norm_edit_dis: 0.960175, CTCLoss: 2.071522, NRTRLoss: 1.365148, loss: 3.428462, avg_reader_cost: 0.00286 s, avg_batch_cost: 0.65229 s, avg_samples: 95.9, ips: 147.01996 samples/s, eta: 2:18:40, max_mem_reserved: 25002 MB, max_mem_allocated: 13718 MB
[2025/11/10 15:00:14] ppocr INFO: epoch: [9/20], global_step: 9020, lr: 0.000232, acc: 0.704504, norm_edit_dis: 0.954465, CTCLoss: 2.350502, NRTRLoss: 1.360181, loss: 3.727360, avg_reader_cost: 0.00286 s, avg_batch_cost: 0.65213 s, avg_samples: 93.8, ips: 143.83741 samples/s, eta: 2:18:33, max_mem_reserved: 25002 MB, max_mem_allocated: 13718 MB
[2025/11/10 15:00:20] ppocr INFO: epoch: [9/20], global_step: 9030, lr: 0.000232, acc: 0.752941, norm_edit_dis: 0.962111, CTCLoss: 1.739115, NRTRLoss: 1.355626, loss: 3.082173, avg_reader_cost: 0.00283 s, avg_batch_cost: 0.61609 s, avg_samples: 85.2, ips: 138.29086 samples/s, eta: 2:18:26, max_mem_reserved: 25002 MB, max_mem_allocated: 13718 MB
[2025/11/10 15:00:26] ppocr INFO: epoch: [9/20], global_step: 9040, lr: 0.000232, acc: 0.758823, norm_edit_dis: 0.957979, CTCLoss: 1.731394, NRTRLoss: 1.360352, loss: 3.090059, avg_reader_cost: 0.00287 s, avg_batch_cost: 0.63607 s, avg_samples: 87.3, ips: 137.24874 samples/s, eta: 2:18:19, max_mem_reserved: 25002 MB, max_mem_allocated: 13718 MB
[2025/11/10 15:00:33] ppocr INFO: epoch: [9/20], global_step: 9050, lr: 0.000232, acc: 0.764706, norm_edit_dis: 0.956728, CTCLoss: 1.689700, NRTRLoss: 1.362522, loss: 3.052222, avg_reader_cost: 0.00289 s, avg_batch_cost: 0.65911 s, avg_samples: 91.6, ips: 138.97493 samples/s, eta: 2:18:13, max_mem_reserved: 25002 MB, max_mem_allocated: 13718 MB
[2025/11/10 15:00:40] ppocr INFO: epoch: [9/20], global_step: 9060, lr: 0.000232, acc: 0.720129, norm_edit_dis: 0.950660, CTCLoss: 1.770479, NRTRLoss: 1.363797, loss: 3.135481, avg_reader_cost: 0.00286 s, avg_batch_cost: 0.66030 s, avg_samples: 95.9, ips: 145.23742 samples/s, eta: 2:18:06, max_mem_reserved: 25002 MB, max_mem_allocated: 13718 MB
[2025/11/10 15:00:46] ppocr INFO: epoch: [9/20], global_step: 9070, lr: 0.000232, acc: 0.723529, norm_edit_dis: 0.953305, CTCLoss: 1.756689, NRTRLoss: 1.366521, loss: 3.123455, avg_reader_cost: 0.00285 s, avg_batch_cost: 0.62478 s, avg_samples: 89.4, ips: 143.08930 samples/s, eta: 2:18:00, max_mem_reserved: 25002 MB, max_mem_allocated: 13718 MB
[2025/11/10 15:00:52] ppocr INFO: epoch: [9/20], global_step: 9080, lr: 0.000231, acc: 0.745588, norm_edit_dis: 0.955172, CTCLoss: 1.718527, NRTRLoss: 1.366942, loss: 3.075058, avg_reader_cost: 0.00286 s, avg_batch_cost: 0.63735 s, avg_samples: 89.5, ips: 140.42587 samples/s, eta: 2:17:53, max_mem_reserved: 25002 MB, max_mem_allocated: 13718 MB
[2025/11/10 15:00:58] ppocr INFO: epoch: [9/20], global_step: 9090, lr: 0.000231, acc: 0.741176, norm_edit_dis: 0.957550, CTCLoss: 1.653171, NRTRLoss: 1.363117, loss: 3.016288, avg_reader_cost: 0.00284 s, avg_batch_cost: 0.62507 s, avg_samples: 87.3, ips: 139.66540 samples/s, eta: 2:17:46, max_mem_reserved: 25002 MB, max_mem_allocated: 13718 MB
[2025/11/10 15:01:05] ppocr INFO: epoch: [9/20], global_step: 9100, lr: 0.000231, acc: 0.735294, norm_edit_dis: 0.956503, CTCLoss: 1.794851, NRTRLoss: 1.362861, loss: 3.173193, avg_reader_cost: 0.00282 s, avg_batch_cost: 0.66254 s, avg_samples: 100.1, ips: 151.08522 samples/s, eta: 2:17:39, max_mem_reserved: 25002 MB, max_mem_allocated: 13718 MB
[2025/11/10 15:01:40] ppocr INFO: cur metric, acc: 0.8211999991788, norm_edit_dis: 0.9702010149970677, fps: 574.0233254182522
[2025/11/10 15:01:40] ppocr INFO: best metric, acc: 0.8244999991755, is_float16: False, norm_edit_dis: 0.9706869585022465, fps: 584.9599102780606, best_epoch: 8
[2025/11/10 15:01:47] ppocr INFO: epoch: [9/20], global_step: 9110, lr: 0.000231, acc: 0.745588, norm_edit_dis: 0.955066, CTCLoss: 2.140161, NRTRLoss: 1.367508, loss: 3.519254, avg_reader_cost: 0.00291 s, avg_batch_cost: 0.63638 s, avg_samples: 91.6, ips: 143.93967 samples/s, eta: 2:17:33, max_mem_reserved: 25002 MB, max_mem_allocated: 13718 MB
[2025/11/10 15:01:53] ppocr INFO: epoch: [9/20], global_step: 9120, lr: 0.000231, acc: 0.765165, norm_edit_dis: 0.958742, CTCLoss: 1.651707, NRTRLoss: 1.359423, loss: 3.012679, avg_reader_cost: 0.00289 s, avg_batch_cost: 0.63592 s, avg_samples: 87.3, ips: 137.28230 samples/s, eta: 2:17:26, max_mem_reserved: 25002 MB, max_mem_allocated: 13718 MB
[2025/11/10 15:01:59] ppocr INFO: epoch: [9/20], global_step: 9130, lr: 0.000230, acc: 0.765625, norm_edit_dis: 0.960691, CTCLoss: 1.784972, NRTRLoss: 1.358756, loss: 3.141807, avg_reader_cost: 0.00289 s, avg_batch_cost: 0.63844 s, avg_samples: 78.8, ips: 123.42668 samples/s, eta: 2:17:19, max_mem_reserved: 25002 MB, max_mem_allocated: 13718 MB
[2025/11/10 15:02:06] ppocr INFO: epoch: [9/20], global_step: 9140, lr: 0.000230, acc: 0.757353, norm_edit_dis: 0.961926, CTCLoss: 2.029203, NRTRLoss: 1.356835, loss: 3.385925, avg_reader_cost: 0.00292 s, avg_batch_cost: 0.68926 s, avg_samples: 102.3, ips: 148.42103 samples/s, eta: 2:17:13, max_mem_reserved: 25002 MB, max_mem_allocated: 13718 MB
[2025/11/10 15:02:13] ppocr INFO: epoch: [9/20], global_step: 9150, lr: 0.000230, acc: 0.745588, norm_edit_dis: 0.950869, CTCLoss: 2.049027, NRTRLoss: 1.362067, loss: 3.415681, avg_reader_cost: 0.00290 s, avg_batch_cost: 0.66075 s, avg_samples: 89.4, ips: 135.30160 samples/s, eta: 2:17:06, max_mem_reserved: 25002 MB, max_mem_allocated: 13718 MB
[2025/11/10 15:02:20] ppocr INFO: epoch: [9/20], global_step: 9160, lr: 0.000230, acc: 0.745588, norm_edit_dis: 0.945380, CTCLoss: 2.143681, NRTRLoss: 1.361669, loss: 3.518858, avg_reader_cost: 0.00288 s, avg_batch_cost: 0.70555 s, avg_samples: 110.9, ips: 157.18279 samples/s, eta: 2:17:01, max_mem_reserved: 25002 MB, max_mem_allocated: 13718 MB
[2025/11/10 15:02:27] ppocr INFO: epoch: [9/20], global_step: 9170, lr: 0.000230, acc: 0.656250, norm_edit_dis: 0.948928, CTCLoss: 2.101820, NRTRLoss: 1.361487, loss: 3.470011, avg_reader_cost: 0.00286 s, avg_batch_cost: 0.65561 s, avg_samples: 89.5, ips: 136.51331 samples/s, eta: 2:16:54, max_mem_reserved: 25002 MB, max_mem_allocated: 13718 MB
[2025/11/10 15:02:34] ppocr INFO: epoch: [9/20], global_step: 9180, lr: 0.000230, acc: 0.703125, norm_edit_dis: 0.955920, CTCLoss: 1.891888, NRTRLoss: 1.362183, loss: 3.267300, avg_reader_cost: 0.00290 s, avg_batch_cost: 0.70115 s, avg_samples: 104.5, ips: 149.04125 samples/s, eta: 2:16:48, max_mem_reserved: 25002 MB, max_mem_allocated: 13718 MB
[2025/11/10 15:02:40] ppocr INFO: epoch: [9/20], global_step: 9190, lr: 0.000229, acc: 0.690855, norm_edit_dis: 0.946126, CTCLoss: 2.433758, NRTRLoss: 1.370435, loss: 3.813399, avg_reader_cost: 0.00285 s, avg_batch_cost: 0.66839 s, avg_samples: 98.0, ips: 146.62015 samples/s, eta: 2:16:42, max_mem_reserved: 25002 MB, max_mem_allocated: 13718 MB
[2025/11/10 15:02:47] ppocr INFO: epoch: [9/20], global_step: 9200, lr: 0.000229, acc: 0.745588, norm_edit_dis: 0.961414, CTCLoss: 1.871759, NRTRLoss: 1.356385, loss: 3.227672, avg_reader_cost: 0.00284 s, avg_batch_cost: 0.63455 s, avg_samples: 87.3, ips: 137.57843 samples/s, eta: 2:16:35, max_mem_reserved: 25002 MB, max_mem_allocated: 13718 MB
[2025/11/10 15:03:22] ppocr INFO: cur metric, acc: 0.8275999991724, norm_edit_dis: 0.9714810808601423, fps: 584.157059506889
[2025/11/10 15:03:24] ppocr INFO: save best model is to ./output/best_accuracy
[2025/11/10 15:03:24] ppocr INFO: best metric, acc: 0.8275999991724, is_float16: False, norm_edit_dis: 0.9714810808601423, fps: 584.157059506889, best_epoch: 9
[2025/11/10 15:03:31] ppocr INFO: epoch: [9/20], global_step: 9210, lr: 0.000229, acc: 0.764706, norm_edit_dis: 0.961129, CTCLoss: 1.597655, NRTRLoss: 1.353553, loss: 2.953295, avg_reader_cost: 0.00329 s, avg_batch_cost: 0.63957 s, avg_samples: 83.0, ips: 129.77505 samples/s, eta: 2:16:28, max_mem_reserved: 25002 MB, max_mem_allocated: 13718 MB
[2025/11/10 15:03:37] ppocr INFO: epoch: [9/20], global_step: 9220, lr: 0.000229, acc: 0.758823, norm_edit_dis: 0.959662, CTCLoss: 1.775226, NRTRLoss: 1.356038, loss: 3.135247, avg_reader_cost: 0.00288 s, avg_batch_cost: 0.64853 s, avg_samples: 89.5, ips: 138.00407 samples/s, eta: 2:16:22, max_mem_reserved: 25002 MB, max_mem_allocated: 13718 MB
[2025/11/10 15:03:44] ppocr INFO: epoch: [9/20], global_step: 9230, lr: 0.000229, acc: 0.750000, norm_edit_dis: 0.958207, CTCLoss: 1.949046, NRTRLoss: 1.355099, loss: 3.296954, avg_reader_cost: 0.00290 s, avg_batch_cost: 0.64163 s, avg_samples: 78.8, ips: 122.81287 samples/s, eta: 2:16:15, max_mem_reserved: 25002 MB, max_mem_allocated: 13718 MB
[2025/11/10 15:03:50] ppocr INFO: epoch: [9/20], global_step: 9240, lr: 0.000228, acc: 0.757353, norm_edit_dis: 0.958611, CTCLoss: 1.869515, NRTRLoss: 1.355099, loss: 3.228688, avg_reader_cost: 0.00547 s, avg_batch_cost: 0.65368 s, avg_samples: 85.2, ips: 130.33866 samples/s, eta: 2:16:08, max_mem_reserved: 25002 MB, max_mem_allocated: 13718 MB
[2025/11/10 15:03:57] ppocr INFO: epoch: [9/20], global_step: 9250, lr: 0.000228, acc: 0.765165, norm_edit_dis: 0.957141, CTCLoss: 2.120883, NRTRLoss: 1.364974, loss: 3.492243, avg_reader_cost: 0.00282 s, avg_batch_cost: 0.66597 s, avg_samples: 91.7, ips: 137.69457 samples/s, eta: 2:16:02, max_mem_reserved: 25002 MB, max_mem_allocated: 13718 MB
[2025/11/10 15:04:04] ppocr INFO: epoch: [9/20], global_step: 9260, lr: 0.000228, acc: 0.737776, norm_edit_dis: 0.951713, CTCLoss: 2.060111, NRTRLoss: 1.370164, loss: 3.429097, avg_reader_cost: 0.00280 s, avg_batch_cost: 0.66609 s, avg_samples: 93.8, ips: 140.82133 samples/s, eta: 2:15:56, max_mem_reserved: 25002 MB, max_mem_allocated: 13718 MB
[2025/11/10 15:04:10] ppocr INFO: epoch: [9/20], global_step: 9270, lr: 0.000228, acc: 0.734375, norm_edit_dis: 0.955581, CTCLoss: 1.899844, NRTRLoss: 1.362444, loss: 3.249618, avg_reader_cost: 0.00287 s, avg_batch_cost: 0.66287 s, avg_samples: 91.6, ips: 138.18793 samples/s, eta: 2:15:49, max_mem_reserved: 25002 MB, max_mem_allocated: 13718 MB
[2025/11/10 15:04:17] ppocr INFO: epoch: [9/20], global_step: 9280, lr: 0.000228, acc: 0.731893, norm_edit_dis: 0.961708, CTCLoss: 1.761782, NRTRLoss: 1.357279, loss: 3.106392, avg_reader_cost: 0.00285 s, avg_batch_cost: 0.67113 s, avg_samples: 102.3, ips: 152.43003 samples/s, eta: 2:15:43, max_mem_reserved: 25002 MB, max_mem_allocated: 13718 MB
[2025/11/10 15:04:24] ppocr INFO: epoch: [9/20], global_step: 9290, lr: 0.000227, acc: 0.695312, norm_edit_dis: 0.950999, CTCLoss: 2.122423, NRTRLoss: 1.367003, loss: 3.489426, avg_reader_cost: 0.00289 s, avg_batch_cost: 0.69630 s, avg_samples: 106.5, ips: 152.95117 samples/s, eta: 2:15:37, max_mem_reserved: 25002 MB, max_mem_allocated: 13718 MB
[2025/11/10 15:04:31] ppocr INFO: epoch: [9/20], global_step: 9300, lr: 0.000227, acc: 0.741176, norm_edit_dis: 0.958685, CTCLoss: 1.694952, NRTRLoss: 1.358184, loss: 3.062328, avg_reader_cost: 0.00284 s, avg_batch_cost: 0.65670 s, avg_samples: 85.2, ips: 129.73953 samples/s, eta: 2:15:30, max_mem_reserved: 25002 MB, max_mem_allocated: 13718 MB
[2025/11/10 15:05:05] ppocr INFO: cur metric, acc: 0.8306999991693, norm_edit_dis: 0.9710630540886348, fps: 620.1918744044265
[2025/11/10 15:05:07] ppocr INFO: save best model is to ./output/best_accuracy
[2025/11/10 15:05:07] ppocr INFO: best metric, acc: 0.8306999991693, is_float16: False, norm_edit_dis: 0.9710630540886348, fps: 620.1918744044265, best_epoch: 9
[2025/11/10 15:05:13] ppocr INFO: epoch: [9/20], global_step: 9310, lr: 0.000227, acc: 0.765625, norm_edit_dis: 0.955860, CTCLoss: 1.687927, NRTRLoss: 1.353503, loss: 3.045374, avg_reader_cost: 0.00295 s, avg_batch_cost: 0.61320 s, avg_samples: 76.7, ips: 125.08125 samples/s, eta: 2:15:23, max_mem_reserved: 25002 MB, max_mem_allocated: 13718 MB
[2025/11/10 15:05:20] ppocr INFO: epoch: [9/20], global_step: 9320, lr: 0.000227, acc: 0.751470, norm_edit_dis: 0.960409, CTCLoss: 1.788155, NRTRLoss: 1.349941, loss: 3.144253, avg_reader_cost: 0.00278 s, avg_batch_cost: 0.65756 s, avg_samples: 87.4, ips: 132.91526 samples/s, eta: 2:15:17, max_mem_reserved: 25002 MB, max_mem_allocated: 13718 MB
[2025/11/10 15:05:26] ppocr INFO: epoch: [9/20], global_step: 9330, lr: 0.000227, acc: 0.751470, norm_edit_dis: 0.959531, CTCLoss: 1.844967, NRTRLoss: 1.361917, loss: 3.219704, avg_reader_cost: 0.00285 s, avg_batch_cost: 0.64714 s, avg_samples: 76.7, ips: 118.52133 samples/s, eta: 2:15:10, max_mem_reserved: 25002 MB, max_mem_allocated: 13718 MB
[2025/11/10 15:05:33] ppocr INFO: epoch: [9/20], global_step: 9340, lr: 0.000227, acc: 0.765165, norm_edit_dis: 0.958058, CTCLoss: 1.680727, NRTRLoss: 1.365449, loss: 3.042694, avg_reader_cost: 0.00284 s, avg_batch_cost: 0.64571 s, avg_samples: 91.6, ips: 141.86009 samples/s, eta: 2:15:03, max_mem_reserved: 25002 MB, max_mem_allocated: 13718 MB
[2025/11/10 15:05:39] ppocr INFO: epoch: [9/20], global_step: 9350, lr: 0.000226, acc: 0.751470, norm_edit_dis: 0.957744, CTCLoss: 1.801411, NRTRLoss: 1.358636, loss: 3.170929, avg_reader_cost: 0.00282 s, avg_batch_cost: 0.66471 s, avg_samples: 93.8, ips: 141.11404 samples/s, eta: 2:14:57, max_mem_reserved: 25002 MB, max_mem_allocated: 13718 MB
[2025/11/10 15:05:46] ppocr INFO: epoch: [9/20], global_step: 9360, lr: 0.000226, acc: 0.727941, norm_edit_dis: 0.957744, CTCLoss: 2.132720, NRTRLoss: 1.358820, loss: 3.502522, avg_reader_cost: 0.00286 s, avg_batch_cost: 0.68722 s, avg_samples: 102.3, ips: 148.86063 samples/s, eta: 2:14:51, max_mem_reserved: 25002 MB, max_mem_allocated: 13718 MB
[2025/11/10 15:05:53] ppocr INFO: epoch: [9/20], global_step: 9370, lr: 0.000226, acc: 0.671875, norm_edit_dis: 0.944246, CTCLoss: 2.739151, NRTRLoss: 1.372831, loss: 4.107632, avg_reader_cost: 0.00285 s, avg_batch_cost: 0.68516 s, avg_samples: 102.3, ips: 149.30821 samples/s, eta: 2:14:45, max_mem_reserved: 25002 MB, max_mem_allocated: 13718 MB
[2025/11/10 15:06:00] ppocr INFO: epoch: [9/20], global_step: 9380, lr: 0.000226, acc: 0.671875, norm_edit_dis: 0.944246, CTCLoss: 2.742577, NRTRLoss: 1.372559, loss: 4.108413, avg_reader_cost: 0.00284 s, avg_batch_cost: 0.67959 s, avg_samples: 98.1, ips: 144.35129 samples/s, eta: 2:14:38, max_mem_reserved: 25002 MB, max_mem_allocated: 13718 MB
[2025/11/10 15:06:06] ppocr INFO: epoch: [9/20], global_step: 9390, lr: 0.000226, acc: 0.700000, norm_edit_dis: 0.942016, CTCLoss: 2.453816, NRTRLoss: 1.382811, loss: 3.844507, avg_reader_cost: 0.00283 s, avg_batch_cost: 0.67322 s, avg_samples: 98.0, ips: 145.56846 samples/s, eta: 2:14:32, max_mem_reserved: 25002 MB, max_mem_allocated: 13718 MB
[2025/11/10 15:06:13] ppocr INFO: epoch: [9/20], global_step: 9400, lr: 0.000225, acc: 0.720129, norm_edit_dis: 0.953090, CTCLoss: 2.134544, NRTRLoss: 1.367704, loss: 3.519614, avg_reader_cost: 0.00283 s, avg_batch_cost: 0.64922 s, avg_samples: 91.6, ips: 141.09197 samples/s, eta: 2:14:26, max_mem_reserved: 25002 MB, max_mem_allocated: 13718 MB
[2025/11/10 15:06:48] ppocr INFO: cur metric, acc: 0.8282999991717, norm_edit_dis: 0.9715652604904766, fps: 585.676641592056
[2025/11/10 15:06:48] ppocr INFO: best metric, acc: 0.8306999991693, is_float16: False, norm_edit_dis: 0.9710630540886348, fps: 620.1918744044265, best_epoch: 9
[2025/11/10 15:06:54] ppocr INFO: epoch: [9/20], global_step: 9410, lr: 0.000225, acc: 0.742187, norm_edit_dis: 0.955218, CTCLoss: 1.889219, NRTRLoss: 1.363277, loss: 3.247343, avg_reader_cost: 0.00308 s, avg_batch_cost: 0.65805 s, avg_samples: 91.6, ips: 139.19847 samples/s, eta: 2:14:19, max_mem_reserved: 25002 MB, max_mem_allocated: 13718 MB
[2025/11/10 15:07:01] ppocr INFO: epoch: [9/20], global_step: 9420, lr: 0.000225, acc: 0.743658, norm_edit_dis: 0.955126, CTCLoss: 2.104376, NRTRLoss: 1.364486, loss: 3.486826, avg_reader_cost: 0.00292 s, avg_batch_cost: 0.64044 s, avg_samples: 85.3, ips: 133.18952 samples/s, eta: 2:14:12, max_mem_reserved: 25002 MB, max_mem_allocated: 13718 MB
[2025/11/10 15:07:07] ppocr INFO: epoch: [9/20], global_step: 9430, lr: 0.000225, acc: 0.734375, norm_edit_dis: 0.954772, CTCLoss: 1.898817, NRTRLoss: 1.365934, loss: 3.269076, avg_reader_cost: 0.00293 s, avg_batch_cost: 0.66665 s, avg_samples: 87.4, ips: 131.10276 samples/s, eta: 2:14:06, max_mem_reserved: 25002 MB, max_mem_allocated: 13718 MB
[2025/11/10 15:07:15] ppocr INFO: epoch: [9/20], global_step: 9440, lr: 0.000225, acc: 0.617187, norm_edit_dis: 0.926724, CTCLoss: 3.079006, NRTRLoss: 1.375306, loss: 4.459528, avg_reader_cost: 0.00294 s, avg_batch_cost: 0.75209 s, avg_samples: 117.3, ips: 155.96574 samples/s, eta: 2:14:01, max_mem_reserved: 25002 MB, max_mem_allocated: 13718 MB
[2025/11/10 15:07:22] ppocr INFO: epoch: [9/20], global_step: 9450, lr: 0.000224, acc: 0.617187, norm_edit_dis: 0.926724, CTCLoss: 3.079006, NRTRLoss: 1.381128, loss: 4.459528, avg_reader_cost: 0.00292 s, avg_batch_cost: 0.65336 s, avg_samples: 93.7, ips: 143.41352 samples/s, eta: 2:13:54, max_mem_reserved: 25002 MB, max_mem_allocated: 13718 MB
[2025/11/10 15:07:28] ppocr INFO: epoch: [9/20], global_step: 9460, lr: 0.000224, acc: 0.751470, norm_edit_dis: 0.951819, CTCLoss: 1.549925, NRTRLoss: 1.359532, loss: 2.918338, avg_reader_cost: 0.00325 s, avg_batch_cost: 0.67076 s, avg_samples: 93.8, ips: 139.84069 samples/s, eta: 2:13:48, max_mem_reserved: 25002 MB, max_mem_allocated: 13718 MB
[2025/11/10 15:07:35] ppocr INFO: epoch: [9/20], global_step: 9470, lr: 0.000224, acc: 0.773437, norm_edit_dis: 0.958881, CTCLoss: 2.010765, NRTRLoss: 1.362132, loss: 3.378014, avg_reader_cost: 0.00322 s, avg_batch_cost: 0.63784 s, avg_samples: 81.0, ips: 126.99056 samples/s, eta: 2:13:41, max_mem_reserved: 25002 MB, max_mem_allocated: 13718 MB
[2025/11/10 15:07:41] ppocr INFO: epoch: [9/20], global_step: 9480, lr: 0.000224, acc: 0.773437, norm_edit_dis: 0.961060, CTCLoss: 1.600432, NRTRLoss: 1.356004, loss: 2.963587, avg_reader_cost: 0.00289 s, avg_batch_cost: 0.63992 s, avg_samples: 89.4, ips: 139.70450 samples/s, eta: 2:13:34, max_mem_reserved: 25002 MB, max_mem_allocated: 13718 MB
[2025/11/10 15:07:48] ppocr INFO: epoch: [9/20], global_step: 9490, lr: 0.000224, acc: 0.751470, norm_edit_dis: 0.959325, CTCLoss: 1.856996, NRTRLoss: 1.357779, loss: 3.215067, avg_reader_cost: 0.00359 s, avg_batch_cost: 0.64953 s, avg_samples: 85.3, ips: 131.32630 samples/s, eta: 2:13:28, max_mem_reserved: 25002 MB, max_mem_allocated: 13718 MB
[2025/11/10 15:07:54] ppocr INFO: epoch: [9/20], global_step: 9500, lr: 0.000224, acc: 0.750000, norm_edit_dis: 0.961615, CTCLoss: 1.893496, NRTRLoss: 1.358378, loss: 3.243560, avg_reader_cost: 0.00295 s, avg_batch_cost: 0.66358 s, avg_samples: 87.4, ips: 131.70931 samples/s, eta: 2:13:21, max_mem_reserved: 25002 MB, max_mem_allocated: 13718 MB
[2025/11/10 15:08:29] ppocr INFO: cur metric, acc: 0.8192999991807001, norm_edit_dis: 0.9704275827848484, fps: 610.1533298450144
[2025/11/10 15:08:29] ppocr INFO: best metric, acc: 0.8306999991693, is_float16: False, norm_edit_dis: 0.9710630540886348, fps: 620.1918744044265, best_epoch: 9
[2025/11/10 15:08:35] ppocr INFO: epoch: [9/20], global_step: 9510, lr: 0.000223, acc: 0.772978, norm_edit_dis: 0.960186, CTCLoss: 1.474432, NRTRLoss: 1.351414, loss: 2.818952, avg_reader_cost: 0.00292 s, avg_batch_cost: 0.61622 s, avg_samples: 78.8, ips: 127.87626 samples/s, eta: 2:13:14, max_mem_reserved: 25002 MB, max_mem_allocated: 13718 MB
[2025/11/10 15:08:41] ppocr INFO: epoch: [9/20], global_step: 9520, lr: 0.000223, acc: 0.771048, norm_edit_dis: 0.957344, CTCLoss: 1.480040, NRTRLoss: 1.351798, loss: 2.834423, avg_reader_cost: 0.00286 s, avg_batch_cost: 0.63882 s, avg_samples: 83.1, ips: 130.08353 samples/s, eta: 2:13:07, max_mem_reserved: 25002 MB, max_mem_allocated: 13718 MB
[2025/11/10 15:08:48] ppocr INFO: epoch: [9/20], global_step: 9530, lr: 0.000223, acc: 0.737776, norm_edit_dis: 0.954690, CTCLoss: 1.831222, NRTRLoss: 1.360597, loss: 3.193923, avg_reader_cost: 0.00291 s, avg_batch_cost: 0.65754 s, avg_samples: 87.3, ips: 132.76733 samples/s, eta: 2:13:01, max_mem_reserved: 25002 MB, max_mem_allocated: 13718 MB
[2025/11/10 15:08:55] ppocr INFO: epoch: [9/20], global_step: 9540, lr: 0.000223, acc: 0.705882, norm_edit_dis: 0.948399, CTCLoss: 2.149117, NRTRLoss: 1.367006, loss: 3.519440, avg_reader_cost: 0.00296 s, avg_batch_cost: 0.69940 s, avg_samples: 100.2, ips: 143.26566 samples/s, eta: 2:12:55, max_mem_reserved: 25002 MB, max_mem_allocated: 13718 MB
[2025/11/10 15:09:01] ppocr INFO: epoch: [9/20], global_step: 9550, lr: 0.000223, acc: 0.764706, norm_edit_dis: 0.956819, CTCLoss: 1.600756, NRTRLoss: 1.351066, loss: 2.947713, avg_reader_cost: 0.00290 s, avg_batch_cost: 0.63175 s, avg_samples: 85.2, ips: 134.86402 samples/s, eta: 2:12:48, max_mem_reserved: 25002 MB, max_mem_allocated: 13718 MB
[2025/11/10 15:09:08] ppocr INFO: epoch: [9/20], global_step: 9560, lr: 0.000222, acc: 0.758823, norm_edit_dis: 0.963048, CTCLoss: 1.470548, NRTRLoss: 1.343839, loss: 2.802192, avg_reader_cost: 0.00328 s, avg_batch_cost: 0.68200 s, avg_samples: 93.7, ips: 137.38905 samples/s, eta: 2:12:42, max_mem_reserved: 25002 MB, max_mem_allocated: 13718 MB
[2025/11/10 15:09:15] ppocr INFO: epoch: [9/20], global_step: 9570, lr: 0.000222, acc: 0.734375, norm_edit_dis: 0.953989, CTCLoss: 2.596771, NRTRLoss: 1.373794, loss: 3.974123, avg_reader_cost: 0.00296 s, avg_batch_cost: 0.67023 s, avg_samples: 95.9, ips: 143.08620 samples/s, eta: 2:12:36, max_mem_reserved: 25002 MB, max_mem_allocated: 13718 MB
[2025/11/10 15:09:21] ppocr INFO: epoch: [9/20], global_step: 9580, lr: 0.000222, acc: 0.703125, norm_edit_dis: 0.950757, CTCLoss: 2.399121, NRTRLoss: 1.373729, loss: 3.767139, avg_reader_cost: 0.00293 s, avg_batch_cost: 0.65050 s, avg_samples: 85.3, ips: 131.12899 samples/s, eta: 2:12:29, max_mem_reserved: 25002 MB, max_mem_allocated: 13718 MB
[2025/11/10 15:09:27] ppocr INFO: epoch: [9/20], global_step: 9590, lr: 0.000222, acc: 0.742187, norm_edit_dis: 0.957016, CTCLoss: 1.790091, NRTRLoss: 1.356978, loss: 3.148731, avg_reader_cost: 0.00290 s, avg_batch_cost: 0.62155 s, avg_samples: 81.0, ips: 130.31948 samples/s, eta: 2:12:22, max_mem_reserved: 25002 MB, max_mem_allocated: 13718 MB
[2025/11/10 15:09:34] ppocr INFO: epoch: [9/20], global_step: 9600, lr: 0.000222, acc: 0.757353, norm_edit_dis: 0.964003, CTCLoss: 1.531611, NRTRLoss: 1.344968, loss: 2.867530, avg_reader_cost: 0.00297 s, avg_batch_cost: 0.66166 s, avg_samples: 93.7, ips: 141.61396 samples/s, eta: 2:12:15, max_mem_reserved: 25002 MB, max_mem_allocated: 13718 MB
[2025/11/10 15:10:10] ppocr INFO: cur metric, acc: 0.8265999991734, norm_edit_dis: 0.9708171309472089, fps: 586.4863018741102
[2025/11/10 15:10:10] ppocr INFO: best metric, acc: 0.8306999991693, is_float16: False, norm_edit_dis: 0.9710630540886348, fps: 620.1918744044265, best_epoch: 9
[2025/11/10 15:10:17] ppocr INFO: epoch: [9/20], global_step: 9610, lr: 0.000221, acc: 0.659513, norm_edit_dis: 0.941269, CTCLoss: 2.631743, NRTRLoss: 1.377247, loss: 4.009512, avg_reader_cost: 0.00302 s, avg_batch_cost: 0.71993 s, avg_samples: 115.1, ips: 159.87667 samples/s, eta: 2:12:10, max_mem_reserved: 25002 MB, max_mem_allocated: 13718 MB
[2025/11/10 15:10:23] ppocr INFO: epoch: [9/20], global_step: 9620, lr: 0.000221, acc: 0.757353, norm_edit_dis: 0.948098, CTCLoss: 2.164701, NRTRLoss: 1.362106, loss: 3.538417, avg_reader_cost: 0.00338 s, avg_batch_cost: 0.59934 s, avg_samples: 74.6, ips: 124.47071 samples/s, eta: 2:12:02, max_mem_reserved: 25002 MB, max_mem_allocated: 13718 MB
[2025/11/10 15:10:30] ppocr INFO: epoch: [9/20], global_step: 9630, lr: 0.000221, acc: 0.750000, norm_edit_dis: 0.961470, CTCLoss: 1.841947, NRTRLoss: 1.353805, loss: 3.194912, avg_reader_cost: 0.00287 s, avg_batch_cost: 0.67723 s, avg_samples: 93.8, ips: 138.50470 samples/s, eta: 2:11:56, max_mem_reserved: 25002 MB, max_mem_allocated: 13718 MB
[2025/11/10 15:10:37] ppocr INFO: epoch: [9/20], global_step: 9640, lr: 0.000221, acc: 0.737776, norm_edit_dis: 0.954219, CTCLoss: 2.155083, NRTRLoss: 1.374323, loss: 3.523124, avg_reader_cost: 0.00289 s, avg_batch_cost: 0.66917 s, avg_samples: 95.8, ips: 143.16150 samples/s, eta: 2:11:50, max_mem_reserved: 25002 MB, max_mem_allocated: 13718 MB
[2025/11/10 15:10:44] ppocr INFO: epoch: [9/20], global_step: 9650, lr: 0.000221, acc: 0.734375, norm_edit_dis: 0.939196, CTCLoss: 2.156372, NRTRLoss: 1.381044, loss: 3.537386, avg_reader_cost: 0.00354 s, avg_batch_cost: 0.70739 s, avg_samples: 100.2, ips: 141.64810 samples/s, eta: 2:11:44, max_mem_reserved: 25002 MB, max_mem_allocated: 13718 MB
[2025/11/10 15:10:50] ppocr INFO: epoch: [9/20], global_step: 9660, lr: 0.000220, acc: 0.656250, norm_edit_dis: 0.930262, CTCLoss: 2.785703, NRTRLoss: 1.389409, loss: 4.177633, avg_reader_cost: 0.00337 s, avg_batch_cost: 0.67417 s, avg_samples: 98.1, ips: 145.51247 samples/s, eta: 2:11:38, max_mem_reserved: 25002 MB, max_mem_allocated: 13718 MB
[2025/11/10 15:10:58] ppocr INFO: epoch: [9/20], global_step: 9670, lr: 0.000220, acc: 0.687500, norm_edit_dis: 0.949161, CTCLoss: 2.498251, NRTRLoss: 1.381363, loss: 3.879392, avg_reader_cost: 0.00389 s, avg_batch_cost: 0.70780 s, avg_samples: 98.1, ips: 138.59833 samples/s, eta: 2:11:32, max_mem_reserved: 25002 MB, max_mem_allocated: 13718 MB
[2025/11/10 15:11:04] ppocr INFO: epoch: [9/20], global_step: 9680, lr: 0.000220, acc: 0.759283, norm_edit_dis: 0.957120, CTCLoss: 1.931951, NRTRLoss: 1.364017, loss: 3.295968, avg_reader_cost: 0.00290 s, avg_batch_cost: 0.66419 s, avg_samples: 91.6, ips: 137.91165 samples/s, eta: 2:11:25, max_mem_reserved: 25002 MB, max_mem_allocated: 13718 MB
[2025/11/10 15:11:11] ppocr INFO: epoch: [9/20], global_step: 9690, lr: 0.000220, acc: 0.743658, norm_edit_dis: 0.956558, CTCLoss: 1.880251, NRTRLoss: 1.362751, loss: 3.243694, avg_reader_cost: 0.00336 s, avg_batch_cost: 0.69246 s, avg_samples: 102.3, ips: 147.73397 samples/s, eta: 2:11:19, max_mem_reserved: 25002 MB, max_mem_allocated: 13718 MB
[2025/11/10 15:11:18] ppocr INFO: epoch: [9/20], global_step: 9700, lr: 0.000220, acc: 0.743658, norm_edit_dis: 0.950438, CTCLoss: 2.331398, NRTRLoss: 1.362751, loss: 3.712062, avg_reader_cost: 0.00287 s, avg_batch_cost: 0.67764 s, avg_samples: 95.8, ips: 141.37372 samples/s, eta: 2:11:13, max_mem_reserved: 25002 MB, max_mem_allocated: 13718 MB
[2025/11/10 15:11:53] ppocr INFO: cur metric, acc: 0.8256999991743, norm_edit_dis: 0.9722297742001504, fps: 586.0406816050566
[2025/11/10 15:11:53] ppocr INFO: best metric, acc: 0.8306999991693, is_float16: False, norm_edit_dis: 0.9710630540886348, fps: 620.1918744044265, best_epoch: 9
[2025/11/10 15:12:00] ppocr INFO: epoch: [9/20], global_step: 9710, lr: 0.000220, acc: 0.729412, norm_edit_dis: 0.953879, CTCLoss: 1.929102, NRTRLoss: 1.362335, loss: 3.299445, avg_reader_cost: 0.00292 s, avg_batch_cost: 0.68871 s, avg_samples: 98.0, ips: 142.29411 samples/s, eta: 2:11:07, max_mem_reserved: 25002 MB, max_mem_allocated: 13718 MB
[2025/11/10 15:12:07] ppocr INFO: epoch: [9/20], global_step: 9720, lr: 0.000219, acc: 0.729412, norm_edit_dis: 0.959111, CTCLoss: 1.632712, NRTRLoss: 1.351762, loss: 2.981369, avg_reader_cost: 0.00287 s, avg_batch_cost: 0.65737 s, avg_samples: 83.1, ips: 126.41274 samples/s, eta: 2:11:00, max_mem_reserved: 25002 MB, max_mem_allocated: 13718 MB
[2025/11/10 15:12:14] ppocr INFO: epoch: [9/20], global_step: 9730, lr: 0.000219, acc: 0.688833, norm_edit_dis: 0.939713, CTCLoss: 2.295029, NRTRLoss: 1.379377, loss: 3.668762, avg_reader_cost: 0.00292 s, avg_batch_cost: 0.70776 s, avg_samples: 104.5, ips: 147.64812 samples/s, eta: 2:10:54, max_mem_reserved: 25002 MB, max_mem_allocated: 13718 MB
[2025/11/10 15:12:21] ppocr INFO: epoch: [9/20], global_step: 9740, lr: 0.000219, acc: 0.688833, norm_edit_dis: 0.937661, CTCLoss: 2.591211, NRTRLoss: 1.381173, loss: 3.972648, avg_reader_cost: 0.00285 s, avg_batch_cost: 0.68409 s, avg_samples: 95.8, ips: 140.04074 samples/s, eta: 2:10:48, max_mem_reserved: 25002 MB, max_mem_allocated: 13718 MB
[2025/11/10 15:12:28] ppocr INFO: epoch: [9/20], global_step: 9750, lr: 0.000219, acc: 0.711765, norm_edit_dis: 0.947959, CTCLoss: 2.390437, NRTRLoss: 1.358749, loss: 3.762228, avg_reader_cost: 0.00380 s, avg_batch_cost: 0.69029 s, avg_samples: 106.5, ips: 154.28298 samples/s, eta: 2:10:42, max_mem_reserved: 25002 MB, max_mem_allocated: 13718 MB
[2025/11/10 15:12:34] ppocr INFO: epoch: [9/20], global_step: 9760, lr: 0.000219, acc: 0.720129, norm_edit_dis: 0.947667, CTCLoss: 2.751180, NRTRLoss: 1.361989, loss: 4.148638, avg_reader_cost: 0.00285 s, avg_batch_cost: 0.65007 s, avg_samples: 89.6, ips: 137.83133 samples/s, eta: 2:10:36, max_mem_reserved: 25002 MB, max_mem_allocated: 13718 MB
[2025/11/10 15:12:40] ppocr INFO: epoch: [9/20], global_step: 9770, lr: 0.000218, acc: 0.757812, norm_edit_dis: 0.958219, CTCLoss: 1.665879, NRTRLoss: 1.354564, loss: 3.020904, avg_reader_cost: 0.00285 s, avg_batch_cost: 0.60749 s, avg_samples: 85.2, ips: 140.24823 samples/s, eta: 2:10:28, max_mem_reserved: 25002 MB, max_mem_allocated: 13718 MB
[2025/11/10 15:12:42] ppocr INFO: epoch: [9/20], global_step: 9774, lr: 0.000218, acc: 0.778860, norm_edit_dis: 0.963572, CTCLoss: 1.430788, NRTRLoss: 1.348735, loss: 2.778304, avg_reader_cost: 0.00112 s, avg_batch_cost: 0.23503 s, avg_samples: 27.7, ips: 117.85682 samples/s, eta: 2:10:25, max_mem_reserved: 25002 MB, max_mem_allocated: 13718 MB
[2025/11/10 15:12:46] ppocr INFO: save model in ./output/latest
[2025/11/10 15:12:46] ppocr INFO: save model in ./output/iter_epoch_9
[2025/11/10 15:12:52] ppocr INFO: epoch: [10/20], global_step: 9780, lr: 0.000218, acc: 0.778860, norm_edit_dis: 0.964212, CTCLoss: 1.222073, NRTRLoss: 1.343404, loss: 2.567739, avg_reader_cost: 0.54298 s, avg_batch_cost: 0.95063 s, avg_samples: 57.5, ips: 60.48637 samples/s, eta: 2:10:28, max_mem_reserved: 25002 MB, max_mem_allocated: 13718 MB
[2025/11/10 15:12:59] ppocr INFO: epoch: [10/20], global_step: 9790, lr: 0.000218, acc: 0.752941, norm_edit_dis: 0.956757, CTCLoss: 1.717113, NRTRLoss: 1.353698, loss: 3.058768, avg_reader_cost: 0.00291 s, avg_batch_cost: 0.67415 s, avg_samples: 95.9, ips: 142.25356 samples/s, eta: 2:10:22, max_mem_reserved: 25002 MB, max_mem_allocated: 13718 MB
[2025/11/10 15:13:05] ppocr INFO: epoch: [10/20], global_step: 9800, lr: 0.000218, acc: 0.757812, norm_edit_dis: 0.956044, CTCLoss: 1.653039, NRTRLoss: 1.355169, loss: 2.992000, avg_reader_cost: 0.00291 s, avg_batch_cost: 0.64174 s, avg_samples: 83.1, ips: 129.49099 samples/s, eta: 2:10:15, max_mem_reserved: 25002 MB, max_mem_allocated: 13718 MB
[2025/11/10 15:13:40] ppocr INFO: cur metric, acc: 0.824999999175, norm_edit_dis: 0.9722034243441863, fps: 608.8081064602501
[2025/11/10 15:13:40] ppocr INFO: best metric, acc: 0.8306999991693, is_float16: False, norm_edit_dis: 0.9710630540886348, fps: 620.1918744044265, best_epoch: 9
[2025/11/10 15:13:47] ppocr INFO: epoch: [10/20], global_step: 9810, lr: 0.000218, acc: 0.759283, norm_edit_dis: 0.957335, CTCLoss: 1.556965, NRTRLoss: 1.348612, loss: 2.898391, avg_reader_cost: 0.00289 s, avg_batch_cost: 0.66377 s, avg_samples: 91.6, ips: 137.99940 samples/s, eta: 2:10:09, max_mem_reserved: 25002 MB, max_mem_allocated: 13718 MB
[2025/11/10 15:13:53] ppocr INFO: epoch: [10/20], global_step: 9820, lr: 0.000217, acc: 0.743658, norm_edit_dis: 0.954835, CTCLoss: 2.144328, NRTRLoss: 1.363332, loss: 3.520601, avg_reader_cost: 0.00289 s, avg_batch_cost: 0.64326 s, avg_samples: 91.6, ips: 142.40021 samples/s, eta: 2:10:02, max_mem_reserved: 25002 MB, max_mem_allocated: 13718 MB
[2025/11/10 15:14:00] ppocr INFO: epoch: [10/20], global_step: 9830, lr: 0.000217, acc: 0.705882, norm_edit_dis: 0.946166, CTCLoss: 2.555619, NRTRLoss: 1.368680, loss: 3.928804, avg_reader_cost: 0.00326 s, avg_batch_cost: 0.71046 s, avg_samples: 106.6, ips: 150.04406 samples/s, eta: 2:09:56, max_mem_reserved: 25002 MB, max_mem_allocated: 13718 MB
[2025/11/10 15:14:06] ppocr INFO: epoch: [10/20], global_step: 9840, lr: 0.000217, acc: 0.747059, norm_edit_dis: 0.959432, CTCLoss: 2.188780, NRTRLoss: 1.351738, loss: 3.552137, avg_reader_cost: 0.00281 s, avg_batch_cost: 0.61286 s, avg_samples: 78.8, ips: 128.57743 samples/s, eta: 2:09:49, max_mem_reserved: 25002 MB, max_mem_allocated: 13718 MB
[2025/11/10 15:14:12] ppocr INFO: epoch: [10/20], global_step: 9850, lr: 0.000217, acc: 0.788235, norm_edit_dis: 0.967550, CTCLoss: 1.675184, NRTRLoss: 1.342776, loss: 3.020106, avg_reader_cost: 0.00289 s, avg_batch_cost: 0.61846 s, avg_samples: 81.0, ips: 130.97011 samples/s, eta: 2:09:42, max_mem_reserved: 25002 MB, max_mem_allocated: 13718 MB
[2025/11/10 15:14:19] ppocr INFO: epoch: [10/20], global_step: 9860, lr: 0.000217, acc: 0.786673, norm_edit_dis: 0.968094, CTCLoss: 1.523512, NRTRLoss: 1.345323, loss: 2.864025, avg_reader_cost: 0.00283 s, avg_batch_cost: 0.65624 s, avg_samples: 93.8, ips: 142.93480 samples/s, eta: 2:09:36, max_mem_reserved: 25002 MB, max_mem_allocated: 13718 MB
[2025/11/10 15:14:25] ppocr INFO: epoch: [10/20], global_step: 9870, lr: 0.000216, acc: 0.757812, norm_edit_dis: 0.963017, CTCLoss: 1.487457, NRTRLoss: 1.350325, loss: 2.839154, avg_reader_cost: 0.00283 s, avg_batch_cost: 0.65109 s, avg_samples: 95.9, ips: 147.29035 samples/s, eta: 2:09:29, max_mem_reserved: 25002 MB, max_mem_allocated: 13718 MB
[2025/11/10 15:14:32] ppocr INFO: epoch: [10/20], global_step: 9880, lr: 0.000216, acc: 0.687500, norm_edit_dis: 0.951372, CTCLoss: 2.150084, NRTRLoss: 1.361455, loss: 3.511539, avg_reader_cost: 0.00291 s, avg_batch_cost: 0.70088 s, avg_samples: 106.6, ips: 152.09455 samples/s, eta: 2:09:23, max_mem_reserved: 25002 MB, max_mem_allocated: 13718 MB
[2025/11/10 15:14:39] ppocr INFO: epoch: [10/20], global_step: 9890, lr: 0.000216, acc: 0.671875, norm_edit_dis: 0.947361, CTCLoss: 2.550751, NRTRLoss: 1.371238, loss: 3.925409, avg_reader_cost: 0.00283 s, avg_batch_cost: 0.65312 s, avg_samples: 100.2, ips: 153.41789 samples/s, eta: 2:09:16, max_mem_reserved: 25002 MB, max_mem_allocated: 13718 MB
[2025/11/10 15:14:45] ppocr INFO: epoch: [10/20], global_step: 9900, lr: 0.000216, acc: 0.747059, norm_edit_dis: 0.958372, CTCLoss: 1.382020, NRTRLoss: 1.348532, loss: 2.727262, avg_reader_cost: 0.00283 s, avg_batch_cost: 0.64321 s, avg_samples: 91.6, ips: 142.41172 samples/s, eta: 2:09:10, max_mem_reserved: 25002 MB, max_mem_allocated: 13718 MB
[2025/11/10 15:15:21] ppocr INFO: cur metric, acc: 0.8260999991739, norm_edit_dis: 0.9726095212450592, fps: 596.2106240415781
[2025/11/10 15:15:21] ppocr INFO: best metric, acc: 0.8306999991693, is_float16: False, norm_edit_dis: 0.9710630540886348, fps: 620.1918744044265, best_epoch: 9
[2025/11/10 15:15:28] ppocr INFO: epoch: [10/20], global_step: 9910, lr: 0.000216, acc: 0.764706, norm_edit_dis: 0.959806, CTCLoss: 1.378047, NRTRLoss: 1.346290, loss: 2.722464, avg_reader_cost: 0.00298 s, avg_batch_cost: 0.67195 s, avg_samples: 93.7, ips: 139.44518 samples/s, eta: 2:09:03, max_mem_reserved: 25002 MB, max_mem_allocated: 13718 MB
[2025/11/10 15:15:34] ppocr INFO: epoch: [10/20], global_step: 9920, lr: 0.000215, acc: 0.770588, norm_edit_dis: 0.959806, CTCLoss: 1.412670, NRTRLoss: 1.352740, loss: 2.770917, avg_reader_cost: 0.00334 s, avg_batch_cost: 0.67000 s, avg_samples: 89.4, ips: 133.43336 samples/s, eta: 2:08:57, max_mem_reserved: 25002 MB, max_mem_allocated: 13718 MB
[2025/11/10 15:15:41] ppocr INFO: epoch: [10/20], global_step: 9930, lr: 0.000215, acc: 0.806250, norm_edit_dis: 0.971775, CTCLoss: 1.322812, NRTRLoss: 1.350572, loss: 2.658479, avg_reader_cost: 0.00283 s, avg_batch_cost: 0.61740 s, avg_samples: 78.8, ips: 127.63194 samples/s, eta: 2:08:50, max_mem_reserved: 25002 MB, max_mem_allocated: 13718 MB
[2025/11/10 15:15:47] ppocr INFO: epoch: [10/20], global_step: 9940, lr: 0.000215, acc: 0.812500, norm_edit_dis: 0.971693, CTCLoss: 1.371337, NRTRLoss: 1.344599, loss: 2.713099, avg_reader_cost: 0.00332 s, avg_batch_cost: 0.68300 s, avg_samples: 95.8, ips: 140.26252 samples/s, eta: 2:08:44, max_mem_reserved: 25002 MB, max_mem_allocated: 13718 MB
[2025/11/10 15:15:54] ppocr INFO: epoch: [10/20], global_step: 9950, lr: 0.000215, acc: 0.788235, norm_edit_dis: 0.962586, CTCLoss: 1.546983, NRTRLoss: 1.344599, loss: 2.894066, avg_reader_cost: 0.00294 s, avg_batch_cost: 0.63222 s, avg_samples: 83.1, ips: 131.44075 samples/s, eta: 2:08:37, max_mem_reserved: 25002 MB, max_mem_allocated: 13718 MB
[2025/11/10 15:16:01] ppocr INFO: epoch: [10/20], global_step: 9960, lr: 0.000215, acc: 0.765625, norm_edit_dis: 0.957160, CTCLoss: 1.736271, NRTRLoss: 1.360136, loss: 3.087295, avg_reader_cost: 0.00284 s, avg_batch_cost: 0.70959 s, avg_samples: 106.6, ips: 150.22672 samples/s, eta: 2:08:31, max_mem_reserved: 25002 MB, max_mem_allocated: 13718 MB
[2025/11/10 15:16:07] ppocr INFO: epoch: [10/20], global_step: 9970, lr: 0.000214, acc: 0.749540, norm_edit_dis: 0.951058, CTCLoss: 1.806122, NRTRLoss: 1.365015, loss: 3.170334, avg_reader_cost: 0.00288 s, avg_batch_cost: 0.65903 s, avg_samples: 87.4, ips: 132.61950 samples/s, eta: 2:08:24, max_mem_reserved: 25002 MB, max_mem_allocated: 13718 MB
[2025/11/10 15:16:15] ppocr INFO: epoch: [10/20], global_step: 9980, lr: 0.000214, acc: 0.726562, norm_edit_dis: 0.945941, CTCLoss: 2.362101, NRTRLoss: 1.369473, loss: 3.719794, avg_reader_cost: 0.00289 s, avg_batch_cost: 0.72227 s, avg_samples: 102.4, ips: 141.77606 samples/s, eta: 2:08:19, max_mem_reserved: 25002 MB, max_mem_allocated: 13718 MB
[2025/11/10 15:16:21] ppocr INFO: epoch: [10/20], global_step: 9990, lr: 0.000214, acc: 0.729963, norm_edit_dis: 0.956201, CTCLoss: 2.286087, NRTRLoss: 1.355722, loss: 3.628255, avg_reader_cost: 0.00333 s, avg_batch_cost: 0.64502 s, avg_samples: 89.4, ips: 138.60137 samples/s, eta: 2:08:12, max_mem_reserved: 25002 MB, max_mem_allocated: 13718 MB
[2025/11/10 15:16:28] ppocr INFO: epoch: [10/20], global_step: 10000, lr: 0.000214, acc: 0.751470, norm_edit_dis: 0.961363, CTCLoss: 1.550037, NRTRLoss: 1.350074, loss: 2.894288, avg_reader_cost: 0.00289 s, avg_batch_cost: 0.65450 s, avg_samples: 91.6, ips: 139.95429 samples/s, eta: 2:08:05, max_mem_reserved: 25002 MB, max_mem_allocated: 13718 MB
[2025/11/10 15:17:03] ppocr INFO: cur metric, acc: 0.8395999991604001, norm_edit_dis: 0.9741478001295188, fps: 590.0062188112563
[2025/11/10 15:17:06] ppocr INFO: save best model is to ./output/best_accuracy
[2025/11/10 15:17:06] ppocr INFO: best metric, acc: 0.8395999991604001, is_float16: False, norm_edit_dis: 0.9741478001295188, fps: 590.0062188112563, best_epoch: 10
[2025/11/10 15:17:12] ppocr INFO: epoch: [10/20], global_step: 10010, lr: 0.000214, acc: 0.757353, norm_edit_dis: 0.962144, CTCLoss: 1.701568, NRTRLoss: 1.353156, loss: 3.052478, avg_reader_cost: 0.00297 s, avg_batch_cost: 0.67642 s, avg_samples: 85.2, ips: 125.95771 samples/s, eta: 2:07:59, max_mem_reserved: 25002 MB, max_mem_allocated: 13718 MB
[2025/11/10 15:17:19] ppocr INFO: epoch: [10/20], global_step: 10020, lr: 0.000214, acc: 0.757353, norm_edit_dis: 0.962351, CTCLoss: 1.690340, NRTRLoss: 1.358498, loss: 3.040203, avg_reader_cost: 0.00290 s, avg_batch_cost: 0.68876 s, avg_samples: 93.8, ips: 136.18648 samples/s, eta: 2:07:53, max_mem_reserved: 25002 MB, max_mem_allocated: 13718 MB
[2025/11/10 15:17:25] ppocr INFO: epoch: [10/20], global_step: 10030, lr: 0.000213, acc: 0.778860, norm_edit_dis: 0.962741, CTCLoss: 1.373998, NRTRLoss: 1.347243, loss: 2.731014, avg_reader_cost: 0.00287 s, avg_batch_cost: 0.61238 s, avg_samples: 85.2, ips: 139.12891 samples/s, eta: 2:07:46, max_mem_reserved: 25002 MB, max_mem_allocated: 13718 MB
[2025/11/10 15:17:32] ppocr INFO: epoch: [10/20], global_step: 10040, lr: 0.000213, acc: 0.790625, norm_edit_dis: 0.968368, CTCLoss: 1.291393, NRTRLoss: 1.339453, loss: 2.632726, avg_reader_cost: 0.00300 s, avg_batch_cost: 0.62171 s, avg_samples: 78.9, ips: 126.90705 samples/s, eta: 2:07:39, max_mem_reserved: 25002 MB, max_mem_allocated: 13718 MB
[2025/11/10 15:17:38] ppocr INFO: epoch: [10/20], global_step: 10050, lr: 0.000213, acc: 0.765625, norm_edit_dis: 0.964178, CTCLoss: 1.520703, NRTRLoss: 1.346561, loss: 2.874313, avg_reader_cost: 0.00292 s, avg_batch_cost: 0.65387 s, avg_samples: 93.7, ips: 143.29977 samples/s, eta: 2:07:32, max_mem_reserved: 25002 MB, max_mem_allocated: 13718 MB
[2025/11/10 15:17:45] ppocr INFO: epoch: [10/20], global_step: 10060, lr: 0.000213, acc: 0.749540, norm_edit_dis: 0.956948, CTCLoss: 1.766531, NRTRLoss: 1.354018, loss: 3.121808, avg_reader_cost: 0.00324 s, avg_batch_cost: 0.65153 s, avg_samples: 83.2, ips: 127.70001 samples/s, eta: 2:07:26, max_mem_reserved: 25002 MB, max_mem_allocated: 13718 MB
[2025/11/10 15:17:51] ppocr INFO: epoch: [10/20], global_step: 10070, lr: 0.000213, acc: 0.776930, norm_edit_dis: 0.962284, CTCLoss: 1.533665, NRTRLoss: 1.351920, loss: 2.891388, avg_reader_cost: 0.00294 s, avg_batch_cost: 0.63618 s, avg_samples: 87.4, ips: 137.38222 samples/s, eta: 2:07:19, max_mem_reserved: 25002 MB, max_mem_allocated: 13718 MB
[2025/11/10 15:17:58] ppocr INFO: epoch: [10/20], global_step: 10080, lr: 0.000212, acc: 0.757812, norm_edit_dis: 0.958149, CTCLoss: 1.816229, NRTRLoss: 1.363476, loss: 3.168579, avg_reader_cost: 0.00288 s, avg_batch_cost: 0.68866 s, avg_samples: 102.3, ips: 148.54910 samples/s, eta: 2:07:13, max_mem_reserved: 25002 MB, max_mem_allocated: 13718 MB
[2025/11/10 15:18:05] ppocr INFO: epoch: [10/20], global_step: 10090, lr: 0.000212, acc: 0.776930, norm_edit_dis: 0.960154, CTCLoss: 1.652209, NRTRLoss: 1.348393, loss: 2.997360, avg_reader_cost: 0.00287 s, avg_batch_cost: 0.65065 s, avg_samples: 83.1, ips: 127.71760 samples/s, eta: 2:07:06, max_mem_reserved: 25002 MB, max_mem_allocated: 13718 MB
[2025/11/10 15:18:11] ppocr INFO: epoch: [10/20], global_step: 10100, lr: 0.000212, acc: 0.796875, norm_edit_dis: 0.960700, CTCLoss: 1.527238, NRTRLoss: 1.344904, loss: 2.883869, avg_reader_cost: 0.00295 s, avg_batch_cost: 0.66801 s, avg_samples: 93.8, ips: 140.41683 samples/s, eta: 2:07:00, max_mem_reserved: 25002 MB, max_mem_allocated: 13718 MB
[2025/11/10 15:18:47] ppocr INFO: cur metric, acc: 0.835999999164, norm_edit_dis: 0.9725438231541451, fps: 582.498421577022
[2025/11/10 15:18:47] ppocr INFO: best metric, acc: 0.8395999991604001, is_float16: False, norm_edit_dis: 0.9741478001295188, fps: 590.0062188112563, best_epoch: 10
[2025/11/10 15:18:53] ppocr INFO: epoch: [10/20], global_step: 10110, lr: 0.000212, acc: 0.781250, norm_edit_dis: 0.959844, CTCLoss: 1.588185, NRTRLoss: 1.358513, loss: 2.950548, avg_reader_cost: 0.00289 s, avg_batch_cost: 0.64357 s, avg_samples: 87.3, ips: 135.65033 samples/s, eta: 2:06:53, max_mem_reserved: 25002 MB, max_mem_allocated: 13718 MB
[2025/11/10 15:18:59] ppocr INFO: epoch: [10/20], global_step: 10120, lr: 0.000212, acc: 0.805882, norm_edit_dis: 0.970344, CTCLoss: 1.332063, NRTRLoss: 1.350091, loss: 2.682176, avg_reader_cost: 0.00287 s, avg_batch_cost: 0.61560 s, avg_samples: 74.6, ips: 121.18250 samples/s, eta: 2:06:46, max_mem_reserved: 25002 MB, max_mem_allocated: 13718 MB
[2025/11/10 15:19:06] ppocr INFO: epoch: [10/20], global_step: 10130, lr: 0.000211, acc: 0.804320, norm_edit_dis: 0.966307, CTCLoss: 1.363659, NRTRLoss: 1.351669, loss: 2.712929, avg_reader_cost: 0.00286 s, avg_batch_cost: 0.63744 s, avg_samples: 87.4, ips: 137.11032 samples/s, eta: 2:06:39, max_mem_reserved: 25002 MB, max_mem_allocated: 13718 MB
[2025/11/10 15:19:13] ppocr INFO: epoch: [10/20], global_step: 10140, lr: 0.000211, acc: 0.683042, norm_edit_dis: 0.945946, CTCLoss: 2.593804, NRTRLoss: 1.373679, loss: 3.969152, avg_reader_cost: 0.00293 s, avg_batch_cost: 0.70950 s, avg_samples: 115.1, ips: 162.22681 samples/s, eta: 2:06:33, max_mem_reserved: 25002 MB, max_mem_allocated: 13718 MB
[2025/11/10 15:19:20] ppocr INFO: epoch: [10/20], global_step: 10150, lr: 0.000211, acc: 0.648437, norm_edit_dis: 0.941163, CTCLoss: 2.680910, NRTRLoss: 1.374808, loss: 4.066863, avg_reader_cost: 0.00286 s, avg_batch_cost: 0.69313 s, avg_samples: 106.5, ips: 153.65152 samples/s, eta: 2:06:27, max_mem_reserved: 25002 MB, max_mem_allocated: 13718 MB
[2025/11/10 15:19:26] ppocr INFO: epoch: [10/20], global_step: 10160, lr: 0.000211, acc: 0.782353, norm_edit_dis: 0.962265, CTCLoss: 1.361248, NRTRLoss: 1.355832, loss: 2.703081, avg_reader_cost: 0.00332 s, avg_batch_cost: 0.67481 s, avg_samples: 93.7, ips: 138.85441 samples/s, eta: 2:06:21, max_mem_reserved: 25002 MB, max_mem_allocated: 13718 MB
[2025/11/10 15:19:33] ppocr INFO: epoch: [10/20], global_step: 10170, lr: 0.000211, acc: 0.796507, norm_edit_dis: 0.971140, CTCLoss: 1.210181, NRTRLoss: 1.343048, loss: 2.549826, avg_reader_cost: 0.00288 s, avg_batch_cost: 0.62548 s, avg_samples: 81.0, ips: 129.50047 samples/s, eta: 2:06:14, max_mem_reserved: 25002 MB, max_mem_allocated: 13718 MB
[2025/11/10 15:19:40] ppocr INFO: epoch: [10/20], global_step: 10180, lr: 0.000210, acc: 0.749540, norm_edit_dis: 0.962335, CTCLoss: 1.550117, NRTRLoss: 1.347182, loss: 2.892472, avg_reader_cost: 0.00282 s, avg_batch_cost: 0.68021 s, avg_samples: 100.2, ips: 147.30732 samples/s, eta: 2:06:08, max_mem_reserved: 25002 MB, max_mem_allocated: 13718 MB
[2025/11/10 15:19:47] ppocr INFO: epoch: [10/20], global_step: 10190, lr: 0.000210, acc: 0.675781, norm_edit_dis: 0.939439, CTCLoss: 2.496941, NRTRLoss: 1.370438, loss: 3.876611, avg_reader_cost: 0.00281 s, avg_batch_cost: 0.70573 s, avg_samples: 108.7, ips: 154.02438 samples/s, eta: 2:06:02, max_mem_reserved: 25002 MB, max_mem_allocated: 13718 MB
[2025/11/10 15:19:54] ppocr INFO: epoch: [10/20], global_step: 10200, lr: 0.000210, acc: 0.675781, norm_edit_dis: 0.937969, CTCLoss: 2.635049, NRTRLoss: 1.379289, loss: 4.008409, avg_reader_cost: 0.00292 s, avg_batch_cost: 0.69074 s, avg_samples: 102.3, ips: 148.10103 samples/s, eta: 2:05:55, max_mem_reserved: 25002 MB, max_mem_allocated: 13718 MB
[2025/11/10 15:20:28] ppocr INFO: cur metric, acc: 0.8236999991763, norm_edit_dis: 0.9725702695893469, fps: 612.6910109113032
[2025/11/10 15:20:28] ppocr INFO: best metric, acc: 0.8395999991604001, is_float16: False, norm_edit_dis: 0.9741478001295188, fps: 590.0062188112563, best_epoch: 10
[2025/11/10 15:20:35] ppocr INFO: epoch: [10/20], global_step: 10210, lr: 0.000210, acc: 0.751470, norm_edit_dis: 0.953336, CTCLoss: 2.000326, NRTRLoss: 1.366776, loss: 3.368108, avg_reader_cost: 0.00293 s, avg_batch_cost: 0.66584 s, avg_samples: 91.6, ips: 137.57038 samples/s, eta: 2:05:49, max_mem_reserved: 25002 MB, max_mem_allocated: 13718 MB
[2025/11/10 15:20:41] ppocr INFO: epoch: [10/20], global_step: 10220, lr: 0.000210, acc: 0.759283, norm_edit_dis: 0.957710, CTCLoss: 1.459363, NRTRLoss: 1.349400, loss: 2.811477, avg_reader_cost: 0.00287 s, avg_batch_cost: 0.67215 s, avg_samples: 95.9, ips: 142.67605 samples/s, eta: 2:05:43, max_mem_reserved: 25002 MB, max_mem_allocated: 13718 MB
[2025/11/10 15:20:48] ppocr INFO: epoch: [10/20], global_step: 10230, lr: 0.000209, acc: 0.752941, norm_edit_dis: 0.957323, CTCLoss: 1.521028, NRTRLoss: 1.348321, loss: 2.875669, avg_reader_cost: 0.00385 s, avg_batch_cost: 0.61864 s, avg_samples: 83.1, ips: 134.32722 samples/s, eta: 2:05:36, max_mem_reserved: 25002 MB, max_mem_allocated: 13718 MB
[2025/11/10 15:20:54] ppocr INFO: epoch: [10/20], global_step: 10240, lr: 0.000209, acc: 0.718198, norm_edit_dis: 0.951217, CTCLoss: 2.110034, NRTRLoss: 1.367724, loss: 3.466642, avg_reader_cost: 0.00286 s, avg_batch_cost: 0.68428 s, avg_samples: 100.2, ips: 146.43119 samples/s, eta: 2:05:29, max_mem_reserved: 25002 MB, max_mem_allocated: 13718 MB
[2025/11/10 15:21:01] ppocr INFO: epoch: [10/20], global_step: 10250, lr: 0.000209, acc: 0.705882, norm_edit_dis: 0.945840, CTCLoss: 2.309132, NRTRLoss: 1.375639, loss: 3.694202, avg_reader_cost: 0.00290 s, avg_batch_cost: 0.66848 s, avg_samples: 93.7, ips: 140.16784 samples/s, eta: 2:05:23, max_mem_reserved: 25002 MB, max_mem_allocated: 13718 MB
[2025/11/10 15:21:08] ppocr INFO: epoch: [10/20], global_step: 10260, lr: 0.000209, acc: 0.712316, norm_edit_dis: 0.954235, CTCLoss: 2.007805, NRTRLoss: 1.362983, loss: 3.371810, avg_reader_cost: 0.00288 s, avg_batch_cost: 0.67387 s, avg_samples: 98.0, ips: 145.42784 samples/s, eta: 2:05:17, max_mem_reserved: 25002 MB, max_mem_allocated: 13718 MB
[2025/11/10 15:21:15] ppocr INFO: epoch: [10/20], global_step: 10270, lr: 0.000209, acc: 0.723529, norm_edit_dis: 0.946179, CTCLoss: 2.011945, NRTRLoss: 1.360714, loss: 3.371371, avg_reader_cost: 0.00297 s, avg_batch_cost: 0.68722 s, avg_samples: 104.4, ips: 151.91706 samples/s, eta: 2:05:10, max_mem_reserved: 25002 MB, max_mem_allocated: 13718 MB
[2025/11/10 15:21:22] ppocr INFO: epoch: [10/20], global_step: 10280, lr: 0.000208, acc: 0.710386, norm_edit_dis: 0.946179, CTCLoss: 2.011945, NRTRLoss: 1.360714, loss: 3.371371, avg_reader_cost: 0.00288 s, avg_batch_cost: 0.69242 s, avg_samples: 100.1, ips: 144.56596 samples/s, eta: 2:05:04, max_mem_reserved: 25002 MB, max_mem_allocated: 13718 MB
[2025/11/10 15:21:28] ppocr INFO: epoch: [10/20], global_step: 10290, lr: 0.000208, acc: 0.720129, norm_edit_dis: 0.950844, CTCLoss: 1.800470, NRTRLoss: 1.360765, loss: 3.161234, avg_reader_cost: 0.00340 s, avg_batch_cost: 0.66399 s, avg_samples: 93.7, ips: 141.11588 samples/s, eta: 2:04:58, max_mem_reserved: 25002 MB, max_mem_allocated: 13718 MB
[2025/11/10 15:21:35] ppocr INFO: epoch: [10/20], global_step: 10300, lr: 0.000208, acc: 0.720129, norm_edit_dis: 0.945993, CTCLoss: 1.907176, NRTRLoss: 1.366746, loss: 3.274860, avg_reader_cost: 0.00341 s, avg_batch_cost: 0.65852 s, avg_samples: 98.1, ips: 148.97107 samples/s, eta: 2:04:51, max_mem_reserved: 25002 MB, max_mem_allocated: 13718 MB
[2025/11/10 15:22:10] ppocr INFO: cur metric, acc: 0.8280999991719, norm_edit_dis: 0.9727383490385545, fps: 588.8954554100856
[2025/11/10 15:22:10] ppocr INFO: best metric, acc: 0.8395999991604001, is_float16: False, norm_edit_dis: 0.9741478001295188, fps: 590.0062188112563, best_epoch: 10
[2025/11/10 15:22:17] ppocr INFO: epoch: [10/20], global_step: 10310, lr: 0.000208, acc: 0.773437, norm_edit_dis: 0.960798, CTCLoss: 1.867551, NRTRLoss: 1.356637, loss: 3.228268, avg_reader_cost: 0.00307 s, avg_batch_cost: 0.67376 s, avg_samples: 91.6, ips: 135.95321 samples/s, eta: 2:04:45, max_mem_reserved: 25002 MB, max_mem_allocated: 13718 MB
[2025/11/10 15:22:23] ppocr INFO: epoch: [10/20], global_step: 10320, lr: 0.000208, acc: 0.782353, norm_edit_dis: 0.968609, CTCLoss: 1.584453, NRTRLoss: 1.345952, loss: 2.925735, avg_reader_cost: 0.00320 s, avg_batch_cost: 0.64740 s, avg_samples: 89.4, ips: 138.08997 samples/s, eta: 2:04:38, max_mem_reserved: 25002 MB, max_mem_allocated: 13718 MB
[2025/11/10 15:22:30] ppocr INFO: epoch: [10/20], global_step: 10330, lr: 0.000207, acc: 0.758823, norm_edit_dis: 0.961468, CTCLoss: 1.857442, NRTRLoss: 1.350954, loss: 3.204977, avg_reader_cost: 0.00289 s, avg_batch_cost: 0.66599 s, avg_samples: 98.0, ips: 147.14951 samples/s, eta: 2:04:32, max_mem_reserved: 25002 MB, max_mem_allocated: 13718 MB
[2025/11/10 15:22:37] ppocr INFO: epoch: [10/20], global_step: 10340, lr: 0.000207, acc: 0.771048, norm_edit_dis: 0.955040, CTCLoss: 2.167418, NRTRLoss: 1.361659, loss: 3.528253, avg_reader_cost: 0.00291 s, avg_batch_cost: 0.65643 s, avg_samples: 89.5, ips: 136.34338 samples/s, eta: 2:04:25, max_mem_reserved: 25002 MB, max_mem_allocated: 13718 MB
[2025/11/10 15:22:43] ppocr INFO: epoch: [10/20], global_step: 10350, lr: 0.000207, acc: 0.773437, norm_edit_dis: 0.960339, CTCLoss: 2.211016, NRTRLoss: 1.360943, loss: 3.577519, avg_reader_cost: 0.00289 s, avg_batch_cost: 0.66451 s, avg_samples: 93.8, ips: 141.15675 samples/s, eta: 2:04:19, max_mem_reserved: 25002 MB, max_mem_allocated: 13718 MB
[2025/11/10 15:22:50] ppocr INFO: epoch: [10/20], global_step: 10360, lr: 0.000207, acc: 0.757812, norm_edit_dis: 0.961203, CTCLoss: 1.860530, NRTRLoss: 1.350484, loss: 3.218664, avg_reader_cost: 0.00289 s, avg_batch_cost: 0.65352 s, avg_samples: 93.7, ips: 143.37664 samples/s, eta: 2:04:12, max_mem_reserved: 25002 MB, max_mem_allocated: 13718 MB
[2025/11/10 15:22:57] ppocr INFO: epoch: [10/20], global_step: 10370, lr: 0.000207, acc: 0.746094, norm_edit_dis: 0.956633, CTCLoss: 1.948076, NRTRLoss: 1.357109, loss: 3.302003, avg_reader_cost: 0.00289 s, avg_batch_cost: 0.72543 s, avg_samples: 106.6, ips: 146.94752 samples/s, eta: 2:04:06, max_mem_reserved: 25002 MB, max_mem_allocated: 13718 MB
[2025/11/10 15:23:03] ppocr INFO: epoch: [10/20], global_step: 10380, lr: 0.000206, acc: 0.765625, norm_edit_dis: 0.960043, CTCLoss: 1.660143, NRTRLoss: 1.354472, loss: 3.021349, avg_reader_cost: 0.00286 s, avg_batch_cost: 0.60598 s, avg_samples: 74.6, ips: 123.10546 samples/s, eta: 2:03:59, max_mem_reserved: 25002 MB, max_mem_allocated: 13718 MB
[2025/11/10 15:23:10] ppocr INFO: epoch: [10/20], global_step: 10390, lr: 0.000206, acc: 0.781250, norm_edit_dis: 0.964474, CTCLoss: 1.507637, NRTRLoss: 1.350700, loss: 2.865488, avg_reader_cost: 0.00288 s, avg_batch_cost: 0.66507 s, avg_samples: 85.2, ips: 128.10628 samples/s, eta: 2:03:53, max_mem_reserved: 25002 MB, max_mem_allocated: 13718 MB
[2025/11/10 15:23:17] ppocr INFO: epoch: [10/20], global_step: 10400, lr: 0.000206, acc: 0.731893, norm_edit_dis: 0.951995, CTCLoss: 2.126613, NRTRLoss: 1.370548, loss: 3.505221, avg_reader_cost: 0.00295 s, avg_batch_cost: 0.71722 s, avg_samples: 102.3, ips: 142.63386 samples/s, eta: 2:03:47, max_mem_reserved: 25002 MB, max_mem_allocated: 13718 MB
[2025/11/10 15:23:51] ppocr INFO: cur metric, acc: 0.8278999991721, norm_edit_dis: 0.971370782499269, fps: 602.9444470663424
[2025/11/10 15:23:51] ppocr INFO: best metric, acc: 0.8395999991604001, is_float16: False, norm_edit_dis: 0.9741478001295188, fps: 590.0062188112563, best_epoch: 10
[2025/11/10 15:23:58] ppocr INFO: epoch: [10/20], global_step: 10410, lr: 0.000206, acc: 0.667325, norm_edit_dis: 0.932503, CTCLoss: 2.638791, NRTRLoss: 1.385809, loss: 4.024601, avg_reader_cost: 0.00292 s, avg_batch_cost: 0.66945 s, avg_samples: 98.1, ips: 146.53777 samples/s, eta: 2:03:40, max_mem_reserved: 25002 MB, max_mem_allocated: 13718 MB
[2025/11/10 15:24:05] ppocr INFO: epoch: [10/20], global_step: 10420, lr: 0.000206, acc: 0.735294, norm_edit_dis: 0.959730, CTCLoss: 1.772186, NRTRLoss: 1.360049, loss: 3.122433, avg_reader_cost: 0.00287 s, avg_batch_cost: 0.69980 s, avg_samples: 100.1, ips: 143.04034 samples/s, eta: 2:03:34, max_mem_reserved: 25002 MB, max_mem_allocated: 13718 MB
[2025/11/10 15:24:12] ppocr INFO: epoch: [10/20], global_step: 10430, lr: 0.000205, acc: 0.741176, norm_edit_dis: 0.957825, CTCLoss: 1.643677, NRTRLoss: 1.349769, loss: 2.991578, avg_reader_cost: 0.00297 s, avg_batch_cost: 0.67270 s, avg_samples: 93.7, ips: 139.28862 samples/s, eta: 2:03:28, max_mem_reserved: 25002 MB, max_mem_allocated: 13718 MB
[2025/11/10 15:24:18] ppocr INFO: epoch: [10/20], global_step: 10440, lr: 0.000205, acc: 0.764706, norm_edit_dis: 0.960454, CTCLoss: 1.512618, NRTRLoss: 1.349325, loss: 2.860803, avg_reader_cost: 0.00286 s, avg_batch_cost: 0.61453 s, avg_samples: 74.5, ips: 121.23167 samples/s, eta: 2:03:21, max_mem_reserved: 25002 MB, max_mem_allocated: 13718 MB
[2025/11/10 15:24:25] ppocr INFO: epoch: [10/20], global_step: 10450, lr: 0.000205, acc: 0.764706, norm_edit_dis: 0.957570, CTCLoss: 1.782058, NRTRLoss: 1.351584, loss: 3.126121, avg_reader_cost: 0.00289 s, avg_batch_cost: 0.67246 s, avg_samples: 98.1, ips: 145.88302 samples/s, eta: 2:03:15, max_mem_reserved: 25002 MB, max_mem_allocated: 13718 MB
[2025/11/10 15:24:31] ppocr INFO: epoch: [10/20], global_step: 10460, lr: 0.000205, acc: 0.747059, norm_edit_dis: 0.960759, CTCLoss: 1.864791, NRTRLoss: 1.346882, loss: 3.207168, avg_reader_cost: 0.00383 s, avg_batch_cost: 0.66705 s, avg_samples: 87.3, ips: 130.87515 samples/s, eta: 2:03:08, max_mem_reserved: 25002 MB, max_mem_allocated: 13718 MB
[2025/11/10 15:24:38] ppocr INFO: epoch: [10/20], global_step: 10470, lr: 0.000205, acc: 0.781250, norm_edit_dis: 0.960759, CTCLoss: 1.746302, NRTRLoss: 1.351108, loss: 3.102081, avg_reader_cost: 0.00289 s, avg_batch_cost: 0.64930 s, avg_samples: 87.3, ips: 134.45235 samples/s, eta: 2:03:01, max_mem_reserved: 25002 MB, max_mem_allocated: 13718 MB
[2025/11/10 15:24:45] ppocr INFO: epoch: [10/20], global_step: 10480, lr: 0.000204, acc: 0.718198, norm_edit_dis: 0.951494, CTCLoss: 2.070618, NRTRLoss: 1.359221, loss: 3.425305, avg_reader_cost: 0.00323 s, avg_batch_cost: 0.67926 s, avg_samples: 95.9, ips: 141.18220 samples/s, eta: 2:02:55, max_mem_reserved: 25002 MB, max_mem_allocated: 13718 MB
[2025/11/10 15:24:51] ppocr INFO: epoch: [10/20], global_step: 10490, lr: 0.000204, acc: 0.717647, norm_edit_dis: 0.944665, CTCLoss: 2.070618, NRTRLoss: 1.362558, loss: 3.425305, avg_reader_cost: 0.00290 s, avg_batch_cost: 0.63772 s, avg_samples: 87.3, ips: 136.89434 samples/s, eta: 2:02:48, max_mem_reserved: 25002 MB, max_mem_allocated: 13718 MB
[2025/11/10 15:24:58] ppocr INFO: epoch: [10/20], global_step: 10500, lr: 0.000204, acc: 0.752941, norm_edit_dis: 0.960841, CTCLoss: 1.570340, NRTRLoss: 1.357853, loss: 2.918859, avg_reader_cost: 0.00288 s, avg_batch_cost: 0.63614 s, avg_samples: 80.9, ips: 127.17298 samples/s, eta: 2:02:42, max_mem_reserved: 25002 MB, max_mem_allocated: 13718 MB
[2025/11/10 15:25:33] ppocr INFO: cur metric, acc: 0.8281999991718, norm_edit_dis: 0.9717135147655437, fps: 583.0574992872173
[2025/11/10 15:25:33] ppocr INFO: best metric, acc: 0.8395999991604001, is_float16: False, norm_edit_dis: 0.9741478001295188, fps: 590.0062188112563, best_epoch: 10
[2025/11/10 15:25:39] ppocr INFO: epoch: [10/20], global_step: 10510, lr: 0.000204, acc: 0.759283, norm_edit_dis: 0.962795, CTCLoss: 1.514115, NRTRLoss: 1.353048, loss: 2.871871, avg_reader_cost: 0.00292 s, avg_batch_cost: 0.60531 s, avg_samples: 76.7, ips: 126.71227 samples/s, eta: 2:02:35, max_mem_reserved: 25002 MB, max_mem_allocated: 13718 MB
[2025/11/10 15:25:46] ppocr INFO: epoch: [10/20], global_step: 10520, lr: 0.000204, acc: 0.786673, norm_edit_dis: 0.965087, CTCLoss: 1.444730, NRTRLoss: 1.353310, loss: 2.797328, avg_reader_cost: 0.00287 s, avg_batch_cost: 0.64645 s, avg_samples: 89.5, ips: 138.44918 samples/s, eta: 2:02:28, max_mem_reserved: 25002 MB, max_mem_allocated: 13718 MB
[2025/11/10 15:25:52] ppocr INFO: epoch: [10/20], global_step: 10530, lr: 0.000203, acc: 0.763235, norm_edit_dis: 0.957511, CTCLoss: 2.092374, NRTRLoss: 1.361171, loss: 3.450372, avg_reader_cost: 0.00290 s, avg_batch_cost: 0.66617 s, avg_samples: 91.7, ips: 137.65153 samples/s, eta: 2:02:21, max_mem_reserved: 25002 MB, max_mem_allocated: 13718 MB
[2025/11/10 15:25:59] ppocr INFO: epoch: [10/20], global_step: 10540, lr: 0.000203, acc: 0.745588, norm_edit_dis: 0.954472, CTCLoss: 1.960209, NRTRLoss: 1.360255, loss: 3.317216, avg_reader_cost: 0.00290 s, avg_batch_cost: 0.69572 s, avg_samples: 100.1, ips: 143.88030 samples/s, eta: 2:02:15, max_mem_reserved: 25002 MB, max_mem_allocated: 13718 MB
[2025/11/10 15:26:06] ppocr INFO: epoch: [10/20], global_step: 10550, lr: 0.000203, acc: 0.731893, norm_edit_dis: 0.955385, CTCLoss: 1.998847, NRTRLoss: 1.354766, loss: 3.347381, avg_reader_cost: 0.00283 s, avg_batch_cost: 0.65722 s, avg_samples: 93.8, ips: 142.72130 samples/s, eta: 2:02:09, max_mem_reserved: 25002 MB, max_mem_allocated: 13718 MB
[2025/11/10 15:26:13] ppocr INFO: epoch: [10/20], global_step: 10560, lr: 0.000203, acc: 0.691406, norm_edit_dis: 0.946700, CTCLoss: 2.308596, NRTRLoss: 1.365268, loss: 3.669010, avg_reader_cost: 0.00296 s, avg_batch_cost: 0.70312 s, avg_samples: 106.6, ips: 151.60920 samples/s, eta: 2:02:03, max_mem_reserved: 25002 MB, max_mem_allocated: 13718 MB
[2025/11/10 15:26:20] ppocr INFO: epoch: [10/20], global_step: 10570, lr: 0.000203, acc: 0.640625, norm_edit_dis: 0.937563, CTCLoss: 2.558028, NRTRLoss: 1.367996, loss: 3.935078, avg_reader_cost: 0.00293 s, avg_batch_cost: 0.70097 s, avg_samples: 104.4, ips: 148.93700 samples/s, eta: 2:01:57, max_mem_reserved: 25002 MB, max_mem_allocated: 13718 MB
[2025/11/10 15:26:26] ppocr INFO: epoch: [10/20], global_step: 10580, lr: 0.000202, acc: 0.731893, norm_edit_dis: 0.959835, CTCLoss: 1.749323, NRTRLoss: 1.357203, loss: 3.096650, avg_reader_cost: 0.00354 s, avg_batch_cost: 0.63010 s, avg_samples: 83.0, ips: 131.72557 samples/s, eta: 2:01:50, max_mem_reserved: 25002 MB, max_mem_allocated: 13718 MB
[2025/11/10 15:26:33] ppocr INFO: epoch: [10/20], global_step: 10590, lr: 0.000202, acc: 0.771048, norm_edit_dis: 0.963924, CTCLoss: 1.568461, NRTRLoss: 1.346453, loss: 2.918729, avg_reader_cost: 0.00329 s, avg_batch_cost: 0.66063 s, avg_samples: 91.5, ips: 138.50494 samples/s, eta: 2:01:43, max_mem_reserved: 25002 MB, max_mem_allocated: 13718 MB
[2025/11/10 15:26:39] ppocr INFO: epoch: [10/20], global_step: 10600, lr: 0.000202, acc: 0.759283, norm_edit_dis: 0.961471, CTCLoss: 1.682990, NRTRLoss: 1.347791, loss: 3.028402, avg_reader_cost: 0.00283 s, avg_batch_cost: 0.65657 s, avg_samples: 91.6, ips: 139.51372 samples/s, eta: 2:01:37, max_mem_reserved: 25002 MB, max_mem_allocated: 13718 MB
[2025/11/10 15:27:15] ppocr INFO: cur metric, acc: 0.8286999991713, norm_edit_dis: 0.9726020139710964, fps: 590.6768598592989
[2025/11/10 15:27:15] ppocr INFO: best metric, acc: 0.8395999991604001, is_float16: False, norm_edit_dis: 0.9741478001295188, fps: 590.0062188112563, best_epoch: 10
[2025/11/10 15:27:22] ppocr INFO: epoch: [10/20], global_step: 10610, lr: 0.000202, acc: 0.735294, norm_edit_dis: 0.955202, CTCLoss: 1.937388, NRTRLoss: 1.355965, loss: 3.292217, avg_reader_cost: 0.00350 s, avg_batch_cost: 0.66198 s, avg_samples: 100.1, ips: 151.21374 samples/s, eta: 2:01:30, max_mem_reserved: 25002 MB, max_mem_allocated: 13718 MB
[2025/11/10 15:27:29] ppocr INFO: epoch: [10/20], global_step: 10620, lr: 0.000201, acc: 0.735294, norm_edit_dis: 0.954462, CTCLoss: 1.821327, NRTRLoss: 1.357658, loss: 3.182563, avg_reader_cost: 0.00331 s, avg_batch_cost: 0.65301 s, avg_samples: 85.3, ips: 130.62673 samples/s, eta: 2:01:24, max_mem_reserved: 25002 MB, max_mem_allocated: 13718 MB
[2025/11/10 15:27:35] ppocr INFO: epoch: [10/20], global_step: 10630, lr: 0.000201, acc: 0.704504, norm_edit_dis: 0.959617, CTCLoss: 1.826579, NRTRLoss: 1.354209, loss: 3.183428, avg_reader_cost: 0.00335 s, avg_batch_cost: 0.68341 s, avg_samples: 95.9, ips: 140.32665 samples/s, eta: 2:01:17, max_mem_reserved: 25002 MB, max_mem_allocated: 13718 MB
[2025/11/10 15:27:42] ppocr INFO: epoch: [10/20], global_step: 10640, lr: 0.000201, acc: 0.757812, norm_edit_dis: 0.959617, CTCLoss: 1.707547, NRTRLoss: 1.356199, loss: 3.058237, avg_reader_cost: 0.00287 s, avg_batch_cost: 0.62494 s, avg_samples: 76.7, ips: 122.73107 samples/s, eta: 2:01:10, max_mem_reserved: 25002 MB, max_mem_allocated: 13718 MB
[2025/11/10 15:27:48] ppocr INFO: epoch: [10/20], global_step: 10650, lr: 0.000201, acc: 0.752941, norm_edit_dis: 0.956870, CTCLoss: 1.750557, NRTRLoss: 1.365471, loss: 3.112877, avg_reader_cost: 0.00285 s, avg_batch_cost: 0.64847 s, avg_samples: 85.1, ips: 131.23136 samples/s, eta: 2:01:04, max_mem_reserved: 25002 MB, max_mem_allocated: 13718 MB
[2025/11/10 15:27:54] ppocr INFO: epoch: [10/20], global_step: 10660, lr: 0.000201, acc: 0.741176, norm_edit_dis: 0.955056, CTCLoss: 1.757426, NRTRLoss: 1.356039, loss: 3.126849, avg_reader_cost: 0.00294 s, avg_batch_cost: 0.62320 s, avg_samples: 70.3, ips: 112.80539 samples/s, eta: 2:00:57, max_mem_reserved: 25002 MB, max_mem_allocated: 13718 MB
[2025/11/10 15:28:01] ppocr INFO: epoch: [10/20], global_step: 10670, lr: 0.000200, acc: 0.765625, norm_edit_dis: 0.955713, CTCLoss: 1.462812, NRTRLoss: 1.354185, loss: 2.811131, avg_reader_cost: 0.00286 s, avg_batch_cost: 0.64659 s, avg_samples: 91.6, ips: 141.66568 samples/s, eta: 2:00:50, max_mem_reserved: 25002 MB, max_mem_allocated: 13718 MB
[2025/11/10 15:28:07] ppocr INFO: epoch: [10/20], global_step: 10680, lr: 0.000200, acc: 0.796875, norm_edit_dis: 0.959787, CTCLoss: 1.496064, NRTRLoss: 1.353722, loss: 2.863889, avg_reader_cost: 0.00332 s, avg_batch_cost: 0.64857 s, avg_samples: 87.3, ips: 134.60310 samples/s, eta: 2:00:44, max_mem_reserved: 25002 MB, max_mem_allocated: 13718 MB
[2025/11/10 15:28:14] ppocr INFO: epoch: [10/20], global_step: 10690, lr: 0.000200, acc: 0.798437, norm_edit_dis: 0.964684, CTCLoss: 1.663576, NRTRLoss: 1.355263, loss: 3.013532, avg_reader_cost: 0.00294 s, avg_batch_cost: 0.63994 s, avg_samples: 85.2, ips: 133.13832 samples/s, eta: 2:00:37, max_mem_reserved: 25002 MB, max_mem_allocated: 13718 MB
[2025/11/10 15:28:21] ppocr INFO: epoch: [10/20], global_step: 10700, lr: 0.000200, acc: 0.749540, norm_edit_dis: 0.960664, CTCLoss: 2.011711, NRTRLoss: 1.361266, loss: 3.364345, avg_reader_cost: 0.00339 s, avg_batch_cost: 0.68522 s, avg_samples: 104.5, ips: 152.50642 samples/s, eta: 2:00:31, max_mem_reserved: 25002 MB, max_mem_allocated: 13718 MB
[2025/11/10 15:28:56] ppocr INFO: cur metric, acc: 0.8152999991847, norm_edit_dis: 0.9707441227685246, fps: 581.1282081521862
[2025/11/10 15:28:56] ppocr INFO: best metric, acc: 0.8395999991604001, is_float16: False, norm_edit_dis: 0.9741478001295188, fps: 590.0062188112563, best_epoch: 10
[2025/11/10 15:29:03] ppocr INFO: epoch: [10/20], global_step: 10710, lr: 0.000200, acc: 0.656250, norm_edit_dis: 0.943338, CTCLoss: 2.594745, NRTRLoss: 1.369248, loss: 3.961787, avg_reader_cost: 0.00292 s, avg_batch_cost: 0.68201 s, avg_samples: 98.1, ips: 143.83890 samples/s, eta: 2:00:24, max_mem_reserved: 25002 MB, max_mem_allocated: 13718 MB
[2025/11/10 15:29:09] ppocr INFO: epoch: [10/20], global_step: 10720, lr: 0.000199, acc: 0.718750, norm_edit_dis: 0.951788, CTCLoss: 2.011739, NRTRLoss: 1.371690, loss: 3.378347, avg_reader_cost: 0.00290 s, avg_batch_cost: 0.65194 s, avg_samples: 87.4, ips: 134.06202 samples/s, eta: 2:00:18, max_mem_reserved: 25002 MB, max_mem_allocated: 13718 MB
[2025/11/10 15:29:16] ppocr INFO: epoch: [10/20], global_step: 10730, lr: 0.000199, acc: 0.718750, norm_edit_dis: 0.955248, CTCLoss: 1.969767, NRTRLoss: 1.354948, loss: 3.308321, avg_reader_cost: 0.00291 s, avg_batch_cost: 0.67305 s, avg_samples: 89.5, ips: 132.97749 samples/s, eta: 2:00:11, max_mem_reserved: 25002 MB, max_mem_allocated: 13718 MB
[2025/11/10 15:29:22] ppocr INFO: epoch: [10/20], global_step: 10740, lr: 0.000199, acc: 0.718750, norm_edit_dis: 0.959082, CTCLoss: 1.801195, NRTRLoss: 1.348968, loss: 3.143189, avg_reader_cost: 0.00290 s, avg_batch_cost: 0.63008 s, avg_samples: 81.0, ips: 128.55519 samples/s, eta: 2:00:04, max_mem_reserved: 25002 MB, max_mem_allocated: 13718 MB
[2025/11/10 15:29:29] ppocr INFO: epoch: [10/20], global_step: 10750, lr: 0.000199, acc: 0.710937, norm_edit_dis: 0.956970, CTCLoss: 1.871731, NRTRLoss: 1.353356, loss: 3.218093, avg_reader_cost: 0.00289 s, avg_batch_cost: 0.69248 s, avg_samples: 104.5, ips: 150.90715 samples/s, eta: 1:59:58, max_mem_reserved: 25002 MB, max_mem_allocated: 13718 MB
[2025/11/10 15:29:36] ppocr INFO: epoch: [10/20], global_step: 10760, lr: 0.000199, acc: 0.688879, norm_edit_dis: 0.954247, CTCLoss: 1.957696, NRTRLoss: 1.357554, loss: 3.314650, avg_reader_cost: 0.00293 s, avg_batch_cost: 0.65064 s, avg_samples: 91.6, ips: 140.78467 samples/s, eta: 1:59:52, max_mem_reserved: 25002 MB, max_mem_allocated: 13718 MB
[2025/11/10 15:29:43] ppocr INFO: epoch: [10/20], global_step: 10770, lr: 0.000198, acc: 0.712316, norm_edit_dis: 0.954247, CTCLoss: 1.957696, NRTRLoss: 1.362837, loss: 3.314650, avg_reader_cost: 0.00289 s, avg_batch_cost: 0.70048 s, avg_samples: 104.4, ips: 149.03995 samples/s, eta: 1:59:46, max_mem_reserved: 25002 MB, max_mem_allocated: 13718 MB
[2025/11/10 15:29:49] ppocr INFO: epoch: [10/20], global_step: 10780, lr: 0.000198, acc: 0.765625, norm_edit_dis: 0.958332, CTCLoss: 1.747263, NRTRLoss: 1.354924, loss: 3.106346, avg_reader_cost: 0.00289 s, avg_batch_cost: 0.63019 s, avg_samples: 83.1, ips: 131.86416 samples/s, eta: 1:59:39, max_mem_reserved: 25002 MB, max_mem_allocated: 13718 MB
[2025/11/10 15:29:56] ppocr INFO: epoch: [10/20], global_step: 10790, lr: 0.000198, acc: 0.796875, norm_edit_dis: 0.966447, CTCLoss: 1.404926, NRTRLoss: 1.346037, loss: 2.759152, avg_reader_cost: 0.00289 s, avg_batch_cost: 0.64345 s, avg_samples: 83.1, ips: 129.14822 samples/s, eta: 1:59:32, max_mem_reserved: 25002 MB, max_mem_allocated: 13718 MB
[2025/11/10 15:30:02] ppocr INFO: epoch: [10/20], global_step: 10800, lr: 0.000198, acc: 0.770588, norm_edit_dis: 0.965176, CTCLoss: 1.513859, NRTRLoss: 1.343630, loss: 2.863493, avg_reader_cost: 0.00285 s, avg_batch_cost: 0.63048 s, avg_samples: 85.2, ips: 135.13619 samples/s, eta: 1:59:25, max_mem_reserved: 25002 MB, max_mem_allocated: 13718 MB
[2025/11/10 15:30:38] ppocr INFO: cur metric, acc: 0.8330999991669, norm_edit_dis: 0.9736325478096364, fps: 578.6478897769185
[2025/11/10 15:30:38] ppocr INFO: best metric, acc: 0.8395999991604001, is_float16: False, norm_edit_dis: 0.9741478001295188, fps: 590.0062188112563, best_epoch: 10
[2025/11/10 15:30:45] ppocr INFO: epoch: [10/20], global_step: 10810, lr: 0.000198, acc: 0.729963, norm_edit_dis: 0.953636, CTCLoss: 2.045454, NRTRLoss: 1.359959, loss: 3.403174, avg_reader_cost: 0.00285 s, avg_batch_cost: 0.70756 s, avg_samples: 108.7, ips: 153.62694 samples/s, eta: 1:59:19, max_mem_reserved: 25002 MB, max_mem_allocated: 13718 MB
[2025/11/10 15:30:51] ppocr INFO: epoch: [10/20], global_step: 10820, lr: 0.000197, acc: 0.741176, norm_edit_dis: 0.956914, CTCLoss: 2.109273, NRTRLoss: 1.357136, loss: 3.448301, avg_reader_cost: 0.00287 s, avg_batch_cost: 0.64020 s, avg_samples: 85.2, ips: 133.08334 samples/s, eta: 1:59:12, max_mem_reserved: 25002 MB, max_mem_allocated: 13718 MB
[2025/11/10 15:30:58] ppocr INFO: epoch: [10/20], global_step: 10830, lr: 0.000197, acc: 0.729412, norm_edit_dis: 0.961851, CTCLoss: 1.486202, NRTRLoss: 1.349974, loss: 2.830912, avg_reader_cost: 0.00286 s, avg_batch_cost: 0.70854 s, avg_samples: 106.6, ips: 150.45080 samples/s, eta: 1:59:06, max_mem_reserved: 25002 MB, max_mem_allocated: 13718 MB
[2025/11/10 15:31:05] ppocr INFO: epoch: [10/20], global_step: 10840, lr: 0.000197, acc: 0.712362, norm_edit_dis: 0.945111, CTCLoss: 2.252512, NRTRLoss: 1.369694, loss: 3.616048, avg_reader_cost: 0.00285 s, avg_batch_cost: 0.65845 s, avg_samples: 91.7, ips: 139.26698 samples/s, eta: 1:59:00, max_mem_reserved: 25002 MB, max_mem_allocated: 13718 MB
[2025/11/10 15:31:12] ppocr INFO: epoch: [10/20], global_step: 10850, lr: 0.000197, acc: 0.703125, norm_edit_dis: 0.939672, CTCLoss: 2.374263, NRTRLoss: 1.375087, loss: 3.750376, avg_reader_cost: 0.00289 s, avg_batch_cost: 0.68783 s, avg_samples: 106.6, ips: 154.97905 samples/s, eta: 1:58:54, max_mem_reserved: 25002 MB, max_mem_allocated: 13718 MB
[2025/11/10 15:31:18] ppocr INFO: epoch: [10/20], global_step: 10860, lr: 0.000197, acc: 0.745588, norm_edit_dis: 0.949898, CTCLoss: 2.374263, NRTRLoss: 1.361176, loss: 3.750376, avg_reader_cost: 0.00289 s, avg_batch_cost: 0.65247 s, avg_samples: 87.3, ips: 133.80025 samples/s, eta: 1:58:47, max_mem_reserved: 25002 MB, max_mem_allocated: 13718 MB
[2025/11/10 15:31:22] ppocr INFO: save model in ./output/latest
[2025/11/10 15:31:23] ppocr INFO: save model in ./output/iter_epoch_10
[2025/11/10 15:31:31] ppocr INFO: epoch: [11/20], global_step: 10870, lr: 0.000196, acc: 0.758823, norm_edit_dis: 0.958232, CTCLoss: 1.564495, NRTRLoss: 1.350940, loss: 2.908973, avg_reader_cost: 0.56569 s, avg_batch_cost: 1.22222 s, avg_samples: 93.7, ips: 76.66392 samples/s, eta: 1:58:46, max_mem_reserved: 25002 MB, max_mem_allocated: 13718 MB
[2025/11/10 15:31:37] ppocr INFO: epoch: [11/20], global_step: 10880, lr: 0.000196, acc: 0.770588, norm_edit_dis: 0.967609, CTCLoss: 1.373546, NRTRLoss: 1.343594, loss: 2.723363, avg_reader_cost: 0.00292 s, avg_batch_cost: 0.64208 s, avg_samples: 85.2, ips: 132.69353 samples/s, eta: 1:58:39, max_mem_reserved: 25002 MB, max_mem_allocated: 13718 MB
[2025/11/10 15:31:44] ppocr INFO: epoch: [11/20], global_step: 10890, lr: 0.000196, acc: 0.792555, norm_edit_dis: 0.968436, CTCLoss: 1.629496, NRTRLoss: 1.354130, loss: 2.987518, avg_reader_cost: 0.00285 s, avg_batch_cost: 0.66663 s, avg_samples: 95.8, ips: 143.70846 samples/s, eta: 1:58:33, max_mem_reserved: 25002 MB, max_mem_allocated: 13718 MB
[2025/11/10 15:31:51] ppocr INFO: epoch: [11/20], global_step: 10900, lr: 0.000196, acc: 0.759283, norm_edit_dis: 0.961178, CTCLoss: 1.768755, NRTRLoss: 1.358382, loss: 3.126969, avg_reader_cost: 0.00285 s, avg_batch_cost: 0.68284 s, avg_samples: 100.1, ips: 146.59312 samples/s, eta: 1:58:27, max_mem_reserved: 25002 MB, max_mem_allocated: 13718 MB
[2025/11/10 15:32:26] ppocr INFO: cur metric, acc: 0.8327999991672, norm_edit_dis: 0.974131368106607, fps: 586.9005949486941
[2025/11/10 15:32:26] ppocr INFO: best metric, acc: 0.8395999991604001, is_float16: False, norm_edit_dis: 0.9741478001295188, fps: 590.0062188112563, best_epoch: 10
[2025/11/10 15:32:33] ppocr INFO: epoch: [11/20], global_step: 10910, lr: 0.000196, acc: 0.765625, norm_edit_dis: 0.960385, CTCLoss: 1.590296, NRTRLoss: 1.353931, loss: 2.932584, avg_reader_cost: 0.00288 s, avg_batch_cost: 0.63453 s, avg_samples: 81.0, ips: 127.65411 samples/s, eta: 1:58:20, max_mem_reserved: 25002 MB, max_mem_allocated: 13718 MB
[2025/11/10 15:32:40] ppocr INFO: epoch: [11/20], global_step: 10920, lr: 0.000195, acc: 0.771048, norm_edit_dis: 0.960385, CTCLoss: 1.647229, NRTRLoss: 1.350561, loss: 2.991257, avg_reader_cost: 0.00290 s, avg_batch_cost: 0.70076 s, avg_samples: 98.0, ips: 139.84767 samples/s, eta: 1:58:14, max_mem_reserved: 25002 MB, max_mem_allocated: 13718 MB
[2025/11/10 15:32:47] ppocr INFO: epoch: [11/20], global_step: 10930, lr: 0.000195, acc: 0.747059, norm_edit_dis: 0.950428, CTCLoss: 2.177908, NRTRLoss: 1.359241, loss: 3.553034, avg_reader_cost: 0.00292 s, avg_batch_cost: 0.69157 s, avg_samples: 100.2, ips: 144.88700 samples/s, eta: 1:58:07, max_mem_reserved: 25002 MB, max_mem_allocated: 13718 MB
[2025/11/10 15:32:53] ppocr INFO: epoch: [11/20], global_step: 10940, lr: 0.000195, acc: 0.741176, norm_edit_dis: 0.956098, CTCLoss: 1.737997, NRTRLoss: 1.357097, loss: 3.097255, avg_reader_cost: 0.00298 s, avg_batch_cost: 0.66621 s, avg_samples: 93.7, ips: 140.64634 samples/s, eta: 1:58:01, max_mem_reserved: 25002 MB, max_mem_allocated: 13718 MB
[2025/11/10 15:33:00] ppocr INFO: epoch: [11/20], global_step: 10950, lr: 0.000195, acc: 0.770588, norm_edit_dis: 0.963330, CTCLoss: 1.491313, NRTRLoss: 1.347048, loss: 2.833779, avg_reader_cost: 0.00340 s, avg_batch_cost: 0.64802 s, avg_samples: 91.6, ips: 141.35417 samples/s, eta: 1:57:54, max_mem_reserved: 25002 MB, max_mem_allocated: 13718 MB
[2025/11/10 15:33:06] ppocr INFO: epoch: [11/20], global_step: 10960, lr: 0.000195, acc: 0.770588, norm_edit_dis: 0.964135, CTCLoss: 1.544052, NRTRLoss: 1.346634, loss: 2.890578, avg_reader_cost: 0.00288 s, avg_batch_cost: 0.66286 s, avg_samples: 91.6, ips: 138.18915 samples/s, eta: 1:57:48, max_mem_reserved: 25002 MB, max_mem_allocated: 13718 MB
[2025/11/10 15:33:13] ppocr INFO: epoch: [11/20], global_step: 10970, lr: 0.000194, acc: 0.771048, norm_edit_dis: 0.962177, CTCLoss: 1.544052, NRTRLoss: 1.350338, loss: 2.890578, avg_reader_cost: 0.00293 s, avg_batch_cost: 0.66899 s, avg_samples: 95.9, ips: 143.34944 samples/s, eta: 1:57:41, max_mem_reserved: 25002 MB, max_mem_allocated: 13718 MB
[2025/11/10 15:33:19] ppocr INFO: epoch: [11/20], global_step: 10980, lr: 0.000194, acc: 0.776470, norm_edit_dis: 0.961344, CTCLoss: 1.560008, NRTRLoss: 1.349917, loss: 2.917389, avg_reader_cost: 0.00293 s, avg_batch_cost: 0.63906 s, avg_samples: 85.1, ips: 133.16518 samples/s, eta: 1:57:35, max_mem_reserved: 25002 MB, max_mem_allocated: 13718 MB
[2025/11/10 15:33:26] ppocr INFO: epoch: [11/20], global_step: 10990, lr: 0.000194, acc: 0.778860, norm_edit_dis: 0.963170, CTCLoss: 1.592011, NRTRLoss: 1.351669, loss: 2.941939, avg_reader_cost: 0.00288 s, avg_batch_cost: 0.65230 s, avg_samples: 85.2, ips: 130.61550 samples/s, eta: 1:57:28, max_mem_reserved: 25002 MB, max_mem_allocated: 13718 MB
[2025/11/10 15:33:32] ppocr INFO: epoch: [11/20], global_step: 11000, lr: 0.000194, acc: 0.784743, norm_edit_dis: 0.963228, CTCLoss: 1.614672, NRTRLoss: 1.352620, loss: 2.965866, avg_reader_cost: 0.00291 s, avg_batch_cost: 0.62474 s, avg_samples: 83.1, ips: 133.01592 samples/s, eta: 1:57:21, max_mem_reserved: 25002 MB, max_mem_allocated: 13718 MB
[2025/11/10 15:34:08] ppocr INFO: cur metric, acc: 0.8487999991512, norm_edit_dis: 0.9749335159703272, fps: 577.5193996447646
[2025/11/10 15:34:10] ppocr INFO: save best model is to ./output/best_accuracy
[2025/11/10 15:34:10] ppocr INFO: best metric, acc: 0.8487999991512, is_float16: False, norm_edit_dis: 0.9749335159703272, fps: 577.5193996447646, best_epoch: 11
[2025/11/10 15:34:17] ppocr INFO: epoch: [11/20], global_step: 11010, lr: 0.000193, acc: 0.735294, norm_edit_dis: 0.958344, CTCLoss: 1.749973, NRTRLoss: 1.352165, loss: 3.102137, avg_reader_cost: 0.00298 s, avg_batch_cost: 0.66434 s, avg_samples: 102.3, ips: 153.98790 samples/s, eta: 1:57:15, max_mem_reserved: 25002 MB, max_mem_allocated: 13718 MB
[2025/11/10 15:34:23] ppocr INFO: epoch: [11/20], global_step: 11020, lr: 0.000193, acc: 0.792555, norm_edit_dis: 0.963147, CTCLoss: 1.567569, NRTRLoss: 1.347339, loss: 2.919169, avg_reader_cost: 0.00282 s, avg_batch_cost: 0.61565 s, avg_samples: 80.9, ips: 131.40597 samples/s, eta: 1:57:08, max_mem_reserved: 25002 MB, max_mem_allocated: 13718 MB
[2025/11/10 15:34:30] ppocr INFO: epoch: [11/20], global_step: 11030, lr: 0.000193, acc: 0.812132, norm_edit_dis: 0.977196, CTCLoss: 1.081824, NRTRLoss: 1.336734, loss: 2.421191, avg_reader_cost: 0.00284 s, avg_batch_cost: 0.63251 s, avg_samples: 83.1, ips: 131.38168 samples/s, eta: 1:57:01, max_mem_reserved: 25002 MB, max_mem_allocated: 13718 MB
[2025/11/10 15:34:36] ppocr INFO: epoch: [11/20], global_step: 11040, lr: 0.000193, acc: 0.812500, norm_edit_dis: 0.974775, CTCLoss: 1.186573, NRTRLoss: 1.340745, loss: 2.524307, avg_reader_cost: 0.00290 s, avg_batch_cost: 0.67859 s, avg_samples: 93.8, ips: 138.22794 samples/s, eta: 1:56:54, max_mem_reserved: 25002 MB, max_mem_allocated: 13718 MB
[2025/11/10 15:34:43] ppocr INFO: epoch: [11/20], global_step: 11050, lr: 0.000193, acc: 0.765625, norm_edit_dis: 0.959628, CTCLoss: 1.482533, NRTRLoss: 1.351330, loss: 2.834562, avg_reader_cost: 0.00282 s, avg_batch_cost: 0.64463 s, avg_samples: 85.3, ips: 132.32471 samples/s, eta: 1:56:48, max_mem_reserved: 25002 MB, max_mem_allocated: 13718 MB
[2025/11/10 15:34:49] ppocr INFO: epoch: [11/20], global_step: 11060, lr: 0.000192, acc: 0.778860, norm_edit_dis: 0.961949, CTCLoss: 1.482533, NRTRLoss: 1.349604, loss: 2.834562, avg_reader_cost: 0.00283 s, avg_batch_cost: 0.63596 s, avg_samples: 83.1, ips: 130.66955 samples/s, eta: 1:56:41, max_mem_reserved: 25002 MB, max_mem_allocated: 13718 MB
[2025/11/10 15:34:56] ppocr INFO: epoch: [11/20], global_step: 11070, lr: 0.000192, acc: 0.770588, norm_edit_dis: 0.961878, CTCLoss: 1.820055, NRTRLoss: 1.350054, loss: 3.167802, avg_reader_cost: 0.00286 s, avg_batch_cost: 0.67545 s, avg_samples: 98.0, ips: 145.08907 samples/s, eta: 1:56:35, max_mem_reserved: 25002 MB, max_mem_allocated: 13718 MB
[2025/11/10 15:35:03] ppocr INFO: epoch: [11/20], global_step: 11080, lr: 0.000192, acc: 0.776470, norm_edit_dis: 0.963014, CTCLoss: 1.636880, NRTRLoss: 1.346482, loss: 2.987700, avg_reader_cost: 0.00282 s, avg_batch_cost: 0.65856 s, avg_samples: 78.7, ips: 119.50239 samples/s, eta: 1:56:28, max_mem_reserved: 25002 MB, max_mem_allocated: 13718 MB
[2025/11/10 15:35:09] ppocr INFO: epoch: [11/20], global_step: 11090, lr: 0.000192, acc: 0.776470, norm_edit_dis: 0.961723, CTCLoss: 1.631245, NRTRLoss: 1.347051, loss: 2.978379, avg_reader_cost: 0.00293 s, avg_batch_cost: 0.66480 s, avg_samples: 95.9, ips: 144.25397 samples/s, eta: 1:56:22, max_mem_reserved: 25002 MB, max_mem_allocated: 13718 MB
[2025/11/10 15:35:16] ppocr INFO: epoch: [11/20], global_step: 11100, lr: 0.000192, acc: 0.773437, norm_edit_dis: 0.958735, CTCLoss: 1.566250, NRTRLoss: 1.352313, loss: 2.915284, avg_reader_cost: 0.00295 s, avg_batch_cost: 0.63093 s, avg_samples: 78.8, ips: 124.89517 samples/s, eta: 1:56:15, max_mem_reserved: 25002 MB, max_mem_allocated: 13718 MB
[2025/11/10 15:35:51] ppocr INFO: cur metric, acc: 0.843999999156, norm_edit_dis: 0.9736464158263611, fps: 606.156461546857
[2025/11/10 15:35:51] ppocr INFO: best metric, acc: 0.8487999991512, is_float16: False, norm_edit_dis: 0.9749335159703272, fps: 577.5193996447646, best_epoch: 11
[2025/11/10 15:35:57] ppocr INFO: epoch: [11/20], global_step: 11110, lr: 0.000191, acc: 0.811765, norm_edit_dis: 0.968138, CTCLoss: 1.227213, NRTRLoss: 1.341444, loss: 2.565235, avg_reader_cost: 0.00285 s, avg_batch_cost: 0.67015 s, avg_samples: 91.5, ips: 136.53636 samples/s, eta: 1:56:08, max_mem_reserved: 25002 MB, max_mem_allocated: 13718 MB
[2025/11/10 15:36:04] ppocr INFO: epoch: [11/20], global_step: 11120, lr: 0.000191, acc: 0.812132, norm_edit_dis: 0.969248, CTCLoss: 1.202566, NRTRLoss: 1.338967, loss: 2.538811, avg_reader_cost: 0.00285 s, avg_batch_cost: 0.63708 s, avg_samples: 87.3, ips: 137.03240 samples/s, eta: 1:56:02, max_mem_reserved: 25002 MB, max_mem_allocated: 13718 MB
[2025/11/10 15:36:10] ppocr INFO: epoch: [11/20], global_step: 11130, lr: 0.000191, acc: 0.788235, norm_edit_dis: 0.968097, CTCLoss: 1.369568, NRTRLoss: 1.341484, loss: 2.718381, avg_reader_cost: 0.00286 s, avg_batch_cost: 0.67599 s, avg_samples: 93.8, ips: 138.75908 samples/s, eta: 1:55:55, max_mem_reserved: 25002 MB, max_mem_allocated: 13718 MB
[2025/11/10 15:36:17] ppocr INFO: epoch: [11/20], global_step: 11140, lr: 0.000191, acc: 0.776470, norm_edit_dis: 0.966672, CTCLoss: 1.945767, NRTRLoss: 1.340850, loss: 3.282479, avg_reader_cost: 0.00289 s, avg_batch_cost: 0.67923 s, avg_samples: 95.9, ips: 141.18934 samples/s, eta: 1:55:49, max_mem_reserved: 25002 MB, max_mem_allocated: 13718 MB
[2025/11/10 15:36:24] ppocr INFO: epoch: [11/20], global_step: 11150, lr: 0.000191, acc: 0.772978, norm_edit_dis: 0.967731, CTCLoss: 2.132213, NRTRLoss: 1.346275, loss: 3.487253, avg_reader_cost: 0.00284 s, avg_batch_cost: 0.63207 s, avg_samples: 76.8, ips: 121.50634 samples/s, eta: 1:55:42, max_mem_reserved: 25002 MB, max_mem_allocated: 13718 MB
[2025/11/10 15:36:30] ppocr INFO: epoch: [11/20], global_step: 11160, lr: 0.000190, acc: 0.751470, norm_edit_dis: 0.964577, CTCLoss: 1.857727, NRTRLoss: 1.351777, loss: 3.208501, avg_reader_cost: 0.00288 s, avg_batch_cost: 0.66886 s, avg_samples: 93.7, ips: 140.08993 samples/s, eta: 1:55:36, max_mem_reserved: 25002 MB, max_mem_allocated: 13718 MB
[2025/11/10 15:36:37] ppocr INFO: epoch: [11/20], global_step: 11170, lr: 0.000190, acc: 0.729412, norm_edit_dis: 0.956845, CTCLoss: 1.852203, NRTRLoss: 1.355574, loss: 3.205990, avg_reader_cost: 0.00288 s, avg_batch_cost: 0.66961 s, avg_samples: 100.2, ips: 149.63934 samples/s, eta: 1:55:29, max_mem_reserved: 25002 MB, max_mem_allocated: 13718 MB
[2025/11/10 15:36:43] ppocr INFO: epoch: [11/20], global_step: 11180, lr: 0.000190, acc: 0.778860, norm_edit_dis: 0.963290, CTCLoss: 1.987192, NRTRLoss: 1.348693, loss: 3.337350, avg_reader_cost: 0.00283 s, avg_batch_cost: 0.61500 s, avg_samples: 83.1, ips: 135.12189 samples/s, eta: 1:55:22, max_mem_reserved: 25002 MB, max_mem_allocated: 13718 MB
[2025/11/10 15:36:49] ppocr INFO: epoch: [11/20], global_step: 11190, lr: 0.000190, acc: 0.773437, norm_edit_dis: 0.971918, CTCLoss: 1.786808, NRTRLoss: 1.341840, loss: 3.149457, avg_reader_cost: 0.00288 s, avg_batch_cost: 0.63952 s, avg_samples: 87.4, ips: 136.66424 samples/s, eta: 1:55:15, max_mem_reserved: 25002 MB, max_mem_allocated: 13718 MB
[2025/11/10 15:36:56] ppocr INFO: epoch: [11/20], global_step: 11200, lr: 0.000190, acc: 0.752941, norm_edit_dis: 0.968347, CTCLoss: 1.759911, NRTRLoss: 1.342469, loss: 3.111684, avg_reader_cost: 0.00303 s, avg_batch_cost: 0.67283 s, avg_samples: 93.8, ips: 139.41080 samples/s, eta: 1:55:09, max_mem_reserved: 25002 MB, max_mem_allocated: 13718 MB
[2025/11/10 15:37:33] ppocr INFO: cur metric, acc: 0.8345999991654001, norm_edit_dis: 0.9737116940949095, fps: 589.2966089997757
[2025/11/10 15:37:33] ppocr INFO: best metric, acc: 0.8487999991512, is_float16: False, norm_edit_dis: 0.9749335159703272, fps: 577.5193996447646, best_epoch: 11
[2025/11/10 15:37:39] ppocr INFO: epoch: [11/20], global_step: 11210, lr: 0.000189, acc: 0.776470, norm_edit_dis: 0.961107, CTCLoss: 1.565740, NRTRLoss: 1.343828, loss: 2.901126, avg_reader_cost: 0.00291 s, avg_batch_cost: 0.62606 s, avg_samples: 85.2, ips: 136.08871 samples/s, eta: 1:55:02, max_mem_reserved: 25002 MB, max_mem_allocated: 13718 MB
[2025/11/10 15:37:45] ppocr INFO: epoch: [11/20], global_step: 11220, lr: 0.000189, acc: 0.776470, norm_edit_dis: 0.968054, CTCLoss: 1.441061, NRTRLoss: 1.341635, loss: 2.786269, avg_reader_cost: 0.00285 s, avg_batch_cost: 0.61595 s, avg_samples: 78.8, ips: 127.93178 samples/s, eta: 1:54:55, max_mem_reserved: 25002 MB, max_mem_allocated: 13718 MB
[2025/11/10 15:37:52] ppocr INFO: epoch: [11/20], global_step: 11230, lr: 0.000189, acc: 0.782353, norm_edit_dis: 0.969140, CTCLoss: 1.369334, NRTRLoss: 1.341635, loss: 2.716056, avg_reader_cost: 0.00288 s, avg_batch_cost: 0.67776 s, avg_samples: 93.7, ips: 138.25037 samples/s, eta: 1:54:49, max_mem_reserved: 25002 MB, max_mem_allocated: 13718 MB
[2025/11/10 15:37:59] ppocr INFO: epoch: [11/20], global_step: 11240, lr: 0.000189, acc: 0.770588, norm_edit_dis: 0.955510, CTCLoss: 2.463667, NRTRLoss: 1.368603, loss: 3.843603, avg_reader_cost: 0.00286 s, avg_batch_cost: 0.69660 s, avg_samples: 102.3, ips: 146.85569 samples/s, eta: 1:54:43, max_mem_reserved: 25002 MB, max_mem_allocated: 13718 MB
[2025/11/10 15:38:05] ppocr INFO: epoch: [11/20], global_step: 11250, lr: 0.000188, acc: 0.723529, norm_edit_dis: 0.949523, CTCLoss: 2.463667, NRTRLoss: 1.368603, loss: 3.843603, avg_reader_cost: 0.00286 s, avg_batch_cost: 0.66604 s, avg_samples: 95.9, ips: 143.98506 samples/s, eta: 1:54:36, max_mem_reserved: 25002 MB, max_mem_allocated: 13718 MB
[2025/11/10 15:38:12] ppocr INFO: epoch: [11/20], global_step: 11260, lr: 0.000188, acc: 0.774908, norm_edit_dis: 0.966934, CTCLoss: 1.489478, NRTRLoss: 1.348620, loss: 2.813257, avg_reader_cost: 0.00289 s, avg_batch_cost: 0.67817 s, avg_samples: 93.7, ips: 138.16599 samples/s, eta: 1:54:30, max_mem_reserved: 25002 MB, max_mem_allocated: 13718 MB
[2025/11/10 15:38:19] ppocr INFO: epoch: [11/20], global_step: 11270, lr: 0.000188, acc: 0.800000, norm_edit_dis: 0.966833, CTCLoss: 1.560010, NRTRLoss: 1.347166, loss: 2.905585, avg_reader_cost: 0.00288 s, avg_batch_cost: 0.66859 s, avg_samples: 89.5, ips: 133.86410 samples/s, eta: 1:54:23, max_mem_reserved: 25002 MB, max_mem_allocated: 13718 MB
[2025/11/10 15:38:25] ppocr INFO: epoch: [11/20], global_step: 11280, lr: 0.000188, acc: 0.776470, norm_edit_dis: 0.959941, CTCLoss: 1.851015, NRTRLoss: 1.356585, loss: 3.217839, avg_reader_cost: 0.00286 s, avg_batch_cost: 0.64445 s, avg_samples: 89.4, ips: 138.72271 samples/s, eta: 1:54:17, max_mem_reserved: 25002 MB, max_mem_allocated: 13718 MB
[2025/11/10 15:38:32] ppocr INFO: epoch: [11/20], global_step: 11290, lr: 0.000188, acc: 0.776470, norm_edit_dis: 0.958825, CTCLoss: 1.520620, NRTRLoss: 1.351716, loss: 2.871073, avg_reader_cost: 0.00351 s, avg_batch_cost: 0.68357 s, avg_samples: 93.8, ips: 137.22095 samples/s, eta: 1:54:10, max_mem_reserved: 25002 MB, max_mem_allocated: 13718 MB
[2025/11/10 15:38:39] ppocr INFO: epoch: [11/20], global_step: 11300, lr: 0.000187, acc: 0.741176, norm_edit_dis: 0.956301, CTCLoss: 1.572134, NRTRLoss: 1.346089, loss: 2.918153, avg_reader_cost: 0.00286 s, avg_batch_cost: 0.64835 s, avg_samples: 87.4, ips: 134.80362 samples/s, eta: 1:54:04, max_mem_reserved: 25002 MB, max_mem_allocated: 13718 MB
[2025/11/10 15:39:14] ppocr INFO: cur metric, acc: 0.8481999991518, norm_edit_dis: 0.9755208643139751, fps: 594.6773570393055
[2025/11/10 15:39:14] ppocr INFO: best metric, acc: 0.8487999991512, is_float16: False, norm_edit_dis: 0.9749335159703272, fps: 577.5193996447646, best_epoch: 11
[2025/11/10 15:39:20] ppocr INFO: epoch: [11/20], global_step: 11310, lr: 0.000187, acc: 0.776470, norm_edit_dis: 0.959533, CTCLoss: 1.429750, NRTRLoss: 1.342418, loss: 2.767753, avg_reader_cost: 0.00305 s, avg_batch_cost: 0.61672 s, avg_samples: 83.1, ips: 134.74592 samples/s, eta: 1:53:57, max_mem_reserved: 25002 MB, max_mem_allocated: 13718 MB
[2025/11/10 15:39:27] ppocr INFO: epoch: [11/20], global_step: 11320, lr: 0.000187, acc: 0.786673, norm_edit_dis: 0.960076, CTCLoss: 1.460235, NRTRLoss: 1.352822, loss: 2.816230, avg_reader_cost: 0.00283 s, avg_batch_cost: 0.68272 s, avg_samples: 100.2, ips: 146.76490 samples/s, eta: 1:53:50, max_mem_reserved: 25002 MB, max_mem_allocated: 13718 MB
[2025/11/10 15:39:34] ppocr INFO: epoch: [11/20], global_step: 11330, lr: 0.000187, acc: 0.776470, norm_edit_dis: 0.964953, CTCLoss: 1.527190, NRTRLoss: 1.362488, loss: 2.878839, avg_reader_cost: 0.00286 s, avg_batch_cost: 0.67143 s, avg_samples: 93.7, ips: 139.55247 samples/s, eta: 1:53:44, max_mem_reserved: 25002 MB, max_mem_allocated: 13718 MB
[2025/11/10 15:39:40] ppocr INFO: epoch: [11/20], global_step: 11340, lr: 0.000187, acc: 0.782353, norm_edit_dis: 0.964953, CTCLoss: 1.421819, NRTRLoss: 1.347893, loss: 2.777628, avg_reader_cost: 0.00288 s, avg_batch_cost: 0.63212 s, avg_samples: 83.0, ips: 131.30367 samples/s, eta: 1:53:37, max_mem_reserved: 25002 MB, max_mem_allocated: 13718 MB
[2025/11/10 15:39:48] ppocr INFO: epoch: [11/20], global_step: 11350, lr: 0.000186, acc: 0.765165, norm_edit_dis: 0.956093, CTCLoss: 1.903837, NRTRLoss: 1.363157, loss: 3.278326, avg_reader_cost: 0.00287 s, avg_batch_cost: 0.72416 s, avg_samples: 115.2, ips: 159.08167 samples/s, eta: 1:53:31, max_mem_reserved: 25002 MB, max_mem_allocated: 13718 MB
[2025/11/10 15:39:54] ppocr INFO: epoch: [11/20], global_step: 11360, lr: 0.000186, acc: 0.632812, norm_edit_dis: 0.937579, CTCLoss: 2.591673, NRTRLoss: 1.372043, loss: 3.959275, avg_reader_cost: 0.00292 s, avg_batch_cost: 0.64230 s, avg_samples: 93.8, ips: 146.03787 samples/s, eta: 1:53:25, max_mem_reserved: 25002 MB, max_mem_allocated: 13718 MB
[2025/11/10 15:40:00] ppocr INFO: epoch: [11/20], global_step: 11370, lr: 0.000186, acc: 0.773437, norm_edit_dis: 0.963837, CTCLoss: 1.205996, NRTRLoss: 1.350269, loss: 2.552333, avg_reader_cost: 0.00290 s, avg_batch_cost: 0.64312 s, avg_samples: 85.2, ips: 132.47863 samples/s, eta: 1:53:18, max_mem_reserved: 25002 MB, max_mem_allocated: 13718 MB
[2025/11/10 15:40:07] ppocr INFO: epoch: [11/20], global_step: 11380, lr: 0.000186, acc: 0.773437, norm_edit_dis: 0.954424, CTCLoss: 1.786434, NRTRLoss: 1.359629, loss: 3.138916, avg_reader_cost: 0.00289 s, avg_batch_cost: 0.64447 s, avg_samples: 91.7, ips: 142.28789 samples/s, eta: 1:53:11, max_mem_reserved: 25002 MB, max_mem_allocated: 13718 MB
[2025/11/10 15:40:14] ppocr INFO: epoch: [11/20], global_step: 11390, lr: 0.000186, acc: 0.745588, norm_edit_dis: 0.951041, CTCLoss: 2.067624, NRTRLoss: 1.359343, loss: 3.442173, avg_reader_cost: 0.00292 s, avg_batch_cost: 0.68114 s, avg_samples: 98.0, ips: 143.87716 samples/s, eta: 1:53:05, max_mem_reserved: 25002 MB, max_mem_allocated: 13718 MB
[2025/11/10 15:40:20] ppocr INFO: epoch: [11/20], global_step: 11400, lr: 0.000185, acc: 0.780882, norm_edit_dis: 0.960713, CTCLoss: 1.836964, NRTRLoss: 1.357373, loss: 3.206543, avg_reader_cost: 0.00287 s, avg_batch_cost: 0.64918 s, avg_samples: 91.7, ips: 141.25608 samples/s, eta: 1:52:58, max_mem_reserved: 25002 MB, max_mem_allocated: 13718 MB
[2025/11/10 15:40:56] ppocr INFO: cur metric, acc: 0.8488999991511, norm_edit_dis: 0.9750898188162327, fps: 588.2671894880542
[2025/11/10 15:40:58] ppocr INFO: save best model is to ./output/best_accuracy
[2025/11/10 15:40:58] ppocr INFO: best metric, acc: 0.8488999991511, is_float16: False, norm_edit_dis: 0.9750898188162327, fps: 588.2671894880542, best_epoch: 11
[2025/11/10 15:41:04] ppocr INFO: epoch: [11/20], global_step: 11410, lr: 0.000185, acc: 0.818015, norm_edit_dis: 0.967939, CTCLoss: 1.284504, NRTRLoss: 1.339884, loss: 2.623005, avg_reader_cost: 0.00298 s, avg_batch_cost: 0.62647 s, avg_samples: 87.3, ips: 139.35127 samples/s, eta: 1:52:51, max_mem_reserved: 25002 MB, max_mem_allocated: 13718 MB
[2025/11/10 15:41:11] ppocr INFO: epoch: [11/20], global_step: 11420, lr: 0.000185, acc: 0.812132, norm_edit_dis: 0.967407, CTCLoss: 1.284504, NRTRLoss: 1.343322, loss: 2.623005, avg_reader_cost: 0.00286 s, avg_batch_cost: 0.68891 s, avg_samples: 102.3, ips: 148.49522 samples/s, eta: 1:52:45, max_mem_reserved: 25002 MB, max_mem_allocated: 13718 MB
[2025/11/10 15:41:18] ppocr INFO: epoch: [11/20], global_step: 11430, lr: 0.000185, acc: 0.805882, norm_edit_dis: 0.968961, CTCLoss: 1.484318, NRTRLoss: 1.343322, loss: 2.826714, avg_reader_cost: 0.00322 s, avg_batch_cost: 0.66454 s, avg_samples: 91.6, ips: 137.84024 samples/s, eta: 1:52:39, max_mem_reserved: 25002 MB, max_mem_allocated: 13718 MB
[2025/11/10 15:41:25] ppocr INFO: epoch: [11/20], global_step: 11440, lr: 0.000184, acc: 0.780790, norm_edit_dis: 0.962423, CTCLoss: 1.498069, NRTRLoss: 1.354295, loss: 2.844991, avg_reader_cost: 0.00321 s, avg_batch_cost: 0.69368 s, avg_samples: 104.4, ips: 150.50153 samples/s, eta: 1:52:32, max_mem_reserved: 25002 MB, max_mem_allocated: 13718 MB
[2025/11/10 15:41:31] ppocr INFO: epoch: [11/20], global_step: 11450, lr: 0.000184, acc: 0.757353, norm_edit_dis: 0.962423, CTCLoss: 1.708987, NRTRLoss: 1.350953, loss: 3.044610, avg_reader_cost: 0.00280 s, avg_batch_cost: 0.62870 s, avg_samples: 81.0, ips: 128.83708 samples/s, eta: 1:52:25, max_mem_reserved: 25002 MB, max_mem_allocated: 13718 MB
[2025/11/10 15:41:37] ppocr INFO: epoch: [11/20], global_step: 11460, lr: 0.000184, acc: 0.770588, norm_edit_dis: 0.965510, CTCLoss: 1.708987, NRTRLoss: 1.344966, loss: 3.044610, avg_reader_cost: 0.00283 s, avg_batch_cost: 0.64760 s, avg_samples: 95.9, ips: 148.08587 samples/s, eta: 1:52:19, max_mem_reserved: 25002 MB, max_mem_allocated: 13718 MB
[2025/11/10 15:41:44] ppocr INFO: epoch: [11/20], global_step: 11470, lr: 0.000184, acc: 0.759283, norm_edit_dis: 0.959227, CTCLoss: 1.782655, NRTRLoss: 1.358442, loss: 3.138701, avg_reader_cost: 0.00282 s, avg_batch_cost: 0.66741 s, avg_samples: 95.9, ips: 143.69009 samples/s, eta: 1:52:12, max_mem_reserved: 25002 MB, max_mem_allocated: 13718 MB
[2025/11/10 15:41:50] ppocr INFO: epoch: [11/20], global_step: 11480, lr: 0.000184, acc: 0.784743, norm_edit_dis: 0.967407, CTCLoss: 1.493472, NRTRLoss: 1.348817, loss: 2.835723, avg_reader_cost: 0.00324 s, avg_batch_cost: 0.62028 s, avg_samples: 81.0, ips: 130.58613 samples/s, eta: 1:52:05, max_mem_reserved: 25002 MB, max_mem_allocated: 13718 MB
[2025/11/10 15:41:57] ppocr INFO: epoch: [11/20], global_step: 11490, lr: 0.000183, acc: 0.781250, norm_edit_dis: 0.968561, CTCLoss: 1.330875, NRTRLoss: 1.349823, loss: 2.677129, avg_reader_cost: 0.00283 s, avg_batch_cost: 0.66211 s, avg_samples: 89.5, ips: 135.17309 samples/s, eta: 1:51:59, max_mem_reserved: 25002 MB, max_mem_allocated: 13718 MB
[2025/11/10 15:42:03] ppocr INFO: epoch: [11/20], global_step: 11500, lr: 0.000183, acc: 0.765165, norm_edit_dis: 0.957832, CTCLoss: 1.472349, NRTRLoss: 1.352190, loss: 2.827939, avg_reader_cost: 0.00281 s, avg_batch_cost: 0.64259 s, avg_samples: 95.8, ips: 149.08323 samples/s, eta: 1:51:52, max_mem_reserved: 25002 MB, max_mem_allocated: 13718 MB
[2025/11/10 15:42:39] ppocr INFO: cur metric, acc: 0.853999999146, norm_edit_dis: 0.9760060250216783, fps: 595.7132942293086
[2025/11/10 15:42:41] ppocr INFO: save best model is to ./output/best_accuracy
[2025/11/10 15:42:41] ppocr INFO: best metric, acc: 0.853999999146, is_float16: False, norm_edit_dis: 0.9760060250216783, fps: 595.7132942293086, best_epoch: 11
[2025/11/10 15:42:48] ppocr INFO: epoch: [11/20], global_step: 11510, lr: 0.000183, acc: 0.664062, norm_edit_dis: 0.945650, CTCLoss: 2.362917, NRTRLoss: 1.361478, loss: 3.726834, avg_reader_cost: 0.00336 s, avg_batch_cost: 0.72882 s, avg_samples: 123.7, ips: 169.72587 samples/s, eta: 1:51:46, max_mem_reserved: 25002 MB, max_mem_allocated: 13718 MB
[2025/11/10 15:42:55] ppocr INFO: epoch: [11/20], global_step: 11520, lr: 0.000183, acc: 0.664062, norm_edit_dis: 0.939134, CTCLoss: 2.534852, NRTRLoss: 1.373043, loss: 3.901241, avg_reader_cost: 0.00342 s, avg_batch_cost: 0.67099 s, avg_samples: 98.0, ips: 146.05350 samples/s, eta: 1:51:40, max_mem_reserved: 25002 MB, max_mem_allocated: 13718 MB
[2025/11/10 15:43:02] ppocr INFO: epoch: [11/20], global_step: 11530, lr: 0.000183, acc: 0.776470, norm_edit_dis: 0.959710, CTCLoss: 1.545990, NRTRLoss: 1.348381, loss: 2.893180, avg_reader_cost: 0.00387 s, avg_batch_cost: 0.70606 s, avg_samples: 106.5, ips: 150.83646 samples/s, eta: 1:51:34, max_mem_reserved: 25002 MB, max_mem_allocated: 13718 MB
[2025/11/10 15:43:09] ppocr INFO: epoch: [11/20], global_step: 11540, lr: 0.000182, acc: 0.776470, norm_edit_dis: 0.962509, CTCLoss: 1.490625, NRTRLoss: 1.353246, loss: 2.836251, avg_reader_cost: 0.00286 s, avg_batch_cost: 0.66267 s, avg_samples: 93.7, ips: 141.39858 samples/s, eta: 1:51:27, max_mem_reserved: 25002 MB, max_mem_allocated: 13718 MB
[2025/11/10 15:43:15] ppocr INFO: epoch: [11/20], global_step: 11550, lr: 0.000182, acc: 0.796875, norm_edit_dis: 0.970367, CTCLoss: 1.261070, NRTRLoss: 1.342408, loss: 2.610765, avg_reader_cost: 0.00288 s, avg_batch_cost: 0.64461 s, avg_samples: 81.0, ips: 125.65715 samples/s, eta: 1:51:21, max_mem_reserved: 25002 MB, max_mem_allocated: 13718 MB
[2025/11/10 15:43:22] ppocr INFO: epoch: [11/20], global_step: 11560, lr: 0.000182, acc: 0.796875, norm_edit_dis: 0.970580, CTCLoss: 1.346705, NRTRLoss: 1.340277, loss: 2.683661, avg_reader_cost: 0.00355 s, avg_batch_cost: 0.65295 s, avg_samples: 87.3, ips: 133.70101 samples/s, eta: 1:51:14, max_mem_reserved: 25002 MB, max_mem_allocated: 13718 MB
[2025/11/10 15:43:29] ppocr INFO: epoch: [11/20], global_step: 11570, lr: 0.000182, acc: 0.759283, norm_edit_dis: 0.957799, CTCLoss: 1.576791, NRTRLoss: 1.345119, loss: 2.921910, avg_reader_cost: 0.00381 s, avg_batch_cost: 0.70115 s, avg_samples: 106.6, ips: 152.03626 samples/s, eta: 1:51:08, max_mem_reserved: 25002 MB, max_mem_allocated: 13718 MB
[2025/11/10 15:43:35] ppocr INFO: epoch: [11/20], global_step: 11580, lr: 0.000181, acc: 0.741176, norm_edit_dis: 0.953373, CTCLoss: 2.147884, NRTRLoss: 1.360196, loss: 3.496845, avg_reader_cost: 0.00332 s, avg_batch_cost: 0.63706 s, avg_samples: 87.4, ips: 137.19188 samples/s, eta: 1:51:01, max_mem_reserved: 25002 MB, max_mem_allocated: 13718 MB
[2025/11/10 15:43:42] ppocr INFO: epoch: [11/20], global_step: 11590, lr: 0.000181, acc: 0.747518, norm_edit_dis: 0.953373, CTCLoss: 1.988177, NRTRLoss: 1.356459, loss: 3.330498, avg_reader_cost: 0.00287 s, avg_batch_cost: 0.69523 s, avg_samples: 108.7, ips: 156.35046 samples/s, eta: 1:50:55, max_mem_reserved: 25002 MB, max_mem_allocated: 13718 MB
[2025/11/10 15:43:49] ppocr INFO: epoch: [11/20], global_step: 11600, lr: 0.000181, acc: 0.671875, norm_edit_dis: 0.941816, CTCLoss: 2.022286, NRTRLoss: 1.362989, loss: 3.389644, avg_reader_cost: 0.00291 s, avg_batch_cost: 0.69340 s, avg_samples: 102.3, ips: 147.53315 samples/s, eta: 1:50:49, max_mem_reserved: 25002 MB, max_mem_allocated: 13718 MB
[2025/11/10 15:44:24] ppocr INFO: cur metric, acc: 0.8398999991601, norm_edit_dis: 0.9756547851743382, fps: 598.837377393757
[2025/11/10 15:44:24] ppocr INFO: best metric, acc: 0.853999999146, is_float16: False, norm_edit_dis: 0.9760060250216783, fps: 595.7132942293086, best_epoch: 11
[2025/11/10 15:44:31] ppocr INFO: epoch: [11/20], global_step: 11610, lr: 0.000181, acc: 0.778860, norm_edit_dis: 0.962130, CTCLoss: 1.588305, NRTRLoss: 1.343987, loss: 2.936431, avg_reader_cost: 0.00353 s, avg_batch_cost: 0.61297 s, avg_samples: 80.9, ips: 131.98045 samples/s, eta: 1:50:42, max_mem_reserved: 25002 MB, max_mem_allocated: 13718 MB
[2025/11/10 15:44:37] ppocr INFO: epoch: [11/20], global_step: 11620, lr: 0.000181, acc: 0.771048, norm_edit_dis: 0.959841, CTCLoss: 1.995270, NRTRLoss: 1.352836, loss: 3.354557, avg_reader_cost: 0.00295 s, avg_batch_cost: 0.67388 s, avg_samples: 98.0, ips: 145.42567 samples/s, eta: 1:50:35, max_mem_reserved: 25002 MB, max_mem_allocated: 13718 MB
[2025/11/10 15:44:44] ppocr INFO: epoch: [11/20], global_step: 11630, lr: 0.000180, acc: 0.765625, norm_edit_dis: 0.951092, CTCLoss: 2.195837, NRTRLoss: 1.369212, loss: 3.563557, avg_reader_cost: 0.00281 s, avg_batch_cost: 0.66155 s, avg_samples: 93.8, ips: 141.78730 samples/s, eta: 1:50:29, max_mem_reserved: 25002 MB, max_mem_allocated: 13718 MB
[2025/11/10 15:44:50] ppocr INFO: epoch: [11/20], global_step: 11640, lr: 0.000180, acc: 0.804320, norm_edit_dis: 0.967130, CTCLoss: 1.458968, NRTRLoss: 1.340410, loss: 2.809163, avg_reader_cost: 0.00286 s, avg_batch_cost: 0.60443 s, avg_samples: 80.9, ips: 133.84482 samples/s, eta: 1:50:22, max_mem_reserved: 25002 MB, max_mem_allocated: 13718 MB
[2025/11/10 15:44:57] ppocr INFO: epoch: [11/20], global_step: 11650, lr: 0.000180, acc: 0.804320, norm_edit_dis: 0.968701, CTCLoss: 1.463569, NRTRLoss: 1.340410, loss: 2.809163, avg_reader_cost: 0.00286 s, avg_batch_cost: 0.65975 s, avg_samples: 100.2, ips: 151.87641 samples/s, eta: 1:50:15, max_mem_reserved: 25002 MB, max_mem_allocated: 13718 MB
[2025/11/10 15:45:03] ppocr INFO: epoch: [11/20], global_step: 11660, lr: 0.000180, acc: 0.708410, norm_edit_dis: 0.942891, CTCLoss: 2.160587, NRTRLoss: 1.370999, loss: 3.542791, avg_reader_cost: 0.00287 s, avg_batch_cost: 0.66147 s, avg_samples: 106.6, ips: 161.15646 samples/s, eta: 1:50:09, max_mem_reserved: 25002 MB, max_mem_allocated: 13718 MB
[2025/11/10 15:45:10] ppocr INFO: epoch: [11/20], global_step: 11670, lr: 0.000180, acc: 0.765165, norm_edit_dis: 0.947268, CTCLoss: 2.033806, NRTRLoss: 1.365320, loss: 3.394105, avg_reader_cost: 0.00379 s, avg_batch_cost: 0.62600 s, avg_samples: 83.1, ips: 132.74784 samples/s, eta: 1:50:02, max_mem_reserved: 25002 MB, max_mem_allocated: 13718 MB
[2025/11/10 15:45:16] ppocr INFO: epoch: [11/20], global_step: 11680, lr: 0.000179, acc: 0.812132, norm_edit_dis: 0.969436, CTCLoss: 1.328599, NRTRLoss: 1.347579, loss: 2.680967, avg_reader_cost: 0.00287 s, avg_batch_cost: 0.61251 s, avg_samples: 81.0, ips: 132.24332 samples/s, eta: 1:49:55, max_mem_reserved: 25002 MB, max_mem_allocated: 13718 MB
[2025/11/10 15:45:21] ppocr INFO: epoch: [11/20], global_step: 11690, lr: 0.000179, acc: 0.792555, norm_edit_dis: 0.969929, CTCLoss: 1.208069, NRTRLoss: 1.343431, loss: 2.560507, avg_reader_cost: 0.00285 s, avg_batch_cost: 0.58261 s, avg_samples: 76.7, ips: 131.64884 samples/s, eta: 1:49:48, max_mem_reserved: 25002 MB, max_mem_allocated: 13718 MB
[2025/11/10 15:45:27] ppocr INFO: epoch: [11/20], global_step: 11700, lr: 0.000179, acc: 0.796875, norm_edit_dis: 0.970302, CTCLoss: 1.221181, NRTRLoss: 1.342127, loss: 2.562362, avg_reader_cost: 0.00285 s, avg_batch_cost: 0.59180 s, avg_samples: 76.7, ips: 129.60362 samples/s, eta: 1:49:40, max_mem_reserved: 25002 MB, max_mem_allocated: 13718 MB
[2025/11/10 15:46:02] ppocr INFO: cur metric, acc: 0.840999999159, norm_edit_dis: 0.9730631271677368, fps: 637.0130681185826
[2025/11/10 15:46:02] ppocr INFO: best metric, acc: 0.853999999146, is_float16: False, norm_edit_dis: 0.9760060250216783, fps: 595.7132942293086, best_epoch: 11
[2025/11/10 15:46:08] ppocr INFO: epoch: [11/20], global_step: 11710, lr: 0.000179, acc: 0.796875, norm_edit_dis: 0.968503, CTCLoss: 1.418391, NRTRLoss: 1.347505, loss: 2.765786, avg_reader_cost: 0.00282 s, avg_batch_cost: 0.64547 s, avg_samples: 95.9, ips: 148.57375 samples/s, eta: 1:49:34, max_mem_reserved: 25002 MB, max_mem_allocated: 13718 MB
[2025/11/10 15:46:14] ppocr INFO: epoch: [11/20], global_step: 11720, lr: 0.000179, acc: 0.782812, norm_edit_dis: 0.965282, CTCLoss: 1.694935, NRTRLoss: 1.345388, loss: 3.046197, avg_reader_cost: 0.00300 s, avg_batch_cost: 0.61638 s, avg_samples: 85.2, ips: 138.22598 samples/s, eta: 1:49:27, max_mem_reserved: 25002 MB, max_mem_allocated: 13718 MB
[2025/11/10 15:46:21] ppocr INFO: epoch: [11/20], global_step: 11730, lr: 0.000178, acc: 0.805882, norm_edit_dis: 0.963539, CTCLoss: 1.642991, NRTRLoss: 1.350352, loss: 2.997051, avg_reader_cost: 0.00282 s, avg_batch_cost: 0.67940 s, avg_samples: 93.7, ips: 137.91648 samples/s, eta: 1:49:20, max_mem_reserved: 25002 MB, max_mem_allocated: 13718 MB
[2025/11/10 15:46:28] ppocr INFO: epoch: [11/20], global_step: 11740, lr: 0.000178, acc: 0.811765, norm_edit_dis: 0.966425, CTCLoss: 1.265116, NRTRLoss: 1.343617, loss: 2.616044, avg_reader_cost: 0.00279 s, avg_batch_cost: 0.64651 s, avg_samples: 87.4, ips: 135.18676 samples/s, eta: 1:49:14, max_mem_reserved: 25002 MB, max_mem_allocated: 13718 MB
[2025/11/10 15:46:35] ppocr INFO: epoch: [11/20], global_step: 11750, lr: 0.000178, acc: 0.769118, norm_edit_dis: 0.962983, CTCLoss: 1.689911, NRTRLoss: 1.347428, loss: 3.042172, avg_reader_cost: 0.00286 s, avg_batch_cost: 0.69049 s, avg_samples: 106.5, ips: 154.23797 samples/s, eta: 1:49:08, max_mem_reserved: 25002 MB, max_mem_allocated: 13718 MB
[2025/11/10 15:46:41] ppocr INFO: epoch: [11/20], global_step: 11760, lr: 0.000178, acc: 0.726011, norm_edit_dis: 0.951911, CTCLoss: 1.761769, NRTRLoss: 1.352261, loss: 3.106999, avg_reader_cost: 0.00285 s, avg_batch_cost: 0.64495 s, avg_samples: 87.4, ips: 135.51492 samples/s, eta: 1:49:01, max_mem_reserved: 25002 MB, max_mem_allocated: 13718 MB
[2025/11/10 15:46:48] ppocr INFO: epoch: [11/20], global_step: 11770, lr: 0.000177, acc: 0.750000, norm_edit_dis: 0.958604, CTCLoss: 1.761769, NRTRLoss: 1.350214, loss: 3.106999, avg_reader_cost: 0.00283 s, avg_batch_cost: 0.66869 s, avg_samples: 102.3, ips: 152.98606 samples/s, eta: 1:48:54, max_mem_reserved: 25002 MB, max_mem_allocated: 13718 MB
[2025/11/10 15:46:54] ppocr INFO: epoch: [11/20], global_step: 11780, lr: 0.000177, acc: 0.776930, norm_edit_dis: 0.959414, CTCLoss: 1.682115, NRTRLoss: 1.349848, loss: 3.027770, avg_reader_cost: 0.00288 s, avg_batch_cost: 0.64642 s, avg_samples: 89.5, ips: 138.45477 samples/s, eta: 1:48:48, max_mem_reserved: 25002 MB, max_mem_allocated: 13718 MB
[2025/11/10 15:47:01] ppocr INFO: epoch: [11/20], global_step: 11790, lr: 0.000177, acc: 0.800000, norm_edit_dis: 0.967248, CTCLoss: 1.278785, NRTRLoss: 1.342304, loss: 2.622984, avg_reader_cost: 0.00286 s, avg_batch_cost: 0.64140 s, avg_samples: 93.7, ips: 146.08651 samples/s, eta: 1:48:41, max_mem_reserved: 25002 MB, max_mem_allocated: 13718 MB
[2025/11/10 15:47:07] ppocr INFO: epoch: [11/20], global_step: 11800, lr: 0.000177, acc: 0.817647, norm_edit_dis: 0.973302, CTCLoss: 1.104641, NRTRLoss: 1.340243, loss: 2.445196, avg_reader_cost: 0.00283 s, avg_batch_cost: 0.64660 s, avg_samples: 89.6, ips: 138.57186 samples/s, eta: 1:48:34, max_mem_reserved: 25002 MB, max_mem_allocated: 13718 MB
[2025/11/10 15:47:43] ppocr INFO: cur metric, acc: 0.8493999991506, norm_edit_dis: 0.975513847401521, fps: 598.7800305715438
[2025/11/10 15:47:43] ppocr INFO: best metric, acc: 0.853999999146, is_float16: False, norm_edit_dis: 0.9760060250216783, fps: 595.7132942293086, best_epoch: 11
[2025/11/10 15:47:49] ppocr INFO: epoch: [11/20], global_step: 11810, lr: 0.000177, acc: 0.798437, norm_edit_dis: 0.968953, CTCLoss: 1.338751, NRTRLoss: 1.342812, loss: 2.686152, avg_reader_cost: 0.00299 s, avg_batch_cost: 0.61637 s, avg_samples: 83.1, ips: 134.82195 samples/s, eta: 1:48:27, max_mem_reserved: 25002 MB, max_mem_allocated: 13718 MB
[2025/11/10 15:47:56] ppocr INFO: epoch: [11/20], global_step: 11820, lr: 0.000176, acc: 0.796875, norm_edit_dis: 0.963338, CTCLoss: 1.584651, NRTRLoss: 1.349482, loss: 2.936514, avg_reader_cost: 0.00290 s, avg_batch_cost: 0.69828 s, avg_samples: 98.0, ips: 140.34499 samples/s, eta: 1:48:21, max_mem_reserved: 25002 MB, max_mem_allocated: 13718 MB
[2025/11/10 15:48:02] ppocr INFO: epoch: [11/20], global_step: 11830, lr: 0.000176, acc: 0.812132, norm_edit_dis: 0.965081, CTCLoss: 1.329649, NRTRLoss: 1.348224, loss: 2.679819, avg_reader_cost: 0.00304 s, avg_batch_cost: 0.61188 s, avg_samples: 74.5, ips: 121.75661 samples/s, eta: 1:48:14, max_mem_reserved: 25002 MB, max_mem_allocated: 13718 MB
[2025/11/10 15:48:09] ppocr INFO: epoch: [11/20], global_step: 11840, lr: 0.000176, acc: 0.776930, norm_edit_dis: 0.959575, CTCLoss: 1.487726, NRTRLoss: 1.349117, loss: 2.839706, avg_reader_cost: 0.00282 s, avg_batch_cost: 0.71343 s, avg_samples: 113.0, ips: 158.38932 samples/s, eta: 1:48:08, max_mem_reserved: 25002 MB, max_mem_allocated: 13718 MB
[2025/11/10 15:48:15] ppocr INFO: epoch: [11/20], global_step: 11850, lr: 0.000176, acc: 0.765625, norm_edit_dis: 0.957048, CTCLoss: 1.617253, NRTRLoss: 1.346433, loss: 2.955886, avg_reader_cost: 0.00319 s, avg_batch_cost: 0.63867 s, avg_samples: 81.0, ips: 126.82692 samples/s, eta: 1:48:01, max_mem_reserved: 25002 MB, max_mem_allocated: 13718 MB
[2025/11/10 15:48:22] ppocr INFO: epoch: [11/20], global_step: 11860, lr: 0.000176, acc: 0.778860, norm_edit_dis: 0.966498, CTCLoss: 1.392412, NRTRLoss: 1.343575, loss: 2.735851, avg_reader_cost: 0.00286 s, avg_batch_cost: 0.68926 s, avg_samples: 102.3, ips: 148.42058 samples/s, eta: 1:47:55, max_mem_reserved: 25002 MB, max_mem_allocated: 13718 MB
[2025/11/10 15:48:29] ppocr INFO: epoch: [11/20], global_step: 11870, lr: 0.000175, acc: 0.741176, norm_edit_dis: 0.959348, CTCLoss: 1.613150, NRTRLoss: 1.352144, loss: 2.961185, avg_reader_cost: 0.00283 s, avg_batch_cost: 0.67510 s, avg_samples: 98.0, ips: 145.16395 samples/s, eta: 1:47:49, max_mem_reserved: 25002 MB, max_mem_allocated: 13718 MB
[2025/11/10 15:48:35] ppocr INFO: epoch: [11/20], global_step: 11880, lr: 0.000175, acc: 0.771048, norm_edit_dis: 0.964329, CTCLoss: 1.572763, NRTRLoss: 1.352144, loss: 2.926267, avg_reader_cost: 0.00283 s, avg_batch_cost: 0.64076 s, avg_samples: 91.7, ips: 143.11029 samples/s, eta: 1:47:42, max_mem_reserved: 25002 MB, max_mem_allocated: 13718 MB
[2025/11/10 15:48:42] ppocr INFO: epoch: [11/20], global_step: 11890, lr: 0.000175, acc: 0.765165, norm_edit_dis: 0.961178, CTCLoss: 2.012460, NRTRLoss: 1.359190, loss: 3.372940, avg_reader_cost: 0.00283 s, avg_batch_cost: 0.67977 s, avg_samples: 98.0, ips: 144.16581 samples/s, eta: 1:47:36, max_mem_reserved: 25002 MB, max_mem_allocated: 13718 MB
[2025/11/10 15:48:49] ppocr INFO: epoch: [11/20], global_step: 11900, lr: 0.000175, acc: 0.747059, norm_edit_dis: 0.955586, CTCLoss: 2.320885, NRTRLoss: 1.366050, loss: 3.700768, avg_reader_cost: 0.00281 s, avg_batch_cost: 0.67527 s, avg_samples: 102.3, ips: 151.49499 samples/s, eta: 1:47:29, max_mem_reserved: 25002 MB, max_mem_allocated: 13718 MB
[2025/11/10 15:49:25] ppocr INFO: cur metric, acc: 0.8544999991455, norm_edit_dis: 0.9769620640767613, fps: 585.5987630995364
[2025/11/10 15:49:27] ppocr INFO: save best model is to ./output/best_accuracy
[2025/11/10 15:49:27] ppocr INFO: best metric, acc: 0.8544999991455, is_float16: False, norm_edit_dis: 0.9769620640767613, fps: 585.5987630995364, best_epoch: 11
[2025/11/10 15:49:34] ppocr INFO: epoch: [11/20], global_step: 11910, lr: 0.000174, acc: 0.728033, norm_edit_dis: 0.950327, CTCLoss: 2.152512, NRTRLoss: 1.367541, loss: 3.508937, avg_reader_cost: 0.00366 s, avg_batch_cost: 0.65542 s, avg_samples: 95.9, ips: 146.31912 samples/s, eta: 1:47:23, max_mem_reserved: 25002 MB, max_mem_allocated: 13718 MB
[2025/11/10 15:49:40] ppocr INFO: epoch: [11/20], global_step: 11920, lr: 0.000174, acc: 0.764706, norm_edit_dis: 0.956651, CTCLoss: 1.926685, NRTRLoss: 1.362060, loss: 3.290777, avg_reader_cost: 0.00280 s, avg_batch_cost: 0.65272 s, avg_samples: 93.8, ips: 143.70527 samples/s, eta: 1:47:16, max_mem_reserved: 25002 MB, max_mem_allocated: 13718 MB
[2025/11/10 15:49:47] ppocr INFO: epoch: [11/20], global_step: 11930, lr: 0.000174, acc: 0.752941, norm_edit_dis: 0.956181, CTCLoss: 1.716338, NRTRLoss: 1.364945, loss: 3.072786, avg_reader_cost: 0.00284 s, avg_batch_cost: 0.67249 s, avg_samples: 100.2, ips: 148.99815 samples/s, eta: 1:47:10, max_mem_reserved: 25002 MB, max_mem_allocated: 13718 MB
[2025/11/10 15:49:54] ppocr INFO: epoch: [11/20], global_step: 11940, lr: 0.000174, acc: 0.711765, norm_edit_dis: 0.955022, CTCLoss: 1.716338, NRTRLoss: 1.362423, loss: 3.072786, avg_reader_cost: 0.00327 s, avg_batch_cost: 0.68656 s, avg_samples: 98.0, ips: 142.74065 samples/s, eta: 1:47:03, max_mem_reserved: 25002 MB, max_mem_allocated: 13718 MB
[2025/11/10 15:49:58] ppocr INFO: epoch: [11/20], global_step: 11946, lr: 0.000174, acc: 0.741176, norm_edit_dis: 0.955070, CTCLoss: 1.667972, NRTRLoss: 1.362423, loss: 3.032917, avg_reader_cost: 0.00212 s, avg_batch_cost: 0.42100 s, avg_samples: 59.7, ips: 141.80582 samples/s, eta: 1:47:00, max_mem_reserved: 25002 MB, max_mem_allocated: 13718 MB
[2025/11/10 15:50:01] ppocr INFO: save model in ./output/latest
[2025/11/10 15:50:02] ppocr INFO: save model in ./output/iter_epoch_11
[2025/11/10 15:50:06] ppocr INFO: epoch: [12/20], global_step: 11950, lr: 0.000174, acc: 0.782353, norm_edit_dis: 0.959501, CTCLoss: 1.271970, NRTRLoss: 1.347241, loss: 2.619701, avg_reader_cost: 0.51052 s, avg_batch_cost: 0.76614 s, avg_samples: 34.1, ips: 44.50856 samples/s, eta: 1:47:01, max_mem_reserved: 25002 MB, max_mem_allocated: 13718 MB
[2025/11/10 15:50:12] ppocr INFO: epoch: [12/20], global_step: 11960, lr: 0.000173, acc: 0.811765, norm_edit_dis: 0.967123, CTCLoss: 1.467861, NRTRLoss: 1.348977, loss: 2.814799, avg_reader_cost: 0.00288 s, avg_batch_cost: 0.64832 s, avg_samples: 87.4, ips: 134.81004 samples/s, eta: 1:46:54, max_mem_reserved: 25002 MB, max_mem_allocated: 13718 MB
[2025/11/10 15:50:19] ppocr INFO: epoch: [12/20], global_step: 11970, lr: 0.000173, acc: 0.804320, norm_edit_dis: 0.965168, CTCLoss: 1.488101, NRTRLoss: 1.348053, loss: 2.827503, avg_reader_cost: 0.00284 s, avg_batch_cost: 0.66823 s, avg_samples: 89.6, ips: 134.08586 samples/s, eta: 1:46:48, max_mem_reserved: 25002 MB, max_mem_allocated: 13718 MB
[2025/11/10 15:50:26] ppocr INFO: epoch: [12/20], global_step: 11980, lr: 0.000173, acc: 0.804687, norm_edit_dis: 0.964828, CTCLoss: 1.291743, NRTRLoss: 1.345598, loss: 2.625785, avg_reader_cost: 0.00283 s, avg_batch_cost: 0.68641 s, avg_samples: 91.6, ips: 133.44831 samples/s, eta: 1:46:42, max_mem_reserved: 25002 MB, max_mem_allocated: 13718 MB
[2025/11/10 15:50:32] ppocr INFO: epoch: [12/20], global_step: 11990, lr: 0.000173, acc: 0.818015, norm_edit_dis: 0.974832, CTCLoss: 1.137614, NRTRLoss: 1.334450, loss: 2.469967, avg_reader_cost: 0.00283 s, avg_batch_cost: 0.65679 s, avg_samples: 91.6, ips: 139.46648 samples/s, eta: 1:46:35, max_mem_reserved: 25002 MB, max_mem_allocated: 13718 MB
[2025/11/10 15:50:39] ppocr INFO: epoch: [12/20], global_step: 12000, lr: 0.000173, acc: 0.805882, norm_edit_dis: 0.973063, CTCLoss: 1.155742, NRTRLoss: 1.335631, loss: 2.481794, avg_reader_cost: 0.00289 s, avg_batch_cost: 0.66728 s, avg_samples: 89.5, ips: 134.12661 samples/s, eta: 1:46:29, max_mem_reserved: 25002 MB, max_mem_allocated: 13718 MB
[2025/11/10 15:51:15] ppocr INFO: cur metric, acc: 0.8604999991395, norm_edit_dis: 0.9773320182571538, fps: 564.315566179933
[2025/11/10 15:51:18] ppocr INFO: save best model is to ./output/best_accuracy
[2025/11/10 15:51:18] ppocr INFO: best metric, acc: 0.8604999991395, is_float16: False, norm_edit_dis: 0.9773320182571538, fps: 564.315566179933, best_epoch: 12
[2025/11/10 15:51:24] ppocr INFO: epoch: [12/20], global_step: 12010, lr: 0.000172, acc: 0.805882, norm_edit_dis: 0.969321, CTCLoss: 1.308401, NRTRLoss: 1.345631, loss: 2.652627, avg_reader_cost: 0.00284 s, avg_batch_cost: 0.62533 s, avg_samples: 81.0, ips: 129.53074 samples/s, eta: 1:46:22, max_mem_reserved: 25002 MB, max_mem_allocated: 13718 MB
[2025/11/10 15:51:31] ppocr INFO: epoch: [12/20], global_step: 12020, lr: 0.000172, acc: 0.765165, norm_edit_dis: 0.961251, CTCLoss: 1.414533, NRTRLoss: 1.347771, loss: 2.756776, avg_reader_cost: 0.00291 s, avg_batch_cost: 0.71539 s, avg_samples: 106.6, ips: 149.00951 samples/s, eta: 1:46:16, max_mem_reserved: 25002 MB, max_mem_allocated: 13718 MB
[2025/11/10 15:51:37] ppocr INFO: epoch: [12/20], global_step: 12030, lr: 0.000172, acc: 0.765165, norm_edit_dis: 0.963558, CTCLoss: 1.658239, NRTRLoss: 1.344945, loss: 3.005357, avg_reader_cost: 0.00294 s, avg_batch_cost: 0.62955 s, avg_samples: 89.4, ips: 142.00674 samples/s, eta: 1:46:09, max_mem_reserved: 25002 MB, max_mem_allocated: 13718 MB
[2025/11/10 15:51:44] ppocr INFO: epoch: [12/20], global_step: 12040, lr: 0.000172, acc: 0.805882, norm_edit_dis: 0.968101, CTCLoss: 1.353118, NRTRLoss: 1.344945, loss: 2.696251, avg_reader_cost: 0.00286 s, avg_batch_cost: 0.67738 s, avg_samples: 91.6, ips: 135.22728 samples/s, eta: 1:46:02, max_mem_reserved: 25002 MB, max_mem_allocated: 13718 MB
[2025/11/10 15:51:51] ppocr INFO: epoch: [12/20], global_step: 12050, lr: 0.000171, acc: 0.800000, norm_edit_dis: 0.965343, CTCLoss: 1.604324, NRTRLoss: 1.350851, loss: 2.953905, avg_reader_cost: 0.00289 s, avg_batch_cost: 0.66226 s, avg_samples: 87.3, ips: 131.82100 samples/s, eta: 1:45:56, max_mem_reserved: 25002 MB, max_mem_allocated: 13718 MB
[2025/11/10 15:51:58] ppocr INFO: epoch: [12/20], global_step: 12060, lr: 0.000171, acc: 0.784743, norm_edit_dis: 0.962408, CTCLoss: 1.969666, NRTRLoss: 1.353326, loss: 3.329416, avg_reader_cost: 0.00276 s, avg_batch_cost: 0.66906 s, avg_samples: 100.2, ips: 149.76208 samples/s, eta: 1:45:49, max_mem_reserved: 25002 MB, max_mem_allocated: 13718 MB
[2025/11/10 15:52:04] ppocr INFO: epoch: [12/20], global_step: 12070, lr: 0.000171, acc: 0.722656, norm_edit_dis: 0.948721, CTCLoss: 2.257817, NRTRLoss: 1.368613, loss: 3.627245, avg_reader_cost: 0.00283 s, avg_batch_cost: 0.68034 s, avg_samples: 96.0, ips: 141.10554 samples/s, eta: 1:45:43, max_mem_reserved: 25002 MB, max_mem_allocated: 13718 MB
[2025/11/10 15:52:11] ppocr INFO: epoch: [12/20], global_step: 12080, lr: 0.000171, acc: 0.771048, norm_edit_dis: 0.957924, CTCLoss: 1.611259, NRTRLoss: 1.359493, loss: 2.973039, avg_reader_cost: 0.00286 s, avg_batch_cost: 0.65420 s, avg_samples: 80.9, ips: 123.66291 samples/s, eta: 1:45:36, max_mem_reserved: 25002 MB, max_mem_allocated: 13718 MB
[2025/11/10 15:52:18] ppocr INFO: epoch: [12/20], global_step: 12090, lr: 0.000171, acc: 0.776470, norm_edit_dis: 0.961591, CTCLoss: 1.450280, NRTRLoss: 1.346005, loss: 2.792722, avg_reader_cost: 0.00333 s, avg_batch_cost: 0.66858 s, avg_samples: 98.0, ips: 146.58005 samples/s, eta: 1:45:30, max_mem_reserved: 25002 MB, max_mem_allocated: 13718 MB
[2025/11/10 15:52:24] ppocr INFO: epoch: [12/20], global_step: 12100, lr: 0.000170, acc: 0.737776, norm_edit_dis: 0.957286, CTCLoss: 1.953926, NRTRLoss: 1.353646, loss: 3.313118, avg_reader_cost: 0.00283 s, avg_batch_cost: 0.67726 s, avg_samples: 100.2, ips: 147.94836 samples/s, eta: 1:45:24, max_mem_reserved: 25002 MB, max_mem_allocated: 13718 MB
[2025/11/10 15:53:00] ppocr INFO: cur metric, acc: 0.8452999991547, norm_edit_dis: 0.9761556508578971, fps: 573.732731438212
[2025/11/10 15:53:00] ppocr INFO: best metric, acc: 0.8604999991395, is_float16: False, norm_edit_dis: 0.9773320182571538, fps: 564.315566179933, best_epoch: 12
[2025/11/10 15:53:07] ppocr INFO: epoch: [12/20], global_step: 12110, lr: 0.000170, acc: 0.707031, norm_edit_dis: 0.942091, CTCLoss: 2.659457, NRTRLoss: 1.376660, loss: 4.032262, avg_reader_cost: 0.00341 s, avg_batch_cost: 0.68345 s, avg_samples: 106.6, ips: 155.97378 samples/s, eta: 1:45:17, max_mem_reserved: 25002 MB, max_mem_allocated: 13718 MB
[2025/11/10 15:53:14] ppocr INFO: epoch: [12/20], global_step: 12120, lr: 0.000170, acc: 0.753493, norm_edit_dis: 0.947012, CTCLoss: 2.321874, NRTRLoss: 1.358697, loss: 3.703775, avg_reader_cost: 0.00287 s, avg_batch_cost: 0.68036 s, avg_samples: 98.0, ips: 144.04060 samples/s, eta: 1:45:11, max_mem_reserved: 25002 MB, max_mem_allocated: 13718 MB
[2025/11/10 15:53:20] ppocr INFO: epoch: [12/20], global_step: 12130, lr: 0.000170, acc: 0.788235, norm_edit_dis: 0.957870, CTCLoss: 1.880281, NRTRLoss: 1.348593, loss: 3.240973, avg_reader_cost: 0.00281 s, avg_batch_cost: 0.65806 s, avg_samples: 97.9, ips: 148.77026 samples/s, eta: 1:45:04, max_mem_reserved: 25002 MB, max_mem_allocated: 13718 MB
[2025/11/10 15:53:27] ppocr INFO: epoch: [12/20], global_step: 12140, lr: 0.000170, acc: 0.804320, norm_edit_dis: 0.966627, CTCLoss: 1.305266, NRTRLoss: 1.345451, loss: 2.659253, avg_reader_cost: 0.00333 s, avg_batch_cost: 0.67793 s, avg_samples: 91.6, ips: 135.11628 samples/s, eta: 1:44:58, max_mem_reserved: 25002 MB, max_mem_allocated: 13718 MB
[2025/11/10 15:53:34] ppocr INFO: epoch: [12/20], global_step: 12150, lr: 0.000169, acc: 0.810202, norm_edit_dis: 0.969561, CTCLoss: 1.214692, NRTRLoss: 1.341022, loss: 2.555714, avg_reader_cost: 0.00285 s, avg_batch_cost: 0.66528 s, avg_samples: 89.5, ips: 134.52991 samples/s, eta: 1:44:51, max_mem_reserved: 25002 MB, max_mem_allocated: 13718 MB
[2025/11/10 15:53:40] ppocr INFO: epoch: [12/20], global_step: 12160, lr: 0.000169, acc: 0.820312, norm_edit_dis: 0.972674, CTCLoss: 1.206174, NRTRLoss: 1.340751, loss: 2.546925, avg_reader_cost: 0.00285 s, avg_batch_cost: 0.64757 s, avg_samples: 85.2, ips: 131.56780 samples/s, eta: 1:44:45, max_mem_reserved: 25002 MB, max_mem_allocated: 13718 MB
[2025/11/10 15:53:47] ppocr INFO: epoch: [12/20], global_step: 12170, lr: 0.000169, acc: 0.805882, norm_edit_dis: 0.968451, CTCLoss: 1.298486, NRTRLoss: 1.340562, loss: 2.637758, avg_reader_cost: 0.00286 s, avg_batch_cost: 0.62993 s, avg_samples: 87.3, ips: 138.58630 samples/s, eta: 1:44:38, max_mem_reserved: 25002 MB, max_mem_allocated: 13718 MB
[2025/11/10 15:53:53] ppocr INFO: epoch: [12/20], global_step: 12180, lr: 0.000169, acc: 0.792555, norm_edit_dis: 0.964088, CTCLoss: 1.536786, NRTRLoss: 1.343755, loss: 2.888068, avg_reader_cost: 0.00284 s, avg_batch_cost: 0.63087 s, avg_samples: 85.2, ips: 135.05074 samples/s, eta: 1:44:31, max_mem_reserved: 25002 MB, max_mem_allocated: 13718 MB
[2025/11/10 15:54:00] ppocr INFO: epoch: [12/20], global_step: 12190, lr: 0.000168, acc: 0.804320, norm_edit_dis: 0.959812, CTCLoss: 1.569158, NRTRLoss: 1.350311, loss: 2.922910, avg_reader_cost: 0.00281 s, avg_batch_cost: 0.66499 s, avg_samples: 98.0, ips: 147.37084 samples/s, eta: 1:44:25, max_mem_reserved: 25002 MB, max_mem_allocated: 13718 MB
[2025/11/10 15:54:06] ppocr INFO: epoch: [12/20], global_step: 12200, lr: 0.000168, acc: 0.758823, norm_edit_dis: 0.953079, CTCLoss: 1.699200, NRTRLoss: 1.353883, loss: 3.053881, avg_reader_cost: 0.00334 s, avg_batch_cost: 0.66738 s, avg_samples: 98.1, ips: 146.99292 samples/s, eta: 1:44:18, max_mem_reserved: 25002 MB, max_mem_allocated: 13718 MB
[2025/11/10 15:54:43] ppocr INFO: cur metric, acc: 0.8602999991397, norm_edit_dis: 0.9773763537356142, fps: 581.4781414516217
[2025/11/10 15:54:43] ppocr INFO: best metric, acc: 0.8604999991395, is_float16: False, norm_edit_dis: 0.9773320182571538, fps: 564.315566179933, best_epoch: 12
[2025/11/10 15:54:49] ppocr INFO: epoch: [12/20], global_step: 12210, lr: 0.000168, acc: 0.808180, norm_edit_dis: 0.961398, CTCLoss: 1.317979, NRTRLoss: 1.353170, loss: 2.671148, avg_reader_cost: 0.00290 s, avg_batch_cost: 0.67428 s, avg_samples: 98.0, ips: 145.33968 samples/s, eta: 1:44:12, max_mem_reserved: 25002 MB, max_mem_allocated: 13718 MB
[2025/11/10 15:54:56] ppocr INFO: epoch: [12/20], global_step: 12220, lr: 0.000168, acc: 0.814062, norm_edit_dis: 0.966776, CTCLoss: 1.381101, NRTRLoss: 1.343217, loss: 2.721120, avg_reader_cost: 0.00280 s, avg_batch_cost: 0.66417 s, avg_samples: 87.3, ips: 131.44147 samples/s, eta: 1:44:05, max_mem_reserved: 25002 MB, max_mem_allocated: 13718 MB
[2025/11/10 15:55:02] ppocr INFO: epoch: [12/20], global_step: 12230, lr: 0.000168, acc: 0.806250, norm_edit_dis: 0.966804, CTCLoss: 1.365279, NRTRLoss: 1.340311, loss: 2.698008, avg_reader_cost: 0.00285 s, avg_batch_cost: 0.62961 s, avg_samples: 87.4, ips: 138.81541 samples/s, eta: 1:43:58, max_mem_reserved: 25002 MB, max_mem_allocated: 13718 MB
[2025/11/10 15:55:09] ppocr INFO: epoch: [12/20], global_step: 12240, lr: 0.000167, acc: 0.820312, norm_edit_dis: 0.964454, CTCLoss: 1.271282, NRTRLoss: 1.342546, loss: 2.607469, avg_reader_cost: 0.00286 s, avg_batch_cost: 0.64572 s, avg_samples: 91.6, ips: 141.85816 samples/s, eta: 1:43:52, max_mem_reserved: 25002 MB, max_mem_allocated: 13718 MB
[2025/11/10 15:55:15] ppocr INFO: epoch: [12/20], global_step: 12250, lr: 0.000167, acc: 0.794118, norm_edit_dis: 0.970808, CTCLoss: 1.169430, NRTRLoss: 1.339739, loss: 2.503087, avg_reader_cost: 0.00291 s, avg_batch_cost: 0.67294 s, avg_samples: 100.1, ips: 148.75112 samples/s, eta: 1:43:45, max_mem_reserved: 25002 MB, max_mem_allocated: 13718 MB
[2025/11/10 15:55:22] ppocr INFO: epoch: [12/20], global_step: 12260, lr: 0.000167, acc: 0.726562, norm_edit_dis: 0.948220, CTCLoss: 2.007869, NRTRLoss: 1.360284, loss: 3.373208, avg_reader_cost: 0.00290 s, avg_batch_cost: 0.69634 s, avg_samples: 110.9, ips: 159.26133 samples/s, eta: 1:43:39, max_mem_reserved: 25002 MB, max_mem_allocated: 13718 MB
[2025/11/10 15:55:29] ppocr INFO: epoch: [12/20], global_step: 12270, lr: 0.000167, acc: 0.789062, norm_edit_dis: 0.970049, CTCLoss: 1.711566, NRTRLoss: 1.340406, loss: 3.060081, avg_reader_cost: 0.00283 s, avg_batch_cost: 0.61856 s, avg_samples: 76.7, ips: 123.99805 samples/s, eta: 1:43:32, max_mem_reserved: 25002 MB, max_mem_allocated: 13718 MB
[2025/11/10 15:55:35] ppocr INFO: epoch: [12/20], global_step: 12280, lr: 0.000167, acc: 0.851562, norm_edit_dis: 0.974714, CTCLoss: 1.067064, NRTRLoss: 1.340786, loss: 2.411567, avg_reader_cost: 0.00288 s, avg_batch_cost: 0.64939 s, avg_samples: 91.6, ips: 141.05625 samples/s, eta: 1:43:25, max_mem_reserved: 25002 MB, max_mem_allocated: 13718 MB
[2025/11/10 15:55:42] ppocr INFO: epoch: [12/20], global_step: 12290, lr: 0.000166, acc: 0.829412, norm_edit_dis: 0.967347, CTCLoss: 1.333911, NRTRLoss: 1.346345, loss: 2.682518, avg_reader_cost: 0.00335 s, avg_batch_cost: 0.67784 s, avg_samples: 98.0, ips: 144.57604 samples/s, eta: 1:43:19, max_mem_reserved: 25002 MB, max_mem_allocated: 13718 MB
[2025/11/10 15:55:48] ppocr INFO: epoch: [12/20], global_step: 12300, lr: 0.000166, acc: 0.790625, norm_edit_dis: 0.962996, CTCLoss: 1.504311, NRTRLoss: 1.338562, loss: 2.842873, avg_reader_cost: 0.00288 s, avg_batch_cost: 0.65184 s, avg_samples: 91.6, ips: 140.52442 samples/s, eta: 1:43:12, max_mem_reserved: 25002 MB, max_mem_allocated: 13718 MB
[2025/11/10 15:56:24] ppocr INFO: cur metric, acc: 0.860999999139, norm_edit_dis: 0.9769360420548037, fps: 576.5306886870582
[2025/11/10 15:56:27] ppocr INFO: save best model is to ./output/best_accuracy
[2025/11/10 15:56:27] ppocr INFO: best metric, acc: 0.860999999139, is_float16: False, norm_edit_dis: 0.9769360420548037, fps: 576.5306886870582, best_epoch: 12
[2025/11/10 15:56:33] ppocr INFO: epoch: [12/20], global_step: 12310, lr: 0.000166, acc: 0.792555, norm_edit_dis: 0.964285, CTCLoss: 1.651682, NRTRLoss: 1.340138, loss: 3.014505, avg_reader_cost: 0.00298 s, avg_batch_cost: 0.66508 s, avg_samples: 91.6, ips: 137.72678 samples/s, eta: 1:43:06, max_mem_reserved: 25002 MB, max_mem_allocated: 13718 MB
[2025/11/10 15:56:40] ppocr INFO: epoch: [12/20], global_step: 12320, lr: 0.000166, acc: 0.788235, norm_edit_dis: 0.964538, CTCLoss: 1.920552, NRTRLoss: 1.349596, loss: 3.259330, avg_reader_cost: 0.00293 s, avg_batch_cost: 0.64279 s, avg_samples: 91.6, ips: 142.50435 samples/s, eta: 1:42:59, max_mem_reserved: 25002 MB, max_mem_allocated: 13718 MB
[2025/11/10 15:56:47] ppocr INFO: epoch: [12/20], global_step: 12330, lr: 0.000165, acc: 0.730469, norm_edit_dis: 0.957143, CTCLoss: 2.015427, NRTRLoss: 1.356231, loss: 3.355826, avg_reader_cost: 0.00291 s, avg_batch_cost: 0.70714 s, avg_samples: 110.9, ips: 156.82876 samples/s, eta: 1:42:53, max_mem_reserved: 25002 MB, max_mem_allocated: 13718 MB
[2025/11/10 15:56:53] ppocr INFO: epoch: [12/20], global_step: 12340, lr: 0.000165, acc: 0.764706, norm_edit_dis: 0.956273, CTCLoss: 1.979688, NRTRLoss: 1.357694, loss: 3.329668, avg_reader_cost: 0.00288 s, avg_batch_cost: 0.62802 s, avg_samples: 87.3, ips: 139.00889 samples/s, eta: 1:42:46, max_mem_reserved: 25002 MB, max_mem_allocated: 13718 MB
[2025/11/10 15:56:59] ppocr INFO: epoch: [12/20], global_step: 12350, lr: 0.000165, acc: 0.811765, norm_edit_dis: 0.962914, CTCLoss: 1.579260, NRTRLoss: 1.355838, loss: 2.939253, avg_reader_cost: 0.00287 s, avg_batch_cost: 0.61005 s, avg_samples: 83.1, ips: 136.21788 samples/s, eta: 1:42:39, max_mem_reserved: 25002 MB, max_mem_allocated: 13718 MB
[2025/11/10 15:57:05] ppocr INFO: epoch: [12/20], global_step: 12360, lr: 0.000165, acc: 0.804320, norm_edit_dis: 0.967363, CTCLoss: 1.596083, NRTRLoss: 1.345631, loss: 2.948485, avg_reader_cost: 0.00291 s, avg_batch_cost: 0.61930 s, avg_samples: 85.2, ips: 137.57506 samples/s, eta: 1:42:32, max_mem_reserved: 25002 MB, max_mem_allocated: 13718 MB
[2025/11/10 15:57:12] ppocr INFO: epoch: [12/20], global_step: 12370, lr: 0.000165, acc: 0.798437, norm_edit_dis: 0.971930, CTCLoss: 1.195146, NRTRLoss: 1.343658, loss: 2.535817, avg_reader_cost: 0.00291 s, avg_batch_cost: 0.63293 s, avg_samples: 87.3, ips: 137.92962 samples/s, eta: 1:42:26, max_mem_reserved: 25002 MB, max_mem_allocated: 13718 MB
[2025/11/10 15:57:18] ppocr INFO: epoch: [12/20], global_step: 12380, lr: 0.000164, acc: 0.805882, norm_edit_dis: 0.972457, CTCLoss: 1.195146, NRTRLoss: 1.340676, loss: 2.535817, avg_reader_cost: 0.00288 s, avg_batch_cost: 0.62616 s, avg_samples: 91.5, ips: 146.12952 samples/s, eta: 1:42:19, max_mem_reserved: 25002 MB, max_mem_allocated: 13718 MB
[2025/11/10 15:57:25] ppocr INFO: epoch: [12/20], global_step: 12390, lr: 0.000164, acc: 0.823529, norm_edit_dis: 0.971584, CTCLoss: 1.399794, NRTRLoss: 1.344336, loss: 2.744130, avg_reader_cost: 0.00288 s, avg_batch_cost: 0.67977 s, avg_samples: 102.3, ips: 150.49222 samples/s, eta: 1:42:12, max_mem_reserved: 25002 MB, max_mem_allocated: 13718 MB
[2025/11/10 15:57:31] ppocr INFO: epoch: [12/20], global_step: 12400, lr: 0.000164, acc: 0.796875, norm_edit_dis: 0.962707, CTCLoss: 1.664302, NRTRLoss: 1.358703, loss: 3.032007, avg_reader_cost: 0.00288 s, avg_batch_cost: 0.65961 s, avg_samples: 93.8, ips: 142.20547 samples/s, eta: 1:42:06, max_mem_reserved: 25002 MB, max_mem_allocated: 13718 MB
[2025/11/10 15:58:07] ppocr INFO: cur metric, acc: 0.8580999991419, norm_edit_dis: 0.9770667549101207, fps: 599.4453574342637
[2025/11/10 15:58:07] ppocr INFO: best metric, acc: 0.860999999139, is_float16: False, norm_edit_dis: 0.9769360420548037, fps: 576.5306886870582, best_epoch: 12
[2025/11/10 15:58:13] ppocr INFO: epoch: [12/20], global_step: 12410, lr: 0.000164, acc: 0.804320, norm_edit_dis: 0.966224, CTCLoss: 1.349415, NRTRLoss: 1.345975, loss: 2.696183, avg_reader_cost: 0.00289 s, avg_batch_cost: 0.62079 s, avg_samples: 83.0, ips: 133.69968 samples/s, eta: 1:41:59, max_mem_reserved: 25002 MB, max_mem_allocated: 13718 MB
[2025/11/10 15:58:19] ppocr INFO: epoch: [12/20], global_step: 12420, lr: 0.000163, acc: 0.810202, norm_edit_dis: 0.965899, CTCLoss: 1.207939, NRTRLoss: 1.343705, loss: 2.552803, avg_reader_cost: 0.00283 s, avg_batch_cost: 0.63374 s, avg_samples: 91.6, ips: 144.53989 samples/s, eta: 1:41:52, max_mem_reserved: 25002 MB, max_mem_allocated: 13718 MB
[2025/11/10 15:58:26] ppocr INFO: epoch: [12/20], global_step: 12430, lr: 0.000163, acc: 0.776470, norm_edit_dis: 0.961575, CTCLoss: 1.514991, NRTRLoss: 1.343648, loss: 2.857538, avg_reader_cost: 0.00337 s, avg_batch_cost: 0.66300 s, avg_samples: 98.0, ips: 147.81353 samples/s, eta: 1:41:46, max_mem_reserved: 25002 MB, max_mem_allocated: 13718 MB
[2025/11/10 15:58:32] ppocr INFO: epoch: [12/20], global_step: 12440, lr: 0.000163, acc: 0.820312, norm_edit_dis: 0.971829, CTCLoss: 1.026622, NRTRLoss: 1.336762, loss: 2.361651, avg_reader_cost: 0.00286 s, avg_batch_cost: 0.57496 s, avg_samples: 72.5, ips: 126.09656 samples/s, eta: 1:41:39, max_mem_reserved: 25002 MB, max_mem_allocated: 13718 MB
[2025/11/10 15:58:38] ppocr INFO: epoch: [12/20], global_step: 12450, lr: 0.000163, acc: 0.812500, norm_edit_dis: 0.976725, CTCLoss: 1.033799, NRTRLoss: 1.336463, loss: 2.369765, avg_reader_cost: 0.00287 s, avg_batch_cost: 0.61887 s, avg_samples: 87.3, ips: 141.06418 samples/s, eta: 1:41:32, max_mem_reserved: 25002 MB, max_mem_allocated: 13718 MB
[2025/11/10 15:58:44] ppocr INFO: epoch: [12/20], global_step: 12460, lr: 0.000163, acc: 0.804687, norm_edit_dis: 0.971518, CTCLoss: 1.292051, NRTRLoss: 1.342842, loss: 2.631752, avg_reader_cost: 0.00286 s, avg_batch_cost: 0.63206 s, avg_samples: 85.3, ips: 134.95480 samples/s, eta: 1:41:25, max_mem_reserved: 25002 MB, max_mem_allocated: 13718 MB
[2025/11/10 15:58:51] ppocr INFO: epoch: [12/20], global_step: 12470, lr: 0.000162, acc: 0.811765, norm_edit_dis: 0.963122, CTCLoss: 1.626866, NRTRLoss: 1.350555, loss: 2.968913, avg_reader_cost: 0.00289 s, avg_batch_cost: 0.66665 s, avg_samples: 102.2, ips: 153.30285 samples/s, eta: 1:41:18, max_mem_reserved: 25002 MB, max_mem_allocated: 13718 MB
[2025/11/10 15:58:57] ppocr INFO: epoch: [12/20], global_step: 12480, lr: 0.000162, acc: 0.789062, norm_edit_dis: 0.963671, CTCLoss: 1.630063, NRTRLoss: 1.349945, loss: 2.981038, avg_reader_cost: 0.00372 s, avg_batch_cost: 0.62701 s, avg_samples: 91.6, ips: 146.08934 samples/s, eta: 1:41:12, max_mem_reserved: 25002 MB, max_mem_allocated: 13718 MB
[2025/11/10 15:59:04] ppocr INFO: epoch: [12/20], global_step: 12490, lr: 0.000162, acc: 0.789062, norm_edit_dis: 0.968556, CTCLoss: 1.414180, NRTRLoss: 1.352550, loss: 2.766546, avg_reader_cost: 0.00287 s, avg_batch_cost: 0.67709 s, avg_samples: 100.1, ips: 147.83945 samples/s, eta: 1:41:05, max_mem_reserved: 25002 MB, max_mem_allocated: 13718 MB
[2025/11/10 15:59:10] ppocr INFO: epoch: [12/20], global_step: 12500, lr: 0.000162, acc: 0.794118, norm_edit_dis: 0.966658, CTCLoss: 1.399048, NRTRLoss: 1.352550, loss: 2.737849, avg_reader_cost: 0.00338 s, avg_batch_cost: 0.61561 s, avg_samples: 89.4, ips: 145.22151 samples/s, eta: 1:40:58, max_mem_reserved: 25002 MB, max_mem_allocated: 13718 MB
[2025/11/10 15:59:45] ppocr INFO: cur metric, acc: 0.8556999991443001, norm_edit_dis: 0.9759996998799805, fps: 621.3244946330802
[2025/11/10 15:59:45] ppocr INFO: best metric, acc: 0.860999999139, is_float16: False, norm_edit_dis: 0.9769360420548037, fps: 576.5306886870582, best_epoch: 12
[2025/11/10 15:59:51] ppocr INFO: epoch: [12/20], global_step: 12510, lr: 0.000162, acc: 0.804320, norm_edit_dis: 0.963494, CTCLoss: 1.191048, NRTRLoss: 1.348236, loss: 2.535862, avg_reader_cost: 0.00304 s, avg_batch_cost: 0.61947 s, avg_samples: 91.7, ips: 148.02920 samples/s, eta: 1:40:51, max_mem_reserved: 25002 MB, max_mem_allocated: 13718 MB
[2025/11/10 15:59:57] ppocr INFO: epoch: [12/20], global_step: 12520, lr: 0.000161, acc: 0.810202, norm_edit_dis: 0.965521, CTCLoss: 1.213419, NRTRLoss: 1.341224, loss: 2.552980, avg_reader_cost: 0.00289 s, avg_batch_cost: 0.59030 s, avg_samples: 78.9, ips: 133.66035 samples/s, eta: 1:40:44, max_mem_reserved: 25002 MB, max_mem_allocated: 13718 MB
[2025/11/10 16:00:03] ppocr INFO: epoch: [12/20], global_step: 12530, lr: 0.000161, acc: 0.789062, norm_edit_dis: 0.962669, CTCLoss: 1.418907, NRTRLoss: 1.346295, loss: 2.770014, avg_reader_cost: 0.00287 s, avg_batch_cost: 0.62215 s, avg_samples: 95.9, ips: 154.14411 samples/s, eta: 1:40:38, max_mem_reserved: 25002 MB, max_mem_allocated: 13718 MB
[2025/11/10 16:00:10] ppocr INFO: epoch: [12/20], global_step: 12540, lr: 0.000161, acc: 0.746094, norm_edit_dis: 0.958691, CTCLoss: 1.705384, NRTRLoss: 1.356111, loss: 3.062004, avg_reader_cost: 0.00289 s, avg_batch_cost: 0.65621 s, avg_samples: 100.2, ips: 152.69581 samples/s, eta: 1:40:31, max_mem_reserved: 25002 MB, max_mem_allocated: 13718 MB
[2025/11/10 16:00:16] ppocr INFO: epoch: [12/20], global_step: 12550, lr: 0.000161, acc: 0.751470, norm_edit_dis: 0.958604, CTCLoss: 1.745669, NRTRLoss: 1.354740, loss: 3.096346, avg_reader_cost: 0.00285 s, avg_batch_cost: 0.63082 s, avg_samples: 91.6, ips: 145.20883 samples/s, eta: 1:40:24, max_mem_reserved: 25002 MB, max_mem_allocated: 13718 MB
[2025/11/10 16:00:22] ppocr INFO: epoch: [12/20], global_step: 12560, lr: 0.000160, acc: 0.767095, norm_edit_dis: 0.955637, CTCLoss: 1.707625, NRTRLoss: 1.354740, loss: 3.055760, avg_reader_cost: 0.00286 s, avg_batch_cost: 0.60862 s, avg_samples: 87.4, ips: 143.60294 samples/s, eta: 1:40:17, max_mem_reserved: 25002 MB, max_mem_allocated: 13718 MB
[2025/11/10 16:00:28] ppocr INFO: epoch: [12/20], global_step: 12570, lr: 0.000160, acc: 0.796875, norm_edit_dis: 0.964540, CTCLoss: 1.420120, NRTRLoss: 1.347381, loss: 2.763981, avg_reader_cost: 0.00288 s, avg_batch_cost: 0.59582 s, avg_samples: 80.9, ips: 135.77975 samples/s, eta: 1:40:10, max_mem_reserved: 25002 MB, max_mem_allocated: 13718 MB
[2025/11/10 16:00:34] ppocr INFO: epoch: [12/20], global_step: 12580, lr: 0.000160, acc: 0.786673, norm_edit_dis: 0.964540, CTCLoss: 1.405612, NRTRLoss: 1.345694, loss: 2.757085, avg_reader_cost: 0.00290 s, avg_batch_cost: 0.62780 s, avg_samples: 87.4, ips: 139.21541 samples/s, eta: 1:40:04, max_mem_reserved: 25002 MB, max_mem_allocated: 13718 MB
[2025/11/10 16:00:41] ppocr INFO: epoch: [12/20], global_step: 12590, lr: 0.000160, acc: 0.757812, norm_edit_dis: 0.960026, CTCLoss: 1.651241, NRTRLoss: 1.347148, loss: 2.991228, avg_reader_cost: 0.00288 s, avg_batch_cost: 0.63721 s, avg_samples: 93.8, ips: 147.20493 samples/s, eta: 1:39:57, max_mem_reserved: 25002 MB, max_mem_allocated: 13718 MB
[2025/11/10 16:00:47] ppocr INFO: epoch: [12/20], global_step: 12600, lr: 0.000160, acc: 0.770588, norm_edit_dis: 0.962539, CTCLoss: 1.778528, NRTRLoss: 1.347864, loss: 3.123832, avg_reader_cost: 0.00286 s, avg_batch_cost: 0.63229 s, avg_samples: 93.7, ips: 148.19180 samples/s, eta: 1:39:50, max_mem_reserved: 25002 MB, max_mem_allocated: 13718 MB
[2025/11/10 16:01:23] ppocr INFO: cur metric, acc: 0.8530999991469, norm_edit_dis: 0.9762283117771374, fps: 606.4466564214396
[2025/11/10 16:01:23] ppocr INFO: best metric, acc: 0.860999999139, is_float16: False, norm_edit_dis: 0.9769360420548037, fps: 576.5306886870582, best_epoch: 12
[2025/11/10 16:01:29] ppocr INFO: epoch: [12/20], global_step: 12610, lr: 0.000159, acc: 0.778860, norm_edit_dis: 0.969252, CTCLoss: 1.748792, NRTRLoss: 1.349854, loss: 3.101617, avg_reader_cost: 0.00285 s, avg_batch_cost: 0.64100 s, avg_samples: 87.4, ips: 136.34930 samples/s, eta: 1:39:43, max_mem_reserved: 25002 MB, max_mem_allocated: 13718 MB
[2025/11/10 16:01:35] ppocr INFO: epoch: [12/20], global_step: 12620, lr: 0.000159, acc: 0.781250, norm_edit_dis: 0.970781, CTCLoss: 1.506205, NRTRLoss: 1.339391, loss: 2.837484, avg_reader_cost: 0.00291 s, avg_batch_cost: 0.62837 s, avg_samples: 91.6, ips: 145.77484 samples/s, eta: 1:39:37, max_mem_reserved: 25002 MB, max_mem_allocated: 13718 MB
[2025/11/10 16:01:42] ppocr INFO: epoch: [12/20], global_step: 12630, lr: 0.000159, acc: 0.771048, norm_edit_dis: 0.965172, CTCLoss: 1.445786, NRTRLoss: 1.340398, loss: 2.787629, avg_reader_cost: 0.00285 s, avg_batch_cost: 0.60991 s, avg_samples: 78.9, ips: 129.36348 samples/s, eta: 1:39:30, max_mem_reserved: 25002 MB, max_mem_allocated: 13718 MB
[2025/11/10 16:01:48] ppocr INFO: epoch: [12/20], global_step: 12640, lr: 0.000159, acc: 0.742187, norm_edit_dis: 0.955540, CTCLoss: 1.816069, NRTRLoss: 1.346293, loss: 3.182851, avg_reader_cost: 0.00286 s, avg_batch_cost: 0.68776 s, avg_samples: 106.6, ips: 154.99530 samples/s, eta: 1:39:23, max_mem_reserved: 25002 MB, max_mem_allocated: 13718 MB
[2025/11/10 16:01:55] ppocr INFO: epoch: [12/20], global_step: 12650, lr: 0.000159, acc: 0.671875, norm_edit_dis: 0.941829, CTCLoss: 2.653684, NRTRLoss: 1.371901, loss: 4.026963, avg_reader_cost: 0.00287 s, avg_batch_cost: 0.67103 s, avg_samples: 110.8, ips: 165.11902 samples/s, eta: 1:39:17, max_mem_reserved: 25002 MB, max_mem_allocated: 13718 MB
[2025/11/10 16:02:01] ppocr INFO: epoch: [12/20], global_step: 12660, lr: 0.000158, acc: 0.763235, norm_edit_dis: 0.965291, CTCLoss: 1.612861, NRTRLoss: 1.345685, loss: 2.960411, avg_reader_cost: 0.00289 s, avg_batch_cost: 0.58702 s, avg_samples: 78.8, ips: 134.23784 samples/s, eta: 1:39:10, max_mem_reserved: 25002 MB, max_mem_allocated: 13718 MB
[2025/11/10 16:02:07] ppocr INFO: epoch: [12/20], global_step: 12670, lr: 0.000158, acc: 0.796875, norm_edit_dis: 0.967933, CTCLoss: 1.422332, NRTRLoss: 1.343731, loss: 2.767283, avg_reader_cost: 0.00303 s, avg_batch_cost: 0.62555 s, avg_samples: 93.8, ips: 149.94880 samples/s, eta: 1:39:03, max_mem_reserved: 25002 MB, max_mem_allocated: 13718 MB
[2025/11/10 16:02:13] ppocr INFO: epoch: [12/20], global_step: 12680, lr: 0.000158, acc: 0.796875, norm_edit_dis: 0.961516, CTCLoss: 1.426761, NRTRLoss: 1.346819, loss: 2.779551, avg_reader_cost: 0.00287 s, avg_batch_cost: 0.62496 s, avg_samples: 87.4, ips: 139.84869 samples/s, eta: 1:38:56, max_mem_reserved: 25002 MB, max_mem_allocated: 13718 MB
[2025/11/10 16:02:20] ppocr INFO: epoch: [12/20], global_step: 12690, lr: 0.000158, acc: 0.776470, norm_edit_dis: 0.957983, CTCLoss: 1.567587, NRTRLoss: 1.345618, loss: 2.910976, avg_reader_cost: 0.00288 s, avg_batch_cost: 0.69273 s, avg_samples: 104.4, ips: 150.70751 samples/s, eta: 1:38:50, max_mem_reserved: 25002 MB, max_mem_allocated: 13718 MB
[2025/11/10 16:02:27] ppocr INFO: epoch: [12/20], global_step: 12700, lr: 0.000157, acc: 0.776470, norm_edit_dis: 0.961557, CTCLoss: 1.665580, NRTRLoss: 1.343389, loss: 2.998820, avg_reader_cost: 0.00284 s, avg_batch_cost: 0.63564 s, avg_samples: 89.5, ips: 140.80228 samples/s, eta: 1:38:43, max_mem_reserved: 25002 MB, max_mem_allocated: 13718 MB
[2025/11/10 16:03:03] ppocr INFO: cur metric, acc: 0.8552999991447, norm_edit_dis: 0.9771010479824508, fps: 584.6234166272578
[2025/11/10 16:03:03] ppocr INFO: best metric, acc: 0.860999999139, is_float16: False, norm_edit_dis: 0.9769360420548037, fps: 576.5306886870582, best_epoch: 12
[2025/11/10 16:03:09] ppocr INFO: epoch: [12/20], global_step: 12710, lr: 0.000157, acc: 0.794118, norm_edit_dis: 0.962355, CTCLoss: 1.692548, NRTRLoss: 1.342907, loss: 3.031033, avg_reader_cost: 0.00287 s, avg_batch_cost: 0.63639 s, avg_samples: 98.0, ips: 153.99352 samples/s, eta: 1:38:36, max_mem_reserved: 25002 MB, max_mem_allocated: 13718 MB
[2025/11/10 16:03:15] ppocr INFO: epoch: [12/20], global_step: 12720, lr: 0.000157, acc: 0.752941, norm_edit_dis: 0.961219, CTCLoss: 1.735849, NRTRLoss: 1.352790, loss: 3.080060, avg_reader_cost: 0.00285 s, avg_batch_cost: 0.64425 s, avg_samples: 93.7, ips: 145.44055 samples/s, eta: 1:38:30, max_mem_reserved: 25002 MB, max_mem_allocated: 13718 MB
[2025/11/10 16:03:22] ppocr INFO: epoch: [12/20], global_step: 12730, lr: 0.000157, acc: 0.747059, norm_edit_dis: 0.961386, CTCLoss: 1.697393, NRTRLoss: 1.352790, loss: 3.040679, avg_reader_cost: 0.00328 s, avg_batch_cost: 0.67551 s, avg_samples: 106.6, ips: 157.80730 samples/s, eta: 1:38:23, max_mem_reserved: 25002 MB, max_mem_allocated: 13718 MB
[2025/11/10 16:03:29] ppocr INFO: epoch: [12/20], global_step: 12740, lr: 0.000157, acc: 0.731939, norm_edit_dis: 0.957020, CTCLoss: 2.151403, NRTRLoss: 1.363785, loss: 3.522144, avg_reader_cost: 0.00286 s, avg_batch_cost: 0.65641 s, avg_samples: 98.0, ips: 149.29597 samples/s, eta: 1:38:17, max_mem_reserved: 25002 MB, max_mem_allocated: 13718 MB
[2025/11/10 16:03:35] ppocr INFO: epoch: [12/20], global_step: 12750, lr: 0.000156, acc: 0.776470, norm_edit_dis: 0.958301, CTCLoss: 1.692268, NRTRLoss: 1.349196, loss: 3.034346, avg_reader_cost: 0.00288 s, avg_batch_cost: 0.64389 s, avg_samples: 93.8, ips: 145.67685 samples/s, eta: 1:38:10, max_mem_reserved: 25002 MB, max_mem_allocated: 13718 MB
[2025/11/10 16:03:42] ppocr INFO: epoch: [12/20], global_step: 12760, lr: 0.000156, acc: 0.695312, norm_edit_dis: 0.950001, CTCLoss: 2.085829, NRTRLoss: 1.354511, loss: 3.440339, avg_reader_cost: 0.00290 s, avg_batch_cost: 0.72057 s, avg_samples: 113.0, ips: 156.82106 samples/s, eta: 1:38:04, max_mem_reserved: 25002 MB, max_mem_allocated: 13718 MB
[2025/11/10 16:03:49] ppocr INFO: epoch: [12/20], global_step: 12770, lr: 0.000156, acc: 0.720175, norm_edit_dis: 0.948617, CTCLoss: 1.837213, NRTRLoss: 1.354511, loss: 3.201395, avg_reader_cost: 0.00288 s, avg_batch_cost: 0.64833 s, avg_samples: 93.7, ips: 144.52532 samples/s, eta: 1:37:57, max_mem_reserved: 25002 MB, max_mem_allocated: 13718 MB
[2025/11/10 16:03:55] ppocr INFO: epoch: [12/20], global_step: 12780, lr: 0.000156, acc: 0.796875, norm_edit_dis: 0.967967, CTCLoss: 1.511271, NRTRLoss: 1.337390, loss: 2.856679, avg_reader_cost: 0.00291 s, avg_batch_cost: 0.62808 s, avg_samples: 89.4, ips: 142.33753 samples/s, eta: 1:37:51, max_mem_reserved: 25002 MB, max_mem_allocated: 13718 MB
[2025/11/10 16:04:01] ppocr INFO: epoch: [12/20], global_step: 12790, lr: 0.000155, acc: 0.804320, norm_edit_dis: 0.965277, CTCLoss: 1.559781, NRTRLoss: 1.340994, loss: 2.908798, avg_reader_cost: 0.00288 s, avg_batch_cost: 0.62735 s, avg_samples: 91.6, ips: 146.01066 samples/s, eta: 1:37:44, max_mem_reserved: 25002 MB, max_mem_allocated: 13718 MB
[2025/11/10 16:04:07] ppocr INFO: epoch: [12/20], global_step: 12800, lr: 0.000155, acc: 0.792555, norm_edit_dis: 0.967019, CTCLoss: 1.481942, NRTRLoss: 1.346979, loss: 2.842059, avg_reader_cost: 0.00287 s, avg_batch_cost: 0.60336 s, avg_samples: 80.9, ips: 134.08253 samples/s, eta: 1:37:37, max_mem_reserved: 25002 MB, max_mem_allocated: 13718 MB
[2025/11/10 16:04:43] ppocr INFO: cur metric, acc: 0.8550999991449, norm_edit_dis: 0.976775422747714, fps: 583.4064659757571
[2025/11/10 16:04:43] ppocr INFO: best metric, acc: 0.860999999139, is_float16: False, norm_edit_dis: 0.9769360420548037, fps: 576.5306886870582, best_epoch: 12
[2025/11/10 16:04:49] ppocr INFO: epoch: [12/20], global_step: 12810, lr: 0.000155, acc: 0.804687, norm_edit_dis: 0.967019, CTCLoss: 1.554276, NRTRLoss: 1.346155, loss: 2.910677, avg_reader_cost: 0.00294 s, avg_batch_cost: 0.65462 s, avg_samples: 87.4, ips: 133.51240 samples/s, eta: 1:37:30, max_mem_reserved: 25002 MB, max_mem_allocated: 13718 MB
[2025/11/10 16:04:56] ppocr INFO: epoch: [12/20], global_step: 12820, lr: 0.000155, acc: 0.781250, norm_edit_dis: 0.956555, CTCLoss: 1.694442, NRTRLoss: 1.351112, loss: 3.042580, avg_reader_cost: 0.00291 s, avg_batch_cost: 0.65120 s, avg_samples: 91.7, ips: 140.81743 samples/s, eta: 1:37:24, max_mem_reserved: 25002 MB, max_mem_allocated: 13718 MB
[2025/11/10 16:05:02] ppocr INFO: epoch: [12/20], global_step: 12830, lr: 0.000155, acc: 0.804320, norm_edit_dis: 0.965662, CTCLoss: 1.295526, NRTRLoss: 1.338499, loss: 2.629820, avg_reader_cost: 0.00287 s, avg_batch_cost: 0.62230 s, avg_samples: 78.9, ips: 126.78746 samples/s, eta: 1:37:17, max_mem_reserved: 25002 MB, max_mem_allocated: 13718 MB
[2025/11/10 16:05:09] ppocr INFO: epoch: [12/20], global_step: 12840, lr: 0.000154, acc: 0.819945, norm_edit_dis: 0.968581, CTCLoss: 1.115586, NRTRLoss: 1.334777, loss: 2.451911, avg_reader_cost: 0.00319 s, avg_batch_cost: 0.63561 s, avg_samples: 91.6, ips: 144.11360 samples/s, eta: 1:37:10, max_mem_reserved: 25002 MB, max_mem_allocated: 13718 MB
[2025/11/10 16:05:15] ppocr INFO: epoch: [12/20], global_step: 12850, lr: 0.000154, acc: 0.823529, norm_edit_dis: 0.970374, CTCLoss: 1.120787, NRTRLoss: 1.341047, loss: 2.458852, avg_reader_cost: 0.00293 s, avg_batch_cost: 0.61733 s, avg_samples: 78.8, ips: 127.64719 samples/s, eta: 1:37:03, max_mem_reserved: 25002 MB, max_mem_allocated: 13718 MB
[2025/11/10 16:05:21] ppocr INFO: epoch: [12/20], global_step: 12860, lr: 0.000154, acc: 0.814062, norm_edit_dis: 0.973930, CTCLoss: 1.111137, NRTRLoss: 1.339853, loss: 2.452556, avg_reader_cost: 0.00290 s, avg_batch_cost: 0.62762 s, avg_samples: 91.7, ips: 146.10703 samples/s, eta: 1:36:57, max_mem_reserved: 25002 MB, max_mem_allocated: 13718 MB
[2025/11/10 16:05:28] ppocr INFO: epoch: [12/20], global_step: 12870, lr: 0.000154, acc: 0.718750, norm_edit_dis: 0.943361, CTCLoss: 2.065519, NRTRLoss: 1.365023, loss: 3.436190, avg_reader_cost: 0.00291 s, avg_batch_cost: 0.70046 s, avg_samples: 115.1, ips: 164.32171 samples/s, eta: 1:36:50, max_mem_reserved: 25002 MB, max_mem_allocated: 13718 MB
[2025/11/10 16:05:35] ppocr INFO: epoch: [12/20], global_step: 12880, lr: 0.000154, acc: 0.722656, norm_edit_dis: 0.946098, CTCLoss: 1.910157, NRTRLoss: 1.363018, loss: 3.278822, avg_reader_cost: 0.00292 s, avg_batch_cost: 0.70246 s, avg_samples: 100.1, ips: 142.50011 samples/s, eta: 1:36:44, max_mem_reserved: 25002 MB, max_mem_allocated: 13718 MB
[2025/11/10 16:05:41] ppocr INFO: epoch: [12/20], global_step: 12890, lr: 0.000153, acc: 0.784743, norm_edit_dis: 0.961518, CTCLoss: 1.482301, NRTRLoss: 1.344481, loss: 2.818086, avg_reader_cost: 0.00323 s, avg_batch_cost: 0.61448 s, avg_samples: 83.1, ips: 135.23657 samples/s, eta: 1:36:37, max_mem_reserved: 25002 MB, max_mem_allocated: 13718 MB
[2025/11/10 16:05:48] ppocr INFO: epoch: [12/20], global_step: 12900, lr: 0.000153, acc: 0.784743, norm_edit_dis: 0.961589, CTCLoss: 1.482301, NRTRLoss: 1.344481, loss: 2.818086, avg_reader_cost: 0.00324 s, avg_batch_cost: 0.64679 s, avg_samples: 95.9, ips: 148.27074 samples/s, eta: 1:36:31, max_mem_reserved: 25002 MB, max_mem_allocated: 13718 MB
[2025/11/10 16:06:23] ppocr INFO: cur metric, acc: 0.8573999991426, norm_edit_dis: 0.976955636347686, fps: 599.4737505054745
[2025/11/10 16:06:23] ppocr INFO: best metric, acc: 0.860999999139, is_float16: False, norm_edit_dis: 0.9769360420548037, fps: 576.5306886870582, best_epoch: 12
[2025/11/10 16:06:29] ppocr INFO: epoch: [12/20], global_step: 12910, lr: 0.000153, acc: 0.784743, norm_edit_dis: 0.961895, CTCLoss: 1.499837, NRTRLoss: 1.360308, loss: 2.869238, avg_reader_cost: 0.00320 s, avg_batch_cost: 0.64078 s, avg_samples: 93.8, ips: 146.38518 samples/s, eta: 1:36:24, max_mem_reserved: 25002 MB, max_mem_allocated: 13718 MB
[2025/11/10 16:06:36] ppocr INFO: epoch: [12/20], global_step: 12920, lr: 0.000153, acc: 0.784743, norm_edit_dis: 0.955894, CTCLoss: 1.521831, NRTRLoss: 1.353216, loss: 2.873817, avg_reader_cost: 0.00292 s, avg_batch_cost: 0.69252 s, avg_samples: 104.4, ips: 150.75334 samples/s, eta: 1:36:18, max_mem_reserved: 25002 MB, max_mem_allocated: 13718 MB
[2025/11/10 16:06:43] ppocr INFO: epoch: [12/20], global_step: 12930, lr: 0.000152, acc: 0.726562, norm_edit_dis: 0.954579, CTCLoss: 1.902375, NRTRLoss: 1.349015, loss: 3.251390, avg_reader_cost: 0.00294 s, avg_batch_cost: 0.68368 s, avg_samples: 106.6, ips: 155.92105 samples/s, eta: 1:36:11, max_mem_reserved: 25002 MB, max_mem_allocated: 13718 MB
[2025/11/10 16:06:49] ppocr INFO: epoch: [12/20], global_step: 12940, lr: 0.000152, acc: 0.745588, norm_edit_dis: 0.959887, CTCLoss: 1.643207, NRTRLoss: 1.345264, loss: 2.986414, avg_reader_cost: 0.00294 s, avg_batch_cost: 0.64181 s, avg_samples: 95.9, ips: 149.42208 samples/s, eta: 1:36:05, max_mem_reserved: 25002 MB, max_mem_allocated: 13718 MB
[2025/11/10 16:06:56] ppocr INFO: epoch: [12/20], global_step: 12950, lr: 0.000152, acc: 0.831709, norm_edit_dis: 0.968279, CTCLoss: 1.201378, NRTRLoss: 1.339469, loss: 2.541910, avg_reader_cost: 0.00334 s, avg_batch_cost: 0.61689 s, avg_samples: 89.5, ips: 145.08324 samples/s, eta: 1:35:58, max_mem_reserved: 25002 MB, max_mem_allocated: 13718 MB
[2025/11/10 16:07:02] ppocr INFO: epoch: [12/20], global_step: 12960, lr: 0.000152, acc: 0.806250, norm_edit_dis: 0.967520, CTCLoss: 1.325920, NRTRLoss: 1.338443, loss: 2.660407, avg_reader_cost: 0.00331 s, avg_batch_cost: 0.64111 s, avg_samples: 95.9, ips: 149.58530 samples/s, eta: 1:35:51, max_mem_reserved: 25002 MB, max_mem_allocated: 13718 MB
[2025/11/10 16:07:09] ppocr INFO: epoch: [12/20], global_step: 12970, lr: 0.000152, acc: 0.743704, norm_edit_dis: 0.950496, CTCLoss: 1.824886, NRTRLoss: 1.353396, loss: 3.178282, avg_reader_cost: 0.00285 s, avg_batch_cost: 0.68629 s, avg_samples: 106.6, ips: 155.32806 samples/s, eta: 1:35:45, max_mem_reserved: 25002 MB, max_mem_allocated: 13718 MB
[2025/11/10 16:07:15] ppocr INFO: epoch: [12/20], global_step: 12980, lr: 0.000151, acc: 0.800000, norm_edit_dis: 0.958340, CTCLoss: 1.571830, NRTRLoss: 1.341756, loss: 2.913586, avg_reader_cost: 0.00286 s, avg_batch_cost: 0.61330 s, avg_samples: 78.8, ips: 128.48540 samples/s, eta: 1:35:38, max_mem_reserved: 25002 MB, max_mem_allocated: 13718 MB
[2025/11/10 16:07:21] ppocr INFO: epoch: [12/20], global_step: 12990, lr: 0.000151, acc: 0.835937, norm_edit_dis: 0.974147, CTCLoss: 1.374215, NRTRLoss: 1.337802, loss: 2.714913, avg_reader_cost: 0.00282 s, avg_batch_cost: 0.62593 s, avg_samples: 87.4, ips: 139.63265 samples/s, eta: 1:35:31, max_mem_reserved: 25002 MB, max_mem_allocated: 13718 MB
[2025/11/10 16:07:27] ppocr INFO: epoch: [12/20], global_step: 13000, lr: 0.000151, acc: 0.818015, norm_edit_dis: 0.974475, CTCLoss: 1.210110, NRTRLoss: 1.338322, loss: 2.562087, avg_reader_cost: 0.00281 s, avg_batch_cost: 0.58541 s, avg_samples: 83.1, ips: 141.95229 samples/s, eta: 1:35:24, max_mem_reserved: 25002 MB, max_mem_allocated: 13718 MB
[2025/11/10 16:08:04] ppocr INFO: cur metric, acc: 0.8593999991406001, norm_edit_dis: 0.9776858084239786, fps: 597.4492021590085
[2025/11/10 16:08:04] ppocr INFO: best metric, acc: 0.860999999139, is_float16: False, norm_edit_dis: 0.9769360420548037, fps: 576.5306886870582, best_epoch: 12
[2025/11/10 16:08:10] ppocr INFO: epoch: [12/20], global_step: 13010, lr: 0.000151, acc: 0.823529, norm_edit_dis: 0.974475, CTCLoss: 1.018734, NRTRLoss: 1.337677, loss: 2.361059, avg_reader_cost: 0.00293 s, avg_batch_cost: 0.59851 s, avg_samples: 81.0, ips: 135.33592 samples/s, eta: 1:35:17, max_mem_reserved: 25002 MB, max_mem_allocated: 13718 MB
[2025/11/10 16:08:16] ppocr INFO: epoch: [12/20], global_step: 13020, lr: 0.000150, acc: 0.818015, norm_edit_dis: 0.972026, CTCLoss: 1.086571, NRTRLoss: 1.340384, loss: 2.430666, avg_reader_cost: 0.00286 s, avg_batch_cost: 0.60983 s, avg_samples: 85.2, ips: 139.71030 samples/s, eta: 1:35:10, max_mem_reserved: 25002 MB, max_mem_allocated: 13718 MB
[2025/11/10 16:08:22] ppocr INFO: epoch: [12/20], global_step: 13030, lr: 0.000150, acc: 0.798437, norm_edit_dis: 0.966322, CTCLoss: 1.371870, NRTRLoss: 1.341150, loss: 2.719568, avg_reader_cost: 0.00327 s, avg_batch_cost: 0.61711 s, avg_samples: 89.4, ips: 144.86794 samples/s, eta: 1:35:03, max_mem_reserved: 25002 MB, max_mem_allocated: 13718 MB
[2025/11/10 16:08:23] ppocr INFO: epoch: [12/20], global_step: 13032, lr: 0.000150, acc: 0.798437, norm_edit_dis: 0.966322, CTCLoss: 1.430549, NRTRLoss: 1.340919, loss: 2.771014, avg_reader_cost: 0.00097 s, avg_batch_cost: 0.11798 s, avg_samples: 14.9, ips: 126.29563 samples/s, eta: 1:35:02, max_mem_reserved: 25002 MB, max_mem_allocated: 13718 MB
[2025/11/10 16:08:27] ppocr INFO: save model in ./output/latest
[2025/11/10 16:08:28] ppocr INFO: save model in ./output/iter_epoch_12
[2025/11/10 16:08:34] ppocr INFO: epoch: [13/20], global_step: 13040, lr: 0.000150, acc: 0.805882, norm_edit_dis: 0.966854, CTCLoss: 1.371870, NRTRLoss: 1.340919, loss: 2.719568, avg_reader_cost: 0.58105 s, avg_batch_cost: 1.08470 s, avg_samples: 70.2, ips: 64.71826 samples/s, eta: 1:35:00, max_mem_reserved: 25002 MB, max_mem_allocated: 13718 MB
[2025/11/10 16:08:40] ppocr INFO: epoch: [13/20], global_step: 13050, lr: 0.000150, acc: 0.825827, norm_edit_dis: 0.972803, CTCLoss: 1.145689, NRTRLoss: 1.331939, loss: 2.475056, avg_reader_cost: 0.00279 s, avg_batch_cost: 0.58192 s, avg_samples: 76.7, ips: 131.80615 samples/s, eta: 1:34:53, max_mem_reserved: 25002 MB, max_mem_allocated: 13718 MB
[2025/11/10 16:08:47] ppocr INFO: epoch: [13/20], global_step: 13060, lr: 0.000150, acc: 0.818015, norm_edit_dis: 0.972675, CTCLoss: 1.078001, NRTRLoss: 1.331757, loss: 2.409156, avg_reader_cost: 0.00335 s, avg_batch_cost: 0.66657 s, avg_samples: 95.9, ips: 143.87008 samples/s, eta: 1:34:47, max_mem_reserved: 25002 MB, max_mem_allocated: 13718 MB
[2025/11/10 16:08:53] ppocr INFO: epoch: [13/20], global_step: 13070, lr: 0.000149, acc: 0.755423, norm_edit_dis: 0.960479, CTCLoss: 1.348150, NRTRLoss: 1.348023, loss: 2.693897, avg_reader_cost: 0.00281 s, avg_batch_cost: 0.67439 s, avg_samples: 96.0, ips: 142.35138 samples/s, eta: 1:34:40, max_mem_reserved: 25002 MB, max_mem_allocated: 13718 MB
[2025/11/10 16:09:00] ppocr INFO: epoch: [13/20], global_step: 13080, lr: 0.000149, acc: 0.788235, norm_edit_dis: 0.956571, CTCLoss: 1.837136, NRTRLoss: 1.366227, loss: 3.200079, avg_reader_cost: 0.00285 s, avg_batch_cost: 0.63895 s, avg_samples: 100.1, ips: 156.66306 samples/s, eta: 1:34:34, max_mem_reserved: 25002 MB, max_mem_allocated: 13718 MB
[2025/11/10 16:09:06] ppocr INFO: epoch: [13/20], global_step: 13090, lr: 0.000149, acc: 0.806250, norm_edit_dis: 0.966687, CTCLoss: 1.225756, NRTRLoss: 1.339831, loss: 2.562360, avg_reader_cost: 0.00287 s, avg_batch_cost: 0.59265 s, avg_samples: 83.1, ips: 140.21772 samples/s, eta: 1:34:27, max_mem_reserved: 25002 MB, max_mem_allocated: 13718 MB
[2025/11/10 16:09:12] ppocr INFO: epoch: [13/20], global_step: 13100, lr: 0.000149, acc: 0.818015, norm_edit_dis: 0.969747, CTCLoss: 1.304599, NRTRLoss: 1.340776, loss: 2.642776, avg_reader_cost: 0.00285 s, avg_batch_cost: 0.64193 s, avg_samples: 91.6, ips: 142.69506 samples/s, eta: 1:34:20, max_mem_reserved: 25002 MB, max_mem_allocated: 13718 MB
[2025/11/10 16:09:47] ppocr INFO: cur metric, acc: 0.858999999141, norm_edit_dis: 0.9776815441739817, fps: 607.9220385624222
[2025/11/10 16:09:47] ppocr INFO: best metric, acc: 0.860999999139, is_float16: False, norm_edit_dis: 0.9769360420548037, fps: 576.5306886870582, best_epoch: 12
[2025/11/10 16:09:54] ppocr INFO: epoch: [13/20], global_step: 13110, lr: 0.000149, acc: 0.786673, norm_edit_dis: 0.966549, CTCLoss: 1.464796, NRTRLoss: 1.348671, loss: 2.814775, avg_reader_cost: 0.00290 s, avg_batch_cost: 0.67659 s, avg_samples: 95.9, ips: 141.74033 samples/s, eta: 1:34:14, max_mem_reserved: 25002 MB, max_mem_allocated: 13718 MB
[2025/11/10 16:10:00] ppocr INFO: epoch: [13/20], global_step: 13120, lr: 0.000148, acc: 0.796875, norm_edit_dis: 0.969444, CTCLoss: 1.295129, NRTRLoss: 1.339521, loss: 2.632101, avg_reader_cost: 0.00283 s, avg_batch_cost: 0.61564 s, avg_samples: 87.3, ips: 141.80418 samples/s, eta: 1:34:07, max_mem_reserved: 25002 MB, max_mem_allocated: 13718 MB
[2025/11/10 16:10:06] ppocr INFO: epoch: [13/20], global_step: 13130, lr: 0.000148, acc: 0.782812, norm_edit_dis: 0.968752, CTCLoss: 1.258591, NRTRLoss: 1.339156, loss: 2.598592, avg_reader_cost: 0.00283 s, avg_batch_cost: 0.62225 s, avg_samples: 85.2, ips: 136.92263 samples/s, eta: 1:34:00, max_mem_reserved: 25002 MB, max_mem_allocated: 13718 MB
[2025/11/10 16:10:12] ppocr INFO: epoch: [13/20], global_step: 13140, lr: 0.000148, acc: 0.800000, norm_edit_dis: 0.967185, CTCLoss: 1.127679, NRTRLoss: 1.339866, loss: 2.465242, avg_reader_cost: 0.00285 s, avg_batch_cost: 0.61563 s, avg_samples: 80.8, ips: 131.24801 samples/s, eta: 1:33:53, max_mem_reserved: 25002 MB, max_mem_allocated: 13718 MB
[2025/11/10 16:10:19] ppocr INFO: epoch: [13/20], global_step: 13150, lr: 0.000148, acc: 0.823529, norm_edit_dis: 0.972483, CTCLoss: 1.278632, NRTRLoss: 1.340174, loss: 2.620733, avg_reader_cost: 0.00281 s, avg_batch_cost: 0.62995 s, avg_samples: 83.1, ips: 131.91464 samples/s, eta: 1:33:46, max_mem_reserved: 25002 MB, max_mem_allocated: 13718 MB
[2025/11/10 16:10:25] ppocr INFO: epoch: [13/20], global_step: 13160, lr: 0.000147, acc: 0.829412, norm_edit_dis: 0.973463, CTCLoss: 1.631044, NRTRLoss: 1.341410, loss: 2.965039, avg_reader_cost: 0.00281 s, avg_batch_cost: 0.65492 s, avg_samples: 98.0, ips: 149.63675 samples/s, eta: 1:33:40, max_mem_reserved: 25002 MB, max_mem_allocated: 13718 MB
[2025/11/10 16:10:32] ppocr INFO: epoch: [13/20], global_step: 13170, lr: 0.000147, acc: 0.800000, norm_edit_dis: 0.959128, CTCLoss: 1.688293, NRTRLoss: 1.341961, loss: 3.030126, avg_reader_cost: 0.00282 s, avg_batch_cost: 0.64433 s, avg_samples: 100.1, ips: 155.35494 samples/s, eta: 1:33:33, max_mem_reserved: 25002 MB, max_mem_allocated: 13718 MB
[2025/11/10 16:10:38] ppocr INFO: epoch: [13/20], global_step: 13180, lr: 0.000147, acc: 0.750000, norm_edit_dis: 0.957730, CTCLoss: 1.822537, NRTRLoss: 1.346832, loss: 3.172559, avg_reader_cost: 0.00285 s, avg_batch_cost: 0.61061 s, avg_samples: 89.6, ips: 146.73861 samples/s, eta: 1:33:26, max_mem_reserved: 25002 MB, max_mem_allocated: 13718 MB
[2025/11/10 16:10:44] ppocr INFO: epoch: [13/20], global_step: 13190, lr: 0.000147, acc: 0.792555, norm_edit_dis: 0.967732, CTCLoss: 1.482476, NRTRLoss: 1.339660, loss: 2.823589, avg_reader_cost: 0.00286 s, avg_batch_cost: 0.60210 s, avg_samples: 76.7, ips: 127.38820 samples/s, eta: 1:33:19, max_mem_reserved: 25002 MB, max_mem_allocated: 13718 MB
[2025/11/10 16:10:50] ppocr INFO: epoch: [13/20], global_step: 13200, lr: 0.000147, acc: 0.812500, norm_edit_dis: 0.967668, CTCLoss: 1.472243, NRTRLoss: 1.339660, loss: 2.804794, avg_reader_cost: 0.00286 s, avg_batch_cost: 0.63282 s, avg_samples: 100.2, ips: 158.33820 samples/s, eta: 1:33:13, max_mem_reserved: 25002 MB, max_mem_allocated: 13718 MB
[2025/11/10 16:11:25] ppocr INFO: cur metric, acc: 0.8582999991417001, norm_edit_dis: 0.9772547038198715, fps: 612.6110441354704
[2025/11/10 16:11:25] ppocr INFO: best metric, acc: 0.860999999139, is_float16: False, norm_edit_dis: 0.9769360420548037, fps: 576.5306886870582, best_epoch: 12
[2025/11/10 16:11:31] ppocr INFO: epoch: [13/20], global_step: 13210, lr: 0.000146, acc: 0.784743, norm_edit_dis: 0.963886, CTCLoss: 1.500613, NRTRLoss: 1.343282, loss: 2.843233, avg_reader_cost: 0.00318 s, avg_batch_cost: 0.63591 s, avg_samples: 87.4, ips: 137.44105 samples/s, eta: 1:33:06, max_mem_reserved: 25002 MB, max_mem_allocated: 13718 MB
[2025/11/10 16:11:37] ppocr INFO: epoch: [13/20], global_step: 13220, lr: 0.000146, acc: 0.800000, norm_edit_dis: 0.970421, CTCLoss: 1.222357, NRTRLoss: 1.334350, loss: 2.558851, avg_reader_cost: 0.00290 s, avg_batch_cost: 0.63191 s, avg_samples: 91.6, ips: 144.95703 samples/s, eta: 1:32:59, max_mem_reserved: 25002 MB, max_mem_allocated: 13718 MB
[2025/11/10 16:11:44] ppocr INFO: epoch: [13/20], global_step: 13230, lr: 0.000146, acc: 0.798437, norm_edit_dis: 0.963637, CTCLoss: 1.536373, NRTRLoss: 1.348975, loss: 2.894015, avg_reader_cost: 0.00288 s, avg_batch_cost: 0.62224 s, avg_samples: 95.9, ips: 154.12008 samples/s, eta: 1:32:53, max_mem_reserved: 25002 MB, max_mem_allocated: 13718 MB
[2025/11/10 16:11:50] ppocr INFO: epoch: [13/20], global_step: 13240, lr: 0.000146, acc: 0.828125, norm_edit_dis: 0.968280, CTCLoss: 1.198213, NRTRLoss: 1.343617, loss: 2.545339, avg_reader_cost: 0.00285 s, avg_batch_cost: 0.62746 s, avg_samples: 85.2, ips: 135.78453 samples/s, eta: 1:32:46, max_mem_reserved: 25002 MB, max_mem_allocated: 13718 MB
[2025/11/10 16:11:57] ppocr INFO: epoch: [13/20], global_step: 13250, lr: 0.000145, acc: 0.828125, norm_edit_dis: 0.967891, CTCLoss: 1.129839, NRTRLoss: 1.341320, loss: 2.468349, avg_reader_cost: 0.00288 s, avg_batch_cost: 0.68220 s, avg_samples: 104.5, ips: 153.18099 samples/s, eta: 1:32:39, max_mem_reserved: 25002 MB, max_mem_allocated: 13718 MB
[2025/11/10 16:12:04] ppocr INFO: epoch: [13/20], global_step: 13260, lr: 0.000145, acc: 0.742187, norm_edit_dis: 0.957073, CTCLoss: 1.741812, NRTRLoss: 1.352449, loss: 3.086757, avg_reader_cost: 0.00335 s, avg_batch_cost: 0.68059 s, avg_samples: 102.3, ips: 150.31092 samples/s, eta: 1:32:33, max_mem_reserved: 25002 MB, max_mem_allocated: 13718 MB
[2025/11/10 16:12:10] ppocr INFO: epoch: [13/20], global_step: 13270, lr: 0.000145, acc: 0.788235, norm_edit_dis: 0.962078, CTCLoss: 1.402284, NRTRLoss: 1.348531, loss: 2.755081, avg_reader_cost: 0.00337 s, avg_batch_cost: 0.63421 s, avg_samples: 89.5, ips: 141.11992 samples/s, eta: 1:32:26, max_mem_reserved: 25002 MB, max_mem_allocated: 13718 MB
[2025/11/10 16:12:16] ppocr INFO: epoch: [13/20], global_step: 13280, lr: 0.000145, acc: 0.810202, norm_edit_dis: 0.971745, CTCLoss: 1.144245, NRTRLoss: 1.337379, loss: 2.479631, avg_reader_cost: 0.00288 s, avg_batch_cost: 0.64182 s, avg_samples: 89.4, ips: 139.29228 samples/s, eta: 1:32:20, max_mem_reserved: 25002 MB, max_mem_allocated: 13718 MB
[2025/11/10 16:12:22] ppocr INFO: epoch: [13/20], global_step: 13290, lr: 0.000145, acc: 0.804320, norm_edit_dis: 0.966834, CTCLoss: 1.354884, NRTRLoss: 1.344901, loss: 2.688764, avg_reader_cost: 0.00288 s, avg_batch_cost: 0.61147 s, avg_samples: 87.4, ips: 142.93499 samples/s, eta: 1:32:13, max_mem_reserved: 25002 MB, max_mem_allocated: 13718 MB
[2025/11/10 16:12:29] ppocr INFO: epoch: [13/20], global_step: 13300, lr: 0.000144, acc: 0.804320, norm_edit_dis: 0.967565, CTCLoss: 1.322488, NRTRLoss: 1.346523, loss: 2.661837, avg_reader_cost: 0.00290 s, avg_batch_cost: 0.61726 s, avg_samples: 87.3, ips: 141.43220 samples/s, eta: 1:32:06, max_mem_reserved: 25002 MB, max_mem_allocated: 13718 MB
[2025/11/10 16:13:04] ppocr INFO: cur metric, acc: 0.8618999991381, norm_edit_dis: 0.9773345144776523, fps: 615.7089406877454
[2025/11/10 16:13:07] ppocr INFO: save best model is to ./output/best_accuracy
[2025/11/10 16:13:07] ppocr INFO: best metric, acc: 0.8618999991381, is_float16: False, norm_edit_dis: 0.9773345144776523, fps: 615.7089406877454, best_epoch: 13
[2025/11/10 16:13:13] ppocr INFO: epoch: [13/20], global_step: 13310, lr: 0.000144, acc: 0.823529, norm_edit_dis: 0.971504, CTCLoss: 1.059213, NRTRLoss: 1.342410, loss: 2.392324, avg_reader_cost: 0.00283 s, avg_batch_cost: 0.64950 s, avg_samples: 91.6, ips: 141.03077 samples/s, eta: 1:31:59, max_mem_reserved: 25002 MB, max_mem_allocated: 13718 MB
[2025/11/10 16:13:20] ppocr INFO: epoch: [13/20], global_step: 13320, lr: 0.000144, acc: 0.800000, norm_edit_dis: 0.963947, CTCLoss: 1.736107, NRTRLoss: 1.348127, loss: 3.085360, avg_reader_cost: 0.00282 s, avg_batch_cost: 0.67052 s, avg_samples: 95.9, ips: 143.02266 samples/s, eta: 1:31:53, max_mem_reserved: 25002 MB, max_mem_allocated: 13718 MB
[2025/11/10 16:13:27] ppocr INFO: epoch: [13/20], global_step: 13330, lr: 0.000144, acc: 0.817647, norm_edit_dis: 0.968557, CTCLoss: 1.809913, NRTRLoss: 1.348358, loss: 3.148592, avg_reader_cost: 0.00284 s, avg_batch_cost: 0.63070 s, avg_samples: 89.5, ips: 141.90604 samples/s, eta: 1:31:46, max_mem_reserved: 25002 MB, max_mem_allocated: 13718 MB
[2025/11/10 16:13:33] ppocr INFO: epoch: [13/20], global_step: 13340, lr: 0.000144, acc: 0.812132, norm_edit_dis: 0.970509, CTCLoss: 1.380058, NRTRLoss: 1.339199, loss: 2.731015, avg_reader_cost: 0.00286 s, avg_batch_cost: 0.65698 s, avg_samples: 95.9, ips: 145.97155 samples/s, eta: 1:31:40, max_mem_reserved: 25002 MB, max_mem_allocated: 13718 MB
[2025/11/10 16:13:39] ppocr INFO: epoch: [13/20], global_step: 13350, lr: 0.000143, acc: 0.812132, norm_edit_dis: 0.968949, CTCLoss: 1.297616, NRTRLoss: 1.339390, loss: 2.642393, avg_reader_cost: 0.00286 s, avg_batch_cost: 0.59510 s, avg_samples: 74.6, ips: 125.35785 samples/s, eta: 1:31:33, max_mem_reserved: 25002 MB, max_mem_allocated: 13718 MB
[2025/11/10 16:13:46] ppocr INFO: epoch: [13/20], global_step: 13360, lr: 0.000143, acc: 0.819945, norm_edit_dis: 0.968332, CTCLoss: 1.521787, NRTRLoss: 1.343309, loss: 2.862909, avg_reader_cost: 0.00321 s, avg_batch_cost: 0.67141 s, avg_samples: 98.1, ips: 146.10964 samples/s, eta: 1:31:26, max_mem_reserved: 25002 MB, max_mem_allocated: 13718 MB
[2025/11/10 16:13:52] ppocr INFO: epoch: [13/20], global_step: 13370, lr: 0.000143, acc: 0.806250, norm_edit_dis: 0.969863, CTCLoss: 1.182684, NRTRLoss: 1.341404, loss: 2.524147, avg_reader_cost: 0.00285 s, avg_batch_cost: 0.62005 s, avg_samples: 85.2, ips: 137.40783 samples/s, eta: 1:31:19, max_mem_reserved: 25002 MB, max_mem_allocated: 13718 MB
[2025/11/10 16:13:59] ppocr INFO: epoch: [13/20], global_step: 13380, lr: 0.000143, acc: 0.788235, norm_edit_dis: 0.968354, CTCLoss: 1.231556, NRTRLoss: 1.346873, loss: 2.578429, avg_reader_cost: 0.00320 s, avg_batch_cost: 0.67053 s, avg_samples: 108.7, ips: 162.11060 samples/s, eta: 1:31:13, max_mem_reserved: 25002 MB, max_mem_allocated: 13718 MB
[2025/11/10 16:14:05] ppocr INFO: epoch: [13/20], global_step: 13390, lr: 0.000142, acc: 0.757353, norm_edit_dis: 0.949182, CTCLoss: 2.219680, NRTRLoss: 1.366468, loss: 3.590039, avg_reader_cost: 0.00318 s, avg_batch_cost: 0.66575 s, avg_samples: 100.1, ips: 150.35588 samples/s, eta: 1:31:06, max_mem_reserved: 25002 MB, max_mem_allocated: 13718 MB
[2025/11/10 16:14:12] ppocr INFO: epoch: [13/20], global_step: 13400, lr: 0.000142, acc: 0.776470, norm_edit_dis: 0.962388, CTCLoss: 1.609455, NRTRLoss: 1.356315, loss: 2.972518, avg_reader_cost: 0.00286 s, avg_batch_cost: 0.65747 s, avg_samples: 95.9, ips: 145.86137 samples/s, eta: 1:31:00, max_mem_reserved: 25002 MB, max_mem_allocated: 13718 MB
[2025/11/10 16:14:48] ppocr INFO: cur metric, acc: 0.8515999991484, norm_edit_dis: 0.9769938798768005, fps: 602.4424354399155
[2025/11/10 16:14:48] ppocr INFO: best metric, acc: 0.8618999991381, is_float16: False, norm_edit_dis: 0.9773345144776523, fps: 615.7089406877454, best_epoch: 13
[2025/11/10 16:14:54] ppocr INFO: epoch: [13/20], global_step: 13410, lr: 0.000142, acc: 0.792555, norm_edit_dis: 0.969700, CTCLoss: 1.267643, NRTRLoss: 1.343163, loss: 2.613654, avg_reader_cost: 0.00303 s, avg_batch_cost: 0.61489 s, avg_samples: 89.5, ips: 145.55490 samples/s, eta: 1:30:53, max_mem_reserved: 25002 MB, max_mem_allocated: 13718 MB
[2025/11/10 16:15:00] ppocr INFO: epoch: [13/20], global_step: 13420, lr: 0.000142, acc: 0.818015, norm_edit_dis: 0.968517, CTCLoss: 1.329624, NRTRLoss: 1.343495, loss: 2.666807, avg_reader_cost: 0.00308 s, avg_batch_cost: 0.61142 s, avg_samples: 78.8, ips: 128.88089 samples/s, eta: 1:30:46, max_mem_reserved: 25002 MB, max_mem_allocated: 13718 MB
[2025/11/10 16:15:06] ppocr INFO: epoch: [13/20], global_step: 13430, lr: 0.000142, acc: 0.798437, norm_edit_dis: 0.963705, CTCLoss: 1.367140, NRTRLoss: 1.349428, loss: 2.698018, avg_reader_cost: 0.00332 s, avg_batch_cost: 0.65634 s, avg_samples: 98.0, ips: 149.31379 samples/s, eta: 1:30:40, max_mem_reserved: 25002 MB, max_mem_allocated: 13718 MB
[2025/11/10 16:15:13] ppocr INFO: epoch: [13/20], global_step: 13440, lr: 0.000141, acc: 0.774908, norm_edit_dis: 0.963894, CTCLoss: 1.605188, NRTRLoss: 1.355303, loss: 2.969988, avg_reader_cost: 0.00288 s, avg_batch_cost: 0.68025 s, avg_samples: 98.1, ips: 144.21209 samples/s, eta: 1:30:33, max_mem_reserved: 25002 MB, max_mem_allocated: 13718 MB
[2025/11/10 16:15:20] ppocr INFO: epoch: [13/20], global_step: 13450, lr: 0.000141, acc: 0.761259, norm_edit_dis: 0.962673, CTCLoss: 1.606588, NRTRLoss: 1.348318, loss: 2.951044, avg_reader_cost: 0.00339 s, avg_batch_cost: 0.69519 s, avg_samples: 106.5, ips: 153.19548 samples/s, eta: 1:30:27, max_mem_reserved: 25002 MB, max_mem_allocated: 13718 MB
[2025/11/10 16:15:27] ppocr INFO: epoch: [13/20], global_step: 13460, lr: 0.000141, acc: 0.761259, norm_edit_dis: 0.962673, CTCLoss: 1.733709, NRTRLoss: 1.342961, loss: 3.062770, avg_reader_cost: 0.00287 s, avg_batch_cost: 0.69403 s, avg_samples: 102.3, ips: 147.39904 samples/s, eta: 1:30:21, max_mem_reserved: 25002 MB, max_mem_allocated: 13718 MB
[2025/11/10 16:15:34] ppocr INFO: epoch: [13/20], global_step: 13470, lr: 0.000141, acc: 0.784743, norm_edit_dis: 0.966389, CTCLoss: 1.341537, NRTRLoss: 1.339923, loss: 2.688233, avg_reader_cost: 0.00291 s, avg_batch_cost: 0.64918 s, avg_samples: 89.5, ips: 137.86616 samples/s, eta: 1:30:14, max_mem_reserved: 25002 MB, max_mem_allocated: 13718 MB
[2025/11/10 16:15:40] ppocr INFO: epoch: [13/20], global_step: 13480, lr: 0.000141, acc: 0.794118, norm_edit_dis: 0.966318, CTCLoss: 1.432548, NRTRLoss: 1.341831, loss: 2.782875, avg_reader_cost: 0.00288 s, avg_batch_cost: 0.67778 s, avg_samples: 93.8, ips: 138.39322 samples/s, eta: 1:30:08, max_mem_reserved: 25002 MB, max_mem_allocated: 13718 MB
[2025/11/10 16:15:47] ppocr INFO: epoch: [13/20], global_step: 13490, lr: 0.000140, acc: 0.802390, norm_edit_dis: 0.963361, CTCLoss: 1.728507, NRTRLoss: 1.346763, loss: 3.081611, avg_reader_cost: 0.00289 s, avg_batch_cost: 0.70209 s, avg_samples: 106.5, ips: 151.68991 samples/s, eta: 1:30:01, max_mem_reserved: 25002 MB, max_mem_allocated: 13718 MB
[2025/11/10 16:15:54] ppocr INFO: epoch: [13/20], global_step: 13500, lr: 0.000140, acc: 0.812500, norm_edit_dis: 0.970854, CTCLoss: 1.098386, NRTRLoss: 1.341183, loss: 2.433643, avg_reader_cost: 0.00295 s, avg_batch_cost: 0.64878 s, avg_samples: 87.4, ips: 134.71492 samples/s, eta: 1:29:55, max_mem_reserved: 25002 MB, max_mem_allocated: 13718 MB
[2025/11/10 16:16:30] ppocr INFO: cur metric, acc: 0.8326999991673, norm_edit_dis: 0.9748585600757932, fps: 578.323417152254
[2025/11/10 16:16:30] ppocr INFO: best metric, acc: 0.8618999991381, is_float16: False, norm_edit_dis: 0.9773345144776523, fps: 615.7089406877454, best_epoch: 13
[2025/11/10 16:16:37] ppocr INFO: epoch: [13/20], global_step: 13510, lr: 0.000140, acc: 0.828125, norm_edit_dis: 0.970807, CTCLoss: 1.097187, NRTRLoss: 1.342142, loss: 2.429450, avg_reader_cost: 0.00330 s, avg_batch_cost: 0.65559 s, avg_samples: 95.9, ips: 146.28096 samples/s, eta: 1:29:48, max_mem_reserved: 25002 MB, max_mem_allocated: 13718 MB
[2025/11/10 16:16:44] ppocr INFO: epoch: [13/20], global_step: 13520, lr: 0.000140, acc: 0.800000, norm_edit_dis: 0.965245, CTCLoss: 1.294652, NRTRLoss: 1.347962, loss: 2.643101, avg_reader_cost: 0.00292 s, avg_batch_cost: 0.68528 s, avg_samples: 102.3, ips: 149.28305 samples/s, eta: 1:29:42, max_mem_reserved: 25002 MB, max_mem_allocated: 13718 MB
[2025/11/10 16:16:50] ppocr INFO: epoch: [13/20], global_step: 13530, lr: 0.000139, acc: 0.810202, norm_edit_dis: 0.970490, CTCLoss: 1.259681, NRTRLoss: 1.345566, loss: 2.605733, avg_reader_cost: 0.00296 s, avg_batch_cost: 0.63018 s, avg_samples: 85.2, ips: 135.19964 samples/s, eta: 1:29:35, max_mem_reserved: 25002 MB, max_mem_allocated: 13718 MB
[2025/11/10 16:16:57] ppocr INFO: epoch: [13/20], global_step: 13540, lr: 0.000139, acc: 0.810202, norm_edit_dis: 0.963115, CTCLoss: 1.617887, NRTRLoss: 1.358236, loss: 2.978395, avg_reader_cost: 0.00298 s, avg_batch_cost: 0.69768 s, avg_samples: 106.6, ips: 152.79111 samples/s, eta: 1:29:29, max_mem_reserved: 25002 MB, max_mem_allocated: 13718 MB
[2025/11/10 16:17:03] ppocr INFO: epoch: [13/20], global_step: 13550, lr: 0.000139, acc: 0.817647, norm_edit_dis: 0.958034, CTCLoss: 1.585071, NRTRLoss: 1.354575, loss: 2.939646, avg_reader_cost: 0.00291 s, avg_batch_cost: 0.62443 s, avg_samples: 83.1, ips: 133.08209 samples/s, eta: 1:29:22, max_mem_reserved: 25002 MB, max_mem_allocated: 13718 MB
[2025/11/10 16:17:10] ppocr INFO: epoch: [13/20], global_step: 13560, lr: 0.000139, acc: 0.800000, norm_edit_dis: 0.964801, CTCLoss: 1.409645, NRTRLoss: 1.348351, loss: 2.758472, avg_reader_cost: 0.00295 s, avg_batch_cost: 0.69859 s, avg_samples: 102.3, ips: 146.43684 samples/s, eta: 1:29:16, max_mem_reserved: 25002 MB, max_mem_allocated: 13718 MB
[2025/11/10 16:17:17] ppocr INFO: epoch: [13/20], global_step: 13570, lr: 0.000139, acc: 0.769118, norm_edit_dis: 0.962884, CTCLoss: 1.516800, NRTRLoss: 1.359433, loss: 2.879129, avg_reader_cost: 0.00295 s, avg_batch_cost: 0.68580 s, avg_samples: 95.9, ips: 139.83640 samples/s, eta: 1:29:09, max_mem_reserved: 25002 MB, max_mem_allocated: 13718 MB
[2025/11/10 16:17:24] ppocr INFO: epoch: [13/20], global_step: 13580, lr: 0.000138, acc: 0.817647, norm_edit_dis: 0.970698, CTCLoss: 1.045521, NRTRLoss: 1.332956, loss: 2.383535, avg_reader_cost: 0.00294 s, avg_batch_cost: 0.64933 s, avg_samples: 85.2, ips: 131.21318 samples/s, eta: 1:29:03, max_mem_reserved: 25002 MB, max_mem_allocated: 13718 MB
[2025/11/10 16:17:30] ppocr INFO: epoch: [13/20], global_step: 13590, lr: 0.000138, acc: 0.817647, norm_edit_dis: 0.968137, CTCLoss: 1.054061, NRTRLoss: 1.334924, loss: 2.392635, avg_reader_cost: 0.00296 s, avg_batch_cost: 0.64525 s, avg_samples: 89.5, ips: 138.70570 samples/s, eta: 1:28:56, max_mem_reserved: 25002 MB, max_mem_allocated: 13718 MB
[2025/11/10 16:17:36] ppocr INFO: epoch: [13/20], global_step: 13600, lr: 0.000138, acc: 0.831709, norm_edit_dis: 0.974080, CTCLoss: 0.879780, NRTRLoss: 1.331234, loss: 2.211014, avg_reader_cost: 0.00299 s, avg_batch_cost: 0.63578 s, avg_samples: 80.9, ips: 127.24598 samples/s, eta: 1:28:49, max_mem_reserved: 25002 MB, max_mem_allocated: 13718 MB
[2025/11/10 16:18:13] ppocr INFO: cur metric, acc: 0.8612999991387, norm_edit_dis: 0.9770632800659191, fps: 580.616751918672
[2025/11/10 16:18:13] ppocr INFO: best metric, acc: 0.8618999991381, is_float16: False, norm_edit_dis: 0.9773345144776523, fps: 615.7089406877454, best_epoch: 13
[2025/11/10 16:18:20] ppocr INFO: epoch: [13/20], global_step: 13610, lr: 0.000138, acc: 0.812500, norm_edit_dis: 0.973205, CTCLoss: 0.963968, NRTRLoss: 1.341901, loss: 2.304222, avg_reader_cost: 0.00294 s, avg_batch_cost: 0.68187 s, avg_samples: 104.5, ips: 153.25420 samples/s, eta: 1:28:43, max_mem_reserved: 25002 MB, max_mem_allocated: 13718 MB
[2025/11/10 16:18:27] ppocr INFO: epoch: [13/20], global_step: 13620, lr: 0.000137, acc: 0.738281, norm_edit_dis: 0.954208, CTCLoss: 1.761931, NRTRLoss: 1.355650, loss: 3.115369, avg_reader_cost: 0.00321 s, avg_batch_cost: 0.70537 s, avg_samples: 102.3, ips: 145.03090 samples/s, eta: 1:28:37, max_mem_reserved: 25002 MB, max_mem_allocated: 13718 MB
[2025/11/10 16:18:33] ppocr INFO: epoch: [13/20], global_step: 13630, lr: 0.000137, acc: 0.776930, norm_edit_dis: 0.965207, CTCLoss: 1.542907, NRTRLoss: 1.340944, loss: 2.883061, avg_reader_cost: 0.00322 s, avg_batch_cost: 0.65163 s, avg_samples: 91.6, ips: 140.57088 samples/s, eta: 1:28:30, max_mem_reserved: 25002 MB, max_mem_allocated: 13718 MB
[2025/11/10 16:18:40] ppocr INFO: epoch: [13/20], global_step: 13640, lr: 0.000137, acc: 0.794118, norm_edit_dis: 0.967222, CTCLoss: 1.369469, NRTRLoss: 1.338618, loss: 2.717941, avg_reader_cost: 0.00320 s, avg_batch_cost: 0.64589 s, avg_samples: 87.3, ips: 135.16159 samples/s, eta: 1:28:23, max_mem_reserved: 25002 MB, max_mem_allocated: 13718 MB
[2025/11/10 16:18:47] ppocr INFO: epoch: [13/20], global_step: 13650, lr: 0.000137, acc: 0.782353, norm_edit_dis: 0.967222, CTCLoss: 1.518278, NRTRLoss: 1.339829, loss: 2.854975, avg_reader_cost: 0.00330 s, avg_batch_cost: 0.70502 s, avg_samples: 106.6, ips: 151.20109 samples/s, eta: 1:28:17, max_mem_reserved: 25002 MB, max_mem_allocated: 13718 MB
[2025/11/10 16:18:53] ppocr INFO: epoch: [13/20], global_step: 13660, lr: 0.000137, acc: 0.811765, norm_edit_dis: 0.962240, CTCLoss: 1.387290, NRTRLoss: 1.345723, loss: 2.726261, avg_reader_cost: 0.00320 s, avg_batch_cost: 0.64460 s, avg_samples: 87.3, ips: 135.43345 samples/s, eta: 1:28:10, max_mem_reserved: 25002 MB, max_mem_allocated: 13718 MB
[2025/11/10 16:18:59] ppocr INFO: epoch: [13/20], global_step: 13670, lr: 0.000136, acc: 0.811765, norm_edit_dis: 0.971523, CTCLoss: 1.088737, NRTRLoss: 1.335584, loss: 2.422374, avg_reader_cost: 0.00291 s, avg_batch_cost: 0.62319 s, avg_samples: 83.1, ips: 133.34605 samples/s, eta: 1:28:04, max_mem_reserved: 25002 MB, max_mem_allocated: 13718 MB
[2025/11/10 16:19:06] ppocr INFO: epoch: [13/20], global_step: 13680, lr: 0.000136, acc: 0.796875, norm_edit_dis: 0.969725, CTCLoss: 1.368237, NRTRLoss: 1.342741, loss: 2.719835, avg_reader_cost: 0.00291 s, avg_batch_cost: 0.66066 s, avg_samples: 89.5, ips: 135.47003 samples/s, eta: 1:27:57, max_mem_reserved: 25002 MB, max_mem_allocated: 13718 MB
[2025/11/10 16:19:12] ppocr INFO: epoch: [13/20], global_step: 13690, lr: 0.000136, acc: 0.818015, norm_edit_dis: 0.970618, CTCLoss: 1.368237, NRTRLoss: 1.338064, loss: 2.719835, avg_reader_cost: 0.00293 s, avg_batch_cost: 0.63939 s, avg_samples: 83.0, ips: 129.81114 samples/s, eta: 1:27:50, max_mem_reserved: 25002 MB, max_mem_allocated: 13718 MB
[2025/11/10 16:19:19] ppocr INFO: epoch: [13/20], global_step: 13700, lr: 0.000136, acc: 0.812132, norm_edit_dis: 0.972090, CTCLoss: 1.390388, NRTRLoss: 1.337743, loss: 2.732554, avg_reader_cost: 0.00292 s, avg_batch_cost: 0.63768 s, avg_samples: 81.0, ips: 127.02274 samples/s, eta: 1:27:44, max_mem_reserved: 25002 MB, max_mem_allocated: 13718 MB
[2025/11/10 16:19:55] ppocr INFO: cur metric, acc: 0.8644999991355, norm_edit_dis: 0.9776388413583585, fps: 583.0177703835984
[2025/11/10 16:19:57] ppocr INFO: save best model is to ./output/best_accuracy
[2025/11/10 16:19:57] ppocr INFO: best metric, acc: 0.8644999991355, is_float16: False, norm_edit_dis: 0.9776388413583585, fps: 583.0177703835984, best_epoch: 13
[2025/11/10 16:20:03] ppocr INFO: epoch: [13/20], global_step: 13710, lr: 0.000136, acc: 0.818015, norm_edit_dis: 0.973523, CTCLoss: 0.979616, NRTRLoss: 1.336035, loss: 2.311744, avg_reader_cost: 0.00288 s, avg_batch_cost: 0.62156 s, avg_samples: 81.0, ips: 130.31701 samples/s, eta: 1:27:37, max_mem_reserved: 25002 MB, max_mem_allocated: 13718 MB
[2025/11/10 16:20:10] ppocr INFO: epoch: [13/20], global_step: 13720, lr: 0.000135, acc: 0.831709, norm_edit_dis: 0.971811, CTCLoss: 0.979616, NRTRLoss: 1.336496, loss: 2.311744, avg_reader_cost: 0.00288 s, avg_batch_cost: 0.64617 s, avg_samples: 89.5, ips: 138.50875 samples/s, eta: 1:27:30, max_mem_reserved: 25002 MB, max_mem_allocated: 13718 MB
[2025/11/10 16:20:16] ppocr INFO: epoch: [13/20], global_step: 13730, lr: 0.000135, acc: 0.831709, norm_edit_dis: 0.969545, CTCLoss: 1.061337, NRTRLoss: 1.340776, loss: 2.404128, avg_reader_cost: 0.00289 s, avg_batch_cost: 0.64479 s, avg_samples: 91.6, ips: 142.06198 samples/s, eta: 1:27:24, max_mem_reserved: 25002 MB, max_mem_allocated: 13718 MB
[2025/11/10 16:20:23] ppocr INFO: epoch: [13/20], global_step: 13740, lr: 0.000135, acc: 0.828125, norm_edit_dis: 0.974922, CTCLoss: 1.033491, NRTRLoss: 1.338367, loss: 2.373497, avg_reader_cost: 0.00286 s, avg_batch_cost: 0.65396 s, avg_samples: 89.5, ips: 136.85909 samples/s, eta: 1:27:17, max_mem_reserved: 25002 MB, max_mem_allocated: 13718 MB
[2025/11/10 16:20:29] ppocr INFO: epoch: [13/20], global_step: 13750, lr: 0.000135, acc: 0.818015, norm_edit_dis: 0.971822, CTCLoss: 1.264960, NRTRLoss: 1.338367, loss: 2.600684, avg_reader_cost: 0.00286 s, avg_batch_cost: 0.65428 s, avg_samples: 91.6, ips: 140.00141 samples/s, eta: 1:27:11, max_mem_reserved: 25002 MB, max_mem_allocated: 13718 MB
[2025/11/10 16:20:36] ppocr INFO: epoch: [13/20], global_step: 13760, lr: 0.000134, acc: 0.800000, norm_edit_dis: 0.967284, CTCLoss: 1.299217, NRTRLoss: 1.340429, loss: 2.644997, avg_reader_cost: 0.00286 s, avg_batch_cost: 0.63808 s, avg_samples: 87.4, ips: 136.97402 samples/s, eta: 1:27:04, max_mem_reserved: 25002 MB, max_mem_allocated: 13718 MB
[2025/11/10 16:20:43] ppocr INFO: epoch: [13/20], global_step: 13770, lr: 0.000134, acc: 0.781250, norm_edit_dis: 0.966459, CTCLoss: 1.711992, NRTRLoss: 1.343481, loss: 3.049549, avg_reader_cost: 0.00284 s, avg_batch_cost: 0.67868 s, avg_samples: 98.0, ips: 144.39894 samples/s, eta: 1:26:58, max_mem_reserved: 25002 MB, max_mem_allocated: 13718 MB
[2025/11/10 16:20:49] ppocr INFO: epoch: [13/20], global_step: 13780, lr: 0.000134, acc: 0.792555, norm_edit_dis: 0.969180, CTCLoss: 1.432407, NRTRLoss: 1.336002, loss: 2.763662, avg_reader_cost: 0.00284 s, avg_batch_cost: 0.64443 s, avg_samples: 85.2, ips: 132.21008 samples/s, eta: 1:26:51, max_mem_reserved: 25002 MB, max_mem_allocated: 13718 MB
[2025/11/10 16:20:55] ppocr INFO: epoch: [13/20], global_step: 13790, lr: 0.000134, acc: 0.825827, norm_edit_dis: 0.974063, CTCLoss: 1.082177, NRTRLoss: 1.332547, loss: 2.412895, avg_reader_cost: 0.00288 s, avg_batch_cost: 0.64814 s, avg_samples: 87.3, ips: 134.69323 samples/s, eta: 1:26:44, max_mem_reserved: 25002 MB, max_mem_allocated: 13718 MB
[2025/11/10 16:21:03] ppocr INFO: epoch: [13/20], global_step: 13800, lr: 0.000134, acc: 0.782353, norm_edit_dis: 0.960380, CTCLoss: 1.622491, NRTRLoss: 1.349438, loss: 2.978445, avg_reader_cost: 0.00287 s, avg_batch_cost: 0.71894 s, avg_samples: 115.1, ips: 160.09571 samples/s, eta: 1:26:38, max_mem_reserved: 25002 MB, max_mem_allocated: 13718 MB
[2025/11/10 16:21:40] ppocr INFO: cur metric, acc: 0.8612999991387, norm_edit_dis: 0.9786095606362373, fps: 569.4130674139873
[2025/11/10 16:21:40] ppocr INFO: best metric, acc: 0.8644999991355, is_float16: False, norm_edit_dis: 0.9776388413583585, fps: 583.0177703835984, best_epoch: 13
[2025/11/10 16:21:46] ppocr INFO: epoch: [13/20], global_step: 13810, lr: 0.000133, acc: 0.769118, norm_edit_dis: 0.958395, CTCLoss: 1.805329, NRTRLoss: 1.348966, loss: 3.148633, avg_reader_cost: 0.00283 s, avg_batch_cost: 0.66014 s, avg_samples: 91.6, ips: 138.75748 samples/s, eta: 1:26:32, max_mem_reserved: 25002 MB, max_mem_allocated: 13718 MB
[2025/11/10 16:21:53] ppocr INFO: epoch: [13/20], global_step: 13820, lr: 0.000133, acc: 0.798437, norm_edit_dis: 0.964865, CTCLoss: 1.386402, NRTRLoss: 1.342827, loss: 2.737933, avg_reader_cost: 0.00349 s, avg_batch_cost: 0.67370 s, avg_samples: 91.6, ips: 135.96573 samples/s, eta: 1:26:25, max_mem_reserved: 25002 MB, max_mem_allocated: 13718 MB
[2025/11/10 16:22:00] ppocr INFO: epoch: [13/20], global_step: 13830, lr: 0.000133, acc: 0.823529, norm_edit_dis: 0.967155, CTCLoss: 1.533463, NRTRLoss: 1.352150, loss: 2.887996, avg_reader_cost: 0.00352 s, avg_batch_cost: 0.69793 s, avg_samples: 100.1, ips: 143.42477 samples/s, eta: 1:26:19, max_mem_reserved: 25002 MB, max_mem_allocated: 13718 MB
[2025/11/10 16:22:07] ppocr INFO: epoch: [13/20], global_step: 13840, lr: 0.000133, acc: 0.805882, norm_edit_dis: 0.960783, CTCLoss: 1.597749, NRTRLoss: 1.359480, loss: 2.957229, avg_reader_cost: 0.00284 s, avg_batch_cost: 0.68138 s, avg_samples: 95.9, ips: 140.74400 samples/s, eta: 1:26:12, max_mem_reserved: 25002 MB, max_mem_allocated: 13718 MB
[2025/11/10 16:22:13] ppocr INFO: epoch: [13/20], global_step: 13850, lr: 0.000133, acc: 0.812132, norm_edit_dis: 0.963196, CTCLoss: 1.391899, NRTRLoss: 1.344562, loss: 2.738505, avg_reader_cost: 0.00285 s, avg_batch_cost: 0.63503 s, avg_samples: 80.8, ips: 127.23856 samples/s, eta: 1:26:06, max_mem_reserved: 25002 MB, max_mem_allocated: 13718 MB
[2025/11/10 16:22:20] ppocr INFO: epoch: [13/20], global_step: 13860, lr: 0.000132, acc: 0.818015, norm_edit_dis: 0.966200, CTCLoss: 1.259390, NRTRLoss: 1.339285, loss: 2.590838, avg_reader_cost: 0.00341 s, avg_batch_cost: 0.68024 s, avg_samples: 95.9, ips: 140.97921 samples/s, eta: 1:25:59, max_mem_reserved: 25002 MB, max_mem_allocated: 13718 MB
[2025/11/10 16:22:26] ppocr INFO: epoch: [13/20], global_step: 13870, lr: 0.000132, acc: 0.839522, norm_edit_dis: 0.967084, CTCLoss: 1.259390, NRTRLoss: 1.339260, loss: 2.590838, avg_reader_cost: 0.00279 s, avg_batch_cost: 0.66055 s, avg_samples: 87.4, ips: 132.31367 samples/s, eta: 1:25:53, max_mem_reserved: 25002 MB, max_mem_allocated: 13718 MB
[2025/11/10 16:22:33] ppocr INFO: epoch: [13/20], global_step: 13880, lr: 0.000132, acc: 0.805882, norm_edit_dis: 0.969007, CTCLoss: 1.080570, NRTRLoss: 1.337339, loss: 2.414230, avg_reader_cost: 0.00328 s, avg_batch_cost: 0.66956 s, avg_samples: 95.9, ips: 143.22849 samples/s, eta: 1:25:46, max_mem_reserved: 25002 MB, max_mem_allocated: 13718 MB
[2025/11/10 16:22:40] ppocr INFO: epoch: [13/20], global_step: 13890, lr: 0.000132, acc: 0.731893, norm_edit_dis: 0.949840, CTCLoss: 2.107497, NRTRLoss: 1.354244, loss: 3.478638, avg_reader_cost: 0.00289 s, avg_batch_cost: 0.69549 s, avg_samples: 104.5, ips: 150.25295 samples/s, eta: 1:25:40, max_mem_reserved: 25002 MB, max_mem_allocated: 13718 MB
[2025/11/10 16:22:46] ppocr INFO: epoch: [13/20], global_step: 13900, lr: 0.000131, acc: 0.823529, norm_edit_dis: 0.968114, CTCLoss: 1.411849, NRTRLoss: 1.342381, loss: 2.751059, avg_reader_cost: 0.00294 s, avg_batch_cost: 0.62566 s, avg_samples: 83.0, ips: 132.65923 samples/s, eta: 1:25:33, max_mem_reserved: 25002 MB, max_mem_allocated: 13718 MB
[2025/11/10 16:23:23] ppocr INFO: cur metric, acc: 0.8705999991294, norm_edit_dis: 0.9797127537792112, fps: 582.4294574078297
[2025/11/10 16:23:25] ppocr INFO: save best model is to ./output/best_accuracy
[2025/11/10 16:23:25] ppocr INFO: best metric, acc: 0.8705999991294, is_float16: False, norm_edit_dis: 0.9797127537792112, fps: 582.4294574078297, best_epoch: 13
[2025/11/10 16:23:32] ppocr INFO: epoch: [13/20], global_step: 13910, lr: 0.000131, acc: 0.843750, norm_edit_dis: 0.973167, CTCLoss: 1.070656, NRTRLoss: 1.336852, loss: 2.409100, avg_reader_cost: 0.00274 s, avg_batch_cost: 0.64958 s, avg_samples: 89.5, ips: 137.78111 samples/s, eta: 1:25:26, max_mem_reserved: 25002 MB, max_mem_allocated: 13718 MB
[2025/11/10 16:23:38] ppocr INFO: epoch: [13/20], global_step: 13920, lr: 0.000131, acc: 0.839522, norm_edit_dis: 0.969629, CTCLoss: 1.202053, NRTRLoss: 1.338232, loss: 2.543909, avg_reader_cost: 0.00275 s, avg_batch_cost: 0.66650 s, avg_samples: 95.8, ips: 143.73597 samples/s, eta: 1:25:20, max_mem_reserved: 25002 MB, max_mem_allocated: 13718 MB
[2025/11/10 16:23:45] ppocr INFO: epoch: [13/20], global_step: 13930, lr: 0.000131, acc: 0.839522, norm_edit_dis: 0.973257, CTCLoss: 1.181520, NRTRLoss: 1.334271, loss: 2.520990, avg_reader_cost: 0.00282 s, avg_batch_cost: 0.68747 s, avg_samples: 98.0, ips: 142.55100 samples/s, eta: 1:25:14, max_mem_reserved: 25002 MB, max_mem_allocated: 13718 MB
[2025/11/10 16:23:52] ppocr INFO: epoch: [13/20], global_step: 13940, lr: 0.000131, acc: 0.823897, norm_edit_dis: 0.970201, CTCLoss: 1.271979, NRTRLoss: 1.341018, loss: 2.611616, avg_reader_cost: 0.00284 s, avg_batch_cost: 0.67939 s, avg_samples: 96.0, ips: 141.30386 samples/s, eta: 1:25:07, max_mem_reserved: 25002 MB, max_mem_allocated: 13718 MB
[2025/11/10 16:23:59] ppocr INFO: epoch: [13/20], global_step: 13950, lr: 0.000130, acc: 0.823897, norm_edit_dis: 0.968630, CTCLoss: 1.468467, NRTRLoss: 1.347758, loss: 2.807111, avg_reader_cost: 0.00282 s, avg_batch_cost: 0.64273 s, avg_samples: 89.5, ips: 139.24986 samples/s, eta: 1:25:01, max_mem_reserved: 25002 MB, max_mem_allocated: 13718 MB
[2025/11/10 16:24:05] ppocr INFO: epoch: [13/20], global_step: 13960, lr: 0.000130, acc: 0.819945, norm_edit_dis: 0.965938, CTCLoss: 1.519178, NRTRLoss: 1.341778, loss: 2.862371, avg_reader_cost: 0.00317 s, avg_batch_cost: 0.67946 s, avg_samples: 100.2, ips: 147.46924 samples/s, eta: 1:24:54, max_mem_reserved: 25002 MB, max_mem_allocated: 13718 MB
[2025/11/10 16:24:12] ppocr INFO: epoch: [13/20], global_step: 13970, lr: 0.000130, acc: 0.814062, norm_edit_dis: 0.964455, CTCLoss: 1.280881, NRTRLoss: 1.338519, loss: 2.621711, avg_reader_cost: 0.00281 s, avg_batch_cost: 0.66680 s, avg_samples: 95.9, ips: 143.82061 samples/s, eta: 1:24:48, max_mem_reserved: 25002 MB, max_mem_allocated: 13718 MB
[2025/11/10 16:24:19] ppocr INFO: epoch: [13/20], global_step: 13980, lr: 0.000130, acc: 0.831709, norm_edit_dis: 0.975552, CTCLoss: 0.870386, NRTRLoss: 1.335481, loss: 2.206786, avg_reader_cost: 0.00277 s, avg_batch_cost: 0.67141 s, avg_samples: 91.6, ips: 136.42844 samples/s, eta: 1:24:41, max_mem_reserved: 25002 MB, max_mem_allocated: 13718 MB
[2025/11/10 16:24:25] ppocr INFO: epoch: [13/20], global_step: 13990, lr: 0.000130, acc: 0.841176, norm_edit_dis: 0.973593, CTCLoss: 1.029730, NRTRLoss: 1.336592, loss: 2.357855, avg_reader_cost: 0.00341 s, avg_batch_cost: 0.65989 s, avg_samples: 85.2, ips: 129.11263 samples/s, eta: 1:24:35, max_mem_reserved: 25002 MB, max_mem_allocated: 13718 MB
[2025/11/10 16:24:33] ppocr INFO: epoch: [13/20], global_step: 14000, lr: 0.000129, acc: 0.796875, norm_edit_dis: 0.966179, CTCLoss: 1.699559, NRTRLoss: 1.343091, loss: 3.026943, avg_reader_cost: 0.00281 s, avg_batch_cost: 0.72406 s, avg_samples: 108.8, ips: 150.26284 samples/s, eta: 1:24:28, max_mem_reserved: 25002 MB, max_mem_allocated: 13718 MB
[2025/11/10 16:25:09] ppocr INFO: cur metric, acc: 0.8673999991326, norm_edit_dis: 0.9786417837770832, fps: 572.3891672734271
[2025/11/10 16:25:09] ppocr INFO: best metric, acc: 0.8705999991294, is_float16: False, norm_edit_dis: 0.9797127537792112, fps: 582.4294574078297, best_epoch: 13
[2025/11/10 16:25:16] ppocr INFO: epoch: [13/20], global_step: 14010, lr: 0.000129, acc: 0.749540, norm_edit_dis: 0.965981, CTCLoss: 1.641700, NRTRLoss: 1.333792, loss: 2.970103, avg_reader_cost: 0.00286 s, avg_batch_cost: 0.64934 s, avg_samples: 89.5, ips: 137.83189 samples/s, eta: 1:24:22, max_mem_reserved: 25002 MB, max_mem_allocated: 13718 MB
[2025/11/10 16:25:22] ppocr INFO: epoch: [13/20], global_step: 14020, lr: 0.000129, acc: 0.812500, norm_edit_dis: 0.978259, CTCLoss: 0.896601, NRTRLoss: 1.329790, loss: 2.227584, avg_reader_cost: 0.00283 s, avg_batch_cost: 0.66516 s, avg_samples: 89.5, ips: 134.55375 samples/s, eta: 1:24:15, max_mem_reserved: 25002 MB, max_mem_allocated: 13718 MB
[2025/11/10 16:25:29] ppocr INFO: epoch: [13/20], global_step: 14030, lr: 0.000129, acc: 0.812132, norm_edit_dis: 0.975422, CTCLoss: 1.049638, NRTRLoss: 1.332519, loss: 2.379037, avg_reader_cost: 0.00358 s, avg_batch_cost: 0.64161 s, avg_samples: 87.4, ips: 136.21930 samples/s, eta: 1:24:09, max_mem_reserved: 25002 MB, max_mem_allocated: 13718 MB
[2025/11/10 16:25:35] ppocr INFO: epoch: [13/20], global_step: 14040, lr: 0.000128, acc: 0.781250, norm_edit_dis: 0.968213, CTCLoss: 1.267585, NRTRLoss: 1.333734, loss: 2.606169, avg_reader_cost: 0.00329 s, avg_batch_cost: 0.65626 s, avg_samples: 91.7, ips: 139.73164 samples/s, eta: 1:24:02, max_mem_reserved: 25002 MB, max_mem_allocated: 13718 MB
[2025/11/10 16:25:42] ppocr INFO: epoch: [13/20], global_step: 14050, lr: 0.000128, acc: 0.806250, norm_edit_dis: 0.968213, CTCLoss: 1.104010, NRTRLoss: 1.335791, loss: 2.442235, avg_reader_cost: 0.00357 s, avg_batch_cost: 0.64568 s, avg_samples: 85.2, ips: 131.95429 samples/s, eta: 1:23:55, max_mem_reserved: 25002 MB, max_mem_allocated: 13718 MB
[2025/11/10 16:25:48] ppocr INFO: epoch: [13/20], global_step: 14060, lr: 0.000128, acc: 0.851287, norm_edit_dis: 0.977644, CTCLoss: 1.046403, NRTRLoss: 1.329475, loss: 2.379572, avg_reader_cost: 0.00290 s, avg_batch_cost: 0.60180 s, avg_samples: 72.5, ips: 120.47252 samples/s, eta: 1:23:49, max_mem_reserved: 25002 MB, max_mem_allocated: 13718 MB
[2025/11/10 16:25:55] ppocr INFO: epoch: [13/20], global_step: 14070, lr: 0.000128, acc: 0.828125, norm_edit_dis: 0.975905, CTCLoss: 1.091054, NRTRLoss: 1.328184, loss: 2.432968, avg_reader_cost: 0.00297 s, avg_batch_cost: 0.69506 s, avg_samples: 100.2, ips: 144.16002 samples/s, eta: 1:23:42, max_mem_reserved: 25002 MB, max_mem_allocated: 13718 MB
[2025/11/10 16:26:01] ppocr INFO: epoch: [13/20], global_step: 14080, lr: 0.000128, acc: 0.805882, norm_edit_dis: 0.971083, CTCLoss: 1.135866, NRTRLoss: 1.334930, loss: 2.474735, avg_reader_cost: 0.00286 s, avg_batch_cost: 0.61835 s, avg_samples: 83.0, ips: 134.22786 samples/s, eta: 1:23:35, max_mem_reserved: 25002 MB, max_mem_allocated: 13718 MB
[2025/11/10 16:26:08] ppocr INFO: epoch: [13/20], global_step: 14090, lr: 0.000127, acc: 0.805882, norm_edit_dis: 0.969694, CTCLoss: 1.117912, NRTRLoss: 1.336270, loss: 2.454182, avg_reader_cost: 0.00290 s, avg_batch_cost: 0.71198 s, avg_samples: 106.6, ips: 149.72270 samples/s, eta: 1:23:29, max_mem_reserved: 25002 MB, max_mem_allocated: 13718 MB
[2025/11/10 16:26:15] ppocr INFO: epoch: [13/20], global_step: 14100, lr: 0.000127, acc: 0.753493, norm_edit_dis: 0.955974, CTCLoss: 1.778838, NRTRLoss: 1.348737, loss: 3.119057, avg_reader_cost: 0.00336 s, avg_batch_cost: 0.68456 s, avg_samples: 100.1, ips: 146.22604 samples/s, eta: 1:23:23, max_mem_reserved: 25002 MB, max_mem_allocated: 13718 MB
[2025/11/10 16:26:51] ppocr INFO: cur metric, acc: 0.876999999123, norm_edit_dis: 0.9801095008151485, fps: 576.0736828619266
[2025/11/10 16:26:54] ppocr INFO: save best model is to ./output/best_accuracy
[2025/11/10 16:26:54] ppocr INFO: best metric, acc: 0.876999999123, is_float16: False, norm_edit_dis: 0.9801095008151485, fps: 576.0736828619266, best_epoch: 13
[2025/11/10 16:27:00] ppocr INFO: epoch: [13/20], global_step: 14110, lr: 0.000127, acc: 0.831709, norm_edit_dis: 0.962686, CTCLoss: 1.786185, NRTRLoss: 1.350673, loss: 3.141085, avg_reader_cost: 0.00278 s, avg_batch_cost: 0.65896 s, avg_samples: 93.7, ips: 142.19321 samples/s, eta: 1:23:16, max_mem_reserved: 25002 MB, max_mem_allocated: 13718 MB
[2025/11/10 16:27:06] ppocr INFO: epoch: [13/20], global_step: 14118, lr: 0.000127, acc: 0.831709, norm_edit_dis: 0.964030, CTCLoss: 1.580688, NRTRLoss: 1.351663, loss: 2.934106, avg_reader_cost: 0.00223 s, avg_batch_cost: 0.53491 s, avg_samples: 74.6, ips: 139.46401 samples/s, eta: 1:23:11, max_mem_reserved: 25002 MB, max_mem_allocated: 13718 MB
[2025/11/10 16:27:09] ppocr INFO: save model in ./output/latest
[2025/11/10 16:27:10] ppocr INFO: save model in ./output/iter_epoch_13
[2025/11/10 16:27:13] ppocr INFO: epoch: [14/20], global_step: 14120, lr: 0.000127, acc: 0.839522, norm_edit_dis: 0.966920, CTCLoss: 1.300637, NRTRLoss: 1.344898, loss: 2.645181, avg_reader_cost: 0.64745 s, avg_batch_cost: 0.77452 s, avg_samples: 14.9, ips: 19.23781 samples/s, eta: 1:23:13, max_mem_reserved: 25002 MB, max_mem_allocated: 13718 MB
[2025/11/10 16:27:20] ppocr INFO: epoch: [14/20], global_step: 14130, lr: 0.000127, acc: 0.851287, norm_edit_dis: 0.976966, CTCLoss: 0.933190, NRTRLoss: 1.330766, loss: 2.263956, avg_reader_cost: 0.00320 s, avg_batch_cost: 0.63486 s, avg_samples: 83.1, ips: 130.89405 samples/s, eta: 1:23:06, max_mem_reserved: 25002 MB, max_mem_allocated: 13718 MB
[2025/11/10 16:27:27] ppocr INFO: epoch: [14/20], global_step: 14140, lr: 0.000126, acc: 0.853217, norm_edit_dis: 0.975875, CTCLoss: 0.965261, NRTRLoss: 1.329091, loss: 2.299717, avg_reader_cost: 0.00293 s, avg_batch_cost: 0.68305 s, avg_samples: 104.4, ips: 152.84442 samples/s, eta: 1:23:00, max_mem_reserved: 25002 MB, max_mem_allocated: 13718 MB
[2025/11/10 16:27:33] ppocr INFO: epoch: [14/20], global_step: 14150, lr: 0.000126, acc: 0.794118, norm_edit_dis: 0.963621, CTCLoss: 2.071647, NRTRLoss: 1.342564, loss: 3.428245, avg_reader_cost: 0.00298 s, avg_batch_cost: 0.68202 s, avg_samples: 98.0, ips: 143.69140 samples/s, eta: 1:22:54, max_mem_reserved: 25002 MB, max_mem_allocated: 13718 MB
[2025/11/10 16:27:40] ppocr INFO: epoch: [14/20], global_step: 14160, lr: 0.000126, acc: 0.831709, norm_edit_dis: 0.972404, CTCLoss: 1.215627, NRTRLoss: 1.337501, loss: 2.556464, avg_reader_cost: 0.00362 s, avg_batch_cost: 0.64134 s, avg_samples: 89.5, ips: 139.55058 samples/s, eta: 1:22:47, max_mem_reserved: 25002 MB, max_mem_allocated: 13718 MB
[2025/11/10 16:27:46] ppocr INFO: epoch: [14/20], global_step: 14170, lr: 0.000126, acc: 0.828125, norm_edit_dis: 0.972452, CTCLoss: 1.256001, NRTRLoss: 1.338889, loss: 2.593304, avg_reader_cost: 0.00327 s, avg_batch_cost: 0.66276 s, avg_samples: 93.8, ips: 141.52938 samples/s, eta: 1:22:40, max_mem_reserved: 25002 MB, max_mem_allocated: 13718 MB
[2025/11/10 16:27:53] ppocr INFO: epoch: [14/20], global_step: 14180, lr: 0.000125, acc: 0.800000, norm_edit_dis: 0.967510, CTCLoss: 1.365491, NRTRLoss: 1.341012, loss: 2.705876, avg_reader_cost: 0.00305 s, avg_batch_cost: 0.69246 s, avg_samples: 98.1, ips: 141.66857 samples/s, eta: 1:22:34, max_mem_reserved: 25002 MB, max_mem_allocated: 13718 MB
[2025/11/10 16:28:00] ppocr INFO: epoch: [14/20], global_step: 14190, lr: 0.000125, acc: 0.828125, norm_edit_dis: 0.971648, CTCLoss: 1.009940, NRTRLoss: 1.337954, loss: 2.349538, avg_reader_cost: 0.00292 s, avg_batch_cost: 0.65226 s, avg_samples: 87.3, ips: 133.84312 samples/s, eta: 1:22:27, max_mem_reserved: 25002 MB, max_mem_allocated: 13718 MB
[2025/11/10 16:28:07] ppocr INFO: epoch: [14/20], global_step: 14200, lr: 0.000125, acc: 0.841176, norm_edit_dis: 0.973442, CTCLoss: 0.993821, NRTRLoss: 1.335110, loss: 2.328614, avg_reader_cost: 0.00330 s, avg_batch_cost: 0.67685 s, avg_samples: 100.1, ips: 147.89112 samples/s, eta: 1:22:21, max_mem_reserved: 25002 MB, max_mem_allocated: 13718 MB
[2025/11/10 16:28:43] ppocr INFO: cur metric, acc: 0.8716999991283, norm_edit_dis: 0.9792387914332579, fps: 573.7037266728851
[2025/11/10 16:28:43] ppocr INFO: best metric, acc: 0.876999999123, is_float16: False, norm_edit_dis: 0.9801095008151485, fps: 576.0736828619266, best_epoch: 13
[2025/11/10 16:28:50] ppocr INFO: epoch: [14/20], global_step: 14210, lr: 0.000125, acc: 0.835294, norm_edit_dis: 0.974319, CTCLoss: 1.200936, NRTRLoss: 1.337089, loss: 2.541996, avg_reader_cost: 0.00281 s, avg_batch_cost: 0.67123 s, avg_samples: 93.7, ips: 139.59422 samples/s, eta: 1:22:14, max_mem_reserved: 25002 MB, max_mem_allocated: 13718 MB
[2025/11/10 16:28:57] ppocr INFO: epoch: [14/20], global_step: 14220, lr: 0.000125, acc: 0.817647, norm_edit_dis: 0.966430, CTCLoss: 1.231689, NRTRLoss: 1.348091, loss: 2.572701, avg_reader_cost: 0.00293 s, avg_batch_cost: 0.68826 s, avg_samples: 102.3, ips: 148.63565 samples/s, eta: 1:22:08, max_mem_reserved: 25002 MB, max_mem_allocated: 13718 MB
