[2025/10/31 09:56:44] ppocr WARNING: You are using VisualDL, the VisualDL is deprecated and removed in ppocr!
[2025/10/31 09:56:44] ppocr INFO: Architecture : 
[2025/10/31 09:56:44] ppocr INFO:     Backbone : 
[2025/10/31 09:56:44] ppocr INFO:         name : PPHGNetV2_B4
[2025/10/31 09:56:44] ppocr INFO:         text_rec : True
[2025/10/31 09:56:44] ppocr INFO:     Head : 
[2025/10/31 09:56:44] ppocr INFO:         head_list : 
[2025/10/31 09:56:44] ppocr INFO:             CTCHead : 
[2025/10/31 09:56:44] ppocr INFO:                 Head : 
[2025/10/31 09:56:44] ppocr INFO:                     fc_decay : 1e-05
[2025/10/31 09:56:44] ppocr INFO:                 Neck : 
[2025/10/31 09:56:44] ppocr INFO:                     depth : 2
[2025/10/31 09:56:44] ppocr INFO:                     dims : 120
[2025/10/31 09:56:44] ppocr INFO:                     hidden_dims : 120
[2025/10/31 09:56:44] ppocr INFO:                     kernel_size : [1, 3]
[2025/10/31 09:56:44] ppocr INFO:                     name : svtr
[2025/10/31 09:56:44] ppocr INFO:                     use_guide : True
[2025/10/31 09:56:44] ppocr INFO:             NRTRHead : 
[2025/10/31 09:56:44] ppocr INFO:                 max_text_length : 50
[2025/10/31 09:56:44] ppocr INFO:                 nrtr_dim : 384
[2025/10/31 09:56:44] ppocr INFO:         name : MultiHead
[2025/10/31 09:56:44] ppocr INFO:     Transform : None
[2025/10/31 09:56:44] ppocr INFO:     algorithm : SVTR_HGNet
[2025/10/31 09:56:44] ppocr INFO:     model_type : rec
[2025/10/31 09:56:44] ppocr INFO: Eval : 
[2025/10/31 09:56:44] ppocr INFO:     dataset : 
[2025/10/31 09:56:44] ppocr INFO:         data_dir : ./text/typed_text/az_config_train
[2025/10/31 09:56:44] ppocr INFO:         label_file_list : ['./text/typed_text/az_config_train/val_list.txt']
[2025/10/31 09:56:44] ppocr INFO:         name : SimpleDataSet
[2025/10/31 09:56:44] ppocr INFO:         transforms : 
[2025/10/31 09:56:44] ppocr INFO:             DecodeImage : 
[2025/10/31 09:56:44] ppocr INFO:                 channel_first : False
[2025/10/31 09:56:44] ppocr INFO:                 img_mode : BGR
[2025/10/31 09:56:44] ppocr INFO:             MultiLabelEncode : 
[2025/10/31 09:56:44] ppocr INFO:                 gtc_encode : NRTRLabelEncode
[2025/10/31 09:56:44] ppocr INFO:             RecResizeImg : 
[2025/10/31 09:56:44] ppocr INFO:                 image_shape : [3, 48, 320]
[2025/10/31 09:56:44] ppocr INFO:             KeepKeys : 
[2025/10/31 09:56:44] ppocr INFO:                 keep_keys : ['image', 'label_ctc', 'label_gtc', 'length', 'valid_ratio']
[2025/10/31 09:56:44] ppocr INFO:     loader : 
[2025/10/31 09:56:44] ppocr INFO:         batch_size_per_card : 256
[2025/10/31 09:56:44] ppocr INFO:         drop_last : False
[2025/10/31 09:56:44] ppocr INFO:         num_workers : 16
[2025/10/31 09:56:44] ppocr INFO:         shuffle : False
[2025/10/31 09:56:44] ppocr INFO: Global : 
[2025/10/31 09:56:44] ppocr INFO:     cal_metric_during_train : True
[2025/10/31 09:56:44] ppocr INFO:     calc_epoch_interval : 1
[2025/10/31 09:56:44] ppocr INFO:     character_dict_path : ./text/typed_text/dict.txt
[2025/10/31 09:56:44] ppocr INFO:     checkpoints : None
[2025/10/31 09:56:44] ppocr INFO:     d2s_train_image_shape : [3, 48, 320]
[2025/10/31 09:56:44] ppocr INFO:     debug : True
[2025/10/31 09:56:44] ppocr INFO:     distributed : False
[2025/10/31 09:56:44] ppocr INFO:     early_stop : 
[2025/10/31 09:56:44] ppocr INFO:         min_delta : 0.001
[2025/10/31 09:56:44] ppocr INFO:         patience : 5
[2025/10/31 09:56:44] ppocr INFO:     epoch_num : 20
[2025/10/31 09:56:44] ppocr INFO:     eval_batch_step : [0, 50]
[2025/10/31 09:56:44] ppocr INFO:     infer_mode : False
[2025/10/31 09:56:44] ppocr INFO:     log_smooth_window : 20
[2025/10/31 09:56:44] ppocr INFO:     max_text_length : 50
[2025/10/31 09:56:44] ppocr INFO:     model_name : PP-OCRv5_server_rec
[2025/10/31 09:56:44] ppocr INFO:     pretrained_model : ./text/typed_text/pretrain_models/PP-OCRv5_server_rec_pretrained.pdparams
[2025/10/31 09:56:44] ppocr INFO:     print_batch_step : 10
[2025/10/31 09:56:44] ppocr INFO:     save_epoch_step : 1
[2025/10/31 09:56:44] ppocr INFO:     save_inference_dir : None
[2025/10/31 09:56:44] ppocr INFO:     save_model_dir : ./output
[2025/10/31 09:56:44] ppocr INFO:     save_res_path : ./output/rec/predicts_ppocrv5.txt
[2025/10/31 09:56:44] ppocr INFO:     use_gpu : True
[2025/10/31 09:56:44] ppocr INFO:     use_space_char : True
[2025/10/31 09:56:44] ppocr INFO:     use_visualdl : True
[2025/10/31 09:56:44] ppocr INFO: Loss : 
[2025/10/31 09:56:44] ppocr INFO:     loss_config_list : 
[2025/10/31 09:56:44] ppocr INFO:         CTCLoss : 
[2025/10/31 09:56:44] ppocr INFO:             weight : 1.0
[2025/10/31 09:56:44] ppocr INFO:         NRTRLoss : 
[2025/10/31 09:56:44] ppocr INFO:             weight : 1.5
[2025/10/31 09:56:44] ppocr INFO:     name : MultiLoss
[2025/10/31 09:56:44] ppocr INFO: Metric : 
[2025/10/31 09:56:44] ppocr INFO:     main_indicator : acc
[2025/10/31 09:56:44] ppocr INFO:     name : RecMetric
[2025/10/31 09:56:44] ppocr INFO: Optimizer : 
[2025/10/31 09:56:44] ppocr INFO:     beta1 : 0.9
[2025/10/31 09:56:44] ppocr INFO:     beta2 : 0.999
[2025/10/31 09:56:44] ppocr INFO:     lr : 
[2025/10/31 09:56:44] ppocr INFO:         learning_rate : 0.0001
[2025/10/31 09:56:44] ppocr INFO:         name : Cosine
[2025/10/31 09:56:44] ppocr INFO:         warmup_epoch : 2
[2025/10/31 09:56:44] ppocr INFO:     name : Adam
[2025/10/31 09:56:44] ppocr INFO:     regularizer : 
[2025/10/31 09:56:44] ppocr INFO:         factor : 3e-05
[2025/10/31 09:56:44] ppocr INFO:         name : L2
[2025/10/31 09:56:44] ppocr INFO: PostProcess : 
[2025/10/31 09:56:44] ppocr INFO:     name : CTCLabelDecode
[2025/10/31 09:56:44] ppocr INFO: Train : 
[2025/10/31 09:56:44] ppocr INFO:     dataset : 
[2025/10/31 09:56:44] ppocr INFO:         data_dir : ./text/typed_text/az_config_train
[2025/10/31 09:56:44] ppocr INFO:         ds_width : False
[2025/10/31 09:56:44] ppocr INFO:         ext_op_transform_idx : 1
[2025/10/31 09:56:44] ppocr INFO:         label_file_list : ['./text/typed_text/az_config_train/train_list.txt']
[2025/10/31 09:56:44] ppocr INFO:         name : MultiScaleDataSet
[2025/10/31 09:56:44] ppocr INFO:         transforms : 
[2025/10/31 09:56:44] ppocr INFO:             DecodeImage : 
[2025/10/31 09:56:44] ppocr INFO:                 channel_first : False
[2025/10/31 09:56:44] ppocr INFO:                 img_mode : BGR
[2025/10/31 09:56:44] ppocr INFO:             RecAug : None
[2025/10/31 09:56:44] ppocr INFO:             MultiLabelEncode : 
[2025/10/31 09:56:44] ppocr INFO:                 gtc_encode : NRTRLabelEncode
[2025/10/31 09:56:44] ppocr INFO:             KeepKeys : 
[2025/10/31 09:56:44] ppocr INFO:                 keep_keys : ['image', 'label_ctc', 'label_gtc', 'length', 'valid_ratio']
[2025/10/31 09:56:44] ppocr INFO:     loader : 
[2025/10/31 09:56:44] ppocr INFO:         batch_size_per_card : 1000
[2025/10/31 09:56:44] ppocr INFO:         drop_last : True
[2025/10/31 09:56:44] ppocr INFO:         num_workers : 16
[2025/10/31 09:56:44] ppocr INFO:         shuffle : True
[2025/10/31 09:56:44] ppocr INFO:     sampler : 
[2025/10/31 09:56:44] ppocr INFO:         divided_factor : [8, 16]
[2025/10/31 09:56:44] ppocr INFO:         first_bs : 128
[2025/10/31 09:56:44] ppocr INFO:         fix_bs : False
[2025/10/31 09:56:44] ppocr INFO:         is_training : True
[2025/10/31 09:56:44] ppocr INFO:         name : MultiScaleSampler
[2025/10/31 09:56:44] ppocr INFO:         scales : [[320, 32], [320, 48], [320, 64]]
[2025/10/31 09:56:44] ppocr INFO: profiler_options : None
[2025/10/31 09:56:44] ppocr INFO: train with paddle 3.0.0 and device Place(gpu:0)
[2025/10/31 09:56:44] ppocr INFO: Initialize indexes of datasets:['./text/typed_text/az_config_train/train_list.txt']
[2025/10/31 09:56:44] ppocr INFO: Initialize indexes of datasets:['./text/typed_text/az_config_train/val_list.txt']
[2025/10/31 09:56:45] ppocr INFO: train dataloader has 1086 iters
[2025/10/31 09:56:45] ppocr INFO: valid dataloader has 40 iters
[2025/10/31 09:56:46] ppocr WARNING: The shape of model params head.ctc_head.fc.weight [120, 18387] not matched with loaded params head.ctc_head.fc.weight [120, 18385] !
[2025/10/31 09:56:46] ppocr WARNING: The shape of model params head.ctc_head.fc.bias [18387] not matched with loaded params head.ctc_head.fc.bias [18385] !
[2025/10/31 09:56:46] ppocr WARNING: The shape of model params head.gtc_head.embedding.embedding.weight [18391, 384] not matched with loaded params head.gtc_head.embedding.embedding.weight [18389, 384] !
[2025/10/31 09:56:46] ppocr WARNING: The shape of model params head.gtc_head.tgt_word_prj.weight [384, 18391] not matched with loaded params head.gtc_head.tgt_word_prj.weight [384, 18389] !
[2025/10/31 09:56:46] ppocr INFO: load pretrain successful from ./text/typed_text/pretrain_models/PP-OCRv5_server_rec_pretrained
[2025/10/31 09:56:46] ppocr INFO: During the training process, after the 0th iteration, an evaluation is run every 50 iterations
[2025/10/31 09:56:54] ppocr INFO: epoch: [1/20], global_step: 10, lr: 0.000000, acc: 0.000000, norm_edit_dis: 0.000000, CTCLoss: 380.005585, NRTRLoss: 11.717757, loss: 391.735748, avg_reader_cost: 0.07860 s, avg_batch_cost: 0.78021 s, avg_samples: 104.5, ips: 133.93773 samples/s, eta: 4:42:18, max_mem_reserved: 14706 MB, max_mem_allocated: 13514 MB
[2025/10/31 09:57:00] ppocr INFO: epoch: [1/20], global_step: 20, lr: 0.000000, acc: 0.000000, norm_edit_dis: 0.000000, CTCLoss: 380.005585, NRTRLoss: 11.634789, loss: 391.735748, avg_reader_cost: 0.00344 s, avg_batch_cost: 0.60714 s, avg_samples: 100.2, ips: 165.03482 samples/s, eta: 4:10:52, max_mem_reserved: 14706 MB, max_mem_allocated: 13514 MB
[2025/10/31 09:57:05] ppocr INFO: epoch: [1/20], global_step: 30, lr: 0.000001, acc: 0.000000, norm_edit_dis: 0.000000, CTCLoss: 379.777603, NRTRLoss: 11.542428, loss: 391.237427, avg_reader_cost: 0.00295 s, avg_batch_cost: 0.58181 s, avg_samples: 93.8, ips: 161.22199 samples/s, eta: 3:57:17, max_mem_reserved: 14706 MB, max_mem_allocated: 13514 MB
[2025/10/31 09:57:11] ppocr INFO: epoch: [1/20], global_step: 40, lr: 0.000001, acc: 0.000000, norm_edit_dis: 0.000000, CTCLoss: 379.053726, NRTRLoss: 11.340572, loss: 390.380447, avg_reader_cost: 0.00294 s, avg_batch_cost: 0.59296 s, avg_samples: 93.8, ips: 158.18968 samples/s, eta: 3:51:26, max_mem_reserved: 14706 MB, max_mem_allocated: 13514 MB
[2025/10/31 09:57:17] ppocr INFO: epoch: [1/20], global_step: 50, lr: 0.000002, acc: 0.000000, norm_edit_dis: 0.000000, CTCLoss: 377.936050, NRTRLoss: 11.066153, loss: 388.849579, avg_reader_cost: 0.00295 s, avg_batch_cost: 0.54625 s, avg_samples: 78.9, ips: 144.43830 samples/s, eta: 3:44:31, max_mem_reserved: 14706 MB, max_mem_allocated: 13514 MB
[2025/10/31 09:57:46] ppocr INFO: cur metric, acc: 0.0, norm_edit_dis: 7.78403796772853e-05, fps: 758.8807764933507
[2025/10/31 09:57:48] ppocr INFO: save best model is to ./output/best_accuracy
[2025/10/31 09:57:48] ppocr INFO: best metric, acc: 0.0, is_float16: False, norm_edit_dis: 7.78403796772853e-05, fps: 758.8807764933507, best_epoch: 1
[2025/10/31 09:57:54] ppocr INFO: epoch: [1/20], global_step: 60, lr: 0.000002, acc: 0.000000, norm_edit_dis: 0.000000, CTCLoss: 377.055054, NRTRLoss: 10.538122, loss: 387.535675, avg_reader_cost: 0.00332 s, avg_batch_cost: 0.60163 s, avg_samples: 98.0, ips: 162.89111 samples/s, eta: 3:43:13, max_mem_reserved: 19535 MB, max_mem_allocated: 13514 MB
[2025/10/31 09:57:59] ppocr INFO: epoch: [1/20], global_step: 70, lr: 0.000003, acc: 0.000000, norm_edit_dis: 0.000000, CTCLoss: 376.209854, NRTRLoss: 10.230481, loss: 386.610046, avg_reader_cost: 0.00294 s, avg_batch_cost: 0.55740 s, avg_samples: 85.3, ips: 153.03072 samples/s, eta: 3:39:58, max_mem_reserved: 19535 MB, max_mem_allocated: 13514 MB
[2025/10/31 09:58:06] ppocr INFO: epoch: [1/20], global_step: 80, lr: 0.000003, acc: 0.000000, norm_edit_dis: 0.000000, CTCLoss: 375.526901, NRTRLoss: 9.431149, loss: 384.990784, avg_reader_cost: 0.00298 s, avg_batch_cost: 0.63040 s, avg_samples: 93.8, ips: 148.79522 samples/s, eta: 3:40:48, max_mem_reserved: 19535 MB, max_mem_allocated: 13607 MB
[2025/10/31 09:58:12] ppocr INFO: epoch: [1/20], global_step: 90, lr: 0.000004, acc: 0.000000, norm_edit_dis: 0.000000, CTCLoss: 374.535141, NRTRLoss: 8.622626, loss: 382.972443, avg_reader_cost: 0.00292 s, avg_batch_cost: 0.59747 s, avg_samples: 85.3, ips: 142.76987 samples/s, eta: 3:40:06, max_mem_reserved: 19535 MB, max_mem_allocated: 13607 MB
[2025/10/31 09:58:17] ppocr INFO: epoch: [1/20], global_step: 100, lr: 0.000004, acc: 0.000000, norm_edit_dis: 0.000000, CTCLoss: 371.995102, NRTRLoss: 7.859549, loss: 379.990280, avg_reader_cost: 0.00292 s, avg_batch_cost: 0.55845 s, avg_samples: 89.5, ips: 160.26477 samples/s, eta: 3:38:08, max_mem_reserved: 19535 MB, max_mem_allocated: 13607 MB
[2025/10/31 09:58:46] ppocr INFO: cur metric, acc: 0.0, norm_edit_dis: 0.00033854539606958944, fps: 758.0436856347777
[2025/10/31 09:58:49] ppocr INFO: save best model is to ./output/best_accuracy
[2025/10/31 09:58:49] ppocr INFO: best metric, acc: 0.0, is_float16: False, norm_edit_dis: 0.00033854539606958944, fps: 758.0436856347777, best_epoch: 1
[2025/10/31 09:58:55] ppocr INFO: epoch: [1/20], global_step: 110, lr: 0.000005, acc: 0.000000, norm_edit_dis: 0.000106, CTCLoss: 369.888611, NRTRLoss: 7.207664, loss: 377.342209, avg_reader_cost: 0.00307 s, avg_batch_cost: 0.62251 s, avg_samples: 104.4, ips: 167.70706 samples/s, eta: 3:38:35, max_mem_reserved: 19535 MB, max_mem_allocated: 13607 MB
[2025/10/31 09:59:01] ppocr INFO: epoch: [1/20], global_step: 120, lr: 0.000005, acc: 0.000000, norm_edit_dis: 0.000401, CTCLoss: 367.915604, NRTRLoss: 6.597061, loss: 374.531342, avg_reader_cost: 0.00291 s, avg_batch_cost: 0.59704 s, avg_samples: 91.6, ips: 153.42374 samples/s, eta: 3:38:11, max_mem_reserved: 19535 MB, max_mem_allocated: 13607 MB
[2025/10/31 09:59:07] ppocr INFO: epoch: [1/20], global_step: 130, lr: 0.000006, acc: 0.000000, norm_edit_dis: 0.001358, CTCLoss: 363.006973, NRTRLoss: 6.310686, loss: 369.343201, avg_reader_cost: 0.00296 s, avg_batch_cost: 0.60595 s, avg_samples: 89.5, ips: 147.70088 samples/s, eta: 3:38:05, max_mem_reserved: 19535 MB, max_mem_allocated: 13607 MB
[2025/10/31 09:59:13] ppocr INFO: epoch: [1/20], global_step: 140, lr: 0.000006, acc: 0.000000, norm_edit_dis: 0.003542, CTCLoss: 358.396454, NRTRLoss: 6.084709, loss: 364.389038, avg_reader_cost: 0.00291 s, avg_batch_cost: 0.59153 s, avg_samples: 100.2, ips: 169.39083 samples/s, eta: 3:37:37, max_mem_reserved: 19535 MB, max_mem_allocated: 13607 MB
[2025/10/31 09:59:19] ppocr INFO: epoch: [1/20], global_step: 150, lr: 0.000006, acc: 0.000000, norm_edit_dis: 0.006117, CTCLoss: 353.007034, NRTRLoss: 5.917852, loss: 359.043671, avg_reader_cost: 0.00292 s, avg_batch_cost: 0.60174 s, avg_samples: 85.3, ips: 141.75607 samples/s, eta: 3:37:26, max_mem_reserved: 19535 MB, max_mem_allocated: 13847 MB
[2025/10/31 09:59:49] ppocr INFO: cur metric, acc: 0.0, norm_edit_dis: 0.01808830534144157, fps: 742.1265881357599
[2025/10/31 09:59:52] ppocr INFO: save best model is to ./output/best_accuracy
[2025/10/31 09:59:52] ppocr INFO: best metric, acc: 0.0, is_float16: False, norm_edit_dis: 0.01808830534144157, fps: 742.1265881357599, best_epoch: 1
[2025/10/31 09:59:58] ppocr INFO: epoch: [1/20], global_step: 160, lr: 0.000007, acc: 0.000000, norm_edit_dis: 0.011018, CTCLoss: 346.080811, NRTRLoss: 5.790187, loss: 351.911758, avg_reader_cost: 0.00310 s, avg_batch_cost: 0.67688 s, avg_samples: 108.7, ips: 160.58875 samples/s, eta: 3:38:57, max_mem_reserved: 19535 MB, max_mem_allocated: 13847 MB
[2025/10/31 10:00:05] ppocr INFO: epoch: [1/20], global_step: 170, lr: 0.000007, acc: 0.000000, norm_edit_dis: 0.013023, CTCLoss: 339.273102, NRTRLoss: 5.726726, loss: 344.959351, avg_reader_cost: 0.00315 s, avg_batch_cost: 0.61415 s, avg_samples: 102.3, ips: 166.57296 samples/s, eta: 3:38:57, max_mem_reserved: 19535 MB, max_mem_allocated: 13847 MB
[2025/10/31 10:00:10] ppocr INFO: epoch: [1/20], global_step: 180, lr: 0.000008, acc: 0.000000, norm_edit_dis: 0.020865, CTCLoss: 330.873459, NRTRLoss: 5.651525, loss: 336.514404, avg_reader_cost: 0.00289 s, avg_batch_cost: 0.58817 s, avg_samples: 89.5, ips: 152.16586 samples/s, eta: 3:38:25, max_mem_reserved: 19535 MB, max_mem_allocated: 13847 MB
[2025/10/31 10:00:16] ppocr INFO: epoch: [1/20], global_step: 190, lr: 0.000008, acc: 0.000000, norm_edit_dis: 0.022244, CTCLoss: 322.511017, NRTRLoss: 5.541989, loss: 328.020569, avg_reader_cost: 0.00294 s, avg_batch_cost: 0.58206 s, avg_samples: 83.1, ips: 142.76786 samples/s, eta: 3:37:49, max_mem_reserved: 19535 MB, max_mem_allocated: 13847 MB
[2025/10/31 10:00:22] ppocr INFO: epoch: [1/20], global_step: 200, lr: 0.000009, acc: 0.000000, norm_edit_dis: 0.026029, CTCLoss: 314.538910, NRTRLoss: 5.492355, loss: 320.136230, avg_reader_cost: 0.00352 s, avg_batch_cost: 0.55488 s, avg_samples: 78.8, ips: 142.01347 samples/s, eta: 3:36:47, max_mem_reserved: 19535 MB, max_mem_allocated: 13847 MB
[2025/10/31 10:00:52] ppocr INFO: cur metric, acc: 0.0, norm_edit_dis: 0.030356532343474907, fps: 752.3116076262941
[2025/10/31 10:00:54] ppocr INFO: save best model is to ./output/best_accuracy
[2025/10/31 10:00:54] ppocr INFO: best metric, acc: 0.0, is_float16: False, norm_edit_dis: 0.030356532343474907, fps: 752.3116076262941, best_epoch: 1
[2025/10/31 10:01:01] ppocr INFO: epoch: [1/20], global_step: 210, lr: 0.000009, acc: 0.000000, norm_edit_dis: 0.027634, CTCLoss: 307.208481, NRTRLoss: 5.409224, loss: 312.600937, avg_reader_cost: 0.00494 s, avg_batch_cost: 0.65942 s, avg_samples: 93.7, ips: 142.09360 samples/s, eta: 3:37:37, max_mem_reserved: 19535 MB, max_mem_allocated: 13847 MB
[2025/10/31 10:01:07] ppocr INFO: epoch: [1/20], global_step: 220, lr: 0.000010, acc: 0.000000, norm_edit_dis: 0.029620, CTCLoss: 298.519104, NRTRLoss: 5.356625, loss: 303.922852, avg_reader_cost: 0.00296 s, avg_batch_cost: 0.63680 s, avg_samples: 100.1, ips: 157.19153 samples/s, eta: 3:38:00, max_mem_reserved: 19535 MB, max_mem_allocated: 13847 MB
[2025/10/31 10:01:13] ppocr INFO: epoch: [1/20], global_step: 230, lr: 0.000010, acc: 0.000000, norm_edit_dis: 0.031227, CTCLoss: 291.092712, NRTRLoss: 5.289540, loss: 296.334412, avg_reader_cost: 0.00291 s, avg_batch_cost: 0.59692 s, avg_samples: 93.7, ips: 156.97309 samples/s, eta: 3:37:43, max_mem_reserved: 19535 MB, max_mem_allocated: 13847 MB
[2025/10/31 10:01:19] ppocr INFO: epoch: [1/20], global_step: 240, lr: 0.000011, acc: 0.000000, norm_edit_dis: 0.033996, CTCLoss: 282.073883, NRTRLoss: 5.173001, loss: 287.318375, avg_reader_cost: 0.00290 s, avg_batch_cost: 0.57433 s, avg_samples: 89.5, ips: 155.83383 samples/s, eta: 3:37:07, max_mem_reserved: 19535 MB, max_mem_allocated: 13847 MB
[2025/10/31 10:01:25] ppocr INFO: epoch: [1/20], global_step: 250, lr: 0.000011, acc: 0.000000, norm_edit_dis: 0.035671, CTCLoss: 274.617905, NRTRLoss: 5.094032, loss: 279.715485, avg_reader_cost: 0.00302 s, avg_batch_cost: 0.60076 s, avg_samples: 87.4, ips: 145.48344 samples/s, eta: 3:36:56, max_mem_reserved: 19535 MB, max_mem_allocated: 13847 MB
[2025/10/31 10:01:54] ppocr INFO: cur metric, acc: 0.0, norm_edit_dis: 0.041338755320442955, fps: 751.3159346142419
[2025/10/31 10:01:57] ppocr INFO: save best model is to ./output/best_accuracy
[2025/10/31 10:01:57] ppocr INFO: best metric, acc: 0.0, is_float16: False, norm_edit_dis: 0.041338755320442955, fps: 751.3159346142419, best_epoch: 1
[2025/10/31 10:02:03] ppocr INFO: epoch: [1/20], global_step: 260, lr: 0.000011, acc: 0.000000, norm_edit_dis: 0.037990, CTCLoss: 267.353439, NRTRLoss: 4.995789, loss: 272.378967, avg_reader_cost: 0.00326 s, avg_batch_cost: 0.59627 s, avg_samples: 91.5, ips: 153.45500 samples/s, eta: 3:36:42, max_mem_reserved: 19535 MB, max_mem_allocated: 13847 MB
[2025/10/31 10:02:09] ppocr INFO: epoch: [1/20], global_step: 270, lr: 0.000012, acc: 0.000000, norm_edit_dis: 0.038962, CTCLoss: 261.540588, NRTRLoss: 4.898008, loss: 266.390701, avg_reader_cost: 0.00297 s, avg_batch_cost: 0.62059 s, avg_samples: 104.4, ips: 168.22626 samples/s, eta: 3:36:48, max_mem_reserved: 19535 MB, max_mem_allocated: 13847 MB
[2025/10/31 10:02:14] ppocr INFO: epoch: [1/20], global_step: 280, lr: 0.000012, acc: 0.000000, norm_edit_dis: 0.038775, CTCLoss: 255.591270, NRTRLoss: 4.797560, loss: 260.377274, avg_reader_cost: 0.00295 s, avg_batch_cost: 0.53915 s, avg_samples: 87.4, ips: 162.10619 samples/s, eta: 3:35:50, max_mem_reserved: 19535 MB, max_mem_allocated: 13847 MB
[2025/10/31 10:02:20] ppocr INFO: epoch: [1/20], global_step: 290, lr: 0.000013, acc: 0.000000, norm_edit_dis: 0.040361, CTCLoss: 249.590302, NRTRLoss: 4.732433, loss: 254.208321, avg_reader_cost: 0.00294 s, avg_batch_cost: 0.56064 s, avg_samples: 81.0, ips: 144.47784 samples/s, eta: 3:35:12, max_mem_reserved: 19535 MB, max_mem_allocated: 13847 MB
[2025/10/31 10:02:26] ppocr INFO: epoch: [1/20], global_step: 300, lr: 0.000013, acc: 0.000000, norm_edit_dis: 0.043823, CTCLoss: 241.695328, NRTRLoss: 4.598260, loss: 246.321434, avg_reader_cost: 0.00301 s, avg_batch_cost: 0.59310 s, avg_samples: 87.3, ips: 147.19164 samples/s, eta: 3:34:59, max_mem_reserved: 19535 MB, max_mem_allocated: 13847 MB
[2025/10/31 10:02:55] ppocr INFO: cur metric, acc: 0.0, norm_edit_dis: 0.04916267964886867, fps: 740.9036599524828
[2025/10/31 10:02:58] ppocr INFO: save best model is to ./output/best_accuracy
[2025/10/31 10:02:58] ppocr INFO: best metric, acc: 0.0, is_float16: False, norm_edit_dis: 0.04916267964886867, fps: 740.9036599524828, best_epoch: 1
[2025/10/31 10:03:04] ppocr INFO: epoch: [1/20], global_step: 310, lr: 0.000014, acc: 0.000000, norm_edit_dis: 0.044574, CTCLoss: 238.034500, NRTRLoss: 4.481400, loss: 242.606163, avg_reader_cost: 0.00306 s, avg_batch_cost: 0.58812 s, avg_samples: 83.1, ips: 141.29788 samples/s, eta: 3:34:43, max_mem_reserved: 19535 MB, max_mem_allocated: 13847 MB
[2025/10/31 10:03:09] ppocr INFO: epoch: [1/20], global_step: 320, lr: 0.000014, acc: 0.000000, norm_edit_dis: 0.045196, CTCLoss: 232.139389, NRTRLoss: 4.398268, loss: 236.615662, avg_reader_cost: 0.00295 s, avg_batch_cost: 0.59128 s, avg_samples: 98.0, ips: 165.74212 samples/s, eta: 3:34:30, max_mem_reserved: 19535 MB, max_mem_allocated: 13847 MB
[2025/10/31 10:03:16] ppocr INFO: epoch: [1/20], global_step: 330, lr: 0.000015, acc: 0.000000, norm_edit_dis: 0.047425, CTCLoss: 226.811859, NRTRLoss: 4.283470, loss: 231.054077, avg_reader_cost: 0.00297 s, avg_batch_cost: 0.63224 s, avg_samples: 98.0, ips: 155.00461 samples/s, eta: 3:34:44, max_mem_reserved: 19535 MB, max_mem_allocated: 13847 MB
[2025/10/31 10:03:22] ppocr INFO: epoch: [1/20], global_step: 340, lr: 0.000015, acc: 0.000000, norm_edit_dis: 0.049452, CTCLoss: 222.266098, NRTRLoss: 4.159902, loss: 226.476669, avg_reader_cost: 0.00298 s, avg_batch_cost: 0.57798 s, avg_samples: 91.6, ips: 158.48199 samples/s, eta: 3:34:23, max_mem_reserved: 19535 MB, max_mem_allocated: 13847 MB
[2025/10/31 10:03:27] ppocr INFO: epoch: [1/20], global_step: 350, lr: 0.000016, acc: 0.000000, norm_edit_dis: 0.051125, CTCLoss: 217.252815, NRTRLoss: 3.986442, loss: 221.317108, avg_reader_cost: 0.00295 s, avg_batch_cost: 0.59124 s, avg_samples: 91.7, ips: 155.09677 samples/s, eta: 3:34:10, max_mem_reserved: 19535 MB, max_mem_allocated: 13847 MB
[2025/10/31 10:03:58] ppocr INFO: cur metric, acc: 0.0, norm_edit_dis: 0.05978822710438558, fps: 734.2456166971947
[2025/10/31 10:04:01] ppocr INFO: save best model is to ./output/best_accuracy
[2025/10/31 10:04:01] ppocr INFO: best metric, acc: 0.0, is_float16: False, norm_edit_dis: 0.05978822710438558, fps: 734.2456166971947, best_epoch: 1
[2025/10/31 10:04:07] ppocr INFO: epoch: [1/20], global_step: 360, lr: 0.000016, acc: 0.000000, norm_edit_dis: 0.054712, CTCLoss: 210.098000, NRTRLoss: 3.873098, loss: 213.917534, avg_reader_cost: 0.00389 s, avg_batch_cost: 0.57047 s, avg_samples: 85.3, ips: 149.52639 samples/s, eta: 3:33:46, max_mem_reserved: 19535 MB, max_mem_allocated: 13847 MB
[2025/10/31 10:04:13] ppocr INFO: epoch: [1/20], global_step: 370, lr: 0.000017, acc: 0.000000, norm_edit_dis: 0.060417, CTCLoss: 205.563797, NRTRLoss: 3.598561, loss: 209.327553, avg_reader_cost: 0.00295 s, avg_batch_cost: 0.59445 s, avg_samples: 89.5, ips: 150.55897 samples/s, eta: 3:33:37, max_mem_reserved: 19535 MB, max_mem_allocated: 13847 MB
[2025/10/31 10:04:19] ppocr INFO: epoch: [1/20], global_step: 380, lr: 0.000017, acc: 0.000000, norm_edit_dis: 0.069392, CTCLoss: 200.660774, NRTRLoss: 3.169848, loss: 203.902229, avg_reader_cost: 0.00294 s, avg_batch_cost: 0.61364 s, avg_samples: 87.2, ips: 142.10174 samples/s, eta: 3:33:38, max_mem_reserved: 19535 MB, max_mem_allocated: 13847 MB
[2025/10/31 10:04:25] ppocr INFO: epoch: [1/20], global_step: 390, lr: 0.000017, acc: 0.000000, norm_edit_dis: 0.073390, CTCLoss: 194.475815, NRTRLoss: 2.893464, loss: 197.366623, avg_reader_cost: 0.00298 s, avg_batch_cost: 0.60422 s, avg_samples: 98.0, ips: 162.19180 samples/s, eta: 3:33:34, max_mem_reserved: 19535 MB, max_mem_allocated: 13847 MB
[2025/10/31 10:04:31] ppocr INFO: epoch: [1/20], global_step: 400, lr: 0.000018, acc: 0.000000, norm_edit_dis: 0.078692, CTCLoss: 188.995232, NRTRLoss: 2.519912, loss: 191.574608, avg_reader_cost: 0.00375 s, avg_batch_cost: 0.60419 s, avg_samples: 95.8, ips: 158.55956 samples/s, eta: 3:33:30, max_mem_reserved: 19535 MB, max_mem_allocated: 13847 MB
[2025/10/31 10:05:01] ppocr INFO: cur metric, acc: 0.0, norm_edit_dis: 0.09420291021192062, fps: 739.3496852562324
[2025/10/31 10:05:04] ppocr INFO: save best model is to ./output/best_accuracy
[2025/10/31 10:05:04] ppocr INFO: best metric, acc: 0.0, is_float16: False, norm_edit_dis: 0.09420291021192062, fps: 739.3496852562324, best_epoch: 1
[2025/10/31 10:05:10] ppocr INFO: epoch: [1/20], global_step: 410, lr: 0.000018, acc: 0.000000, norm_edit_dis: 0.085308, CTCLoss: 182.684509, NRTRLoss: 2.319565, loss: 184.953033, avg_reader_cost: 0.00311 s, avg_batch_cost: 0.58220 s, avg_samples: 98.0, ips: 168.32564 samples/s, eta: 3:33:14, max_mem_reserved: 19535 MB, max_mem_allocated: 13847 MB
[2025/10/31 10:05:15] ppocr INFO: epoch: [1/20], global_step: 420, lr: 0.000019, acc: 0.000000, norm_edit_dis: 0.092702, CTCLoss: 179.660599, NRTRLoss: 2.154799, loss: 181.829285, avg_reader_cost: 0.00306 s, avg_batch_cost: 0.58499 s, avg_samples: 93.8, ips: 160.34467 samples/s, eta: 3:33:00, max_mem_reserved: 19535 MB, max_mem_allocated: 13847 MB
[2025/10/31 10:05:21] ppocr INFO: epoch: [1/20], global_step: 430, lr: 0.000019, acc: 0.000000, norm_edit_dis: 0.104158, CTCLoss: 174.076447, NRTRLoss: 2.057421, loss: 176.118874, avg_reader_cost: 0.00348 s, avg_batch_cost: 0.58857 s, avg_samples: 91.7, ips: 155.80134 samples/s, eta: 3:32:49, max_mem_reserved: 19535 MB, max_mem_allocated: 13847 MB
[2025/10/31 10:05:27] ppocr INFO: epoch: [1/20], global_step: 440, lr: 0.000020, acc: 0.000000, norm_edit_dis: 0.106969, CTCLoss: 170.871635, NRTRLoss: 1.955765, loss: 172.808884, avg_reader_cost: 0.00297 s, avg_batch_cost: 0.55456 s, avg_samples: 81.0, ips: 146.06090 samples/s, eta: 3:32:21, max_mem_reserved: 19535 MB, max_mem_allocated: 13847 MB
[2025/10/31 10:05:33] ppocr INFO: epoch: [1/20], global_step: 450, lr: 0.000020, acc: 0.000000, norm_edit_dis: 0.126536, CTCLoss: 165.860023, NRTRLoss: 1.858336, loss: 167.754921, avg_reader_cost: 0.00295 s, avg_batch_cost: 0.61002 s, avg_samples: 93.7, ips: 153.60230 samples/s, eta: 3:32:20, max_mem_reserved: 19535 MB, max_mem_allocated: 13847 MB
[2025/10/31 10:06:02] ppocr INFO: cur metric, acc: 0.0, norm_edit_dis: 0.14305070544951282, fps: 751.2976050640596
[2025/10/31 10:06:05] ppocr INFO: save best model is to ./output/best_accuracy
[2025/10/31 10:06:05] ppocr INFO: best metric, acc: 0.0, is_float16: False, norm_edit_dis: 0.14305070544951282, fps: 751.2976050640596, best_epoch: 1
[2025/10/31 10:06:11] ppocr INFO: epoch: [1/20], global_step: 460, lr: 0.000021, acc: 0.000000, norm_edit_dis: 0.138386, CTCLoss: 159.989929, NRTRLoss: 1.799212, loss: 161.796181, avg_reader_cost: 0.00310 s, avg_batch_cost: 0.57241 s, avg_samples: 87.3, ips: 152.51375 samples/s, eta: 3:32:02, max_mem_reserved: 19535 MB, max_mem_allocated: 13847 MB
[2025/10/31 10:06:17] ppocr INFO: epoch: [1/20], global_step: 470, lr: 0.000021, acc: 0.000000, norm_edit_dis: 0.148204, CTCLoss: 153.055840, NRTRLoss: 1.777100, loss: 154.773048, avg_reader_cost: 0.00297 s, avg_batch_cost: 0.61424 s, avg_samples: 95.9, ips: 156.12884 samples/s, eta: 3:32:03, max_mem_reserved: 19535 MB, max_mem_allocated: 13847 MB
[2025/10/31 10:06:23] ppocr INFO: epoch: [1/20], global_step: 480, lr: 0.000022, acc: 0.000000, norm_edit_dis: 0.152367, CTCLoss: 150.274078, NRTRLoss: 1.703866, loss: 151.971672, avg_reader_cost: 0.00330 s, avg_batch_cost: 0.60281 s, avg_samples: 91.6, ips: 151.95466 samples/s, eta: 3:31:59, max_mem_reserved: 19535 MB, max_mem_allocated: 13847 MB
[2025/10/31 10:06:29] ppocr INFO: epoch: [1/20], global_step: 490, lr: 0.000022, acc: 0.000000, norm_edit_dis: 0.165325, CTCLoss: 147.162033, NRTRLoss: 1.684370, loss: 148.817467, avg_reader_cost: 0.00295 s, avg_batch_cost: 0.59520 s, avg_samples: 98.0, ips: 164.65021 samples/s, eta: 3:31:51, max_mem_reserved: 19535 MB, max_mem_allocated: 13847 MB
[2025/10/31 10:06:36] ppocr INFO: epoch: [1/20], global_step: 500, lr: 0.000023, acc: 0.000000, norm_edit_dis: 0.182693, CTCLoss: 145.329391, NRTRLoss: 1.691648, loss: 146.997292, avg_reader_cost: 0.00293 s, avg_batch_cost: 0.63167 s, avg_samples: 98.1, ips: 155.30174 samples/s, eta: 3:31:59, max_mem_reserved: 19535 MB, max_mem_allocated: 13847 MB
[2025/10/31 10:07:04] ppocr INFO: cur metric, acc: 0.0, norm_edit_dis: 0.20901698595520035, fps: 761.893966723959
[2025/10/31 10:07:07] ppocr INFO: save best model is to ./output/best_accuracy
[2025/10/31 10:07:07] ppocr INFO: best metric, acc: 0.0, is_float16: False, norm_edit_dis: 0.20901698595520035, fps: 761.893966723959, best_epoch: 1
[2025/10/31 10:07:13] ppocr INFO: epoch: [1/20], global_step: 510, lr: 0.000023, acc: 0.000000, norm_edit_dis: 0.199180, CTCLoss: 139.855270, NRTRLoss: 1.675080, loss: 141.533646, avg_reader_cost: 0.00319 s, avg_batch_cost: 0.59602 s, avg_samples: 87.4, ips: 146.63965 samples/s, eta: 3:31:52, max_mem_reserved: 19535 MB, max_mem_allocated: 13847 MB
[2025/10/31 10:07:19] ppocr INFO: epoch: [1/20], global_step: 520, lr: 0.000023, acc: 0.000000, norm_edit_dis: 0.241496, CTCLoss: 128.700462, NRTRLoss: 1.606984, loss: 130.305939, avg_reader_cost: 0.00295 s, avg_batch_cost: 0.57302 s, avg_samples: 76.7, ips: 133.85185 samples/s, eta: 3:31:35, max_mem_reserved: 19535 MB, max_mem_allocated: 13847 MB
[2025/10/31 10:07:25] ppocr INFO: epoch: [1/20], global_step: 530, lr: 0.000024, acc: 0.000000, norm_edit_dis: 0.261874, CTCLoss: 125.747162, NRTRLoss: 1.601138, loss: 127.330044, avg_reader_cost: 0.00299 s, avg_batch_cost: 0.60530 s, avg_samples: 95.8, ips: 158.26880 samples/s, eta: 3:31:32, max_mem_reserved: 19535 MB, max_mem_allocated: 13847 MB
[2025/10/31 10:07:31] ppocr INFO: epoch: [1/20], global_step: 540, lr: 0.000024, acc: 0.000000, norm_edit_dis: 0.292363, CTCLoss: 123.546898, NRTRLoss: 1.608030, loss: 125.165379, avg_reader_cost: 0.00299 s, avg_batch_cost: 0.62571 s, avg_samples: 102.3, ips: 163.49498 samples/s, eta: 3:31:36, max_mem_reserved: 19535 MB, max_mem_allocated: 13847 MB
[2025/10/31 10:07:37] ppocr INFO: epoch: [1/20], global_step: 550, lr: 0.000025, acc: 0.000000, norm_edit_dis: 0.310844, CTCLoss: 120.729065, NRTRLoss: 1.620254, loss: 122.295296, avg_reader_cost: 0.00301 s, avg_batch_cost: 0.60280 s, avg_samples: 93.8, ips: 155.60626 samples/s, eta: 3:31:31, max_mem_reserved: 19535 MB, max_mem_allocated: 13847 MB
[2025/10/31 10:08:06] ppocr INFO: cur metric, acc: 9.99999999e-05, norm_edit_dis: 0.3722391764442995, fps: 762.0569649892545
[2025/10/31 10:08:09] ppocr INFO: save best model is to ./output/best_accuracy
[2025/10/31 10:08:09] ppocr INFO: best metric, acc: 9.99999999e-05, is_float16: False, norm_edit_dis: 0.3722391764442995, fps: 762.0569649892545, best_epoch: 1
[2025/10/31 10:08:15] ppocr INFO: epoch: [1/20], global_step: 560, lr: 0.000025, acc: 0.000000, norm_edit_dis: 0.347872, CTCLoss: 113.556278, NRTRLoss: 1.604487, loss: 115.151642, avg_reader_cost: 0.00491 s, avg_batch_cost: 0.64493 s, avg_samples: 93.8, ips: 145.44122 samples/s, eta: 3:31:43, max_mem_reserved: 19535 MB, max_mem_allocated: 13847 MB
[2025/10/31 10:08:21] ppocr INFO: epoch: [1/20], global_step: 570, lr: 0.000026, acc: 0.000000, norm_edit_dis: 0.387679, CTCLoss: 107.575954, NRTRLoss: 1.569567, loss: 109.114574, avg_reader_cost: 0.00338 s, avg_batch_cost: 0.62020 s, avg_samples: 95.9, ips: 154.62845 samples/s, eta: 3:31:44, max_mem_reserved: 19535 MB, max_mem_allocated: 13847 MB
[2025/10/31 10:08:27] ppocr INFO: epoch: [1/20], global_step: 580, lr: 0.000026, acc: 0.000000, norm_edit_dis: 0.444810, CTCLoss: 99.634930, NRTRLoss: 1.545442, loss: 101.196091, avg_reader_cost: 0.00296 s, avg_batch_cost: 0.56828 s, avg_samples: 74.5, ips: 131.09735 samples/s, eta: 3:31:26, max_mem_reserved: 19535 MB, max_mem_allocated: 13847 MB
[2025/10/31 10:08:33] ppocr INFO: epoch: [1/20], global_step: 590, lr: 0.000027, acc: 0.000000, norm_edit_dis: 0.481040, CTCLoss: 96.280487, NRTRLoss: 1.540645, loss: 97.814560, avg_reader_cost: 0.00297 s, avg_batch_cost: 0.60645 s, avg_samples: 93.8, ips: 154.67034 samples/s, eta: 3:31:22, max_mem_reserved: 19535 MB, max_mem_allocated: 13847 MB
[2025/10/31 10:08:39] ppocr INFO: epoch: [1/20], global_step: 600, lr: 0.000027, acc: 0.000000, norm_edit_dis: 0.508122, CTCLoss: 95.190910, NRTRLoss: 1.557256, loss: 96.726307, avg_reader_cost: 0.00345 s, avg_batch_cost: 0.62473 s, avg_samples: 100.2, ips: 160.39009 samples/s, eta: 3:31:25, max_mem_reserved: 19535 MB, max_mem_allocated: 13847 MB
[2025/10/31 10:09:09] ppocr INFO: cur metric, acc: 0.005999999994, norm_edit_dis: 0.5751047039767576, fps: 750.3029481888608
[2025/10/31 10:09:12] ppocr INFO: save best model is to ./output/best_accuracy
[2025/10/31 10:09:12] ppocr INFO: best metric, acc: 0.005999999994, is_float16: False, norm_edit_dis: 0.5751047039767576, fps: 750.3029481888608, best_epoch: 1
[2025/10/31 10:09:18] ppocr INFO: epoch: [1/20], global_step: 610, lr: 0.000028, acc: 0.007812, norm_edit_dis: 0.561542, CTCLoss: 88.014744, NRTRLoss: 1.535112, loss: 89.536541, avg_reader_cost: 0.00303 s, avg_batch_cost: 0.61994 s, avg_samples: 91.6, ips: 147.75732 samples/s, eta: 3:31:26, max_mem_reserved: 19535 MB, max_mem_allocated: 13847 MB
[2025/10/31 10:09:24] ppocr INFO: epoch: [1/20], global_step: 620, lr: 0.000028, acc: 0.009789, norm_edit_dis: 0.585456, CTCLoss: 82.691177, NRTRLoss: 1.524933, loss: 84.204391, avg_reader_cost: 0.00301 s, avg_batch_cost: 0.57424 s, avg_samples: 89.4, ips: 155.68469 samples/s, eta: 3:31:11, max_mem_reserved: 19535 MB, max_mem_allocated: 13847 MB
[2025/10/31 10:09:29] ppocr INFO: epoch: [1/20], global_step: 630, lr: 0.000029, acc: 0.015625, norm_edit_dis: 0.643863, CTCLoss: 77.784157, NRTRLoss: 1.510715, loss: 79.288681, avg_reader_cost: 0.00315 s, avg_batch_cost: 0.56075 s, avg_samples: 78.8, ips: 140.52693 samples/s, eta: 3:30:51, max_mem_reserved: 19535 MB, max_mem_allocated: 13847 MB
[2025/10/31 10:09:35] ppocr INFO: epoch: [1/20], global_step: 640, lr: 0.000029, acc: 0.023483, norm_edit_dis: 0.660469, CTCLoss: 74.916458, NRTRLoss: 1.510715, loss: 76.414104, avg_reader_cost: 0.00296 s, avg_batch_cost: 0.60966 s, avg_samples: 95.9, ips: 157.30047 samples/s, eta: 3:30:49, max_mem_reserved: 19535 MB, max_mem_allocated: 13847 MB
[2025/10/31 10:09:42] ppocr INFO: epoch: [1/20], global_step: 650, lr: 0.000029, acc: 0.031250, norm_edit_dis: 0.677131, CTCLoss: 71.197227, NRTRLoss: 1.519656, loss: 72.693367, avg_reader_cost: 0.00300 s, avg_batch_cost: 0.62923 s, avg_samples: 95.9, ips: 152.40916 samples/s, eta: 3:30:52, max_mem_reserved: 19535 MB, max_mem_allocated: 13847 MB
[2025/10/31 10:10:12] ppocr INFO: cur metric, acc: 0.0632999999367, norm_edit_dis: 0.7378362692238782, fps: 726.0989288116449
[2025/10/31 10:10:15] ppocr INFO: save best model is to ./output/best_accuracy
[2025/10/31 10:10:15] ppocr INFO: best metric, acc: 0.0632999999367, is_float16: False, norm_edit_dis: 0.7378362692238782, fps: 726.0989288116449, best_epoch: 1
[2025/10/31 10:10:21] ppocr INFO: epoch: [1/20], global_step: 660, lr: 0.000030, acc: 0.046875, norm_edit_dis: 0.703133, CTCLoss: 66.660927, NRTRLoss: 1.517688, loss: 68.154942, avg_reader_cost: 0.00300 s, avg_batch_cost: 0.59502 s, avg_samples: 93.8, ips: 157.64132 samples/s, eta: 3:30:44, max_mem_reserved: 19535 MB, max_mem_allocated: 13847 MB
[2025/10/31 10:10:27] ppocr INFO: epoch: [1/20], global_step: 670, lr: 0.000030, acc: 0.070312, norm_edit_dis: 0.740563, CTCLoss: 64.327332, NRTRLoss: 1.512652, loss: 65.811760, avg_reader_cost: 0.00303 s, avg_batch_cost: 0.56801 s, avg_samples: 87.3, ips: 153.69568 samples/s, eta: 3:30:28, max_mem_reserved: 19535 MB, max_mem_allocated: 13847 MB
[2025/10/31 10:10:33] ppocr INFO: epoch: [1/20], global_step: 680, lr: 0.000031, acc: 0.082353, norm_edit_dis: 0.764358, CTCLoss: 60.823292, NRTRLoss: 1.507073, loss: 62.317673, avg_reader_cost: 0.00288 s, avg_batch_cost: 0.61626 s, avg_samples: 93.7, ips: 152.04577 samples/s, eta: 3:30:27, max_mem_reserved: 19535 MB, max_mem_allocated: 13847 MB
[2025/10/31 10:10:39] ppocr INFO: epoch: [1/20], global_step: 690, lr: 0.000031, acc: 0.115441, norm_edit_dis: 0.780958, CTCLoss: 55.884138, NRTRLoss: 1.490462, loss: 57.364830, avg_reader_cost: 0.00291 s, avg_batch_cost: 0.59460 s, avg_samples: 87.3, ips: 146.82074 samples/s, eta: 3:30:19, max_mem_reserved: 19535 MB, max_mem_allocated: 13847 MB
[2025/10/31 10:10:45] ppocr INFO: epoch: [1/20], global_step: 700, lr: 0.000032, acc: 0.109375, norm_edit_dis: 0.785540, CTCLoss: 57.707457, NRTRLoss: 1.498566, loss: 59.208511, avg_reader_cost: 0.00300 s, avg_batch_cost: 0.63944 s, avg_samples: 106.6, ips: 166.70950 samples/s, eta: 3:30:25, max_mem_reserved: 19535 MB, max_mem_allocated: 13912 MB
[2025/10/31 10:11:15] ppocr INFO: cur metric, acc: 0.15439999984560002, norm_edit_dis: 0.8105881901295326, fps: 743.1631333746302
[2025/10/31 10:11:18] ppocr INFO: save best model is to ./output/best_accuracy
[2025/10/31 10:11:18] ppocr INFO: best metric, acc: 0.15439999984560002, is_float16: False, norm_edit_dis: 0.8105881901295326, fps: 743.1631333746302, best_epoch: 1
[2025/10/31 10:11:25] ppocr INFO: epoch: [1/20], global_step: 710, lr: 0.000032, acc: 0.109375, norm_edit_dis: 0.725092, CTCLoss: 73.655376, NRTRLoss: 1.551623, loss: 75.284767, avg_reader_cost: 0.00317 s, avg_batch_cost: 0.66399 s, avg_samples: 100.2, ips: 150.90576 samples/s, eta: 3:30:38, max_mem_reserved: 19535 MB, max_mem_allocated: 13912 MB
[2025/10/31 10:11:31] ppocr INFO: epoch: [1/20], global_step: 720, lr: 0.000033, acc: 0.152344, norm_edit_dis: 0.816185, CTCLoss: 53.724861, NRTRLoss: 1.492386, loss: 55.210403, avg_reader_cost: 0.00291 s, avg_batch_cost: 0.63310 s, avg_samples: 98.0, ips: 154.79422 samples/s, eta: 3:30:41, max_mem_reserved: 19535 MB, max_mem_allocated: 13912 MB
[2025/10/31 10:11:37] ppocr INFO: epoch: [1/20], global_step: 730, lr: 0.000033, acc: 0.168290, norm_edit_dis: 0.828236, CTCLoss: 50.750980, NRTRLoss: 1.497351, loss: 52.237303, avg_reader_cost: 0.00305 s, avg_batch_cost: 0.60368 s, avg_samples: 95.9, ips: 158.85923 samples/s, eta: 3:30:36, max_mem_reserved: 19535 MB, max_mem_allocated: 13912 MB
[2025/10/31 10:11:43] ppocr INFO: epoch: [1/20], global_step: 740, lr: 0.000034, acc: 0.207031, norm_edit_dis: 0.836107, CTCLoss: 50.408211, NRTRLoss: 1.489294, loss: 51.897213, avg_reader_cost: 0.00294 s, avg_batch_cost: 0.62748 s, avg_samples: 93.8, ips: 149.48693 samples/s, eta: 3:30:37, max_mem_reserved: 19535 MB, max_mem_allocated: 13912 MB
[2025/10/31 10:11:50] ppocr INFO: epoch: [1/20], global_step: 750, lr: 0.000034, acc: 0.242187, norm_edit_dis: 0.840750, CTCLoss: 45.315908, NRTRLoss: 1.473471, loss: 46.770905, avg_reader_cost: 0.00298 s, avg_batch_cost: 0.64495 s, avg_samples: 93.7, ips: 145.28172 samples/s, eta: 3:30:43, max_mem_reserved: 19535 MB, max_mem_allocated: 13912 MB
[2025/10/31 10:12:19] ppocr INFO: cur metric, acc: 0.2948999997051, norm_edit_dis: 0.8714792677816137, fps: 740.3753851252808
[2025/10/31 10:12:22] ppocr INFO: save best model is to ./output/best_accuracy
[2025/10/31 10:12:22] ppocr INFO: best metric, acc: 0.2948999997051, is_float16: False, norm_edit_dis: 0.8714792677816137, fps: 740.3753851252808, best_epoch: 1
[2025/10/31 10:12:28] ppocr INFO: epoch: [1/20], global_step: 760, lr: 0.000035, acc: 0.270588, norm_edit_dis: 0.852168, CTCLoss: 41.177832, NRTRLoss: 1.459556, loss: 42.647966, avg_reader_cost: 0.00342 s, avg_batch_cost: 0.59201 s, avg_samples: 83.1, ips: 140.36821 samples/s, eta: 3:30:34, max_mem_reserved: 19535 MB, max_mem_allocated: 13912 MB
[2025/10/31 10:12:34] ppocr INFO: epoch: [1/20], global_step: 770, lr: 0.000035, acc: 0.289614, norm_edit_dis: 0.863235, CTCLoss: 40.929844, NRTRLoss: 1.459461, loss: 42.392632, avg_reader_cost: 0.00297 s, avg_batch_cost: 0.58573 s, avg_samples: 93.8, ips: 160.14172 samples/s, eta: 3:30:23, max_mem_reserved: 19535 MB, max_mem_allocated: 13912 MB
[2025/10/31 10:12:40] ppocr INFO: epoch: [1/20], global_step: 780, lr: 0.000035, acc: 0.304687, norm_edit_dis: 0.863915, CTCLoss: 41.637983, NRTRLoss: 1.455804, loss: 43.082760, avg_reader_cost: 0.00295 s, avg_batch_cost: 0.62278 s, avg_samples: 89.5, ips: 143.71151 samples/s, eta: 3:30:22, max_mem_reserved: 19535 MB, max_mem_allocated: 13912 MB
[2025/10/31 10:12:46] ppocr INFO: epoch: [1/20], global_step: 790, lr: 0.000036, acc: 0.335937, norm_edit_dis: 0.871204, CTCLoss: 41.550991, NRTRLoss: 1.446934, loss: 43.006655, avg_reader_cost: 0.00334 s, avg_batch_cost: 0.55295 s, avg_samples: 81.0, ips: 146.48622 samples/s, eta: 3:30:03, max_mem_reserved: 19535 MB, max_mem_allocated: 13912 MB
[2025/10/31 10:12:52] ppocr INFO: epoch: [1/20], global_step: 800, lr: 0.000036, acc: 0.369853, norm_edit_dis: 0.880421, CTCLoss: 38.173353, NRTRLoss: 1.446934, loss: 39.611279, avg_reader_cost: 0.00296 s, avg_batch_cost: 0.63439 s, avg_samples: 100.1, ips: 157.78850 samples/s, eta: 3:30:06, max_mem_reserved: 19535 MB, max_mem_allocated: 13912 MB
[2025/10/31 10:13:21] ppocr INFO: cur metric, acc: 0.37339999962660003, norm_edit_dis: 0.8952867657643386, fps: 758.6135647203483
[2025/10/31 10:13:24] ppocr INFO: save best model is to ./output/best_accuracy
[2025/10/31 10:13:24] ppocr INFO: best metric, acc: 0.37339999962660003, is_float16: False, norm_edit_dis: 0.8952867657643386, fps: 758.6135647203483, best_epoch: 1
[2025/10/31 10:13:30] ppocr INFO: epoch: [1/20], global_step: 810, lr: 0.000037, acc: 0.358088, norm_edit_dis: 0.881270, CTCLoss: 36.544046, NRTRLoss: 1.448255, loss: 38.002094, avg_reader_cost: 0.00312 s, avg_batch_cost: 0.61530 s, avg_samples: 87.3, ips: 141.88242 samples/s, eta: 3:30:03, max_mem_reserved: 19535 MB, max_mem_allocated: 13912 MB
[2025/10/31 10:13:36] ppocr INFO: epoch: [1/20], global_step: 820, lr: 0.000037, acc: 0.390625, norm_edit_dis: 0.881270, CTCLoss: 35.838200, NRTRLoss: 1.453927, loss: 37.282557, avg_reader_cost: 0.00295 s, avg_batch_cost: 0.57526 s, avg_samples: 95.9, ips: 166.70731 samples/s, eta: 3:29:50, max_mem_reserved: 19535 MB, max_mem_allocated: 13912 MB
[2025/10/31 10:13:42] ppocr INFO: epoch: [1/20], global_step: 830, lr: 0.000038, acc: 0.390625, norm_edit_dis: 0.888195, CTCLoss: 33.729023, NRTRLoss: 1.455568, loss: 35.177059, avg_reader_cost: 0.00297 s, avg_batch_cost: 0.57737 s, avg_samples: 89.5, ips: 155.01288 samples/s, eta: 3:29:37, max_mem_reserved: 19535 MB, max_mem_allocated: 13912 MB
[2025/10/31 10:13:48] ppocr INFO: epoch: [1/20], global_step: 840, lr: 0.000038, acc: 0.414890, norm_edit_dis: 0.896240, CTCLoss: 31.775189, NRTRLoss: 1.437650, loss: 33.191238, avg_reader_cost: 0.00299 s, avg_batch_cost: 0.62643 s, avg_samples: 102.2, ips: 163.14746 samples/s, eta: 3:29:37, max_mem_reserved: 19535 MB, max_mem_allocated: 13912 MB
[2025/10/31 10:13:54] ppocr INFO: epoch: [1/20], global_step: 850, lr: 0.000039, acc: 0.411765, norm_edit_dis: 0.898922, CTCLoss: 31.847710, NRTRLoss: 1.446805, loss: 33.279287, avg_reader_cost: 0.00298 s, avg_batch_cost: 0.62081 s, avg_samples: 95.9, ips: 154.47557 samples/s, eta: 3:29:36, max_mem_reserved: 19535 MB, max_mem_allocated: 13912 MB
[2025/10/31 10:14:24] ppocr INFO: cur metric, acc: 0.4655999995344, norm_edit_dis: 0.9174194771750543, fps: 743.3147371615863
[2025/10/31 10:14:27] ppocr INFO: save best model is to ./output/best_accuracy
[2025/10/31 10:14:27] ppocr INFO: best metric, acc: 0.4655999995344, is_float16: False, norm_edit_dis: 0.9174194771750543, fps: 743.3147371615863, best_epoch: 1
[2025/10/31 10:14:33] ppocr INFO: epoch: [1/20], global_step: 860, lr: 0.000039, acc: 0.393382, norm_edit_dis: 0.898132, CTCLoss: 32.603830, NRTRLoss: 1.446295, loss: 34.036409, avg_reader_cost: 0.00312 s, avg_batch_cost: 0.62791 s, avg_samples: 98.0, ips: 156.07382 samples/s, eta: 3:29:36, max_mem_reserved: 19535 MB, max_mem_allocated: 13912 MB
[2025/10/31 10:14:39] ppocr INFO: epoch: [1/20], global_step: 870, lr: 0.000040, acc: 0.450092, norm_edit_dis: 0.913439, CTCLoss: 29.574923, NRTRLoss: 1.422085, loss: 30.990502, avg_reader_cost: 0.00291 s, avg_batch_cost: 0.59737 s, avg_samples: 85.2, ips: 142.62552 samples/s, eta: 3:29:29, max_mem_reserved: 19535 MB, max_mem_allocated: 13912 MB
[2025/10/31 10:14:45] ppocr INFO: epoch: [1/20], global_step: 880, lr: 0.000040, acc: 0.453125, norm_edit_dis: 0.914279, CTCLoss: 27.658461, NRTRLoss: 1.413975, loss: 29.068451, avg_reader_cost: 0.00300 s, avg_batch_cost: 0.60401 s, avg_samples: 91.7, ips: 151.81915 samples/s, eta: 3:29:23, max_mem_reserved: 19535 MB, max_mem_allocated: 13912 MB
[2025/10/31 10:14:51] ppocr INFO: epoch: [1/20], global_step: 890, lr: 0.000040, acc: 0.468750, norm_edit_dis: 0.906522, CTCLoss: 27.155454, NRTRLoss: 1.425384, loss: 28.598061, avg_reader_cost: 0.00294 s, avg_batch_cost: 0.59101 s, avg_samples: 93.7, ips: 158.54262 samples/s, eta: 3:29:14, max_mem_reserved: 19535 MB, max_mem_allocated: 13912 MB
[2025/10/31 10:14:57] ppocr INFO: epoch: [1/20], global_step: 900, lr: 0.000041, acc: 0.445312, norm_edit_dis: 0.903987, CTCLoss: 27.665517, NRTRLoss: 1.453677, loss: 29.107498, avg_reader_cost: 0.00289 s, avg_batch_cost: 0.57327 s, avg_samples: 89.6, ips: 156.29605 samples/s, eta: 3:29:01, max_mem_reserved: 19535 MB, max_mem_allocated: 14171 MB
[2025/10/31 10:15:27] ppocr INFO: cur metric, acc: 0.5163999994836, norm_edit_dis: 0.9290776121374028, fps: 742.5933321616294
[2025/10/31 10:15:30] ppocr INFO: save best model is to ./output/best_accuracy
[2025/10/31 10:15:30] ppocr INFO: best metric, acc: 0.5163999994836, is_float16: False, norm_edit_dis: 0.9290776121374028, fps: 742.5933321616294, best_epoch: 1
[2025/10/31 10:15:36] ppocr INFO: epoch: [1/20], global_step: 910, lr: 0.000041, acc: 0.453125, norm_edit_dis: 0.911729, CTCLoss: 27.877683, NRTRLoss: 1.430818, loss: 29.325537, avg_reader_cost: 0.00387 s, avg_batch_cost: 0.61123 s, avg_samples: 83.1, ips: 135.95616 samples/s, eta: 3:28:57, max_mem_reserved: 19535 MB, max_mem_allocated: 14171 MB
[2025/10/31 10:15:42] ppocr INFO: epoch: [1/20], global_step: 920, lr: 0.000042, acc: 0.453125, norm_edit_dis: 0.913634, CTCLoss: 26.594382, NRTRLoss: 1.426460, loss: 28.008380, avg_reader_cost: 0.00314 s, avg_batch_cost: 0.62533 s, avg_samples: 104.4, ips: 166.95247 samples/s, eta: 3:28:56, max_mem_reserved: 19535 MB, max_mem_allocated: 14171 MB
[2025/10/31 10:15:48] ppocr INFO: epoch: [1/20], global_step: 930, lr: 0.000042, acc: 0.429412, norm_edit_dis: 0.907107, CTCLoss: 26.645597, NRTRLoss: 1.429925, loss: 28.066356, avg_reader_cost: 0.00328 s, avg_batch_cost: 0.56118 s, avg_samples: 85.2, ips: 151.82416 samples/s, eta: 3:28:41, max_mem_reserved: 19535 MB, max_mem_allocated: 14171 MB
[2025/10/31 10:15:54] ppocr INFO: epoch: [1/20], global_step: 940, lr: 0.000043, acc: 0.417647, norm_edit_dis: 0.901978, CTCLoss: 26.623015, NRTRLoss: 1.420759, loss: 28.038541, avg_reader_cost: 0.00364 s, avg_batch_cost: 0.65183 s, avg_samples: 106.5, ips: 163.38647 samples/s, eta: 3:28:46, max_mem_reserved: 19535 MB, max_mem_allocated: 14171 MB
[2025/10/31 10:16:00] ppocr INFO: epoch: [1/20], global_step: 950, lr: 0.000043, acc: 0.417647, norm_edit_dis: 0.902289, CTCLoss: 26.602166, NRTRLoss: 1.417158, loss: 28.011450, avg_reader_cost: 0.00327 s, avg_batch_cost: 0.59239 s, avg_samples: 89.5, ips: 151.08404 samples/s, eta: 3:28:38, max_mem_reserved: 19535 MB, max_mem_allocated: 14171 MB
[2025/10/31 10:16:30] ppocr INFO: cur metric, acc: 0.5345999994654, norm_edit_dis: 0.9323496326174003, fps: 741.6506340989287
[2025/10/31 10:16:33] ppocr INFO: save best model is to ./output/best_accuracy
[2025/10/31 10:16:33] ppocr INFO: best metric, acc: 0.5345999994654, is_float16: False, norm_edit_dis: 0.9323496326174003, fps: 741.6506340989287, best_epoch: 1
[2025/10/31 10:16:38] ppocr INFO: epoch: [1/20], global_step: 960, lr: 0.000044, acc: 0.515625, norm_edit_dis: 0.914167, CTCLoss: 22.149151, NRTRLoss: 1.407166, loss: 23.560939, avg_reader_cost: 0.00304 s, avg_batch_cost: 0.53302 s, avg_samples: 74.6, ips: 139.95813 samples/s, eta: 3:28:17, max_mem_reserved: 19535 MB, max_mem_allocated: 14171 MB
[2025/10/31 10:16:45] ppocr INFO: epoch: [1/20], global_step: 970, lr: 0.000044, acc: 0.515625, norm_edit_dis: 0.918947, CTCLoss: 21.896280, NRTRLoss: 1.411168, loss: 23.304169, avg_reader_cost: 0.00298 s, avg_batch_cost: 0.64421 s, avg_samples: 100.2, ips: 155.53953 samples/s, eta: 3:28:20, max_mem_reserved: 19535 MB, max_mem_allocated: 14171 MB
[2025/10/31 10:16:50] ppocr INFO: epoch: [1/20], global_step: 980, lr: 0.000045, acc: 0.523529, norm_edit_dis: 0.925198, CTCLoss: 20.486239, NRTRLoss: 1.404164, loss: 21.891414, avg_reader_cost: 0.00294 s, avg_batch_cost: 0.53894 s, avg_samples: 74.5, ips: 138.23527 samples/s, eta: 3:28:00, max_mem_reserved: 19535 MB, max_mem_allocated: 14171 MB
[2025/10/31 10:16:56] ppocr INFO: epoch: [1/20], global_step: 990, lr: 0.000045, acc: 0.522518, norm_edit_dis: 0.924598, CTCLoss: 19.477557, NRTRLoss: 1.402124, loss: 20.866415, avg_reader_cost: 0.00297 s, avg_batch_cost: 0.57403 s, avg_samples: 85.2, ips: 148.42459 samples/s, eta: 3:27:48, max_mem_reserved: 19535 MB, max_mem_allocated: 14171 MB
[2025/10/31 10:17:02] ppocr INFO: epoch: [1/20], global_step: 1000, lr: 0.000046, acc: 0.495129, norm_edit_dis: 0.917847, CTCLoss: 19.965857, NRTRLoss: 1.409088, loss: 21.375251, avg_reader_cost: 0.00297 s, avg_batch_cost: 0.62742 s, avg_samples: 95.8, ips: 152.68918 samples/s, eta: 3:27:48, max_mem_reserved: 19535 MB, max_mem_allocated: 14171 MB
[2025/10/31 10:17:31] ppocr INFO: cur metric, acc: 0.5538999994461, norm_edit_dis: 0.9347401911014159, fps: 754.4610255947372
[2025/10/31 10:17:34] ppocr INFO: save best model is to ./output/best_accuracy
[2025/10/31 10:17:34] ppocr INFO: best metric, acc: 0.5538999994461, is_float16: False, norm_edit_dis: 0.9347401911014159, fps: 754.4610255947372, best_epoch: 1
[2025/10/31 10:17:40] ppocr INFO: epoch: [1/20], global_step: 1010, lr: 0.000046, acc: 0.471599, norm_edit_dis: 0.915262, CTCLoss: 21.635830, NRTRLoss: 1.409088, loss: 23.027431, avg_reader_cost: 0.00314 s, avg_batch_cost: 0.62703 s, avg_samples: 98.0, ips: 156.29222 samples/s, eta: 3:27:47, max_mem_reserved: 19535 MB, max_mem_allocated: 14171 MB
[2025/10/31 10:17:47] ppocr INFO: epoch: [1/20], global_step: 1020, lr: 0.000046, acc: 0.394531, norm_edit_dis: 0.867047, CTCLoss: 27.135387, NRTRLoss: 1.430186, loss: 28.594588, avg_reader_cost: 0.00305 s, avg_batch_cost: 0.67239 s, avg_samples: 106.6, ips: 158.53946 samples/s, eta: 3:27:55, max_mem_reserved: 19535 MB, max_mem_allocated: 14171 MB
[2025/10/31 10:17:53] ppocr INFO: epoch: [1/20], global_step: 1030, lr: 0.000047, acc: 0.398437, norm_edit_dis: 0.860279, CTCLoss: 27.135387, NRTRLoss: 1.430186, loss: 28.594588, avg_reader_cost: 0.00293 s, avg_batch_cost: 0.59980 s, avg_samples: 98.0, ips: 163.38803 samples/s, eta: 3:27:49, max_mem_reserved: 19535 MB, max_mem_allocated: 14171 MB
[2025/10/31 10:17:59] ppocr INFO: epoch: [1/20], global_step: 1040, lr: 0.000047, acc: 0.505882, norm_edit_dis: 0.921430, CTCLoss: 18.691540, NRTRLoss: 1.396575, loss: 20.083369, avg_reader_cost: 0.00294 s, avg_batch_cost: 0.57266 s, avg_samples: 89.4, ips: 156.11364 samples/s, eta: 3:27:37, max_mem_reserved: 19535 MB, max_mem_allocated: 14171 MB
[2025/10/31 10:18:05] ppocr INFO: epoch: [1/20], global_step: 1050, lr: 0.000048, acc: 0.505882, norm_edit_dis: 0.916830, CTCLoss: 18.691540, NRTRLoss: 1.396575, loss: 20.083369, avg_reader_cost: 0.00301 s, avg_batch_cost: 0.61221 s, avg_samples: 97.9, ips: 159.91233 samples/s, eta: 3:27:33, max_mem_reserved: 19535 MB, max_mem_allocated: 14171 MB
[2025/10/31 10:18:34] ppocr INFO: cur metric, acc: 0.5475999994524, norm_edit_dis: 0.9284195183341054, fps: 757.0958284426063
[2025/10/31 10:18:34] ppocr INFO: best metric, acc: 0.5538999994461, is_float16: False, norm_edit_dis: 0.9347401911014159, fps: 754.4610255947372, best_epoch: 1
[2025/10/31 10:18:40] ppocr INFO: epoch: [1/20], global_step: 1060, lr: 0.000048, acc: 0.502941, norm_edit_dis: 0.909669, CTCLoss: 18.577898, NRTRLoss: 1.401779, loss: 19.995277, avg_reader_cost: 0.00288 s, avg_batch_cost: 0.55684 s, avg_samples: 78.9, ips: 141.69126 samples/s, eta: 3:27:18, max_mem_reserved: 19535 MB, max_mem_allocated: 14171 MB
[2025/10/31 10:18:46] ppocr INFO: epoch: [1/20], global_step: 1070, lr: 0.000049, acc: 0.502941, norm_edit_dis: 0.913394, CTCLoss: 18.577898, NRTRLoss: 1.396960, loss: 19.995277, avg_reader_cost: 0.00292 s, avg_batch_cost: 0.59871 s, avg_samples: 95.9, ips: 160.17896 samples/s, eta: 3:27:11, max_mem_reserved: 19535 MB, max_mem_allocated: 14171 MB
[2025/10/31 10:18:52] ppocr INFO: epoch: [1/20], global_step: 1080, lr: 0.000049, acc: 0.469669, norm_edit_dis: 0.894812, CTCLoss: 19.269962, NRTRLoss: 1.406501, loss: 20.664526, avg_reader_cost: 0.00287 s, avg_batch_cost: 0.61534 s, avg_samples: 100.2, ips: 162.83712 samples/s, eta: 3:27:07, max_mem_reserved: 19535 MB, max_mem_allocated: 14171 MB
[2025/10/31 10:18:55] ppocr INFO: epoch: [1/20], global_step: 1086, lr: 0.000050, acc: 0.470588, norm_edit_dis: 0.894812, CTCLoss: 17.943487, NRTRLoss: 1.400805, loss: 19.351556, avg_reader_cost: 0.00170 s, avg_batch_cost: 0.33123 s, avg_samples: 51.1, ips: 154.27235 samples/s, eta: 3:26:58, max_mem_reserved: 19535 MB, max_mem_allocated: 14171 MB
[2025/10/31 10:18:56] ppocr INFO: save model in ./output/latest
[2025/10/31 10:18:57] ppocr INFO: save model in ./output/iter_epoch_1
[2025/10/31 10:19:01] ppocr INFO: epoch: [2/20], global_step: 1090, lr: 0.000050, acc: 0.469669, norm_edit_dis: 0.891334, CTCLoss: 18.492702, NRTRLoss: 1.408688, loss: 19.889111, avg_reader_cost: 0.33354 s, avg_batch_cost: 0.58044 s, avg_samples: 40.5, ips: 69.77411 samples/s, eta: 3:28:00, max_mem_reserved: 19535 MB, max_mem_allocated: 14171 MB
[2025/10/31 10:19:07] ppocr INFO: epoch: [2/20], global_step: 1100, lr: 0.000050, acc: 0.470588, norm_edit_dis: 0.896234, CTCLoss: 18.530632, NRTRLoss: 1.401853, loss: 19.922136, avg_reader_cost: 0.00295 s, avg_batch_cost: 0.63457 s, avg_samples: 102.3, ips: 161.21103 samples/s, eta: 3:28:00, max_mem_reserved: 19535 MB, max_mem_allocated: 14171 MB
[2025/10/31 10:19:37] ppocr INFO: cur metric, acc: 0.5543999994456, norm_edit_dis: 0.927173719057463, fps: 755.0797485727074
[2025/10/31 10:19:40] ppocr INFO: save best model is to ./output/best_accuracy
[2025/10/31 10:19:40] ppocr INFO: best metric, acc: 0.5543999994456, is_float16: False, norm_edit_dis: 0.927173719057463, fps: 755.0797485727074, best_epoch: 2
[2025/10/31 10:19:46] ppocr INFO: epoch: [2/20], global_step: 1110, lr: 0.000051, acc: 0.409099, norm_edit_dis: 0.859005, CTCLoss: 22.731600, NRTRLoss: 1.428604, loss: 24.165027, avg_reader_cost: 0.00298 s, avg_batch_cost: 0.62124 s, avg_samples: 100.2, ips: 161.29127 samples/s, eta: 3:27:56, max_mem_reserved: 19535 MB, max_mem_allocated: 14171 MB
[2025/10/31 10:19:52] ppocr INFO: epoch: [2/20], global_step: 1120, lr: 0.000051, acc: 0.347656, norm_edit_dis: 0.796965, CTCLoss: 28.866421, NRTRLoss: 1.438187, loss: 30.313226, avg_reader_cost: 0.00297 s, avg_batch_cost: 0.62216 s, avg_samples: 110.9, ips: 178.25103 samples/s, eta: 3:27:53, max_mem_reserved: 19535 MB, max_mem_allocated: 14171 MB
[2025/10/31 10:19:58] ppocr INFO: epoch: [2/20], global_step: 1130, lr: 0.000052, acc: 0.441406, norm_edit_dis: 0.850156, CTCLoss: 22.785520, NRTRLoss: 1.412847, loss: 24.192085, avg_reader_cost: 0.00287 s, avg_batch_cost: 0.56933 s, avg_samples: 87.4, ips: 153.51460 samples/s, eta: 3:27:41, max_mem_reserved: 19535 MB, max_mem_allocated: 14171 MB
[2025/10/31 10:20:03] ppocr INFO: epoch: [2/20], global_step: 1140, lr: 0.000052, acc: 0.529412, norm_edit_dis: 0.910199, CTCLoss: 16.560280, NRTRLoss: 1.389667, loss: 17.931323, avg_reader_cost: 0.00295 s, avg_batch_cost: 0.56714 s, avg_samples: 91.6, ips: 161.51091 samples/s, eta: 3:27:28, max_mem_reserved: 19535 MB, max_mem_allocated: 14171 MB
[2025/10/31 10:20:10] ppocr INFO: epoch: [2/20], global_step: 1150, lr: 0.000052, acc: 0.529412, norm_edit_dis: 0.907496, CTCLoss: 16.634909, NRTRLoss: 1.414591, loss: 18.014026, avg_reader_cost: 0.00365 s, avg_batch_cost: 0.65088 s, avg_samples: 102.3, ips: 157.17230 samples/s, eta: 3:27:30, max_mem_reserved: 19535 MB, max_mem_allocated: 14171 MB
[2025/10/31 10:20:40] ppocr INFO: cur metric, acc: 0.5600999994399, norm_edit_dis: 0.923032820228247, fps: 741.8648887443393
[2025/10/31 10:20:43] ppocr INFO: save best model is to ./output/best_accuracy
[2025/10/31 10:20:43] ppocr INFO: best metric, acc: 0.5600999994399, is_float16: False, norm_edit_dis: 0.923032820228247, fps: 741.8648887443393, best_epoch: 2
[2025/10/31 10:20:49] ppocr INFO: epoch: [2/20], global_step: 1160, lr: 0.000053, acc: 0.506801, norm_edit_dis: 0.900062, CTCLoss: 17.603629, NRTRLoss: 1.410257, loss: 19.000596, avg_reader_cost: 0.00307 s, avg_batch_cost: 0.60093 s, avg_samples: 93.8, ips: 156.09248 samples/s, eta: 3:27:23, max_mem_reserved: 19535 MB, max_mem_allocated: 14171 MB
[2025/10/31 10:20:55] ppocr INFO: epoch: [2/20], global_step: 1170, lr: 0.000053, acc: 0.502941, norm_edit_dis: 0.906787, CTCLoss: 16.597972, NRTRLoss: 1.387445, loss: 17.987309, avg_reader_cost: 0.00296 s, avg_batch_cost: 0.57557 s, avg_samples: 80.9, ips: 140.55644 samples/s, eta: 3:27:12, max_mem_reserved: 19535 MB, max_mem_allocated: 14171 MB
[2025/10/31 10:21:01] ppocr INFO: epoch: [2/20], global_step: 1180, lr: 0.000054, acc: 0.510754, norm_edit_dis: 0.911816, CTCLoss: 14.673498, NRTRLoss: 1.385197, loss: 16.045168, avg_reader_cost: 0.00301 s, avg_batch_cost: 0.59555 s, avg_samples: 87.4, ips: 146.75485 samples/s, eta: 3:27:04, max_mem_reserved: 19535 MB, max_mem_allocated: 14171 MB
[2025/10/31 10:21:07] ppocr INFO: epoch: [2/20], global_step: 1190, lr: 0.000054, acc: 0.546875, norm_edit_dis: 0.915881, CTCLoss: 13.271766, NRTRLoss: 1.387146, loss: 14.651013, avg_reader_cost: 0.00330 s, avg_batch_cost: 0.62444 s, avg_samples: 98.0, ips: 156.94149 samples/s, eta: 3:27:02, max_mem_reserved: 19535 MB, max_mem_allocated: 14171 MB
[2025/10/31 10:21:13] ppocr INFO: epoch: [2/20], global_step: 1200, lr: 0.000055, acc: 0.549908, norm_edit_dis: 0.917866, CTCLoss: 13.411067, NRTRLoss: 1.378262, loss: 14.781648, avg_reader_cost: 0.00293 s, avg_batch_cost: 0.58440 s, avg_samples: 87.3, ips: 149.38477 samples/s, eta: 3:26:52, max_mem_reserved: 19535 MB, max_mem_allocated: 14171 MB
[2025/10/31 10:21:42] ppocr INFO: cur metric, acc: 0.5932999994067, norm_edit_dis: 0.9281783802108339, fps: 745.6342801651249
[2025/10/31 10:21:45] ppocr INFO: save best model is to ./output/best_accuracy
[2025/10/31 10:21:45] ppocr INFO: best metric, acc: 0.5932999994067, is_float16: False, norm_edit_dis: 0.9281783802108339, fps: 745.6342801651249, best_epoch: 2
[2025/10/31 10:21:51] ppocr INFO: epoch: [2/20], global_step: 1210, lr: 0.000055, acc: 0.535294, norm_edit_dis: 0.920191, CTCLoss: 13.287321, NRTRLoss: 1.380253, loss: 14.672423, avg_reader_cost: 0.00352 s, avg_batch_cost: 0.62016 s, avg_samples: 93.7, ips: 151.08929 samples/s, eta: 3:26:49, max_mem_reserved: 19535 MB, max_mem_allocated: 14171 MB
[2025/10/31 10:21:58] ppocr INFO: epoch: [2/20], global_step: 1220, lr: 0.000056, acc: 0.477482, norm_edit_dis: 0.896151, CTCLoss: 14.125210, NRTRLoss: 1.400226, loss: 15.512574, avg_reader_cost: 0.00292 s, avg_batch_cost: 0.64239 s, avg_samples: 100.2, ips: 155.98006 samples/s, eta: 3:26:49, max_mem_reserved: 19535 MB, max_mem_allocated: 14171 MB
[2025/10/31 10:22:04] ppocr INFO: epoch: [2/20], global_step: 1230, lr: 0.000056, acc: 0.529412, norm_edit_dis: 0.918357, CTCLoss: 13.451022, NRTRLoss: 1.386720, loss: 14.824523, avg_reader_cost: 0.00345 s, avg_batch_cost: 0.61515 s, avg_samples: 93.7, ips: 152.31963 samples/s, eta: 3:26:44, max_mem_reserved: 19535 MB, max_mem_allocated: 14171 MB
[2025/10/31 10:22:10] ppocr INFO: epoch: [2/20], global_step: 1240, lr: 0.000057, acc: 0.531250, norm_edit_dis: 0.910462, CTCLoss: 13.372702, NRTRLoss: 1.386147, loss: 14.753407, avg_reader_cost: 0.00292 s, avg_batch_cost: 0.61155 s, avg_samples: 102.3, ips: 167.28024 samples/s, eta: 3:26:39, max_mem_reserved: 19535 MB, max_mem_allocated: 14171 MB
[2025/10/31 10:22:16] ppocr INFO: epoch: [2/20], global_step: 1250, lr: 0.000057, acc: 0.546875, norm_edit_dis: 0.902637, CTCLoss: 13.702771, NRTRLoss: 1.389569, loss: 15.074357, avg_reader_cost: 0.00294 s, avg_batch_cost: 0.56058 s, avg_samples: 85.2, ips: 151.98459 samples/s, eta: 3:26:26, max_mem_reserved: 19535 MB, max_mem_allocated: 14171 MB
[2025/10/31 10:22:44] ppocr INFO: cur metric, acc: 0.6035999993964, norm_edit_dis: 0.928273873543263, fps: 755.3930551631632
[2025/10/31 10:22:47] ppocr INFO: save best model is to ./output/best_accuracy
[2025/10/31 10:22:47] ppocr INFO: best metric, acc: 0.6035999993964, is_float16: False, norm_edit_dis: 0.928273873543263, fps: 755.3930551631632, best_epoch: 2
[2025/10/31 10:22:54] ppocr INFO: epoch: [2/20], global_step: 1260, lr: 0.000058, acc: 0.494118, norm_edit_dis: 0.886507, CTCLoss: 14.899955, NRTRLoss: 1.401940, loss: 16.292832, avg_reader_cost: 0.00303 s, avg_batch_cost: 0.61782 s, avg_samples: 113.0, ips: 182.90066 samples/s, eta: 3:26:22, max_mem_reserved: 19535 MB, max_mem_allocated: 14171 MB
[2025/10/31 10:23:00] ppocr INFO: epoch: [2/20], global_step: 1270, lr: 0.000058, acc: 0.359375, norm_edit_dis: 0.804584, CTCLoss: 23.070224, NRTRLoss: 1.422405, loss: 24.490402, avg_reader_cost: 0.00336 s, avg_batch_cost: 0.65669 s, avg_samples: 113.0, ips: 172.07557 samples/s, eta: 3:26:24, max_mem_reserved: 19535 MB, max_mem_allocated: 14171 MB
[2025/10/31 10:23:06] ppocr INFO: epoch: [2/20], global_step: 1280, lr: 0.000058, acc: 0.475643, norm_edit_dis: 0.867837, CTCLoss: 16.266805, NRTRLoss: 1.393521, loss: 17.652988, avg_reader_cost: 0.00313 s, avg_batch_cost: 0.61289 s, avg_samples: 89.5, ips: 146.02881 samples/s, eta: 3:26:19, max_mem_reserved: 19535 MB, max_mem_allocated: 14171 MB
[2025/10/31 10:23:12] ppocr INFO: epoch: [2/20], global_step: 1290, lr: 0.000059, acc: 0.604687, norm_edit_dis: 0.924777, CTCLoss: 11.931918, NRTRLoss: 1.373065, loss: 13.304449, avg_reader_cost: 0.00297 s, avg_batch_cost: 0.56378 s, avg_samples: 76.7, ips: 136.04518 samples/s, eta: 3:26:07, max_mem_reserved: 19535 MB, max_mem_allocated: 14171 MB
[2025/10/31 10:23:17] ppocr INFO: epoch: [2/20], global_step: 1300, lr: 0.000059, acc: 0.590993, norm_edit_dis: 0.921672, CTCLoss: 11.632578, NRTRLoss: 1.377674, loss: 13.016971, avg_reader_cost: 0.00295 s, avg_batch_cost: 0.53720 s, avg_samples: 72.4, ips: 134.77276 samples/s, eta: 3:25:50, max_mem_reserved: 19535 MB, max_mem_allocated: 14171 MB
[2025/10/31 10:23:48] ppocr INFO: cur metric, acc: 0.6178999993821, norm_edit_dis: 0.9339711545843687, fps: 725.8424678475005
[2025/10/31 10:23:51] ppocr INFO: save best model is to ./output/best_accuracy
[2025/10/31 10:23:51] ppocr INFO: best metric, acc: 0.6178999993821, is_float16: False, norm_edit_dis: 0.9339711545843687, fps: 725.8424678475005, best_epoch: 2
[2025/10/31 10:23:56] ppocr INFO: epoch: [2/20], global_step: 1310, lr: 0.000060, acc: 0.588235, norm_edit_dis: 0.917993, CTCLoss: 11.632578, NRTRLoss: 1.380247, loss: 13.016971, avg_reader_cost: 0.00430 s, avg_batch_cost: 0.58497 s, avg_samples: 76.7, ips: 131.11866 samples/s, eta: 3:25:41, max_mem_reserved: 19535 MB, max_mem_allocated: 14171 MB
[2025/10/31 10:24:02] ppocr INFO: epoch: [2/20], global_step: 1320, lr: 0.000060, acc: 0.590993, norm_edit_dis: 0.919831, CTCLoss: 10.382048, NRTRLoss: 1.372518, loss: 11.761645, avg_reader_cost: 0.00290 s, avg_batch_cost: 0.56093 s, avg_samples: 83.0, ips: 147.96965 samples/s, eta: 3:25:28, max_mem_reserved: 19535 MB, max_mem_allocated: 14171 MB
[2025/10/31 10:24:08] ppocr INFO: epoch: [2/20], global_step: 1330, lr: 0.000061, acc: 0.577298, norm_edit_dis: 0.920767, CTCLoss: 11.110556, NRTRLoss: 1.374102, loss: 12.489662, avg_reader_cost: 0.00292 s, avg_batch_cost: 0.63141 s, avg_samples: 93.7, ips: 148.39690 samples/s, eta: 3:25:26, max_mem_reserved: 19535 MB, max_mem_allocated: 14171 MB
[2025/10/31 10:24:15] ppocr INFO: epoch: [2/20], global_step: 1340, lr: 0.000061, acc: 0.563603, norm_edit_dis: 0.905037, CTCLoss: 12.590004, NRTRLoss: 1.383803, loss: 13.965590, avg_reader_cost: 0.00301 s, avg_batch_cost: 0.61631 s, avg_samples: 98.0, ips: 159.01174 samples/s, eta: 3:25:22, max_mem_reserved: 19535 MB, max_mem_allocated: 14171 MB
[2025/10/31 10:24:20] ppocr INFO: epoch: [2/20], global_step: 1350, lr: 0.000062, acc: 0.571415, norm_edit_dis: 0.914312, CTCLoss: 12.079586, NRTRLoss: 1.377751, loss: 13.439152, avg_reader_cost: 0.00293 s, avg_batch_cost: 0.55131 s, avg_samples: 76.7, ips: 139.12241 samples/s, eta: 3:25:08, max_mem_reserved: 19535 MB, max_mem_allocated: 14171 MB
[2025/10/31 10:24:50] ppocr INFO: cur metric, acc: 0.6241999993758001, norm_edit_dis: 0.9353794762453473, fps: 750.5606025437436
[2025/10/31 10:24:53] ppocr INFO: save best model is to ./output/best_accuracy
[2025/10/31 10:24:53] ppocr INFO: best metric, acc: 0.6241999993758001, is_float16: False, norm_edit_dis: 0.9353794762453473, fps: 750.5606025437436, best_epoch: 2
[2025/10/31 10:24:59] ppocr INFO: epoch: [2/20], global_step: 1360, lr: 0.000062, acc: 0.589062, norm_edit_dis: 0.919725, CTCLoss: 10.592319, NRTRLoss: 1.373959, loss: 11.955852, avg_reader_cost: 0.00305 s, avg_batch_cost: 0.58163 s, avg_samples: 89.5, ips: 153.87894 samples/s, eta: 3:24:58, max_mem_reserved: 19535 MB, max_mem_allocated: 14171 MB
[2025/10/31 10:25:05] ppocr INFO: epoch: [2/20], global_step: 1370, lr: 0.000063, acc: 0.516636, norm_edit_dis: 0.913482, CTCLoss: 12.409730, NRTRLoss: 1.379041, loss: 13.777236, avg_reader_cost: 0.00333 s, avg_batch_cost: 0.57230 s, avg_samples: 91.7, ips: 160.23015 samples/s, eta: 3:24:47, max_mem_reserved: 19535 MB, max_mem_allocated: 14171 MB
[2025/10/31 10:25:11] ppocr INFO: epoch: [2/20], global_step: 1380, lr: 0.000063, acc: 0.539062, norm_edit_dis: 0.913817, CTCLoss: 10.671939, NRTRLoss: 1.373431, loss: 12.044570, avg_reader_cost: 0.00294 s, avg_batch_cost: 0.60819 s, avg_samples: 91.7, ips: 150.77648 samples/s, eta: 3:24:42, max_mem_reserved: 19535 MB, max_mem_allocated: 14171 MB
[2025/10/31 10:25:17] ppocr INFO: epoch: [2/20], global_step: 1390, lr: 0.000064, acc: 0.577298, norm_edit_dis: 0.915084, CTCLoss: 11.187759, NRTRLoss: 1.366591, loss: 12.552840, avg_reader_cost: 0.00328 s, avg_batch_cost: 0.60599 s, avg_samples: 91.6, ips: 151.15708 samples/s, eta: 3:24:36, max_mem_reserved: 19535 MB, max_mem_allocated: 14171 MB
[2025/10/31 10:25:23] ppocr INFO: epoch: [2/20], global_step: 1400, lr: 0.000064, acc: 0.558823, norm_edit_dis: 0.915550, CTCLoss: 11.187759, NRTRLoss: 1.373636, loss: 12.552840, avg_reader_cost: 0.00370 s, avg_batch_cost: 0.63795 s, avg_samples: 98.0, ips: 153.61652 samples/s, eta: 3:24:35, max_mem_reserved: 19535 MB, max_mem_allocated: 14171 MB
[2025/10/31 10:25:52] ppocr INFO: cur metric, acc: 0.6261999993738, norm_edit_dis: 0.9350055135286975, fps: 763.114011631751
[2025/10/31 10:25:55] ppocr INFO: save best model is to ./output/best_accuracy
[2025/10/31 10:25:55] ppocr INFO: best metric, acc: 0.6261999993738, is_float16: False, norm_edit_dis: 0.9350055135286975, fps: 763.114011631751, best_epoch: 2
[2025/10/31 10:26:02] ppocr INFO: epoch: [2/20], global_step: 1410, lr: 0.000064, acc: 0.487362, norm_edit_dis: 0.866917, CTCLoss: 15.143600, NRTRLoss: 1.392054, loss: 16.545650, avg_reader_cost: 0.00315 s, avg_batch_cost: 0.65993 s, avg_samples: 108.7, ips: 164.71566 samples/s, eta: 3:24:37, max_mem_reserved: 19535 MB, max_mem_allocated: 14171 MB
[2025/10/31 10:26:07] ppocr INFO: epoch: [2/20], global_step: 1420, lr: 0.000065, acc: 0.494118, norm_edit_dis: 0.902706, CTCLoss: 11.649741, NRTRLoss: 1.377590, loss: 13.024068, avg_reader_cost: 0.00346 s, avg_batch_cost: 0.55165 s, avg_samples: 87.4, ips: 158.43328 samples/s, eta: 3:24:24, max_mem_reserved: 19535 MB, max_mem_allocated: 14171 MB
[2025/10/31 10:26:13] ppocr INFO: epoch: [2/20], global_step: 1430, lr: 0.000065, acc: 0.596875, norm_edit_dis: 0.919620, CTCLoss: 9.567728, NRTRLoss: 1.365470, loss: 10.937695, avg_reader_cost: 0.00298 s, avg_batch_cost: 0.58809 s, avg_samples: 83.0, ips: 141.13534 samples/s, eta: 3:24:15, max_mem_reserved: 19535 MB, max_mem_allocated: 14171 MB
[2025/10/31 10:26:19] ppocr INFO: epoch: [2/20], global_step: 1440, lr: 0.000066, acc: 0.604687, norm_edit_dis: 0.923646, CTCLoss: 9.131738, NRTRLoss: 1.364315, loss: 10.496344, avg_reader_cost: 0.00292 s, avg_batch_cost: 0.54303 s, avg_samples: 83.1, ips: 153.02950 samples/s, eta: 3:24:01, max_mem_reserved: 19535 MB, max_mem_allocated: 14171 MB
[2025/10/31 10:26:24] ppocr INFO: epoch: [2/20], global_step: 1450, lr: 0.000066, acc: 0.583180, norm_edit_dis: 0.915052, CTCLoss: 9.915863, NRTRLoss: 1.371207, loss: 11.299076, avg_reader_cost: 0.00296 s, avg_batch_cost: 0.58664 s, avg_samples: 91.7, ips: 156.31312 samples/s, eta: 3:23:52, max_mem_reserved: 19535 MB, max_mem_allocated: 14171 MB
[2025/10/31 10:26:54] ppocr INFO: cur metric, acc: 0.6400999993599, norm_edit_dis: 0.9352300762059562, fps: 750.968821010334
[2025/10/31 10:26:57] ppocr INFO: save best model is to ./output/best_accuracy
[2025/10/31 10:26:57] ppocr INFO: best metric, acc: 0.6400999993599, is_float16: False, norm_edit_dis: 0.9352300762059562, fps: 750.968821010334, best_epoch: 2
[2025/10/31 10:27:03] ppocr INFO: epoch: [2/20], global_step: 1460, lr: 0.000067, acc: 0.563603, norm_edit_dis: 0.904679, CTCLoss: 12.017783, NRTRLoss: 1.392170, loss: 13.400395, avg_reader_cost: 0.00321 s, avg_batch_cost: 0.62349 s, avg_samples: 87.4, ips: 140.17828 samples/s, eta: 3:23:49, max_mem_reserved: 19535 MB, max_mem_allocated: 14171 MB
[2025/10/31 10:27:09] ppocr INFO: epoch: [2/20], global_step: 1470, lr: 0.000067, acc: 0.569485, norm_edit_dis: 0.911829, CTCLoss: 10.491175, NRTRLoss: 1.386865, loss: 11.861520, avg_reader_cost: 0.00335 s, avg_batch_cost: 0.58779 s, avg_samples: 89.5, ips: 152.26512 samples/s, eta: 3:23:41, max_mem_reserved: 19535 MB, max_mem_allocated: 14171 MB
[2025/10/31 10:27:15] ppocr INFO: epoch: [2/20], global_step: 1480, lr: 0.000068, acc: 0.577298, norm_edit_dis: 0.918170, CTCLoss: 8.327396, NRTRLoss: 1.368576, loss: 9.691408, avg_reader_cost: 0.00380 s, avg_batch_cost: 0.57859 s, avg_samples: 89.5, ips: 154.68514 samples/s, eta: 3:23:31, max_mem_reserved: 19535 MB, max_mem_allocated: 14171 MB
[2025/10/31 10:27:21] ppocr INFO: epoch: [2/20], global_step: 1490, lr: 0.000068, acc: 0.576471, norm_edit_dis: 0.917159, CTCLoss: 8.320890, NRTRLoss: 1.363544, loss: 9.688365, avg_reader_cost: 0.00381 s, avg_batch_cost: 0.60794 s, avg_samples: 93.7, ips: 154.12766 samples/s, eta: 3:23:26, max_mem_reserved: 19535 MB, max_mem_allocated: 14171 MB
[2025/10/31 10:27:26] ppocr INFO: epoch: [2/20], global_step: 1500, lr: 0.000069, acc: 0.596875, norm_edit_dis: 0.917405, CTCLoss: 8.693902, NRTRLoss: 1.365307, loss: 10.050858, avg_reader_cost: 0.00297 s, avg_batch_cost: 0.58583 s, avg_samples: 85.2, ips: 145.43533 samples/s, eta: 3:23:18, max_mem_reserved: 19535 MB, max_mem_allocated: 14171 MB
[2025/10/31 10:27:56] ppocr INFO: cur metric, acc: 0.647999999352, norm_edit_dis: 0.9348345599120086, fps: 758.026108618678
[2025/10/31 10:27:59] ppocr INFO: save best model is to ./output/best_accuracy
[2025/10/31 10:27:59] ppocr INFO: best metric, acc: 0.647999999352, is_float16: False, norm_edit_dis: 0.9348345599120086, fps: 758.026108618678, best_epoch: 2
[2025/10/31 10:28:05] ppocr INFO: epoch: [2/20], global_step: 1510, lr: 0.000069, acc: 0.611765, norm_edit_dis: 0.922165, CTCLoss: 8.535143, NRTRLoss: 1.365512, loss: 9.893505, avg_reader_cost: 0.00357 s, avg_batch_cost: 0.59320 s, avg_samples: 85.1, ips: 143.45885 samples/s, eta: 3:23:10, max_mem_reserved: 19535 MB, max_mem_allocated: 14171 MB
[2025/10/31 10:28:11] ppocr INFO: epoch: [2/20], global_step: 1520, lr: 0.000069, acc: 0.624265, norm_edit_dis: 0.924646, CTCLoss: 8.429297, NRTRLoss: 1.359609, loss: 9.798323, avg_reader_cost: 0.00293 s, avg_batch_cost: 0.61213 s, avg_samples: 87.4, ips: 142.78088 samples/s, eta: 3:23:05, max_mem_reserved: 19535 MB, max_mem_allocated: 14171 MB
[2025/10/31 10:28:17] ppocr INFO: epoch: [2/20], global_step: 1530, lr: 0.000070, acc: 0.598805, norm_edit_dis: 0.927744, CTCLoss: 8.851535, NRTRLoss: 1.366953, loss: 10.211288, avg_reader_cost: 0.00292 s, avg_batch_cost: 0.58146 s, avg_samples: 89.4, ips: 153.75013 samples/s, eta: 3:22:56, max_mem_reserved: 19535 MB, max_mem_allocated: 14171 MB
[2025/10/31 10:28:23] ppocr INFO: epoch: [2/20], global_step: 1540, lr: 0.000070, acc: 0.594118, norm_edit_dis: 0.913221, CTCLoss: 9.547956, NRTRLoss: 1.376711, loss: 10.907419, avg_reader_cost: 0.00302 s, avg_batch_cost: 0.60117 s, avg_samples: 93.8, ips: 156.02890 samples/s, eta: 3:22:50, max_mem_reserved: 19535 MB, max_mem_allocated: 14171 MB
[2025/10/31 10:28:29] ppocr INFO: epoch: [2/20], global_step: 1550, lr: 0.000071, acc: 0.600000, norm_edit_dis: 0.922132, CTCLoss: 9.547956, NRTRLoss: 1.368435, loss: 10.907419, avg_reader_cost: 0.00288 s, avg_batch_cost: 0.61515 s, avg_samples: 95.9, ips: 155.89743 samples/s, eta: 3:22:46, max_mem_reserved: 19535 MB, max_mem_allocated: 14171 MB
[2025/10/31 10:28:58] ppocr INFO: cur metric, acc: 0.6676999993323001, norm_edit_dis: 0.9399538984196918, fps: 759.2576880628162
[2025/10/31 10:29:01] ppocr INFO: save best model is to ./output/best_accuracy
[2025/10/31 10:29:01] ppocr INFO: best metric, acc: 0.6676999993323001, is_float16: False, norm_edit_dis: 0.9399538984196918, fps: 759.2576880628162, best_epoch: 2
[2025/10/31 10:29:07] ppocr INFO: epoch: [2/20], global_step: 1560, lr: 0.000071, acc: 0.565625, norm_edit_dis: 0.907636, CTCLoss: 9.350299, NRTRLoss: 1.377378, loss: 10.708352, avg_reader_cost: 0.00299 s, avg_batch_cost: 0.61974 s, avg_samples: 100.2, ips: 161.68110 samples/s, eta: 3:22:42, max_mem_reserved: 19535 MB, max_mem_allocated: 14171 MB
[2025/10/31 10:29:13] ppocr INFO: epoch: [2/20], global_step: 1570, lr: 0.000072, acc: 0.546875, norm_edit_dis: 0.905806, CTCLoss: 9.736874, NRTRLoss: 1.371181, loss: 11.087240, avg_reader_cost: 0.00295 s, avg_batch_cost: 0.60195 s, avg_samples: 89.5, ips: 148.68263 samples/s, eta: 3:22:36, max_mem_reserved: 19535 MB, max_mem_allocated: 14171 MB
[2025/10/31 10:29:19] ppocr INFO: epoch: [2/20], global_step: 1580, lr: 0.000072, acc: 0.630147, norm_edit_dis: 0.923684, CTCLoss: 8.599787, NRTRLoss: 1.368104, loss: 9.964832, avg_reader_cost: 0.00291 s, avg_batch_cost: 0.54853 s, avg_samples: 81.0, ips: 147.66655 samples/s, eta: 3:22:23, max_mem_reserved: 19535 MB, max_mem_allocated: 14171 MB
[2025/10/31 10:29:25] ppocr INFO: epoch: [2/20], global_step: 1590, lr: 0.000073, acc: 0.652941, norm_edit_dis: 0.933645, CTCLoss: 8.104528, NRTRLoss: 1.370501, loss: 9.466857, avg_reader_cost: 0.00338 s, avg_batch_cost: 0.64060 s, avg_samples: 98.1, ips: 153.13801 samples/s, eta: 3:22:21, max_mem_reserved: 19535 MB, max_mem_allocated: 14171 MB
[2025/10/31 10:29:31] ppocr INFO: epoch: [2/20], global_step: 1600, lr: 0.000073, acc: 0.658823, norm_edit_dis: 0.928156, CTCLoss: 7.766832, NRTRLoss: 1.363838, loss: 9.128860, avg_reader_cost: 0.00297 s, avg_batch_cost: 0.58036 s, avg_samples: 81.0, ips: 139.56887 samples/s, eta: 3:22:12, max_mem_reserved: 19535 MB, max_mem_allocated: 14171 MB
[2025/10/31 10:30:01] ppocr INFO: cur metric, acc: 0.6790999993209, norm_edit_dis: 0.9413485398552641, fps: 708.4839653524087
[2025/10/31 10:30:04] ppocr INFO: save best model is to ./output/best_accuracy
[2025/10/31 10:30:04] ppocr INFO: best metric, acc: 0.6790999993209, is_float16: False, norm_edit_dis: 0.9413485398552641, fps: 708.4839653524087, best_epoch: 2
[2025/10/31 10:30:11] ppocr INFO: epoch: [2/20], global_step: 1610, lr: 0.000074, acc: 0.651654, norm_edit_dis: 0.929294, CTCLoss: 7.751708, NRTRLoss: 1.359636, loss: 9.118699, avg_reader_cost: 0.00420 s, avg_batch_cost: 0.63214 s, avg_samples: 89.5, ips: 141.58211 samples/s, eta: 3:22:10, max_mem_reserved: 19535 MB, max_mem_allocated: 14171 MB
[2025/10/31 10:30:17] ppocr INFO: epoch: [2/20], global_step: 1620, lr: 0.000074, acc: 0.618382, norm_edit_dis: 0.922763, CTCLoss: 7.842750, NRTRLoss: 1.364607, loss: 9.205317, avg_reader_cost: 0.00301 s, avg_batch_cost: 0.62601 s, avg_samples: 93.8, ips: 149.83772 samples/s, eta: 3:22:07, max_mem_reserved: 19535 MB, max_mem_allocated: 14171 MB
[2025/10/31 10:30:23] ppocr INFO: epoch: [2/20], global_step: 1630, lr: 0.000075, acc: 0.604687, norm_edit_dis: 0.919201, CTCLoss: 8.264446, NRTRLoss: 1.364607, loss: 9.629500, avg_reader_cost: 0.00304 s, avg_batch_cost: 0.61501 s, avg_samples: 93.7, ips: 152.35568 samples/s, eta: 3:22:02, max_mem_reserved: 19535 MB, max_mem_allocated: 14171 MB
[2025/10/31 10:30:29] ppocr INFO: epoch: [2/20], global_step: 1640, lr: 0.000075, acc: 0.590993, norm_edit_dis: 0.919936, CTCLoss: 8.382152, NRTRLoss: 1.365083, loss: 9.738814, avg_reader_cost: 0.00296 s, avg_batch_cost: 0.63234 s, avg_samples: 102.3, ips: 161.78009 samples/s, eta: 3:22:00, max_mem_reserved: 19535 MB, max_mem_allocated: 14171 MB
[2025/10/31 10:30:35] ppocr INFO: epoch: [2/20], global_step: 1650, lr: 0.000075, acc: 0.609375, norm_edit_dis: 0.928498, CTCLoss: 7.806859, NRTRLoss: 1.357434, loss: 9.157245, avg_reader_cost: 0.00293 s, avg_batch_cost: 0.56619 s, avg_samples: 83.1, ips: 146.77023 samples/s, eta: 3:21:49, max_mem_reserved: 19535 MB, max_mem_allocated: 14171 MB
[2025/10/31 10:31:06] ppocr INFO: cur metric, acc: 0.6875999993124, norm_edit_dis: 0.943600843942859, fps: 721.9957393977774
[2025/10/31 10:31:09] ppocr INFO: save best model is to ./output/best_accuracy
[2025/10/31 10:31:09] ppocr INFO: best metric, acc: 0.6875999993124, is_float16: False, norm_edit_dis: 0.943600843942859, fps: 721.9957393977774, best_epoch: 2
[2025/10/31 10:31:15] ppocr INFO: epoch: [2/20], global_step: 1660, lr: 0.000076, acc: 0.622334, norm_edit_dis: 0.931318, CTCLoss: 7.532942, NRTRLoss: 1.355445, loss: 8.890845, avg_reader_cost: 0.00308 s, avg_batch_cost: 0.59453 s, avg_samples: 89.5, ips: 150.53925 samples/s, eta: 3:21:42, max_mem_reserved: 19535 MB, max_mem_allocated: 14171 MB
[2025/10/31 10:31:21] ppocr INFO: epoch: [2/20], global_step: 1670, lr: 0.000076, acc: 0.626195, norm_edit_dis: 0.930871, CTCLoss: 7.224168, NRTRLoss: 1.356281, loss: 8.573165, avg_reader_cost: 0.00294 s, avg_batch_cost: 0.60816 s, avg_samples: 87.3, ips: 143.54880 samples/s, eta: 3:21:37, max_mem_reserved: 19535 MB, max_mem_allocated: 14171 MB
[2025/10/31 10:31:27] ppocr INFO: epoch: [2/20], global_step: 1680, lr: 0.000077, acc: 0.605882, norm_edit_dis: 0.928505, CTCLoss: 7.510272, NRTRLoss: 1.361440, loss: 8.868490, avg_reader_cost: 0.00316 s, avg_batch_cost: 0.60908 s, avg_samples: 91.6, ips: 150.39002 samples/s, eta: 3:21:31, max_mem_reserved: 19535 MB, max_mem_allocated: 14171 MB
[2025/10/31 10:31:32] ppocr INFO: epoch: [2/20], global_step: 1690, lr: 0.000077, acc: 0.617647, norm_edit_dis: 0.928056, CTCLoss: 7.212108, NRTRLoss: 1.363089, loss: 8.565277, avg_reader_cost: 0.00290 s, avg_batch_cost: 0.55284 s, avg_samples: 70.3, ips: 127.16200 samples/s, eta: 3:21:19, max_mem_reserved: 19535 MB, max_mem_allocated: 14171 MB
[2025/10/31 10:31:38] ppocr INFO: epoch: [2/20], global_step: 1700, lr: 0.000078, acc: 0.657537, norm_edit_dis: 0.934627, CTCLoss: 6.712602, NRTRLoss: 1.361291, loss: 8.075691, avg_reader_cost: 0.00293 s, avg_batch_cost: 0.58249 s, avg_samples: 89.5, ips: 153.65187 samples/s, eta: 3:21:11, max_mem_reserved: 19535 MB, max_mem_allocated: 14171 MB
[2025/10/31 10:32:08] ppocr INFO: cur metric, acc: 0.6935999993064, norm_edit_dis: 0.9453902111052856, fps: 733.5182490799857
[2025/10/31 10:32:11] ppocr INFO: save best model is to ./output/best_accuracy
[2025/10/31 10:32:11] ppocr INFO: best metric, acc: 0.6935999993064, is_float16: False, norm_edit_dis: 0.9453902111052856, fps: 733.5182490799857, best_epoch: 2
[2025/10/31 10:32:17] ppocr INFO: epoch: [2/20], global_step: 1710, lr: 0.000078, acc: 0.652941, norm_edit_dis: 0.930108, CTCLoss: 7.470652, NRTRLoss: 1.371854, loss: 8.849714, avg_reader_cost: 0.00300 s, avg_batch_cost: 0.63493 s, avg_samples: 102.2, ips: 160.96221 samples/s, eta: 3:21:08, max_mem_reserved: 19535 MB, max_mem_allocated: 14171 MB
[2025/10/31 10:32:23] ppocr INFO: epoch: [2/20], global_step: 1720, lr: 0.000079, acc: 0.640625, norm_edit_dis: 0.928708, CTCLoss: 7.745580, NRTRLoss: 1.366141, loss: 9.108415, avg_reader_cost: 0.00300 s, avg_batch_cost: 0.56503 s, avg_samples: 76.7, ips: 135.74551 samples/s, eta: 3:20:58, max_mem_reserved: 19535 MB, max_mem_allocated: 14171 MB
[2025/10/31 10:32:29] ppocr INFO: epoch: [2/20], global_step: 1730, lr: 0.000079, acc: 0.617187, norm_edit_dis: 0.928355, CTCLoss: 7.879686, NRTRLoss: 1.361114, loss: 9.230436, avg_reader_cost: 0.00294 s, avg_batch_cost: 0.59851 s, avg_samples: 102.3, ips: 170.92557 samples/s, eta: 3:20:51, max_mem_reserved: 19535 MB, max_mem_allocated: 14171 MB
[2025/10/31 10:32:35] ppocr INFO: epoch: [2/20], global_step: 1740, lr: 0.000080, acc: 0.453125, norm_edit_dis: 0.841957, CTCLoss: 12.678773, NRTRLoss: 1.381642, loss: 14.059782, avg_reader_cost: 0.00292 s, avg_batch_cost: 0.62949 s, avg_samples: 108.7, ips: 172.68046 samples/s, eta: 3:20:48, max_mem_reserved: 19535 MB, max_mem_allocated: 14171 MB
[2025/10/31 10:32:41] ppocr INFO: epoch: [2/20], global_step: 1750, lr: 0.000080, acc: 0.437500, norm_edit_dis: 0.841957, CTCLoss: 12.678773, NRTRLoss: 1.381642, loss: 14.059782, avg_reader_cost: 0.00343 s, avg_batch_cost: 0.62855 s, avg_samples: 98.1, ips: 156.07313 samples/s, eta: 3:20:45, max_mem_reserved: 19535 MB, max_mem_allocated: 14171 MB
[2025/10/31 10:33:11] ppocr INFO: cur metric, acc: 0.6772999993227, norm_edit_dis: 0.9400744512149213, fps: 751.8213317300421
[2025/10/31 10:33:11] ppocr INFO: best metric, acc: 0.6935999993064, is_float16: False, norm_edit_dis: 0.9453902111052856, fps: 733.5182490799857, best_epoch: 2
[2025/10/31 10:33:17] ppocr INFO: epoch: [2/20], global_step: 1760, lr: 0.000081, acc: 0.577390, norm_edit_dis: 0.913576, CTCLoss: 9.360727, NRTRLoss: 1.371996, loss: 10.730541, avg_reader_cost: 0.00297 s, avg_batch_cost: 0.62445 s, avg_samples: 98.0, ips: 156.93756 samples/s, eta: 3:20:42, max_mem_reserved: 19535 MB, max_mem_allocated: 14171 MB
[2025/10/31 10:33:24] ppocr INFO: epoch: [2/20], global_step: 1770, lr: 0.000081, acc: 0.623529, norm_edit_dis: 0.924770, CTCLoss: 7.787874, NRTRLoss: 1.371024, loss: 9.149663, avg_reader_cost: 0.00297 s, avg_batch_cost: 0.64162 s, avg_samples: 104.4, ips: 162.71291 samples/s, eta: 3:20:40, max_mem_reserved: 19535 MB, max_mem_allocated: 14171 MB
[2025/10/31 10:33:30] ppocr INFO: epoch: [2/20], global_step: 1780, lr: 0.000081, acc: 0.606618, norm_edit_dis: 0.918831, CTCLoss: 7.858059, NRTRLoss: 1.369212, loss: 9.223094, avg_reader_cost: 0.00286 s, avg_batch_cost: 0.57748 s, avg_samples: 87.4, ips: 151.34689 samples/s, eta: 3:20:31, max_mem_reserved: 19535 MB, max_mem_allocated: 14171 MB
[2025/10/31 10:33:35] ppocr INFO: epoch: [2/20], global_step: 1790, lr: 0.000082, acc: 0.632812, norm_edit_dis: 0.927381, CTCLoss: 6.932601, NRTRLoss: 1.357873, loss: 8.284314, avg_reader_cost: 0.00323 s, avg_batch_cost: 0.54195 s, avg_samples: 80.9, ips: 149.27604 samples/s, eta: 3:20:18, max_mem_reserved: 19535 MB, max_mem_allocated: 14171 MB
[2025/10/31 10:33:41] ppocr INFO: epoch: [2/20], global_step: 1800, lr: 0.000082, acc: 0.664706, norm_edit_dis: 0.933861, CTCLoss: 6.294362, NRTRLoss: 1.358608, loss: 7.659616, avg_reader_cost: 0.00292 s, avg_batch_cost: 0.63421 s, avg_samples: 95.9, ips: 151.21123 samples/s, eta: 3:20:16, max_mem_reserved: 19535 MB, max_mem_allocated: 14171 MB
[2025/10/31 10:34:11] ppocr INFO: cur metric, acc: 0.7124999992875, norm_edit_dis: 0.9548856805965206, fps: 750.8841360011479
[2025/10/31 10:34:14] ppocr INFO: save best model is to ./output/best_accuracy
[2025/10/31 10:34:14] ppocr INFO: best metric, acc: 0.7124999992875, is_float16: False, norm_edit_dis: 0.9548856805965206, fps: 750.8841360011479, best_epoch: 2
[2025/10/31 10:34:20] ppocr INFO: epoch: [2/20], global_step: 1810, lr: 0.000083, acc: 0.658823, norm_edit_dis: 0.934438, CTCLoss: 6.802030, NRTRLoss: 1.361435, loss: 8.158668, avg_reader_cost: 0.00340 s, avg_batch_cost: 0.59516 s, avg_samples: 93.6, ips: 157.26762 samples/s, eta: 3:20:09, max_mem_reserved: 19535 MB, max_mem_allocated: 14171 MB
[2025/10/31 10:34:26] ppocr INFO: epoch: [2/20], global_step: 1820, lr: 0.000083, acc: 0.625000, norm_edit_dis: 0.933999, CTCLoss: 6.636357, NRTRLoss: 1.355938, loss: 7.990137, avg_reader_cost: 0.00297 s, avg_batch_cost: 0.55418 s, avg_samples: 85.3, ips: 153.92016 samples/s, eta: 3:19:57, max_mem_reserved: 19535 MB, max_mem_allocated: 14171 MB
[2025/10/31 10:34:32] ppocr INFO: epoch: [2/20], global_step: 1830, lr: 0.000084, acc: 0.665349, norm_edit_dis: 0.942018, CTCLoss: 5.818446, NRTRLoss: 1.358035, loss: 7.172431, avg_reader_cost: 0.00295 s, avg_batch_cost: 0.57733 s, avg_samples: 87.3, ips: 151.21266 samples/s, eta: 3:19:49, max_mem_reserved: 19535 MB, max_mem_allocated: 14171 MB
[2025/10/31 10:34:38] ppocr INFO: epoch: [2/20], global_step: 1840, lr: 0.000084, acc: 0.679687, norm_edit_dis: 0.937808, CTCLoss: 6.503308, NRTRLoss: 1.357786, loss: 7.852350, avg_reader_cost: 0.00344 s, avg_batch_cost: 0.59726 s, avg_samples: 95.9, ips: 160.56742 samples/s, eta: 3:19:42, max_mem_reserved: 19535 MB, max_mem_allocated: 14171 MB
[2025/10/31 10:34:44] ppocr INFO: epoch: [2/20], global_step: 1850, lr: 0.000085, acc: 0.630147, norm_edit_dis: 0.934595, CTCLoss: 7.169142, NRTRLoss: 1.358117, loss: 8.523108, avg_reader_cost: 0.00296 s, avg_batch_cost: 0.62412 s, avg_samples: 98.0, ips: 157.02228 samples/s, eta: 3:19:38, max_mem_reserved: 19535 MB, max_mem_allocated: 14171 MB
[2025/10/31 10:35:13] ppocr INFO: cur metric, acc: 0.7013999992986, norm_edit_dis: 0.9477085299231496, fps: 771.8913235176877
[2025/10/31 10:35:13] ppocr INFO: best metric, acc: 0.7124999992875, is_float16: False, norm_edit_dis: 0.9548856805965206, fps: 750.8841360011479, best_epoch: 2
[2025/10/31 10:35:19] ppocr INFO: epoch: [2/20], global_step: 1860, lr: 0.000085, acc: 0.664062, norm_edit_dis: 0.941003, CTCLoss: 6.660289, NRTRLoss: 1.354903, loss: 8.008046, avg_reader_cost: 0.00308 s, avg_batch_cost: 0.62747 s, avg_samples: 87.4, ips: 139.28996 samples/s, eta: 3:19:35, max_mem_reserved: 19535 MB, max_mem_allocated: 14171 MB
[2025/10/31 10:35:25] ppocr INFO: epoch: [2/20], global_step: 1870, lr: 0.000086, acc: 0.670588, norm_edit_dis: 0.942777, CTCLoss: 6.526988, NRTRLoss: 1.351137, loss: 7.874392, avg_reader_cost: 0.00294 s, avg_batch_cost: 0.61856 s, avg_samples: 93.7, ips: 151.48107 samples/s, eta: 3:19:30, max_mem_reserved: 19535 MB, max_mem_allocated: 14171 MB
[2025/10/31 10:35:32] ppocr INFO: epoch: [2/20], global_step: 1880, lr: 0.000086, acc: 0.637959, norm_edit_dis: 0.940564, CTCLoss: 6.061050, NRTRLoss: 1.358258, loss: 7.409320, avg_reader_cost: 0.00290 s, avg_batch_cost: 0.60149 s, avg_samples: 95.9, ips: 159.43761 samples/s, eta: 3:19:24, max_mem_reserved: 19535 MB, max_mem_allocated: 14171 MB
[2025/10/31 10:35:38] ppocr INFO: epoch: [2/20], global_step: 1890, lr: 0.000087, acc: 0.637959, norm_edit_dis: 0.937818, CTCLoss: 6.064196, NRTRLoss: 1.362948, loss: 7.411787, avg_reader_cost: 0.00292 s, avg_batch_cost: 0.60603 s, avg_samples: 97.9, ips: 161.54336 samples/s, eta: 3:19:18, max_mem_reserved: 19535 MB, max_mem_allocated: 14171 MB
[2025/10/31 10:35:44] ppocr INFO: epoch: [2/20], global_step: 1900, lr: 0.000087, acc: 0.671232, norm_edit_dis: 0.945202, CTCLoss: 5.620097, NRTRLoss: 1.359496, loss: 6.961761, avg_reader_cost: 0.00320 s, avg_batch_cost: 0.65224 s, avg_samples: 95.9, ips: 147.03138 samples/s, eta: 3:19:18, max_mem_reserved: 19535 MB, max_mem_allocated: 14171 MB
[2025/10/31 10:36:13] ppocr INFO: cur metric, acc: 0.7170999992829, norm_edit_dis: 0.9545060028199108, fps: 760.7907645461938
[2025/10/31 10:36:16] ppocr INFO: save best model is to ./output/best_accuracy
[2025/10/31 10:36:16] ppocr INFO: best metric, acc: 0.7170999992829, is_float16: False, norm_edit_dis: 0.9545060028199108, fps: 760.7907645461938, best_epoch: 2
[2025/10/31 10:36:22] ppocr INFO: epoch: [2/20], global_step: 1910, lr: 0.000087, acc: 0.679687, norm_edit_dis: 0.947679, CTCLoss: 5.620097, NRTRLoss: 1.357104, loss: 6.961761, avg_reader_cost: 0.00407 s, avg_batch_cost: 0.62013 s, avg_samples: 91.7, ips: 147.87304 samples/s, eta: 3:19:13, max_mem_reserved: 19535 MB, max_mem_allocated: 14171 MB
[2025/10/31 10:36:29] ppocr INFO: epoch: [2/20], global_step: 1920, lr: 0.000088, acc: 0.617187, norm_edit_dis: 0.930423, CTCLoss: 7.218154, NRTRLoss: 1.366403, loss: 8.567882, avg_reader_cost: 0.00291 s, avg_batch_cost: 0.65216 s, avg_samples: 98.0, ips: 150.27083 samples/s, eta: 3:19:12, max_mem_reserved: 19535 MB, max_mem_allocated: 14171 MB
[2025/10/31 10:36:35] ppocr INFO: epoch: [2/20], global_step: 1930, lr: 0.000088, acc: 0.625000, norm_edit_dis: 0.931698, CTCLoss: 6.539862, NRTRLoss: 1.360267, loss: 7.892159, avg_reader_cost: 0.00299 s, avg_batch_cost: 0.61411 s, avg_samples: 93.7, ips: 152.57781 samples/s, eta: 3:19:07, max_mem_reserved: 19535 MB, max_mem_allocated: 14171 MB
[2025/10/31 10:36:40] ppocr INFO: epoch: [2/20], global_step: 1940, lr: 0.000089, acc: 0.640625, norm_edit_dis: 0.941862, CTCLoss: 5.543190, NRTRLoss: 1.348367, loss: 6.893141, avg_reader_cost: 0.00294 s, avg_batch_cost: 0.53254 s, avg_samples: 81.0, ips: 152.10240 samples/s, eta: 3:18:54, max_mem_reserved: 19535 MB, max_mem_allocated: 14171 MB
[2025/10/31 10:36:46] ppocr INFO: epoch: [2/20], global_step: 1950, lr: 0.000089, acc: 0.649724, norm_edit_dis: 0.945129, CTCLoss: 5.382775, NRTRLoss: 1.349988, loss: 6.731368, avg_reader_cost: 0.00311 s, avg_batch_cost: 0.60031 s, avg_samples: 87.4, ips: 145.59055 samples/s, eta: 3:18:48, max_mem_reserved: 19535 MB, max_mem_allocated: 14171 MB
[2025/10/31 10:37:16] ppocr INFO: cur metric, acc: 0.7335999992664001, norm_edit_dis: 0.9595811540131026, fps: 747.430950244487
[2025/10/31 10:37:19] ppocr INFO: save best model is to ./output/best_accuracy
[2025/10/31 10:37:19] ppocr INFO: best metric, acc: 0.7335999992664001, is_float16: False, norm_edit_dis: 0.9595811540131026, fps: 747.430950244487, best_epoch: 2
[2025/10/31 10:37:24] ppocr INFO: epoch: [2/20], global_step: 1960, lr: 0.000090, acc: 0.695312, norm_edit_dis: 0.945355, CTCLoss: 4.989346, NRTRLoss: 1.352825, loss: 6.337336, avg_reader_cost: 0.00311 s, avg_batch_cost: 0.55008 s, avg_samples: 78.8, ips: 143.25223 samples/s, eta: 3:18:36, max_mem_reserved: 19535 MB, max_mem_allocated: 14171 MB
[2025/10/31 10:37:30] ppocr INFO: epoch: [2/20], global_step: 1970, lr: 0.000090, acc: 0.711765, norm_edit_dis: 0.946554, CTCLoss: 5.048087, NRTRLoss: 1.347989, loss: 6.389130, avg_reader_cost: 0.00344 s, avg_batch_cost: 0.58682 s, avg_samples: 95.9, ips: 163.42276 samples/s, eta: 3:18:29, max_mem_reserved: 19535 MB, max_mem_allocated: 14171 MB
[2025/10/31 10:37:36] ppocr INFO: epoch: [2/20], global_step: 1980, lr: 0.000091, acc: 0.695312, norm_edit_dis: 0.949876, CTCLoss: 5.299760, NRTRLoss: 1.352145, loss: 6.649961, avg_reader_cost: 0.00298 s, avg_batch_cost: 0.59674 s, avg_samples: 91.6, ips: 153.50191 samples/s, eta: 3:18:22, max_mem_reserved: 19535 MB, max_mem_allocated: 14171 MB
[2025/10/31 10:37:42] ppocr INFO: epoch: [2/20], global_step: 1990, lr: 0.000091, acc: 0.664706, norm_edit_dis: 0.942204, CTCLoss: 5.431455, NRTRLoss: 1.349433, loss: 6.785016, avg_reader_cost: 0.00298 s, avg_batch_cost: 0.61179 s, avg_samples: 91.6, ips: 149.72386 samples/s, eta: 3:18:17, max_mem_reserved: 19535 MB, max_mem_allocated: 14171 MB
[2025/10/31 10:37:48] ppocr INFO: epoch: [2/20], global_step: 2000, lr: 0.000092, acc: 0.625000, norm_edit_dis: 0.934753, CTCLoss: 5.627740, NRTRLoss: 1.354748, loss: 6.982769, avg_reader_cost: 0.00301 s, avg_batch_cost: 0.60272 s, avg_samples: 93.8, ips: 155.62866 samples/s, eta: 3:18:11, max_mem_reserved: 19535 MB, max_mem_allocated: 14171 MB
[2025/10/31 10:38:18] ppocr INFO: cur metric, acc: 0.7204999992795, norm_edit_dis: 0.9552946637205695, fps: 791.251826430193
[2025/10/31 10:38:18] ppocr INFO: best metric, acc: 0.7335999992664001, is_float16: False, norm_edit_dis: 0.9595811540131026, fps: 747.430950244487, best_epoch: 2
[2025/10/31 10:38:24] ppocr INFO: epoch: [2/20], global_step: 2010, lr: 0.000092, acc: 0.645772, norm_edit_dis: 0.934753, CTCLoss: 5.537935, NRTRLoss: 1.354748, loss: 6.895603, avg_reader_cost: 0.00306 s, avg_batch_cost: 0.62676 s, avg_samples: 89.4, ips: 142.63771 samples/s, eta: 3:18:07, max_mem_reserved: 19535 MB, max_mem_allocated: 14171 MB
[2025/10/31 10:38:30] ppocr INFO: epoch: [2/20], global_step: 2020, lr: 0.000093, acc: 0.694118, norm_edit_dis: 0.943193, CTCLoss: 5.681820, NRTRLoss: 1.352903, loss: 7.030503, avg_reader_cost: 0.00291 s, avg_batch_cost: 0.61495 s, avg_samples: 98.0, ips: 159.36294 samples/s, eta: 3:18:02, max_mem_reserved: 19535 MB, max_mem_allocated: 14171 MB
[2025/10/31 10:38:36] ppocr INFO: epoch: [2/20], global_step: 2030, lr: 0.000093, acc: 0.712316, norm_edit_dis: 0.948373, CTCLoss: 5.014285, NRTRLoss: 1.352788, loss: 6.363098, avg_reader_cost: 0.00292 s, avg_batch_cost: 0.59219 s, avg_samples: 80.9, ips: 136.61049 samples/s, eta: 3:17:55, max_mem_reserved: 19535 MB, max_mem_allocated: 14171 MB
[2025/10/31 10:38:42] ppocr INFO: epoch: [2/20], global_step: 2040, lr: 0.000093, acc: 0.679687, norm_edit_dis: 0.948373, CTCLoss: 5.140855, NRTRLoss: 1.355607, loss: 6.500536, avg_reader_cost: 0.00287 s, avg_batch_cost: 0.61663 s, avg_samples: 96.0, ips: 155.68476 samples/s, eta: 3:17:50, max_mem_reserved: 19535 MB, max_mem_allocated: 14171 MB
[2025/10/31 10:38:48] ppocr INFO: epoch: [2/20], global_step: 2050, lr: 0.000094, acc: 0.601562, norm_edit_dis: 0.935273, CTCLoss: 6.674989, NRTRLoss: 1.355222, loss: 8.022597, avg_reader_cost: 0.00286 s, avg_batch_cost: 0.56730 s, avg_samples: 93.8, ips: 165.34556 samples/s, eta: 3:17:41, max_mem_reserved: 19535 MB, max_mem_allocated: 14171 MB
[2025/10/31 10:39:18] ppocr INFO: cur metric, acc: 0.7313999992686, norm_edit_dis: 0.95739589803465, fps: 743.8342753782772
[2025/10/31 10:39:18] ppocr INFO: best metric, acc: 0.7335999992664001, is_float16: False, norm_edit_dis: 0.9595811540131026, fps: 747.430950244487, best_epoch: 2
[2025/10/31 10:39:25] ppocr INFO: epoch: [2/20], global_step: 2060, lr: 0.000094, acc: 0.550781, norm_edit_dis: 0.900752, CTCLoss: 7.871544, NRTRLoss: 1.360474, loss: 9.227872, avg_reader_cost: 0.00333 s, avg_batch_cost: 0.65694 s, avg_samples: 108.7, ips: 165.46483 samples/s, eta: 3:17:40, max_mem_reserved: 19535 MB, max_mem_allocated: 14171 MB
[2025/10/31 10:39:31] ppocr INFO: epoch: [2/20], global_step: 2070, lr: 0.000095, acc: 0.648437, norm_edit_dis: 0.939257, CTCLoss: 5.133634, NRTRLoss: 1.358739, loss: 6.489714, avg_reader_cost: 0.00290 s, avg_batch_cost: 0.62095 s, avg_samples: 85.2, ips: 137.20953 samples/s, eta: 3:17:36, max_mem_reserved: 19535 MB, max_mem_allocated: 14171 MB
[2025/10/31 10:39:37] ppocr INFO: epoch: [2/20], global_step: 2080, lr: 0.000095, acc: 0.664062, norm_edit_dis: 0.939257, CTCLoss: 5.133634, NRTRLoss: 1.356263, loss: 6.489714, avg_reader_cost: 0.00291 s, avg_batch_cost: 0.63298 s, avg_samples: 102.3, ips: 161.61547 samples/s, eta: 3:17:32, max_mem_reserved: 19535 MB, max_mem_allocated: 14171 MB
[2025/10/31 10:39:43] ppocr INFO: epoch: [2/20], global_step: 2090, lr: 0.000096, acc: 0.682353, norm_edit_dis: 0.951129, CTCLoss: 4.699822, NRTRLoss: 1.355543, loss: 6.045297, avg_reader_cost: 0.00298 s, avg_batch_cost: 0.58922 s, avg_samples: 83.1, ips: 141.03463 samples/s, eta: 3:17:25, max_mem_reserved: 19535 MB, max_mem_allocated: 14171 MB
[2025/10/31 10:39:49] ppocr INFO: epoch: [2/20], global_step: 2100, lr: 0.000096, acc: 0.682353, norm_edit_dis: 0.952290, CTCLoss: 4.444682, NRTRLoss: 1.358813, loss: 5.777922, avg_reader_cost: 0.00361 s, avg_batch_cost: 0.62282 s, avg_samples: 104.4, ips: 167.62354 samples/s, eta: 3:17:21, max_mem_reserved: 19535 MB, max_mem_allocated: 14171 MB
[2025/10/31 10:40:18] ppocr INFO: cur metric, acc: 0.744999999255, norm_edit_dis: 0.9622207970785028, fps: 780.6578398916837
[2025/10/31 10:40:21] ppocr INFO: save best model is to ./output/best_accuracy
[2025/10/31 10:40:21] ppocr INFO: best metric, acc: 0.744999999255, is_float16: False, norm_edit_dis: 0.9622207970785028, fps: 780.6578398916837, best_epoch: 2
[2025/10/31 10:40:27] ppocr INFO: epoch: [2/20], global_step: 2110, lr: 0.000097, acc: 0.676471, norm_edit_dis: 0.946862, CTCLoss: 4.456530, NRTRLoss: 1.359698, loss: 5.800511, avg_reader_cost: 0.00322 s, avg_batch_cost: 0.58687 s, avg_samples: 93.7, ips: 159.66021 samples/s, eta: 3:17:13, max_mem_reserved: 19535 MB, max_mem_allocated: 14171 MB
[2025/10/31 10:40:33] ppocr INFO: epoch: [2/20], global_step: 2120, lr: 0.000097, acc: 0.679044, norm_edit_dis: 0.942336, CTCLoss: 4.955689, NRTRLoss: 1.347228, loss: 6.296992, avg_reader_cost: 0.00292 s, avg_batch_cost: 0.62734 s, avg_samples: 93.8, ips: 149.52034 samples/s, eta: 3:17:09, max_mem_reserved: 19535 MB, max_mem_allocated: 14171 MB
[2025/10/31 10:40:39] ppocr INFO: epoch: [2/20], global_step: 2130, lr: 0.000098, acc: 0.679687, norm_edit_dis: 0.945161, CTCLoss: 5.017859, NRTRLoss: 1.343576, loss: 6.360157, avg_reader_cost: 0.00292 s, avg_batch_cost: 0.57356 s, avg_samples: 83.1, ips: 144.88577 samples/s, eta: 3:17:01, max_mem_reserved: 19535 MB, max_mem_allocated: 14171 MB
[2025/10/31 10:40:45] ppocr INFO: epoch: [2/20], global_step: 2140, lr: 0.000098, acc: 0.679687, norm_edit_dis: 0.947691, CTCLoss: 5.162505, NRTRLoss: 1.355824, loss: 6.499896, avg_reader_cost: 0.00300 s, avg_batch_cost: 0.60013 s, avg_samples: 106.6, ips: 177.62677 samples/s, eta: 3:16:54, max_mem_reserved: 19535 MB, max_mem_allocated: 14171 MB
[2025/10/31 10:40:51] ppocr INFO: epoch: [2/20], global_step: 2150, lr: 0.000099, acc: 0.585202, norm_edit_dis: 0.910961, CTCLoss: 7.346439, NRTRLoss: 1.360073, loss: 8.706295, avg_reader_cost: 0.00289 s, avg_batch_cost: 0.64327 s, avg_samples: 102.2, ips: 158.87512 samples/s, eta: 3:16:52, max_mem_reserved: 19535 MB, max_mem_allocated: 14171 MB
[2025/10/31 10:41:21] ppocr INFO: cur metric, acc: 0.7336999992663, norm_edit_dis: 0.960088487323552, fps: 738.8727947218922
[2025/10/31 10:41:21] ppocr INFO: best metric, acc: 0.744999999255, is_float16: False, norm_edit_dis: 0.9622207970785028, fps: 780.6578398916837, best_epoch: 2
[2025/10/31 10:41:27] ppocr INFO: epoch: [2/20], global_step: 2160, lr: 0.000099, acc: 0.623529, norm_edit_dis: 0.930960, CTCLoss: 5.416519, NRTRLoss: 1.359909, loss: 6.765589, avg_reader_cost: 0.00355 s, avg_batch_cost: 0.57617 s, avg_samples: 95.9, ips: 166.44422 samples/s, eta: 3:16:43, max_mem_reserved: 19535 MB, max_mem_allocated: 14171 MB
[2025/10/31 10:41:33] ppocr INFO: epoch: [2/20], global_step: 2170, lr: 0.000099, acc: 0.647702, norm_edit_dis: 0.930602, CTCLoss: 5.210981, NRTRLoss: 1.369036, loss: 6.581913, avg_reader_cost: 0.00288 s, avg_batch_cost: 0.65355 s, avg_samples: 98.0, ips: 149.94915 samples/s, eta: 3:16:42, max_mem_reserved: 19535 MB, max_mem_allocated: 14171 MB
[2025/10/31 10:41:35] ppocr INFO: epoch: [2/20], global_step: 2172, lr: 0.000100, acc: 0.624173, norm_edit_dis: 0.921274, CTCLoss: 6.045022, NRTRLoss: 1.371985, loss: 7.401464, avg_reader_cost: 0.00057 s, avg_batch_cost: 0.12540 s, avg_samples: 19.2, ips: 153.10810 samples/s, eta: 3:16:41, max_mem_reserved: 19535 MB, max_mem_allocated: 14171 MB
[2025/10/31 10:41:37] ppocr INFO: save model in ./output/latest
[2025/10/31 10:41:38] ppocr INFO: save model in ./output/iter_epoch_2
[2025/10/31 10:41:44] ppocr INFO: epoch: [3/20], global_step: 2180, lr: 0.000100, acc: 0.500000, norm_edit_dis: 0.885157, CTCLoss: 7.803319, NRTRLoss: 1.367887, loss: 9.171256, avg_reader_cost: 0.44591 s, avg_batch_cost: 0.95364 s, avg_samples: 89.6, ips: 93.95555 samples/s, eta: 3:17:18, max_mem_reserved: 19535 MB, max_mem_allocated: 14171 MB
[2025/10/31 10:41:50] ppocr INFO: epoch: [3/20], global_step: 2190, lr: 0.000100, acc: 0.542969, norm_edit_dis: 0.885157, CTCLoss: 7.803319, NRTRLoss: 1.366703, loss: 9.171256, avg_reader_cost: 0.00291 s, avg_batch_cost: 0.60010 s, avg_samples: 93.8, ips: 156.30673 samples/s, eta: 3:17:12, max_mem_reserved: 19535 MB, max_mem_allocated: 14171 MB
[2025/10/31 10:41:56] ppocr INFO: epoch: [3/20], global_step: 2200, lr: 0.000100, acc: 0.703125, norm_edit_dis: 0.950826, CTCLoss: 4.590382, NRTRLoss: 1.348486, loss: 5.930838, avg_reader_cost: 0.00324 s, avg_batch_cost: 0.54854 s, avg_samples: 76.7, ips: 139.82528 samples/s, eta: 3:17:01, max_mem_reserved: 19535 MB, max_mem_allocated: 14171 MB
[2025/10/31 10:42:25] ppocr INFO: cur metric, acc: 0.7570999992429001, norm_edit_dis: 0.9656470935589744, fps: 739.840463574353
[2025/10/31 10:42:28] ppocr INFO: save best model is to ./output/best_accuracy
[2025/10/31 10:42:28] ppocr INFO: best metric, acc: 0.7570999992429001, is_float16: False, norm_edit_dis: 0.9656470935589744, fps: 739.840463574353, best_epoch: 3
[2025/10/31 10:42:34] ppocr INFO: epoch: [3/20], global_step: 2210, lr: 0.000100, acc: 0.718198, norm_edit_dis: 0.948551, CTCLoss: 4.741379, NRTRLoss: 1.348486, loss: 6.091922, avg_reader_cost: 0.00292 s, avg_batch_cost: 0.60286 s, avg_samples: 100.2, ips: 166.20637 samples/s, eta: 3:16:54, max_mem_reserved: 19535 MB, max_mem_allocated: 14171 MB
[2025/10/31 10:42:40] ppocr INFO: epoch: [3/20], global_step: 2220, lr: 0.000100, acc: 0.617187, norm_edit_dis: 0.922563, CTCLoss: 6.468030, NRTRLoss: 1.351860, loss: 7.810474, avg_reader_cost: 0.00291 s, avg_batch_cost: 0.63525 s, avg_samples: 96.0, ips: 151.12054 samples/s, eta: 3:16:51, max_mem_reserved: 19535 MB, max_mem_allocated: 14171 MB
[2025/10/31 10:42:46] ppocr INFO: epoch: [3/20], global_step: 2230, lr: 0.000100, acc: 0.671875, norm_edit_dis: 0.940368, CTCLoss: 5.845424, NRTRLoss: 1.348640, loss: 7.181749, avg_reader_cost: 0.00295 s, avg_batch_cost: 0.55556 s, avg_samples: 85.3, ips: 153.53862 samples/s, eta: 3:16:40, max_mem_reserved: 19535 MB, max_mem_allocated: 14171 MB
[2025/10/31 10:42:52] ppocr INFO: epoch: [3/20], global_step: 2240, lr: 0.000100, acc: 0.671232, norm_edit_dis: 0.946641, CTCLoss: 4.743233, NRTRLoss: 1.347109, loss: 6.084066, avg_reader_cost: 0.00283 s, avg_batch_cost: 0.58570 s, avg_samples: 91.6, ips: 156.39537 samples/s, eta: 3:16:33, max_mem_reserved: 19535 MB, max_mem_allocated: 14171 MB
[2025/10/31 10:42:58] ppocr INFO: epoch: [3/20], global_step: 2250, lr: 0.000100, acc: 0.664706, norm_edit_dis: 0.948860, CTCLoss: 4.674648, NRTRLoss: 1.350276, loss: 6.019656, avg_reader_cost: 0.00294 s, avg_batch_cost: 0.60500 s, avg_samples: 102.3, ips: 169.09183 samples/s, eta: 3:16:27, max_mem_reserved: 19535 MB, max_mem_allocated: 14171 MB
[2025/10/31 10:43:28] ppocr INFO: cur metric, acc: 0.7488999992511001, norm_edit_dis: 0.9635440991060645, fps: 748.6786930545413
[2025/10/31 10:43:28] ppocr INFO: best metric, acc: 0.7570999992429001, is_float16: False, norm_edit_dis: 0.9656470935589744, fps: 739.840463574353, best_epoch: 3
[2025/10/31 10:43:34] ppocr INFO: epoch: [3/20], global_step: 2260, lr: 0.000100, acc: 0.723529, norm_edit_dis: 0.953020, CTCLoss: 4.204176, NRTRLoss: 1.345053, loss: 5.547816, avg_reader_cost: 0.00348 s, avg_batch_cost: 0.62055 s, avg_samples: 91.6, ips: 147.61044 samples/s, eta: 3:16:22, max_mem_reserved: 19535 MB, max_mem_allocated: 14171 MB
[2025/10/31 10:43:40] ppocr INFO: epoch: [3/20], global_step: 2270, lr: 0.000100, acc: 0.717647, norm_edit_dis: 0.954075, CTCLoss: 4.272537, NRTRLoss: 1.343727, loss: 5.611018, avg_reader_cost: 0.00297 s, avg_batch_cost: 0.57355 s, avg_samples: 89.5, ips: 156.04496 samples/s, eta: 3:16:13, max_mem_reserved: 19535 MB, max_mem_allocated: 14171 MB
[2025/10/31 10:43:46] ppocr INFO: epoch: [3/20], global_step: 2280, lr: 0.000100, acc: 0.696691, norm_edit_dis: 0.953098, CTCLoss: 4.247052, NRTRLoss: 1.345611, loss: 5.583266, avg_reader_cost: 0.00293 s, avg_batch_cost: 0.58585 s, avg_samples: 89.5, ips: 152.76945 samples/s, eta: 3:16:05, max_mem_reserved: 19535 MB, max_mem_allocated: 14171 MB
[2025/10/31 10:43:51] ppocr INFO: epoch: [3/20], global_step: 2290, lr: 0.000100, acc: 0.711765, norm_edit_dis: 0.955943, CTCLoss: 3.900921, NRTRLoss: 1.340650, loss: 5.235006, avg_reader_cost: 0.00344 s, avg_batch_cost: 0.55136 s, avg_samples: 81.0, ips: 146.91037 samples/s, eta: 3:15:55, max_mem_reserved: 19535 MB, max_mem_allocated: 14171 MB
[2025/10/31 10:43:57] ppocr INFO: epoch: [3/20], global_step: 2300, lr: 0.000100, acc: 0.679687, norm_edit_dis: 0.945254, CTCLoss: 4.930918, NRTRLoss: 1.341686, loss: 6.267164, avg_reader_cost: 0.00303 s, avg_batch_cost: 0.61089 s, avg_samples: 98.1, ips: 160.58623 samples/s, eta: 3:15:49, max_mem_reserved: 19535 MB, max_mem_allocated: 14171 MB
[2025/10/31 10:44:27] ppocr INFO: cur metric, acc: 0.7676999992323, norm_edit_dis: 0.9643960827313246, fps: 752.201797276904
[2025/10/31 10:44:30] ppocr INFO: save best model is to ./output/best_accuracy
[2025/10/31 10:44:30] ppocr INFO: best metric, acc: 0.7676999992323, is_float16: False, norm_edit_dis: 0.9643960827313246, fps: 752.201797276904, best_epoch: 3
[2025/10/31 10:44:36] ppocr INFO: epoch: [3/20], global_step: 2310, lr: 0.000100, acc: 0.566406, norm_edit_dis: 0.897074, CTCLoss: 7.670538, NRTRLoss: 1.364381, loss: 9.047758, avg_reader_cost: 0.00311 s, avg_batch_cost: 0.64363 s, avg_samples: 104.5, ips: 162.36028 samples/s, eta: 3:15:46, max_mem_reserved: 19535 MB, max_mem_allocated: 14171 MB
[2025/10/31 10:44:43] ppocr INFO: epoch: [3/20], global_step: 2320, lr: 0.000100, acc: 0.593750, norm_edit_dis: 0.919172, CTCLoss: 6.743541, NRTRLoss: 1.356704, loss: 8.096063, avg_reader_cost: 0.00296 s, avg_batch_cost: 0.64431 s, avg_samples: 98.0, ips: 152.10061 samples/s, eta: 3:15:44, max_mem_reserved: 19535 MB, max_mem_allocated: 14171 MB
[2025/10/31 10:44:48] ppocr INFO: epoch: [3/20], global_step: 2330, lr: 0.000100, acc: 0.734375, norm_edit_dis: 0.959873, CTCLoss: 3.715237, NRTRLoss: 1.340531, loss: 5.051592, avg_reader_cost: 0.00293 s, avg_batch_cost: 0.54979 s, avg_samples: 87.4, ips: 158.96957 samples/s, eta: 3:15:33, max_mem_reserved: 19535 MB, max_mem_allocated: 14171 MB
[2025/10/31 10:44:55] ppocr INFO: epoch: [3/20], global_step: 2340, lr: 0.000100, acc: 0.684926, norm_edit_dis: 0.949660, CTCLoss: 4.302439, NRTRLoss: 1.353904, loss: 5.640206, avg_reader_cost: 0.00290 s, avg_batch_cost: 0.62993 s, avg_samples: 104.4, ips: 165.73315 samples/s, eta: 3:15:29, max_mem_reserved: 19535 MB, max_mem_allocated: 14171 MB
[2025/10/31 10:45:01] ppocr INFO: epoch: [3/20], global_step: 2350, lr: 0.000100, acc: 0.527344, norm_edit_dis: 0.885100, CTCLoss: 8.649904, NRTRLoss: 1.369196, loss: 10.025572, avg_reader_cost: 0.00297 s, avg_batch_cost: 0.63618 s, avg_samples: 102.4, ips: 160.96095 samples/s, eta: 3:15:25, max_mem_reserved: 19535 MB, max_mem_allocated: 14171 MB
[2025/10/31 10:45:31] ppocr INFO: cur metric, acc: 0.7652999992347, norm_edit_dis: 0.9674896788362097, fps: 712.7704040296173
[2025/10/31 10:45:31] ppocr INFO: best metric, acc: 0.7676999992323, is_float16: False, norm_edit_dis: 0.9643960827313246, fps: 752.201797276904, best_epoch: 3
[2025/10/31 10:45:37] ppocr INFO: epoch: [3/20], global_step: 2360, lr: 0.000100, acc: 0.673254, norm_edit_dis: 0.945526, CTCLoss: 4.697749, NRTRLoss: 1.341018, loss: 6.032644, avg_reader_cost: 0.00298 s, avg_batch_cost: 0.57453 s, avg_samples: 81.0, ips: 140.98411 samples/s, eta: 3:15:17, max_mem_reserved: 19535 MB, max_mem_allocated: 14171 MB
[2025/10/31 10:45:43] ppocr INFO: epoch: [3/20], global_step: 2370, lr: 0.000100, acc: 0.742187, norm_edit_dis: 0.959832, CTCLoss: 3.773442, NRTRLoss: 1.341692, loss: 5.109928, avg_reader_cost: 0.00299 s, avg_batch_cost: 0.60569 s, avg_samples: 91.6, ips: 151.23261 samples/s, eta: 3:15:11, max_mem_reserved: 19535 MB, max_mem_allocated: 14171 MB
[2025/10/31 10:45:50] ppocr INFO: epoch: [3/20], global_step: 2380, lr: 0.000100, acc: 0.745588, norm_edit_dis: 0.963686, CTCLoss: 3.808960, NRTRLoss: 1.343932, loss: 5.154074, avg_reader_cost: 0.00287 s, avg_batch_cost: 0.63293 s, avg_samples: 93.7, ips: 148.04096 samples/s, eta: 3:15:07, max_mem_reserved: 19535 MB, max_mem_allocated: 14171 MB
[2025/10/31 10:45:55] ppocr INFO: epoch: [3/20], global_step: 2390, lr: 0.000100, acc: 0.729412, norm_edit_dis: 0.959766, CTCLoss: 3.578248, NRTRLoss: 1.343385, loss: 4.918642, avg_reader_cost: 0.00290 s, avg_batch_cost: 0.54194 s, avg_samples: 70.4, ips: 129.90466 samples/s, eta: 3:14:56, max_mem_reserved: 19535 MB, max_mem_allocated: 14171 MB
[2025/10/31 10:46:01] ppocr INFO: epoch: [3/20], global_step: 2400, lr: 0.000100, acc: 0.726562, norm_edit_dis: 0.958185, CTCLoss: 3.474561, NRTRLoss: 1.341136, loss: 4.803529, avg_reader_cost: 0.00290 s, avg_batch_cost: 0.56332 s, avg_samples: 85.2, ips: 151.24711 samples/s, eta: 3:14:46, max_mem_reserved: 19535 MB, max_mem_allocated: 14171 MB
[2025/10/31 10:46:30] ppocr INFO: cur metric, acc: 0.790999999209, norm_edit_dis: 0.9721168420575305, fps: 743.8626116879126
[2025/10/31 10:46:33] ppocr INFO: save best model is to ./output/best_accuracy
[2025/10/31 10:46:33] ppocr INFO: best metric, acc: 0.790999999209, is_float16: False, norm_edit_dis: 0.9721168420575305, fps: 743.8626116879126, best_epoch: 3
[2025/10/31 10:46:40] ppocr INFO: epoch: [3/20], global_step: 2410, lr: 0.000100, acc: 0.682353, norm_edit_dis: 0.953676, CTCLoss: 4.443135, NRTRLoss: 1.347703, loss: 5.786674, avg_reader_cost: 0.00371 s, avg_batch_cost: 0.64698 s, avg_samples: 104.4, ips: 161.36532 samples/s, eta: 3:14:44, max_mem_reserved: 19535 MB, max_mem_allocated: 14171 MB
[2025/10/31 10:46:46] ppocr INFO: epoch: [3/20], global_step: 2420, lr: 0.000100, acc: 0.625000, norm_edit_dis: 0.928461, CTCLoss: 5.361936, NRTRLoss: 1.350268, loss: 6.708522, avg_reader_cost: 0.00295 s, avg_batch_cost: 0.64779 s, avg_samples: 104.4, ips: 161.16426 samples/s, eta: 3:14:41, max_mem_reserved: 19535 MB, max_mem_allocated: 14171 MB
[2025/10/31 10:46:53] ppocr INFO: epoch: [3/20], global_step: 2430, lr: 0.000100, acc: 0.702573, norm_edit_dis: 0.956113, CTCLoss: 3.835134, NRTRLoss: 1.349117, loss: 5.183261, avg_reader_cost: 0.00288 s, avg_batch_cost: 0.62675 s, avg_samples: 87.3, ips: 139.29107 samples/s, eta: 3:14:37, max_mem_reserved: 19535 MB, max_mem_allocated: 14171 MB
[2025/10/31 10:46:58] ppocr INFO: epoch: [3/20], global_step: 2440, lr: 0.000100, acc: 0.718750, norm_edit_dis: 0.960133, CTCLoss: 3.493493, NRTRLoss: 1.343873, loss: 4.836131, avg_reader_cost: 0.00289 s, avg_batch_cost: 0.56667 s, avg_samples: 87.4, ips: 154.23347 samples/s, eta: 3:14:28, max_mem_reserved: 19535 MB, max_mem_allocated: 14171 MB
[2025/10/31 10:47:04] ppocr INFO: epoch: [3/20], global_step: 2450, lr: 0.000100, acc: 0.712316, norm_edit_dis: 0.957793, CTCLoss: 3.274341, NRTRLoss: 1.342182, loss: 4.614716, avg_reader_cost: 0.00298 s, avg_batch_cost: 0.61177 s, avg_samples: 91.7, ips: 149.89378 samples/s, eta: 3:14:22, max_mem_reserved: 19535 MB, max_mem_allocated: 14171 MB
[2025/10/31 10:47:34] ppocr INFO: cur metric, acc: 0.7957999992042, norm_edit_dis: 0.9739210765908362, fps: 745.3411469183408
[2025/10/31 10:47:37] ppocr INFO: save best model is to ./output/best_accuracy
[2025/10/31 10:47:37] ppocr INFO: best metric, acc: 0.7957999992042, is_float16: False, norm_edit_dis: 0.9739210765908362, fps: 745.3411469183408, best_epoch: 3
[2025/10/31 10:47:43] ppocr INFO: epoch: [3/20], global_step: 2460, lr: 0.000100, acc: 0.724081, norm_edit_dis: 0.956297, CTCLoss: 4.119757, NRTRLoss: 1.342749, loss: 5.448144, avg_reader_cost: 0.00347 s, avg_batch_cost: 0.60316 s, avg_samples: 95.9, ips: 158.99693 samples/s, eta: 3:14:16, max_mem_reserved: 19535 MB, max_mem_allocated: 14171 MB
[2025/10/31 10:47:49] ppocr INFO: epoch: [3/20], global_step: 2470, lr: 0.000100, acc: 0.698621, norm_edit_dis: 0.950375, CTCLoss: 4.237936, NRTRLoss: 1.346431, loss: 5.569813, avg_reader_cost: 0.00341 s, avg_batch_cost: 0.63764 s, avg_samples: 104.4, ips: 163.72944 samples/s, eta: 3:14:12, max_mem_reserved: 19535 MB, max_mem_allocated: 14171 MB
[2025/10/31 10:47:55] ppocr INFO: epoch: [3/20], global_step: 2480, lr: 0.000100, acc: 0.690809, norm_edit_dis: 0.951761, CTCLoss: 4.157468, NRTRLoss: 1.336615, loss: 5.491702, avg_reader_cost: 0.00291 s, avg_batch_cost: 0.55921 s, avg_samples: 83.2, ips: 148.78124 samples/s, eta: 3:14:03, max_mem_reserved: 19535 MB, max_mem_allocated: 14171 MB
[2025/10/31 10:48:01] ppocr INFO: epoch: [3/20], global_step: 2490, lr: 0.000100, acc: 0.702573, norm_edit_dis: 0.953482, CTCLoss: 3.597775, NRTRLoss: 1.340690, loss: 4.926978, avg_reader_cost: 0.00336 s, avg_batch_cost: 0.59047 s, avg_samples: 95.9, ips: 162.41209 samples/s, eta: 3:13:56, max_mem_reserved: 19535 MB, max_mem_allocated: 14171 MB
[2025/10/31 10:48:07] ppocr INFO: epoch: [3/20], global_step: 2500, lr: 0.000100, acc: 0.711765, norm_edit_dis: 0.956624, CTCLoss: 3.377817, NRTRLoss: 1.349564, loss: 4.712614, avg_reader_cost: 0.00299 s, avg_batch_cost: 0.58853 s, avg_samples: 95.9, ips: 162.94812 samples/s, eta: 3:13:48, max_mem_reserved: 19535 MB, max_mem_allocated: 14171 MB
[2025/10/31 10:48:37] ppocr INFO: cur metric, acc: 0.7980999992019, norm_edit_dis: 0.973398363164912, fps: 729.5754721214872
[2025/10/31 10:48:40] ppocr INFO: save best model is to ./output/best_accuracy
[2025/10/31 10:48:40] ppocr INFO: best metric, acc: 0.7980999992019, is_float16: False, norm_edit_dis: 0.973398363164912, fps: 729.5754721214872, best_epoch: 3
[2025/10/31 10:48:46] ppocr INFO: epoch: [3/20], global_step: 2510, lr: 0.000100, acc: 0.751470, norm_edit_dis: 0.959187, CTCLoss: 3.543862, NRTRLoss: 1.349564, loss: 4.898277, avg_reader_cost: 0.00295 s, avg_batch_cost: 0.61252 s, avg_samples: 93.7, ips: 152.97532 samples/s, eta: 3:13:43, max_mem_reserved: 19535 MB, max_mem_allocated: 14171 MB
[2025/10/31 10:48:52] ppocr INFO: epoch: [3/20], global_step: 2520, lr: 0.000100, acc: 0.758823, norm_edit_dis: 0.960509, CTCLoss: 3.775504, NRTRLoss: 1.340325, loss: 5.120056, avg_reader_cost: 0.00297 s, avg_batch_cost: 0.58093 s, avg_samples: 91.6, ips: 157.67843 samples/s, eta: 3:13:35, max_mem_reserved: 19535 MB, max_mem_allocated: 14171 MB
[2025/10/31 10:48:57] ppocr INFO: epoch: [3/20], global_step: 2530, lr: 0.000100, acc: 0.734375, norm_edit_dis: 0.958445, CTCLoss: 3.477368, NRTRLoss: 1.342045, loss: 4.828331, avg_reader_cost: 0.00296 s, avg_batch_cost: 0.56067 s, avg_samples: 81.0, ips: 144.47001 samples/s, eta: 3:13:25, max_mem_reserved: 19535 MB, max_mem_allocated: 14171 MB
[2025/10/31 10:49:03] ppocr INFO: epoch: [3/20], global_step: 2540, lr: 0.000100, acc: 0.742187, norm_edit_dis: 0.962056, CTCLoss: 3.351407, NRTRLoss: 1.338411, loss: 4.704798, avg_reader_cost: 0.00302 s, avg_batch_cost: 0.54781 s, avg_samples: 87.3, ips: 159.36052 samples/s, eta: 3:13:15, max_mem_reserved: 19535 MB, max_mem_allocated: 14171 MB
[2025/10/31 10:49:09] ppocr INFO: epoch: [3/20], global_step: 2550, lr: 0.000100, acc: 0.757353, norm_edit_dis: 0.964340, CTCLoss: 3.210345, NRTRLoss: 1.330907, loss: 4.537826, avg_reader_cost: 0.00334 s, avg_batch_cost: 0.56282 s, avg_samples: 83.1, ips: 147.64913 samples/s, eta: 3:13:06, max_mem_reserved: 19535 MB, max_mem_allocated: 14171 MB
[2025/10/31 10:49:38] ppocr INFO: cur metric, acc: 0.7975999992024, norm_edit_dis: 0.9727586958419159, fps: 745.6380049424714
[2025/10/31 10:49:38] ppocr INFO: best metric, acc: 0.7980999992019, is_float16: False, norm_edit_dis: 0.973398363164912, fps: 729.5754721214872, best_epoch: 3
[2025/10/31 10:49:44] ppocr INFO: epoch: [3/20], global_step: 2560, lr: 0.000100, acc: 0.764706, norm_edit_dis: 0.965519, CTCLoss: 3.046705, NRTRLoss: 1.334873, loss: 4.390460, avg_reader_cost: 0.00363 s, avg_batch_cost: 0.62145 s, avg_samples: 87.3, ips: 140.47779 samples/s, eta: 3:13:01, max_mem_reserved: 19535 MB, max_mem_allocated: 14171 MB
[2025/10/31 10:49:50] ppocr INFO: epoch: [3/20], global_step: 2570, lr: 0.000100, acc: 0.757353, norm_edit_dis: 0.963554, CTCLoss: 3.789913, NRTRLoss: 1.340293, loss: 5.133062, avg_reader_cost: 0.00337 s, avg_batch_cost: 0.60332 s, avg_samples: 95.9, ips: 158.95449 samples/s, eta: 3:12:55, max_mem_reserved: 19535 MB, max_mem_allocated: 14171 MB
[2025/10/31 10:49:56] ppocr INFO: epoch: [3/20], global_step: 2580, lr: 0.000100, acc: 0.710937, norm_edit_dis: 0.957367, CTCLoss: 3.789010, NRTRLoss: 1.338786, loss: 5.132263, avg_reader_cost: 0.00287 s, avg_batch_cost: 0.59525 s, avg_samples: 91.6, ips: 153.88410 samples/s, eta: 3:12:48, max_mem_reserved: 19535 MB, max_mem_allocated: 14171 MB
[2025/10/31 10:50:03] ppocr INFO: epoch: [3/20], global_step: 2590, lr: 0.000100, acc: 0.638051, norm_edit_dis: 0.933728, CTCLoss: 5.559782, NRTRLoss: 1.349349, loss: 6.907512, avg_reader_cost: 0.00337 s, avg_batch_cost: 0.65042 s, avg_samples: 113.0, ips: 173.73469 samples/s, eta: 3:12:46, max_mem_reserved: 19535 MB, max_mem_allocated: 14171 MB
[2025/10/31 10:50:09] ppocr INFO: epoch: [3/20], global_step: 2600, lr: 0.000100, acc: 0.585937, norm_edit_dis: 0.912129, CTCLoss: 6.428027, NRTRLoss: 1.351503, loss: 7.790771, avg_reader_cost: 0.00285 s, avg_batch_cost: 0.62096 s, avg_samples: 104.5, ips: 168.28692 samples/s, eta: 3:12:41, max_mem_reserved: 19535 MB, max_mem_allocated: 14171 MB
[2025/10/31 10:50:39] ppocr INFO: cur metric, acc: 0.7807999992192001, norm_edit_dis: 0.968894830156384, fps: 753.9797908873388
[2025/10/31 10:50:39] ppocr INFO: best metric, acc: 0.7980999992019, is_float16: False, norm_edit_dis: 0.973398363164912, fps: 729.5754721214872, best_epoch: 3
[2025/10/31 10:50:44] ppocr INFO: epoch: [3/20], global_step: 2610, lr: 0.000100, acc: 0.656250, norm_edit_dis: 0.934998, CTCLoss: 4.869038, NRTRLoss: 1.346387, loss: 6.225873, avg_reader_cost: 0.00303 s, avg_batch_cost: 0.59257 s, avg_samples: 93.8, ips: 158.29478 samples/s, eta: 3:12:34, max_mem_reserved: 19535 MB, max_mem_allocated: 14171 MB
[2025/10/31 10:50:51] ppocr INFO: epoch: [3/20], global_step: 2620, lr: 0.000100, acc: 0.570312, norm_edit_dis: 0.911597, CTCLoss: 6.143758, NRTRLoss: 1.350507, loss: 7.523867, avg_reader_cost: 0.00300 s, avg_batch_cost: 0.62649 s, avg_samples: 113.0, ips: 180.36907 samples/s, eta: 3:12:29, max_mem_reserved: 19535 MB, max_mem_allocated: 14171 MB
[2025/10/31 10:50:56] ppocr INFO: epoch: [3/20], global_step: 2630, lr: 0.000100, acc: 0.729412, norm_edit_dis: 0.956974, CTCLoss: 4.205724, NRTRLoss: 1.342714, loss: 5.537557, avg_reader_cost: 0.00369 s, avg_batch_cost: 0.54646 s, avg_samples: 83.0, ips: 151.88606 samples/s, eta: 3:12:19, max_mem_reserved: 19535 MB, max_mem_allocated: 14171 MB
[2025/10/31 10:51:02] ppocr INFO: epoch: [3/20], global_step: 2640, lr: 0.000100, acc: 0.742187, norm_edit_dis: 0.962577, CTCLoss: 3.228644, NRTRLoss: 1.342142, loss: 4.563574, avg_reader_cost: 0.00298 s, avg_batch_cost: 0.62213 s, avg_samples: 89.5, ips: 143.86146 samples/s, eta: 3:12:14, max_mem_reserved: 19535 MB, max_mem_allocated: 14171 MB
[2025/10/31 10:51:09] ppocr INFO: epoch: [3/20], global_step: 2650, lr: 0.000100, acc: 0.726562, norm_edit_dis: 0.963321, CTCLoss: 3.291669, NRTRLoss: 1.346270, loss: 4.646096, avg_reader_cost: 0.00302 s, avg_batch_cost: 0.67798 s, avg_samples: 102.3, ips: 150.88889 samples/s, eta: 3:12:14, max_mem_reserved: 19535 MB, max_mem_allocated: 14171 MB
[2025/10/31 10:51:39] ppocr INFO: cur metric, acc: 0.7922999992077, norm_edit_dis: 0.9721141564453853, fps: 747.4355720792066
[2025/10/31 10:51:39] ppocr INFO: best metric, acc: 0.7980999992019, is_float16: False, norm_edit_dis: 0.973398363164912, fps: 729.5754721214872, best_epoch: 3
[2025/10/31 10:51:46] ppocr INFO: epoch: [3/20], global_step: 2660, lr: 0.000100, acc: 0.704595, norm_edit_dis: 0.961465, CTCLoss: 3.736258, NRTRLoss: 1.341526, loss: 5.078938, avg_reader_cost: 0.00339 s, avg_batch_cost: 0.63910 s, avg_samples: 98.0, ips: 153.33958 samples/s, eta: 3:12:10, max_mem_reserved: 19535 MB, max_mem_allocated: 14171 MB
[2025/10/31 10:51:52] ppocr INFO: epoch: [3/20], global_step: 2670, lr: 0.000100, acc: 0.778860, norm_edit_dis: 0.964937, CTCLoss: 2.789184, NRTRLoss: 1.338454, loss: 4.127506, avg_reader_cost: 0.00292 s, avg_batch_cost: 0.58190 s, avg_samples: 80.8, ips: 138.85435 samples/s, eta: 3:12:02, max_mem_reserved: 19535 MB, max_mem_allocated: 14171 MB
[2025/10/31 10:51:57] ppocr INFO: epoch: [3/20], global_step: 2680, lr: 0.000100, acc: 0.781250, norm_edit_dis: 0.968217, CTCLoss: 2.789184, NRTRLoss: 1.339670, loss: 4.128800, avg_reader_cost: 0.00321 s, avg_batch_cost: 0.57429 s, avg_samples: 81.0, ips: 141.04474 samples/s, eta: 3:11:54, max_mem_reserved: 19535 MB, max_mem_allocated: 14171 MB
[2025/10/31 10:52:03] ppocr INFO: epoch: [3/20], global_step: 2690, lr: 0.000100, acc: 0.749540, norm_edit_dis: 0.961618, CTCLoss: 3.071458, NRTRLoss: 1.337497, loss: 4.408943, avg_reader_cost: 0.00294 s, avg_batch_cost: 0.58525 s, avg_samples: 91.6, ips: 156.51413 samples/s, eta: 3:11:47, max_mem_reserved: 19535 MB, max_mem_allocated: 14171 MB
[2025/10/31 10:52:09] ppocr INFO: epoch: [3/20], global_step: 2700, lr: 0.000100, acc: 0.770588, norm_edit_dis: 0.966302, CTCLoss: 3.038593, NRTRLoss: 1.334797, loss: 4.367332, avg_reader_cost: 0.00292 s, avg_batch_cost: 0.55249 s, avg_samples: 83.0, ips: 150.22771 samples/s, eta: 3:11:37, max_mem_reserved: 19535 MB, max_mem_allocated: 14171 MB
[2025/10/31 10:52:39] ppocr INFO: cur metric, acc: 0.8113999991886001, norm_edit_dis: 0.9745948559244033, fps: 744.245244428604
[2025/10/31 10:52:42] ppocr INFO: save best model is to ./output/best_accuracy
[2025/10/31 10:52:42] ppocr INFO: best metric, acc: 0.8113999991886001, is_float16: False, norm_edit_dis: 0.9745948559244033, fps: 744.245244428604, best_epoch: 3
[2025/10/31 10:52:47] ppocr INFO: epoch: [3/20], global_step: 2710, lr: 0.000100, acc: 0.796875, norm_edit_dis: 0.967337, CTCLoss: 2.631739, NRTRLoss: 1.334797, loss: 3.967629, avg_reader_cost: 0.00307 s, avg_batch_cost: 0.59073 s, avg_samples: 89.5, ips: 151.50808 samples/s, eta: 3:11:30, max_mem_reserved: 19535 MB, max_mem_allocated: 14171 MB
[2025/10/31 10:52:53] ppocr INFO: epoch: [3/20], global_step: 2720, lr: 0.000100, acc: 0.804320, norm_edit_dis: 0.970803, CTCLoss: 2.577441, NRTRLoss: 1.332256, loss: 3.908992, avg_reader_cost: 0.00294 s, avg_batch_cost: 0.57451 s, avg_samples: 85.1, ips: 148.12558 samples/s, eta: 3:11:22, max_mem_reserved: 19535 MB, max_mem_allocated: 14171 MB
[2025/10/31 10:52:59] ppocr INFO: epoch: [3/20], global_step: 2730, lr: 0.000100, acc: 0.764706, norm_edit_dis: 0.968628, CTCLoss: 2.729532, NRTRLoss: 1.337431, loss: 4.069685, avg_reader_cost: 0.00328 s, avg_batch_cost: 0.58697 s, avg_samples: 87.4, ips: 148.90030 samples/s, eta: 3:11:15, max_mem_reserved: 19535 MB, max_mem_allocated: 14171 MB
[2025/10/31 10:53:05] ppocr INFO: epoch: [3/20], global_step: 2740, lr: 0.000100, acc: 0.758823, norm_edit_dis: 0.968039, CTCLoss: 2.795106, NRTRLoss: 1.339530, loss: 4.135438, avg_reader_cost: 0.00295 s, avg_batch_cost: 0.60162 s, avg_samples: 85.2, ips: 141.61821 samples/s, eta: 3:11:08, max_mem_reserved: 19535 MB, max_mem_allocated: 14171 MB
[2025/10/31 10:53:11] ppocr INFO: epoch: [3/20], global_step: 2750, lr: 0.000100, acc: 0.758823, norm_edit_dis: 0.968306, CTCLoss: 2.908086, NRTRLoss: 1.340312, loss: 4.247768, avg_reader_cost: 0.00296 s, avg_batch_cost: 0.62070 s, avg_samples: 102.3, ips: 164.81286 samples/s, eta: 3:11:03, max_mem_reserved: 19535 MB, max_mem_allocated: 14171 MB
[2025/10/31 10:53:43] ppocr INFO: cur metric, acc: 0.8166999991833, norm_edit_dis: 0.976446667093473, fps: 726.5352027735073
[2025/10/31 10:53:46] ppocr INFO: save best model is to ./output/best_accuracy
[2025/10/31 10:53:46] ppocr INFO: best metric, acc: 0.8166999991833, is_float16: False, norm_edit_dis: 0.976446667093473, fps: 726.5352027735073, best_epoch: 3
[2025/10/31 10:53:51] ppocr INFO: epoch: [3/20], global_step: 2760, lr: 0.000100, acc: 0.753401, norm_edit_dis: 0.966003, CTCLoss: 3.099228, NRTRLoss: 1.341891, loss: 4.441119, avg_reader_cost: 0.00309 s, avg_batch_cost: 0.57411 s, avg_samples: 83.1, ips: 144.74548 samples/s, eta: 3:10:55, max_mem_reserved: 19535 MB, max_mem_allocated: 14171 MB
[2025/10/31 10:53:58] ppocr INFO: epoch: [3/20], global_step: 2770, lr: 0.000100, acc: 0.726011, norm_edit_dis: 0.958567, CTCLoss: 3.335236, NRTRLoss: 1.345355, loss: 4.678302, avg_reader_cost: 0.00325 s, avg_batch_cost: 0.63416 s, avg_samples: 102.3, ips: 161.31614 samples/s, eta: 3:10:51, max_mem_reserved: 19535 MB, max_mem_allocated: 14171 MB
[2025/10/31 10:54:04] ppocr INFO: epoch: [3/20], global_step: 2780, lr: 0.000100, acc: 0.652344, norm_edit_dis: 0.939420, CTCLoss: 4.607077, NRTRLoss: 1.347393, loss: 5.949432, avg_reader_cost: 0.00299 s, avg_batch_cost: 0.65154 s, avg_samples: 100.2, ips: 153.78946 samples/s, eta: 3:10:48, max_mem_reserved: 19535 MB, max_mem_allocated: 14171 MB
[2025/10/31 10:54:10] ppocr INFO: epoch: [3/20], global_step: 2790, lr: 0.000100, acc: 0.726011, norm_edit_dis: 0.961370, CTCLoss: 3.405828, NRTRLoss: 1.345301, loss: 4.729612, avg_reader_cost: 0.00360 s, avg_batch_cost: 0.63117 s, avg_samples: 93.8, ips: 148.61355 samples/s, eta: 3:10:44, max_mem_reserved: 19535 MB, max_mem_allocated: 14171 MB
[2025/10/31 10:54:16] ppocr INFO: epoch: [3/20], global_step: 2800, lr: 0.000100, acc: 0.734375, norm_edit_dis: 0.960370, CTCLoss: 2.991720, NRTRLoss: 1.344100, loss: 4.340711, avg_reader_cost: 0.00287 s, avg_batch_cost: 0.60225 s, avg_samples: 93.8, ips: 155.74982 samples/s, eta: 3:10:38, max_mem_reserved: 19535 MB, max_mem_allocated: 14171 MB
[2025/10/31 10:54:47] ppocr INFO: cur metric, acc: 0.8089999991910001, norm_edit_dis: 0.9738000886818845, fps: 700.3799878836699
[2025/10/31 10:54:47] ppocr INFO: best metric, acc: 0.8166999991833, is_float16: False, norm_edit_dis: 0.976446667093473, fps: 726.5352027735073, best_epoch: 3
[2025/10/31 10:54:53] ppocr INFO: epoch: [3/20], global_step: 2810, lr: 0.000100, acc: 0.758823, norm_edit_dis: 0.962139, CTCLoss: 2.963666, NRTRLoss: 1.340598, loss: 4.301307, avg_reader_cost: 0.00298 s, avg_batch_cost: 0.59998 s, avg_samples: 85.2, ips: 142.00418 samples/s, eta: 3:10:32, max_mem_reserved: 19535 MB, max_mem_allocated: 14171 MB
[2025/10/31 10:54:59] ppocr INFO: epoch: [3/20], global_step: 2820, lr: 0.000100, acc: 0.778860, norm_edit_dis: 0.962338, CTCLoss: 2.737424, NRTRLoss: 1.332830, loss: 4.103296, avg_reader_cost: 0.00396 s, avg_batch_cost: 0.61674 s, avg_samples: 85.2, ips: 138.14503 samples/s, eta: 3:10:26, max_mem_reserved: 19535 MB, max_mem_allocated: 14171 MB
[2025/10/31 10:55:05] ppocr INFO: epoch: [3/20], global_step: 2830, lr: 0.000100, acc: 0.782353, norm_edit_dis: 0.966291, CTCLoss: 2.833208, NRTRLoss: 1.332830, loss: 4.168246, avg_reader_cost: 0.00294 s, avg_batch_cost: 0.58406 s, avg_samples: 85.2, ips: 145.87519 samples/s, eta: 3:10:19, max_mem_reserved: 19535 MB, max_mem_allocated: 14171 MB
[2025/10/31 10:55:11] ppocr INFO: epoch: [3/20], global_step: 2840, lr: 0.000100, acc: 0.751470, norm_edit_dis: 0.966063, CTCLoss: 2.879586, NRTRLoss: 1.337960, loss: 4.213794, avg_reader_cost: 0.00288 s, avg_batch_cost: 0.59769 s, avg_samples: 98.0, ips: 163.96342 samples/s, eta: 3:10:13, max_mem_reserved: 19535 MB, max_mem_allocated: 14171 MB
[2025/10/31 10:55:17] ppocr INFO: epoch: [3/20], global_step: 2850, lr: 0.000100, acc: 0.747059, norm_edit_dis: 0.965795, CTCLoss: 2.754616, NRTRLoss: 1.338000, loss: 4.091551, avg_reader_cost: 0.00340 s, avg_batch_cost: 0.60789 s, avg_samples: 91.6, ips: 150.68640 samples/s, eta: 3:10:07, max_mem_reserved: 19535 MB, max_mem_allocated: 14171 MB
[2025/10/31 10:55:48] ppocr INFO: cur metric, acc: 0.8186999991813, norm_edit_dis: 0.9752414121608632, fps: 726.5504561207457
[2025/10/31 10:55:50] ppocr INFO: save best model is to ./output/best_accuracy
[2025/10/31 10:55:50] ppocr INFO: best metric, acc: 0.8186999991813, is_float16: False, norm_edit_dis: 0.9752414121608632, fps: 726.5504561207457, best_epoch: 3
[2025/10/31 10:55:57] ppocr INFO: epoch: [3/20], global_step: 2860, lr: 0.000100, acc: 0.752941, norm_edit_dis: 0.963597, CTCLoss: 2.787340, NRTRLoss: 1.335110, loss: 4.119258, avg_reader_cost: 0.00323 s, avg_batch_cost: 0.64675 s, avg_samples: 91.5, ips: 141.47751 samples/s, eta: 3:10:03, max_mem_reserved: 19535 MB, max_mem_allocated: 14171 MB
[2025/10/31 10:56:03] ppocr INFO: epoch: [3/20], global_step: 2870, lr: 0.000100, acc: 0.751470, norm_edit_dis: 0.963958, CTCLoss: 2.829075, NRTRLoss: 1.335911, loss: 4.154938, avg_reader_cost: 0.00300 s, avg_batch_cost: 0.59884 s, avg_samples: 93.7, ips: 156.46956 samples/s, eta: 3:09:57, max_mem_reserved: 19535 MB, max_mem_allocated: 14171 MB
[2025/10/31 10:56:08] ppocr INFO: epoch: [3/20], global_step: 2880, lr: 0.000100, acc: 0.788235, norm_edit_dis: 0.971896, CTCLoss: 2.473720, NRTRLoss: 1.334343, loss: 3.809130, avg_reader_cost: 0.00287 s, avg_batch_cost: 0.54031 s, avg_samples: 80.9, ips: 149.72983 samples/s, eta: 3:09:47, max_mem_reserved: 19535 MB, max_mem_allocated: 14171 MB
[2025/10/31 10:56:14] ppocr INFO: epoch: [3/20], global_step: 2890, lr: 0.000100, acc: 0.771048, norm_edit_dis: 0.968163, CTCLoss: 2.640841, NRTRLoss: 1.335069, loss: 3.987378, avg_reader_cost: 0.00291 s, avg_batch_cost: 0.61121 s, avg_samples: 91.6, ips: 149.86578 samples/s, eta: 3:09:41, max_mem_reserved: 19535 MB, max_mem_allocated: 14171 MB
[2025/10/31 10:56:20] ppocr INFO: epoch: [3/20], global_step: 2900, lr: 0.000100, acc: 0.778860, norm_edit_dis: 0.967826, CTCLoss: 2.491069, NRTRLoss: 1.339857, loss: 3.834769, avg_reader_cost: 0.00361 s, avg_batch_cost: 0.57260 s, avg_samples: 74.6, ips: 130.28245 samples/s, eta: 3:09:33, max_mem_reserved: 19535 MB, max_mem_allocated: 14171 MB
[2025/10/31 10:56:50] ppocr INFO: cur metric, acc: 0.8253999991746, norm_edit_dis: 0.976572963992644, fps: 755.2256739391933
[2025/10/31 10:56:53] ppocr INFO: save best model is to ./output/best_accuracy
[2025/10/31 10:56:53] ppocr INFO: best metric, acc: 0.8253999991746, is_float16: False, norm_edit_dis: 0.976572963992644, fps: 755.2256739391933, best_epoch: 3
[2025/10/31 10:57:00] ppocr INFO: epoch: [3/20], global_step: 2910, lr: 0.000100, acc: 0.781250, norm_edit_dis: 0.968634, CTCLoss: 2.381284, NRTRLoss: 1.339857, loss: 3.707760, avg_reader_cost: 0.00315 s, avg_batch_cost: 0.62725 s, avg_samples: 93.8, ips: 149.54078 samples/s, eta: 3:09:28, max_mem_reserved: 19535 MB, max_mem_allocated: 14171 MB
[2025/10/31 10:57:06] ppocr INFO: epoch: [3/20], global_step: 2920, lr: 0.000100, acc: 0.751470, norm_edit_dis: 0.961621, CTCLoss: 3.359620, NRTRLoss: 1.343724, loss: 4.706856, avg_reader_cost: 0.00335 s, avg_batch_cost: 0.63877 s, avg_samples: 91.6, ips: 143.40127 samples/s, eta: 3:09:25, max_mem_reserved: 19535 MB, max_mem_allocated: 14171 MB
[2025/10/31 10:57:12] ppocr INFO: epoch: [3/20], global_step: 2930, lr: 0.000100, acc: 0.752941, norm_edit_dis: 0.962487, CTCLoss: 2.940259, NRTRLoss: 1.340616, loss: 4.273892, avg_reader_cost: 0.00296 s, avg_batch_cost: 0.61860 s, avg_samples: 89.5, ips: 144.68090 samples/s, eta: 3:09:19, max_mem_reserved: 19535 MB, max_mem_allocated: 14171 MB
[2025/10/31 10:57:18] ppocr INFO: epoch: [3/20], global_step: 2940, lr: 0.000100, acc: 0.743658, norm_edit_dis: 0.962268, CTCLoss: 2.639376, NRTRLoss: 1.339629, loss: 3.972472, avg_reader_cost: 0.00290 s, avg_batch_cost: 0.56733 s, avg_samples: 89.5, ips: 157.75789 samples/s, eta: 3:09:11, max_mem_reserved: 19535 MB, max_mem_allocated: 14171 MB
[2025/10/31 10:57:24] ppocr INFO: epoch: [3/20], global_step: 2950, lr: 0.000100, acc: 0.781250, norm_edit_dis: 0.970363, CTCLoss: 2.390581, NRTRLoss: 1.336863, loss: 3.726640, avg_reader_cost: 0.00345 s, avg_batch_cost: 0.59143 s, avg_samples: 83.0, ips: 140.33667 samples/s, eta: 3:09:04, max_mem_reserved: 19535 MB, max_mem_allocated: 14171 MB
[2025/10/31 10:57:53] ppocr INFO: cur metric, acc: 0.8291999991708, norm_edit_dis: 0.9781043559574475, fps: 777.504527792178
[2025/10/31 10:57:56] ppocr INFO: save best model is to ./output/best_accuracy
[2025/10/31 10:57:56] ppocr INFO: best metric, acc: 0.8291999991708, is_float16: False, norm_edit_dis: 0.9781043559574475, fps: 777.504527792178, best_epoch: 3
[2025/10/31 10:58:02] ppocr INFO: epoch: [3/20], global_step: 2960, lr: 0.000100, acc: 0.806250, norm_edit_dis: 0.972036, CTCLoss: 2.403936, NRTRLoss: 1.336789, loss: 3.736260, avg_reader_cost: 0.00319 s, avg_batch_cost: 0.59843 s, avg_samples: 91.6, ips: 153.06793 samples/s, eta: 3:08:58, max_mem_reserved: 19535 MB, max_mem_allocated: 14171 MB
[2025/10/31 10:58:08] ppocr INFO: epoch: [3/20], global_step: 2970, lr: 0.000100, acc: 0.765625, norm_edit_dis: 0.963568, CTCLoss: 2.744125, NRTRLoss: 1.338722, loss: 4.084937, avg_reader_cost: 0.00295 s, avg_batch_cost: 0.59612 s, avg_samples: 95.9, ips: 160.87432 samples/s, eta: 3:08:51, max_mem_reserved: 19535 MB, max_mem_allocated: 14171 MB
[2025/10/31 10:58:14] ppocr INFO: epoch: [3/20], global_step: 2980, lr: 0.000100, acc: 0.765625, norm_edit_dis: 0.965004, CTCLoss: 2.662414, NRTRLoss: 1.335827, loss: 3.997406, avg_reader_cost: 0.00289 s, avg_batch_cost: 0.61300 s, avg_samples: 91.6, ips: 149.43020 samples/s, eta: 3:08:46, max_mem_reserved: 19535 MB, max_mem_allocated: 14171 MB
[2025/10/31 10:58:20] ppocr INFO: epoch: [3/20], global_step: 2990, lr: 0.000100, acc: 0.782353, norm_edit_dis: 0.969354, CTCLoss: 2.430089, NRTRLoss: 1.333706, loss: 3.762766, avg_reader_cost: 0.00293 s, avg_batch_cost: 0.60924 s, avg_samples: 93.7, ips: 153.79775 samples/s, eta: 3:08:40, max_mem_reserved: 19535 MB, max_mem_allocated: 14171 MB
[2025/10/31 10:58:26] ppocr INFO: epoch: [3/20], global_step: 3000, lr: 0.000100, acc: 0.772978, norm_edit_dis: 0.966685, CTCLoss: 2.629437, NRTRLoss: 1.338831, loss: 3.958880, avg_reader_cost: 0.00291 s, avg_batch_cost: 0.58234 s, avg_samples: 95.9, ips: 164.67962 samples/s, eta: 3:08:33, max_mem_reserved: 19535 MB, max_mem_allocated: 14171 MB
[2025/10/31 10:58:57] ppocr INFO: cur metric, acc: 0.8178999991821, norm_edit_dis: 0.9753283074810379, fps: 744.9072037926206
[2025/10/31 10:58:57] ppocr INFO: best metric, acc: 0.8291999991708, is_float16: False, norm_edit_dis: 0.9781043559574475, fps: 777.504527792178, best_epoch: 3
[2025/10/31 10:59:03] ppocr INFO: epoch: [3/20], global_step: 3010, lr: 0.000100, acc: 0.790625, norm_edit_dis: 0.969600, CTCLoss: 2.697737, NRTRLoss: 1.340704, loss: 4.028066, avg_reader_cost: 0.00309 s, avg_batch_cost: 0.62714 s, avg_samples: 85.2, ips: 135.85415 samples/s, eta: 3:08:28, max_mem_reserved: 19535 MB, max_mem_allocated: 14171 MB
[2025/10/31 10:59:09] ppocr INFO: epoch: [3/20], global_step: 3020, lr: 0.000100, acc: 0.812132, norm_edit_dis: 0.972526, CTCLoss: 2.073456, NRTRLoss: 1.339750, loss: 3.432295, avg_reader_cost: 0.00722 s, avg_batch_cost: 0.58146 s, avg_samples: 85.1, ips: 146.35551 samples/s, eta: 3:08:20, max_mem_reserved: 19535 MB, max_mem_allocated: 14171 MB
[2025/10/31 10:59:15] ppocr INFO: epoch: [3/20], global_step: 3030, lr: 0.000100, acc: 0.784743, norm_edit_dis: 0.969888, CTCLoss: 2.422217, NRTRLoss: 1.342363, loss: 3.748760, avg_reader_cost: 0.00424 s, avg_batch_cost: 0.62773 s, avg_samples: 100.2, ips: 159.62319 samples/s, eta: 3:08:16, max_mem_reserved: 19535 MB, max_mem_allocated: 14171 MB
[2025/10/31 10:59:21] ppocr INFO: epoch: [3/20], global_step: 3040, lr: 0.000100, acc: 0.790625, norm_edit_dis: 0.969974, CTCLoss: 2.867107, NRTRLoss: 1.337720, loss: 4.208856, avg_reader_cost: 0.00290 s, avg_batch_cost: 0.54724 s, avg_samples: 85.2, ips: 155.68964 samples/s, eta: 3:08:06, max_mem_reserved: 19535 MB, max_mem_allocated: 14171 MB
[2025/10/31 10:59:27] ppocr INFO: epoch: [3/20], global_step: 3050, lr: 0.000100, acc: 0.788235, norm_edit_dis: 0.972824, CTCLoss: 2.680120, NRTRLoss: 1.339117, loss: 4.028693, avg_reader_cost: 0.00290 s, avg_batch_cost: 0.63551 s, avg_samples: 98.0, ips: 154.20574 samples/s, eta: 3:08:02, max_mem_reserved: 19535 MB, max_mem_allocated: 14171 MB
[2025/10/31 10:59:57] ppocr INFO: cur metric, acc: 0.8102999991897, norm_edit_dis: 0.9740136458807773, fps: 736.2095814646465
[2025/10/31 10:59:57] ppocr INFO: best metric, acc: 0.8291999991708, is_float16: False, norm_edit_dis: 0.9781043559574475, fps: 777.504527792178, best_epoch: 3
[2025/10/31 11:00:04] ppocr INFO: epoch: [3/20], global_step: 3060, lr: 0.000100, acc: 0.782353, norm_edit_dis: 0.967771, CTCLoss: 3.213960, NRTRLoss: 1.342308, loss: 4.552352, avg_reader_cost: 0.00328 s, avg_batch_cost: 0.62257 s, avg_samples: 93.7, ips: 150.50530 samples/s, eta: 3:07:57, max_mem_reserved: 19535 MB, max_mem_allocated: 14171 MB
[2025/10/31 11:00:09] ppocr INFO: epoch: [3/20], global_step: 3070, lr: 0.000100, acc: 0.788235, norm_edit_dis: 0.968010, CTCLoss: 2.808529, NRTRLoss: 1.340035, loss: 4.157075, avg_reader_cost: 0.00288 s, avg_batch_cost: 0.58466 s, avg_samples: 93.7, ips: 160.26292 samples/s, eta: 3:07:50, max_mem_reserved: 19535 MB, max_mem_allocated: 14171 MB
[2025/10/31 11:00:15] ppocr INFO: epoch: [3/20], global_step: 3080, lr: 0.000100, acc: 0.771048, norm_edit_dis: 0.966633, CTCLoss: 2.976443, NRTRLoss: 1.344870, loss: 4.330915, avg_reader_cost: 0.00289 s, avg_batch_cost: 0.60915 s, avg_samples: 95.9, ips: 157.43204 samples/s, eta: 3:07:44, max_mem_reserved: 19535 MB, max_mem_allocated: 14171 MB
[2025/10/31 11:00:21] ppocr INFO: epoch: [3/20], global_step: 3090, lr: 0.000100, acc: 0.771048, norm_edit_dis: 0.966633, CTCLoss: 2.750154, NRTRLoss: 1.339032, loss: 4.092920, avg_reader_cost: 0.00294 s, avg_batch_cost: 0.59327 s, avg_samples: 83.2, ips: 140.24024 samples/s, eta: 3:07:38, max_mem_reserved: 19535 MB, max_mem_allocated: 14171 MB
[2025/10/31 11:00:27] ppocr INFO: epoch: [3/20], global_step: 3100, lr: 0.000100, acc: 0.780882, norm_edit_dis: 0.967414, CTCLoss: 2.651966, NRTRLoss: 1.337721, loss: 3.995596, avg_reader_cost: 0.00312 s, avg_batch_cost: 0.59723 s, avg_samples: 95.9, ips: 160.57532 samples/s, eta: 3:07:31, max_mem_reserved: 19535 MB, max_mem_allocated: 14171 MB
[2025/10/31 11:00:58] ppocr INFO: cur metric, acc: 0.8340999991659, norm_edit_dis: 0.9784692275878872, fps: 764.6257900195893
[2025/10/31 11:01:01] ppocr INFO: save best model is to ./output/best_accuracy
[2025/10/31 11:01:01] ppocr INFO: best metric, acc: 0.8340999991659, is_float16: False, norm_edit_dis: 0.9784692275878872, fps: 764.6257900195893, best_epoch: 3
[2025/10/31 11:01:07] ppocr INFO: epoch: [3/20], global_step: 3110, lr: 0.000100, acc: 0.757812, norm_edit_dis: 0.960603, CTCLoss: 2.923366, NRTRLoss: 1.342095, loss: 4.257698, avg_reader_cost: 0.00331 s, avg_batch_cost: 0.63743 s, avg_samples: 104.4, ips: 163.78387 samples/s, eta: 3:07:27, max_mem_reserved: 19535 MB, max_mem_allocated: 14171 MB
[2025/10/31 11:01:12] ppocr INFO: epoch: [3/20], global_step: 3120, lr: 0.000100, acc: 0.778860, norm_edit_dis: 0.969902, CTCLoss: 2.644012, NRTRLoss: 1.339286, loss: 3.993617, avg_reader_cost: 0.00300 s, avg_batch_cost: 0.55267 s, avg_samples: 78.8, ips: 142.58000 samples/s, eta: 3:07:18, max_mem_reserved: 19535 MB, max_mem_allocated: 14171 MB
[2025/10/31 11:01:18] ppocr INFO: epoch: [3/20], global_step: 3130, lr: 0.000100, acc: 0.811765, norm_edit_dis: 0.972692, CTCLoss: 2.357055, NRTRLoss: 1.339079, loss: 3.696481, avg_reader_cost: 0.00295 s, avg_batch_cost: 0.59557 s, avg_samples: 89.5, ips: 150.27660 samples/s, eta: 3:07:11, max_mem_reserved: 19535 MB, max_mem_allocated: 14171 MB
[2025/10/31 11:01:24] ppocr INFO: epoch: [3/20], global_step: 3140, lr: 0.000100, acc: 0.806250, norm_edit_dis: 0.972692, CTCLoss: 2.115724, NRTRLoss: 1.336244, loss: 3.452419, avg_reader_cost: 0.00297 s, avg_batch_cost: 0.55521 s, avg_samples: 91.6, ips: 164.98313 samples/s, eta: 3:07:02, max_mem_reserved: 19535 MB, max_mem_allocated: 14171 MB
[2025/10/31 11:01:30] ppocr INFO: epoch: [3/20], global_step: 3150, lr: 0.000100, acc: 0.796875, norm_edit_dis: 0.972697, CTCLoss: 2.234417, NRTRLoss: 1.338181, loss: 3.565732, avg_reader_cost: 0.00293 s, avg_batch_cost: 0.64213 s, avg_samples: 95.9, ips: 149.34677 samples/s, eta: 3:06:59, max_mem_reserved: 19535 MB, max_mem_allocated: 14171 MB
[2025/10/31 11:02:00] ppocr INFO: cur metric, acc: 0.8424999991575001, norm_edit_dis: 0.9802367723226121, fps: 771.8910252051265
[2025/10/31 11:02:02] ppocr INFO: save best model is to ./output/best_accuracy
[2025/10/31 11:02:02] ppocr INFO: best metric, acc: 0.8424999991575001, is_float16: False, norm_edit_dis: 0.9802367723226121, fps: 771.8910252051265, best_epoch: 3
[2025/10/31 11:02:09] ppocr INFO: epoch: [3/20], global_step: 3160, lr: 0.000100, acc: 0.753401, norm_edit_dis: 0.966363, CTCLoss: 2.773503, NRTRLoss: 1.339619, loss: 4.108830, avg_reader_cost: 0.00325 s, avg_batch_cost: 0.67342 s, avg_samples: 106.5, ips: 158.14855 samples/s, eta: 3:06:57, max_mem_reserved: 19535 MB, max_mem_allocated: 14171 MB
[2025/10/31 11:02:15] ppocr INFO: epoch: [3/20], global_step: 3170, lr: 0.000099, acc: 0.776470, norm_edit_dis: 0.970768, CTCLoss: 2.425641, NRTRLoss: 1.336318, loss: 3.766725, avg_reader_cost: 0.00290 s, avg_batch_cost: 0.55486 s, avg_samples: 76.6, ips: 138.05216 samples/s, eta: 3:06:48, max_mem_reserved: 19535 MB, max_mem_allocated: 14171 MB
[2025/10/31 11:02:21] ppocr INFO: epoch: [3/20], global_step: 3180, lr: 0.000099, acc: 0.805882, norm_edit_dis: 0.972029, CTCLoss: 2.343514, NRTRLoss: 1.335785, loss: 3.675882, avg_reader_cost: 0.00286 s, avg_batch_cost: 0.62703 s, avg_samples: 95.9, ips: 152.94399 samples/s, eta: 3:06:43, max_mem_reserved: 19535 MB, max_mem_allocated: 14171 MB
[2025/10/31 11:02:27] ppocr INFO: epoch: [3/20], global_step: 3190, lr: 0.000099, acc: 0.794118, norm_edit_dis: 0.967325, CTCLoss: 2.856017, NRTRLoss: 1.335434, loss: 4.190869, avg_reader_cost: 0.00287 s, avg_batch_cost: 0.59650 s, avg_samples: 95.9, ips: 160.77010 samples/s, eta: 3:06:36, max_mem_reserved: 19535 MB, max_mem_allocated: 14171 MB
[2025/10/31 11:02:33] ppocr INFO: epoch: [3/20], global_step: 3200, lr: 0.000099, acc: 0.800000, norm_edit_dis: 0.971409, CTCLoss: 2.358442, NRTRLoss: 1.337262, loss: 3.689534, avg_reader_cost: 0.00286 s, avg_batch_cost: 0.57048 s, avg_samples: 89.5, ips: 156.88663 samples/s, eta: 3:06:28, max_mem_reserved: 19535 MB, max_mem_allocated: 14171 MB
[2025/10/31 11:03:03] ppocr INFO: cur metric, acc: 0.8311999991688, norm_edit_dis: 0.977225696396471, fps: 745.882397169096
[2025/10/31 11:03:03] ppocr INFO: best metric, acc: 0.8424999991575001, is_float16: False, norm_edit_dis: 0.9802367723226121, fps: 771.8910252051265, best_epoch: 3
[2025/10/31 11:03:09] ppocr INFO: epoch: [3/20], global_step: 3210, lr: 0.000099, acc: 0.765165, norm_edit_dis: 0.970138, CTCLoss: 2.358442, NRTRLoss: 1.340002, loss: 3.689534, avg_reader_cost: 0.00342 s, avg_batch_cost: 0.61961 s, avg_samples: 104.4, ips: 168.49421 samples/s, eta: 3:06:23, max_mem_reserved: 19535 MB, max_mem_allocated: 14171 MB
[2025/10/31 11:03:15] ppocr INFO: epoch: [3/20], global_step: 3220, lr: 0.000099, acc: 0.609375, norm_edit_dis: 0.935444, CTCLoss: 4.515994, NRTRLoss: 1.345226, loss: 5.875560, avg_reader_cost: 0.00328 s, avg_batch_cost: 0.62654 s, avg_samples: 106.6, ips: 170.14176 samples/s, eta: 3:06:19, max_mem_reserved: 19535 MB, max_mem_allocated: 14171 MB
[2025/10/31 11:03:21] ppocr INFO: epoch: [3/20], global_step: 3230, lr: 0.000099, acc: 0.765165, norm_edit_dis: 0.967136, CTCLoss: 2.468468, NRTRLoss: 1.343952, loss: 3.807136, avg_reader_cost: 0.00299 s, avg_batch_cost: 0.58417 s, avg_samples: 85.2, ips: 145.84832 samples/s, eta: 3:06:11, max_mem_reserved: 19535 MB, max_mem_allocated: 14171 MB
[2025/10/31 11:03:28] ppocr INFO: epoch: [3/20], global_step: 3240, lr: 0.000099, acc: 0.770588, norm_edit_dis: 0.963860, CTCLoss: 2.569315, NRTRLoss: 1.345644, loss: 3.916596, avg_reader_cost: 0.00292 s, avg_batch_cost: 0.64544 s, avg_samples: 110.8, ips: 171.66548 samples/s, eta: 3:06:08, max_mem_reserved: 19535 MB, max_mem_allocated: 14171 MB
[2025/10/31 11:03:34] ppocr INFO: epoch: [3/20], global_step: 3250, lr: 0.000099, acc: 0.753401, norm_edit_dis: 0.963165, CTCLoss: 3.117751, NRTRLoss: 1.349924, loss: 4.446618, avg_reader_cost: 0.00338 s, avg_batch_cost: 0.62961 s, avg_samples: 89.5, ips: 142.15065 samples/s, eta: 3:06:03, max_mem_reserved: 19535 MB, max_mem_allocated: 14171 MB
[2025/10/31 11:04:04] ppocr INFO: cur metric, acc: 0.8469999991530001, norm_edit_dis: 0.9803552706953397, fps: 749.8753427069896
[2025/10/31 11:04:07] ppocr INFO: save best model is to ./output/best_accuracy
[2025/10/31 11:04:07] ppocr INFO: best metric, acc: 0.8469999991530001, is_float16: False, norm_edit_dis: 0.9803552706953397, fps: 749.8753427069896, best_epoch: 3
[2025/10/31 11:04:12] ppocr INFO: epoch: [3/20], global_step: 3258, lr: 0.000099, acc: 0.778860, norm_edit_dis: 0.970128, CTCLoss: 2.869412, NRTRLoss: 1.331382, loss: 4.200794, avg_reader_cost: 0.00237 s, avg_batch_cost: 0.50167 s, avg_samples: 74.6, ips: 148.70385 samples/s, eta: 3:05:59, max_mem_reserved: 19535 MB, max_mem_allocated: 14171 MB
[2025/10/31 11:04:14] ppocr INFO: save model in ./output/latest
[2025/10/31 11:04:15] ppocr INFO: save model in ./output/iter_epoch_3
[2025/10/31 11:04:17] ppocr INFO: epoch: [4/20], global_step: 3260, lr: 0.000099, acc: 0.778860, norm_edit_dis: 0.970077, CTCLoss: 2.869412, NRTRLoss: 1.331382, loss: 4.200794, avg_reader_cost: 0.44281 s, avg_batch_cost: 0.57000 s, avg_samples: 19.2, ips: 33.68442 samples/s, eta: 3:06:23, max_mem_reserved: 19535 MB, max_mem_allocated: 14171 MB
[2025/10/31 11:04:24] ppocr INFO: epoch: [4/20], global_step: 3270, lr: 0.000099, acc: 0.780790, norm_edit_dis: 0.970166, CTCLoss: 2.525362, NRTRLoss: 1.331056, loss: 3.846736, avg_reader_cost: 0.00315 s, avg_batch_cost: 0.61629 s, avg_samples: 91.6, ips: 148.63121 samples/s, eta: 3:06:18, max_mem_reserved: 19535 MB, max_mem_allocated: 14171 MB
[2025/10/31 11:04:29] ppocr INFO: epoch: [4/20], global_step: 3280, lr: 0.000099, acc: 0.788235, norm_edit_dis: 0.973626, CTCLoss: 2.129546, NRTRLoss: 1.331559, loss: 3.452696, avg_reader_cost: 0.00307 s, avg_batch_cost: 0.58520 s, avg_samples: 91.6, ips: 156.52791 samples/s, eta: 3:06:11, max_mem_reserved: 19535 MB, max_mem_allocated: 14171 MB
[2025/10/31 11:04:35] ppocr INFO: epoch: [4/20], global_step: 3290, lr: 0.000099, acc: 0.788235, norm_edit_dis: 0.973728, CTCLoss: 2.159352, NRTRLoss: 1.330495, loss: 3.482510, avg_reader_cost: 0.00295 s, avg_batch_cost: 0.53881 s, avg_samples: 85.2, ips: 158.12578 samples/s, eta: 3:06:01, max_mem_reserved: 19535 MB, max_mem_allocated: 14171 MB
[2025/10/31 11:04:41] ppocr INFO: epoch: [4/20], global_step: 3300, lr: 0.000099, acc: 0.778860, norm_edit_dis: 0.967794, CTCLoss: 2.313937, NRTRLoss: 1.334448, loss: 3.640571, avg_reader_cost: 0.00299 s, avg_batch_cost: 0.60469 s, avg_samples: 89.4, ips: 147.84489 samples/s, eta: 3:05:55, max_mem_reserved: 19535 MB, max_mem_allocated: 14171 MB
[2025/10/31 11:05:11] ppocr INFO: cur metric, acc: 0.8476999991523, norm_edit_dis: 0.9814401443895847, fps: 725.0737195610175
[2025/10/31 11:05:14] ppocr INFO: save best model is to ./output/best_accuracy
[2025/10/31 11:05:14] ppocr INFO: best metric, acc: 0.8476999991523, is_float16: False, norm_edit_dis: 0.9814401443895847, fps: 725.0737195610175, best_epoch: 4
[2025/10/31 11:05:20] ppocr INFO: epoch: [4/20], global_step: 3310, lr: 0.000099, acc: 0.778860, norm_edit_dis: 0.968610, CTCLoss: 2.180295, NRTRLoss: 1.335018, loss: 3.510684, avg_reader_cost: 0.00338 s, avg_batch_cost: 0.61282 s, avg_samples: 89.5, ips: 146.04658 samples/s, eta: 3:05:49, max_mem_reserved: 19535 MB, max_mem_allocated: 14171 MB
[2025/10/31 11:05:27] ppocr INFO: epoch: [4/20], global_step: 3320, lr: 0.000099, acc: 0.683594, norm_edit_dis: 0.951943, CTCLoss: 3.407175, NRTRLoss: 1.342571, loss: 4.741627, avg_reader_cost: 0.00299 s, avg_batch_cost: 0.64526 s, avg_samples: 113.0, ips: 175.12337 samples/s, eta: 3:05:45, max_mem_reserved: 19535 MB, max_mem_allocated: 14171 MB
[2025/10/31 11:05:33] ppocr INFO: epoch: [4/20], global_step: 3330, lr: 0.000099, acc: 0.632812, norm_edit_dis: 0.937838, CTCLoss: 4.264911, NRTRLoss: 1.347106, loss: 5.631955, avg_reader_cost: 0.00298 s, avg_batch_cost: 0.62807 s, avg_samples: 100.2, ips: 159.53588 samples/s, eta: 3:05:41, max_mem_reserved: 19535 MB, max_mem_allocated: 14171 MB
[2025/10/31 11:05:39] ppocr INFO: epoch: [4/20], global_step: 3340, lr: 0.000099, acc: 0.781250, norm_edit_dis: 0.966217, CTCLoss: 2.651430, NRTRLoss: 1.340502, loss: 3.999060, avg_reader_cost: 0.00298 s, avg_batch_cost: 0.60042 s, avg_samples: 89.5, ips: 149.06113 samples/s, eta: 3:05:34, max_mem_reserved: 19535 MB, max_mem_allocated: 14171 MB
[2025/10/31 11:05:44] ppocr INFO: epoch: [4/20], global_step: 3350, lr: 0.000099, acc: 0.804320, norm_edit_dis: 0.972820, CTCLoss: 2.063413, NRTRLoss: 1.331492, loss: 3.383211, avg_reader_cost: 0.00320 s, avg_batch_cost: 0.55177 s, avg_samples: 80.9, ips: 146.61878 samples/s, eta: 3:05:25, max_mem_reserved: 19535 MB, max_mem_allocated: 14171 MB
[2025/10/31 11:06:14] ppocr INFO: cur metric, acc: 0.8392999991607, norm_edit_dis: 0.9800374992107607, fps: 767.5378095685301
[2025/10/31 11:06:14] ppocr INFO: best metric, acc: 0.8476999991523, is_float16: False, norm_edit_dis: 0.9814401443895847, fps: 725.0737195610175, best_epoch: 4
[2025/10/31 11:06:20] ppocr INFO: epoch: [4/20], global_step: 3360, lr: 0.000099, acc: 0.792555, norm_edit_dis: 0.972498, CTCLoss: 1.929935, NRTRLoss: 1.332144, loss: 3.263839, avg_reader_cost: 0.00303 s, avg_batch_cost: 0.62824 s, avg_samples: 100.1, ips: 159.33380 samples/s, eta: 3:05:20, max_mem_reserved: 19535 MB, max_mem_allocated: 14171 MB
[2025/10/31 11:06:26] ppocr INFO: epoch: [4/20], global_step: 3370, lr: 0.000099, acc: 0.751470, norm_edit_dis: 0.968631, CTCLoss: 2.303591, NRTRLoss: 1.334349, loss: 3.625899, avg_reader_cost: 0.00303 s, avg_batch_cost: 0.62469 s, avg_samples: 89.5, ips: 143.27095 samples/s, eta: 3:05:15, max_mem_reserved: 19535 MB, max_mem_allocated: 14171 MB
[2025/10/31 11:06:32] ppocr INFO: epoch: [4/20], global_step: 3380, lr: 0.000099, acc: 0.751470, norm_edit_dis: 0.968631, CTCLoss: 2.401751, NRTRLoss: 1.331363, loss: 3.733577, avg_reader_cost: 0.00294 s, avg_batch_cost: 0.61758 s, avg_samples: 95.9, ips: 155.28371 samples/s, eta: 3:05:10, max_mem_reserved: 19535 MB, max_mem_allocated: 14171 MB
[2025/10/31 11:06:39] ppocr INFO: epoch: [4/20], global_step: 3390, lr: 0.000099, acc: 0.644531, norm_edit_dis: 0.945280, CTCLoss: 3.309731, NRTRLoss: 1.333155, loss: 4.651030, avg_reader_cost: 0.00289 s, avg_batch_cost: 0.66411 s, avg_samples: 102.4, ips: 154.19104 samples/s, eta: 3:05:07, max_mem_reserved: 19535 MB, max_mem_allocated: 14171 MB
[2025/10/31 11:06:45] ppocr INFO: epoch: [4/20], global_step: 3400, lr: 0.000099, acc: 0.699219, norm_edit_dis: 0.950045, CTCLoss: 3.183086, NRTRLoss: 1.330268, loss: 4.521552, avg_reader_cost: 0.00345 s, avg_batch_cost: 0.60412 s, avg_samples: 93.8, ips: 155.26618 samples/s, eta: 3:05:01, max_mem_reserved: 19535 MB, max_mem_allocated: 14171 MB
[2025/10/31 11:07:15] ppocr INFO: cur metric, acc: 0.8286999991713, norm_edit_dis: 0.9782811112259335, fps: 735.8123288963417
[2025/10/31 11:07:15] ppocr INFO: best metric, acc: 0.8476999991523, is_float16: False, norm_edit_dis: 0.9814401443895847, fps: 725.0737195610175, best_epoch: 4
[2025/10/31 11:07:21] ppocr INFO: epoch: [4/20], global_step: 3410, lr: 0.000099, acc: 0.757812, norm_edit_dis: 0.965564, CTCLoss: 3.600017, NRTRLoss: 1.330048, loss: 4.923785, avg_reader_cost: 0.00312 s, avg_batch_cost: 0.62893 s, avg_samples: 100.2, ips: 159.31852 samples/s, eta: 3:04:56, max_mem_reserved: 19535 MB, max_mem_allocated: 14171 MB
[2025/10/31 11:07:26] ppocr INFO: epoch: [4/20], global_step: 3420, lr: 0.000099, acc: 0.776470, norm_edit_dis: 0.974120, CTCLoss: 1.939230, NRTRLoss: 1.326551, loss: 3.262083, avg_reader_cost: 0.00295 s, avg_batch_cost: 0.55842 s, avg_samples: 76.6, ips: 137.17218 samples/s, eta: 3:04:47, max_mem_reserved: 19535 MB, max_mem_allocated: 14171 MB
[2025/10/31 11:07:33] ppocr INFO: epoch: [4/20], global_step: 3430, lr: 0.000099, acc: 0.778860, norm_edit_dis: 0.974743, CTCLoss: 1.824065, NRTRLoss: 1.326397, loss: 3.147365, avg_reader_cost: 0.00395 s, avg_batch_cost: 0.62674 s, avg_samples: 98.0, ips: 156.36488 samples/s, eta: 3:04:42, max_mem_reserved: 19535 MB, max_mem_allocated: 14171 MB
[2025/10/31 11:07:39] ppocr INFO: epoch: [4/20], global_step: 3440, lr: 0.000099, acc: 0.796875, norm_edit_dis: 0.972769, CTCLoss: 2.339298, NRTRLoss: 1.331899, loss: 3.665243, avg_reader_cost: 0.00332 s, avg_batch_cost: 0.60138 s, avg_samples: 89.5, ips: 148.82535 samples/s, eta: 3:04:36, max_mem_reserved: 19535 MB, max_mem_allocated: 14171 MB
[2025/10/31 11:07:45] ppocr INFO: epoch: [4/20], global_step: 3450, lr: 0.000099, acc: 0.798437, norm_edit_dis: 0.974789, CTCLoss: 2.128733, NRTRLoss: 1.335405, loss: 3.461405, avg_reader_cost: 0.00340 s, avg_batch_cost: 0.63636 s, avg_samples: 95.9, ips: 150.70043 samples/s, eta: 3:04:32, max_mem_reserved: 19535 MB, max_mem_allocated: 14171 MB
[2025/10/31 11:08:16] ppocr INFO: cur metric, acc: 0.8586999991413, norm_edit_dis: 0.9834622061471872, fps: 689.4992065333616
[2025/10/31 11:08:19] ppocr INFO: save best model is to ./output/best_accuracy
[2025/10/31 11:08:19] ppocr INFO: best metric, acc: 0.8586999991413, is_float16: False, norm_edit_dis: 0.9834622061471872, fps: 689.4992065333616, best_epoch: 4
[2025/10/31 11:08:25] ppocr INFO: epoch: [4/20], global_step: 3460, lr: 0.000099, acc: 0.784743, norm_edit_dis: 0.973607, CTCLoss: 2.030480, NRTRLoss: 1.327595, loss: 3.353880, avg_reader_cost: 0.00292 s, avg_batch_cost: 0.55994 s, avg_samples: 87.3, ips: 155.90823 samples/s, eta: 3:04:23, max_mem_reserved: 19535 MB, max_mem_allocated: 14171 MB
[2025/10/31 11:08:30] ppocr INFO: epoch: [4/20], global_step: 3470, lr: 0.000099, acc: 0.781250, norm_edit_dis: 0.971906, CTCLoss: 1.886274, NRTRLoss: 1.326383, loss: 3.219416, avg_reader_cost: 0.00292 s, avg_batch_cost: 0.54858 s, avg_samples: 78.8, ips: 143.64489 samples/s, eta: 3:04:14, max_mem_reserved: 19535 MB, max_mem_allocated: 14171 MB
[2025/10/31 11:08:36] ppocr INFO: epoch: [4/20], global_step: 3480, lr: 0.000099, acc: 0.781250, norm_edit_dis: 0.971943, CTCLoss: 2.010254, NRTRLoss: 1.333880, loss: 3.345954, avg_reader_cost: 0.00300 s, avg_batch_cost: 0.60973 s, avg_samples: 91.6, ips: 150.22934 samples/s, eta: 3:04:08, max_mem_reserved: 19535 MB, max_mem_allocated: 14171 MB
[2025/10/31 11:08:42] ppocr INFO: epoch: [4/20], global_step: 3490, lr: 0.000099, acc: 0.811765, norm_edit_dis: 0.976335, CTCLoss: 2.003911, NRTRLoss: 1.330829, loss: 3.329712, avg_reader_cost: 0.00315 s, avg_batch_cost: 0.58735 s, avg_samples: 87.3, ips: 148.63286 samples/s, eta: 3:04:01, max_mem_reserved: 19535 MB, max_mem_allocated: 14171 MB
[2025/10/31 11:08:48] ppocr INFO: epoch: [4/20], global_step: 3500, lr: 0.000099, acc: 0.804320, norm_edit_dis: 0.975265, CTCLoss: 1.823235, NRTRLoss: 1.329082, loss: 3.157210, avg_reader_cost: 0.00293 s, avg_batch_cost: 0.58424 s, avg_samples: 89.5, ips: 153.19112 samples/s, eta: 3:03:54, max_mem_reserved: 19535 MB, max_mem_allocated: 14171 MB
[2025/10/31 11:09:18] ppocr INFO: cur metric, acc: 0.8538999991461, norm_edit_dis: 0.9824663244202032, fps: 748.052600302053
[2025/10/31 11:09:18] ppocr INFO: best metric, acc: 0.8586999991413, is_float16: False, norm_edit_dis: 0.9834622061471872, fps: 689.4992065333616, best_epoch: 4
[2025/10/31 11:09:24] ppocr INFO: epoch: [4/20], global_step: 3510, lr: 0.000099, acc: 0.764706, norm_edit_dis: 0.968878, CTCLoss: 2.528978, NRTRLoss: 1.336786, loss: 3.861524, avg_reader_cost: 0.00319 s, avg_batch_cost: 0.57089 s, avg_samples: 95.9, ips: 167.98445 samples/s, eta: 3:03:46, max_mem_reserved: 19535 MB, max_mem_allocated: 14171 MB
[2025/10/31 11:09:30] ppocr INFO: epoch: [4/20], global_step: 3520, lr: 0.000099, acc: 0.664062, norm_edit_dis: 0.945840, CTCLoss: 3.674862, NRTRLoss: 1.337412, loss: 5.022465, avg_reader_cost: 0.00301 s, avg_batch_cost: 0.65851 s, avg_samples: 113.0, ips: 171.59897 samples/s, eta: 3:03:43, max_mem_reserved: 19535 MB, max_mem_allocated: 14171 MB
[2025/10/31 11:09:36] ppocr INFO: epoch: [4/20], global_step: 3530, lr: 0.000099, acc: 0.773437, norm_edit_dis: 0.969274, CTCLoss: 2.385582, NRTRLoss: 1.325229, loss: 3.709666, avg_reader_cost: 0.00289 s, avg_batch_cost: 0.52696 s, avg_samples: 74.6, ips: 141.56760 samples/s, eta: 3:03:33, max_mem_reserved: 19535 MB, max_mem_allocated: 14171 MB
[2025/10/31 11:09:42] ppocr INFO: epoch: [4/20], global_step: 3540, lr: 0.000099, acc: 0.818015, norm_edit_dis: 0.972130, CTCLoss: 2.047129, NRTRLoss: 1.325433, loss: 3.367584, avg_reader_cost: 0.00297 s, avg_batch_cost: 0.58453 s, avg_samples: 83.1, ips: 142.16499 samples/s, eta: 3:03:26, max_mem_reserved: 19535 MB, max_mem_allocated: 14171 MB
[2025/10/31 11:09:48] ppocr INFO: epoch: [4/20], global_step: 3550, lr: 0.000099, acc: 0.825827, norm_edit_dis: 0.973295, CTCLoss: 1.973243, NRTRLoss: 1.330758, loss: 3.295790, avg_reader_cost: 0.00293 s, avg_batch_cost: 0.59941 s, avg_samples: 93.8, ips: 156.48655 samples/s, eta: 3:03:19, max_mem_reserved: 19535 MB, max_mem_allocated: 14171 MB
[2025/10/31 11:10:19] ppocr INFO: cur metric, acc: 0.8647999991352, norm_edit_dis: 0.9840730561150746, fps: 710.5283040474817
[2025/10/31 11:10:22] ppocr INFO: save best model is to ./output/best_accuracy
[2025/10/31 11:10:22] ppocr INFO: best metric, acc: 0.8647999991352, is_float16: False, norm_edit_dis: 0.9840730561150746, fps: 710.5283040474817, best_epoch: 4
[2025/10/31 11:10:29] ppocr INFO: epoch: [4/20], global_step: 3560, lr: 0.000099, acc: 0.733915, norm_edit_dis: 0.959448, CTCLoss: 2.713639, NRTRLoss: 1.342457, loss: 4.068196, avg_reader_cost: 0.00313 s, avg_batch_cost: 0.69647 s, avg_samples: 104.4, ips: 149.89832 samples/s, eta: 3:03:18, max_mem_reserved: 19535 MB, max_mem_allocated: 14171 MB
[2025/10/31 11:10:35] ppocr INFO: epoch: [4/20], global_step: 3570, lr: 0.000099, acc: 0.765165, norm_edit_dis: 0.966609, CTCLoss: 2.549172, NRTRLoss: 1.340079, loss: 3.895758, avg_reader_cost: 0.00290 s, avg_batch_cost: 0.60932 s, avg_samples: 91.6, ips: 150.33235 samples/s, eta: 3:03:12, max_mem_reserved: 19535 MB, max_mem_allocated: 14171 MB
[2025/10/31 11:10:41] ppocr INFO: epoch: [4/20], global_step: 3580, lr: 0.000099, acc: 0.763235, norm_edit_dis: 0.966609, CTCLoss: 3.197172, NRTRLoss: 1.338365, loss: 4.538636, avg_reader_cost: 0.00293 s, avg_batch_cost: 0.63642 s, avg_samples: 100.2, ips: 157.44423 samples/s, eta: 3:03:08, max_mem_reserved: 19535 MB, max_mem_allocated: 14171 MB
[2025/10/31 11:10:47] ppocr INFO: epoch: [4/20], global_step: 3590, lr: 0.000099, acc: 0.761305, norm_edit_dis: 0.965980, CTCLoss: 1.935569, NRTRLoss: 1.332858, loss: 3.271452, avg_reader_cost: 0.00292 s, avg_batch_cost: 0.61175 s, avg_samples: 91.6, ips: 149.73420 samples/s, eta: 3:03:02, max_mem_reserved: 19535 MB, max_mem_allocated: 14171 MB
[2025/10/31 11:10:53] ppocr INFO: epoch: [4/20], global_step: 3600, lr: 0.000099, acc: 0.792555, norm_edit_dis: 0.973218, CTCLoss: 1.890260, NRTRLoss: 1.330476, loss: 3.223315, avg_reader_cost: 0.00290 s, avg_batch_cost: 0.57973 s, avg_samples: 93.8, ips: 161.80051 samples/s, eta: 3:02:54, max_mem_reserved: 19535 MB, max_mem_allocated: 14171 MB
[2025/10/31 11:11:24] ppocr INFO: cur metric, acc: 0.8517999991482, norm_edit_dis: 0.9834645652031148, fps: 716.3150655432869
[2025/10/31 11:11:24] ppocr INFO: best metric, acc: 0.8647999991352, is_float16: False, norm_edit_dis: 0.9840730561150746, fps: 710.5283040474817, best_epoch: 4
[2025/10/31 11:11:30] ppocr INFO: epoch: [4/20], global_step: 3610, lr: 0.000099, acc: 0.823897, norm_edit_dis: 0.975046, CTCLoss: 2.476517, NRTRLoss: 1.330709, loss: 3.808754, avg_reader_cost: 0.00301 s, avg_batch_cost: 0.60554 s, avg_samples: 85.2, ips: 140.69971 samples/s, eta: 3:02:48, max_mem_reserved: 19535 MB, max_mem_allocated: 14171 MB
[2025/10/31 11:11:35] ppocr INFO: epoch: [4/20], global_step: 3620, lr: 0.000099, acc: 0.820312, norm_edit_dis: 0.976601, CTCLoss: 1.875193, NRTRLoss: 1.328338, loss: 3.199541, avg_reader_cost: 0.00295 s, avg_batch_cost: 0.57121 s, avg_samples: 78.9, ips: 138.12836 samples/s, eta: 3:02:41, max_mem_reserved: 19535 MB, max_mem_allocated: 14171 MB
[2025/10/31 11:11:41] ppocr INFO: epoch: [4/20], global_step: 3630, lr: 0.000099, acc: 0.812500, norm_edit_dis: 0.975454, CTCLoss: 1.833582, NRTRLoss: 1.326295, loss: 3.156650, avg_reader_cost: 0.00448 s, avg_batch_cost: 0.59801 s, avg_samples: 81.0, ips: 135.44878 samples/s, eta: 3:02:34, max_mem_reserved: 19535 MB, max_mem_allocated: 14171 MB
[2025/10/31 11:11:48] ppocr INFO: epoch: [4/20], global_step: 3640, lr: 0.000099, acc: 0.823529, norm_edit_dis: 0.973784, CTCLoss: 1.701015, NRTRLoss: 1.329155, loss: 3.023198, avg_reader_cost: 0.00293 s, avg_batch_cost: 0.61825 s, avg_samples: 93.7, ips: 151.55660 samples/s, eta: 3:02:29, max_mem_reserved: 19535 MB, max_mem_allocated: 14171 MB
[2025/10/31 11:11:54] ppocr INFO: epoch: [4/20], global_step: 3650, lr: 0.000099, acc: 0.778860, norm_edit_dis: 0.971076, CTCLoss: 2.001792, NRTRLoss: 1.329266, loss: 3.337761, avg_reader_cost: 0.00293 s, avg_batch_cost: 0.60180 s, avg_samples: 98.0, ips: 162.84566 samples/s, eta: 3:02:22, max_mem_reserved: 19535 MB, max_mem_allocated: 14171 MB
[2025/10/31 11:12:24] ppocr INFO: cur metric, acc: 0.8260999991739, norm_edit_dis: 0.9774546378066031, fps: 735.2462900932393
[2025/10/31 11:12:24] ppocr INFO: best metric, acc: 0.8647999991352, is_float16: False, norm_edit_dis: 0.9840730561150746, fps: 710.5283040474817, best_epoch: 4
[2025/10/31 11:12:30] ppocr INFO: epoch: [4/20], global_step: 3660, lr: 0.000099, acc: 0.764706, norm_edit_dis: 0.970508, CTCLoss: 2.250234, NRTRLoss: 1.330558, loss: 3.578203, avg_reader_cost: 0.00398 s, avg_batch_cost: 0.59876 s, avg_samples: 91.6, ips: 152.98382 samples/s, eta: 3:02:16, max_mem_reserved: 19535 MB, max_mem_allocated: 14171 MB
[2025/10/31 11:12:36] ppocr INFO: epoch: [4/20], global_step: 3670, lr: 0.000099, acc: 0.798437, norm_edit_dis: 0.971849, CTCLoss: 2.159719, NRTRLoss: 1.333773, loss: 3.479207, avg_reader_cost: 0.00291 s, avg_batch_cost: 0.60674 s, avg_samples: 89.5, ips: 147.51000 samples/s, eta: 3:02:10, max_mem_reserved: 19535 MB, max_mem_allocated: 14171 MB
[2025/10/31 11:12:42] ppocr INFO: epoch: [4/20], global_step: 3680, lr: 0.000099, acc: 0.798437, norm_edit_dis: 0.971396, CTCLoss: 2.054184, NRTRLoss: 1.331729, loss: 3.378841, avg_reader_cost: 0.00297 s, avg_batch_cost: 0.55911 s, avg_samples: 85.2, ips: 152.38571 samples/s, eta: 3:02:02, max_mem_reserved: 19535 MB, max_mem_allocated: 14171 MB
[2025/10/31 11:12:48] ppocr INFO: epoch: [4/20], global_step: 3690, lr: 0.000099, acc: 0.784743, norm_edit_dis: 0.970860, CTCLoss: 2.125541, NRTRLoss: 1.332192, loss: 3.456641, avg_reader_cost: 0.00293 s, avg_batch_cost: 0.57312 s, avg_samples: 81.0, ips: 141.33180 samples/s, eta: 3:01:54, max_mem_reserved: 19535 MB, max_mem_allocated: 14171 MB
[2025/10/31 11:12:54] ppocr INFO: epoch: [4/20], global_step: 3700, lr: 0.000099, acc: 0.796875, norm_edit_dis: 0.970266, CTCLoss: 2.223119, NRTRLoss: 1.333583, loss: 3.555092, avg_reader_cost: 0.00337 s, avg_batch_cost: 0.62123 s, avg_samples: 95.9, ips: 154.37070 samples/s, eta: 3:01:49, max_mem_reserved: 19535 MB, max_mem_allocated: 14171 MB
[2025/10/31 11:13:24] ppocr INFO: cur metric, acc: 0.8610999991389, norm_edit_dis: 0.9844101459665558, fps: 728.2457094478622
[2025/10/31 11:13:24] ppocr INFO: best metric, acc: 0.8647999991352, is_float16: False, norm_edit_dis: 0.9840730561150746, fps: 710.5283040474817, best_epoch: 4
[2025/10/31 11:13:30] ppocr INFO: epoch: [4/20], global_step: 3710, lr: 0.000099, acc: 0.789062, norm_edit_dis: 0.969760, CTCLoss: 2.184409, NRTRLoss: 1.336552, loss: 3.513183, avg_reader_cost: 0.00304 s, avg_batch_cost: 0.55789 s, avg_samples: 87.4, ips: 156.66130 samples/s, eta: 3:01:40, max_mem_reserved: 19535 MB, max_mem_allocated: 14171 MB
[2025/10/31 11:13:36] ppocr INFO: epoch: [4/20], global_step: 3720, lr: 0.000099, acc: 0.784743, norm_edit_dis: 0.972250, CTCLoss: 2.069821, NRTRLoss: 1.331692, loss: 3.396950, avg_reader_cost: 0.00296 s, avg_batch_cost: 0.57451 s, avg_samples: 81.0, ips: 140.98851 samples/s, eta: 3:01:33, max_mem_reserved: 19535 MB, max_mem_allocated: 14171 MB
[2025/10/31 11:13:41] ppocr INFO: epoch: [4/20], global_step: 3730, lr: 0.000099, acc: 0.792555, norm_edit_dis: 0.975397, CTCLoss: 2.069821, NRTRLoss: 1.330227, loss: 3.396950, avg_reader_cost: 0.00299 s, avg_batch_cost: 0.57476 s, avg_samples: 91.6, ips: 159.37118 samples/s, eta: 3:01:25, max_mem_reserved: 19535 MB, max_mem_allocated: 14171 MB
[2025/10/31 11:13:47] ppocr INFO: epoch: [4/20], global_step: 3740, lr: 0.000099, acc: 0.772978, norm_edit_dis: 0.971516, CTCLoss: 2.008277, NRTRLoss: 1.332541, loss: 3.339907, avg_reader_cost: 0.00310 s, avg_batch_cost: 0.60154 s, avg_samples: 98.1, ips: 163.08142 samples/s, eta: 3:01:19, max_mem_reserved: 19535 MB, max_mem_allocated: 14171 MB
[2025/10/31 11:13:53] ppocr INFO: epoch: [4/20], global_step: 3750, lr: 0.000099, acc: 0.792555, norm_edit_dis: 0.971516, CTCLoss: 1.863817, NRTRLoss: 1.327789, loss: 3.191704, avg_reader_cost: 0.00300 s, avg_batch_cost: 0.57479 s, avg_samples: 87.3, ips: 151.88278 samples/s, eta: 3:01:12, max_mem_reserved: 19535 MB, max_mem_allocated: 14171 MB
[2025/10/31 11:14:24] ppocr INFO: cur metric, acc: 0.8598999991401001, norm_edit_dis: 0.9838382253921971, fps: 722.4675000174833
[2025/10/31 11:14:24] ppocr INFO: best metric, acc: 0.8647999991352, is_float16: False, norm_edit_dis: 0.9840730561150746, fps: 710.5283040474817, best_epoch: 4
[2025/10/31 11:14:30] ppocr INFO: epoch: [4/20], global_step: 3760, lr: 0.000099, acc: 0.788235, norm_edit_dis: 0.975589, CTCLoss: 2.158850, NRTRLoss: 1.327789, loss: 3.482901, avg_reader_cost: 0.00330 s, avg_batch_cost: 0.62274 s, avg_samples: 100.1, ips: 160.74041 samples/s, eta: 3:01:06, max_mem_reserved: 19535 MB, max_mem_allocated: 14171 MB
[2025/10/31 11:14:36] ppocr INFO: epoch: [4/20], global_step: 3770, lr: 0.000099, acc: 0.771048, norm_edit_dis: 0.971720, CTCLoss: 2.296667, NRTRLoss: 1.339116, loss: 3.629190, avg_reader_cost: 0.00299 s, avg_batch_cost: 0.63651 s, avg_samples: 95.9, ips: 150.66421 samples/s, eta: 3:01:02, max_mem_reserved: 19535 MB, max_mem_allocated: 14171 MB
[2025/10/31 11:14:42] ppocr INFO: epoch: [4/20], global_step: 3780, lr: 0.000099, acc: 0.784743, norm_edit_dis: 0.972869, CTCLoss: 2.277182, NRTRLoss: 1.335397, loss: 3.601142, avg_reader_cost: 0.00298 s, avg_batch_cost: 0.60240 s, avg_samples: 89.5, ips: 148.57123 samples/s, eta: 3:00:56, max_mem_reserved: 19535 MB, max_mem_allocated: 14171 MB
[2025/10/31 11:14:48] ppocr INFO: epoch: [4/20], global_step: 3790, lr: 0.000099, acc: 0.796875, norm_edit_dis: 0.976406, CTCLoss: 1.827863, NRTRLoss: 1.328867, loss: 3.148217, avg_reader_cost: 0.00294 s, avg_batch_cost: 0.56340 s, avg_samples: 87.3, ips: 154.95321 samples/s, eta: 3:00:48, max_mem_reserved: 19535 MB, max_mem_allocated: 14171 MB
[2025/10/31 11:14:54] ppocr INFO: epoch: [4/20], global_step: 3800, lr: 0.000099, acc: 0.805882, norm_edit_dis: 0.972368, CTCLoss: 1.903830, NRTRLoss: 1.330511, loss: 3.226305, avg_reader_cost: 0.00295 s, avg_batch_cost: 0.58676 s, avg_samples: 87.4, ips: 148.95439 samples/s, eta: 3:00:41, max_mem_reserved: 19535 MB, max_mem_allocated: 14171 MB
[2025/10/31 11:15:26] ppocr INFO: cur metric, acc: 0.8675999991324, norm_edit_dis: 0.9847660094259936, fps: 702.5187794163651
[2025/10/31 11:15:28] ppocr INFO: save best model is to ./output/best_accuracy
[2025/10/31 11:15:28] ppocr INFO: best metric, acc: 0.8675999991324, is_float16: False, norm_edit_dis: 0.9847660094259936, fps: 702.5187794163651, best_epoch: 4
[2025/10/31 11:15:34] ppocr INFO: epoch: [4/20], global_step: 3810, lr: 0.000099, acc: 0.790625, norm_edit_dis: 0.972160, CTCLoss: 2.533803, NRTRLoss: 1.335736, loss: 3.858812, avg_reader_cost: 0.00331 s, avg_batch_cost: 0.61461 s, avg_samples: 100.1, ips: 162.86659 samples/s, eta: 3:00:35, max_mem_reserved: 19535 MB, max_mem_allocated: 14171 MB
[2025/10/31 11:15:40] ppocr INFO: epoch: [4/20], global_step: 3820, lr: 0.000099, acc: 0.798437, norm_edit_dis: 0.975181, CTCLoss: 2.293589, NRTRLoss: 1.337716, loss: 3.630402, avg_reader_cost: 0.00294 s, avg_batch_cost: 0.59398 s, avg_samples: 89.5, ips: 150.67933 samples/s, eta: 3:00:29, max_mem_reserved: 19535 MB, max_mem_allocated: 14171 MB
[2025/10/31 11:15:46] ppocr INFO: epoch: [4/20], global_step: 3830, lr: 0.000099, acc: 0.798437, norm_edit_dis: 0.975337, CTCLoss: 1.921510, NRTRLoss: 1.332587, loss: 3.246210, avg_reader_cost: 0.00297 s, avg_batch_cost: 0.60211 s, avg_samples: 91.6, ips: 152.13276 samples/s, eta: 3:00:22, max_mem_reserved: 19535 MB, max_mem_allocated: 14171 MB
[2025/10/31 11:15:52] ppocr INFO: epoch: [4/20], global_step: 3840, lr: 0.000099, acc: 0.792555, norm_edit_dis: 0.973005, CTCLoss: 2.083614, NRTRLoss: 1.337716, loss: 3.417123, avg_reader_cost: 0.00315 s, avg_batch_cost: 0.60973 s, avg_samples: 100.1, ips: 164.17117 samples/s, eta: 3:00:17, max_mem_reserved: 19535 MB, max_mem_allocated: 14171 MB
[2025/10/31 11:15:58] ppocr INFO: epoch: [4/20], global_step: 3850, lr: 0.000099, acc: 0.780790, norm_edit_dis: 0.969363, CTCLoss: 2.793287, NRTRLoss: 1.341616, loss: 4.131444, avg_reader_cost: 0.00295 s, avg_batch_cost: 0.60095 s, avg_samples: 102.3, ips: 170.22927 samples/s, eta: 3:00:10, max_mem_reserved: 19535 MB, max_mem_allocated: 14171 MB
[2025/10/31 11:16:29] ppocr INFO: cur metric, acc: 0.8354999991645, norm_edit_dis: 0.9804098445200465, fps: 721.2510132721891
[2025/10/31 11:16:29] ppocr INFO: best metric, acc: 0.8675999991324, is_float16: False, norm_edit_dis: 0.9847660094259936, fps: 702.5187794163651, best_epoch: 4
[2025/10/31 11:16:35] ppocr INFO: epoch: [4/20], global_step: 3860, lr: 0.000099, acc: 0.817647, norm_edit_dis: 0.981726, CTCLoss: 1.700384, NRTRLoss: 1.335013, loss: 3.028494, avg_reader_cost: 0.00308 s, avg_batch_cost: 0.55738 s, avg_samples: 80.9, ips: 145.14373 samples/s, eta: 3:00:02, max_mem_reserved: 19535 MB, max_mem_allocated: 14171 MB
[2025/10/31 11:16:41] ppocr INFO: epoch: [4/20], global_step: 3870, lr: 0.000099, acc: 0.782353, norm_edit_dis: 0.973030, CTCLoss: 2.027467, NRTRLoss: 1.335927, loss: 3.359447, avg_reader_cost: 0.00293 s, avg_batch_cost: 0.65123 s, avg_samples: 113.0, ips: 173.51905 samples/s, eta: 2:59:58, max_mem_reserved: 19535 MB, max_mem_allocated: 14171 MB
[2025/10/31 11:16:47] ppocr INFO: epoch: [4/20], global_step: 3880, lr: 0.000099, acc: 0.679687, norm_edit_dis: 0.949180, CTCLoss: 3.438652, NRTRLoss: 1.339232, loss: 4.796062, avg_reader_cost: 0.00298 s, avg_batch_cost: 0.61425 s, avg_samples: 95.9, ips: 156.12638 samples/s, eta: 2:59:53, max_mem_reserved: 19535 MB, max_mem_allocated: 14171 MB
[2025/10/31 11:16:53] ppocr INFO: epoch: [4/20], global_step: 3890, lr: 0.000098, acc: 0.811765, norm_edit_dis: 0.974389, CTCLoss: 1.826631, NRTRLoss: 1.334719, loss: 3.158287, avg_reader_cost: 0.00294 s, avg_batch_cost: 0.60994 s, avg_samples: 95.9, ips: 157.22866 samples/s, eta: 2:59:47, max_mem_reserved: 19535 MB, max_mem_allocated: 14171 MB
[2025/10/31 11:16:59] ppocr INFO: epoch: [4/20], global_step: 3900, lr: 0.000098, acc: 0.804320, norm_edit_dis: 0.976440, CTCLoss: 1.683945, NRTRLoss: 1.336194, loss: 3.015522, avg_reader_cost: 0.00295 s, avg_batch_cost: 0.58605 s, avg_samples: 87.3, ips: 148.96260 samples/s, eta: 2:59:40, max_mem_reserved: 19535 MB, max_mem_allocated: 14171 MB
[2025/10/31 11:17:29] ppocr INFO: cur metric, acc: 0.8605999991394, norm_edit_dis: 0.9838416804665161, fps: 770.1182859283441
[2025/10/31 11:17:29] ppocr INFO: best metric, acc: 0.8675999991324, is_float16: False, norm_edit_dis: 0.9847660094259936, fps: 702.5187794163651, best_epoch: 4
[2025/10/31 11:17:35] ppocr INFO: epoch: [4/20], global_step: 3910, lr: 0.000098, acc: 0.798437, norm_edit_dis: 0.974532, CTCLoss: 1.937471, NRTRLoss: 1.336194, loss: 3.266484, avg_reader_cost: 0.00433 s, avg_batch_cost: 0.62482 s, avg_samples: 93.7, ips: 149.96245 samples/s, eta: 2:59:35, max_mem_reserved: 19535 MB, max_mem_allocated: 14171 MB
[2025/10/31 11:17:41] ppocr INFO: epoch: [4/20], global_step: 3920, lr: 0.000098, acc: 0.818015, norm_edit_dis: 0.976538, CTCLoss: 2.150341, NRTRLoss: 1.329172, loss: 3.483901, avg_reader_cost: 0.00307 s, avg_batch_cost: 0.61135 s, avg_samples: 95.8, ips: 156.70254 samples/s, eta: 2:59:29, max_mem_reserved: 19535 MB, max_mem_allocated: 14171 MB
[2025/10/31 11:17:47] ppocr INFO: epoch: [4/20], global_step: 3930, lr: 0.000098, acc: 0.852941, norm_edit_dis: 0.979300, CTCLoss: 2.181642, NRTRLoss: 1.327468, loss: 3.508507, avg_reader_cost: 0.00287 s, avg_batch_cost: 0.62515 s, avg_samples: 93.8, ips: 150.04506 samples/s, eta: 2:59:24, max_mem_reserved: 19535 MB, max_mem_allocated: 14171 MB
[2025/10/31 11:17:53] ppocr INFO: epoch: [4/20], global_step: 3940, lr: 0.000098, acc: 0.789062, norm_edit_dis: 0.974584, CTCLoss: 2.159087, NRTRLoss: 1.341636, loss: 3.497670, avg_reader_cost: 0.00285 s, avg_batch_cost: 0.58903 s, avg_samples: 85.3, ips: 144.81468 samples/s, eta: 2:59:17, max_mem_reserved: 19535 MB, max_mem_allocated: 14171 MB
[2025/10/31 11:17:59] ppocr INFO: epoch: [4/20], global_step: 3950, lr: 0.000098, acc: 0.796875, norm_edit_dis: 0.972445, CTCLoss: 1.998282, NRTRLoss: 1.334560, loss: 3.334641, avg_reader_cost: 0.00341 s, avg_batch_cost: 0.60824 s, avg_samples: 95.9, ips: 157.66862 samples/s, eta: 2:59:11, max_mem_reserved: 19535 MB, max_mem_allocated: 14171 MB
[2025/10/31 11:18:30] ppocr INFO: cur metric, acc: 0.8598999991401001, norm_edit_dis: 0.9837281143019285, fps: 736.0677596556702
[2025/10/31 11:18:30] ppocr INFO: best metric, acc: 0.8675999991324, is_float16: False, norm_edit_dis: 0.9847660094259936, fps: 702.5187794163651, best_epoch: 4
[2025/10/31 11:18:36] ppocr INFO: epoch: [4/20], global_step: 3960, lr: 0.000098, acc: 0.734375, norm_edit_dis: 0.962013, CTCLoss: 2.458223, NRTRLoss: 1.333634, loss: 3.786579, avg_reader_cost: 0.00343 s, avg_batch_cost: 0.60290 s, avg_samples: 106.6, ips: 176.81245 samples/s, eta: 2:59:05, max_mem_reserved: 19535 MB, max_mem_allocated: 14171 MB
[2025/10/31 11:18:42] ppocr INFO: epoch: [4/20], global_step: 3970, lr: 0.000098, acc: 0.718290, norm_edit_dis: 0.960293, CTCLoss: 2.765842, NRTRLoss: 1.335981, loss: 4.094583, avg_reader_cost: 0.00338 s, avg_batch_cost: 0.61351 s, avg_samples: 100.1, ips: 163.16019 samples/s, eta: 2:58:59, max_mem_reserved: 19535 MB, max_mem_allocated: 14171 MB
[2025/10/31 11:18:48] ppocr INFO: epoch: [4/20], global_step: 3980, lr: 0.000098, acc: 0.811765, norm_edit_dis: 0.971469, CTCLoss: 1.734655, NRTRLoss: 1.332791, loss: 3.064209, avg_reader_cost: 0.00295 s, avg_batch_cost: 0.56366 s, avg_samples: 80.9, ips: 143.52689 samples/s, eta: 2:58:51, max_mem_reserved: 19535 MB, max_mem_allocated: 14171 MB
[2025/10/31 11:18:54] ppocr INFO: epoch: [4/20], global_step: 3990, lr: 0.000098, acc: 0.817647, norm_edit_dis: 0.975061, CTCLoss: 1.734655, NRTRLoss: 1.328479, loss: 3.064209, avg_reader_cost: 0.00295 s, avg_batch_cost: 0.59033 s, avg_samples: 91.6, ips: 155.16844 samples/s, eta: 2:58:45, max_mem_reserved: 19535 MB, max_mem_allocated: 14171 MB
[2025/10/31 11:19:00] ppocr INFO: epoch: [4/20], global_step: 4000, lr: 0.000098, acc: 0.829412, norm_edit_dis: 0.982270, CTCLoss: 1.785466, NRTRLoss: 1.328479, loss: 3.106743, avg_reader_cost: 0.00284 s, avg_batch_cost: 0.64083 s, avg_samples: 93.8, ips: 146.37261 samples/s, eta: 2:58:40, max_mem_reserved: 19535 MB, max_mem_allocated: 14171 MB
[2025/10/31 11:19:30] ppocr INFO: cur metric, acc: 0.8446999991553, norm_edit_dis: 0.9822236080964141, fps: 729.924222859333
[2025/10/31 11:19:30] ppocr INFO: best metric, acc: 0.8675999991324, is_float16: False, norm_edit_dis: 0.9847660094259936, fps: 702.5187794163651, best_epoch: 4
[2025/10/31 11:19:36] ppocr INFO: epoch: [4/20], global_step: 4010, lr: 0.000098, acc: 0.812132, norm_edit_dis: 0.978158, CTCLoss: 1.695369, NRTRLoss: 1.334226, loss: 3.040360, avg_reader_cost: 0.00307 s, avg_batch_cost: 0.61121 s, avg_samples: 87.4, ips: 142.99611 samples/s, eta: 2:58:35, max_mem_reserved: 19535 MB, max_mem_allocated: 14171 MB
[2025/10/31 11:19:41] ppocr INFO: epoch: [4/20], global_step: 4020, lr: 0.000098, acc: 0.796875, norm_edit_dis: 0.978620, CTCLoss: 1.386894, NRTRLoss: 1.328865, loss: 2.710553, avg_reader_cost: 0.00348 s, avg_batch_cost: 0.52612 s, avg_samples: 70.3, ips: 133.62014 samples/s, eta: 2:58:25, max_mem_reserved: 19535 MB, max_mem_allocated: 14171 MB
[2025/10/31 11:19:47] ppocr INFO: epoch: [4/20], global_step: 4030, lr: 0.000098, acc: 0.796875, norm_edit_dis: 0.975524, CTCLoss: 1.912644, NRTRLoss: 1.326358, loss: 3.248090, avg_reader_cost: 0.00292 s, avg_batch_cost: 0.60364 s, avg_samples: 98.1, ips: 162.51473 samples/s, eta: 2:58:19, max_mem_reserved: 19535 MB, max_mem_allocated: 14171 MB
[2025/10/31 11:19:54] ppocr INFO: epoch: [4/20], global_step: 4040, lr: 0.000098, acc: 0.660156, norm_edit_dis: 0.943102, CTCLoss: 3.513935, NRTRLoss: 1.339093, loss: 4.864001, avg_reader_cost: 0.00292 s, avg_batch_cost: 0.62029 s, avg_samples: 108.7, ips: 175.24006 samples/s, eta: 2:58:14, max_mem_reserved: 19535 MB, max_mem_allocated: 14171 MB
[2025/10/31 11:19:59] ppocr INFO: epoch: [4/20], global_step: 4050, lr: 0.000098, acc: 0.823529, norm_edit_dis: 0.976989, CTCLoss: 1.828127, NRTRLoss: 1.327491, loss: 3.150195, avg_reader_cost: 0.00338 s, avg_batch_cost: 0.58404 s, avg_samples: 85.1, ips: 145.70957 samples/s, eta: 2:58:07, max_mem_reserved: 19535 MB, max_mem_allocated: 14171 MB
[2025/10/31 11:20:30] ppocr INFO: cur metric, acc: 0.8658999991341, norm_edit_dis: 0.9848892463942909, fps: 734.3603910583098
[2025/10/31 11:20:30] ppocr INFO: best metric, acc: 0.8675999991324, is_float16: False, norm_edit_dis: 0.9847660094259936, fps: 702.5187794163651, best_epoch: 4
[2025/10/31 11:20:36] ppocr INFO: epoch: [4/20], global_step: 4060, lr: 0.000098, acc: 0.831709, norm_edit_dis: 0.978536, CTCLoss: 1.807695, NRTRLoss: 1.327521, loss: 3.138038, avg_reader_cost: 0.00324 s, avg_batch_cost: 0.57727 s, avg_samples: 89.5, ips: 155.03927 samples/s, eta: 2:57:59, max_mem_reserved: 19535 MB, max_mem_allocated: 14171 MB
[2025/10/31 11:20:42] ppocr INFO: epoch: [4/20], global_step: 4070, lr: 0.000098, acc: 0.767095, norm_edit_dis: 0.967191, CTCLoss: 1.976759, NRTRLoss: 1.343023, loss: 3.305281, avg_reader_cost: 0.00298 s, avg_batch_cost: 0.58843 s, avg_samples: 100.2, ips: 170.28246 samples/s, eta: 2:57:53, max_mem_reserved: 19535 MB, max_mem_allocated: 14171 MB
[2025/10/31 11:20:48] ppocr INFO: epoch: [4/20], global_step: 4080, lr: 0.000098, acc: 0.767095, norm_edit_dis: 0.965990, CTCLoss: 2.230502, NRTRLoss: 1.340124, loss: 3.571473, avg_reader_cost: 0.00295 s, avg_batch_cost: 0.60002 s, avg_samples: 93.8, ips: 156.32692 samples/s, eta: 2:57:46, max_mem_reserved: 19535 MB, max_mem_allocated: 14171 MB
[2025/10/31 11:20:54] ppocr INFO: epoch: [4/20], global_step: 4090, lr: 0.000098, acc: 0.804687, norm_edit_dis: 0.975500, CTCLoss: 1.871261, NRTRLoss: 1.332563, loss: 3.204024, avg_reader_cost: 0.00296 s, avg_batch_cost: 0.61305 s, avg_samples: 95.9, ips: 156.43081 samples/s, eta: 2:57:41, max_mem_reserved: 19535 MB, max_mem_allocated: 14171 MB
[2025/10/31 11:21:00] ppocr INFO: epoch: [4/20], global_step: 4100, lr: 0.000098, acc: 0.794118, norm_edit_dis: 0.971280, CTCLoss: 2.106401, NRTRLoss: 1.332840, loss: 3.437510, avg_reader_cost: 0.00299 s, avg_batch_cost: 0.62867 s, avg_samples: 100.1, ips: 159.22577 samples/s, eta: 2:57:36, max_mem_reserved: 19535 MB, max_mem_allocated: 14171 MB
[2025/10/31 11:21:30] ppocr INFO: cur metric, acc: 0.8526999991473, norm_edit_dis: 0.9832929567605998, fps: 751.4047015857736
[2025/10/31 11:21:30] ppocr INFO: best metric, acc: 0.8675999991324, is_float16: False, norm_edit_dis: 0.9847660094259936, fps: 702.5187794163651, best_epoch: 4
[2025/10/31 11:21:36] ppocr INFO: epoch: [4/20], global_step: 4110, lr: 0.000098, acc: 0.788235, norm_edit_dis: 0.971884, CTCLoss: 1.986590, NRTRLoss: 1.331111, loss: 3.334685, avg_reader_cost: 0.00350 s, avg_batch_cost: 0.57488 s, avg_samples: 87.3, ips: 151.85786 samples/s, eta: 2:57:28, max_mem_reserved: 19535 MB, max_mem_allocated: 14171 MB
[2025/10/31 11:21:42] ppocr INFO: epoch: [4/20], global_step: 4120, lr: 0.000098, acc: 0.794118, norm_edit_dis: 0.973069, CTCLoss: 1.709646, NRTRLoss: 1.328234, loss: 3.031208, avg_reader_cost: 0.00293 s, avg_batch_cost: 0.59130 s, avg_samples: 95.9, ips: 162.18432 samples/s, eta: 2:57:22, max_mem_reserved: 19535 MB, max_mem_allocated: 14171 MB
[2025/10/31 11:21:48] ppocr INFO: epoch: [4/20], global_step: 4130, lr: 0.000098, acc: 0.758823, norm_edit_dis: 0.969534, CTCLoss: 2.492586, NRTRLoss: 1.331791, loss: 3.824377, avg_reader_cost: 0.00295 s, avg_batch_cost: 0.63426 s, avg_samples: 104.4, ips: 164.60142 samples/s, eta: 2:57:17, max_mem_reserved: 19535 MB, max_mem_allocated: 14171 MB
[2025/10/31 11:21:54] ppocr INFO: epoch: [4/20], global_step: 4140, lr: 0.000098, acc: 0.734375, norm_edit_dis: 0.965001, CTCLoss: 2.879828, NRTRLoss: 1.344300, loss: 4.210219, avg_reader_cost: 0.00293 s, avg_batch_cost: 0.60677 s, avg_samples: 93.8, ips: 154.58989 samples/s, eta: 2:57:11, max_mem_reserved: 19535 MB, max_mem_allocated: 14171 MB
[2025/10/31 11:22:00] ppocr INFO: epoch: [4/20], global_step: 4150, lr: 0.000098, acc: 0.794118, norm_edit_dis: 0.973383, CTCLoss: 1.780611, NRTRLoss: 1.332716, loss: 3.118766, avg_reader_cost: 0.00295 s, avg_batch_cost: 0.56110 s, avg_samples: 83.1, ips: 148.10322 samples/s, eta: 2:57:03, max_mem_reserved: 19535 MB, max_mem_allocated: 14171 MB
[2025/10/31 11:22:30] ppocr INFO: cur metric, acc: 0.8568999991431, norm_edit_dis: 0.983498647632546, fps: 761.6758035714739
[2025/10/31 11:22:30] ppocr INFO: best metric, acc: 0.8675999991324, is_float16: False, norm_edit_dis: 0.9847660094259936, fps: 702.5187794163651, best_epoch: 4
[2025/10/31 11:22:36] ppocr INFO: epoch: [4/20], global_step: 4160, lr: 0.000098, acc: 0.800000, norm_edit_dis: 0.975811, CTCLoss: 1.651236, NRTRLoss: 1.330195, loss: 2.979324, avg_reader_cost: 0.00293 s, avg_batch_cost: 0.60527 s, avg_samples: 93.7, ips: 154.80638 samples/s, eta: 2:56:57, max_mem_reserved: 19535 MB, max_mem_allocated: 14171 MB
[2025/10/31 11:22:43] ppocr INFO: epoch: [4/20], global_step: 4170, lr: 0.000098, acc: 0.800000, norm_edit_dis: 0.974375, CTCLoss: 1.782327, NRTRLoss: 1.332355, loss: 3.114266, avg_reader_cost: 0.00298 s, avg_batch_cost: 0.60458 s, avg_samples: 95.9, ips: 158.62353 samples/s, eta: 2:56:51, max_mem_reserved: 19535 MB, max_mem_allocated: 14171 MB
[2025/10/31 11:22:49] ppocr INFO: epoch: [4/20], global_step: 4180, lr: 0.000098, acc: 0.726562, norm_edit_dis: 0.960417, CTCLoss: 2.878192, NRTRLoss: 1.329655, loss: 4.210994, avg_reader_cost: 0.00306 s, avg_batch_cost: 0.65810 s, avg_samples: 106.6, ips: 161.98113 samples/s, eta: 2:56:47, max_mem_reserved: 19535 MB, max_mem_allocated: 14171 MB
[2025/10/31 11:22:55] ppocr INFO: epoch: [4/20], global_step: 4190, lr: 0.000098, acc: 0.790625, norm_edit_dis: 0.975920, CTCLoss: 2.092024, NRTRLoss: 1.327524, loss: 3.423262, avg_reader_cost: 0.00289 s, avg_batch_cost: 0.57069 s, avg_samples: 85.2, ips: 149.29290 samples/s, eta: 2:56:40, max_mem_reserved: 19535 MB, max_mem_allocated: 14171 MB
[2025/10/31 11:23:01] ppocr INFO: epoch: [4/20], global_step: 4200, lr: 0.000098, acc: 0.811765, norm_edit_dis: 0.975107, CTCLoss: 1.948715, NRTRLoss: 1.330501, loss: 3.282395, avg_reader_cost: 0.00295 s, avg_batch_cost: 0.62203 s, avg_samples: 95.9, ips: 154.17269 samples/s, eta: 2:56:34, max_mem_reserved: 19535 MB, max_mem_allocated: 14171 MB
[2025/10/31 11:23:31] ppocr INFO: cur metric, acc: 0.8588999991411, norm_edit_dis: 0.9832396171973217, fps: 743.470290464169
[2025/10/31 11:23:31] ppocr INFO: best metric, acc: 0.8675999991324, is_float16: False, norm_edit_dis: 0.9847660094259936, fps: 702.5187794163651, best_epoch: 4
[2025/10/31 11:23:38] ppocr INFO: epoch: [4/20], global_step: 4210, lr: 0.000098, acc: 0.781250, norm_edit_dis: 0.971693, CTCLoss: 2.024980, NRTRLoss: 1.336813, loss: 3.351890, avg_reader_cost: 0.00426 s, avg_batch_cost: 0.61100 s, avg_samples: 102.3, ips: 167.42958 samples/s, eta: 2:56:29, max_mem_reserved: 19535 MB, max_mem_allocated: 14171 MB
[2025/10/31 11:23:43] ppocr INFO: epoch: [4/20], global_step: 4220, lr: 0.000098, acc: 0.812132, norm_edit_dis: 0.978238, CTCLoss: 1.825424, NRTRLoss: 1.328605, loss: 3.154840, avg_reader_cost: 0.00365 s, avg_batch_cost: 0.56695 s, avg_samples: 85.2, ips: 150.27887 samples/s, eta: 2:56:21, max_mem_reserved: 19535 MB, max_mem_allocated: 14171 MB
[2025/10/31 11:23:49] ppocr INFO: epoch: [4/20], global_step: 4230, lr: 0.000098, acc: 0.823897, norm_edit_dis: 0.980019, CTCLoss: 1.783637, NRTRLoss: 1.325246, loss: 3.105669, avg_reader_cost: 0.00289 s, avg_batch_cost: 0.58228 s, avg_samples: 85.2, ips: 146.32109 samples/s, eta: 2:56:14, max_mem_reserved: 19535 MB, max_mem_allocated: 14171 MB
[2025/10/31 11:23:55] ppocr INFO: epoch: [4/20], global_step: 4240, lr: 0.000098, acc: 0.828125, norm_edit_dis: 0.977595, CTCLoss: 1.772005, NRTRLoss: 1.324788, loss: 3.101719, avg_reader_cost: 0.00291 s, avg_batch_cost: 0.55617 s, avg_samples: 72.4, ips: 130.17634 samples/s, eta: 2:56:06, max_mem_reserved: 19535 MB, max_mem_allocated: 14171 MB
[2025/10/31 11:24:01] ppocr INFO: epoch: [4/20], global_step: 4250, lr: 0.000098, acc: 0.825827, norm_edit_dis: 0.977734, CTCLoss: 1.698292, NRTRLoss: 1.331138, loss: 3.025501, avg_reader_cost: 0.00294 s, avg_batch_cost: 0.58665 s, avg_samples: 89.5, ips: 152.56210 samples/s, eta: 2:55:59, max_mem_reserved: 19535 MB, max_mem_allocated: 14171 MB
[2025/10/31 11:24:32] ppocr INFO: cur metric, acc: 0.8662999991337, norm_edit_dis: 0.9848533390413461, fps: 751.3806873438309
[2025/10/31 11:24:32] ppocr INFO: best metric, acc: 0.8675999991324, is_float16: False, norm_edit_dis: 0.9847660094259936, fps: 702.5187794163651, best_epoch: 4
[2025/10/31 11:24:38] ppocr INFO: epoch: [4/20], global_step: 4260, lr: 0.000098, acc: 0.804687, norm_edit_dis: 0.976376, CTCLoss: 1.616980, NRTRLoss: 1.334282, loss: 2.950197, avg_reader_cost: 0.00338 s, avg_batch_cost: 0.62531 s, avg_samples: 98.0, ips: 156.72175 samples/s, eta: 2:55:54, max_mem_reserved: 19535 MB, max_mem_allocated: 14171 MB
[2025/10/31 11:24:44] ppocr INFO: epoch: [4/20], global_step: 4270, lr: 0.000098, acc: 0.835294, norm_edit_dis: 0.978003, CTCLoss: 1.482822, NRTRLoss: 1.324841, loss: 2.810643, avg_reader_cost: 0.00352 s, avg_batch_cost: 0.58724 s, avg_samples: 81.0, ips: 137.93395 samples/s, eta: 2:55:47, max_mem_reserved: 19535 MB, max_mem_allocated: 14171 MB
[2025/10/31 11:24:50] ppocr INFO: epoch: [4/20], global_step: 4280, lr: 0.000098, acc: 0.831709, norm_edit_dis: 0.975711, CTCLoss: 1.820252, NRTRLoss: 1.326134, loss: 3.151959, avg_reader_cost: 0.00293 s, avg_batch_cost: 0.57101 s, avg_samples: 87.3, ips: 152.88584 samples/s, eta: 2:55:40, max_mem_reserved: 19535 MB, max_mem_allocated: 14171 MB
[2025/10/31 11:24:56] ppocr INFO: epoch: [4/20], global_step: 4290, lr: 0.000098, acc: 0.800000, norm_edit_dis: 0.968922, CTCLoss: 1.991962, NRTRLoss: 1.333327, loss: 3.321427, avg_reader_cost: 0.00297 s, avg_batch_cost: 0.65090 s, avg_samples: 98.0, ips: 150.56049 samples/s, eta: 2:55:36, max_mem_reserved: 19535 MB, max_mem_allocated: 14171 MB
[2025/10/31 11:25:02] ppocr INFO: epoch: [4/20], global_step: 4300, lr: 0.000098, acc: 0.794118, norm_edit_dis: 0.970003, CTCLoss: 2.227952, NRTRLoss: 1.334118, loss: 3.549556, avg_reader_cost: 0.00296 s, avg_batch_cost: 0.59439 s, avg_samples: 91.6, ips: 154.10628 samples/s, eta: 2:55:29, max_mem_reserved: 19535 MB, max_mem_allocated: 14171 MB
[2025/10/31 11:25:33] ppocr INFO: cur metric, acc: 0.8576999991423, norm_edit_dis: 0.9844100414942767, fps: 739.0314945381091
[2025/10/31 11:25:33] ppocr INFO: best metric, acc: 0.8675999991324, is_float16: False, norm_edit_dis: 0.9847660094259936, fps: 702.5187794163651, best_epoch: 4
[2025/10/31 11:25:39] ppocr INFO: epoch: [4/20], global_step: 4310, lr: 0.000098, acc: 0.784743, norm_edit_dis: 0.970666, CTCLoss: 2.101386, NRTRLoss: 1.334427, loss: 3.425915, avg_reader_cost: 0.00304 s, avg_batch_cost: 0.63447 s, avg_samples: 102.3, ips: 161.23761 samples/s, eta: 2:55:24, max_mem_reserved: 19535 MB, max_mem_allocated: 14171 MB
[2025/10/31 11:25:45] ppocr INFO: epoch: [4/20], global_step: 4320, lr: 0.000098, acc: 0.794118, norm_edit_dis: 0.976858, CTCLoss: 2.264815, NRTRLoss: 1.332259, loss: 3.584963, avg_reader_cost: 0.00326 s, avg_batch_cost: 0.62607 s, avg_samples: 95.9, ips: 153.17882 samples/s, eta: 2:55:19, max_mem_reserved: 19535 MB, max_mem_allocated: 14171 MB
[2025/10/31 11:25:51] ppocr INFO: epoch: [4/20], global_step: 4330, lr: 0.000098, acc: 0.812132, norm_edit_dis: 0.977409, CTCLoss: 2.015880, NRTRLoss: 1.327858, loss: 3.343737, avg_reader_cost: 0.00288 s, avg_batch_cost: 0.56483 s, avg_samples: 78.9, ips: 139.68803 samples/s, eta: 2:55:12, max_mem_reserved: 19535 MB, max_mem_allocated: 14171 MB
[2025/10/31 11:25:57] ppocr INFO: epoch: [4/20], global_step: 4340, lr: 0.000098, acc: 0.782353, norm_edit_dis: 0.970192, CTCLoss: 2.306996, NRTRLoss: 1.333088, loss: 3.638959, avg_reader_cost: 0.00330 s, avg_batch_cost: 0.63750 s, avg_samples: 102.3, ips: 160.47044 samples/s, eta: 2:55:07, max_mem_reserved: 19535 MB, max_mem_allocated: 14171 MB
[2025/10/31 11:26:00] ppocr INFO: epoch: [4/20], global_step: 4344, lr: 0.000098, acc: 0.782353, norm_edit_dis: 0.970192, CTCLoss: 2.306996, NRTRLoss: 1.333895, loss: 3.638959, avg_reader_cost: 0.00115 s, avg_batch_cost: 0.25527 s, avg_samples: 38.4, ips: 150.42709 samples/s, eta: 2:55:05, max_mem_reserved: 19535 MB, max_mem_allocated: 14171 MB
[2025/10/31 11:26:02] ppocr INFO: save model in ./output/latest
[2025/10/31 11:26:03] ppocr INFO: save model in ./output/iter_epoch_4
[2025/10/31 11:26:08] ppocr INFO: epoch: [5/20], global_step: 4350, lr: 0.000098, acc: 0.804320, norm_edit_dis: 0.973074, CTCLoss: 2.074687, NRTRLoss: 1.333895, loss: 3.401832, avg_reader_cost: 0.46967 s, avg_batch_cost: 0.83643 s, avg_samples: 46.8, ips: 55.95223 samples/s, eta: 2:55:20, max_mem_reserved: 19535 MB, max_mem_allocated: 14171 MB
[2025/10/31 11:26:40] ppocr INFO: cur metric, acc: 0.8536999991463, norm_edit_dis: 0.9832293622306769, fps: 726.8055159673958
[2025/10/31 11:26:40] ppocr INFO: best metric, acc: 0.8675999991324, is_float16: False, norm_edit_dis: 0.9847660094259936, fps: 702.5187794163651, best_epoch: 4
[2025/10/31 11:26:46] ppocr INFO: epoch: [5/20], global_step: 4360, lr: 0.000098, acc: 0.812132, norm_edit_dis: 0.976799, CTCLoss: 1.892404, NRTRLoss: 1.333830, loss: 3.227268, avg_reader_cost: 0.00313 s, avg_batch_cost: 0.60241 s, avg_samples: 100.2, ips: 166.33293 samples/s, eta: 2:55:14, max_mem_reserved: 19535 MB, max_mem_allocated: 14171 MB
[2025/10/31 11:26:51] ppocr INFO: epoch: [5/20], global_step: 4370, lr: 0.000098, acc: 0.823897, norm_edit_dis: 0.977949, CTCLoss: 1.477559, NRTRLoss: 1.330647, loss: 2.800336, avg_reader_cost: 0.00290 s, avg_batch_cost: 0.57799 s, avg_samples: 87.2, ips: 150.86890 samples/s, eta: 2:55:07, max_mem_reserved: 19535 MB, max_mem_allocated: 14171 MB
[2025/10/31 11:26:57] ppocr INFO: epoch: [5/20], global_step: 4380, lr: 0.000097, acc: 0.835294, norm_edit_dis: 0.979269, CTCLoss: 1.391687, NRTRLoss: 1.324801, loss: 2.725744, avg_reader_cost: 0.00285 s, avg_batch_cost: 0.54435 s, avg_samples: 83.0, ips: 152.47442 samples/s, eta: 2:54:58, max_mem_reserved: 19535 MB, max_mem_allocated: 14171 MB
[2025/10/31 11:27:03] ppocr INFO: epoch: [5/20], global_step: 4390, lr: 0.000097, acc: 0.828125, norm_edit_dis: 0.978371, CTCLoss: 1.582819, NRTRLoss: 1.329224, loss: 2.907117, avg_reader_cost: 0.00299 s, avg_batch_cost: 0.58180 s, avg_samples: 78.9, ips: 135.61406 samples/s, eta: 2:54:51, max_mem_reserved: 19535 MB, max_mem_allocated: 14171 MB
[2025/10/31 11:27:09] ppocr INFO: epoch: [5/20], global_step: 4400, lr: 0.000097, acc: 0.812132, norm_edit_dis: 0.974952, CTCLoss: 2.099054, NRTRLoss: 1.334345, loss: 3.429850, avg_reader_cost: 0.00288 s, avg_batch_cost: 0.60536 s, avg_samples: 102.3, ips: 168.98926 samples/s, eta: 2:54:45, max_mem_reserved: 19535 MB, max_mem_allocated: 14171 MB
[2025/10/31 11:27:39] ppocr INFO: cur metric, acc: 0.8600999991399, norm_edit_dis: 0.9839345456064214, fps: 747.4529544189035
[2025/10/31 11:27:39] ppocr INFO: best metric, acc: 0.8675999991324, is_float16: False, norm_edit_dis: 0.9847660094259936, fps: 702.5187794163651, best_epoch: 4
[2025/10/31 11:27:45] ppocr INFO: epoch: [5/20], global_step: 4410, lr: 0.000097, acc: 0.796875, norm_edit_dis: 0.968399, CTCLoss: 2.374639, NRTRLoss: 1.333835, loss: 3.714555, avg_reader_cost: 0.00347 s, avg_batch_cost: 0.60567 s, avg_samples: 93.8, ips: 154.87016 samples/s, eta: 2:54:39, max_mem_reserved: 19535 MB, max_mem_allocated: 14171 MB
[2025/10/31 11:27:51] ppocr INFO: epoch: [5/20], global_step: 4420, lr: 0.000097, acc: 0.825827, norm_edit_dis: 0.977551, CTCLoss: 1.697096, NRTRLoss: 1.327771, loss: 3.023140, avg_reader_cost: 0.00295 s, avg_batch_cost: 0.58232 s, avg_samples: 89.4, ips: 153.52339 samples/s, eta: 2:54:32, max_mem_reserved: 19535 MB, max_mem_allocated: 14171 MB
[2025/10/31 11:27:57] ppocr INFO: epoch: [5/20], global_step: 4430, lr: 0.000097, acc: 0.817647, norm_edit_dis: 0.977690, CTCLoss: 1.539560, NRTRLoss: 1.327247, loss: 2.867933, avg_reader_cost: 0.00293 s, avg_batch_cost: 0.58456 s, avg_samples: 81.0, ips: 138.56678 samples/s, eta: 2:54:25, max_mem_reserved: 19535 MB, max_mem_allocated: 14171 MB
[2025/10/31 11:28:04] ppocr INFO: epoch: [5/20], global_step: 4440, lr: 0.000097, acc: 0.781250, norm_edit_dis: 0.974110, CTCLoss: 1.827559, NRTRLoss: 1.328508, loss: 3.145429, avg_reader_cost: 0.00305 s, avg_batch_cost: 0.65771 s, avg_samples: 102.3, ips: 155.53891 samples/s, eta: 2:54:21, max_mem_reserved: 19535 MB, max_mem_allocated: 14171 MB
[2025/10/31 11:28:09] ppocr INFO: epoch: [5/20], global_step: 4450, lr: 0.000097, acc: 0.757353, norm_edit_dis: 0.969358, CTCLoss: 2.753534, NRTRLoss: 1.336005, loss: 4.089804, avg_reader_cost: 0.00296 s, avg_batch_cost: 0.58168 s, avg_samples: 93.8, ips: 161.25663 samples/s, eta: 2:54:14, max_mem_reserved: 19535 MB, max_mem_allocated: 14171 MB
[2025/10/31 11:28:40] ppocr INFO: cur metric, acc: 0.8634999991365, norm_edit_dis: 0.9846316139902493, fps: 723.8891867768666
[2025/10/31 11:28:40] ppocr INFO: best metric, acc: 0.8675999991324, is_float16: False, norm_edit_dis: 0.9847660094259936, fps: 702.5187794163651, best_epoch: 4
[2025/10/31 11:28:46] ppocr INFO: epoch: [5/20], global_step: 4460, lr: 0.000097, acc: 0.806250, norm_edit_dis: 0.976221, CTCLoss: 1.551237, NRTRLoss: 1.326913, loss: 2.874578, avg_reader_cost: 0.00305 s, avg_batch_cost: 0.60925 s, avg_samples: 87.3, ips: 143.29135 samples/s, eta: 2:54:09, max_mem_reserved: 19535 MB, max_mem_allocated: 14171 MB
[2025/10/31 11:28:52] ppocr INFO: epoch: [5/20], global_step: 4470, lr: 0.000097, acc: 0.804687, norm_edit_dis: 0.974465, CTCLoss: 1.673715, NRTRLoss: 1.332287, loss: 3.006780, avg_reader_cost: 0.00291 s, avg_batch_cost: 0.61127 s, avg_samples: 98.1, ips: 160.48648 samples/s, eta: 2:54:03, max_mem_reserved: 19535 MB, max_mem_allocated: 14171 MB
[2025/10/31 11:28:58] ppocr INFO: epoch: [5/20], global_step: 4480, lr: 0.000097, acc: 0.805882, norm_edit_dis: 0.976148, CTCLoss: 1.847774, NRTRLoss: 1.327180, loss: 3.172968, avg_reader_cost: 0.00289 s, avg_batch_cost: 0.57667 s, avg_samples: 87.3, ips: 151.38612 samples/s, eta: 2:53:56, max_mem_reserved: 19535 MB, max_mem_allocated: 14171 MB
[2025/10/31 11:29:04] ppocr INFO: epoch: [5/20], global_step: 4490, lr: 0.000097, acc: 0.811765, norm_edit_dis: 0.976543, CTCLoss: 1.573027, NRTRLoss: 1.324693, loss: 2.894731, avg_reader_cost: 0.00297 s, avg_batch_cost: 0.61170 s, avg_samples: 95.9, ips: 156.77554 samples/s, eta: 2:53:50, max_mem_reserved: 19535 MB, max_mem_allocated: 14171 MB
[2025/10/31 11:29:10] ppocr INFO: epoch: [5/20], global_step: 4500, lr: 0.000097, acc: 0.792555, norm_edit_dis: 0.974938, CTCLoss: 1.835385, NRTRLoss: 1.333029, loss: 3.160715, avg_reader_cost: 0.00293 s, avg_batch_cost: 0.57813 s, avg_samples: 95.9, ips: 165.87925 samples/s, eta: 2:53:43, max_mem_reserved: 19535 MB, max_mem_allocated: 14171 MB
[2025/10/31 11:29:41] ppocr INFO: cur metric, acc: 0.8468999991531, norm_edit_dis: 0.9827591554488121, fps: 749.015211924958
[2025/10/31 11:29:41] ppocr INFO: best metric, acc: 0.8675999991324, is_float16: False, norm_edit_dis: 0.9847660094259936, fps: 702.5187794163651, best_epoch: 4
[2025/10/31 11:29:47] ppocr INFO: epoch: [5/20], global_step: 4510, lr: 0.000097, acc: 0.819945, norm_edit_dis: 0.976398, CTCLoss: 1.535982, NRTRLoss: 1.327477, loss: 2.864169, avg_reader_cost: 0.00389 s, avg_batch_cost: 0.61859 s, avg_samples: 89.4, ips: 144.52325 samples/s, eta: 2:53:37, max_mem_reserved: 19535 MB, max_mem_allocated: 14171 MB
[2025/10/31 11:29:54] ppocr INFO: epoch: [5/20], global_step: 4520, lr: 0.000097, acc: 0.812132, norm_edit_dis: 0.975396, CTCLoss: 2.963207, NRTRLoss: 1.334123, loss: 4.302044, avg_reader_cost: 0.00299 s, avg_batch_cost: 0.66858 s, avg_samples: 108.8, ips: 162.73349 samples/s, eta: 2:53:34, max_mem_reserved: 19535 MB, max_mem_allocated: 14171 MB
[2025/10/31 11:30:00] ppocr INFO: epoch: [5/20], global_step: 4530, lr: 0.000097, acc: 0.737914, norm_edit_dis: 0.961554, CTCLoss: 3.082166, NRTRLoss: 1.342509, loss: 4.436489, avg_reader_cost: 0.00370 s, avg_batch_cost: 0.58538 s, avg_samples: 93.7, ips: 160.06586 samples/s, eta: 2:53:27, max_mem_reserved: 19535 MB, max_mem_allocated: 14171 MB
[2025/10/31 11:30:06] ppocr INFO: epoch: [5/20], global_step: 4540, lr: 0.000097, acc: 0.811765, norm_edit_dis: 0.979616, CTCLoss: 1.493373, NRTRLoss: 1.323464, loss: 2.814028, avg_reader_cost: 0.00293 s, avg_batch_cost: 0.62241 s, avg_samples: 89.5, ips: 143.79682 samples/s, eta: 2:53:21, max_mem_reserved: 19535 MB, max_mem_allocated: 14171 MB
[2025/10/31 11:30:12] ppocr INFO: epoch: [5/20], global_step: 4550, lr: 0.000097, acc: 0.789062, norm_edit_dis: 0.979493, CTCLoss: 1.681109, NRTRLoss: 1.323572, loss: 3.001522, avg_reader_cost: 0.00292 s, avg_batch_cost: 0.60287 s, avg_samples: 83.1, ips: 137.84160 samples/s, eta: 2:53:15, max_mem_reserved: 19535 MB, max_mem_allocated: 14171 MB
[2025/10/31 11:30:42] ppocr INFO: cur metric, acc: 0.8544999991455, norm_edit_dis: 0.9838470815982935, fps: 724.0278412546089
[2025/10/31 11:30:42] ppocr INFO: best metric, acc: 0.8675999991324, is_float16: False, norm_edit_dis: 0.9847660094259936, fps: 702.5187794163651, best_epoch: 4
[2025/10/31 11:30:48] ppocr INFO: epoch: [5/20], global_step: 4560, lr: 0.000097, acc: 0.771048, norm_edit_dis: 0.976432, CTCLoss: 1.917629, NRTRLoss: 1.330403, loss: 3.251546, avg_reader_cost: 0.00311 s, avg_batch_cost: 0.61682 s, avg_samples: 100.2, ips: 162.44614 samples/s, eta: 2:53:09, max_mem_reserved: 19535 MB, max_mem_allocated: 14171 MB
[2025/10/31 11:30:54] ppocr INFO: epoch: [5/20], global_step: 4570, lr: 0.000097, acc: 0.683594, norm_edit_dis: 0.955868, CTCLoss: 2.489694, NRTRLoss: 1.337269, loss: 3.816424, avg_reader_cost: 0.00335 s, avg_batch_cost: 0.63062 s, avg_samples: 108.7, ips: 172.37123 samples/s, eta: 2:53:04, max_mem_reserved: 19535 MB, max_mem_allocated: 14171 MB
[2025/10/31 11:31:01] ppocr INFO: epoch: [5/20], global_step: 4580, lr: 0.000097, acc: 0.667969, norm_edit_dis: 0.949374, CTCLoss: 3.159588, NRTRLoss: 1.341566, loss: 4.505316, avg_reader_cost: 0.00300 s, avg_batch_cost: 0.64015 s, avg_samples: 106.6, ips: 166.52281 samples/s, eta: 2:53:00, max_mem_reserved: 19535 MB, max_mem_allocated: 14171 MB
[2025/10/31 11:31:06] ppocr INFO: epoch: [5/20], global_step: 4590, lr: 0.000097, acc: 0.812132, norm_edit_dis: 0.978230, CTCLoss: 1.868323, NRTRLoss: 1.328462, loss: 3.193593, avg_reader_cost: 0.00299 s, avg_batch_cost: 0.56426 s, avg_samples: 80.9, ips: 143.37405 samples/s, eta: 2:52:52, max_mem_reserved: 19535 MB, max_mem_allocated: 14171 MB
[2025/10/31 11:31:12] ppocr INFO: epoch: [5/20], global_step: 4600, lr: 0.000097, acc: 0.804320, norm_edit_dis: 0.978124, CTCLoss: 1.898000, NRTRLoss: 1.328462, loss: 3.232195, avg_reader_cost: 0.00294 s, avg_batch_cost: 0.60953 s, avg_samples: 102.3, ips: 167.83398 samples/s, eta: 2:52:46, max_mem_reserved: 19535 MB, max_mem_allocated: 14171 MB
[2025/10/31 11:31:42] ppocr INFO: cur metric, acc: 0.8678999991321, norm_edit_dis: 0.9856640182109455, fps: 749.1544536460163
[2025/10/31 11:31:45] ppocr INFO: save best model is to ./output/best_accuracy
[2025/10/31 11:31:45] ppocr INFO: best metric, acc: 0.8678999991321, is_float16: False, norm_edit_dis: 0.9856640182109455, fps: 749.1544536460163, best_epoch: 5
[2025/10/31 11:31:51] ppocr INFO: epoch: [5/20], global_step: 4610, lr: 0.000097, acc: 0.792555, norm_edit_dis: 0.976507, CTCLoss: 2.095821, NRTRLoss: 1.332896, loss: 3.415662, avg_reader_cost: 0.00301 s, avg_batch_cost: 0.60119 s, avg_samples: 91.6, ips: 152.36453 samples/s, eta: 2:52:40, max_mem_reserved: 19535 MB, max_mem_allocated: 14171 MB
[2025/10/31 11:31:57] ppocr INFO: epoch: [5/20], global_step: 4620, lr: 0.000097, acc: 0.831709, norm_edit_dis: 0.977853, CTCLoss: 1.877880, NRTRLoss: 1.330944, loss: 3.204787, avg_reader_cost: 0.00292 s, avg_batch_cost: 0.58809 s, avg_samples: 95.9, ips: 163.07035 samples/s, eta: 2:52:33, max_mem_reserved: 19535 MB, max_mem_allocated: 14171 MB
[2025/10/31 11:32:03] ppocr INFO: epoch: [5/20], global_step: 4630, lr: 0.000097, acc: 0.778860, norm_edit_dis: 0.975374, CTCLoss: 1.712672, NRTRLoss: 1.333407, loss: 3.040277, avg_reader_cost: 0.00310 s, avg_batch_cost: 0.64497 s, avg_samples: 93.7, ips: 145.27885 samples/s, eta: 2:52:29, max_mem_reserved: 19535 MB, max_mem_allocated: 14171 MB
[2025/10/31 11:32:09] ppocr INFO: epoch: [5/20], global_step: 4640, lr: 0.000097, acc: 0.784743, norm_edit_dis: 0.975818, CTCLoss: 1.638079, NRTRLoss: 1.332220, loss: 2.971401, avg_reader_cost: 0.00293 s, avg_batch_cost: 0.60401 s, avg_samples: 87.3, ips: 144.53445 samples/s, eta: 2:52:22, max_mem_reserved: 19535 MB, max_mem_allocated: 14171 MB
[2025/10/31 11:32:15] ppocr INFO: epoch: [5/20], global_step: 4650, lr: 0.000097, acc: 0.811765, norm_edit_dis: 0.976099, CTCLoss: 1.680819, NRTRLoss: 1.333926, loss: 3.010083, avg_reader_cost: 0.00295 s, avg_batch_cost: 0.56511 s, avg_samples: 89.5, ips: 158.37714 samples/s, eta: 2:52:15, max_mem_reserved: 19535 MB, max_mem_allocated: 14171 MB
[2025/10/31 11:32:45] ppocr INFO: cur metric, acc: 0.8681999991318, norm_edit_dis: 0.9857320181694242, fps: 772.4260996126878
[2025/10/31 11:32:48] ppocr INFO: save best model is to ./output/best_accuracy
[2025/10/31 11:32:48] ppocr INFO: best metric, acc: 0.8681999991318, is_float16: False, norm_edit_dis: 0.9857320181694242, fps: 772.4260996126878, best_epoch: 5
[2025/10/31 11:32:54] ppocr INFO: epoch: [5/20], global_step: 4660, lr: 0.000097, acc: 0.811765, norm_edit_dis: 0.976346, CTCLoss: 1.587692, NRTRLoss: 1.334457, loss: 2.906576, avg_reader_cost: 0.00372 s, avg_batch_cost: 0.55794 s, avg_samples: 83.1, ips: 148.94015 samples/s, eta: 2:52:07, max_mem_reserved: 19535 MB, max_mem_allocated: 14171 MB
[2025/10/31 11:32:59] ppocr INFO: epoch: [5/20], global_step: 4670, lr: 0.000097, acc: 0.819945, norm_edit_dis: 0.978045, CTCLoss: 1.346826, NRTRLoss: 1.325638, loss: 2.675220, avg_reader_cost: 0.00290 s, avg_batch_cost: 0.53182 s, avg_samples: 87.4, ips: 164.34034 samples/s, eta: 2:51:58, max_mem_reserved: 19535 MB, max_mem_allocated: 14171 MB
[2025/10/31 11:33:05] ppocr INFO: epoch: [5/20], global_step: 4680, lr: 0.000097, acc: 0.819945, norm_edit_dis: 0.977159, CTCLoss: 1.454998, NRTRLoss: 1.327859, loss: 2.788361, avg_reader_cost: 0.00296 s, avg_batch_cost: 0.59961 s, avg_samples: 85.3, ips: 142.25875 samples/s, eta: 2:51:52, max_mem_reserved: 19535 MB, max_mem_allocated: 14171 MB
[2025/10/31 11:33:11] ppocr INFO: epoch: [5/20], global_step: 4690, lr: 0.000097, acc: 0.818015, norm_edit_dis: 0.978173, CTCLoss: 1.354762, NRTRLoss: 1.326607, loss: 2.686782, avg_reader_cost: 0.00291 s, avg_batch_cost: 0.58030 s, avg_samples: 85.2, ips: 146.82159 samples/s, eta: 2:51:45, max_mem_reserved: 19535 MB, max_mem_allocated: 14171 MB
[2025/10/31 11:33:17] ppocr INFO: epoch: [5/20], global_step: 4700, lr: 0.000097, acc: 0.812500, norm_edit_dis: 0.978173, CTCLoss: 1.621762, NRTRLoss: 1.327431, loss: 2.968663, avg_reader_cost: 0.00286 s, avg_batch_cost: 0.58325 s, avg_samples: 91.7, ips: 157.22218 samples/s, eta: 2:51:38, max_mem_reserved: 19535 MB, max_mem_allocated: 14171 MB
[2025/10/31 11:33:48] ppocr INFO: cur metric, acc: 0.8495999991504001, norm_edit_dis: 0.9838615894997766, fps: 732.5272473312154
[2025/10/31 11:33:48] ppocr INFO: best metric, acc: 0.8681999991318, is_float16: False, norm_edit_dis: 0.9857320181694242, fps: 772.4260996126878, best_epoch: 5
[2025/10/31 11:33:53] ppocr INFO: epoch: [5/20], global_step: 4710, lr: 0.000097, acc: 0.772978, norm_edit_dis: 0.974512, CTCLoss: 1.926717, NRTRLoss: 1.333180, loss: 3.258507, avg_reader_cost: 0.00409 s, avg_batch_cost: 0.55386 s, avg_samples: 89.5, ips: 161.59405 samples/s, eta: 2:51:30, max_mem_reserved: 19535 MB, max_mem_allocated: 14171 MB
[2025/10/31 11:33:59] ppocr INFO: epoch: [5/20], global_step: 4720, lr: 0.000097, acc: 0.811765, norm_edit_dis: 0.979243, CTCLoss: 1.520720, NRTRLoss: 1.328567, loss: 2.846266, avg_reader_cost: 0.00295 s, avg_batch_cost: 0.59885 s, avg_samples: 95.8, ips: 159.97201 samples/s, eta: 2:51:24, max_mem_reserved: 19535 MB, max_mem_allocated: 14171 MB
[2025/10/31 11:34:05] ppocr INFO: epoch: [5/20], global_step: 4730, lr: 0.000097, acc: 0.823529, norm_edit_dis: 0.980751, CTCLoss: 1.227624, NRTRLoss: 1.326854, loss: 2.556477, avg_reader_cost: 0.00299 s, avg_batch_cost: 0.56894 s, avg_samples: 81.0, ips: 142.37030 samples/s, eta: 2:51:17, max_mem_reserved: 19535 MB, max_mem_allocated: 14171 MB
[2025/10/31 11:34:11] ppocr INFO: epoch: [5/20], global_step: 4740, lr: 0.000097, acc: 0.828125, norm_edit_dis: 0.978638, CTCLoss: 1.219739, NRTRLoss: 1.328598, loss: 2.550879, avg_reader_cost: 0.00296 s, avg_batch_cost: 0.59502 s, avg_samples: 95.9, ips: 161.17012 samples/s, eta: 2:51:10, max_mem_reserved: 19535 MB, max_mem_allocated: 14171 MB
[2025/10/31 11:34:17] ppocr INFO: epoch: [5/20], global_step: 4750, lr: 0.000097, acc: 0.820312, norm_edit_dis: 0.975040, CTCLoss: 1.451311, NRTRLoss: 1.329203, loss: 2.771256, avg_reader_cost: 0.00286 s, avg_batch_cost: 0.57491 s, avg_samples: 91.6, ips: 159.32791 samples/s, eta: 2:51:03, max_mem_reserved: 19535 MB, max_mem_allocated: 14171 MB
[2025/10/31 11:34:48] ppocr INFO: cur metric, acc: 0.8616999991383, norm_edit_dis: 0.9847024727796178, fps: 727.9584297481474
[2025/10/31 11:34:48] ppocr INFO: best metric, acc: 0.8681999991318, is_float16: False, norm_edit_dis: 0.9857320181694242, fps: 772.4260996126878, best_epoch: 5
[2025/10/31 11:34:53] ppocr INFO: epoch: [5/20], global_step: 4760, lr: 0.000097, acc: 0.818015, norm_edit_dis: 0.976523, CTCLoss: 1.605656, NRTRLoss: 1.326774, loss: 2.933804, avg_reader_cost: 0.00304 s, avg_batch_cost: 0.57170 s, avg_samples: 95.8, ips: 167.57039 samples/s, eta: 2:50:56, max_mem_reserved: 19535 MB, max_mem_allocated: 14171 MB
[2025/10/31 11:35:00] ppocr INFO: epoch: [5/20], global_step: 4770, lr: 0.000097, acc: 0.823529, norm_edit_dis: 0.979511, CTCLoss: 1.518069, NRTRLoss: 1.327092, loss: 2.845020, avg_reader_cost: 0.00296 s, avg_batch_cost: 0.63887 s, avg_samples: 91.5, ips: 143.22263 samples/s, eta: 2:50:51, max_mem_reserved: 19535 MB, max_mem_allocated: 14171 MB
[2025/10/31 11:35:05] ppocr INFO: epoch: [5/20], global_step: 4780, lr: 0.000097, acc: 0.828125, norm_edit_dis: 0.980418, CTCLoss: 1.313469, NRTRLoss: 1.325872, loss: 2.640622, avg_reader_cost: 0.00295 s, avg_batch_cost: 0.52579 s, avg_samples: 72.4, ips: 137.69642 samples/s, eta: 2:50:42, max_mem_reserved: 19535 MB, max_mem_allocated: 14171 MB
[2025/10/31 11:35:11] ppocr INFO: epoch: [5/20], global_step: 4790, lr: 0.000096, acc: 0.806250, norm_edit_dis: 0.977966, CTCLoss: 1.602083, NRTRLoss: 1.328617, loss: 2.923079, avg_reader_cost: 0.00292 s, avg_batch_cost: 0.58513 s, avg_samples: 89.5, ips: 152.95649 samples/s, eta: 2:50:36, max_mem_reserved: 19535 MB, max_mem_allocated: 14171 MB
[2025/10/31 11:35:17] ppocr INFO: epoch: [5/20], global_step: 4800, lr: 0.000096, acc: 0.765625, norm_edit_dis: 0.971317, CTCLoss: 2.142699, NRTRLoss: 1.338967, loss: 3.481505, avg_reader_cost: 0.00328 s, avg_batch_cost: 0.62577 s, avg_samples: 102.4, ips: 163.63771 samples/s, eta: 2:50:30, max_mem_reserved: 19535 MB, max_mem_allocated: 14171 MB
[2025/10/31 11:35:49] ppocr INFO: cur metric, acc: 0.8748999991251, norm_edit_dis: 0.9862249854269814, fps: 702.3986968819341
[2025/10/31 11:35:51] ppocr INFO: save best model is to ./output/best_accuracy
[2025/10/31 11:35:51] ppocr INFO: best metric, acc: 0.8748999991251, is_float16: False, norm_edit_dis: 0.9862249854269814, fps: 702.3986968819341, best_epoch: 5
[2025/10/31 11:35:58] ppocr INFO: epoch: [5/20], global_step: 4810, lr: 0.000096, acc: 0.671875, norm_edit_dis: 0.952952, CTCLoss: 2.908602, NRTRLoss: 1.341498, loss: 4.262894, avg_reader_cost: 0.00304 s, avg_batch_cost: 0.69794 s, avg_samples: 102.3, ips: 146.57371 samples/s, eta: 2:50:28, max_mem_reserved: 19535 MB, max_mem_allocated: 14171 MB
[2025/10/31 11:36:05] ppocr INFO: epoch: [5/20], global_step: 4820, lr: 0.000096, acc: 0.722656, norm_edit_dis: 0.960642, CTCLoss: 2.550136, NRTRLoss: 1.335018, loss: 3.894609, avg_reader_cost: 0.00302 s, avg_batch_cost: 0.63376 s, avg_samples: 96.0, ips: 151.47593 samples/s, eta: 2:50:23, max_mem_reserved: 19535 MB, max_mem_allocated: 14171 MB
[2025/10/31 11:36:11] ppocr INFO: epoch: [5/20], global_step: 4830, lr: 0.000096, acc: 0.773437, norm_edit_dis: 0.973044, CTCLoss: 2.137082, NRTRLoss: 1.329911, loss: 3.464428, avg_reader_cost: 0.00295 s, avg_batch_cost: 0.62093 s, avg_samples: 93.8, ips: 151.06400 samples/s, eta: 2:50:17, max_mem_reserved: 19535 MB, max_mem_allocated: 14171 MB
[2025/10/31 11:36:17] ppocr INFO: epoch: [5/20], global_step: 4840, lr: 0.000096, acc: 0.804687, norm_edit_dis: 0.979285, CTCLoss: 2.187153, NRTRLoss: 1.329549, loss: 3.510052, avg_reader_cost: 0.00351 s, avg_batch_cost: 0.63839 s, avg_samples: 91.7, ips: 143.64159 samples/s, eta: 2:50:12, max_mem_reserved: 19535 MB, max_mem_allocated: 14171 MB
[2025/10/31 11:36:24] ppocr INFO: epoch: [5/20], global_step: 4850, lr: 0.000096, acc: 0.804320, norm_edit_dis: 0.976401, CTCLoss: 2.223748, NRTRLoss: 1.330658, loss: 3.547821, avg_reader_cost: 0.00301 s, avg_batch_cost: 0.63872 s, avg_samples: 100.2, ips: 156.87513 samples/s, eta: 2:50:07, max_mem_reserved: 19535 MB, max_mem_allocated: 14171 MB
[2025/10/31 11:36:55] ppocr INFO: cur metric, acc: 0.8504999991495, norm_edit_dis: 0.983163956686249, fps: 710.993448773643
[2025/10/31 11:36:55] ppocr INFO: best metric, acc: 0.8748999991251, is_float16: False, norm_edit_dis: 0.9862249854269814, fps: 702.3986968819341, best_epoch: 5
[2025/10/31 11:37:02] ppocr INFO: epoch: [5/20], global_step: 4860, lr: 0.000096, acc: 0.800000, norm_edit_dis: 0.971488, CTCLoss: 1.824076, NRTRLoss: 1.336664, loss: 3.155003, avg_reader_cost: 0.00348 s, avg_batch_cost: 0.63079 s, avg_samples: 91.6, ips: 145.21523 samples/s, eta: 2:50:02, max_mem_reserved: 19535 MB, max_mem_allocated: 14171 MB
[2025/10/31 11:37:08] ppocr INFO: epoch: [5/20], global_step: 4870, lr: 0.000096, acc: 0.823529, norm_edit_dis: 0.976345, CTCLoss: 1.533659, NRTRLoss: 1.329176, loss: 2.865751, avg_reader_cost: 0.00295 s, avg_batch_cost: 0.59862 s, avg_samples: 80.9, ips: 135.14354 samples/s, eta: 2:49:56, max_mem_reserved: 19535 MB, max_mem_allocated: 14171 MB
[2025/10/31 11:37:14] ppocr INFO: epoch: [5/20], global_step: 4880, lr: 0.000096, acc: 0.839522, norm_edit_dis: 0.981719, CTCLoss: 1.470829, NRTRLoss: 1.325831, loss: 2.793193, avg_reader_cost: 0.00298 s, avg_batch_cost: 0.65679 s, avg_samples: 100.1, ips: 152.40817 samples/s, eta: 2:49:52, max_mem_reserved: 19535 MB, max_mem_allocated: 14171 MB
[2025/10/31 11:37:20] ppocr INFO: epoch: [5/20], global_step: 4890, lr: 0.000096, acc: 0.835294, norm_edit_dis: 0.978777, CTCLoss: 1.647735, NRTRLoss: 1.323610, loss: 2.987261, avg_reader_cost: 0.00330 s, avg_batch_cost: 0.62047 s, avg_samples: 89.4, ips: 144.08347 samples/s, eta: 2:49:46, max_mem_reserved: 19535 MB, max_mem_allocated: 14171 MB
[2025/10/31 11:37:26] ppocr INFO: epoch: [5/20], global_step: 4900, lr: 0.000096, acc: 0.828125, norm_edit_dis: 0.978777, CTCLoss: 1.522985, NRTRLoss: 1.324568, loss: 2.843730, avg_reader_cost: 0.00297 s, avg_batch_cost: 0.56173 s, avg_samples: 78.9, ips: 140.45878 samples/s, eta: 2:49:39, max_mem_reserved: 19535 MB, max_mem_allocated: 14171 MB
[2025/10/31 11:37:56] ppocr INFO: cur metric, acc: 0.8804999991195, norm_edit_dis: 0.9874060038010709, fps: 743.5075085270266
[2025/10/31 11:37:59] ppocr INFO: save best model is to ./output/best_accuracy
[2025/10/31 11:37:59] ppocr INFO: best metric, acc: 0.8804999991195, is_float16: False, norm_edit_dis: 0.9874060038010709, fps: 743.5075085270266, best_epoch: 5
[2025/10/31 11:38:05] ppocr INFO: epoch: [5/20], global_step: 4910, lr: 0.000096, acc: 0.828125, norm_edit_dis: 0.980697, CTCLoss: 1.400988, NRTRLoss: 1.326683, loss: 2.735003, avg_reader_cost: 0.00302 s, avg_batch_cost: 0.59228 s, avg_samples: 89.5, ips: 151.11018 samples/s, eta: 2:49:32, max_mem_reserved: 19535 MB, max_mem_allocated: 14171 MB
[2025/10/31 11:38:11] ppocr INFO: epoch: [5/20], global_step: 4920, lr: 0.000096, acc: 0.806250, norm_edit_dis: 0.978650, CTCLoss: 1.856338, NRTRLoss: 1.326683, loss: 3.187337, avg_reader_cost: 0.00301 s, avg_batch_cost: 0.59839 s, avg_samples: 95.9, ips: 160.26266 samples/s, eta: 2:49:26, max_mem_reserved: 19535 MB, max_mem_allocated: 14171 MB
[2025/10/31 11:38:17] ppocr INFO: epoch: [5/20], global_step: 4930, lr: 0.000096, acc: 0.812500, norm_edit_dis: 0.975470, CTCLoss: 1.829824, NRTRLoss: 1.327964, loss: 3.153091, avg_reader_cost: 0.00333 s, avg_batch_cost: 0.59437 s, avg_samples: 91.6, ips: 154.11253 samples/s, eta: 2:49:19, max_mem_reserved: 19535 MB, max_mem_allocated: 14171 MB
[2025/10/31 11:38:22] ppocr INFO: epoch: [5/20], global_step: 4940, lr: 0.000096, acc: 0.828125, norm_edit_dis: 0.978412, CTCLoss: 1.327540, NRTRLoss: 1.323940, loss: 2.647573, avg_reader_cost: 0.00301 s, avg_batch_cost: 0.54025 s, avg_samples: 72.4, ips: 134.01121 samples/s, eta: 2:49:11, max_mem_reserved: 19535 MB, max_mem_allocated: 14171 MB
[2025/10/31 11:38:28] ppocr INFO: epoch: [5/20], global_step: 4950, lr: 0.000096, acc: 0.831709, norm_edit_dis: 0.979211, CTCLoss: 1.306106, NRTRLoss: 1.321661, loss: 2.628255, avg_reader_cost: 0.00297 s, avg_batch_cost: 0.56169 s, avg_samples: 76.7, ips: 136.55188 samples/s, eta: 2:49:04, max_mem_reserved: 19535 MB, max_mem_allocated: 14171 MB
[2025/10/31 11:38:59] ppocr INFO: cur metric, acc: 0.8796999991203001, norm_edit_dis: 0.9877597995281808, fps: 747.1060467064541
[2025/10/31 11:38:59] ppocr INFO: best metric, acc: 0.8804999991195, is_float16: False, norm_edit_dis: 0.9874060038010709, fps: 743.5075085270266, best_epoch: 5
[2025/10/31 11:39:05] ppocr INFO: epoch: [5/20], global_step: 4960, lr: 0.000096, acc: 0.839522, norm_edit_dis: 0.979211, CTCLoss: 1.339179, NRTRLoss: 1.327271, loss: 2.672712, avg_reader_cost: 0.00297 s, avg_batch_cost: 0.59089 s, avg_samples: 87.4, ips: 147.91366 samples/s, eta: 2:48:57, max_mem_reserved: 19535 MB, max_mem_allocated: 14171 MB
[2025/10/31 11:39:11] ppocr INFO: epoch: [5/20], global_step: 4970, lr: 0.000096, acc: 0.790625, norm_edit_dis: 0.977183, CTCLoss: 1.565551, NRTRLoss: 1.331464, loss: 2.896884, avg_reader_cost: 0.00295 s, avg_batch_cost: 0.57138 s, avg_samples: 91.7, ips: 160.48791 samples/s, eta: 2:48:50, max_mem_reserved: 19535 MB, max_mem_allocated: 14171 MB
[2025/10/31 11:39:16] ppocr INFO: epoch: [5/20], global_step: 4980, lr: 0.000096, acc: 0.805882, norm_edit_dis: 0.978569, CTCLoss: 1.477089, NRTRLoss: 1.332221, loss: 2.806017, avg_reader_cost: 0.00297 s, avg_batch_cost: 0.59021 s, avg_samples: 83.0, ips: 140.62863 samples/s, eta: 2:48:43, max_mem_reserved: 19535 MB, max_mem_allocated: 14171 MB
[2025/10/31 11:39:22] ppocr INFO: epoch: [5/20], global_step: 4990, lr: 0.000096, acc: 0.829412, norm_edit_dis: 0.979368, CTCLoss: 1.448729, NRTRLoss: 1.332086, loss: 2.780949, avg_reader_cost: 0.00301 s, avg_batch_cost: 0.59230 s, avg_samples: 93.7, ips: 158.19793 samples/s, eta: 2:48:37, max_mem_reserved: 19535 MB, max_mem_allocated: 14171 MB
[2025/10/31 11:39:28] ppocr INFO: epoch: [5/20], global_step: 5000, lr: 0.000096, acc: 0.812500, norm_edit_dis: 0.976769, CTCLoss: 1.821051, NRTRLoss: 1.330981, loss: 3.160966, avg_reader_cost: 0.00295 s, avg_batch_cost: 0.60000 s, avg_samples: 89.5, ips: 149.16713 samples/s, eta: 2:48:31, max_mem_reserved: 19535 MB, max_mem_allocated: 14171 MB
[2025/10/31 11:39:59] ppocr INFO: cur metric, acc: 0.8647999991352, norm_edit_dis: 0.9850749318753483, fps: 734.1901964075495
[2025/10/31 11:39:59] ppocr INFO: best metric, acc: 0.8804999991195, is_float16: False, norm_edit_dis: 0.9874060038010709, fps: 743.5075085270266, best_epoch: 5
[2025/10/31 11:40:05] ppocr INFO: epoch: [5/20], global_step: 5010, lr: 0.000096, acc: 0.806250, norm_edit_dis: 0.972719, CTCLoss: 1.868277, NRTRLoss: 1.332700, loss: 3.193549, avg_reader_cost: 0.00326 s, avg_batch_cost: 0.61360 s, avg_samples: 93.8, ips: 152.86938 samples/s, eta: 2:48:25, max_mem_reserved: 19535 MB, max_mem_allocated: 14171 MB
[2025/10/31 11:40:12] ppocr INFO: epoch: [5/20], global_step: 5020, lr: 0.000096, acc: 0.821875, norm_edit_dis: 0.974585, CTCLoss: 1.519102, NRTRLoss: 1.332431, loss: 2.833109, avg_reader_cost: 0.00289 s, avg_batch_cost: 0.63970 s, avg_samples: 98.0, ips: 153.19752 samples/s, eta: 2:48:20, max_mem_reserved: 19535 MB, max_mem_allocated: 14171 MB
[2025/10/31 11:40:17] ppocr INFO: epoch: [5/20], global_step: 5030, lr: 0.000096, acc: 0.845404, norm_edit_dis: 0.981884, CTCLoss: 1.329850, NRTRLoss: 1.328706, loss: 2.661863, avg_reader_cost: 0.00291 s, avg_batch_cost: 0.55687 s, avg_samples: 83.1, ips: 149.22734 samples/s, eta: 2:48:12, max_mem_reserved: 19535 MB, max_mem_allocated: 14171 MB
[2025/10/31 11:40:23] ppocr INFO: epoch: [5/20], global_step: 5040, lr: 0.000096, acc: 0.820312, norm_edit_dis: 0.981884, CTCLoss: 1.224447, NRTRLoss: 1.324165, loss: 2.554397, avg_reader_cost: 0.00363 s, avg_batch_cost: 0.59562 s, avg_samples: 87.3, ips: 146.57116 samples/s, eta: 2:48:06, max_mem_reserved: 19535 MB, max_mem_allocated: 14171 MB
[2025/10/31 11:40:29] ppocr INFO: epoch: [5/20], global_step: 5050, lr: 0.000096, acc: 0.818015, norm_edit_dis: 0.979792, CTCLoss: 1.368630, NRTRLoss: 1.321442, loss: 2.687255, avg_reader_cost: 0.00290 s, avg_batch_cost: 0.58331 s, avg_samples: 87.3, ips: 149.66345 samples/s, eta: 2:47:59, max_mem_reserved: 19535 MB, max_mem_allocated: 14171 MB
[2025/10/31 11:40:59] ppocr INFO: cur metric, acc: 0.8790999991209, norm_edit_dis: 0.9873382770901072, fps: 761.5610717906486
[2025/10/31 11:40:59] ppocr INFO: best metric, acc: 0.8804999991195, is_float16: False, norm_edit_dis: 0.9874060038010709, fps: 743.5075085270266, best_epoch: 5
[2025/10/31 11:41:05] ppocr INFO: epoch: [5/20], global_step: 5060, lr: 0.000096, acc: 0.835294, norm_edit_dis: 0.982961, CTCLoss: 1.195596, NRTRLoss: 1.323094, loss: 2.515216, avg_reader_cost: 0.00352 s, avg_batch_cost: 0.58551 s, avg_samples: 80.9, ips: 138.16989 samples/s, eta: 2:47:53, max_mem_reserved: 19535 MB, max_mem_allocated: 14171 MB
[2025/10/31 11:41:11] ppocr INFO: epoch: [5/20], global_step: 5070, lr: 0.000096, acc: 0.835294, norm_edit_dis: 0.983188, CTCLoss: 1.157343, NRTRLoss: 1.326037, loss: 2.478629, avg_reader_cost: 0.00295 s, avg_batch_cost: 0.62086 s, avg_samples: 98.0, ips: 157.84583 samples/s, eta: 2:47:47, max_mem_reserved: 19535 MB, max_mem_allocated: 14171 MB
[2025/10/31 11:41:17] ppocr INFO: epoch: [5/20], global_step: 5080, lr: 0.000096, acc: 0.814062, norm_edit_dis: 0.978735, CTCLoss: 1.651732, NRTRLoss: 1.331858, loss: 2.983590, avg_reader_cost: 0.00293 s, avg_batch_cost: 0.58552 s, avg_samples: 93.8, ips: 160.19817 samples/s, eta: 2:47:40, max_mem_reserved: 19535 MB, max_mem_allocated: 14171 MB
[2025/10/31 11:41:23] ppocr INFO: epoch: [5/20], global_step: 5090, lr: 0.000096, acc: 0.805882, norm_edit_dis: 0.978822, CTCLoss: 1.678134, NRTRLoss: 1.329458, loss: 3.004489, avg_reader_cost: 0.00346 s, avg_batch_cost: 0.58709 s, avg_samples: 95.9, ips: 163.34775 samples/s, eta: 2:47:34, max_mem_reserved: 19535 MB, max_mem_allocated: 14171 MB
[2025/10/31 11:41:29] ppocr INFO: epoch: [5/20], global_step: 5100, lr: 0.000096, acc: 0.796507, norm_edit_dis: 0.978098, CTCLoss: 1.848904, NRTRLoss: 1.327130, loss: 3.172699, avg_reader_cost: 0.00292 s, avg_batch_cost: 0.62530 s, avg_samples: 98.1, ips: 156.88478 samples/s, eta: 2:47:28, max_mem_reserved: 19535 MB, max_mem_allocated: 14171 MB
[2025/10/31 11:41:59] ppocr INFO: cur metric, acc: 0.8490999991509001, norm_edit_dis: 0.983444784588402, fps: 739.9370866194477
[2025/10/31 11:41:59] ppocr INFO: best metric, acc: 0.8804999991195, is_float16: False, norm_edit_dis: 0.9874060038010709, fps: 743.5075085270266, best_epoch: 5
[2025/10/31 11:42:05] ppocr INFO: epoch: [5/20], global_step: 5110, lr: 0.000096, acc: 0.811765, norm_edit_dis: 0.978305, CTCLoss: 1.572018, NRTRLoss: 1.323217, loss: 2.896162, avg_reader_cost: 0.00351 s, avg_batch_cost: 0.57935 s, avg_samples: 91.6, ips: 158.10930 samples/s, eta: 2:47:22, max_mem_reserved: 19535 MB, max_mem_allocated: 14171 MB
[2025/10/31 11:42:10] ppocr INFO: epoch: [5/20], global_step: 5120, lr: 0.000096, acc: 0.812132, norm_edit_dis: 0.977374, CTCLoss: 1.422952, NRTRLoss: 1.323953, loss: 2.742281, avg_reader_cost: 0.00294 s, avg_batch_cost: 0.53235 s, avg_samples: 74.5, ips: 139.94677 samples/s, eta: 2:47:13, max_mem_reserved: 19535 MB, max_mem_allocated: 14171 MB
[2025/10/31 11:42:16] ppocr INFO: epoch: [5/20], global_step: 5130, lr: 0.000096, acc: 0.805882, norm_edit_dis: 0.974766, CTCLoss: 1.495765, NRTRLoss: 1.331806, loss: 2.822166, avg_reader_cost: 0.00294 s, avg_batch_cost: 0.63844 s, avg_samples: 95.9, ips: 150.20981 samples/s, eta: 2:47:08, max_mem_reserved: 19535 MB, max_mem_allocated: 14171 MB
[2025/10/31 11:42:22] ppocr INFO: epoch: [5/20], global_step: 5140, lr: 0.000095, acc: 0.835294, norm_edit_dis: 0.979477, CTCLoss: 1.514146, NRTRLoss: 1.332977, loss: 2.837329, avg_reader_cost: 0.00296 s, avg_batch_cost: 0.58683 s, avg_samples: 89.4, ips: 152.34275 samples/s, eta: 2:47:02, max_mem_reserved: 19535 MB, max_mem_allocated: 14171 MB
[2025/10/31 11:42:29] ppocr INFO: epoch: [5/20], global_step: 5150, lr: 0.000095, acc: 0.825827, norm_edit_dis: 0.977662, CTCLoss: 1.991886, NRTRLoss: 1.335637, loss: 3.317102, avg_reader_cost: 0.00293 s, avg_batch_cost: 0.64112 s, avg_samples: 113.0, ips: 176.25464 samples/s, eta: 2:46:57, max_mem_reserved: 19535 MB, max_mem_allocated: 14171 MB
[2025/10/31 11:43:00] ppocr INFO: cur metric, acc: 0.8447999991552, norm_edit_dis: 0.983629487347952, fps: 733.2435871403571
[2025/10/31 11:43:00] ppocr INFO: best metric, acc: 0.8804999991195, is_float16: False, norm_edit_dis: 0.9874060038010709, fps: 743.5075085270266, best_epoch: 5
[2025/10/31 11:43:05] ppocr INFO: epoch: [5/20], global_step: 5160, lr: 0.000095, acc: 0.817647, norm_edit_dis: 0.980165, CTCLoss: 1.358032, NRTRLoss: 1.323719, loss: 2.679494, avg_reader_cost: 0.00340 s, avg_batch_cost: 0.54443 s, avg_samples: 76.6, ips: 140.69696 samples/s, eta: 2:46:49, max_mem_reserved: 19535 MB, max_mem_allocated: 14171 MB
[2025/10/31 11:43:11] ppocr INFO: epoch: [5/20], global_step: 5170, lr: 0.000095, acc: 0.829412, norm_edit_dis: 0.981185, CTCLoss: 1.307014, NRTRLoss: 1.323719, loss: 2.627531, avg_reader_cost: 0.00297 s, avg_batch_cost: 0.62142 s, avg_samples: 106.6, ips: 171.54309 samples/s, eta: 2:46:43, max_mem_reserved: 19535 MB, max_mem_allocated: 14171 MB
[2025/10/31 11:43:18] ppocr INFO: epoch: [5/20], global_step: 5180, lr: 0.000095, acc: 0.765625, norm_edit_dis: 0.974666, CTCLoss: 1.496103, NRTRLoss: 1.333484, loss: 2.828921, avg_reader_cost: 0.00295 s, avg_batch_cost: 0.62847 s, avg_samples: 89.5, ips: 142.40916 samples/s, eta: 2:46:38, max_mem_reserved: 19535 MB, max_mem_allocated: 14171 MB
[2025/10/31 11:43:24] ppocr INFO: epoch: [5/20], global_step: 5190, lr: 0.000095, acc: 0.798437, norm_edit_dis: 0.973074, CTCLoss: 1.470775, NRTRLoss: 1.328420, loss: 2.792332, avg_reader_cost: 0.00330 s, avg_batch_cost: 0.60918 s, avg_samples: 95.9, ips: 157.42445 samples/s, eta: 2:46:32, max_mem_reserved: 19535 MB, max_mem_allocated: 14171 MB
[2025/10/31 11:43:30] ppocr INFO: epoch: [5/20], global_step: 5200, lr: 0.000095, acc: 0.811765, norm_edit_dis: 0.974438, CTCLoss: 1.456851, NRTRLoss: 1.328235, loss: 2.774661, avg_reader_cost: 0.00295 s, avg_batch_cost: 0.59245 s, avg_samples: 89.5, ips: 151.06741 samples/s, eta: 2:46:26, max_mem_reserved: 19535 MB, max_mem_allocated: 14171 MB
[2025/10/31 11:44:00] ppocr INFO: cur metric, acc: 0.8644999991355, norm_edit_dis: 0.9863421317128973, fps: 756.6773878914595
[2025/10/31 11:44:00] ppocr INFO: best metric, acc: 0.8804999991195, is_float16: False, norm_edit_dis: 0.9874060038010709, fps: 743.5075085270266, best_epoch: 5
[2025/10/31 11:44:06] ppocr INFO: epoch: [5/20], global_step: 5210, lr: 0.000095, acc: 0.812132, norm_edit_dis: 0.980640, CTCLoss: 1.476245, NRTRLoss: 1.326136, loss: 2.798631, avg_reader_cost: 0.00330 s, avg_batch_cost: 0.59252 s, avg_samples: 95.8, ips: 161.68167 samples/s, eta: 2:46:19, max_mem_reserved: 19535 MB, max_mem_allocated: 14171 MB
[2025/10/31 11:44:12] ppocr INFO: epoch: [5/20], global_step: 5220, lr: 0.000095, acc: 0.770588, norm_edit_dis: 0.972857, CTCLoss: 1.772914, NRTRLoss: 1.335326, loss: 3.114056, avg_reader_cost: 0.00290 s, avg_batch_cost: 0.62044 s, avg_samples: 104.5, ips: 168.42976 samples/s, eta: 2:46:14, max_mem_reserved: 19535 MB, max_mem_allocated: 14171 MB
[2025/10/31 11:44:18] ppocr INFO: epoch: [5/20], global_step: 5230, lr: 0.000095, acc: 0.710937, norm_edit_dis: 0.961039, CTCLoss: 2.730168, NRTRLoss: 1.331170, loss: 4.078822, avg_reader_cost: 0.00294 s, avg_batch_cost: 0.61384 s, avg_samples: 98.1, ips: 159.81384 samples/s, eta: 2:46:08, max_mem_reserved: 19535 MB, max_mem_allocated: 14171 MB
[2025/10/31 11:44:24] ppocr INFO: epoch: [5/20], global_step: 5240, lr: 0.000095, acc: 0.745634, norm_edit_dis: 0.968936, CTCLoss: 2.521034, NRTRLoss: 1.334207, loss: 3.853115, avg_reader_cost: 0.00295 s, avg_batch_cost: 0.62268 s, avg_samples: 102.3, ips: 164.29017 samples/s, eta: 2:46:02, max_mem_reserved: 19535 MB, max_mem_allocated: 14171 MB
[2025/10/31 11:44:30] ppocr INFO: epoch: [5/20], global_step: 5250, lr: 0.000095, acc: 0.765165, norm_edit_dis: 0.972162, CTCLoss: 1.644101, NRTRLoss: 1.338265, loss: 2.975740, avg_reader_cost: 0.00339 s, avg_batch_cost: 0.57552 s, avg_samples: 95.9, ips: 166.63200 samples/s, eta: 2:45:56, max_mem_reserved: 19535 MB, max_mem_allocated: 14171 MB
[2025/10/31 11:45:01] ppocr INFO: cur metric, acc: 0.8756999991243001, norm_edit_dis: 0.9868175496887416, fps: 744.6076093133541
[2025/10/31 11:45:01] ppocr INFO: best metric, acc: 0.8804999991195, is_float16: False, norm_edit_dis: 0.9874060038010709, fps: 743.5075085270266, best_epoch: 5
[2025/10/31 11:45:07] ppocr INFO: epoch: [5/20], global_step: 5260, lr: 0.000095, acc: 0.810202, norm_edit_dis: 0.978684, CTCLoss: 1.686420, NRTRLoss: 1.334152, loss: 3.014395, avg_reader_cost: 0.00301 s, avg_batch_cost: 0.64876 s, avg_samples: 95.9, ips: 147.82021 samples/s, eta: 2:45:51, max_mem_reserved: 19535 MB, max_mem_allocated: 14171 MB
[2025/10/31 11:45:13] ppocr INFO: epoch: [5/20], global_step: 5270, lr: 0.000095, acc: 0.828125, norm_edit_dis: 0.978941, CTCLoss: 1.588889, NRTRLoss: 1.329421, loss: 2.914870, avg_reader_cost: 0.00292 s, avg_batch_cost: 0.60637 s, avg_samples: 87.3, ips: 143.97180 samples/s, eta: 2:45:45, max_mem_reserved: 19535 MB, max_mem_allocated: 14171 MB
[2025/10/31 11:45:19] ppocr INFO: epoch: [5/20], global_step: 5280, lr: 0.000095, acc: 0.823529, norm_edit_dis: 0.979044, CTCLoss: 1.429299, NRTRLoss: 1.330707, loss: 2.746956, avg_reader_cost: 0.00295 s, avg_batch_cost: 0.61711 s, avg_samples: 98.0, ips: 158.80561 samples/s, eta: 2:45:39, max_mem_reserved: 19535 MB, max_mem_allocated: 14171 MB
[2025/10/31 11:45:25] ppocr INFO: epoch: [5/20], global_step: 5290, lr: 0.000095, acc: 0.805882, norm_edit_dis: 0.979496, CTCLoss: 1.603149, NRTRLoss: 1.326487, loss: 2.921363, avg_reader_cost: 0.00303 s, avg_batch_cost: 0.58502 s, avg_samples: 89.5, ips: 152.98612 samples/s, eta: 2:45:33, max_mem_reserved: 19535 MB, max_mem_allocated: 14171 MB
[2025/10/31 11:45:31] ppocr INFO: epoch: [5/20], global_step: 5300, lr: 0.000095, acc: 0.811765, norm_edit_dis: 0.978746, CTCLoss: 1.539024, NRTRLoss: 1.322909, loss: 2.854875, avg_reader_cost: 0.00291 s, avg_batch_cost: 0.59540 s, avg_samples: 87.4, ips: 146.79087 samples/s, eta: 2:45:26, max_mem_reserved: 19535 MB, max_mem_allocated: 14171 MB
[2025/10/31 11:46:04] ppocr INFO: cur metric, acc: 0.8642999991357, norm_edit_dis: 0.9857633556341562, fps: 718.4456580130673
[2025/10/31 11:46:04] ppocr INFO: best metric, acc: 0.8804999991195, is_float16: False, norm_edit_dis: 0.9874060038010709, fps: 743.5075085270266, best_epoch: 5
[2025/10/31 11:46:10] ppocr INFO: epoch: [5/20], global_step: 5310, lr: 0.000095, acc: 0.800368, norm_edit_dis: 0.974808, CTCLoss: 1.372724, NRTRLoss: 1.329512, loss: 2.693543, avg_reader_cost: 0.00306 s, avg_batch_cost: 0.62792 s, avg_samples: 100.2, ips: 159.57342 samples/s, eta: 2:45:21, max_mem_reserved: 19535 MB, max_mem_allocated: 14171 MB
[2025/10/31 11:46:16] ppocr INFO: epoch: [5/20], global_step: 5320, lr: 0.000095, acc: 0.784743, norm_edit_dis: 0.971222, CTCLoss: 1.906633, NRTRLoss: 1.329448, loss: 3.231444, avg_reader_cost: 0.00296 s, avg_batch_cost: 0.62612 s, avg_samples: 95.9, ips: 153.16447 samples/s, eta: 2:45:16, max_mem_reserved: 19535 MB, max_mem_allocated: 14171 MB
[2025/10/31 11:46:22] ppocr INFO: epoch: [5/20], global_step: 5330, lr: 0.000095, acc: 0.828125, norm_edit_dis: 0.981579, CTCLoss: 1.242219, NRTRLoss: 1.325685, loss: 2.571716, avg_reader_cost: 0.00294 s, avg_batch_cost: 0.53063 s, avg_samples: 78.8, ips: 148.50322 samples/s, eta: 2:45:07, max_mem_reserved: 19535 MB, max_mem_allocated: 14171 MB
[2025/10/31 11:46:28] ppocr INFO: epoch: [5/20], global_step: 5340, lr: 0.000095, acc: 0.805882, norm_edit_dis: 0.978674, CTCLoss: 1.680655, NRTRLoss: 1.329701, loss: 3.010911, avg_reader_cost: 0.00296 s, avg_batch_cost: 0.64321 s, avg_samples: 104.5, ips: 162.46610 samples/s, eta: 2:45:02, max_mem_reserved: 19535 MB, max_mem_allocated: 14171 MB
[2025/10/31 11:46:34] ppocr INFO: epoch: [5/20], global_step: 5350, lr: 0.000095, acc: 0.687500, norm_edit_dis: 0.957031, CTCLoss: 2.516027, NRTRLoss: 1.342952, loss: 3.864011, avg_reader_cost: 0.00294 s, avg_batch_cost: 0.62219 s, avg_samples: 104.5, ips: 167.95470 samples/s, eta: 2:44:57, max_mem_reserved: 19535 MB, max_mem_allocated: 14171 MB
[2025/10/31 11:47:06] ppocr INFO: cur metric, acc: 0.8752999991247, norm_edit_dis: 0.9864554359742617, fps: 671.5598171126433
[2025/10/31 11:47:06] ppocr INFO: best metric, acc: 0.8804999991195, is_float16: False, norm_edit_dis: 0.9874060038010709, fps: 743.5075085270266, best_epoch: 5
[2025/10/31 11:47:13] ppocr INFO: epoch: [5/20], global_step: 5360, lr: 0.000095, acc: 0.687500, norm_edit_dis: 0.954490, CTCLoss: 2.500761, NRTRLoss: 1.338497, loss: 3.844907, avg_reader_cost: 0.00337 s, avg_batch_cost: 0.64460 s, avg_samples: 110.9, ips: 172.04438 samples/s, eta: 2:44:52, max_mem_reserved: 19535 MB, max_mem_allocated: 14171 MB
[2025/10/31 11:47:19] ppocr INFO: epoch: [5/20], global_step: 5370, lr: 0.000095, acc: 0.753493, norm_edit_dis: 0.966957, CTCLoss: 2.251393, NRTRLoss: 1.329426, loss: 3.580820, avg_reader_cost: 0.00293 s, avg_batch_cost: 0.60360 s, avg_samples: 91.6, ips: 151.75604 samples/s, eta: 2:44:46, max_mem_reserved: 19535 MB, max_mem_allocated: 14171 MB
[2025/10/31 11:47:25] ppocr INFO: epoch: [5/20], global_step: 5380, lr: 0.000095, acc: 0.812132, norm_edit_dis: 0.976338, CTCLoss: 1.795467, NRTRLoss: 1.323697, loss: 3.113875, avg_reader_cost: 0.00298 s, avg_batch_cost: 0.63898 s, avg_samples: 102.3, ips: 160.09889 samples/s, eta: 2:44:41, max_mem_reserved: 19535 MB, max_mem_allocated: 14171 MB
[2025/10/31 11:47:31] ppocr INFO: epoch: [5/20], global_step: 5390, lr: 0.000095, acc: 0.812132, norm_edit_dis: 0.976330, CTCLoss: 1.648011, NRTRLoss: 1.324554, loss: 2.969650, avg_reader_cost: 0.00325 s, avg_batch_cost: 0.62076 s, avg_samples: 98.0, ips: 157.87031 samples/s, eta: 2:44:35, max_mem_reserved: 19535 MB, max_mem_allocated: 14171 MB
[2025/10/31 11:47:38] ppocr INFO: epoch: [5/20], global_step: 5400, lr: 0.000095, acc: 0.761719, norm_edit_dis: 0.970878, CTCLoss: 1.657652, NRTRLoss: 1.330160, loss: 2.983112, avg_reader_cost: 0.00291 s, avg_batch_cost: 0.63542 s, avg_samples: 104.5, ips: 164.45915 samples/s, eta: 2:44:30, max_mem_reserved: 19535 MB, max_mem_allocated: 14171 MB
[2025/10/31 11:48:08] ppocr INFO: cur metric, acc: 0.8578999991421, norm_edit_dis: 0.9850739532161784, fps: 745.1197174392472
[2025/10/31 11:48:08] ppocr INFO: best metric, acc: 0.8804999991195, is_float16: False, norm_edit_dis: 0.9874060038010709, fps: 743.5075085270266, best_epoch: 5
[2025/10/31 11:48:13] ppocr INFO: epoch: [5/20], global_step: 5410, lr: 0.000095, acc: 0.843750, norm_edit_dis: 0.979563, CTCLoss: 1.191949, NRTRLoss: 1.325833, loss: 2.523421, avg_reader_cost: 0.00357 s, avg_batch_cost: 0.53550 s, avg_samples: 80.9, ips: 151.07281 samples/s, eta: 2:44:22, max_mem_reserved: 19535 MB, max_mem_allocated: 14171 MB
[2025/10/31 11:48:19] ppocr INFO: epoch: [5/20], global_step: 5420, lr: 0.000095, acc: 0.835294, norm_edit_dis: 0.979978, CTCLoss: 1.409856, NRTRLoss: 1.320863, loss: 2.738164, avg_reader_cost: 0.00295 s, avg_batch_cost: 0.58567 s, avg_samples: 93.7, ips: 159.98645 samples/s, eta: 2:44:15, max_mem_reserved: 19535 MB, max_mem_allocated: 14171 MB
[2025/10/31 11:48:25] ppocr INFO: epoch: [5/20], global_step: 5430, lr: 0.000095, acc: 0.823897, norm_edit_dis: 0.978823, CTCLoss: 1.511641, NRTRLoss: 1.324066, loss: 2.847212, avg_reader_cost: 0.00298 s, avg_batch_cost: 0.58564 s, avg_samples: 89.4, ips: 152.65399 samples/s, eta: 2:44:09, max_mem_reserved: 19535 MB, max_mem_allocated: 14171 MB
[2025/10/31 11:48:27] ppocr INFO: save model in ./output/latest
[2025/10/31 11:48:28] ppocr INFO: save model in ./output/iter_epoch_5
[2025/10/31 11:48:36] ppocr INFO: epoch: [6/20], global_step: 5440, lr: 0.000095, acc: 0.835294, norm_edit_dis: 0.981832, CTCLoss: 1.131498, NRTRLoss: 1.329289, loss: 2.455107, avg_reader_cost: 0.49005 s, avg_batch_cost: 1.06800 s, avg_samples: 95.9, ips: 89.79387 samples/s, eta: 2:44:17, max_mem_reserved: 19535 MB, max_mem_allocated: 14171 MB
[2025/10/31 11:48:42] ppocr INFO: epoch: [6/20], global_step: 5450, lr: 0.000095, acc: 0.788235, norm_edit_dis: 0.977074, CTCLoss: 1.362640, NRTRLoss: 1.331182, loss: 2.688098, avg_reader_cost: 0.00298 s, avg_batch_cost: 0.59995 s, avg_samples: 100.2, ips: 167.01308 samples/s, eta: 2:44:10, max_mem_reserved: 19535 MB, max_mem_allocated: 14171 MB
[2025/10/31 11:49:14] ppocr INFO: cur metric, acc: 0.8727999991272001, norm_edit_dis: 0.9866098584313576, fps: 710.1853671272858
[2025/10/31 11:49:14] ppocr INFO: best metric, acc: 0.8804999991195, is_float16: False, norm_edit_dis: 0.9874060038010709, fps: 743.5075085270266, best_epoch: 5
[2025/10/31 11:49:19] ppocr INFO: epoch: [6/20], global_step: 5460, lr: 0.000094, acc: 0.789062, norm_edit_dis: 0.976677, CTCLoss: 1.437323, NRTRLoss: 1.329124, loss: 2.753052, avg_reader_cost: 0.00341 s, avg_batch_cost: 0.58588 s, avg_samples: 89.5, ips: 152.76055 samples/s, eta: 2:44:04, max_mem_reserved: 19535 MB, max_mem_allocated: 14171 MB
[2025/10/31 11:49:26] ppocr INFO: epoch: [6/20], global_step: 5470, lr: 0.000094, acc: 0.804320, norm_edit_dis: 0.976740, CTCLoss: 1.645790, NRTRLoss: 1.327527, loss: 2.963028, avg_reader_cost: 0.00293 s, avg_batch_cost: 0.64463 s, avg_samples: 102.3, ips: 158.69470 samples/s, eta: 2:43:59, max_mem_reserved: 19535 MB, max_mem_allocated: 14171 MB
[2025/10/31 11:49:32] ppocr INFO: epoch: [6/20], global_step: 5480, lr: 0.000094, acc: 0.828125, norm_edit_dis: 0.980940, CTCLoss: 1.199075, NRTRLoss: 1.322546, loss: 2.517855, avg_reader_cost: 0.00328 s, avg_batch_cost: 0.55569 s, avg_samples: 76.7, ips: 138.02649 samples/s, eta: 2:43:51, max_mem_reserved: 19535 MB, max_mem_allocated: 14171 MB
[2025/10/31 11:49:38] ppocr INFO: epoch: [6/20], global_step: 5490, lr: 0.000094, acc: 0.828125, norm_edit_dis: 0.980759, CTCLoss: 1.172377, NRTRLoss: 1.326351, loss: 2.500868, avg_reader_cost: 0.00291 s, avg_batch_cost: 0.63450 s, avg_samples: 102.3, ips: 161.22985 samples/s, eta: 2:43:46, max_mem_reserved: 19535 MB, max_mem_allocated: 14171 MB
[2025/10/31 11:49:44] ppocr INFO: epoch: [6/20], global_step: 5500, lr: 0.000094, acc: 0.812132, norm_edit_dis: 0.977230, CTCLoss: 1.508238, NRTRLoss: 1.328163, loss: 2.846081, avg_reader_cost: 0.00302 s, avg_batch_cost: 0.60337 s, avg_samples: 91.5, ips: 151.64758 samples/s, eta: 2:43:40, max_mem_reserved: 19535 MB, max_mem_allocated: 14171 MB
[2025/10/31 11:50:14] ppocr INFO: cur metric, acc: 0.8723999991276, norm_edit_dis: 0.986971532654263, fps: 746.1722660577033
[2025/10/31 11:50:14] ppocr INFO: best metric, acc: 0.8804999991195, is_float16: False, norm_edit_dis: 0.9874060038010709, fps: 743.5075085270266, best_epoch: 5
[2025/10/31 11:50:20] ppocr INFO: epoch: [6/20], global_step: 5510, lr: 0.000094, acc: 0.811765, norm_edit_dis: 0.979147, CTCLoss: 1.326653, NRTRLoss: 1.328208, loss: 2.657393, avg_reader_cost: 0.00316 s, avg_batch_cost: 0.59269 s, avg_samples: 100.1, ips: 168.89198 samples/s, eta: 2:43:34, max_mem_reserved: 19535 MB, max_mem_allocated: 14171 MB
[2025/10/31 11:50:26] ppocr INFO: epoch: [6/20], global_step: 5520, lr: 0.000094, acc: 0.683594, norm_edit_dis: 0.958185, CTCLoss: 2.500378, NRTRLoss: 1.331923, loss: 3.844434, avg_reader_cost: 0.00336 s, avg_batch_cost: 0.63897 s, avg_samples: 108.8, ips: 170.27378 samples/s, eta: 2:43:29, max_mem_reserved: 19535 MB, max_mem_allocated: 14171 MB
[2025/10/31 11:50:32] ppocr INFO: epoch: [6/20], global_step: 5530, lr: 0.000094, acc: 0.726562, norm_edit_dis: 0.964108, CTCLoss: 2.278460, NRTRLoss: 1.331463, loss: 3.608597, avg_reader_cost: 0.00292 s, avg_batch_cost: 0.60900 s, avg_samples: 87.4, ips: 143.51484 samples/s, eta: 2:43:23, max_mem_reserved: 19535 MB, max_mem_allocated: 14171 MB
[2025/10/31 11:50:39] ppocr INFO: epoch: [6/20], global_step: 5540, lr: 0.000094, acc: 0.818015, norm_edit_dis: 0.978513, CTCLoss: 1.298340, NRTRLoss: 1.326027, loss: 2.622998, avg_reader_cost: 0.00290 s, avg_batch_cost: 0.62855 s, avg_samples: 95.8, ips: 152.41438 samples/s, eta: 2:43:17, max_mem_reserved: 19535 MB, max_mem_allocated: 14171 MB
[2025/10/31 11:50:44] ppocr INFO: epoch: [6/20], global_step: 5550, lr: 0.000094, acc: 0.811765, norm_edit_dis: 0.977329, CTCLoss: 1.393622, NRTRLoss: 1.324921, loss: 2.716407, avg_reader_cost: 0.00295 s, avg_batch_cost: 0.54491 s, avg_samples: 76.6, ips: 140.57247 samples/s, eta: 2:43:09, max_mem_reserved: 19535 MB, max_mem_allocated: 14171 MB
[2025/10/31 11:51:15] ppocr INFO: cur metric, acc: 0.8716999991283, norm_edit_dis: 0.9872668412427986, fps: 727.974804247288
[2025/10/31 11:51:15] ppocr INFO: best metric, acc: 0.8804999991195, is_float16: False, norm_edit_dis: 0.9874060038010709, fps: 743.5075085270266, best_epoch: 5
[2025/10/31 11:51:21] ppocr INFO: epoch: [6/20], global_step: 5560, lr: 0.000094, acc: 0.805882, norm_edit_dis: 0.977244, CTCLoss: 1.413933, NRTRLoss: 1.324567, loss: 2.735630, avg_reader_cost: 0.00312 s, avg_batch_cost: 0.59967 s, avg_samples: 85.2, ips: 142.07701 samples/s, eta: 2:43:03, max_mem_reserved: 19535 MB, max_mem_allocated: 14171 MB
[2025/10/31 11:51:27] ppocr INFO: epoch: [6/20], global_step: 5570, lr: 0.000094, acc: 0.773437, norm_edit_dis: 0.974634, CTCLoss: 1.419092, NRTRLoss: 1.327888, loss: 2.755369, avg_reader_cost: 0.00295 s, avg_batch_cost: 0.60937 s, avg_samples: 91.7, ips: 150.48346 samples/s, eta: 2:42:57, max_mem_reserved: 19535 MB, max_mem_allocated: 14171 MB
[2025/10/31 11:51:33] ppocr INFO: epoch: [6/20], global_step: 5580, lr: 0.000094, acc: 0.718750, norm_edit_dis: 0.960671, CTCLoss: 2.690345, NRTRLoss: 1.333524, loss: 4.029570, avg_reader_cost: 0.00289 s, avg_batch_cost: 0.60068 s, avg_samples: 106.6, ips: 177.46663 samples/s, eta: 2:42:51, max_mem_reserved: 19535 MB, max_mem_allocated: 14171 MB
[2025/10/31 11:51:39] ppocr INFO: epoch: [6/20], global_step: 5590, lr: 0.000094, acc: 0.671875, norm_edit_dis: 0.958705, CTCLoss: 2.446621, NRTRLoss: 1.333145, loss: 3.792132, avg_reader_cost: 0.00292 s, avg_batch_cost: 0.61797 s, avg_samples: 108.7, ips: 175.89810 samples/s, eta: 2:42:45, max_mem_reserved: 19535 MB, max_mem_allocated: 14171 MB
[2025/10/31 11:51:45] ppocr INFO: epoch: [6/20], global_step: 5600, lr: 0.000094, acc: 0.742187, norm_edit_dis: 0.975290, CTCLoss: 1.525237, NRTRLoss: 1.324953, loss: 2.849909, avg_reader_cost: 0.00294 s, avg_batch_cost: 0.58732 s, avg_samples: 87.4, ips: 148.81059 samples/s, eta: 2:42:39, max_mem_reserved: 19535 MB, max_mem_allocated: 14171 MB
[2025/10/31 11:52:16] ppocr INFO: cur metric, acc: 0.8390999991609001, norm_edit_dis: 0.9841769575256958, fps: 738.4500669196077
[2025/10/31 11:52:16] ppocr INFO: best metric, acc: 0.8804999991195, is_float16: False, norm_edit_dis: 0.9874060038010709, fps: 743.5075085270266, best_epoch: 5
[2025/10/31 11:52:21] ppocr INFO: epoch: [6/20], global_step: 5610, lr: 0.000094, acc: 0.805882, norm_edit_dis: 0.979728, CTCLoss: 1.166015, NRTRLoss: 1.323265, loss: 2.487340, avg_reader_cost: 0.00311 s, avg_batch_cost: 0.57356 s, avg_samples: 85.1, ips: 148.37282 samples/s, eta: 2:42:32, max_mem_reserved: 19535 MB, max_mem_allocated: 14171 MB
[2025/10/31 11:52:28] ppocr INFO: epoch: [6/20], global_step: 5620, lr: 0.000094, acc: 0.805882, norm_edit_dis: 0.978130, CTCLoss: 1.207790, NRTRLoss: 1.325350, loss: 2.525045, avg_reader_cost: 0.00288 s, avg_batch_cost: 0.65069 s, avg_samples: 102.3, ips: 157.21835 samples/s, eta: 2:42:27, max_mem_reserved: 19535 MB, max_mem_allocated: 14171 MB
[2025/10/31 11:52:34] ppocr INFO: epoch: [6/20], global_step: 5630, lr: 0.000094, acc: 0.823529, norm_edit_dis: 0.977971, CTCLoss: 1.528199, NRTRLoss: 1.326896, loss: 2.852863, avg_reader_cost: 0.00292 s, avg_batch_cost: 0.61667 s, avg_samples: 87.3, ips: 141.56609 samples/s, eta: 2:42:21, max_mem_reserved: 19535 MB, max_mem_allocated: 14171 MB
[2025/10/31 11:52:40] ppocr INFO: epoch: [6/20], global_step: 5640, lr: 0.000094, acc: 0.823529, norm_edit_dis: 0.980230, CTCLoss: 1.371959, NRTRLoss: 1.324825, loss: 2.690471, avg_reader_cost: 0.00294 s, avg_batch_cost: 0.60197 s, avg_samples: 89.5, ips: 148.67780 samples/s, eta: 2:42:15, max_mem_reserved: 19535 MB, max_mem_allocated: 14171 MB
[2025/10/31 11:52:46] ppocr INFO: epoch: [6/20], global_step: 5650, lr: 0.000094, acc: 0.796875, norm_edit_dis: 0.976617, CTCLoss: 1.129541, NRTRLoss: 1.325431, loss: 2.449429, avg_reader_cost: 0.00361 s, avg_batch_cost: 0.58651 s, avg_samples: 83.2, ips: 141.85698 samples/s, eta: 2:42:09, max_mem_reserved: 19535 MB, max_mem_allocated: 14171 MB
[2025/10/31 11:53:17] ppocr INFO: cur metric, acc: 0.857999999142, norm_edit_dis: 0.985751943804016, fps: 716.1216949853431
[2025/10/31 11:53:17] ppocr INFO: best metric, acc: 0.8804999991195, is_float16: False, norm_edit_dis: 0.9874060038010709, fps: 743.5075085270266, best_epoch: 5
[2025/10/31 11:53:23] ppocr INFO: epoch: [6/20], global_step: 5660, lr: 0.000094, acc: 0.798437, norm_edit_dis: 0.979429, CTCLoss: 1.175618, NRTRLoss: 1.324943, loss: 2.501825, avg_reader_cost: 0.00305 s, avg_batch_cost: 0.60072 s, avg_samples: 85.2, ips: 141.83092 samples/s, eta: 2:42:02, max_mem_reserved: 19535 MB, max_mem_allocated: 14171 MB
[2025/10/31 11:53:28] ppocr INFO: epoch: [6/20], global_step: 5670, lr: 0.000094, acc: 0.839522, norm_edit_dis: 0.984198, CTCLoss: 1.120727, NRTRLoss: 1.323485, loss: 2.441588, avg_reader_cost: 0.00293 s, avg_batch_cost: 0.54260 s, avg_samples: 80.9, ips: 149.09577 samples/s, eta: 2:41:55, max_mem_reserved: 19535 MB, max_mem_allocated: 14171 MB
[2025/10/31 11:53:34] ppocr INFO: epoch: [6/20], global_step: 5680, lr: 0.000094, acc: 0.831709, norm_edit_dis: 0.981831, CTCLoss: 1.234224, NRTRLoss: 1.328315, loss: 2.557688, avg_reader_cost: 0.00292 s, avg_batch_cost: 0.61640 s, avg_samples: 104.4, ips: 169.37143 samples/s, eta: 2:41:49, max_mem_reserved: 19535 MB, max_mem_allocated: 14171 MB
[2025/10/31 11:53:40] ppocr INFO: epoch: [6/20], global_step: 5690, lr: 0.000094, acc: 0.794118, norm_edit_dis: 0.978052, CTCLoss: 1.321566, NRTRLoss: 1.331354, loss: 2.650320, avg_reader_cost: 0.00295 s, avg_batch_cost: 0.56399 s, avg_samples: 85.2, ips: 151.06597 samples/s, eta: 2:41:42, max_mem_reserved: 19535 MB, max_mem_allocated: 14171 MB
[2025/10/31 11:53:46] ppocr INFO: epoch: [6/20], global_step: 5700, lr: 0.000094, acc: 0.820312, norm_edit_dis: 0.980587, CTCLoss: 1.301384, NRTRLoss: 1.329156, loss: 2.626888, avg_reader_cost: 0.00297 s, avg_batch_cost: 0.57189 s, avg_samples: 83.1, ips: 145.30831 samples/s, eta: 2:41:35, max_mem_reserved: 19535 MB, max_mem_allocated: 14171 MB
[2025/10/31 11:54:16] ppocr INFO: cur metric, acc: 0.8707999991292, norm_edit_dis: 0.9872845291298811, fps: 729.1546171038791
[2025/10/31 11:54:16] ppocr INFO: best metric, acc: 0.8804999991195, is_float16: False, norm_edit_dis: 0.9874060038010709, fps: 743.5075085270266, best_epoch: 5
[2025/10/31 11:54:22] ppocr INFO: epoch: [6/20], global_step: 5710, lr: 0.000094, acc: 0.820312, norm_edit_dis: 0.981012, CTCLoss: 1.347551, NRTRLoss: 1.329156, loss: 2.670530, avg_reader_cost: 0.00375 s, avg_batch_cost: 0.62163 s, avg_samples: 100.1, ips: 161.02862 samples/s, eta: 2:41:29, max_mem_reserved: 19535 MB, max_mem_allocated: 14171 MB
[2025/10/31 11:54:28] ppocr INFO: epoch: [6/20], global_step: 5720, lr: 0.000094, acc: 0.808180, norm_edit_dis: 0.981874, CTCLoss: 1.600865, NRTRLoss: 1.327233, loss: 2.925299, avg_reader_cost: 0.00361 s, avg_batch_cost: 0.57559 s, avg_samples: 89.5, ips: 155.49147 samples/s, eta: 2:41:22, max_mem_reserved: 19535 MB, max_mem_allocated: 14171 MB
[2025/10/31 11:54:34] ppocr INFO: epoch: [6/20], global_step: 5730, lr: 0.000094, acc: 0.837592, norm_edit_dis: 0.983267, CTCLoss: 1.236800, NRTRLoss: 1.321810, loss: 2.551729, avg_reader_cost: 0.00296 s, avg_batch_cost: 0.55020 s, avg_samples: 85.2, ips: 154.85354 samples/s, eta: 2:41:15, max_mem_reserved: 19535 MB, max_mem_allocated: 14171 MB
[2025/10/31 11:54:40] ppocr INFO: epoch: [6/20], global_step: 5740, lr: 0.000094, acc: 0.831709, norm_edit_dis: 0.981688, CTCLoss: 1.069548, NRTRLoss: 1.324013, loss: 2.391927, avg_reader_cost: 0.00297 s, avg_batch_cost: 0.63146 s, avg_samples: 95.9, ips: 151.87094 samples/s, eta: 2:41:09, max_mem_reserved: 19535 MB, max_mem_allocated: 14171 MB
[2025/10/31 11:54:46] ppocr INFO: epoch: [6/20], global_step: 5750, lr: 0.000093, acc: 0.820312, norm_edit_dis: 0.979431, CTCLoss: 1.489379, NRTRLoss: 1.325564, loss: 2.820720, avg_reader_cost: 0.00298 s, avg_batch_cost: 0.61585 s, avg_samples: 89.5, ips: 145.32751 samples/s, eta: 2:41:04, max_mem_reserved: 19535 MB, max_mem_allocated: 14171 MB
[2025/10/31 11:55:17] ppocr INFO: cur metric, acc: 0.8908999991091, norm_edit_dis: 0.9889873871559857, fps: 724.609315917319
[2025/10/31 11:55:20] ppocr INFO: save best model is to ./output/best_accuracy
[2025/10/31 11:55:20] ppocr INFO: best metric, acc: 0.8908999991091, is_float16: False, norm_edit_dis: 0.9889873871559857, fps: 724.609315917319, best_epoch: 6
[2025/10/31 11:55:26] ppocr INFO: epoch: [6/20], global_step: 5760, lr: 0.000093, acc: 0.818015, norm_edit_dis: 0.979431, CTCLoss: 1.540254, NRTRLoss: 1.324233, loss: 2.867908, avg_reader_cost: 0.00361 s, avg_batch_cost: 0.60280 s, avg_samples: 91.6, ips: 151.95857 samples/s, eta: 2:40:57, max_mem_reserved: 19535 MB, max_mem_allocated: 14171 MB
[2025/10/31 11:55:32] ppocr INFO: epoch: [6/20], global_step: 5770, lr: 0.000093, acc: 0.818015, norm_edit_dis: 0.980345, CTCLoss: 1.514445, NRTRLoss: 1.321771, loss: 2.835404, avg_reader_cost: 0.00290 s, avg_batch_cost: 0.57340 s, avg_samples: 89.5, ips: 156.08587 samples/s, eta: 2:40:50, max_mem_reserved: 19535 MB, max_mem_allocated: 14171 MB
[2025/10/31 11:55:38] ppocr INFO: epoch: [6/20], global_step: 5780, lr: 0.000093, acc: 0.776470, norm_edit_dis: 0.973393, CTCLoss: 1.912922, NRTRLoss: 1.329436, loss: 3.242565, avg_reader_cost: 0.00290 s, avg_batch_cost: 0.58481 s, avg_samples: 98.0, ips: 167.57490 samples/s, eta: 2:40:44, max_mem_reserved: 19535 MB, max_mem_allocated: 14171 MB
[2025/10/31 11:55:44] ppocr INFO: epoch: [6/20], global_step: 5790, lr: 0.000093, acc: 0.729963, norm_edit_dis: 0.968912, CTCLoss: 2.094607, NRTRLoss: 1.331859, loss: 3.426928, avg_reader_cost: 0.00294 s, avg_batch_cost: 0.62499 s, avg_samples: 100.2, ips: 160.32281 samples/s, eta: 2:40:38, max_mem_reserved: 19535 MB, max_mem_allocated: 14171 MB
[2025/10/31 11:55:50] ppocr INFO: epoch: [6/20], global_step: 5800, lr: 0.000093, acc: 0.823529, norm_edit_dis: 0.977305, CTCLoss: 1.944127, NRTRLoss: 1.331853, loss: 3.273068, avg_reader_cost: 0.00286 s, avg_batch_cost: 0.63382 s, avg_samples: 98.0, ips: 154.61692 samples/s, eta: 2:40:33, max_mem_reserved: 19535 MB, max_mem_allocated: 14171 MB
[2025/10/31 11:56:22] ppocr INFO: cur metric, acc: 0.8694999991305, norm_edit_dis: 0.9866400850707577, fps: 725.6105274200696
[2025/10/31 11:56:22] ppocr INFO: best metric, acc: 0.8908999991091, is_float16: False, norm_edit_dis: 0.9889873871559857, fps: 724.609315917319, best_epoch: 6
[2025/10/31 11:56:28] ppocr INFO: epoch: [6/20], global_step: 5810, lr: 0.000093, acc: 0.823529, norm_edit_dis: 0.982845, CTCLoss: 1.086640, NRTRLoss: 1.321126, loss: 2.401619, avg_reader_cost: 0.00302 s, avg_batch_cost: 0.57763 s, avg_samples: 93.7, ips: 162.21343 samples/s, eta: 2:40:26, max_mem_reserved: 19535 MB, max_mem_allocated: 14171 MB
[2025/10/31 11:56:34] ppocr INFO: epoch: [6/20], global_step: 5820, lr: 0.000093, acc: 0.810202, norm_edit_dis: 0.982943, CTCLoss: 1.044357, NRTRLoss: 1.320904, loss: 2.365729, avg_reader_cost: 0.00296 s, avg_batch_cost: 0.61152 s, avg_samples: 95.9, ips: 156.82163 samples/s, eta: 2:40:20, max_mem_reserved: 19535 MB, max_mem_allocated: 14171 MB
[2025/10/31 11:56:39] ppocr INFO: epoch: [6/20], global_step: 5830, lr: 0.000093, acc: 0.816084, norm_edit_dis: 0.980308, CTCLoss: 1.150360, NRTRLoss: 1.321432, loss: 2.475062, avg_reader_cost: 0.00296 s, avg_batch_cost: 0.57169 s, avg_samples: 95.8, ips: 167.57369 samples/s, eta: 2:40:13, max_mem_reserved: 19535 MB, max_mem_allocated: 14171 MB
[2025/10/31 11:56:45] ppocr INFO: epoch: [6/20], global_step: 5840, lr: 0.000093, acc: 0.847059, norm_edit_dis: 0.982473, CTCLoss: 1.150360, NRTRLoss: 1.322952, loss: 2.475062, avg_reader_cost: 0.00299 s, avg_batch_cost: 0.57998 s, avg_samples: 80.9, ips: 139.48840 samples/s, eta: 2:40:07, max_mem_reserved: 19535 MB, max_mem_allocated: 14171 MB
[2025/10/31 11:56:51] ppocr INFO: epoch: [6/20], global_step: 5850, lr: 0.000093, acc: 0.847059, norm_edit_dis: 0.983598, CTCLoss: 1.082097, NRTRLoss: 1.325007, loss: 2.412181, avg_reader_cost: 0.00295 s, avg_batch_cost: 0.56817 s, avg_samples: 91.6, ips: 161.21946 samples/s, eta: 2:40:00, max_mem_reserved: 19535 MB, max_mem_allocated: 14171 MB
[2025/10/31 11:57:21] ppocr INFO: cur metric, acc: 0.8884999991115, norm_edit_dis: 0.9890095279873763, fps: 745.133801959034
[2025/10/31 11:57:21] ppocr INFO: best metric, acc: 0.8908999991091, is_float16: False, norm_edit_dis: 0.9889873871559857, fps: 724.609315917319, best_epoch: 6
[2025/10/31 11:57:27] ppocr INFO: epoch: [6/20], global_step: 5860, lr: 0.000093, acc: 0.839522, norm_edit_dis: 0.982535, CTCLoss: 1.275907, NRTRLoss: 1.326200, loss: 2.599199, avg_reader_cost: 0.00302 s, avg_batch_cost: 0.58684 s, avg_samples: 85.2, ips: 145.18324 samples/s, eta: 2:39:53, max_mem_reserved: 19535 MB, max_mem_allocated: 14171 MB
[2025/10/31 11:57:33] ppocr INFO: epoch: [6/20], global_step: 5870, lr: 0.000093, acc: 0.851287, norm_edit_dis: 0.984444, CTCLoss: 1.222361, NRTRLoss: 1.323244, loss: 2.551170, avg_reader_cost: 0.00295 s, avg_batch_cost: 0.56232 s, avg_samples: 78.8, ips: 140.13290 samples/s, eta: 2:39:46, max_mem_reserved: 19535 MB, max_mem_allocated: 14171 MB
[2025/10/31 11:57:38] ppocr INFO: epoch: [6/20], global_step: 5880, lr: 0.000093, acc: 0.859099, norm_edit_dis: 0.985241, CTCLoss: 0.857802, NRTRLoss: 1.321487, loss: 2.175527, avg_reader_cost: 0.00296 s, avg_batch_cost: 0.56426 s, avg_samples: 85.2, ips: 150.99425 samples/s, eta: 2:39:39, max_mem_reserved: 19535 MB, max_mem_allocated: 14171 MB
[2025/10/31 11:57:44] ppocr INFO: epoch: [6/20], global_step: 5890, lr: 0.000093, acc: 0.831709, norm_edit_dis: 0.983265, CTCLoss: 1.027591, NRTRLoss: 1.319459, loss: 2.348948, avg_reader_cost: 0.00297 s, avg_batch_cost: 0.57412 s, avg_samples: 85.1, ips: 148.22739 samples/s, eta: 2:39:32, max_mem_reserved: 19535 MB, max_mem_allocated: 14171 MB
[2025/10/31 11:57:50] ppocr INFO: epoch: [6/20], global_step: 5900, lr: 0.000093, acc: 0.819945, norm_edit_dis: 0.979030, CTCLoss: 1.334033, NRTRLoss: 1.325007, loss: 2.656635, avg_reader_cost: 0.00420 s, avg_batch_cost: 0.59797 s, avg_samples: 87.4, ips: 146.16026 samples/s, eta: 2:39:26, max_mem_reserved: 19535 MB, max_mem_allocated: 14171 MB
[2025/10/31 11:58:21] ppocr INFO: cur metric, acc: 0.892999999107, norm_edit_dis: 0.9891280188686309, fps: 745.0572833627622
[2025/10/31 11:58:24] ppocr INFO: save best model is to ./output/best_accuracy
[2025/10/31 11:58:24] ppocr INFO: best metric, acc: 0.892999999107, is_float16: False, norm_edit_dis: 0.9891280188686309, fps: 745.0572833627622, best_epoch: 6
[2025/10/31 11:58:30] ppocr INFO: epoch: [6/20], global_step: 5910, lr: 0.000093, acc: 0.818015, norm_edit_dis: 0.973935, CTCLoss: 1.593643, NRTRLoss: 1.327821, loss: 2.919416, avg_reader_cost: 0.00346 s, avg_batch_cost: 0.62750 s, avg_samples: 98.0, ips: 156.17574 samples/s, eta: 2:39:20, max_mem_reserved: 19535 MB, max_mem_allocated: 14171 MB
[2025/10/31 11:58:36] ppocr INFO: epoch: [6/20], global_step: 5920, lr: 0.000093, acc: 0.818015, norm_edit_dis: 0.978172, CTCLoss: 1.452719, NRTRLoss: 1.323253, loss: 2.774181, avg_reader_cost: 0.00335 s, avg_batch_cost: 0.58943 s, avg_samples: 93.8, ips: 159.13621 samples/s, eta: 2:39:14, max_mem_reserved: 19535 MB, max_mem_allocated: 14171 MB
[2025/10/31 11:58:42] ppocr INFO: epoch: [6/20], global_step: 5930, lr: 0.000093, acc: 0.818015, norm_edit_dis: 0.982094, CTCLoss: 1.370830, NRTRLoss: 1.322375, loss: 2.689041, avg_reader_cost: 0.00296 s, avg_batch_cost: 0.58159 s, avg_samples: 95.8, ips: 164.72046 samples/s, eta: 2:39:07, max_mem_reserved: 19535 MB, max_mem_allocated: 14171 MB
[2025/10/31 11:58:47] ppocr INFO: epoch: [6/20], global_step: 5940, lr: 0.000093, acc: 0.835294, norm_edit_dis: 0.983534, CTCLoss: 1.264715, NRTRLoss: 1.321871, loss: 2.579957, avg_reader_cost: 0.00337 s, avg_batch_cost: 0.57320 s, avg_samples: 78.9, ips: 137.64830 samples/s, eta: 2:39:00, max_mem_reserved: 19535 MB, max_mem_allocated: 14171 MB
[2025/10/31 11:58:54] ppocr INFO: epoch: [6/20], global_step: 5950, lr: 0.000093, acc: 0.839522, norm_edit_dis: 0.981387, CTCLoss: 1.579767, NRTRLoss: 1.325080, loss: 2.898988, avg_reader_cost: 0.00300 s, avg_batch_cost: 0.62217 s, avg_samples: 98.1, ips: 157.67463 samples/s, eta: 2:38:55, max_mem_reserved: 19535 MB, max_mem_allocated: 14171 MB
[2025/10/31 11:59:25] ppocr INFO: cur metric, acc: 0.8784999991215, norm_edit_dis: 0.9874777867505815, fps: 742.688742460392
[2025/10/31 11:59:25] ppocr INFO: best metric, acc: 0.892999999107, is_float16: False, norm_edit_dis: 0.9891280188686309, fps: 745.0572833627622, best_epoch: 6
[2025/10/31 11:59:31] ppocr INFO: epoch: [6/20], global_step: 5960, lr: 0.000093, acc: 0.794118, norm_edit_dis: 0.975094, CTCLoss: 1.795541, NRTRLoss: 1.334556, loss: 3.128885, avg_reader_cost: 0.00301 s, avg_batch_cost: 0.62393 s, avg_samples: 100.1, ips: 160.43347 samples/s, eta: 2:38:49, max_mem_reserved: 19535 MB, max_mem_allocated: 14171 MB
[2025/10/31 11:59:37] ppocr INFO: epoch: [6/20], global_step: 5970, lr: 0.000093, acc: 0.829412, norm_edit_dis: 0.981956, CTCLoss: 1.242685, NRTRLoss: 1.329202, loss: 2.586676, avg_reader_cost: 0.00300 s, avg_batch_cost: 0.56002 s, avg_samples: 76.7, ips: 136.95862 samples/s, eta: 2:38:42, max_mem_reserved: 19535 MB, max_mem_allocated: 14171 MB
[2025/10/31 11:59:43] ppocr INFO: epoch: [6/20], global_step: 5980, lr: 0.000093, acc: 0.823529, norm_edit_dis: 0.983520, CTCLoss: 1.231512, NRTRLoss: 1.324506, loss: 2.576339, avg_reader_cost: 0.00292 s, avg_batch_cost: 0.59838 s, avg_samples: 102.2, ips: 170.79308 samples/s, eta: 2:38:36, max_mem_reserved: 19535 MB, max_mem_allocated: 14171 MB
[2025/10/31 11:59:48] ppocr INFO: epoch: [6/20], global_step: 5990, lr: 0.000093, acc: 0.804320, norm_edit_dis: 0.978043, CTCLoss: 1.515343, NRTRLoss: 1.331872, loss: 2.840755, avg_reader_cost: 0.00294 s, avg_batch_cost: 0.58733 s, avg_samples: 89.5, ips: 152.38553 samples/s, eta: 2:38:29, max_mem_reserved: 19535 MB, max_mem_allocated: 14171 MB
[2025/10/31 11:59:54] ppocr INFO: epoch: [6/20], global_step: 6000, lr: 0.000093, acc: 0.817647, norm_edit_dis: 0.979029, CTCLoss: 1.372532, NRTRLoss: 1.329017, loss: 2.694525, avg_reader_cost: 0.00295 s, avg_batch_cost: 0.56780 s, avg_samples: 87.3, ips: 153.75142 samples/s, eta: 2:38:22, max_mem_reserved: 19535 MB, max_mem_allocated: 14171 MB
[2025/10/31 12:00:25] ppocr INFO: cur metric, acc: 0.8780999991219001, norm_edit_dis: 0.9879088682772145, fps: 748.0319082218175
[2025/10/31 12:00:25] ppocr INFO: best metric, acc: 0.892999999107, is_float16: False, norm_edit_dis: 0.9891280188686309, fps: 745.0572833627622, best_epoch: 6
[2025/10/31 12:00:31] ppocr INFO: epoch: [6/20], global_step: 6010, lr: 0.000093, acc: 0.835937, norm_edit_dis: 0.982810, CTCLoss: 1.347181, NRTRLoss: 1.327965, loss: 2.665944, avg_reader_cost: 0.00300 s, avg_batch_cost: 0.61123 s, avg_samples: 95.9, ips: 156.89577 samples/s, eta: 2:38:16, max_mem_reserved: 19535 MB, max_mem_allocated: 14171 MB
[2025/10/31 12:00:36] ppocr INFO: epoch: [6/20], global_step: 6020, lr: 0.000092, acc: 0.823529, norm_edit_dis: 0.980494, CTCLoss: 1.387941, NRTRLoss: 1.330190, loss: 2.721248, avg_reader_cost: 0.00295 s, avg_batch_cost: 0.56656 s, avg_samples: 87.4, ips: 154.26550 samples/s, eta: 2:38:09, max_mem_reserved: 19535 MB, max_mem_allocated: 14171 MB
[2025/10/31 12:00:43] ppocr INFO: epoch: [6/20], global_step: 6030, lr: 0.000092, acc: 0.818015, norm_edit_dis: 0.980494, CTCLoss: 1.370845, NRTRLoss: 1.329633, loss: 2.703234, avg_reader_cost: 0.00295 s, avg_batch_cost: 0.62260 s, avg_samples: 98.0, ips: 157.40341 samples/s, eta: 2:38:04, max_mem_reserved: 19535 MB, max_mem_allocated: 14171 MB
[2025/10/31 12:00:49] ppocr INFO: epoch: [6/20], global_step: 6040, lr: 0.000092, acc: 0.794485, norm_edit_dis: 0.978690, CTCLoss: 1.546746, NRTRLoss: 1.331217, loss: 2.865061, avg_reader_cost: 0.00372 s, avg_batch_cost: 0.60243 s, avg_samples: 93.8, ips: 155.70294 samples/s, eta: 2:37:58, max_mem_reserved: 19535 MB, max_mem_allocated: 14171 MB
[2025/10/31 12:00:54] ppocr INFO: epoch: [6/20], global_step: 6050, lr: 0.000092, acc: 0.812500, norm_edit_dis: 0.979417, CTCLoss: 1.600630, NRTRLoss: 1.335405, loss: 2.928895, avg_reader_cost: 0.00296 s, avg_batch_cost: 0.56895 s, avg_samples: 93.8, ips: 164.86454 samples/s, eta: 2:37:51, max_mem_reserved: 19535 MB, max_mem_allocated: 14171 MB
[2025/10/31 12:01:26] ppocr INFO: cur metric, acc: 0.8741999991258, norm_edit_dis: 0.9868036981765538, fps: 722.4455983980715
[2025/10/31 12:01:26] ppocr INFO: best metric, acc: 0.892999999107, is_float16: False, norm_edit_dis: 0.9891280188686309, fps: 745.0572833627622, best_epoch: 6
[2025/10/31 12:01:32] ppocr INFO: epoch: [6/20], global_step: 6060, lr: 0.000092, acc: 0.828125, norm_edit_dis: 0.980119, CTCLoss: 1.342558, NRTRLoss: 1.333921, loss: 2.685514, avg_reader_cost: 0.00344 s, avg_batch_cost: 0.57460 s, avg_samples: 81.0, ips: 140.96848 samples/s, eta: 2:37:44, max_mem_reserved: 19535 MB, max_mem_allocated: 14171 MB
[2025/10/31 12:01:38] ppocr INFO: epoch: [6/20], global_step: 6070, lr: 0.000092, acc: 0.828125, norm_edit_dis: 0.980477, CTCLoss: 1.223809, NRTRLoss: 1.329865, loss: 2.558290, avg_reader_cost: 0.00297 s, avg_batch_cost: 0.62713 s, avg_samples: 100.1, ips: 159.61646 samples/s, eta: 2:37:38, max_mem_reserved: 19535 MB, max_mem_allocated: 14171 MB
[2025/10/31 12:01:44] ppocr INFO: epoch: [6/20], global_step: 6080, lr: 0.000092, acc: 0.847059, norm_edit_dis: 0.982790, CTCLoss: 1.217271, NRTRLoss: 1.327890, loss: 2.541285, avg_reader_cost: 0.00302 s, avg_batch_cost: 0.57572 s, avg_samples: 89.5, ips: 155.45836 samples/s, eta: 2:37:32, max_mem_reserved: 19535 MB, max_mem_allocated: 14171 MB
[2025/10/31 12:01:50] ppocr INFO: epoch: [6/20], global_step: 6090, lr: 0.000092, acc: 0.859099, norm_edit_dis: 0.983914, CTCLoss: 1.047866, NRTRLoss: 1.323598, loss: 2.363720, avg_reader_cost: 0.00295 s, avg_batch_cost: 0.57698 s, avg_samples: 85.2, ips: 147.66655 samples/s, eta: 2:37:25, max_mem_reserved: 19535 MB, max_mem_allocated: 14171 MB
[2025/10/31 12:01:55] ppocr INFO: epoch: [6/20], global_step: 6100, lr: 0.000092, acc: 0.861029, norm_edit_dis: 0.984095, CTCLoss: 1.023565, NRTRLoss: 1.322379, loss: 2.349788, avg_reader_cost: 0.00293 s, avg_batch_cost: 0.56229 s, avg_samples: 89.5, ips: 159.16981 samples/s, eta: 2:37:18, max_mem_reserved: 19535 MB, max_mem_allocated: 14171 MB
[2025/10/31 12:02:26] ppocr INFO: cur metric, acc: 0.891999999108, norm_edit_dis: 0.9887868883155708, fps: 726.7026974655854
[2025/10/31 12:02:26] ppocr INFO: best metric, acc: 0.892999999107, is_float16: False, norm_edit_dis: 0.9891280188686309, fps: 745.0572833627622, best_epoch: 6
[2025/10/31 12:02:32] ppocr INFO: epoch: [6/20], global_step: 6110, lr: 0.000092, acc: 0.859375, norm_edit_dis: 0.982928, CTCLoss: 1.153938, NRTRLoss: 1.322023, loss: 2.474881, avg_reader_cost: 0.00351 s, avg_batch_cost: 0.57293 s, avg_samples: 87.4, ips: 152.54970 samples/s, eta: 2:37:11, max_mem_reserved: 19535 MB, max_mem_allocated: 14171 MB
[2025/10/31 12:02:38] ppocr INFO: epoch: [6/20], global_step: 6120, lr: 0.000092, acc: 0.859099, norm_edit_dis: 0.983908, CTCLoss: 1.047011, NRTRLoss: 1.320071, loss: 2.360838, avg_reader_cost: 0.00296 s, avg_batch_cost: 0.59819 s, avg_samples: 91.6, ips: 153.12870 samples/s, eta: 2:37:05, max_mem_reserved: 19535 MB, max_mem_allocated: 14171 MB
[2025/10/31 12:02:44] ppocr INFO: epoch: [6/20], global_step: 6130, lr: 0.000092, acc: 0.825827, norm_edit_dis: 0.980508, CTCLoss: 1.648801, NRTRLoss: 1.325749, loss: 2.977706, avg_reader_cost: 0.00301 s, avg_batch_cost: 0.63191 s, avg_samples: 102.3, ips: 161.88907 samples/s, eta: 2:36:59, max_mem_reserved: 19535 MB, max_mem_allocated: 14171 MB
[2025/10/31 12:02:50] ppocr INFO: epoch: [6/20], global_step: 6140, lr: 0.000092, acc: 0.765625, norm_edit_dis: 0.969117, CTCLoss: 1.898683, NRTRLoss: 1.327921, loss: 3.228457, avg_reader_cost: 0.00299 s, avg_batch_cost: 0.59086 s, avg_samples: 98.1, ips: 166.02784 samples/s, eta: 2:36:53, max_mem_reserved: 19535 MB, max_mem_allocated: 14171 MB
[2025/10/31 12:02:56] ppocr INFO: epoch: [6/20], global_step: 6150, lr: 0.000092, acc: 0.820312, norm_edit_dis: 0.981004, CTCLoss: 1.211029, NRTRLoss: 1.326414, loss: 2.533534, avg_reader_cost: 0.00303 s, avg_batch_cost: 0.56730 s, avg_samples: 85.2, ips: 150.18480 samples/s, eta: 2:36:46, max_mem_reserved: 19535 MB, max_mem_allocated: 14171 MB
[2025/10/31 12:03:26] ppocr INFO: cur metric, acc: 0.8670999991329, norm_edit_dis: 0.987183130688424, fps: 759.9568512047831
[2025/10/31 12:03:26] ppocr INFO: best metric, acc: 0.892999999107, is_float16: False, norm_edit_dis: 0.9891280188686309, fps: 745.0572833627622, best_epoch: 6
[2025/10/31 12:03:31] ppocr INFO: epoch: [6/20], global_step: 6160, lr: 0.000092, acc: 0.843750, norm_edit_dis: 0.983866, CTCLoss: 1.031721, NRTRLoss: 1.321679, loss: 2.352128, avg_reader_cost: 0.00306 s, avg_batch_cost: 0.56694 s, avg_samples: 85.2, ips: 150.28109 samples/s, eta: 2:36:39, max_mem_reserved: 19535 MB, max_mem_allocated: 14171 MB
[2025/10/31 12:03:37] ppocr INFO: epoch: [6/20], global_step: 6170, lr: 0.000092, acc: 0.843750, norm_edit_dis: 0.983749, CTCLoss: 1.002747, NRTRLoss: 1.322526, loss: 2.321869, avg_reader_cost: 0.00330 s, avg_batch_cost: 0.54180 s, avg_samples: 83.1, ips: 153.37669 samples/s, eta: 2:36:31, max_mem_reserved: 19535 MB, max_mem_allocated: 14171 MB
[2025/10/31 12:03:43] ppocr INFO: epoch: [6/20], global_step: 6180, lr: 0.000092, acc: 0.825827, norm_edit_dis: 0.980557, CTCLoss: 1.533683, NRTRLoss: 1.327199, loss: 2.865023, avg_reader_cost: 0.00294 s, avg_batch_cost: 0.60133 s, avg_samples: 93.7, ips: 155.82060 samples/s, eta: 2:36:25, max_mem_reserved: 19535 MB, max_mem_allocated: 14171 MB
[2025/10/31 12:03:49] ppocr INFO: epoch: [6/20], global_step: 6190, lr: 0.000092, acc: 0.811765, norm_edit_dis: 0.977079, CTCLoss: 2.092645, NRTRLoss: 1.328631, loss: 3.426439, avg_reader_cost: 0.00325 s, avg_batch_cost: 0.59934 s, avg_samples: 93.8, ips: 156.50597 samples/s, eta: 2:36:19, max_mem_reserved: 19535 MB, max_mem_allocated: 14171 MB
[2025/10/31 12:03:55] ppocr INFO: epoch: [6/20], global_step: 6200, lr: 0.000092, acc: 0.831709, norm_edit_dis: 0.979647, CTCLoss: 1.271842, NRTRLoss: 1.325468, loss: 2.604115, avg_reader_cost: 0.00291 s, avg_batch_cost: 0.58007 s, avg_samples: 89.5, ips: 154.29187 samples/s, eta: 2:36:13, max_mem_reserved: 19535 MB, max_mem_allocated: 14171 MB
[2025/10/31 12:04:25] ppocr INFO: cur metric, acc: 0.8573999991426, norm_edit_dis: 0.9848502576045246, fps: 754.886990053564
[2025/10/31 12:04:25] ppocr INFO: best metric, acc: 0.892999999107, is_float16: False, norm_edit_dis: 0.9891280188686309, fps: 745.0572833627622, best_epoch: 6
[2025/10/31 12:04:31] ppocr INFO: epoch: [6/20], global_step: 6210, lr: 0.000092, acc: 0.812132, norm_edit_dis: 0.976636, CTCLoss: 1.818063, NRTRLoss: 1.331564, loss: 3.154923, avg_reader_cost: 0.00308 s, avg_batch_cost: 0.58824 s, avg_samples: 102.3, ips: 173.90763 samples/s, eta: 2:36:06, max_mem_reserved: 19535 MB, max_mem_allocated: 14171 MB
[2025/10/31 12:04:37] ppocr INFO: epoch: [6/20], global_step: 6220, lr: 0.000092, acc: 0.707031, norm_edit_dis: 0.964588, CTCLoss: 1.986965, NRTRLoss: 1.330788, loss: 3.315062, avg_reader_cost: 0.00295 s, avg_batch_cost: 0.64330 s, avg_samples: 100.2, ips: 155.75875 samples/s, eta: 2:36:01, max_mem_reserved: 19535 MB, max_mem_allocated: 14171 MB
[2025/10/31 12:04:43] ppocr INFO: epoch: [6/20], global_step: 6230, lr: 0.000092, acc: 0.839522, norm_edit_dis: 0.981515, CTCLoss: 1.005333, NRTRLoss: 1.325317, loss: 2.326647, avg_reader_cost: 0.00302 s, avg_batch_cost: 0.54847 s, avg_samples: 85.3, ips: 155.52462 samples/s, eta: 2:35:54, max_mem_reserved: 19535 MB, max_mem_allocated: 14171 MB
[2025/10/31 12:04:49] ppocr INFO: epoch: [6/20], global_step: 6240, lr: 0.000092, acc: 0.839522, norm_edit_dis: 0.983216, CTCLoss: 1.032413, NRTRLoss: 1.330623, loss: 2.351037, avg_reader_cost: 0.00296 s, avg_batch_cost: 0.57327 s, avg_samples: 89.4, ips: 155.94729 samples/s, eta: 2:35:47, max_mem_reserved: 19535 MB, max_mem_allocated: 14171 MB
[2025/10/31 12:04:55] ppocr INFO: epoch: [6/20], global_step: 6250, lr: 0.000092, acc: 0.828125, norm_edit_dis: 0.979604, CTCLoss: 1.340506, NRTRLoss: 1.332789, loss: 2.671130, avg_reader_cost: 0.00299 s, avg_batch_cost: 0.60616 s, avg_samples: 91.7, ips: 151.27938 samples/s, eta: 2:35:41, max_mem_reserved: 19535 MB, max_mem_allocated: 14171 MB
[2025/10/31 12:05:26] ppocr INFO: cur metric, acc: 0.8840999991159, norm_edit_dis: 0.9883909301731392, fps: 744.583419527914
[2025/10/31 12:05:26] ppocr INFO: best metric, acc: 0.892999999107, is_float16: False, norm_edit_dis: 0.9891280188686309, fps: 745.0572833627622, best_epoch: 6
[2025/10/31 12:05:32] ppocr INFO: epoch: [6/20], global_step: 6260, lr: 0.000092, acc: 0.828125, norm_edit_dis: 0.980960, CTCLoss: 1.364526, NRTRLoss: 1.323588, loss: 2.691352, avg_reader_cost: 0.00300 s, avg_batch_cost: 0.56077 s, avg_samples: 87.3, ips: 155.67920 samples/s, eta: 2:35:34, max_mem_reserved: 19535 MB, max_mem_allocated: 14171 MB
[2025/10/31 12:05:37] ppocr INFO: epoch: [6/20], global_step: 6270, lr: 0.000092, acc: 0.835294, norm_edit_dis: 0.983799, CTCLoss: 0.992644, NRTRLoss: 1.321942, loss: 2.314003, avg_reader_cost: 0.00317 s, avg_batch_cost: 0.55085 s, avg_samples: 85.2, ips: 154.66995 samples/s, eta: 2:35:26, max_mem_reserved: 19535 MB, max_mem_allocated: 14171 MB
[2025/10/31 12:05:44] ppocr INFO: epoch: [6/20], global_step: 6280, lr: 0.000091, acc: 0.835294, norm_edit_dis: 0.982753, CTCLoss: 1.578670, NRTRLoss: 1.327335, loss: 2.905139, avg_reader_cost: 0.00308 s, avg_batch_cost: 0.61508 s, avg_samples: 95.9, ips: 155.91574 samples/s, eta: 2:35:21, max_mem_reserved: 19535 MB, max_mem_allocated: 14171 MB
[2025/10/31 12:05:49] ppocr INFO: epoch: [6/20], global_step: 6290, lr: 0.000091, acc: 0.812500, norm_edit_dis: 0.980848, CTCLoss: 1.539810, NRTRLoss: 1.329283, loss: 2.864291, avg_reader_cost: 0.00306 s, avg_batch_cost: 0.58353 s, avg_samples: 87.4, ips: 149.77837 samples/s, eta: 2:35:14, max_mem_reserved: 19535 MB, max_mem_allocated: 14171 MB
[2025/10/31 12:05:55] ppocr INFO: epoch: [6/20], global_step: 6300, lr: 0.000091, acc: 0.805882, norm_edit_dis: 0.976569, CTCLoss: 1.394202, NRTRLoss: 1.325364, loss: 2.713688, avg_reader_cost: 0.00290 s, avg_batch_cost: 0.59966 s, avg_samples: 95.9, ips: 159.92415 samples/s, eta: 2:35:08, max_mem_reserved: 19535 MB, max_mem_allocated: 14171 MB
[2025/10/31 12:06:26] ppocr INFO: cur metric, acc: 0.8777999991222, norm_edit_dis: 0.9873055648108279, fps: 737.0804167622292
[2025/10/31 12:06:26] ppocr INFO: best metric, acc: 0.892999999107, is_float16: False, norm_edit_dis: 0.9891280188686309, fps: 745.0572833627622, best_epoch: 6
[2025/10/31 12:06:32] ppocr INFO: epoch: [6/20], global_step: 6310, lr: 0.000091, acc: 0.812132, norm_edit_dis: 0.976569, CTCLoss: 1.415758, NRTRLoss: 1.322845, loss: 2.732816, avg_reader_cost: 0.00312 s, avg_batch_cost: 0.60888 s, avg_samples: 93.7, ips: 153.88884 samples/s, eta: 2:35:02, max_mem_reserved: 19535 MB, max_mem_allocated: 14171 MB
[2025/10/31 12:06:38] ppocr INFO: epoch: [6/20], global_step: 6320, lr: 0.000091, acc: 0.820312, norm_edit_dis: 0.982236, CTCLoss: 1.387426, NRTRLoss: 1.322024, loss: 2.702892, avg_reader_cost: 0.00379 s, avg_batch_cost: 0.58374 s, avg_samples: 83.1, ips: 142.35746 samples/s, eta: 2:34:56, max_mem_reserved: 19535 MB, max_mem_allocated: 14171 MB
[2025/10/31 12:06:44] ppocr INFO: epoch: [6/20], global_step: 6330, lr: 0.000091, acc: 0.828125, norm_edit_dis: 0.982384, CTCLoss: 1.254960, NRTRLoss: 1.324890, loss: 2.571715, avg_reader_cost: 0.00335 s, avg_batch_cost: 0.62747 s, avg_samples: 100.1, ips: 159.52887 samples/s, eta: 2:34:50, max_mem_reserved: 19535 MB, max_mem_allocated: 14171 MB
[2025/10/31 12:06:50] ppocr INFO: epoch: [6/20], global_step: 6340, lr: 0.000091, acc: 0.781250, norm_edit_dis: 0.975861, CTCLoss: 1.387294, NRTRLoss: 1.326760, loss: 2.707324, avg_reader_cost: 0.00297 s, avg_batch_cost: 0.59695 s, avg_samples: 98.1, ips: 164.33557 samples/s, eta: 2:34:44, max_mem_reserved: 19535 MB, max_mem_allocated: 14171 MB
[2025/10/31 12:06:57] ppocr INFO: epoch: [6/20], global_step: 6350, lr: 0.000091, acc: 0.742187, norm_edit_dis: 0.970845, CTCLoss: 2.022605, NRTRLoss: 1.328407, loss: 3.355380, avg_reader_cost: 0.00289 s, avg_batch_cost: 0.63271 s, avg_samples: 106.5, ips: 168.32293 samples/s, eta: 2:34:39, max_mem_reserved: 19535 MB, max_mem_allocated: 14171 MB
[2025/10/31 12:07:28] ppocr INFO: cur metric, acc: 0.8571999991428, norm_edit_dis: 0.985312390913521, fps: 733.2886725181683
[2025/10/31 12:07:28] ppocr INFO: best metric, acc: 0.892999999107, is_float16: False, norm_edit_dis: 0.9891280188686309, fps: 745.0572833627622, best_epoch: 6
[2025/10/31 12:07:33] ppocr INFO: epoch: [6/20], global_step: 6360, lr: 0.000091, acc: 0.786673, norm_edit_dis: 0.973631, CTCLoss: 1.875369, NRTRLoss: 1.326233, loss: 3.222838, avg_reader_cost: 0.00339 s, avg_batch_cost: 0.57590 s, avg_samples: 85.3, ips: 148.11721 samples/s, eta: 2:34:32, max_mem_reserved: 19535 MB, max_mem_allocated: 14171 MB
[2025/10/31 12:07:39] ppocr INFO: epoch: [6/20], global_step: 6370, lr: 0.000091, acc: 0.839522, norm_edit_dis: 0.982580, CTCLoss: 1.072041, NRTRLoss: 1.319384, loss: 2.390141, avg_reader_cost: 0.00293 s, avg_batch_cost: 0.57177 s, avg_samples: 78.8, ips: 137.81881 samples/s, eta: 2:34:25, max_mem_reserved: 19535 MB, max_mem_allocated: 14171 MB
[2025/10/31 12:07:45] ppocr INFO: epoch: [6/20], global_step: 6380, lr: 0.000091, acc: 0.835294, norm_edit_dis: 0.983290, CTCLoss: 1.103027, NRTRLoss: 1.320309, loss: 2.424253, avg_reader_cost: 0.00384 s, avg_batch_cost: 0.61229 s, avg_samples: 95.9, ips: 156.62595 samples/s, eta: 2:34:19, max_mem_reserved: 19535 MB, max_mem_allocated: 14171 MB
[2025/10/31 12:07:51] ppocr INFO: epoch: [6/20], global_step: 6390, lr: 0.000091, acc: 0.820312, norm_edit_dis: 0.978638, CTCLoss: 1.645713, NRTRLoss: 1.323712, loss: 2.960178, avg_reader_cost: 0.00294 s, avg_batch_cost: 0.58769 s, avg_samples: 91.7, ips: 156.03495 samples/s, eta: 2:34:13, max_mem_reserved: 19535 MB, max_mem_allocated: 14171 MB
[2025/10/31 12:07:57] ppocr INFO: epoch: [6/20], global_step: 6400, lr: 0.000091, acc: 0.847334, norm_edit_dis: 0.982934, CTCLoss: 1.039691, NRTRLoss: 1.319018, loss: 2.355391, avg_reader_cost: 0.00290 s, avg_batch_cost: 0.56218 s, avg_samples: 81.0, ips: 144.08083 samples/s, eta: 2:34:06, max_mem_reserved: 19535 MB, max_mem_allocated: 14171 MB
[2025/10/31 12:08:28] ppocr INFO: cur metric, acc: 0.8842999991157, norm_edit_dis: 0.9885935973589527, fps: 705.6189678703523
[2025/10/31 12:08:28] ppocr INFO: best metric, acc: 0.892999999107, is_float16: False, norm_edit_dis: 0.9891280188686309, fps: 745.0572833627622, best_epoch: 6
[2025/10/31 12:08:35] ppocr INFO: epoch: [6/20], global_step: 6410, lr: 0.000091, acc: 0.841176, norm_edit_dis: 0.982770, CTCLoss: 0.992540, NRTRLoss: 1.321070, loss: 2.310629, avg_reader_cost: 0.00289 s, avg_batch_cost: 0.62753 s, avg_samples: 106.5, ips: 169.71408 samples/s, eta: 2:34:00, max_mem_reserved: 19535 MB, max_mem_allocated: 14171 MB
[2025/10/31 12:08:41] ppocr INFO: epoch: [6/20], global_step: 6420, lr: 0.000091, acc: 0.818015, norm_edit_dis: 0.975389, CTCLoss: 1.231991, NRTRLoss: 1.326492, loss: 2.555679, avg_reader_cost: 0.00300 s, avg_batch_cost: 0.62669 s, avg_samples: 93.8, ips: 149.67567 samples/s, eta: 2:33:55, max_mem_reserved: 19535 MB, max_mem_allocated: 14171 MB
[2025/10/31 12:08:47] ppocr INFO: epoch: [6/20], global_step: 6430, lr: 0.000091, acc: 0.818015, norm_edit_dis: 0.982540, CTCLoss: 1.139358, NRTRLoss: 1.323304, loss: 2.467648, avg_reader_cost: 0.00297 s, avg_batch_cost: 0.60841 s, avg_samples: 91.6, ips: 150.55606 samples/s, eta: 2:33:49, max_mem_reserved: 19535 MB, max_mem_allocated: 14171 MB
[2025/10/31 12:08:53] ppocr INFO: epoch: [6/20], global_step: 6440, lr: 0.000091, acc: 0.835294, norm_edit_dis: 0.982635, CTCLoss: 1.139358, NRTRLoss: 1.321406, loss: 2.467648, avg_reader_cost: 0.00293 s, avg_batch_cost: 0.62552 s, avg_samples: 100.1, ips: 160.02655 samples/s, eta: 2:33:43, max_mem_reserved: 19535 MB, max_mem_allocated: 14171 MB
[2025/10/31 12:08:59] ppocr INFO: epoch: [6/20], global_step: 6450, lr: 0.000091, acc: 0.847059, norm_edit_dis: 0.985499, CTCLoss: 1.116904, NRTRLoss: 1.320611, loss: 2.430593, avg_reader_cost: 0.00292 s, avg_batch_cost: 0.61548 s, avg_samples: 91.6, ips: 148.82581 samples/s, eta: 2:33:38, max_mem_reserved: 19535 MB, max_mem_allocated: 14171 MB
[2025/10/31 12:09:30] ppocr INFO: cur metric, acc: 0.8825999991174001, norm_edit_dis: 0.9884054603388619, fps: 767.3145919321054
[2025/10/31 12:09:30] ppocr INFO: best metric, acc: 0.892999999107, is_float16: False, norm_edit_dis: 0.9891280188686309, fps: 745.0572833627622, best_epoch: 6
[2025/10/31 12:09:36] ppocr INFO: epoch: [6/20], global_step: 6460, lr: 0.000091, acc: 0.819945, norm_edit_dis: 0.979663, CTCLoss: 1.414156, NRTRLoss: 1.322529, loss: 2.731049, avg_reader_cost: 0.00294 s, avg_batch_cost: 0.59045 s, avg_samples: 100.2, ips: 169.70001 samples/s, eta: 2:33:31, max_mem_reserved: 19535 MB, max_mem_allocated: 14171 MB
[2025/10/31 12:09:42] ppocr INFO: epoch: [6/20], global_step: 6470, lr: 0.000091, acc: 0.710937, norm_edit_dis: 0.963848, CTCLoss: 2.283200, NRTRLoss: 1.333649, loss: 3.618180, avg_reader_cost: 0.00325 s, avg_batch_cost: 0.66406 s, avg_samples: 110.9, ips: 167.00339 samples/s, eta: 2:33:27, max_mem_reserved: 19535 MB, max_mem_allocated: 14171 MB
[2025/10/31 12:09:48] ppocr INFO: epoch: [6/20], global_step: 6480, lr: 0.000091, acc: 0.687500, norm_edit_dis: 0.962638, CTCLoss: 2.307881, NRTRLoss: 1.335124, loss: 3.639920, avg_reader_cost: 0.00290 s, avg_batch_cost: 0.60932 s, avg_samples: 104.5, ips: 171.50189 samples/s, eta: 2:33:21, max_mem_reserved: 19535 MB, max_mem_allocated: 14171 MB
[2025/10/31 12:09:54] ppocr INFO: epoch: [6/20], global_step: 6490, lr: 0.000091, acc: 0.794118, norm_edit_dis: 0.977893, CTCLoss: 1.788771, NRTRLoss: 1.327078, loss: 3.112066, avg_reader_cost: 0.00286 s, avg_batch_cost: 0.59763 s, avg_samples: 91.6, ips: 153.27320 samples/s, eta: 2:33:15, max_mem_reserved: 19535 MB, max_mem_allocated: 14171 MB
[2025/10/31 12:10:01] ppocr INFO: epoch: [6/20], global_step: 6500, lr: 0.000091, acc: 0.763235, norm_edit_dis: 0.975413, CTCLoss: 1.964469, NRTRLoss: 1.332592, loss: 3.290943, avg_reader_cost: 0.00330 s, avg_batch_cost: 0.64670 s, avg_samples: 110.9, ips: 171.48634 samples/s, eta: 2:33:10, max_mem_reserved: 19535 MB, max_mem_allocated: 14171 MB
[2025/10/31 12:10:32] ppocr INFO: cur metric, acc: 0.8353999991646001, norm_edit_dis: 0.9826251089370861, fps: 741.815213357493
[2025/10/31 12:10:32] ppocr INFO: best metric, acc: 0.892999999107, is_float16: False, norm_edit_dis: 0.9891280188686309, fps: 745.0572833627622, best_epoch: 6
[2025/10/31 12:10:38] ppocr INFO: epoch: [6/20], global_step: 6510, lr: 0.000091, acc: 0.835294, norm_edit_dis: 0.980459, CTCLoss: 1.204799, NRTRLoss: 1.327698, loss: 2.530809, avg_reader_cost: 0.00347 s, avg_batch_cost: 0.56763 s, avg_samples: 83.1, ips: 146.39843 samples/s, eta: 2:33:03, max_mem_reserved: 19535 MB, max_mem_allocated: 14171 MB
[2025/10/31 12:10:41] ppocr INFO: epoch: [6/20], global_step: 6516, lr: 0.000090, acc: 0.841176, norm_edit_dis: 0.981416, CTCLoss: 1.312753, NRTRLoss: 1.325108, loss: 2.635967, avg_reader_cost: 0.00176 s, avg_batch_cost: 0.34896 s, avg_samples: 53.3, ips: 152.73823 samples/s, eta: 2:32:59, max_mem_reserved: 19535 MB, max_mem_allocated: 14171 MB
[2025/10/31 12:10:44] ppocr INFO: save model in ./output/latest
[2025/10/31 12:10:45] ppocr INFO: save model in ./output/iter_epoch_6
[2025/10/31 12:10:49] ppocr INFO: epoch: [7/20], global_step: 6520, lr: 0.000090, acc: 0.853217, norm_edit_dis: 0.983286, CTCLoss: 1.034006, NRTRLoss: 1.322931, loss: 2.354640, avg_reader_cost: 0.49789 s, avg_batch_cost: 0.78431 s, avg_samples: 38.3, ips: 48.83249 samples/s, eta: 2:33:09, max_mem_reserved: 19535 MB, max_mem_allocated: 14171 MB
[2025/10/31 12:10:55] ppocr INFO: epoch: [7/20], global_step: 6530, lr: 0.000090, acc: 0.835294, norm_edit_dis: 0.981724, CTCLoss: 1.280255, NRTRLoss: 1.328389, loss: 2.605303, avg_reader_cost: 0.00330 s, avg_batch_cost: 0.62624 s, avg_samples: 102.3, ips: 163.35477 samples/s, eta: 2:33:03, max_mem_reserved: 19535 MB, max_mem_allocated: 14171 MB
[2025/10/31 12:11:01] ppocr INFO: epoch: [7/20], global_step: 6540, lr: 0.000090, acc: 0.839522, norm_edit_dis: 0.983463, CTCLoss: 1.275595, NRTRLoss: 1.327175, loss: 2.601527, avg_reader_cost: 0.00292 s, avg_batch_cost: 0.55556 s, avg_samples: 76.7, ips: 138.05855 samples/s, eta: 2:32:56, max_mem_reserved: 19535 MB, max_mem_allocated: 14171 MB
[2025/10/31 12:11:07] ppocr INFO: epoch: [7/20], global_step: 6550, lr: 0.000090, acc: 0.843750, norm_edit_dis: 0.985258, CTCLoss: 1.057576, NRTRLoss: 1.321239, loss: 2.396100, avg_reader_cost: 0.00288 s, avg_batch_cost: 0.55754 s, avg_samples: 83.1, ips: 149.04648 samples/s, eta: 2:32:49, max_mem_reserved: 19535 MB, max_mem_allocated: 14171 MB
[2025/10/31 12:11:36] ppocr INFO: cur metric, acc: 0.8865999991134, norm_edit_dis: 0.9884489962867187, fps: 773.6059470160387
[2025/10/31 12:11:36] ppocr INFO: best metric, acc: 0.892999999107, is_float16: False, norm_edit_dis: 0.9891280188686309, fps: 745.0572833627622, best_epoch: 6
[2025/10/31 12:11:43] ppocr INFO: epoch: [7/20], global_step: 6560, lr: 0.000090, acc: 0.825827, norm_edit_dis: 0.979163, CTCLoss: 1.531201, NRTRLoss: 1.330592, loss: 2.859568, avg_reader_cost: 0.00307 s, avg_batch_cost: 0.64730 s, avg_samples: 108.8, ips: 168.08254 samples/s, eta: 2:32:44, max_mem_reserved: 19535 MB, max_mem_allocated: 14171 MB
[2025/10/31 12:11:49] ppocr INFO: epoch: [7/20], global_step: 6570, lr: 0.000090, acc: 0.703125, norm_edit_dis: 0.960866, CTCLoss: 2.203998, NRTRLoss: 1.336910, loss: 3.539144, avg_reader_cost: 0.00384 s, avg_batch_cost: 0.64262 s, avg_samples: 106.6, ips: 165.88302 samples/s, eta: 2:32:39, max_mem_reserved: 19535 MB, max_mem_allocated: 14171 MB
[2025/10/31 12:11:56] ppocr INFO: epoch: [7/20], global_step: 6580, lr: 0.000090, acc: 0.726562, norm_edit_dis: 0.965411, CTCLoss: 2.051433, NRTRLoss: 1.327682, loss: 3.387606, avg_reader_cost: 0.00300 s, avg_batch_cost: 0.62149 s, avg_samples: 104.4, ips: 167.98383 samples/s, eta: 2:32:33, max_mem_reserved: 19535 MB, max_mem_allocated: 14171 MB
[2025/10/31 12:12:01] ppocr INFO: epoch: [7/20], global_step: 6590, lr: 0.000090, acc: 0.805882, norm_edit_dis: 0.981741, CTCLoss: 1.073935, NRTRLoss: 1.320728, loss: 2.396626, avg_reader_cost: 0.00349 s, avg_batch_cost: 0.53604 s, avg_samples: 80.9, ips: 150.92087 samples/s, eta: 2:32:26, max_mem_reserved: 19535 MB, max_mem_allocated: 14171 MB
[2025/10/31 12:12:07] ppocr INFO: epoch: [7/20], global_step: 6600, lr: 0.000090, acc: 0.820312, norm_edit_dis: 0.983714, CTCLoss: 0.956585, NRTRLoss: 1.319677, loss: 2.275431, avg_reader_cost: 0.00349 s, avg_batch_cost: 0.63235 s, avg_samples: 95.9, ips: 151.65594 samples/s, eta: 2:32:20, max_mem_reserved: 19535 MB, max_mem_allocated: 14171 MB
[2025/10/31 12:12:37] ppocr INFO: cur metric, acc: 0.8727999991272001, norm_edit_dis: 0.9875405615764266, fps: 762.7290044234712
[2025/10/31 12:12:37] ppocr INFO: best metric, acc: 0.892999999107, is_float16: False, norm_edit_dis: 0.9891280188686309, fps: 745.0572833627622, best_epoch: 6
[2025/10/31 12:12:42] ppocr INFO: epoch: [7/20], global_step: 6610, lr: 0.000090, acc: 0.831709, norm_edit_dis: 0.982500, CTCLoss: 1.112472, NRTRLoss: 1.322547, loss: 2.442383, avg_reader_cost: 0.00303 s, avg_batch_cost: 0.54981 s, avg_samples: 80.9, ips: 147.14114 samples/s, eta: 2:32:13, max_mem_reserved: 19535 MB, max_mem_allocated: 14171 MB
[2025/10/31 12:12:48] ppocr INFO: epoch: [7/20], global_step: 6620, lr: 0.000090, acc: 0.828125, norm_edit_dis: 0.980693, CTCLoss: 1.147327, NRTRLoss: 1.325371, loss: 2.475248, avg_reader_cost: 0.00296 s, avg_batch_cost: 0.57048 s, avg_samples: 95.9, ips: 168.10427 samples/s, eta: 2:32:06, max_mem_reserved: 19535 MB, max_mem_allocated: 14171 MB
[2025/10/31 12:12:54] ppocr INFO: epoch: [7/20], global_step: 6630, lr: 0.000090, acc: 0.758823, norm_edit_dis: 0.975982, CTCLoss: 1.396595, NRTRLoss: 1.323698, loss: 2.713737, avg_reader_cost: 0.00296 s, avg_batch_cost: 0.58013 s, avg_samples: 87.3, ips: 150.48336 samples/s, eta: 2:31:59, max_mem_reserved: 19535 MB, max_mem_allocated: 14171 MB
[2025/10/31 12:13:00] ppocr INFO: epoch: [7/20], global_step: 6640, lr: 0.000090, acc: 0.752941, norm_edit_dis: 0.973820, CTCLoss: 1.537643, NRTRLoss: 1.324206, loss: 2.856415, avg_reader_cost: 0.00294 s, avg_batch_cost: 0.64841 s, avg_samples: 98.1, ips: 151.29392 samples/s, eta: 2:31:54, max_mem_reserved: 19535 MB, max_mem_allocated: 14171 MB
[2025/10/31 12:13:06] ppocr INFO: epoch: [7/20], global_step: 6650, lr: 0.000090, acc: 0.782353, norm_edit_dis: 0.979170, CTCLoss: 1.173496, NRTRLoss: 1.322734, loss: 2.492553, avg_reader_cost: 0.00295 s, avg_batch_cost: 0.60223 s, avg_samples: 93.6, ips: 155.42254 samples/s, eta: 2:31:48, max_mem_reserved: 19535 MB, max_mem_allocated: 14171 MB
[2025/10/31 12:13:38] ppocr INFO: cur metric, acc: 0.8658999991341, norm_edit_dis: 0.9874666951635978, fps: 765.3667487870847
[2025/10/31 12:13:38] ppocr INFO: best metric, acc: 0.892999999107, is_float16: False, norm_edit_dis: 0.9891280188686309, fps: 745.0572833627622, best_epoch: 6
[2025/10/31 12:13:44] ppocr INFO: epoch: [7/20], global_step: 6660, lr: 0.000090, acc: 0.771048, norm_edit_dis: 0.976560, CTCLoss: 1.322718, NRTRLoss: 1.327301, loss: 2.645767, avg_reader_cost: 0.00299 s, avg_batch_cost: 0.60717 s, avg_samples: 104.5, ips: 172.10992 samples/s, eta: 2:31:42, max_mem_reserved: 19535 MB, max_mem_allocated: 14171 MB
[2025/10/31 12:13:50] ppocr INFO: epoch: [7/20], global_step: 6670, lr: 0.000090, acc: 0.703125, norm_edit_dis: 0.964070, CTCLoss: 2.149695, NRTRLoss: 1.330633, loss: 3.481350, avg_reader_cost: 0.00300 s, avg_batch_cost: 0.62122 s, avg_samples: 100.2, ips: 161.29526 samples/s, eta: 2:31:37, max_mem_reserved: 19535 MB, max_mem_allocated: 14171 MB
[2025/10/31 12:13:56] ppocr INFO: epoch: [7/20], global_step: 6680, lr: 0.000090, acc: 0.812500, norm_edit_dis: 0.984032, CTCLoss: 0.913871, NRTRLoss: 1.319208, loss: 2.231974, avg_reader_cost: 0.00298 s, avg_batch_cost: 0.57130 s, avg_samples: 81.0, ips: 141.78101 samples/s, eta: 2:31:30, max_mem_reserved: 19535 MB, max_mem_allocated: 14171 MB
[2025/10/31 12:14:02] ppocr INFO: epoch: [7/20], global_step: 6690, lr: 0.000090, acc: 0.825827, norm_edit_dis: 0.983821, CTCLoss: 0.910996, NRTRLoss: 1.319108, loss: 2.233419, avg_reader_cost: 0.00294 s, avg_batch_cost: 0.60477 s, avg_samples: 89.5, ips: 147.99075 samples/s, eta: 2:31:24, max_mem_reserved: 19535 MB, max_mem_allocated: 14171 MB
[2025/10/31 12:14:08] ppocr INFO: epoch: [7/20], global_step: 6700, lr: 0.000090, acc: 0.825827, norm_edit_dis: 0.982871, CTCLoss: 0.993256, NRTRLoss: 1.322536, loss: 2.318229, avg_reader_cost: 0.00329 s, avg_batch_cost: 0.60792 s, avg_samples: 91.5, ips: 150.51219 samples/s, eta: 2:31:18, max_mem_reserved: 19535 MB, max_mem_allocated: 14171 MB
[2025/10/31 12:14:38] ppocr INFO: cur metric, acc: 0.8856999991143, norm_edit_dis: 0.9892654573499601, fps: 779.9924312372324
[2025/10/31 12:14:38] ppocr INFO: best metric, acc: 0.892999999107, is_float16: False, norm_edit_dis: 0.9891280188686309, fps: 745.0572833627622, best_epoch: 6
[2025/10/31 12:14:44] ppocr INFO: epoch: [7/20], global_step: 6710, lr: 0.000090, acc: 0.823529, norm_edit_dis: 0.981830, CTCLoss: 0.933922, NRTRLoss: 1.320592, loss: 2.260542, avg_reader_cost: 0.00317 s, avg_batch_cost: 0.58269 s, avg_samples: 89.5, ips: 153.59774 samples/s, eta: 2:31:11, max_mem_reserved: 19535 MB, max_mem_allocated: 14171 MB
[2025/10/31 12:14:50] ppocr INFO: epoch: [7/20], global_step: 6720, lr: 0.000090, acc: 0.823529, norm_edit_dis: 0.983525, CTCLoss: 1.010012, NRTRLoss: 1.320656, loss: 2.335577, avg_reader_cost: 0.00294 s, avg_batch_cost: 0.62405 s, avg_samples: 89.4, ips: 143.25678 samples/s, eta: 2:31:06, max_mem_reserved: 19535 MB, max_mem_allocated: 14171 MB
[2025/10/31 12:14:56] ppocr INFO: epoch: [7/20], global_step: 6730, lr: 0.000090, acc: 0.859099, norm_edit_dis: 0.985444, CTCLoss: 1.103710, NRTRLoss: 1.321890, loss: 2.422074, avg_reader_cost: 0.00383 s, avg_batch_cost: 0.58653 s, avg_samples: 91.6, ips: 156.17249 samples/s, eta: 2:30:59, max_mem_reserved: 19535 MB, max_mem_allocated: 14171 MB
[2025/10/31 12:15:02] ppocr INFO: epoch: [7/20], global_step: 6740, lr: 0.000090, acc: 0.835294, norm_edit_dis: 0.982439, CTCLoss: 1.103710, NRTRLoss: 1.323668, loss: 2.422074, avg_reader_cost: 0.00291 s, avg_batch_cost: 0.57148 s, avg_samples: 83.0, ips: 145.23772 samples/s, eta: 2:30:53, max_mem_reserved: 19535 MB, max_mem_allocated: 14171 MB
[2025/10/31 12:15:08] ppocr INFO: epoch: [7/20], global_step: 6750, lr: 0.000089, acc: 0.812500, norm_edit_dis: 0.977580, CTCLoss: 1.359661, NRTRLoss: 1.326212, loss: 2.683442, avg_reader_cost: 0.00337 s, avg_batch_cost: 0.63945 s, avg_samples: 108.7, ips: 169.98867 samples/s, eta: 2:30:47, max_mem_reserved: 19535 MB, max_mem_allocated: 14171 MB
[2025/10/31 12:15:39] ppocr INFO: cur metric, acc: 0.8684999991315, norm_edit_dis: 0.9870619959267991, fps: 761.0348772572738
[2025/10/31 12:15:39] ppocr INFO: best metric, acc: 0.892999999107, is_float16: False, norm_edit_dis: 0.9891280188686309, fps: 745.0572833627622, best_epoch: 6
[2025/10/31 12:15:44] ppocr INFO: epoch: [7/20], global_step: 6760, lr: 0.000089, acc: 0.804687, norm_edit_dis: 0.978408, CTCLoss: 1.296359, NRTRLoss: 1.322864, loss: 2.625714, avg_reader_cost: 0.00312 s, avg_batch_cost: 0.56067 s, avg_samples: 83.1, ips: 148.21584 samples/s, eta: 2:30:40, max_mem_reserved: 19535 MB, max_mem_allocated: 14171 MB
[2025/10/31 12:15:50] ppocr INFO: epoch: [7/20], global_step: 6770, lr: 0.000089, acc: 0.812132, norm_edit_dis: 0.981007, CTCLoss: 1.104326, NRTRLoss: 1.320825, loss: 2.425721, avg_reader_cost: 0.00285 s, avg_batch_cost: 0.57142 s, avg_samples: 87.4, ips: 152.95263 samples/s, eta: 2:30:34, max_mem_reserved: 19535 MB, max_mem_allocated: 14171 MB
[2025/10/31 12:15:56] ppocr INFO: epoch: [7/20], global_step: 6780, lr: 0.000089, acc: 0.796875, norm_edit_dis: 0.977739, CTCLoss: 1.254014, NRTRLoss: 1.322729, loss: 2.583278, avg_reader_cost: 0.00290 s, avg_batch_cost: 0.59470 s, avg_samples: 100.2, ips: 168.48785 samples/s, eta: 2:30:27, max_mem_reserved: 19535 MB, max_mem_allocated: 14171 MB
[2025/10/31 12:16:02] ppocr INFO: epoch: [7/20], global_step: 6790, lr: 0.000089, acc: 0.794118, norm_edit_dis: 0.976379, CTCLoss: 1.358667, NRTRLoss: 1.322978, loss: 2.693258, avg_reader_cost: 0.00293 s, avg_batch_cost: 0.62981 s, avg_samples: 95.9, ips: 152.26700 samples/s, eta: 2:30:22, max_mem_reserved: 19535 MB, max_mem_allocated: 14171 MB
[2025/10/31 12:16:09] ppocr INFO: epoch: [7/20], global_step: 6800, lr: 0.000089, acc: 0.835294, norm_edit_dis: 0.979283, CTCLoss: 1.099162, NRTRLoss: 1.323668, loss: 2.427932, avg_reader_cost: 0.00297 s, avg_batch_cost: 0.64126 s, avg_samples: 89.4, ips: 139.41310 samples/s, eta: 2:30:17, max_mem_reserved: 19535 MB, max_mem_allocated: 14171 MB
[2025/10/31 12:16:39] ppocr INFO: cur metric, acc: 0.8856999991143, norm_edit_dis: 0.9890036149898012, fps: 771.085783271328
[2025/10/31 12:16:39] ppocr INFO: best metric, acc: 0.892999999107, is_float16: False, norm_edit_dis: 0.9891280188686309, fps: 745.0572833627622, best_epoch: 6
[2025/10/31 12:16:45] ppocr INFO: epoch: [7/20], global_step: 6810, lr: 0.000089, acc: 0.841176, norm_edit_dis: 0.982254, CTCLoss: 0.942289, NRTRLoss: 1.322149, loss: 2.262082, avg_reader_cost: 0.00357 s, avg_batch_cost: 0.58264 s, avg_samples: 85.2, ips: 146.23014 samples/s, eta: 2:30:10, max_mem_reserved: 19535 MB, max_mem_allocated: 14171 MB
[2025/10/31 12:16:51] ppocr INFO: epoch: [7/20], global_step: 6820, lr: 0.000089, acc: 0.817647, norm_edit_dis: 0.982166, CTCLoss: 0.957429, NRTRLoss: 1.325424, loss: 2.290500, avg_reader_cost: 0.00427 s, avg_batch_cost: 0.60272 s, avg_samples: 100.2, ips: 166.24767 samples/s, eta: 2:30:04, max_mem_reserved: 19535 MB, max_mem_allocated: 14171 MB
[2025/10/31 12:16:57] ppocr INFO: epoch: [7/20], global_step: 6830, lr: 0.000089, acc: 0.782812, norm_edit_dis: 0.979125, CTCLoss: 1.776353, NRTRLoss: 1.328106, loss: 3.103229, avg_reader_cost: 0.00289 s, avg_batch_cost: 0.60474 s, avg_samples: 95.9, ips: 158.58015 samples/s, eta: 2:29:58, max_mem_reserved: 19535 MB, max_mem_allocated: 14171 MB
[2025/10/31 12:17:03] ppocr INFO: epoch: [7/20], global_step: 6840, lr: 0.000089, acc: 0.789062, norm_edit_dis: 0.981455, CTCLoss: 1.315365, NRTRLoss: 1.325361, loss: 2.632726, avg_reader_cost: 0.00394 s, avg_batch_cost: 0.62252 s, avg_samples: 98.1, ips: 157.58569 samples/s, eta: 2:29:52, max_mem_reserved: 19535 MB, max_mem_allocated: 14171 MB
[2025/10/31 12:17:09] ppocr INFO: epoch: [7/20], global_step: 6850, lr: 0.000089, acc: 0.812500, norm_edit_dis: 0.981344, CTCLoss: 1.163779, NRTRLoss: 1.321899, loss: 2.485562, avg_reader_cost: 0.00289 s, avg_batch_cost: 0.58940 s, avg_samples: 87.3, ips: 148.11700 samples/s, eta: 2:29:46, max_mem_reserved: 19535 MB, max_mem_allocated: 14171 MB
[2025/10/31 12:17:39] ppocr INFO: cur metric, acc: 0.8783999991216, norm_edit_dis: 0.9881462467242649, fps: 783.0275235694925
[2025/10/31 12:17:39] ppocr INFO: best metric, acc: 0.892999999107, is_float16: False, norm_edit_dis: 0.9891280188686309, fps: 745.0572833627622, best_epoch: 6
[2025/10/31 12:17:45] ppocr INFO: epoch: [7/20], global_step: 6860, lr: 0.000089, acc: 0.823529, norm_edit_dis: 0.981199, CTCLoss: 1.163779, NRTRLoss: 1.320683, loss: 2.485562, avg_reader_cost: 0.00329 s, avg_batch_cost: 0.60986 s, avg_samples: 95.9, ips: 157.24887 samples/s, eta: 2:29:40, max_mem_reserved: 19535 MB, max_mem_allocated: 14171 MB
[2025/10/31 12:17:51] ppocr INFO: epoch: [7/20], global_step: 6870, lr: 0.000089, acc: 0.825827, norm_edit_dis: 0.983345, CTCLoss: 0.919033, NRTRLoss: 1.323440, loss: 2.241131, avg_reader_cost: 0.00361 s, avg_batch_cost: 0.59512 s, avg_samples: 85.2, ips: 143.16419 samples/s, eta: 2:29:34, max_mem_reserved: 19535 MB, max_mem_allocated: 14171 MB
[2025/10/31 12:17:56] ppocr INFO: epoch: [7/20], global_step: 6880, lr: 0.000089, acc: 0.839522, norm_edit_dis: 0.983578, CTCLoss: 0.928789, NRTRLoss: 1.321393, loss: 2.253281, avg_reader_cost: 0.00433 s, avg_batch_cost: 0.57162 s, avg_samples: 89.5, ips: 156.57202 samples/s, eta: 2:29:27, max_mem_reserved: 19535 MB, max_mem_allocated: 14171 MB
[2025/10/31 12:18:03] ppocr INFO: epoch: [7/20], global_step: 6890, lr: 0.000089, acc: 0.804320, norm_edit_dis: 0.978689, CTCLoss: 1.257178, NRTRLoss: 1.320246, loss: 2.576576, avg_reader_cost: 0.00309 s, avg_batch_cost: 0.64389 s, avg_samples: 104.4, ips: 162.13905 samples/s, eta: 2:29:22, max_mem_reserved: 19535 MB, max_mem_allocated: 14171 MB
[2025/10/31 12:18:09] ppocr INFO: epoch: [7/20], global_step: 6900, lr: 0.000089, acc: 0.817647, norm_edit_dis: 0.980625, CTCLoss: 1.119291, NRTRLoss: 1.322401, loss: 2.437815, avg_reader_cost: 0.00288 s, avg_batch_cost: 0.59196 s, avg_samples: 89.5, ips: 151.19299 samples/s, eta: 2:29:15, max_mem_reserved: 19535 MB, max_mem_allocated: 14171 MB
[2025/10/31 12:18:38] ppocr INFO: cur metric, acc: 0.8908999991091, norm_edit_dis: 0.9899277946188323, fps: 786.8775152952068
[2025/10/31 12:18:38] ppocr INFO: best metric, acc: 0.892999999107, is_float16: False, norm_edit_dis: 0.9891280188686309, fps: 745.0572833627622, best_epoch: 6
[2025/10/31 12:18:44] ppocr INFO: epoch: [7/20], global_step: 6910, lr: 0.000089, acc: 0.851562, norm_edit_dis: 0.985998, CTCLoss: 0.827994, NRTRLoss: 1.322648, loss: 2.148483, avg_reader_cost: 0.00357 s, avg_batch_cost: 0.58590 s, avg_samples: 89.5, ips: 152.75526 samples/s, eta: 2:29:09, max_mem_reserved: 19535 MB, max_mem_allocated: 14171 MB
[2025/10/31 12:18:50] ppocr INFO: epoch: [7/20], global_step: 6920, lr: 0.000089, acc: 0.843750, norm_edit_dis: 0.984615, CTCLoss: 0.957409, NRTRLoss: 1.322362, loss: 2.285281, avg_reader_cost: 0.00293 s, avg_batch_cost: 0.61820 s, avg_samples: 87.3, ips: 141.21707 samples/s, eta: 2:29:03, max_mem_reserved: 19535 MB, max_mem_allocated: 14171 MB
[2025/10/31 12:18:57] ppocr INFO: epoch: [7/20], global_step: 6930, lr: 0.000089, acc: 0.763281, norm_edit_dis: 0.968837, CTCLoss: 1.519223, NRTRLoss: 1.331292, loss: 2.844888, avg_reader_cost: 0.00334 s, avg_batch_cost: 0.64106 s, avg_samples: 117.3, ips: 182.97766 samples/s, eta: 2:28:58, max_mem_reserved: 19535 MB, max_mem_allocated: 14171 MB
[2025/10/31 12:19:03] ppocr INFO: epoch: [7/20], global_step: 6940, lr: 0.000089, acc: 0.710937, norm_edit_dis: 0.964181, CTCLoss: 2.053876, NRTRLoss: 1.336262, loss: 3.392273, avg_reader_cost: 0.00295 s, avg_batch_cost: 0.62758 s, avg_samples: 98.0, ips: 156.15555 samples/s, eta: 2:28:52, max_mem_reserved: 19535 MB, max_mem_allocated: 14171 MB
[2025/10/31 12:19:10] ppocr INFO: epoch: [7/20], global_step: 6950, lr: 0.000089, acc: 0.805882, norm_edit_dis: 0.981563, CTCLoss: 1.032255, NRTRLoss: 1.328487, loss: 2.351989, avg_reader_cost: 0.00295 s, avg_batch_cost: 0.66094 s, avg_samples: 104.4, ips: 157.95724 samples/s, eta: 2:28:48, max_mem_reserved: 19535 MB, max_mem_allocated: 14171 MB
[2025/10/31 12:19:41] ppocr INFO: cur metric, acc: 0.865999999134, norm_edit_dis: 0.9869838014371084, fps: 764.2313329300122
[2025/10/31 12:19:41] ppocr INFO: best metric, acc: 0.892999999107, is_float16: False, norm_edit_dis: 0.9891280188686309, fps: 745.0572833627622, best_epoch: 6
[2025/10/31 12:19:47] ppocr INFO: epoch: [7/20], global_step: 6960, lr: 0.000089, acc: 0.812132, norm_edit_dis: 0.982604, CTCLoss: 1.032255, NRTRLoss: 1.323972, loss: 2.351989, avg_reader_cost: 0.00330 s, avg_batch_cost: 0.61388 s, avg_samples: 87.3, ips: 142.21134 samples/s, eta: 2:28:42, max_mem_reserved: 19535 MB, max_mem_allocated: 14171 MB
[2025/10/31 12:19:53] ppocr INFO: epoch: [7/20], global_step: 6970, lr: 0.000088, acc: 0.812132, norm_edit_dis: 0.976261, CTCLoss: 1.231462, NRTRLoss: 1.324321, loss: 2.550010, avg_reader_cost: 0.00327 s, avg_batch_cost: 0.64332 s, avg_samples: 104.4, ips: 162.28403 samples/s, eta: 2:28:37, max_mem_reserved: 19535 MB, max_mem_allocated: 14171 MB
[2025/10/31 12:19:59] ppocr INFO: epoch: [7/20], global_step: 6980, lr: 0.000088, acc: 0.829412, norm_edit_dis: 0.982077, CTCLoss: 1.172730, NRTRLoss: 1.325155, loss: 2.499154, avg_reader_cost: 0.00289 s, avg_batch_cost: 0.55677 s, avg_samples: 76.6, ips: 137.58001 samples/s, eta: 2:28:30, max_mem_reserved: 19535 MB, max_mem_allocated: 14171 MB
[2025/10/31 12:20:05] ppocr INFO: epoch: [7/20], global_step: 6990, lr: 0.000088, acc: 0.864981, norm_edit_dis: 0.986056, CTCLoss: 0.871898, NRTRLoss: 1.318554, loss: 2.199423, avg_reader_cost: 0.00299 s, avg_batch_cost: 0.56079 s, avg_samples: 81.0, ips: 144.43881 samples/s, eta: 2:28:23, max_mem_reserved: 19535 MB, max_mem_allocated: 14171 MB
[2025/10/31 12:20:11] ppocr INFO: epoch: [7/20], global_step: 7000, lr: 0.000088, acc: 0.851287, norm_edit_dis: 0.982869, CTCLoss: 1.262341, NRTRLoss: 1.322105, loss: 2.577326, avg_reader_cost: 0.00289 s, avg_batch_cost: 0.62367 s, avg_samples: 102.4, ips: 164.19030 samples/s, eta: 2:28:17, max_mem_reserved: 19535 MB, max_mem_allocated: 14171 MB
[2025/10/31 12:20:41] ppocr INFO: cur metric, acc: 0.8654999991345, norm_edit_dis: 0.9871650324317482, fps: 763.7896700472927
[2025/10/31 12:20:41] ppocr INFO: best metric, acc: 0.892999999107, is_float16: False, norm_edit_dis: 0.9891280188686309, fps: 745.0572833627622, best_epoch: 6
[2025/10/31 12:20:47] ppocr INFO: epoch: [7/20], global_step: 7010, lr: 0.000088, acc: 0.835294, norm_edit_dis: 0.983624, CTCLoss: 1.316575, NRTRLoss: 1.327436, loss: 2.637980, avg_reader_cost: 0.00302 s, avg_batch_cost: 0.55978 s, avg_samples: 78.8, ips: 140.76977 samples/s, eta: 2:28:10, max_mem_reserved: 19535 MB, max_mem_allocated: 14171 MB
[2025/10/31 12:20:53] ppocr INFO: epoch: [7/20], global_step: 7020, lr: 0.000088, acc: 0.835294, norm_edit_dis: 0.983952, CTCLoss: 0.942496, NRTRLoss: 1.325911, loss: 2.264907, avg_reader_cost: 0.00288 s, avg_batch_cost: 0.59949 s, avg_samples: 95.9, ips: 159.96914 samples/s, eta: 2:28:04, max_mem_reserved: 19535 MB, max_mem_allocated: 14171 MB
[2025/10/31 12:20:59] ppocr INFO: epoch: [7/20], global_step: 7030, lr: 0.000088, acc: 0.819945, norm_edit_dis: 0.979951, CTCLoss: 1.100726, NRTRLoss: 1.323825, loss: 2.422341, avg_reader_cost: 0.00289 s, avg_batch_cost: 0.58831 s, avg_samples: 89.5, ips: 152.13118 samples/s, eta: 2:27:57, max_mem_reserved: 19535 MB, max_mem_allocated: 14171 MB
[2025/10/31 12:21:05] ppocr INFO: epoch: [7/20], global_step: 7040, lr: 0.000088, acc: 0.796875, norm_edit_dis: 0.976858, CTCLoss: 1.472106, NRTRLoss: 1.323825, loss: 2.789439, avg_reader_cost: 0.00347 s, avg_batch_cost: 0.63120 s, avg_samples: 100.2, ips: 158.74586 samples/s, eta: 2:27:52, max_mem_reserved: 19535 MB, max_mem_allocated: 14171 MB
[2025/10/31 12:21:11] ppocr INFO: epoch: [7/20], global_step: 7050, lr: 0.000088, acc: 0.810202, norm_edit_dis: 0.976858, CTCLoss: 1.333765, NRTRLoss: 1.328620, loss: 2.647419, avg_reader_cost: 0.00290 s, avg_batch_cost: 0.58473 s, avg_samples: 91.6, ips: 156.65481 samples/s, eta: 2:27:45, max_mem_reserved: 19535 MB, max_mem_allocated: 14171 MB
[2025/10/31 12:21:43] ppocr INFO: cur metric, acc: 0.8816999991183, norm_edit_dis: 0.9888390673373457, fps: 761.735631041423
[2025/10/31 12:21:43] ppocr INFO: best metric, acc: 0.892999999107, is_float16: False, norm_edit_dis: 0.9891280188686309, fps: 745.0572833627622, best_epoch: 6
[2025/10/31 12:21:48] ppocr INFO: epoch: [7/20], global_step: 7060, lr: 0.000088, acc: 0.833640, norm_edit_dis: 0.983892, CTCLoss: 0.939926, NRTRLoss: 1.323401, loss: 2.258296, avg_reader_cost: 0.00290 s, avg_batch_cost: 0.58253 s, avg_samples: 91.6, ips: 157.24517 samples/s, eta: 2:27:39, max_mem_reserved: 19535 MB, max_mem_allocated: 14171 MB
[2025/10/31 12:21:54] ppocr INFO: epoch: [7/20], global_step: 7070, lr: 0.000088, acc: 0.829412, norm_edit_dis: 0.984239, CTCLoss: 1.034965, NRTRLoss: 1.321859, loss: 2.357163, avg_reader_cost: 0.00290 s, avg_batch_cost: 0.55168 s, avg_samples: 91.6, ips: 166.03839 samples/s, eta: 2:27:32, max_mem_reserved: 19535 MB, max_mem_allocated: 14171 MB
[2025/10/31 12:22:00] ppocr INFO: epoch: [7/20], global_step: 7080, lr: 0.000088, acc: 0.829412, norm_edit_dis: 0.984280, CTCLoss: 1.103996, NRTRLoss: 1.322199, loss: 2.425060, avg_reader_cost: 0.00327 s, avg_batch_cost: 0.62305 s, avg_samples: 102.3, ips: 164.19147 samples/s, eta: 2:27:26, max_mem_reserved: 19535 MB, max_mem_allocated: 14171 MB
[2025/10/31 12:22:06] ppocr INFO: epoch: [7/20], global_step: 7090, lr: 0.000088, acc: 0.695312, norm_edit_dis: 0.963029, CTCLoss: 2.216674, NRTRLoss: 1.328891, loss: 3.547190, avg_reader_cost: 0.00340 s, avg_batch_cost: 0.61238 s, avg_samples: 108.7, ips: 177.50437 samples/s, eta: 2:27:20, max_mem_reserved: 19535 MB, max_mem_allocated: 14171 MB
[2025/10/31 12:22:12] ppocr INFO: epoch: [7/20], global_step: 7100, lr: 0.000088, acc: 0.776470, norm_edit_dis: 0.973314, CTCLoss: 1.839641, NRTRLoss: 1.323748, loss: 3.164842, avg_reader_cost: 0.00291 s, avg_batch_cost: 0.61742 s, avg_samples: 95.8, ips: 155.16245 samples/s, eta: 2:27:15, max_mem_reserved: 19535 MB, max_mem_allocated: 14171 MB
[2025/10/31 12:22:43] ppocr INFO: cur metric, acc: 0.8882999991117, norm_edit_dis: 0.9891956991612761, fps: 754.7718358209877
[2025/10/31 12:22:43] ppocr INFO: best metric, acc: 0.892999999107, is_float16: False, norm_edit_dis: 0.9891280188686309, fps: 745.0572833627622, best_epoch: 6
[2025/10/31 12:22:48] ppocr INFO: epoch: [7/20], global_step: 7110, lr: 0.000088, acc: 0.845404, norm_edit_dis: 0.985335, CTCLoss: 0.970170, NRTRLoss: 1.321881, loss: 2.287393, avg_reader_cost: 0.00373 s, avg_batch_cost: 0.53626 s, avg_samples: 81.0, ips: 151.04534 samples/s, eta: 2:27:07, max_mem_reserved: 19535 MB, max_mem_allocated: 14171 MB
[2025/10/31 12:22:54] ppocr INFO: epoch: [7/20], global_step: 7120, lr: 0.000088, acc: 0.835294, norm_edit_dis: 0.982291, CTCLoss: 1.106817, NRTRLoss: 1.324390, loss: 2.434634, avg_reader_cost: 0.00319 s, avg_batch_cost: 0.58280 s, avg_samples: 98.0, ips: 168.15252 samples/s, eta: 2:27:01, max_mem_reserved: 19535 MB, max_mem_allocated: 14171 MB
[2025/10/31 12:23:00] ppocr INFO: epoch: [7/20], global_step: 7130, lr: 0.000088, acc: 0.816084, norm_edit_dis: 0.979822, CTCLoss: 1.156715, NRTRLoss: 1.324529, loss: 2.477259, avg_reader_cost: 0.00329 s, avg_batch_cost: 0.59594 s, avg_samples: 98.0, ips: 164.44609 samples/s, eta: 2:26:54, max_mem_reserved: 19535 MB, max_mem_allocated: 14171 MB
[2025/10/31 12:23:06] ppocr INFO: epoch: [7/20], global_step: 7140, lr: 0.000088, acc: 0.847059, norm_edit_dis: 0.985345, CTCLoss: 1.008622, NRTRLoss: 1.319084, loss: 2.330824, avg_reader_cost: 0.00342 s, avg_batch_cost: 0.57352 s, avg_samples: 87.3, ips: 152.21692 samples/s, eta: 2:26:48, max_mem_reserved: 19535 MB, max_mem_allocated: 14171 MB
[2025/10/31 12:23:12] ppocr INFO: epoch: [7/20], global_step: 7150, lr: 0.000088, acc: 0.847059, norm_edit_dis: 0.984066, CTCLoss: 0.980386, NRTRLoss: 1.322375, loss: 2.302545, avg_reader_cost: 0.00330 s, avg_batch_cost: 0.62678 s, avg_samples: 100.2, ips: 159.86590 samples/s, eta: 2:26:42, max_mem_reserved: 19535 MB, max_mem_allocated: 14171 MB
[2025/10/31 12:23:42] ppocr INFO: cur metric, acc: 0.8912999991087001, norm_edit_dis: 0.9897568749463287, fps: 762.8358055285073
[2025/10/31 12:23:42] ppocr INFO: best metric, acc: 0.892999999107, is_float16: False, norm_edit_dis: 0.9891280188686309, fps: 745.0572833627622, best_epoch: 6
[2025/10/31 12:23:48] ppocr INFO: epoch: [7/20], global_step: 7160, lr: 0.000088, acc: 0.796875, norm_edit_dis: 0.979152, CTCLoss: 1.072605, NRTRLoss: 1.323639, loss: 2.383615, avg_reader_cost: 0.00312 s, avg_batch_cost: 0.61605 s, avg_samples: 93.8, ips: 152.26079 samples/s, eta: 2:26:36, max_mem_reserved: 19535 MB, max_mem_allocated: 14171 MB
[2025/10/31 12:23:54] ppocr INFO: epoch: [7/20], global_step: 7170, lr: 0.000088, acc: 0.831709, norm_edit_dis: 0.983970, CTCLoss: 1.066227, NRTRLoss: 1.322793, loss: 2.385205, avg_reader_cost: 0.00292 s, avg_batch_cost: 0.58080 s, avg_samples: 93.7, ips: 161.32862 samples/s, eta: 2:26:30, max_mem_reserved: 19535 MB, max_mem_allocated: 14171 MB
[2025/10/31 12:24:00] ppocr INFO: epoch: [7/20], global_step: 7180, lr: 0.000087, acc: 0.835937, norm_edit_dis: 0.982283, CTCLoss: 1.066227, NRTRLoss: 1.322818, loss: 2.385205, avg_reader_cost: 0.00340 s, avg_batch_cost: 0.61196 s, avg_samples: 95.9, ips: 156.71013 samples/s, eta: 2:26:24, max_mem_reserved: 19535 MB, max_mem_allocated: 14171 MB
[2025/10/31 12:24:06] ppocr INFO: epoch: [7/20], global_step: 7190, lr: 0.000087, acc: 0.798437, norm_edit_dis: 0.978255, CTCLoss: 1.140593, NRTRLoss: 1.320927, loss: 2.456157, avg_reader_cost: 0.00293 s, avg_batch_cost: 0.58983 s, avg_samples: 85.3, ips: 144.61830 samples/s, eta: 2:26:18, max_mem_reserved: 19535 MB, max_mem_allocated: 14171 MB
[2025/10/31 12:24:12] ppocr INFO: epoch: [7/20], global_step: 7200, lr: 0.000087, acc: 0.818015, norm_edit_dis: 0.981264, CTCLoss: 0.994116, NRTRLoss: 1.321025, loss: 2.311438, avg_reader_cost: 0.00335 s, avg_batch_cost: 0.56394 s, avg_samples: 85.1, ips: 150.90184 samples/s, eta: 2:26:11, max_mem_reserved: 19535 MB, max_mem_allocated: 14171 MB
[2025/10/31 12:24:43] ppocr INFO: cur metric, acc: 0.9060999990939, norm_edit_dis: 0.9912015830723341, fps: 791.6005679029877
[2025/10/31 12:24:45] ppocr INFO: save best model is to ./output/best_accuracy
[2025/10/31 12:24:45] ppocr INFO: best metric, acc: 0.9060999990939, is_float16: False, norm_edit_dis: 0.9912015830723341, fps: 791.6005679029877, best_epoch: 7
[2025/10/31 12:24:51] ppocr INFO: epoch: [7/20], global_step: 7210, lr: 0.000087, acc: 0.818015, norm_edit_dis: 0.979598, CTCLoss: 1.088497, NRTRLoss: 1.325473, loss: 2.410026, avg_reader_cost: 0.00449 s, avg_batch_cost: 0.62659 s, avg_samples: 104.5, ips: 166.77534 samples/s, eta: 2:26:05, max_mem_reserved: 19535 MB, max_mem_allocated: 14171 MB
[2025/10/31 12:24:57] ppocr INFO: epoch: [7/20], global_step: 7220, lr: 0.000087, acc: 0.746094, norm_edit_dis: 0.969512, CTCLoss: 1.574160, NRTRLoss: 1.327011, loss: 2.904690, avg_reader_cost: 0.00317 s, avg_batch_cost: 0.57516 s, avg_samples: 100.2, ips: 174.21147 samples/s, eta: 2:25:59, max_mem_reserved: 19535 MB, max_mem_allocated: 14171 MB
[2025/10/31 12:25:03] ppocr INFO: epoch: [7/20], global_step: 7230, lr: 0.000087, acc: 0.841176, norm_edit_dis: 0.982364, CTCLoss: 1.313646, NRTRLoss: 1.320131, loss: 2.635808, avg_reader_cost: 0.00334 s, avg_batch_cost: 0.61566 s, avg_samples: 89.5, ips: 145.37300 samples/s, eta: 2:25:53, max_mem_reserved: 19535 MB, max_mem_allocated: 14171 MB
[2025/10/31 12:25:09] ppocr INFO: epoch: [7/20], global_step: 7240, lr: 0.000087, acc: 0.841452, norm_edit_dis: 0.983885, CTCLoss: 1.298409, NRTRLoss: 1.324557, loss: 2.612738, avg_reader_cost: 0.00295 s, avg_batch_cost: 0.56530 s, avg_samples: 87.4, ips: 154.60784 samples/s, eta: 2:25:46, max_mem_reserved: 19535 MB, max_mem_allocated: 14171 MB
[2025/10/31 12:25:15] ppocr INFO: epoch: [7/20], global_step: 7250, lr: 0.000087, acc: 0.841176, norm_edit_dis: 0.985116, CTCLoss: 1.237607, NRTRLoss: 1.322374, loss: 2.564878, avg_reader_cost: 0.00292 s, avg_batch_cost: 0.55920 s, avg_samples: 85.2, ips: 152.36009 samples/s, eta: 2:25:39, max_mem_reserved: 19535 MB, max_mem_allocated: 14171 MB
[2025/10/31 12:25:46] ppocr INFO: cur metric, acc: 0.9000999990999, norm_edit_dis: 0.9902382213603739, fps: 747.5525888031761
[2025/10/31 12:25:46] ppocr INFO: best metric, acc: 0.9060999990939, is_float16: False, norm_edit_dis: 0.9912015830723341, fps: 791.6005679029877, best_epoch: 7
[2025/10/31 12:25:52] ppocr INFO: epoch: [7/20], global_step: 7260, lr: 0.000087, acc: 0.841176, norm_edit_dis: 0.984239, CTCLoss: 0.868032, NRTRLoss: 1.319268, loss: 2.190384, avg_reader_cost: 0.00311 s, avg_batch_cost: 0.57779 s, avg_samples: 80.9, ips: 140.01584 samples/s, eta: 2:25:32, max_mem_reserved: 19535 MB, max_mem_allocated: 14171 MB
[2025/10/31 12:25:58] ppocr INFO: epoch: [7/20], global_step: 7270, lr: 0.000087, acc: 0.864706, norm_edit_dis: 0.984946, CTCLoss: 0.824239, NRTRLoss: 1.320917, loss: 2.154034, avg_reader_cost: 0.00294 s, avg_batch_cost: 0.56662 s, avg_samples: 78.9, ips: 139.24623 samples/s, eta: 2:25:26, max_mem_reserved: 19535 MB, max_mem_allocated: 14171 MB
[2025/10/31 12:26:03] ppocr INFO: epoch: [7/20], global_step: 7280, lr: 0.000087, acc: 0.845404, norm_edit_dis: 0.984888, CTCLoss: 0.915661, NRTRLoss: 1.323430, loss: 2.238031, avg_reader_cost: 0.00296 s, avg_batch_cost: 0.52759 s, avg_samples: 83.1, ips: 157.51016 samples/s, eta: 2:25:18, max_mem_reserved: 19535 MB, max_mem_allocated: 14171 MB
[2025/10/31 12:26:09] ppocr INFO: epoch: [7/20], global_step: 7290, lr: 0.000087, acc: 0.839522, norm_edit_dis: 0.981855, CTCLoss: 0.964483, NRTRLoss: 1.323788, loss: 2.290488, avg_reader_cost: 0.00289 s, avg_batch_cost: 0.58817 s, avg_samples: 91.7, ips: 155.90718 samples/s, eta: 2:25:12, max_mem_reserved: 19535 MB, max_mem_allocated: 14171 MB
[2025/10/31 12:26:15] ppocr INFO: epoch: [7/20], global_step: 7300, lr: 0.000087, acc: 0.812500, norm_edit_dis: 0.980272, CTCLoss: 1.046067, NRTRLoss: 1.323394, loss: 2.366476, avg_reader_cost: 0.00291 s, avg_batch_cost: 0.59449 s, avg_samples: 87.4, ips: 147.01777 samples/s, eta: 2:25:06, max_mem_reserved: 19535 MB, max_mem_allocated: 14171 MB
[2025/10/31 12:26:47] ppocr INFO: cur metric, acc: 0.8924999991075, norm_edit_dis: 0.9894358047065904, fps: 734.2183424942635
[2025/10/31 12:26:47] ppocr INFO: best metric, acc: 0.9060999990939, is_float16: False, norm_edit_dis: 0.9912015830723341, fps: 791.6005679029877, best_epoch: 7
[2025/10/31 12:26:53] ppocr INFO: epoch: [7/20], global_step: 7310, lr: 0.000087, acc: 0.835294, norm_edit_dis: 0.983515, CTCLoss: 1.185758, NRTRLoss: 1.321865, loss: 2.514815, avg_reader_cost: 0.00349 s, avg_batch_cost: 0.60104 s, avg_samples: 83.0, ips: 138.09316 samples/s, eta: 2:24:59, max_mem_reserved: 19535 MB, max_mem_allocated: 14171 MB
[2025/10/31 12:26:59] ppocr INFO: epoch: [7/20], global_step: 7320, lr: 0.000087, acc: 0.835294, norm_edit_dis: 0.982952, CTCLoss: 1.460051, NRTRLoss: 1.322054, loss: 2.782705, avg_reader_cost: 0.00291 s, avg_batch_cost: 0.59123 s, avg_samples: 98.0, ips: 165.75552 samples/s, eta: 2:24:53, max_mem_reserved: 19535 MB, max_mem_allocated: 14171 MB
[2025/10/31 12:27:04] ppocr INFO: epoch: [7/20], global_step: 7330, lr: 0.000087, acc: 0.839522, norm_edit_dis: 0.980126, CTCLoss: 1.151485, NRTRLoss: 1.327410, loss: 2.481349, avg_reader_cost: 0.00299 s, avg_batch_cost: 0.55588 s, avg_samples: 81.0, ips: 145.71527 samples/s, eta: 2:24:46, max_mem_reserved: 19535 MB, max_mem_allocated: 14171 MB
[2025/10/31 12:27:10] ppocr INFO: epoch: [7/20], global_step: 7340, lr: 0.000087, acc: 0.835937, norm_edit_dis: 0.984715, CTCLoss: 1.058405, NRTRLoss: 1.323086, loss: 2.383455, avg_reader_cost: 0.00337 s, avg_batch_cost: 0.56368 s, avg_samples: 89.5, ips: 158.77798 samples/s, eta: 2:24:39, max_mem_reserved: 19535 MB, max_mem_allocated: 14171 MB
[2025/10/31 12:27:16] ppocr INFO: epoch: [7/20], global_step: 7350, lr: 0.000087, acc: 0.847334, norm_edit_dis: 0.985082, CTCLoss: 1.058405, NRTRLoss: 1.322512, loss: 2.383455, avg_reader_cost: 0.00387 s, avg_batch_cost: 0.56399 s, avg_samples: 80.9, ips: 143.44109 samples/s, eta: 2:24:33, max_mem_reserved: 19535 MB, max_mem_allocated: 14171 MB
[2025/10/31 12:27:48] ppocr INFO: cur metric, acc: 0.9021999990978, norm_edit_dis: 0.990673506360884, fps: 717.4656420617736
[2025/10/31 12:27:48] ppocr INFO: best metric, acc: 0.9060999990939, is_float16: False, norm_edit_dis: 0.9912015830723341, fps: 791.6005679029877, best_epoch: 7
[2025/10/31 12:27:54] ppocr INFO: epoch: [7/20], global_step: 7360, lr: 0.000087, acc: 0.851562, norm_edit_dis: 0.985232, CTCLoss: 0.888238, NRTRLoss: 1.318120, loss: 2.206482, avg_reader_cost: 0.00335 s, avg_batch_cost: 0.57697 s, avg_samples: 89.5, ips: 155.12144 samples/s, eta: 2:24:26, max_mem_reserved: 19535 MB, max_mem_allocated: 14171 MB
[2025/10/31 12:27:59] ppocr INFO: epoch: [7/20], global_step: 7370, lr: 0.000087, acc: 0.843750, norm_edit_dis: 0.984227, CTCLoss: 0.905417, NRTRLoss: 1.319497, loss: 2.225604, avg_reader_cost: 0.00310 s, avg_batch_cost: 0.58982 s, avg_samples: 81.0, ips: 137.33089 samples/s, eta: 2:24:20, max_mem_reserved: 19535 MB, max_mem_allocated: 14171 MB
[2025/10/31 12:28:06] ppocr INFO: epoch: [7/20], global_step: 7380, lr: 0.000087, acc: 0.828125, norm_edit_dis: 0.980606, CTCLoss: 1.174105, NRTRLoss: 1.328598, loss: 2.501966, avg_reader_cost: 0.00297 s, avg_batch_cost: 0.63596 s, avg_samples: 100.1, ips: 157.39865 samples/s, eta: 2:24:14, max_mem_reserved: 19535 MB, max_mem_allocated: 14171 MB
[2025/10/31 12:28:11] ppocr INFO: epoch: [7/20], global_step: 7390, lr: 0.000086, acc: 0.831709, norm_edit_dis: 0.983014, CTCLoss: 1.111777, NRTRLoss: 1.325323, loss: 2.427976, avg_reader_cost: 0.00295 s, avg_batch_cost: 0.52927 s, avg_samples: 72.4, ips: 136.79322 samples/s, eta: 2:24:07, max_mem_reserved: 19535 MB, max_mem_allocated: 14171 MB
[2025/10/31 12:28:17] ppocr INFO: epoch: [7/20], global_step: 7400, lr: 0.000086, acc: 0.845404, norm_edit_dis: 0.983688, CTCLoss: 0.957114, NRTRLoss: 1.322129, loss: 2.276159, avg_reader_cost: 0.00293 s, avg_batch_cost: 0.58944 s, avg_samples: 93.7, ips: 158.96469 samples/s, eta: 2:24:01, max_mem_reserved: 19535 MB, max_mem_allocated: 14171 MB
[2025/10/31 12:28:48] ppocr INFO: cur metric, acc: 0.9027999990972, norm_edit_dis: 0.9907223896690761, fps: 734.7959033314833
[2025/10/31 12:28:48] ppocr INFO: best metric, acc: 0.9060999990939, is_float16: False, norm_edit_dis: 0.9912015830723341, fps: 791.6005679029877, best_epoch: 7
[2025/10/31 12:28:54] ppocr INFO: epoch: [7/20], global_step: 7410, lr: 0.000086, acc: 0.852941, norm_edit_dis: 0.984947, CTCLoss: 0.786633, NRTRLoss: 1.321582, loss: 2.104166, avg_reader_cost: 0.00289 s, avg_batch_cost: 0.54707 s, avg_samples: 81.0, ips: 148.06016 samples/s, eta: 2:23:53, max_mem_reserved: 19535 MB, max_mem_allocated: 14171 MB
[2025/10/31 12:29:00] ppocr INFO: epoch: [7/20], global_step: 7420, lr: 0.000086, acc: 0.858823, norm_edit_dis: 0.985929, CTCLoss: 0.786633, NRTRLoss: 1.320497, loss: 2.104166, avg_reader_cost: 0.00292 s, avg_batch_cost: 0.62945 s, avg_samples: 91.6, ips: 145.52467 samples/s, eta: 2:23:48, max_mem_reserved: 19535 MB, max_mem_allocated: 14171 MB
[2025/10/31 12:29:06] ppocr INFO: epoch: [7/20], global_step: 7430, lr: 0.000086, acc: 0.852941, norm_edit_dis: 0.986503, CTCLoss: 0.926016, NRTRLoss: 1.324582, loss: 2.244007, avg_reader_cost: 0.00313 s, avg_batch_cost: 0.60967 s, avg_samples: 95.9, ips: 157.29757 samples/s, eta: 2:23:42, max_mem_reserved: 19535 MB, max_mem_allocated: 14171 MB
[2025/10/31 12:29:12] ppocr INFO: epoch: [7/20], global_step: 7440, lr: 0.000086, acc: 0.789062, norm_edit_dis: 0.977155, CTCLoss: 1.634830, NRTRLoss: 1.323772, loss: 2.956001, avg_reader_cost: 0.00291 s, avg_batch_cost: 0.59856 s, avg_samples: 91.7, ips: 153.20193 samples/s, eta: 2:23:36, max_mem_reserved: 19535 MB, max_mem_allocated: 14171 MB
[2025/10/31 12:29:18] ppocr INFO: epoch: [7/20], global_step: 7450, lr: 0.000086, acc: 0.784743, norm_edit_dis: 0.976128, CTCLoss: 1.583217, NRTRLoss: 1.323177, loss: 2.910867, avg_reader_cost: 0.00289 s, avg_batch_cost: 0.63147 s, avg_samples: 98.0, ips: 155.19397 samples/s, eta: 2:23:30, max_mem_reserved: 19535 MB, max_mem_allocated: 14171 MB
[2025/10/31 12:29:49] ppocr INFO: cur metric, acc: 0.8705999991294, norm_edit_dis: 0.9876734018802262, fps: 745.096513559898
[2025/10/31 12:29:49] ppocr INFO: best metric, acc: 0.9060999990939, is_float16: False, norm_edit_dis: 0.9912015830723341, fps: 791.6005679029877, best_epoch: 7
[2025/10/31 12:29:55] ppocr INFO: epoch: [7/20], global_step: 7460, lr: 0.000086, acc: 0.817647, norm_edit_dis: 0.980341, CTCLoss: 1.046362, NRTRLoss: 1.323286, loss: 2.365127, avg_reader_cost: 0.00305 s, avg_batch_cost: 0.61155 s, avg_samples: 89.5, ips: 146.34932 samples/s, eta: 2:23:24, max_mem_reserved: 19535 MB, max_mem_allocated: 14171 MB
[2025/10/31 12:30:01] ppocr INFO: epoch: [7/20], global_step: 7470, lr: 0.000086, acc: 0.794118, norm_edit_dis: 0.978068, CTCLoss: 1.881685, NRTRLoss: 1.325816, loss: 3.217439, avg_reader_cost: 0.00297 s, avg_batch_cost: 0.63095 s, avg_samples: 108.7, ips: 172.27867 samples/s, eta: 2:23:19, max_mem_reserved: 19535 MB, max_mem_allocated: 14171 MB
[2025/10/31 12:30:07] ppocr INFO: epoch: [7/20], global_step: 7480, lr: 0.000086, acc: 0.687500, norm_edit_dis: 0.963497, CTCLoss: 2.031446, NRTRLoss: 1.328694, loss: 3.360140, avg_reader_cost: 0.00341 s, avg_batch_cost: 0.60140 s, avg_samples: 98.1, ips: 163.11923 samples/s, eta: 2:23:13, max_mem_reserved: 19535 MB, max_mem_allocated: 14171 MB
[2025/10/31 12:30:13] ppocr INFO: epoch: [7/20], global_step: 7490, lr: 0.000086, acc: 0.802390, norm_edit_dis: 0.977462, CTCLoss: 1.395729, NRTRLoss: 1.326411, loss: 2.722140, avg_reader_cost: 0.00287 s, avg_batch_cost: 0.60445 s, avg_samples: 95.9, ips: 158.65732 samples/s, eta: 2:23:07, max_mem_reserved: 19535 MB, max_mem_allocated: 14171 MB
[2025/10/31 12:30:19] ppocr INFO: epoch: [7/20], global_step: 7500, lr: 0.000086, acc: 0.839522, norm_edit_dis: 0.985074, CTCLoss: 0.831357, NRTRLoss: 1.318963, loss: 2.150319, avg_reader_cost: 0.00293 s, avg_batch_cost: 0.57772 s, avg_samples: 83.1, ips: 143.84032 samples/s, eta: 2:23:00, max_mem_reserved: 19535 MB, max_mem_allocated: 14171 MB
[2025/10/31 12:30:51] ppocr INFO: cur metric, acc: 0.8982999991017, norm_edit_dis: 0.9904075044791277, fps: 718.7425350614349
[2025/10/31 12:30:51] ppocr INFO: best metric, acc: 0.9060999990939, is_float16: False, norm_edit_dis: 0.9912015830723341, fps: 791.6005679029877, best_epoch: 7
[2025/10/31 12:30:57] ppocr INFO: epoch: [7/20], global_step: 7510, lr: 0.000086, acc: 0.843750, norm_edit_dis: 0.985583, CTCLoss: 0.812506, NRTRLoss: 1.318085, loss: 2.128572, avg_reader_cost: 0.00333 s, avg_batch_cost: 0.61687 s, avg_samples: 89.5, ips: 145.08665 samples/s, eta: 2:22:55, max_mem_reserved: 19535 MB, max_mem_allocated: 14171 MB
[2025/10/31 12:31:04] ppocr INFO: epoch: [7/20], global_step: 7520, lr: 0.000086, acc: 0.835937, norm_edit_dis: 0.981680, CTCLoss: 1.352931, NRTRLoss: 1.326758, loss: 2.680233, avg_reader_cost: 0.00355 s, avg_batch_cost: 0.64598 s, avg_samples: 102.3, ips: 158.36405 samples/s, eta: 2:22:49, max_mem_reserved: 19535 MB, max_mem_allocated: 14171 MB
[2025/10/31 12:31:10] ppocr INFO: epoch: [7/20], global_step: 7530, lr: 0.000086, acc: 0.800368, norm_edit_dis: 0.978583, CTCLoss: 1.375427, NRTRLoss: 1.328341, loss: 2.705944, avg_reader_cost: 0.00300 s, avg_batch_cost: 0.61534 s, avg_samples: 95.9, ips: 155.84957 samples/s, eta: 2:22:44, max_mem_reserved: 19535 MB, max_mem_allocated: 14171 MB
[2025/10/31 12:31:16] ppocr INFO: epoch: [7/20], global_step: 7540, lr: 0.000086, acc: 0.820312, norm_edit_dis: 0.982948, CTCLoss: 1.051781, NRTRLoss: 1.323853, loss: 2.381518, avg_reader_cost: 0.00291 s, avg_batch_cost: 0.60389 s, avg_samples: 89.5, ips: 148.20544 samples/s, eta: 2:22:37, max_mem_reserved: 19535 MB, max_mem_allocated: 14171 MB
[2025/10/31 12:31:21] ppocr INFO: epoch: [7/20], global_step: 7550, lr: 0.000086, acc: 0.864981, norm_edit_dis: 0.984624, CTCLoss: 0.821903, NRTRLoss: 1.319424, loss: 2.144800, avg_reader_cost: 0.00292 s, avg_batch_cost: 0.55832 s, avg_samples: 80.9, ips: 144.89857 samples/s, eta: 2:22:31, max_mem_reserved: 19535 MB, max_mem_allocated: 14171 MB
[2025/10/31 12:31:53] ppocr INFO: cur metric, acc: 0.898999999101, norm_edit_dis: 0.9906055499690289, fps: 745.7629987613124
[2025/10/31 12:31:53] ppocr INFO: best metric, acc: 0.9060999990939, is_float16: False, norm_edit_dis: 0.9912015830723341, fps: 791.6005679029877, best_epoch: 7
[2025/10/31 12:31:59] ppocr INFO: epoch: [7/20], global_step: 7560, lr: 0.000086, acc: 0.870588, norm_edit_dis: 0.987625, CTCLoss: 0.780460, NRTRLoss: 1.320786, loss: 2.095299, avg_reader_cost: 0.00329 s, avg_batch_cost: 0.59243 s, avg_samples: 93.8, ips: 158.33134 samples/s, eta: 2:22:24, max_mem_reserved: 19535 MB, max_mem_allocated: 14171 MB
[2025/10/31 12:32:05] ppocr INFO: epoch: [7/20], global_step: 7570, lr: 0.000086, acc: 0.812500, norm_edit_dis: 0.980508, CTCLoss: 1.527644, NRTRLoss: 1.325671, loss: 2.854163, avg_reader_cost: 0.00292 s, avg_batch_cost: 0.61675 s, avg_samples: 98.1, ips: 159.05837 samples/s, eta: 2:22:19, max_mem_reserved: 19535 MB, max_mem_allocated: 14171 MB
[2025/10/31 12:32:11] ppocr INFO: epoch: [7/20], global_step: 7580, lr: 0.000086, acc: 0.835662, norm_edit_dis: 0.981831, CTCLoss: 1.273684, NRTRLoss: 1.322505, loss: 2.594091, avg_reader_cost: 0.00335 s, avg_batch_cost: 0.58363 s, avg_samples: 95.8, ips: 164.14520 samples/s, eta: 2:22:12, max_mem_reserved: 19535 MB, max_mem_allocated: 14171 MB
[2025/10/31 12:32:17] ppocr INFO: epoch: [7/20], global_step: 7590, lr: 0.000085, acc: 0.852941, norm_edit_dis: 0.982518, CTCLoss: 0.928221, NRTRLoss: 1.324570, loss: 2.247727, avg_reader_cost: 0.00335 s, avg_batch_cost: 0.62621 s, avg_samples: 95.9, ips: 153.14386 samples/s, eta: 2:22:07, max_mem_reserved: 19535 MB, max_mem_allocated: 14171 MB
[2025/10/31 12:32:23] ppocr INFO: epoch: [7/20], global_step: 7600, lr: 0.000085, acc: 0.837592, norm_edit_dis: 0.979712, CTCLoss: 1.003119, NRTRLoss: 1.326378, loss: 2.321378, avg_reader_cost: 0.00295 s, avg_batch_cost: 0.57167 s, avg_samples: 91.6, ips: 160.23231 samples/s, eta: 2:22:00, max_mem_reserved: 19535 MB, max_mem_allocated: 14171 MB
[2025/10/31 12:32:53] ppocr INFO: cur metric, acc: 0.8722999991277001, norm_edit_dis: 0.9880517192964852, fps: 738.0629651591079
[2025/10/31 12:32:53] ppocr INFO: best metric, acc: 0.9060999990939, is_float16: False, norm_edit_dis: 0.9912015830723341, fps: 791.6005679029877, best_epoch: 7
[2025/10/31 12:32:55] ppocr INFO: epoch: [7/20], global_step: 7602, lr: 0.000085, acc: 0.837592, norm_edit_dis: 0.982821, CTCLoss: 1.003119, NRTRLoss: 1.326378, loss: 2.321378, avg_reader_cost: 0.00060 s, avg_batch_cost: 0.13055 s, avg_samples: 21.3, ips: 163.14992 samples/s, eta: 2:21:59, max_mem_reserved: 19535 MB, max_mem_allocated: 14171 MB
[2025/10/31 12:32:57] ppocr INFO: save model in ./output/latest
[2025/10/31 12:32:58] ppocr INFO: save model in ./output/iter_epoch_7
[2025/10/31 12:33:05] ppocr INFO: epoch: [8/20], global_step: 7610, lr: 0.000085, acc: 0.811765, norm_edit_dis: 0.979670, CTCLoss: 1.360225, NRTRLoss: 1.326130, loss: 2.680706, avg_reader_cost: 0.52719 s, avg_batch_cost: 1.02416 s, avg_samples: 89.5, ips: 87.38881 samples/s, eta: 2:22:04, max_mem_reserved: 19535 MB, max_mem_allocated: 14171 MB
[2025/10/31 12:33:11] ppocr INFO: epoch: [8/20], global_step: 7620, lr: 0.000085, acc: 0.804320, norm_edit_dis: 0.983133, CTCLoss: 1.351740, NRTRLoss: 1.324160, loss: 2.672204, avg_reader_cost: 0.00335 s, avg_batch_cost: 0.58847 s, avg_samples: 93.7, ips: 159.22617 samples/s, eta: 2:21:58, max_mem_reserved: 19535 MB, max_mem_allocated: 14171 MB
[2025/10/31 12:33:17] ppocr INFO: epoch: [8/20], global_step: 7630, lr: 0.000085, acc: 0.825827, norm_edit_dis: 0.985101, CTCLoss: 1.039901, NRTRLoss: 1.320901, loss: 2.354354, avg_reader_cost: 0.00297 s, avg_batch_cost: 0.59654 s, avg_samples: 91.7, ips: 153.71921 samples/s, eta: 2:21:52, max_mem_reserved: 19535 MB, max_mem_allocated: 14171 MB
[2025/10/31 12:33:23] ppocr INFO: epoch: [8/20], global_step: 7640, lr: 0.000085, acc: 0.820312, norm_edit_dis: 0.981044, CTCLoss: 1.338928, NRTRLoss: 1.324187, loss: 2.658208, avg_reader_cost: 0.00302 s, avg_batch_cost: 0.62353 s, avg_samples: 102.3, ips: 164.06591 samples/s, eta: 2:21:46, max_mem_reserved: 19535 MB, max_mem_allocated: 14171 MB
[2025/10/31 12:33:29] ppocr INFO: epoch: [8/20], global_step: 7650, lr: 0.000085, acc: 0.817647, norm_edit_dis: 0.982500, CTCLoss: 1.456389, NRTRLoss: 1.327320, loss: 2.777319, avg_reader_cost: 0.00297 s, avg_batch_cost: 0.62604 s, avg_samples: 93.7, ips: 149.67057 samples/s, eta: 2:21:40, max_mem_reserved: 19535 MB, max_mem_allocated: 14171 MB
[2025/10/31 12:34:01] ppocr INFO: cur metric, acc: 0.8800999991199, norm_edit_dis: 0.9888826756554348, fps: 734.0792781411884
[2025/10/31 12:34:01] ppocr INFO: best metric, acc: 0.9060999990939, is_float16: False, norm_edit_dis: 0.9912015830723341, fps: 791.6005679029877, best_epoch: 7
[2025/10/31 12:34:07] ppocr INFO: epoch: [8/20], global_step: 7660, lr: 0.000085, acc: 0.780790, norm_edit_dis: 0.979881, CTCLoss: 1.963129, NRTRLoss: 1.328170, loss: 3.296836, avg_reader_cost: 0.00305 s, avg_batch_cost: 0.62697 s, avg_samples: 106.6, ips: 170.02391 samples/s, eta: 2:21:35, max_mem_reserved: 19535 MB, max_mem_allocated: 14171 MB
[2025/10/31 12:34:13] ppocr INFO: epoch: [8/20], global_step: 7670, lr: 0.000085, acc: 0.804228, norm_edit_dis: 0.980624, CTCLoss: 1.688653, NRTRLoss: 1.323272, loss: 3.011755, avg_reader_cost: 0.00295 s, avg_batch_cost: 0.58949 s, avg_samples: 91.6, ips: 155.38929 samples/s, eta: 2:21:28, max_mem_reserved: 19535 MB, max_mem_allocated: 14171 MB
[2025/10/31 12:34:19] ppocr INFO: epoch: [8/20], global_step: 7680, lr: 0.000085, acc: 0.864706, norm_edit_dis: 0.986210, CTCLoss: 0.795409, NRTRLoss: 1.318177, loss: 2.116271, avg_reader_cost: 0.00299 s, avg_batch_cost: 0.62105 s, avg_samples: 100.2, ips: 161.33870 samples/s, eta: 2:21:23, max_mem_reserved: 19535 MB, max_mem_allocated: 14171 MB
[2025/10/31 12:34:25] ppocr INFO: epoch: [8/20], global_step: 7690, lr: 0.000085, acc: 0.864706, norm_edit_dis: 0.987275, CTCLoss: 0.790315, NRTRLoss: 1.318360, loss: 2.103453, avg_reader_cost: 0.00299 s, avg_batch_cost: 0.59632 s, avg_samples: 89.5, ips: 150.08825 samples/s, eta: 2:21:16, max_mem_reserved: 19535 MB, max_mem_allocated: 14171 MB
[2025/10/31 12:34:31] ppocr INFO: epoch: [8/20], global_step: 7700, lr: 0.000085, acc: 0.866912, norm_edit_dis: 0.986696, CTCLoss: 0.741790, NRTRLoss: 1.319891, loss: 2.060297, avg_reader_cost: 0.00309 s, avg_batch_cost: 0.59164 s, avg_samples: 89.4, ips: 151.10489 samples/s, eta: 2:21:10, max_mem_reserved: 19535 MB, max_mem_allocated: 14171 MB
[2025/10/31 12:35:02] ppocr INFO: cur metric, acc: 0.8922999991077, norm_edit_dis: 0.990124832775508, fps: 764.0164358371255
[2025/10/31 12:35:02] ppocr INFO: best metric, acc: 0.9060999990939, is_float16: False, norm_edit_dis: 0.9912015830723341, fps: 791.6005679029877, best_epoch: 7
[2025/10/31 12:35:07] ppocr INFO: epoch: [8/20], global_step: 7710, lr: 0.000085, acc: 0.875000, norm_edit_dis: 0.986996, CTCLoss: 0.712023, NRTRLoss: 1.320070, loss: 2.037366, avg_reader_cost: 0.00284 s, avg_batch_cost: 0.54727 s, avg_samples: 74.6, ips: 136.31371 samples/s, eta: 2:21:03, max_mem_reserved: 19535 MB, max_mem_allocated: 14171 MB
[2025/10/31 12:35:13] ppocr INFO: epoch: [8/20], global_step: 7720, lr: 0.000085, acc: 0.870588, norm_edit_dis: 0.987348, CTCLoss: 0.673793, NRTRLoss: 1.317425, loss: 1.989587, avg_reader_cost: 0.00287 s, avg_batch_cost: 0.58614 s, avg_samples: 87.2, ips: 148.76968 samples/s, eta: 2:20:57, max_mem_reserved: 19535 MB, max_mem_allocated: 14171 MB
[2025/10/31 12:35:19] ppocr INFO: epoch: [8/20], global_step: 7730, lr: 0.000085, acc: 0.847059, norm_edit_dis: 0.985095, CTCLoss: 0.780596, NRTRLoss: 1.319807, loss: 2.101238, avg_reader_cost: 0.00288 s, avg_batch_cost: 0.60412 s, avg_samples: 95.9, ips: 158.74402 samples/s, eta: 2:20:51, max_mem_reserved: 19535 MB, max_mem_allocated: 14171 MB
[2025/10/31 12:35:25] ppocr INFO: epoch: [8/20], global_step: 7740, lr: 0.000085, acc: 0.859099, norm_edit_dis: 0.985867, CTCLoss: 0.923695, NRTRLoss: 1.322336, loss: 2.242712, avg_reader_cost: 0.00300 s, avg_batch_cost: 0.58848 s, avg_samples: 80.8, ips: 137.30349 samples/s, eta: 2:20:44, max_mem_reserved: 19535 MB, max_mem_allocated: 14171 MB
[2025/10/31 12:35:31] ppocr INFO: epoch: [8/20], global_step: 7750, lr: 0.000085, acc: 0.864706, norm_edit_dis: 0.984919, CTCLoss: 0.923695, NRTRLoss: 1.322336, loss: 2.242712, avg_reader_cost: 0.00288 s, avg_batch_cost: 0.57999 s, avg_samples: 98.0, ips: 168.96848 samples/s, eta: 2:20:38, max_mem_reserved: 19535 MB, max_mem_allocated: 14171 MB
[2025/10/31 12:36:02] ppocr INFO: cur metric, acc: 0.8999999991000001, norm_edit_dis: 0.9903906592918923, fps: 736.820736181291
[2025/10/31 12:36:02] ppocr INFO: best metric, acc: 0.9060999990939, is_float16: False, norm_edit_dis: 0.9912015830723341, fps: 791.6005679029877, best_epoch: 7
[2025/10/31 12:36:08] ppocr INFO: epoch: [8/20], global_step: 7760, lr: 0.000085, acc: 0.825827, norm_edit_dis: 0.983641, CTCLoss: 1.138530, NRTRLoss: 1.322597, loss: 2.458717, avg_reader_cost: 0.00351 s, avg_batch_cost: 0.59462 s, avg_samples: 98.1, ips: 164.97883 samples/s, eta: 2:20:32, max_mem_reserved: 19535 MB, max_mem_allocated: 14171 MB
[2025/10/31 12:36:14] ppocr INFO: epoch: [8/20], global_step: 7770, lr: 0.000085, acc: 0.831709, norm_edit_dis: 0.984733, CTCLoss: 1.367498, NRTRLoss: 1.321509, loss: 2.689143, avg_reader_cost: 0.00336 s, avg_batch_cost: 0.60362 s, avg_samples: 95.9, ips: 158.87366 samples/s, eta: 2:20:26, max_mem_reserved: 19535 MB, max_mem_allocated: 14171 MB
[2025/10/31 12:36:20] ppocr INFO: epoch: [8/20], global_step: 7780, lr: 0.000084, acc: 0.859375, norm_edit_dis: 0.987621, CTCLoss: 0.823666, NRTRLoss: 1.318706, loss: 2.138014, avg_reader_cost: 0.00292 s, avg_batch_cost: 0.57634 s, avg_samples: 89.5, ips: 155.28929 samples/s, eta: 2:20:19, max_mem_reserved: 19535 MB, max_mem_allocated: 14171 MB
[2025/10/31 12:36:26] ppocr INFO: epoch: [8/20], global_step: 7790, lr: 0.000084, acc: 0.828125, norm_edit_dis: 0.983614, CTCLoss: 1.255405, NRTRLoss: 1.319613, loss: 2.581838, avg_reader_cost: 0.00292 s, avg_batch_cost: 0.62232 s, avg_samples: 110.8, ips: 178.04440 samples/s, eta: 2:20:13, max_mem_reserved: 19535 MB, max_mem_allocated: 14171 MB
[2025/10/31 12:36:31] ppocr INFO: epoch: [8/20], global_step: 7800, lr: 0.000084, acc: 0.858823, norm_edit_dis: 0.984377, CTCLoss: 0.963397, NRTRLoss: 1.320930, loss: 2.291898, avg_reader_cost: 0.00285 s, avg_batch_cost: 0.53633 s, avg_samples: 81.0, ips: 151.02659 samples/s, eta: 2:20:06, max_mem_reserved: 19535 MB, max_mem_allocated: 14171 MB
[2025/10/31 12:37:02] ppocr INFO: cur metric, acc: 0.9044999990955, norm_edit_dis: 0.990698929897767, fps: 761.7128194131234
[2025/10/31 12:37:02] ppocr INFO: best metric, acc: 0.9060999990939, is_float16: False, norm_edit_dis: 0.9912015830723341, fps: 791.6005679029877, best_epoch: 7
[2025/10/31 12:37:07] ppocr INFO: epoch: [8/20], global_step: 7810, lr: 0.000084, acc: 0.852941, norm_edit_dis: 0.984843, CTCLoss: 0.927890, NRTRLoss: 1.321397, loss: 2.250765, avg_reader_cost: 0.00303 s, avg_batch_cost: 0.55629 s, avg_samples: 95.9, ips: 172.39254 samples/s, eta: 2:19:59, max_mem_reserved: 19535 MB, max_mem_allocated: 14171 MB
[2025/10/31 12:37:13] ppocr INFO: epoch: [8/20], global_step: 7820, lr: 0.000084, acc: 0.843750, norm_edit_dis: 0.983098, CTCLoss: 1.217465, NRTRLoss: 1.323355, loss: 2.549003, avg_reader_cost: 0.00339 s, avg_batch_cost: 0.58965 s, avg_samples: 87.4, ips: 148.22402 samples/s, eta: 2:19:53, max_mem_reserved: 19535 MB, max_mem_allocated: 14171 MB
[2025/10/31 12:37:19] ppocr INFO: epoch: [8/20], global_step: 7830, lr: 0.000084, acc: 0.839522, norm_edit_dis: 0.982481, CTCLoss: 1.189364, NRTRLoss: 1.323041, loss: 2.515345, avg_reader_cost: 0.00298 s, avg_batch_cost: 0.62389 s, avg_samples: 100.2, ips: 160.60621 samples/s, eta: 2:19:47, max_mem_reserved: 19535 MB, max_mem_allocated: 14171 MB
[2025/10/31 12:37:25] ppocr INFO: epoch: [8/20], global_step: 7840, lr: 0.000084, acc: 0.839522, norm_edit_dis: 0.984123, CTCLoss: 1.077993, NRTRLoss: 1.322747, loss: 2.401016, avg_reader_cost: 0.00296 s, avg_batch_cost: 0.58123 s, avg_samples: 80.9, ips: 139.18674 samples/s, eta: 2:19:41, max_mem_reserved: 19535 MB, max_mem_allocated: 14171 MB
[2025/10/31 12:37:31] ppocr INFO: epoch: [8/20], global_step: 7850, lr: 0.000084, acc: 0.845404, norm_edit_dis: 0.985630, CTCLoss: 0.894709, NRTRLoss: 1.319406, loss: 2.211832, avg_reader_cost: 0.00324 s, avg_batch_cost: 0.59240 s, avg_samples: 85.1, ips: 143.65413 samples/s, eta: 2:19:35, max_mem_reserved: 19535 MB, max_mem_allocated: 14171 MB
[2025/10/31 12:38:01] ppocr INFO: cur metric, acc: 0.892999999107, norm_edit_dis: 0.9898437748001011, fps: 756.4587362099443
[2025/10/31 12:38:01] ppocr INFO: best metric, acc: 0.9060999990939, is_float16: False, norm_edit_dis: 0.9912015830723341, fps: 791.6005679029877, best_epoch: 7
[2025/10/31 12:38:07] ppocr INFO: epoch: [8/20], global_step: 7860, lr: 0.000084, acc: 0.835294, norm_edit_dis: 0.982907, CTCLoss: 0.943135, NRTRLoss: 1.318960, loss: 2.260804, avg_reader_cost: 0.00306 s, avg_batch_cost: 0.58473 s, avg_samples: 100.2, ips: 171.36226 samples/s, eta: 2:19:28, max_mem_reserved: 19535 MB, max_mem_allocated: 14171 MB
[2025/10/31 12:38:14] ppocr INFO: epoch: [8/20], global_step: 7870, lr: 0.000084, acc: 0.757445, norm_edit_dis: 0.974946, CTCLoss: 1.476468, NRTRLoss: 1.323423, loss: 2.795855, avg_reader_cost: 0.00353 s, avg_batch_cost: 0.62221 s, avg_samples: 102.3, ips: 164.41315 samples/s, eta: 2:19:22, max_mem_reserved: 19535 MB, max_mem_allocated: 14171 MB
[2025/10/31 12:38:19] ppocr INFO: epoch: [8/20], global_step: 7880, lr: 0.000084, acc: 0.859099, norm_edit_dis: 0.986105, CTCLoss: 0.800577, NRTRLoss: 1.319781, loss: 2.117818, avg_reader_cost: 0.00296 s, avg_batch_cost: 0.59136 s, avg_samples: 85.2, ips: 144.07553 samples/s, eta: 2:19:16, max_mem_reserved: 19535 MB, max_mem_allocated: 14171 MB
[2025/10/31 12:38:25] ppocr INFO: epoch: [8/20], global_step: 7890, lr: 0.000084, acc: 0.867187, norm_edit_dis: 0.986105, CTCLoss: 0.772129, NRTRLoss: 1.318272, loss: 2.087904, avg_reader_cost: 0.00297 s, avg_batch_cost: 0.57640 s, avg_samples: 87.4, ips: 151.63146 samples/s, eta: 2:19:10, max_mem_reserved: 19535 MB, max_mem_allocated: 14171 MB
[2025/10/31 12:38:31] ppocr INFO: epoch: [8/20], global_step: 7900, lr: 0.000084, acc: 0.835937, norm_edit_dis: 0.984969, CTCLoss: 0.952311, NRTRLoss: 1.318337, loss: 2.275577, avg_reader_cost: 0.00289 s, avg_batch_cost: 0.56594 s, avg_samples: 76.7, ips: 135.52577 samples/s, eta: 2:19:03, max_mem_reserved: 19535 MB, max_mem_allocated: 14171 MB
[2025/10/31 12:39:03] ppocr INFO: cur metric, acc: 0.8913999991086, norm_edit_dis: 0.9899239611923641, fps: 746.6401270826817
[2025/10/31 12:39:03] ppocr INFO: best metric, acc: 0.9060999990939, is_float16: False, norm_edit_dis: 0.9912015830723341, fps: 791.6005679029877, best_epoch: 7
[2025/10/31 12:39:08] ppocr INFO: epoch: [8/20], global_step: 7910, lr: 0.000084, acc: 0.851562, norm_edit_dis: 0.986084, CTCLoss: 0.876636, NRTRLoss: 1.319854, loss: 2.196295, avg_reader_cost: 0.00290 s, avg_batch_cost: 0.59082 s, avg_samples: 93.8, ips: 158.76228 samples/s, eta: 2:18:57, max_mem_reserved: 19535 MB, max_mem_allocated: 14171 MB
[2025/10/31 12:39:15] ppocr INFO: epoch: [8/20], global_step: 7920, lr: 0.000084, acc: 0.828125, norm_edit_dis: 0.984625, CTCLoss: 0.974748, NRTRLoss: 1.324375, loss: 2.298329, avg_reader_cost: 0.00294 s, avg_batch_cost: 0.60368 s, avg_samples: 85.3, ips: 141.30008 samples/s, eta: 2:18:51, max_mem_reserved: 19535 MB, max_mem_allocated: 14171 MB
[2025/10/31 12:39:20] ppocr INFO: epoch: [8/20], global_step: 7930, lr: 0.000084, acc: 0.831709, norm_edit_dis: 0.984143, CTCLoss: 0.986823, NRTRLoss: 1.318611, loss: 2.311086, avg_reader_cost: 0.00301 s, avg_batch_cost: 0.59923 s, avg_samples: 91.6, ips: 152.86390 samples/s, eta: 2:18:45, max_mem_reserved: 19535 MB, max_mem_allocated: 14171 MB
[2025/10/31 12:39:27] ppocr INFO: epoch: [8/20], global_step: 7940, lr: 0.000084, acc: 0.847059, norm_edit_dis: 0.982648, CTCLoss: 0.937095, NRTRLoss: 1.320262, loss: 2.264475, avg_reader_cost: 0.00331 s, avg_batch_cost: 0.60736 s, avg_samples: 98.0, ips: 161.35355 samples/s, eta: 2:18:39, max_mem_reserved: 19535 MB, max_mem_allocated: 14171 MB
[2025/10/31 12:39:33] ppocr INFO: epoch: [8/20], global_step: 7950, lr: 0.000084, acc: 0.829412, norm_edit_dis: 0.981806, CTCLoss: 0.981506, NRTRLoss: 1.323838, loss: 2.301234, avg_reader_cost: 0.00304 s, avg_batch_cost: 0.60797 s, avg_samples: 93.7, ips: 154.12053 samples/s, eta: 2:18:33, max_mem_reserved: 19535 MB, max_mem_allocated: 14171 MB
[2025/10/31 12:40:04] ppocr INFO: cur metric, acc: 0.8857999991142, norm_edit_dis: 0.9894205960133367, fps: 758.3180365419523
[2025/10/31 12:40:04] ppocr INFO: best metric, acc: 0.9060999990939, is_float16: False, norm_edit_dis: 0.9912015830723341, fps: 791.6005679029877, best_epoch: 7
[2025/10/31 12:40:09] ppocr INFO: epoch: [8/20], global_step: 7960, lr: 0.000084, acc: 0.835294, norm_edit_dis: 0.984328, CTCLoss: 0.981683, NRTRLoss: 1.321044, loss: 2.304910, avg_reader_cost: 0.00352 s, avg_batch_cost: 0.58575 s, avg_samples: 85.2, ips: 145.45486 samples/s, eta: 2:18:26, max_mem_reserved: 19535 MB, max_mem_allocated: 14171 MB
[2025/10/31 12:40:15] ppocr INFO: epoch: [8/20], global_step: 7970, lr: 0.000083, acc: 0.841176, norm_edit_dis: 0.984802, CTCLoss: 0.729616, NRTRLoss: 1.320801, loss: 2.055238, avg_reader_cost: 0.00299 s, avg_batch_cost: 0.57561 s, avg_samples: 87.4, ips: 151.83914 samples/s, eta: 2:18:20, max_mem_reserved: 19535 MB, max_mem_allocated: 14171 MB
[2025/10/31 12:40:22] ppocr INFO: epoch: [8/20], global_step: 7980, lr: 0.000083, acc: 0.828125, norm_edit_dis: 0.983433, CTCLoss: 1.161620, NRTRLoss: 1.326573, loss: 2.489162, avg_reader_cost: 0.00302 s, avg_batch_cost: 0.63908 s, avg_samples: 95.9, ips: 150.05898 samples/s, eta: 2:18:14, max_mem_reserved: 19535 MB, max_mem_allocated: 14171 MB
[2025/10/31 12:40:27] ppocr INFO: epoch: [8/20], global_step: 7990, lr: 0.000083, acc: 0.875000, norm_edit_dis: 0.987823, CTCLoss: 0.890144, NRTRLoss: 1.319903, loss: 2.215866, avg_reader_cost: 0.00305 s, avg_batch_cost: 0.56281 s, avg_samples: 80.9, ips: 143.74301 samples/s, eta: 2:18:08, max_mem_reserved: 19535 MB, max_mem_allocated: 14171 MB
[2025/10/31 12:40:33] ppocr INFO: epoch: [8/20], global_step: 8000, lr: 0.000083, acc: 0.837592, norm_edit_dis: 0.984450, CTCLoss: 0.907652, NRTRLoss: 1.323702, loss: 2.226216, avg_reader_cost: 0.00301 s, avg_batch_cost: 0.62301 s, avg_samples: 113.0, ips: 181.37628 samples/s, eta: 2:18:02, max_mem_reserved: 19535 MB, max_mem_allocated: 14171 MB
[2025/10/31 12:41:04] ppocr INFO: cur metric, acc: 0.8761999991238, norm_edit_dis: 0.9880829426310448, fps: 776.2591624885457
[2025/10/31 12:41:04] ppocr INFO: best metric, acc: 0.9060999990939, is_float16: False, norm_edit_dis: 0.9912015830723341, fps: 791.6005679029877, best_epoch: 7
[2025/10/31 12:41:10] ppocr INFO: epoch: [8/20], global_step: 8010, lr: 0.000083, acc: 0.814062, norm_edit_dis: 0.981343, CTCLoss: 1.066203, NRTRLoss: 1.326023, loss: 2.385428, avg_reader_cost: 0.00356 s, avg_batch_cost: 0.60459 s, avg_samples: 83.1, ips: 137.44955 samples/s, eta: 2:17:56, max_mem_reserved: 19535 MB, max_mem_allocated: 14171 MB
[2025/10/31 12:41:17] ppocr INFO: epoch: [8/20], global_step: 8020, lr: 0.000083, acc: 0.843750, norm_edit_dis: 0.984941, CTCLoss: 0.989213, NRTRLoss: 1.325240, loss: 2.310384, avg_reader_cost: 0.00314 s, avg_batch_cost: 0.64478 s, avg_samples: 98.0, ips: 151.98925 samples/s, eta: 2:17:51, max_mem_reserved: 19535 MB, max_mem_allocated: 14171 MB
[2025/10/31 12:41:22] ppocr INFO: epoch: [8/20], global_step: 8030, lr: 0.000083, acc: 0.823529, norm_edit_dis: 0.983226, CTCLoss: 1.128035, NRTRLoss: 1.322772, loss: 2.450778, avg_reader_cost: 0.00337 s, avg_batch_cost: 0.57471 s, avg_samples: 76.7, ips: 133.45832 samples/s, eta: 2:17:44, max_mem_reserved: 19535 MB, max_mem_allocated: 14171 MB
[2025/10/31 12:41:29] ppocr INFO: epoch: [8/20], global_step: 8040, lr: 0.000083, acc: 0.810202, norm_edit_dis: 0.982024, CTCLoss: 1.032308, NRTRLoss: 1.317775, loss: 2.348982, avg_reader_cost: 0.00327 s, avg_batch_cost: 0.68162 s, avg_samples: 98.0, ips: 143.77412 samples/s, eta: 2:17:39, max_mem_reserved: 19535 MB, max_mem_allocated: 14171 MB
[2025/10/31 12:41:35] ppocr INFO: epoch: [8/20], global_step: 8050, lr: 0.000083, acc: 0.781250, norm_edit_dis: 0.980903, CTCLoss: 1.035489, NRTRLoss: 1.319393, loss: 2.356042, avg_reader_cost: 0.00295 s, avg_batch_cost: 0.56140 s, avg_samples: 81.0, ips: 144.28284 samples/s, eta: 2:17:33, max_mem_reserved: 19535 MB, max_mem_allocated: 14171 MB
[2025/10/31 12:42:06] ppocr INFO: cur metric, acc: 0.8685999991314001, norm_edit_dis: 0.9878667549995176, fps: 750.2052093593354
[2025/10/31 12:42:06] ppocr INFO: best metric, acc: 0.9060999990939, is_float16: False, norm_edit_dis: 0.9912015830723341, fps: 791.6005679029877, best_epoch: 7
[2025/10/31 12:42:12] ppocr INFO: epoch: [8/20], global_step: 8060, lr: 0.000083, acc: 0.812500, norm_edit_dis: 0.982197, CTCLoss: 1.140278, NRTRLoss: 1.318281, loss: 2.469166, avg_reader_cost: 0.00290 s, avg_batch_cost: 0.54109 s, avg_samples: 78.8, ips: 145.63294 samples/s, eta: 2:17:25, max_mem_reserved: 19535 MB, max_mem_allocated: 14171 MB
[2025/10/31 12:42:18] ppocr INFO: epoch: [8/20], global_step: 8070, lr: 0.000083, acc: 0.812500, norm_edit_dis: 0.981823, CTCLoss: 1.040723, NRTRLoss: 1.320979, loss: 2.367255, avg_reader_cost: 0.00386 s, avg_batch_cost: 0.59839 s, avg_samples: 85.2, ips: 142.38149 samples/s, eta: 2:17:19, max_mem_reserved: 19535 MB, max_mem_allocated: 14171 MB
[2025/10/31 12:42:24] ppocr INFO: epoch: [8/20], global_step: 8080, lr: 0.000083, acc: 0.722656, norm_edit_dis: 0.971257, CTCLoss: 1.358151, NRTRLoss: 1.326032, loss: 2.674079, avg_reader_cost: 0.00333 s, avg_batch_cost: 0.66015 s, avg_samples: 106.6, ips: 161.47745 samples/s, eta: 2:17:14, max_mem_reserved: 19535 MB, max_mem_allocated: 14171 MB
[2025/10/31 12:42:31] ppocr INFO: epoch: [8/20], global_step: 8090, lr: 0.000083, acc: 0.708410, norm_edit_dis: 0.968424, CTCLoss: 1.775282, NRTRLoss: 1.328641, loss: 3.102375, avg_reader_cost: 0.00293 s, avg_batch_cost: 0.63492 s, avg_samples: 104.4, ips: 164.43098 samples/s, eta: 2:17:09, max_mem_reserved: 19535 MB, max_mem_allocated: 14171 MB
[2025/10/31 12:42:36] ppocr INFO: epoch: [8/20], global_step: 8100, lr: 0.000083, acc: 0.784743, norm_edit_dis: 0.977977, CTCLoss: 1.119270, NRTRLoss: 1.322332, loss: 2.434371, avg_reader_cost: 0.00290 s, avg_batch_cost: 0.57367 s, avg_samples: 89.4, ips: 155.83885 samples/s, eta: 2:17:02, max_mem_reserved: 19535 MB, max_mem_allocated: 14171 MB
[2025/10/31 12:43:08] ppocr INFO: cur metric, acc: 0.8796999991203001, norm_edit_dis: 0.9893891848352352, fps: 745.1671092011927
[2025/10/31 12:43:08] ppocr INFO: best metric, acc: 0.9060999990939, is_float16: False, norm_edit_dis: 0.9912015830723341, fps: 791.6005679029877, best_epoch: 7
[2025/10/31 12:43:14] ppocr INFO: epoch: [8/20], global_step: 8110, lr: 0.000083, acc: 0.784743, norm_edit_dis: 0.979842, CTCLoss: 1.061178, NRTRLoss: 1.320067, loss: 2.376717, avg_reader_cost: 0.00307 s, avg_batch_cost: 0.61753 s, avg_samples: 98.0, ips: 158.69584 samples/s, eta: 2:16:56, max_mem_reserved: 19535 MB, max_mem_allocated: 14171 MB
[2025/10/31 12:43:20] ppocr INFO: epoch: [8/20], global_step: 8120, lr: 0.000083, acc: 0.819945, norm_edit_dis: 0.983984, CTCLoss: 1.021247, NRTRLoss: 1.319510, loss: 2.340087, avg_reader_cost: 0.00288 s, avg_batch_cost: 0.56021 s, avg_samples: 85.2, ips: 152.08536 samples/s, eta: 2:16:50, max_mem_reserved: 19535 MB, max_mem_allocated: 14171 MB
[2025/10/31 12:43:26] ppocr INFO: epoch: [8/20], global_step: 8130, lr: 0.000083, acc: 0.841176, norm_edit_dis: 0.984930, CTCLoss: 0.927331, NRTRLoss: 1.318293, loss: 2.243675, avg_reader_cost: 0.00292 s, avg_batch_cost: 0.62901 s, avg_samples: 95.9, ips: 152.46079 samples/s, eta: 2:16:44, max_mem_reserved: 19535 MB, max_mem_allocated: 14171 MB
[2025/10/31 12:43:32] ppocr INFO: epoch: [8/20], global_step: 8140, lr: 0.000083, acc: 0.843750, norm_edit_dis: 0.983488, CTCLoss: 0.869256, NRTRLoss: 1.320006, loss: 2.187956, avg_reader_cost: 0.00286 s, avg_batch_cost: 0.57211 s, avg_samples: 85.2, ips: 148.92300 samples/s, eta: 2:16:37, max_mem_reserved: 19535 MB, max_mem_allocated: 14171 MB
[2025/10/31 12:43:38] ppocr INFO: epoch: [8/20], global_step: 8150, lr: 0.000083, acc: 0.820312, norm_edit_dis: 0.981376, CTCLoss: 0.985146, NRTRLoss: 1.323518, loss: 2.312906, avg_reader_cost: 0.00287 s, avg_batch_cost: 0.61840 s, avg_samples: 98.1, ips: 158.63477 samples/s, eta: 2:16:32, max_mem_reserved: 19535 MB, max_mem_allocated: 14171 MB
[2025/10/31 12:44:10] ppocr INFO: cur metric, acc: 0.8827999991172, norm_edit_dis: 0.9890879790854448, fps: 741.5034049847021
[2025/10/31 12:44:10] ppocr INFO: best metric, acc: 0.9060999990939, is_float16: False, norm_edit_dis: 0.9912015830723341, fps: 791.6005679029877, best_epoch: 7
[2025/10/31 12:44:16] ppocr INFO: epoch: [8/20], global_step: 8160, lr: 0.000082, acc: 0.810202, norm_edit_dis: 0.978504, CTCLoss: 1.056153, NRTRLoss: 1.331868, loss: 2.383271, avg_reader_cost: 0.00299 s, avg_batch_cost: 0.57789 s, avg_samples: 89.5, ips: 154.87484 samples/s, eta: 2:16:25, max_mem_reserved: 19535 MB, max_mem_allocated: 14171 MB
[2025/10/31 12:44:22] ppocr INFO: epoch: [8/20], global_step: 8170, lr: 0.000082, acc: 0.859099, norm_edit_dis: 0.983349, CTCLoss: 0.924619, NRTRLoss: 1.324175, loss: 2.247625, avg_reader_cost: 0.00296 s, avg_batch_cost: 0.60680 s, avg_samples: 91.6, ips: 150.95610 samples/s, eta: 2:16:19, max_mem_reserved: 19535 MB, max_mem_allocated: 14171 MB
[2025/10/31 12:44:27] ppocr INFO: epoch: [8/20], global_step: 8180, lr: 0.000082, acc: 0.851287, norm_edit_dis: 0.985148, CTCLoss: 0.798688, NRTRLoss: 1.318810, loss: 2.118034, avg_reader_cost: 0.00298 s, avg_batch_cost: 0.58206 s, avg_samples: 95.9, ips: 164.76015 samples/s, eta: 2:16:13, max_mem_reserved: 19535 MB, max_mem_allocated: 14171 MB
[2025/10/31 12:44:34] ppocr INFO: epoch: [8/20], global_step: 8190, lr: 0.000082, acc: 0.835294, norm_edit_dis: 0.982500, CTCLoss: 1.101578, NRTRLoss: 1.322339, loss: 2.425650, avg_reader_cost: 0.00293 s, avg_batch_cost: 0.61672 s, avg_samples: 100.1, ips: 162.31020 samples/s, eta: 2:16:07, max_mem_reserved: 19535 MB, max_mem_allocated: 14171 MB
[2025/10/31 12:44:39] ppocr INFO: epoch: [8/20], global_step: 8200, lr: 0.000082, acc: 0.835294, norm_edit_dis: 0.983451, CTCLoss: 1.101578, NRTRLoss: 1.323354, loss: 2.425650, avg_reader_cost: 0.00297 s, avg_batch_cost: 0.57367 s, avg_samples: 83.2, ips: 145.03141 samples/s, eta: 2:16:00, max_mem_reserved: 19535 MB, max_mem_allocated: 14171 MB
[2025/10/31 12:45:11] ppocr INFO: cur metric, acc: 0.8882999991117, norm_edit_dis: 0.9896615594628803, fps: 753.566925861845
[2025/10/31 12:45:11] ppocr INFO: best metric, acc: 0.9060999990939, is_float16: False, norm_edit_dis: 0.9912015830723341, fps: 791.6005679029877, best_epoch: 7
[2025/10/31 12:45:17] ppocr INFO: epoch: [8/20], global_step: 8210, lr: 0.000082, acc: 0.843750, norm_edit_dis: 0.984501, CTCLoss: 0.994318, NRTRLoss: 1.322318, loss: 2.306985, avg_reader_cost: 0.00303 s, avg_batch_cost: 0.61976 s, avg_samples: 95.9, ips: 154.73756 samples/s, eta: 2:15:55, max_mem_reserved: 19535 MB, max_mem_allocated: 14171 MB
[2025/10/31 12:45:23] ppocr INFO: epoch: [8/20], global_step: 8220, lr: 0.000082, acc: 0.852941, norm_edit_dis: 0.985917, CTCLoss: 0.889699, NRTRLoss: 1.319118, loss: 2.212060, avg_reader_cost: 0.00298 s, avg_batch_cost: 0.58613 s, avg_samples: 85.2, ips: 145.35994 samples/s, eta: 2:15:48, max_mem_reserved: 19535 MB, max_mem_allocated: 14171 MB
[2025/10/31 12:45:29] ppocr INFO: epoch: [8/20], global_step: 8230, lr: 0.000082, acc: 0.843474, norm_edit_dis: 0.987206, CTCLoss: 0.901493, NRTRLoss: 1.316821, loss: 2.223578, avg_reader_cost: 0.00296 s, avg_batch_cost: 0.62431 s, avg_samples: 93.8, ips: 150.24663 samples/s, eta: 2:15:43, max_mem_reserved: 19535 MB, max_mem_allocated: 14171 MB
[2025/10/31 12:45:35] ppocr INFO: epoch: [8/20], global_step: 8240, lr: 0.000082, acc: 0.812500, norm_edit_dis: 0.981182, CTCLoss: 1.549739, NRTRLoss: 1.321962, loss: 2.868605, avg_reader_cost: 0.00290 s, avg_batch_cost: 0.61203 s, avg_samples: 102.3, ips: 167.14837 samples/s, eta: 2:15:37, max_mem_reserved: 19535 MB, max_mem_allocated: 14171 MB
[2025/10/31 12:45:41] ppocr INFO: epoch: [8/20], global_step: 8250, lr: 0.000082, acc: 0.861029, norm_edit_dis: 0.986677, CTCLoss: 1.280465, NRTRLoss: 1.322691, loss: 2.599278, avg_reader_cost: 0.00292 s, avg_batch_cost: 0.56666 s, avg_samples: 87.4, ips: 154.23666 samples/s, eta: 2:15:30, max_mem_reserved: 19535 MB, max_mem_allocated: 14171 MB
[2025/10/31 12:46:12] ppocr INFO: cur metric, acc: 0.8927999991072, norm_edit_dis: 0.9899167766383544, fps: 747.8582386073285
[2025/10/31 12:46:12] ppocr INFO: best metric, acc: 0.9060999990939, is_float16: False, norm_edit_dis: 0.9912015830723341, fps: 791.6005679029877, best_epoch: 7
[2025/10/31 12:46:18] ppocr INFO: epoch: [8/20], global_step: 8260, lr: 0.000082, acc: 0.859099, norm_edit_dis: 0.985603, CTCLoss: 0.803381, NRTRLoss: 1.318472, loss: 2.114968, avg_reader_cost: 0.00302 s, avg_batch_cost: 0.58537 s, avg_samples: 98.0, ips: 167.41644 samples/s, eta: 2:15:24, max_mem_reserved: 19535 MB, max_mem_allocated: 14171 MB
[2025/10/31 12:46:24] ppocr INFO: epoch: [8/20], global_step: 8270, lr: 0.000082, acc: 0.841176, norm_edit_dis: 0.983751, CTCLoss: 0.892703, NRTRLoss: 1.319779, loss: 2.212481, avg_reader_cost: 0.00364 s, avg_batch_cost: 0.62553 s, avg_samples: 100.1, ips: 160.02501 samples/s, eta: 2:15:18, max_mem_reserved: 19535 MB, max_mem_allocated: 14171 MB
[2025/10/31 12:46:30] ppocr INFO: epoch: [8/20], global_step: 8280, lr: 0.000082, acc: 0.852941, norm_edit_dis: 0.984547, CTCLoss: 1.048597, NRTRLoss: 1.322260, loss: 2.367583, avg_reader_cost: 0.00292 s, avg_batch_cost: 0.60932 s, avg_samples: 89.5, ips: 146.88397 samples/s, eta: 2:15:12, max_mem_reserved: 19535 MB, max_mem_allocated: 14171 MB
[2025/10/31 12:46:36] ppocr INFO: epoch: [8/20], global_step: 8290, lr: 0.000082, acc: 0.812500, norm_edit_dis: 0.973910, CTCLoss: 1.237916, NRTRLoss: 1.324189, loss: 2.558505, avg_reader_cost: 0.00335 s, avg_batch_cost: 0.60819 s, avg_samples: 106.6, ips: 175.27358 samples/s, eta: 2:15:06, max_mem_reserved: 19535 MB, max_mem_allocated: 14171 MB
[2025/10/31 12:46:42] ppocr INFO: epoch: [8/20], global_step: 8300, lr: 0.000082, acc: 0.753906, norm_edit_dis: 0.966822, CTCLoss: 1.769737, NRTRLoss: 1.327252, loss: 3.099565, avg_reader_cost: 0.00295 s, avg_batch_cost: 0.60092 s, avg_samples: 100.2, ips: 166.74477 samples/s, eta: 2:15:00, max_mem_reserved: 19535 MB, max_mem_allocated: 14171 MB
[2025/10/31 12:47:13] ppocr INFO: cur metric, acc: 0.8690999991309, norm_edit_dis: 0.9873345650255865, fps: 749.8931604849394
[2025/10/31 12:47:13] ppocr INFO: best metric, acc: 0.9060999990939, is_float16: False, norm_edit_dis: 0.9912015830723341, fps: 791.6005679029877, best_epoch: 7
[2025/10/31 12:47:19] ppocr INFO: epoch: [8/20], global_step: 8310, lr: 0.000082, acc: 0.792969, norm_edit_dis: 0.976996, CTCLoss: 1.302198, NRTRLoss: 1.323048, loss: 2.621552, avg_reader_cost: 0.00459 s, avg_batch_cost: 0.60763 s, avg_samples: 98.1, ips: 161.44646 samples/s, eta: 2:14:54, max_mem_reserved: 19535 MB, max_mem_allocated: 14171 MB
[2025/10/31 12:47:25] ppocr INFO: epoch: [8/20], global_step: 8320, lr: 0.000082, acc: 0.831709, norm_edit_dis: 0.985356, CTCLoss: 1.146563, NRTRLoss: 1.318116, loss: 2.462363, avg_reader_cost: 0.00328 s, avg_batch_cost: 0.62567 s, avg_samples: 98.0, ips: 156.63260 samples/s, eta: 2:14:48, max_mem_reserved: 19535 MB, max_mem_allocated: 14171 MB
[2025/10/31 12:47:32] ppocr INFO: epoch: [8/20], global_step: 8330, lr: 0.000082, acc: 0.852941, norm_edit_dis: 0.984725, CTCLoss: 0.920366, NRTRLoss: 1.319522, loss: 2.239154, avg_reader_cost: 0.00286 s, avg_batch_cost: 0.62639 s, avg_samples: 91.6, ips: 146.23534 samples/s, eta: 2:14:43, max_mem_reserved: 19535 MB, max_mem_allocated: 14171 MB
[2025/10/31 12:47:38] ppocr INFO: epoch: [8/20], global_step: 8340, lr: 0.000081, acc: 0.843750, norm_edit_dis: 0.982809, CTCLoss: 0.995190, NRTRLoss: 1.326282, loss: 2.322250, avg_reader_cost: 0.00293 s, avg_batch_cost: 0.61405 s, avg_samples: 98.1, ips: 159.75916 samples/s, eta: 2:14:37, max_mem_reserved: 19535 MB, max_mem_allocated: 14171 MB
[2025/10/31 12:47:44] ppocr INFO: epoch: [8/20], global_step: 8350, lr: 0.000081, acc: 0.823529, norm_edit_dis: 0.982579, CTCLoss: 0.977238, NRTRLoss: 1.322460, loss: 2.302207, avg_reader_cost: 0.00289 s, avg_batch_cost: 0.61868 s, avg_samples: 89.4, ips: 144.50052 samples/s, eta: 2:14:31, max_mem_reserved: 19535 MB, max_mem_allocated: 14171 MB
[2025/10/31 12:48:16] ppocr INFO: cur metric, acc: 0.8944999991055, norm_edit_dis: 0.9895993732792735, fps: 739.8992201173648
[2025/10/31 12:48:16] ppocr INFO: best metric, acc: 0.9060999990939, is_float16: False, norm_edit_dis: 0.9912015830723341, fps: 791.6005679029877, best_epoch: 7
[2025/10/31 12:48:21] ppocr INFO: epoch: [8/20], global_step: 8360, lr: 0.000081, acc: 0.833640, norm_edit_dis: 0.983474, CTCLoss: 0.851379, NRTRLoss: 1.321604, loss: 2.167181, avg_reader_cost: 0.00310 s, avg_batch_cost: 0.58999 s, avg_samples: 93.7, ips: 158.81692 samples/s, eta: 2:14:25, max_mem_reserved: 19535 MB, max_mem_allocated: 14171 MB
[2025/10/31 12:48:27] ppocr INFO: epoch: [8/20], global_step: 8370, lr: 0.000081, acc: 0.851287, norm_edit_dis: 0.983655, CTCLoss: 0.996775, NRTRLoss: 1.321961, loss: 2.319595, avg_reader_cost: 0.00299 s, avg_batch_cost: 0.59879 s, avg_samples: 91.7, ips: 153.14182 samples/s, eta: 2:14:19, max_mem_reserved: 19535 MB, max_mem_allocated: 14171 MB
[2025/10/31 12:48:33] ppocr INFO: epoch: [8/20], global_step: 8380, lr: 0.000081, acc: 0.835937, norm_edit_dis: 0.978202, CTCLoss: 1.216603, NRTRLoss: 1.321111, loss: 2.538248, avg_reader_cost: 0.00298 s, avg_batch_cost: 0.59276 s, avg_samples: 100.2, ips: 169.03848 samples/s, eta: 2:14:13, max_mem_reserved: 19535 MB, max_mem_allocated: 14171 MB
[2025/10/31 12:48:39] ppocr INFO: epoch: [8/20], global_step: 8390, lr: 0.000081, acc: 0.847059, norm_edit_dis: 0.981849, CTCLoss: 0.875845, NRTRLoss: 1.321220, loss: 2.197586, avg_reader_cost: 0.00299 s, avg_batch_cost: 0.59738 s, avg_samples: 89.5, ips: 149.82068 samples/s, eta: 2:14:06, max_mem_reserved: 19535 MB, max_mem_allocated: 14171 MB
[2025/10/31 12:48:46] ppocr INFO: epoch: [8/20], global_step: 8400, lr: 0.000081, acc: 0.839522, norm_edit_dis: 0.983857, CTCLoss: 1.220626, NRTRLoss: 1.326473, loss: 2.540691, avg_reader_cost: 0.00302 s, avg_batch_cost: 0.61848 s, avg_samples: 93.8, ips: 151.66246 samples/s, eta: 2:14:01, max_mem_reserved: 19535 MB, max_mem_allocated: 14171 MB
[2025/10/31 12:49:16] ppocr INFO: cur metric, acc: 0.9003999990996, norm_edit_dis: 0.9906542391142251, fps: 745.2411742095663
[2025/10/31 12:49:16] ppocr INFO: best metric, acc: 0.9060999990939, is_float16: False, norm_edit_dis: 0.9912015830723341, fps: 791.6005679029877, best_epoch: 7
[2025/10/31 12:49:22] ppocr INFO: epoch: [8/20], global_step: 8410, lr: 0.000081, acc: 0.825827, norm_edit_dis: 0.982827, CTCLoss: 1.023613, NRTRLoss: 1.321902, loss: 2.345458, avg_reader_cost: 0.00300 s, avg_batch_cost: 0.55285 s, avg_samples: 91.6, ips: 165.68725 samples/s, eta: 2:13:54, max_mem_reserved: 19535 MB, max_mem_allocated: 14171 MB
[2025/10/31 12:49:28] ppocr INFO: epoch: [8/20], global_step: 8420, lr: 0.000081, acc: 0.828125, norm_edit_dis: 0.983593, CTCLoss: 1.016055, NRTRLoss: 1.321417, loss: 2.337471, avg_reader_cost: 0.00301 s, avg_batch_cost: 0.58168 s, avg_samples: 78.8, ips: 135.47054 samples/s, eta: 2:13:47, max_mem_reserved: 19535 MB, max_mem_allocated: 14171 MB
[2025/10/31 12:49:33] ppocr INFO: epoch: [8/20], global_step: 8430, lr: 0.000081, acc: 0.831709, norm_edit_dis: 0.984962, CTCLoss: 1.051572, NRTRLoss: 1.319331, loss: 2.379171, avg_reader_cost: 0.00346 s, avg_batch_cost: 0.59782 s, avg_samples: 93.8, ips: 156.90434 samples/s, eta: 2:13:41, max_mem_reserved: 19535 MB, max_mem_allocated: 14171 MB
[2025/10/31 12:49:39] ppocr INFO: epoch: [8/20], global_step: 8440, lr: 0.000081, acc: 0.839522, norm_edit_dis: 0.984616, CTCLoss: 0.916277, NRTRLoss: 1.316931, loss: 2.229277, avg_reader_cost: 0.00347 s, avg_batch_cost: 0.59571 s, avg_samples: 91.7, ips: 153.93466 samples/s, eta: 2:13:35, max_mem_reserved: 19535 MB, max_mem_allocated: 14171 MB
[2025/10/31 12:49:45] ppocr INFO: epoch: [8/20], global_step: 8450, lr: 0.000081, acc: 0.851287, norm_edit_dis: 0.985915, CTCLoss: 0.784875, NRTRLoss: 1.315936, loss: 2.102077, avg_reader_cost: 0.00296 s, avg_batch_cost: 0.56967 s, avg_samples: 80.9, ips: 142.01203 samples/s, eta: 2:13:29, max_mem_reserved: 19535 MB, max_mem_allocated: 14171 MB
[2025/10/31 12:50:16] ppocr INFO: cur metric, acc: 0.8996999991003001, norm_edit_dis: 0.9905820821660444, fps: 769.1166133009206
[2025/10/31 12:50:16] ppocr INFO: best metric, acc: 0.9060999990939, is_float16: False, norm_edit_dis: 0.9912015830723341, fps: 791.6005679029877, best_epoch: 7
[2025/10/31 12:50:22] ppocr INFO: epoch: [8/20], global_step: 8460, lr: 0.000081, acc: 0.845404, norm_edit_dis: 0.985788, CTCLoss: 0.784875, NRTRLoss: 1.315936, loss: 2.102077, avg_reader_cost: 0.00408 s, avg_batch_cost: 0.60083 s, avg_samples: 91.6, ips: 152.45492 samples/s, eta: 2:13:22, max_mem_reserved: 19535 MB, max_mem_allocated: 14171 MB
[2025/10/31 12:50:28] ppocr INFO: epoch: [8/20], global_step: 8470, lr: 0.000081, acc: 0.831709, norm_edit_dis: 0.984255, CTCLoss: 0.889234, NRTRLoss: 1.317312, loss: 2.208176, avg_reader_cost: 0.00294 s, avg_batch_cost: 0.54580 s, avg_samples: 89.5, ips: 163.97842 samples/s, eta: 2:13:16, max_mem_reserved: 19535 MB, max_mem_allocated: 14171 MB
[2025/10/31 12:50:33] ppocr INFO: epoch: [8/20], global_step: 8480, lr: 0.000081, acc: 0.839522, norm_edit_dis: 0.985654, CTCLoss: 0.889234, NRTRLoss: 1.318896, loss: 2.208176, avg_reader_cost: 0.00355 s, avg_batch_cost: 0.59570 s, avg_samples: 85.2, ips: 143.02411 samples/s, eta: 2:13:09, max_mem_reserved: 19535 MB, max_mem_allocated: 14171 MB
[2025/10/31 12:50:39] ppocr INFO: epoch: [8/20], global_step: 8490, lr: 0.000081, acc: 0.845404, norm_edit_dis: 0.986182, CTCLoss: 0.952410, NRTRLoss: 1.319973, loss: 2.270364, avg_reader_cost: 0.00288 s, avg_batch_cost: 0.57547 s, avg_samples: 89.5, ips: 155.52507 samples/s, eta: 2:13:03, max_mem_reserved: 19535 MB, max_mem_allocated: 14171 MB
[2025/10/31 12:50:45] ppocr INFO: epoch: [8/20], global_step: 8500, lr: 0.000081, acc: 0.843750, norm_edit_dis: 0.985343, CTCLoss: 1.031471, NRTRLoss: 1.320210, loss: 2.350633, avg_reader_cost: 0.00301 s, avg_batch_cost: 0.58925 s, avg_samples: 85.2, ips: 144.59089 samples/s, eta: 2:12:57, max_mem_reserved: 19535 MB, max_mem_allocated: 14171 MB
[2025/10/31 12:51:16] ppocr INFO: cur metric, acc: 0.9047999990952, norm_edit_dis: 0.9912416529205603, fps: 750.65561274848
[2025/10/31 12:51:16] ppocr INFO: best metric, acc: 0.9060999990939, is_float16: False, norm_edit_dis: 0.9912015830723341, fps: 791.6005679029877, best_epoch: 7
[2025/10/31 12:51:21] ppocr INFO: epoch: [8/20], global_step: 8510, lr: 0.000080, acc: 0.859099, norm_edit_dis: 0.985817, CTCLoss: 0.925995, NRTRLoss: 1.321141, loss: 2.254561, avg_reader_cost: 0.00300 s, avg_batch_cost: 0.53752 s, avg_samples: 78.8, ips: 146.59800 samples/s, eta: 2:12:50, max_mem_reserved: 19535 MB, max_mem_allocated: 14171 MB
[2025/10/31 12:51:27] ppocr INFO: epoch: [8/20], global_step: 8520, lr: 0.000080, acc: 0.859375, norm_edit_dis: 0.985211, CTCLoss: 0.830401, NRTRLoss: 1.321238, loss: 2.153826, avg_reader_cost: 0.00301 s, avg_batch_cost: 0.55744 s, avg_samples: 89.5, ips: 160.55556 samples/s, eta: 2:12:43, max_mem_reserved: 19535 MB, max_mem_allocated: 14171 MB
[2025/10/31 12:51:33] ppocr INFO: epoch: [8/20], global_step: 8530, lr: 0.000080, acc: 0.823529, norm_edit_dis: 0.982606, CTCLoss: 0.988711, NRTRLoss: 1.321657, loss: 2.304699, avg_reader_cost: 0.00305 s, avg_batch_cost: 0.62162 s, avg_samples: 104.4, ips: 167.94829 samples/s, eta: 2:12:37, max_mem_reserved: 19535 MB, max_mem_allocated: 14171 MB
[2025/10/31 12:51:39] ppocr INFO: epoch: [8/20], global_step: 8540, lr: 0.000080, acc: 0.864706, norm_edit_dis: 0.986976, CTCLoss: 0.790090, NRTRLoss: 1.320264, loss: 2.107191, avg_reader_cost: 0.00298 s, avg_batch_cost: 0.57007 s, avg_samples: 83.1, ips: 145.77099 samples/s, eta: 2:12:31, max_mem_reserved: 19535 MB, max_mem_allocated: 14171 MB
[2025/10/31 12:51:45] ppocr INFO: epoch: [8/20], global_step: 8550, lr: 0.000080, acc: 0.859375, norm_edit_dis: 0.985342, CTCLoss: 0.913549, NRTRLoss: 1.321469, loss: 2.236806, avg_reader_cost: 0.00304 s, avg_batch_cost: 0.59855 s, avg_samples: 95.9, ips: 160.21941 samples/s, eta: 2:12:24, max_mem_reserved: 19535 MB, max_mem_allocated: 14171 MB
[2025/10/31 12:52:16] ppocr INFO: cur metric, acc: 0.8883999991116001, norm_edit_dis: 0.989520938238011, fps: 745.6556351764661
[2025/10/31 12:52:16] ppocr INFO: best metric, acc: 0.9060999990939, is_float16: False, norm_edit_dis: 0.9912015830723341, fps: 791.6005679029877, best_epoch: 7
[2025/10/31 12:52:21] ppocr INFO: epoch: [8/20], global_step: 8560, lr: 0.000080, acc: 0.831709, norm_edit_dis: 0.983029, CTCLoss: 1.022825, NRTRLoss: 1.325456, loss: 2.344634, avg_reader_cost: 0.00328 s, avg_batch_cost: 0.55240 s, avg_samples: 87.4, ips: 158.21902 samples/s, eta: 2:12:18, max_mem_reserved: 19535 MB, max_mem_allocated: 14171 MB
[2025/10/31 12:52:27] ppocr INFO: epoch: [8/20], global_step: 8570, lr: 0.000080, acc: 0.831709, norm_edit_dis: 0.981686, CTCLoss: 1.053364, NRTRLoss: 1.324221, loss: 2.378457, avg_reader_cost: 0.00336 s, avg_batch_cost: 0.60095 s, avg_samples: 91.6, ips: 152.42413 samples/s, eta: 2:12:12, max_mem_reserved: 19535 MB, max_mem_allocated: 14171 MB
[2025/10/31 12:52:33] ppocr INFO: epoch: [8/20], global_step: 8580, lr: 0.000080, acc: 0.831709, norm_edit_dis: 0.981427, CTCLoss: 1.105602, NRTRLoss: 1.322978, loss: 2.430276, avg_reader_cost: 0.00330 s, avg_batch_cost: 0.59625 s, avg_samples: 95.9, ips: 160.83843 samples/s, eta: 2:12:05, max_mem_reserved: 19535 MB, max_mem_allocated: 14171 MB
[2025/10/31 12:52:39] ppocr INFO: epoch: [8/20], global_step: 8590, lr: 0.000080, acc: 0.852941, norm_edit_dis: 0.984391, CTCLoss: 1.169607, NRTRLoss: 1.321367, loss: 2.492354, avg_reader_cost: 0.00299 s, avg_batch_cost: 0.59198 s, avg_samples: 91.6, ips: 154.73372 samples/s, eta: 2:11:59, max_mem_reserved: 19535 MB, max_mem_allocated: 14171 MB
[2025/10/31 12:52:45] ppocr INFO: epoch: [8/20], global_step: 8600, lr: 0.000080, acc: 0.835294, norm_edit_dis: 0.981948, CTCLoss: 1.388153, NRTRLoss: 1.323913, loss: 2.714787, avg_reader_cost: 0.00300 s, avg_batch_cost: 0.60105 s, avg_samples: 91.6, ips: 152.39901 samples/s, eta: 2:11:53, max_mem_reserved: 19535 MB, max_mem_allocated: 14171 MB
[2025/10/31 12:53:16] ppocr INFO: cur metric, acc: 0.9023999990976, norm_edit_dis: 0.990945477137657, fps: 758.393203148561
[2025/10/31 12:53:16] ppocr INFO: best metric, acc: 0.9060999990939, is_float16: False, norm_edit_dis: 0.9912015830723341, fps: 791.6005679029877, best_epoch: 7
[2025/10/31 12:53:22] ppocr INFO: epoch: [8/20], global_step: 8610, lr: 0.000080, acc: 0.831709, norm_edit_dis: 0.981831, CTCLoss: 1.077563, NRTRLoss: 1.322045, loss: 2.397793, avg_reader_cost: 0.00298 s, avg_batch_cost: 0.57045 s, avg_samples: 76.7, ips: 134.45544 samples/s, eta: 2:11:47, max_mem_reserved: 19535 MB, max_mem_allocated: 14171 MB
[2025/10/31 12:53:28] ppocr INFO: epoch: [8/20], global_step: 8620, lr: 0.000080, acc: 0.829412, norm_edit_dis: 0.982322, CTCLoss: 0.993007, NRTRLoss: 1.320411, loss: 2.310329, avg_reader_cost: 0.00379 s, avg_batch_cost: 0.61526 s, avg_samples: 91.6, ips: 148.87962 samples/s, eta: 2:11:41, max_mem_reserved: 19535 MB, max_mem_allocated: 14171 MB
[2025/10/31 12:53:34] ppocr INFO: epoch: [8/20], global_step: 8630, lr: 0.000080, acc: 0.845404, norm_edit_dis: 0.982665, CTCLoss: 0.965751, NRTRLoss: 1.319686, loss: 2.280542, avg_reader_cost: 0.00329 s, avg_batch_cost: 0.59846 s, avg_samples: 93.7, ips: 156.56784 samples/s, eta: 2:11:35, max_mem_reserved: 19535 MB, max_mem_allocated: 14171 MB
[2025/10/31 12:53:40] ppocr INFO: epoch: [8/20], global_step: 8640, lr: 0.000080, acc: 0.852941, norm_edit_dis: 0.983981, CTCLoss: 1.066160, NRTRLoss: 1.322833, loss: 2.382427, avg_reader_cost: 0.00343 s, avg_batch_cost: 0.57953 s, avg_samples: 93.8, ips: 161.85524 samples/s, eta: 2:11:28, max_mem_reserved: 19535 MB, max_mem_allocated: 14171 MB
[2025/10/31 12:53:47] ppocr INFO: epoch: [8/20], global_step: 8650, lr: 0.000080, acc: 0.792969, norm_edit_dis: 0.974761, CTCLoss: 1.735423, NRTRLoss: 1.324597, loss: 3.061877, avg_reader_cost: 0.00299 s, avg_batch_cost: 0.65261 s, avg_samples: 104.5, ips: 160.12691 samples/s, eta: 2:11:23, max_mem_reserved: 19535 MB, max_mem_allocated: 14171 MB
[2025/10/31 12:54:18] ppocr INFO: cur metric, acc: 0.8864999991135, norm_edit_dis: 0.9895449113083428, fps: 724.0540011225994
[2025/10/31 12:54:18] ppocr INFO: best metric, acc: 0.9060999990939, is_float16: False, norm_edit_dis: 0.9912015830723341, fps: 791.6005679029877, best_epoch: 7
[2025/10/31 12:54:24] ppocr INFO: epoch: [8/20], global_step: 8660, lr: 0.000080, acc: 0.817647, norm_edit_dis: 0.979968, CTCLoss: 1.067073, NRTRLoss: 1.326280, loss: 2.394886, avg_reader_cost: 0.00299 s, avg_batch_cost: 0.59523 s, avg_samples: 83.0, ips: 139.44168 samples/s, eta: 2:11:17, max_mem_reserved: 19535 MB, max_mem_allocated: 14171 MB
[2025/10/31 12:54:30] ppocr INFO: epoch: [8/20], global_step: 8670, lr: 0.000080, acc: 0.835294, norm_edit_dis: 0.982400, CTCLoss: 1.047185, NRTRLoss: 1.323309, loss: 2.365990, avg_reader_cost: 0.00295 s, avg_batch_cost: 0.61212 s, avg_samples: 95.8, ips: 156.50650 samples/s, eta: 2:11:11, max_mem_reserved: 19535 MB, max_mem_allocated: 14171 MB
[2025/10/31 12:54:36] ppocr INFO: epoch: [8/20], global_step: 8680, lr: 0.000079, acc: 0.835294, norm_edit_dis: 0.984320, CTCLoss: 1.056981, NRTRLoss: 1.319980, loss: 2.368395, avg_reader_cost: 0.00295 s, avg_batch_cost: 0.59094 s, avg_samples: 98.0, ips: 165.83807 samples/s, eta: 2:11:05, max_mem_reserved: 19535 MB, max_mem_allocated: 14171 MB
[2025/10/31 12:54:41] ppocr INFO: epoch: [8/20], global_step: 8688, lr: 0.000079, acc: 0.746094, norm_edit_dis: 0.972974, CTCLoss: 1.567137, NRTRLoss: 1.326203, loss: 2.893340, avg_reader_cost: 0.00240 s, avg_batch_cost: 0.50998 s, avg_samples: 89.6, ips: 175.69452 samples/s, eta: 2:11:00, max_mem_reserved: 19535 MB, max_mem_allocated: 14171 MB
[2025/10/31 12:54:44] ppocr INFO: save model in ./output/latest
[2025/10/31 12:54:45] ppocr INFO: save model in ./output/iter_epoch_8
[2025/10/31 12:54:48] ppocr INFO: epoch: [9/20], global_step: 8690, lr: 0.000079, acc: 0.761719, norm_edit_dis: 0.975982, CTCLoss: 1.412979, NRTRLoss: 1.325381, loss: 2.742587, avg_reader_cost: 0.57445 s, avg_batch_cost: 0.68191 s, avg_samples: 14.9, ips: 21.85039 samples/s, eta: 2:11:08, max_mem_reserved: 19535 MB, max_mem_allocated: 14171 MB
[2025/10/31 12:54:54] ppocr INFO: epoch: [9/20], global_step: 8700, lr: 0.000079, acc: 0.859099, norm_edit_dis: 0.987655, CTCLoss: 0.725418, NRTRLoss: 1.319973, loss: 2.042177, avg_reader_cost: 0.00289 s, avg_batch_cost: 0.61512 s, avg_samples: 89.4, ips: 145.33659 samples/s, eta: 2:11:02, max_mem_reserved: 19535 MB, max_mem_allocated: 14171 MB
[2025/10/31 12:55:25] ppocr INFO: cur metric, acc: 0.9052999990947, norm_edit_dis: 0.9913729964190732, fps: 714.9407612919513
[2025/10/31 12:55:25] ppocr INFO: best metric, acc: 0.9060999990939, is_float16: False, norm_edit_dis: 0.9912015830723341, fps: 791.6005679029877, best_epoch: 7
[2025/10/31 12:55:31] ppocr INFO: epoch: [9/20], global_step: 8710, lr: 0.000079, acc: 0.864706, norm_edit_dis: 0.986557, CTCLoss: 0.903749, NRTRLoss: 1.319262, loss: 2.219944, avg_reader_cost: 0.00290 s, avg_batch_cost: 0.58514 s, avg_samples: 104.4, ips: 178.41893 samples/s, eta: 2:10:55, max_mem_reserved: 19535 MB, max_mem_allocated: 14171 MB
[2025/10/31 12:55:37] ppocr INFO: epoch: [9/20], global_step: 8720, lr: 0.000079, acc: 0.843750, norm_edit_dis: 0.986231, CTCLoss: 0.963498, NRTRLoss: 1.318832, loss: 2.281569, avg_reader_cost: 0.00284 s, avg_batch_cost: 0.57190 s, avg_samples: 83.1, ips: 145.30390 samples/s, eta: 2:10:49, max_mem_reserved: 19535 MB, max_mem_allocated: 14171 MB
[2025/10/31 12:55:43] ppocr INFO: epoch: [9/20], global_step: 8730, lr: 0.000079, acc: 0.823529, norm_edit_dis: 0.977484, CTCLoss: 1.126885, NRTRLoss: 1.324209, loss: 2.458763, avg_reader_cost: 0.00300 s, avg_batch_cost: 0.61047 s, avg_samples: 113.0, ips: 185.10399 samples/s, eta: 2:10:43, max_mem_reserved: 19535 MB, max_mem_allocated: 14171 MB
[2025/10/31 12:55:48] ppocr INFO: epoch: [9/20], global_step: 8740, lr: 0.000079, acc: 0.789062, norm_edit_dis: 0.981644, CTCLoss: 0.957319, NRTRLoss: 1.320031, loss: 2.276027, avg_reader_cost: 0.00287 s, avg_batch_cost: 0.55193 s, avg_samples: 74.6, ips: 135.16280 samples/s, eta: 2:10:36, max_mem_reserved: 19535 MB, max_mem_allocated: 14171 MB
[2025/10/31 12:55:54] ppocr INFO: epoch: [9/20], global_step: 8750, lr: 0.000079, acc: 0.864706, norm_edit_dis: 0.987748, CTCLoss: 0.773747, NRTRLoss: 1.317154, loss: 2.090388, avg_reader_cost: 0.00283 s, avg_batch_cost: 0.58058 s, avg_samples: 89.4, ips: 153.98419 samples/s, eta: 2:10:30, max_mem_reserved: 19535 MB, max_mem_allocated: 14171 MB
[2025/10/31 12:56:26] ppocr INFO: cur metric, acc: 0.9023999990976, norm_edit_dis: 0.991045846022033, fps: 720.8967704584235
[2025/10/31 12:56:26] ppocr INFO: best metric, acc: 0.9060999990939, is_float16: False, norm_edit_dis: 0.9912015830723341, fps: 791.6005679029877, best_epoch: 7
[2025/10/31 12:56:33] ppocr INFO: epoch: [9/20], global_step: 8760, lr: 0.000079, acc: 0.852941, norm_edit_dis: 0.988178, CTCLoss: 0.747573, NRTRLoss: 1.317981, loss: 2.065554, avg_reader_cost: 0.00297 s, avg_batch_cost: 0.65738 s, avg_samples: 100.2, ips: 152.42352 samples/s, eta: 2:10:24, max_mem_reserved: 19535 MB, max_mem_allocated: 14171 MB
[2025/10/31 12:56:39] ppocr INFO: epoch: [9/20], global_step: 8770, lr: 0.000079, acc: 0.828125, norm_edit_dis: 0.984700, CTCLoss: 1.022984, NRTRLoss: 1.317351, loss: 2.339805, avg_reader_cost: 0.00288 s, avg_batch_cost: 0.63112 s, avg_samples: 91.7, ips: 145.29674 samples/s, eta: 2:10:19, max_mem_reserved: 19535 MB, max_mem_allocated: 14171 MB
[2025/10/31 12:56:45] ppocr INFO: epoch: [9/20], global_step: 8780, lr: 0.000079, acc: 0.867187, norm_edit_dis: 0.987763, CTCLoss: 0.881859, NRTRLoss: 1.316829, loss: 2.201773, avg_reader_cost: 0.00294 s, avg_batch_cost: 0.61552 s, avg_samples: 83.0, ips: 134.84463 samples/s, eta: 2:10:13, max_mem_reserved: 19535 MB, max_mem_allocated: 14171 MB
[2025/10/31 12:56:51] ppocr INFO: epoch: [9/20], global_step: 8790, lr: 0.000079, acc: 0.882353, norm_edit_dis: 0.988998, CTCLoss: 0.815920, NRTRLoss: 1.316463, loss: 2.132336, avg_reader_cost: 0.00302 s, avg_batch_cost: 0.58933 s, avg_samples: 89.5, ips: 151.86726 samples/s, eta: 2:10:07, max_mem_reserved: 19535 MB, max_mem_allocated: 14171 MB
[2025/10/31 12:56:57] ppocr INFO: epoch: [9/20], global_step: 8800, lr: 0.000079, acc: 0.859375, norm_edit_dis: 0.987479, CTCLoss: 0.830026, NRTRLoss: 1.317859, loss: 2.144585, avg_reader_cost: 0.00327 s, avg_batch_cost: 0.57806 s, avg_samples: 85.2, ips: 147.39034 samples/s, eta: 2:10:00, max_mem_reserved: 19535 MB, max_mem_allocated: 14171 MB
[2025/10/31 12:57:28] ppocr INFO: cur metric, acc: 0.9010999990989, norm_edit_dis: 0.9907627987914219, fps: 763.7712970493359
[2025/10/31 12:57:28] ppocr INFO: best metric, acc: 0.9060999990939, is_float16: False, norm_edit_dis: 0.9912015830723341, fps: 791.6005679029877, best_epoch: 7
[2025/10/31 12:57:34] ppocr INFO: epoch: [9/20], global_step: 8810, lr: 0.000079, acc: 0.864981, norm_edit_dis: 0.987040, CTCLoss: 0.989735, NRTRLoss: 1.317998, loss: 2.308971, avg_reader_cost: 0.00301 s, avg_batch_cost: 0.57508 s, avg_samples: 85.2, ips: 148.15336 samples/s, eta: 2:09:54, max_mem_reserved: 19535 MB, max_mem_allocated: 14171 MB
[2025/10/31 12:57:39] ppocr INFO: epoch: [9/20], global_step: 8820, lr: 0.000079, acc: 0.872794, norm_edit_dis: 0.987895, CTCLoss: 1.041230, NRTRLoss: 1.316950, loss: 2.357194, avg_reader_cost: 0.00290 s, avg_batch_cost: 0.55682 s, avg_samples: 91.6, ips: 164.50612 samples/s, eta: 2:09:47, max_mem_reserved: 19535 MB, max_mem_allocated: 14171 MB
[2025/10/31 12:57:45] ppocr INFO: epoch: [9/20], global_step: 8830, lr: 0.000079, acc: 0.858823, norm_edit_dis: 0.985865, CTCLoss: 1.118814, NRTRLoss: 1.323209, loss: 2.443088, avg_reader_cost: 0.00293 s, avg_batch_cost: 0.59105 s, avg_samples: 100.1, ips: 169.35819 samples/s, eta: 2:09:41, max_mem_reserved: 19535 MB, max_mem_allocated: 14171 MB
[2025/10/31 12:57:51] ppocr INFO: epoch: [9/20], global_step: 8840, lr: 0.000079, acc: 0.859375, norm_edit_dis: 0.985865, CTCLoss: 1.096150, NRTRLoss: 1.321940, loss: 2.413708, avg_reader_cost: 0.00295 s, avg_batch_cost: 0.57378 s, avg_samples: 80.9, ips: 140.99602 samples/s, eta: 2:09:34, max_mem_reserved: 19535 MB, max_mem_allocated: 14171 MB
[2025/10/31 12:57:57] ppocr INFO: epoch: [9/20], global_step: 8850, lr: 0.000078, acc: 0.882353, norm_edit_dis: 0.988165, CTCLoss: 0.843586, NRTRLoss: 1.318193, loss: 2.161490, avg_reader_cost: 0.00291 s, avg_batch_cost: 0.60153 s, avg_samples: 89.5, ips: 148.78672 samples/s, eta: 2:09:28, max_mem_reserved: 19535 MB, max_mem_allocated: 14171 MB
[2025/10/31 12:58:31] ppocr INFO: cur metric, acc: 0.9035999990964, norm_edit_dis: 0.9906933309744517, fps: 712.448437648761
[2025/10/31 12:58:31] ppocr INFO: best metric, acc: 0.9060999990939, is_float16: False, norm_edit_dis: 0.9912015830723341, fps: 791.6005679029877, best_epoch: 7
[2025/10/31 12:58:37] ppocr INFO: epoch: [9/20], global_step: 8860, lr: 0.000078, acc: 0.859375, norm_edit_dis: 0.987457, CTCLoss: 0.690872, NRTRLoss: 1.318193, loss: 2.005756, avg_reader_cost: 0.00294 s, avg_batch_cost: 0.60465 s, avg_samples: 93.8, ips: 155.13221 samples/s, eta: 2:09:22, max_mem_reserved: 19535 MB, max_mem_allocated: 14171 MB
[2025/10/31 12:58:43] ppocr INFO: epoch: [9/20], global_step: 8870, lr: 0.000078, acc: 0.859375, norm_edit_dis: 0.986559, CTCLoss: 1.252184, NRTRLoss: 1.320432, loss: 2.566320, avg_reader_cost: 0.00313 s, avg_batch_cost: 0.62297 s, avg_samples: 93.8, ips: 150.56868 samples/s, eta: 2:09:17, max_mem_reserved: 19535 MB, max_mem_allocated: 14171 MB
[2025/10/31 12:58:49] ppocr INFO: epoch: [9/20], global_step: 8880, lr: 0.000078, acc: 0.882812, norm_edit_dis: 0.987479, CTCLoss: 0.875453, NRTRLoss: 1.318179, loss: 2.205930, avg_reader_cost: 0.00300 s, avg_batch_cost: 0.63494 s, avg_samples: 91.6, ips: 144.26651 samples/s, eta: 2:09:11, max_mem_reserved: 19535 MB, max_mem_allocated: 14171 MB
[2025/10/31 12:58:55] ppocr INFO: epoch: [9/20], global_step: 8890, lr: 0.000078, acc: 0.870588, norm_edit_dis: 0.987806, CTCLoss: 0.689891, NRTRLoss: 1.317029, loss: 2.007293, avg_reader_cost: 0.00294 s, avg_batch_cost: 0.59302 s, avg_samples: 85.2, ips: 143.67120 samples/s, eta: 2:09:05, max_mem_reserved: 19535 MB, max_mem_allocated: 14171 MB
[2025/10/31 12:59:01] ppocr INFO: epoch: [9/20], global_step: 8900, lr: 0.000078, acc: 0.864706, norm_edit_dis: 0.986435, CTCLoss: 0.795009, NRTRLoss: 1.317029, loss: 2.114132, avg_reader_cost: 0.00305 s, avg_batch_cost: 0.56911 s, avg_samples: 87.3, ips: 153.39624 samples/s, eta: 2:08:58, max_mem_reserved: 19535 MB, max_mem_allocated: 14171 MB
[2025/10/31 12:59:31] ppocr INFO: cur metric, acc: 0.9092999990907, norm_edit_dis: 0.9914414597335313, fps: 758.5044035548456
[2025/10/31 12:59:34] ppocr INFO: save best model is to ./output/best_accuracy
[2025/10/31 12:59:34] ppocr INFO: best metric, acc: 0.9092999990907, is_float16: False, norm_edit_dis: 0.9914414597335313, fps: 758.5044035548456, best_epoch: 9
[2025/10/31 12:59:40] ppocr INFO: epoch: [9/20], global_step: 8910, lr: 0.000078, acc: 0.804320, norm_edit_dis: 0.984042, CTCLoss: 1.136651, NRTRLoss: 1.324110, loss: 2.457666, avg_reader_cost: 0.00287 s, avg_batch_cost: 0.63763 s, avg_samples: 113.0, ips: 177.21837 samples/s, eta: 2:08:53, max_mem_reserved: 19535 MB, max_mem_allocated: 14171 MB
[2025/10/31 12:59:46] ppocr INFO: epoch: [9/20], global_step: 8920, lr: 0.000078, acc: 0.765625, norm_edit_dis: 0.974897, CTCLoss: 1.375601, NRTRLoss: 1.325628, loss: 2.698063, avg_reader_cost: 0.00297 s, avg_batch_cost: 0.62013 s, avg_samples: 89.5, ips: 144.32435 samples/s, eta: 2:08:47, max_mem_reserved: 19535 MB, max_mem_allocated: 14171 MB
[2025/10/31 12:59:52] ppocr INFO: epoch: [9/20], global_step: 8930, lr: 0.000078, acc: 0.858823, norm_edit_dis: 0.984545, CTCLoss: 1.058629, NRTRLoss: 1.319691, loss: 2.375187, avg_reader_cost: 0.00293 s, avg_batch_cost: 0.59238 s, avg_samples: 95.8, ips: 161.72179 samples/s, eta: 2:08:41, max_mem_reserved: 19535 MB, max_mem_allocated: 14171 MB
[2025/10/31 12:59:58] ppocr INFO: epoch: [9/20], global_step: 8940, lr: 0.000078, acc: 0.864981, norm_edit_dis: 0.984194, CTCLoss: 0.970000, NRTRLoss: 1.321883, loss: 2.297613, avg_reader_cost: 0.00295 s, avg_batch_cost: 0.60206 s, avg_samples: 98.0, ips: 162.77460 samples/s, eta: 2:08:35, max_mem_reserved: 19535 MB, max_mem_allocated: 14171 MB
[2025/10/31 13:00:05] ppocr INFO: epoch: [9/20], global_step: 8950, lr: 0.000078, acc: 0.784789, norm_edit_dis: 0.974798, CTCLoss: 1.276461, NRTRLoss: 1.324547, loss: 2.606121, avg_reader_cost: 0.00300 s, avg_batch_cost: 0.64182 s, avg_samples: 104.5, ips: 162.81742 samples/s, eta: 2:08:29, max_mem_reserved: 19535 MB, max_mem_allocated: 14171 MB
[2025/10/31 13:00:37] ppocr INFO: cur metric, acc: 0.8804999991195, norm_edit_dis: 0.9887562677424927, fps: 731.882015629382
[2025/10/31 13:00:37] ppocr INFO: best metric, acc: 0.9092999990907, is_float16: False, norm_edit_dis: 0.9914414597335313, fps: 758.5044035548456, best_epoch: 9
[2025/10/31 13:00:42] ppocr INFO: epoch: [9/20], global_step: 8960, lr: 0.000078, acc: 0.777344, norm_edit_dis: 0.976222, CTCLoss: 1.406957, NRTRLoss: 1.323171, loss: 2.734238, avg_reader_cost: 0.00300 s, avg_batch_cost: 0.57060 s, avg_samples: 93.8, ips: 164.38826 samples/s, eta: 2:08:23, max_mem_reserved: 19535 MB, max_mem_allocated: 14171 MB
[2025/10/31 13:00:49] ppocr INFO: epoch: [9/20], global_step: 8970, lr: 0.000078, acc: 0.796875, norm_edit_dis: 0.975829, CTCLoss: 1.282226, NRTRLoss: 1.324847, loss: 2.609105, avg_reader_cost: 0.00370 s, avg_batch_cost: 0.64330 s, avg_samples: 106.6, ips: 165.70842 samples/s, eta: 2:08:17, max_mem_reserved: 19535 MB, max_mem_allocated: 14171 MB
[2025/10/31 13:00:55] ppocr INFO: epoch: [9/20], global_step: 8980, lr: 0.000078, acc: 0.785156, norm_edit_dis: 0.972567, CTCLoss: 1.239663, NRTRLoss: 1.323570, loss: 2.563233, avg_reader_cost: 0.00299 s, avg_batch_cost: 0.60628 s, avg_samples: 98.1, ips: 161.80646 samples/s, eta: 2:08:11, max_mem_reserved: 19535 MB, max_mem_allocated: 14171 MB
[2025/10/31 13:01:01] ppocr INFO: epoch: [9/20], global_step: 8990, lr: 0.000078, acc: 0.851562, norm_edit_dis: 0.984308, CTCLoss: 0.991039, NRTRLoss: 1.319212, loss: 2.308724, avg_reader_cost: 0.00298 s, avg_batch_cost: 0.59476 s, avg_samples: 91.6, ips: 154.01067 samples/s, eta: 2:08:05, max_mem_reserved: 19535 MB, max_mem_allocated: 14171 MB
[2025/10/31 13:01:07] ppocr INFO: epoch: [9/20], global_step: 9000, lr: 0.000078, acc: 0.859375, norm_edit_dis: 0.984649, CTCLoss: 0.932916, NRTRLoss: 1.322320, loss: 2.251178, avg_reader_cost: 0.00302 s, avg_batch_cost: 0.58413 s, avg_samples: 85.2, ips: 145.85913 samples/s, eta: 2:07:59, max_mem_reserved: 19535 MB, max_mem_allocated: 14171 MB
[2025/10/31 13:01:38] ppocr INFO: cur metric, acc: 0.8966999991033, norm_edit_dis: 0.9906338059530538, fps: 718.6146264964506
[2025/10/31 13:01:38] ppocr INFO: best metric, acc: 0.9092999990907, is_float16: False, norm_edit_dis: 0.9914414597335313, fps: 758.5044035548456, best_epoch: 9
[2025/10/31 13:01:44] ppocr INFO: epoch: [9/20], global_step: 9010, lr: 0.000078, acc: 0.852941, norm_edit_dis: 0.984250, CTCLoss: 0.895059, NRTRLoss: 1.322757, loss: 2.219782, avg_reader_cost: 0.00328 s, avg_batch_cost: 0.58668 s, avg_samples: 95.9, ips: 163.46310 samples/s, eta: 2:07:52, max_mem_reserved: 19535 MB, max_mem_allocated: 14171 MB
[2025/10/31 13:01:50] ppocr INFO: epoch: [9/20], global_step: 9020, lr: 0.000077, acc: 0.806250, norm_edit_dis: 0.981729, CTCLoss: 1.316259, NRTRLoss: 1.323541, loss: 2.640695, avg_reader_cost: 0.00299 s, avg_batch_cost: 0.62492 s, avg_samples: 93.8, ips: 150.09942 samples/s, eta: 2:07:47, max_mem_reserved: 19535 MB, max_mem_allocated: 14171 MB
[2025/10/31 13:01:56] ppocr INFO: epoch: [9/20], global_step: 9030, lr: 0.000077, acc: 0.823529, norm_edit_dis: 0.981822, CTCLoss: 1.109519, NRTRLoss: 1.323541, loss: 2.433127, avg_reader_cost: 0.00295 s, avg_batch_cost: 0.56663 s, avg_samples: 85.2, ips: 150.36159 samples/s, eta: 2:07:40, max_mem_reserved: 19535 MB, max_mem_allocated: 14171 MB
[2025/10/31 13:02:02] ppocr INFO: epoch: [9/20], global_step: 9040, lr: 0.000077, acc: 0.843474, norm_edit_dis: 0.986703, CTCLoss: 0.834713, NRTRLoss: 1.318423, loss: 2.162721, avg_reader_cost: 0.00299 s, avg_batch_cost: 0.58004 s, avg_samples: 87.3, ips: 150.50711 samples/s, eta: 2:07:34, max_mem_reserved: 19535 MB, max_mem_allocated: 14171 MB
[2025/10/31 13:02:08] ppocr INFO: epoch: [9/20], global_step: 9050, lr: 0.000077, acc: 0.845404, norm_edit_dis: 0.985530, CTCLoss: 0.919983, NRTRLoss: 1.319569, loss: 2.248501, avg_reader_cost: 0.00297 s, avg_batch_cost: 0.59422 s, avg_samples: 91.6, ips: 154.15114 samples/s, eta: 2:07:28, max_mem_reserved: 19535 MB, max_mem_allocated: 14171 MB
[2025/10/31 13:02:39] ppocr INFO: cur metric, acc: 0.9146999990853, norm_edit_dis: 0.9918672282521366, fps: 716.2308727366379
[2025/10/31 13:02:42] ppocr INFO: save best model is to ./output/best_accuracy
[2025/10/31 13:02:42] ppocr INFO: best metric, acc: 0.9146999990853, is_float16: False, norm_edit_dis: 0.9918672282521366, fps: 716.2308727366379, best_epoch: 9
[2025/10/31 13:02:48] ppocr INFO: epoch: [9/20], global_step: 9060, lr: 0.000077, acc: 0.831709, norm_edit_dis: 0.982483, CTCLoss: 0.993837, NRTRLoss: 1.322193, loss: 2.315210, avg_reader_cost: 0.00292 s, avg_batch_cost: 0.62328 s, avg_samples: 95.9, ips: 153.86238 samples/s, eta: 2:07:22, max_mem_reserved: 19535 MB, max_mem_allocated: 14171 MB
[2025/10/31 13:02:54] ppocr INFO: epoch: [9/20], global_step: 9070, lr: 0.000077, acc: 0.852941, norm_edit_dis: 0.983556, CTCLoss: 0.778121, NRTRLoss: 1.322233, loss: 2.100987, avg_reader_cost: 0.00290 s, avg_batch_cost: 0.58893 s, avg_samples: 89.4, ips: 151.80133 samples/s, eta: 2:07:16, max_mem_reserved: 19535 MB, max_mem_allocated: 14171 MB
[2025/10/31 13:03:00] ppocr INFO: epoch: [9/20], global_step: 9080, lr: 0.000077, acc: 0.882812, norm_edit_dis: 0.985997, CTCLoss: 0.795370, NRTRLoss: 1.319790, loss: 2.122365, avg_reader_cost: 0.00295 s, avg_batch_cost: 0.61191 s, avg_samples: 89.5, ips: 146.26448 samples/s, eta: 2:07:10, max_mem_reserved: 19535 MB, max_mem_allocated: 14171 MB
[2025/10/31 13:03:06] ppocr INFO: epoch: [9/20], global_step: 9090, lr: 0.000077, acc: 0.886489, norm_edit_dis: 0.987453, CTCLoss: 0.767879, NRTRLoss: 1.321595, loss: 2.091119, avg_reader_cost: 0.00299 s, avg_batch_cost: 0.57790 s, avg_samples: 87.3, ips: 151.06403 samples/s, eta: 2:07:03, max_mem_reserved: 19535 MB, max_mem_allocated: 14171 MB
[2025/10/31 13:03:13] ppocr INFO: epoch: [9/20], global_step: 9100, lr: 0.000077, acc: 0.864981, norm_edit_dis: 0.984226, CTCLoss: 0.840083, NRTRLoss: 1.322601, loss: 2.160502, avg_reader_cost: 0.00297 s, avg_batch_cost: 0.64914 s, avg_samples: 100.1, ips: 154.20505 samples/s, eta: 2:06:58, max_mem_reserved: 19535 MB, max_mem_allocated: 14171 MB
[2025/10/31 13:03:45] ppocr INFO: cur metric, acc: 0.9022999990977, norm_edit_dis: 0.9908760375138772, fps: 708.656924663689
[2025/10/31 13:03:45] ppocr INFO: best metric, acc: 0.9146999990853, is_float16: False, norm_edit_dis: 0.9918672282521366, fps: 716.2308727366379, best_epoch: 9
[2025/10/31 13:03:51] ppocr INFO: epoch: [9/20], global_step: 9110, lr: 0.000077, acc: 0.858823, norm_edit_dis: 0.983577, CTCLoss: 1.176215, NRTRLoss: 1.323451, loss: 2.501637, avg_reader_cost: 0.00327 s, avg_batch_cost: 0.59449 s, avg_samples: 91.6, ips: 154.08141 samples/s, eta: 2:06:52, max_mem_reserved: 19535 MB, max_mem_allocated: 14171 MB
[2025/10/31 13:03:57] ppocr INFO: epoch: [9/20], global_step: 9120, lr: 0.000077, acc: 0.858823, norm_edit_dis: 0.986454, CTCLoss: 0.988702, NRTRLoss: 1.323337, loss: 2.304636, avg_reader_cost: 0.00290 s, avg_batch_cost: 0.59054 s, avg_samples: 87.3, ips: 147.83011 samples/s, eta: 2:06:45, max_mem_reserved: 19535 MB, max_mem_allocated: 14171 MB
[2025/10/31 13:04:03] ppocr INFO: epoch: [9/20], global_step: 9130, lr: 0.000077, acc: 0.859375, norm_edit_dis: 0.985887, CTCLoss: 0.988702, NRTRLoss: 1.317831, loss: 2.304636, avg_reader_cost: 0.00298 s, avg_batch_cost: 0.56475 s, avg_samples: 78.8, ips: 139.53025 samples/s, eta: 2:06:39, max_mem_reserved: 19535 MB, max_mem_allocated: 14171 MB
[2025/10/31 13:04:09] ppocr INFO: epoch: [9/20], global_step: 9140, lr: 0.000077, acc: 0.859375, norm_edit_dis: 0.984142, CTCLoss: 1.166719, NRTRLoss: 1.317921, loss: 2.488813, avg_reader_cost: 0.00289 s, avg_batch_cost: 0.62794 s, avg_samples: 102.3, ips: 162.91471 samples/s, eta: 2:06:33, max_mem_reserved: 19535 MB, max_mem_allocated: 14171 MB
[2025/10/31 13:04:15] ppocr INFO: epoch: [9/20], global_step: 9150, lr: 0.000077, acc: 0.852941, norm_edit_dis: 0.985714, CTCLoss: 0.834978, NRTRLoss: 1.320293, loss: 2.150210, avg_reader_cost: 0.00324 s, avg_batch_cost: 0.59508 s, avg_samples: 89.4, ips: 150.23245 samples/s, eta: 2:06:27, max_mem_reserved: 19535 MB, max_mem_allocated: 14171 MB
[2025/10/31 13:04:46] ppocr INFO: cur metric, acc: 0.9081999990918, norm_edit_dis: 0.991564609851954, fps: 751.0037814973027
[2025/10/31 13:04:46] ppocr INFO: best metric, acc: 0.9146999990853, is_float16: False, norm_edit_dis: 0.9918672282521366, fps: 716.2308727366379, best_epoch: 9
[2025/10/31 13:04:52] ppocr INFO: epoch: [9/20], global_step: 9160, lr: 0.000077, acc: 0.823529, norm_edit_dis: 0.982960, CTCLoss: 1.265814, NRTRLoss: 1.322679, loss: 2.586764, avg_reader_cost: 0.00290 s, avg_batch_cost: 0.59953 s, avg_samples: 110.9, ips: 184.97964 samples/s, eta: 2:06:21, max_mem_reserved: 19535 MB, max_mem_allocated: 14171 MB
[2025/10/31 13:04:58] ppocr INFO: epoch: [9/20], global_step: 9170, lr: 0.000077, acc: 0.810248, norm_edit_dis: 0.977547, CTCLoss: 1.569875, NRTRLoss: 1.323120, loss: 2.895055, avg_reader_cost: 0.00287 s, avg_batch_cost: 0.56787 s, avg_samples: 89.5, ips: 157.60736 samples/s, eta: 2:06:14, max_mem_reserved: 19535 MB, max_mem_allocated: 14171 MB
[2025/10/31 13:05:04] ppocr INFO: epoch: [9/20], global_step: 9180, lr: 0.000077, acc: 0.837592, norm_edit_dis: 0.981947, CTCLoss: 1.346699, NRTRLoss: 1.322891, loss: 2.672147, avg_reader_cost: 0.00297 s, avg_batch_cost: 0.64411 s, avg_samples: 104.5, ips: 162.23984 samples/s, eta: 2:06:09, max_mem_reserved: 19535 MB, max_mem_allocated: 14171 MB
[2025/10/31 13:05:10] ppocr INFO: epoch: [9/20], global_step: 9190, lr: 0.000076, acc: 0.789062, norm_edit_dis: 0.975717, CTCLoss: 1.780698, NRTRLoss: 1.323599, loss: 3.103979, avg_reader_cost: 0.00297 s, avg_batch_cost: 0.58249 s, avg_samples: 98.0, ips: 168.24205 samples/s, eta: 2:06:03, max_mem_reserved: 19535 MB, max_mem_allocated: 14171 MB
[2025/10/31 13:05:15] ppocr INFO: epoch: [9/20], global_step: 9200, lr: 0.000076, acc: 0.851287, norm_edit_dis: 0.984726, CTCLoss: 0.858323, NRTRLoss: 1.319095, loss: 2.174806, avg_reader_cost: 0.00293 s, avg_batch_cost: 0.56411 s, avg_samples: 87.3, ips: 154.75842 samples/s, eta: 2:05:56, max_mem_reserved: 19535 MB, max_mem_allocated: 14171 MB
[2025/10/31 13:05:47] ppocr INFO: cur metric, acc: 0.9055999990944, norm_edit_dis: 0.9911870905907452, fps: 732.1937971969135
[2025/10/31 13:05:47] ppocr INFO: best metric, acc: 0.9146999990853, is_float16: False, norm_edit_dis: 0.9918672282521366, fps: 716.2308727366379, best_epoch: 9
[2025/10/31 13:05:52] ppocr INFO: epoch: [9/20], global_step: 9210, lr: 0.000076, acc: 0.858823, norm_edit_dis: 0.985697, CTCLoss: 0.787743, NRTRLoss: 1.319095, loss: 2.106168, avg_reader_cost: 0.00339 s, avg_batch_cost: 0.56613 s, avg_samples: 83.0, ips: 146.60951 samples/s, eta: 2:05:50, max_mem_reserved: 19535 MB, max_mem_allocated: 14171 MB
[2025/10/31 13:05:58] ppocr INFO: epoch: [9/20], global_step: 9220, lr: 0.000076, acc: 0.859099, norm_edit_dis: 0.985840, CTCLoss: 0.793416, NRTRLoss: 1.320836, loss: 2.112247, avg_reader_cost: 0.00329 s, avg_batch_cost: 0.60879 s, avg_samples: 89.5, ips: 147.01198 samples/s, eta: 2:05:44, max_mem_reserved: 19535 MB, max_mem_allocated: 14171 MB
[2025/10/31 13:06:04] ppocr INFO: epoch: [9/20], global_step: 9230, lr: 0.000076, acc: 0.852941, norm_edit_dis: 0.986349, CTCLoss: 0.769020, NRTRLoss: 1.317361, loss: 2.082115, avg_reader_cost: 0.00303 s, avg_batch_cost: 0.58496 s, avg_samples: 78.8, ips: 134.71066 samples/s, eta: 2:05:37, max_mem_reserved: 19535 MB, max_mem_allocated: 14171 MB
[2025/10/31 13:06:10] ppocr INFO: epoch: [9/20], global_step: 9240, lr: 0.000076, acc: 0.847059, norm_edit_dis: 0.985893, CTCLoss: 0.769020, NRTRLoss: 1.317526, loss: 2.082115, avg_reader_cost: 0.00325 s, avg_batch_cost: 0.59649 s, avg_samples: 85.2, ips: 142.83545 samples/s, eta: 2:05:31, max_mem_reserved: 19535 MB, max_mem_allocated: 14171 MB
[2025/10/31 13:06:16] ppocr INFO: epoch: [9/20], global_step: 9250, lr: 0.000076, acc: 0.825827, norm_edit_dis: 0.984428, CTCLoss: 0.928648, NRTRLoss: 1.319295, loss: 2.241595, avg_reader_cost: 0.00340 s, avg_batch_cost: 0.60120 s, avg_samples: 91.7, ips: 152.52861 samples/s, eta: 2:05:25, max_mem_reserved: 19535 MB, max_mem_allocated: 14171 MB
[2025/10/31 13:06:48] ppocr INFO: cur metric, acc: 0.9082999990917, norm_edit_dis: 0.9914791209899232, fps: 723.5466521107589
[2025/10/31 13:06:48] ppocr INFO: best metric, acc: 0.9146999990853, is_float16: False, norm_edit_dis: 0.9918672282521366, fps: 716.2308727366379, best_epoch: 9
[2025/10/31 13:06:55] ppocr INFO: epoch: [9/20], global_step: 9260, lr: 0.000076, acc: 0.818015, norm_edit_dis: 0.983070, CTCLoss: 0.936146, NRTRLoss: 1.322858, loss: 2.256070, avg_reader_cost: 0.00299 s, avg_batch_cost: 0.61809 s, avg_samples: 93.8, ips: 151.75768 samples/s, eta: 2:05:19, max_mem_reserved: 19535 MB, max_mem_allocated: 14171 MB
[2025/10/31 13:07:01] ppocr INFO: epoch: [9/20], global_step: 9270, lr: 0.000076, acc: 0.859099, norm_edit_dis: 0.984935, CTCLoss: 0.940755, NRTRLoss: 1.324459, loss: 2.267230, avg_reader_cost: 0.00296 s, avg_batch_cost: 0.58881 s, avg_samples: 91.6, ips: 155.56688 samples/s, eta: 2:05:13, max_mem_reserved: 19535 MB, max_mem_allocated: 14171 MB
[2025/10/31 13:07:07] ppocr INFO: epoch: [9/20], global_step: 9280, lr: 0.000076, acc: 0.859099, norm_edit_dis: 0.984495, CTCLoss: 0.975523, NRTRLoss: 1.327670, loss: 2.304558, avg_reader_cost: 0.00339 s, avg_batch_cost: 0.59974 s, avg_samples: 102.3, ips: 170.57498 samples/s, eta: 2:05:07, max_mem_reserved: 19535 MB, max_mem_allocated: 14171 MB
[2025/10/31 13:07:13] ppocr INFO: epoch: [9/20], global_step: 9290, lr: 0.000076, acc: 0.820312, norm_edit_dis: 0.977412, CTCLoss: 1.480942, NRTRLoss: 1.327222, loss: 2.806711, avg_reader_cost: 0.00291 s, avg_batch_cost: 0.63394 s, avg_samples: 106.5, ips: 167.99676 samples/s, eta: 2:05:01, max_mem_reserved: 19535 MB, max_mem_allocated: 14171 MB
[2025/10/31 13:07:19] ppocr INFO: epoch: [9/20], global_step: 9300, lr: 0.000076, acc: 0.852941, norm_edit_dis: 0.987761, CTCLoss: 0.986982, NRTRLoss: 1.321558, loss: 2.309119, avg_reader_cost: 0.00292 s, avg_batch_cost: 0.57993 s, avg_samples: 85.2, ips: 146.91393 samples/s, eta: 2:04:55, max_mem_reserved: 19535 MB, max_mem_allocated: 14171 MB
[2025/10/31 13:07:50] ppocr INFO: cur metric, acc: 0.9053999990946, norm_edit_dis: 0.9909951673560182, fps: 708.5526050943943
[2025/10/31 13:07:50] ppocr INFO: best metric, acc: 0.9146999990853, is_float16: False, norm_edit_dis: 0.9918672282521366, fps: 716.2308727366379, best_epoch: 9
[2025/10/31 13:07:56] ppocr INFO: epoch: [9/20], global_step: 9310, lr: 0.000076, acc: 0.859099, norm_edit_dis: 0.987183, CTCLoss: 0.783855, NRTRLoss: 1.319624, loss: 2.100055, avg_reader_cost: 0.00300 s, avg_batch_cost: 0.54300 s, avg_samples: 76.7, ips: 141.25314 samples/s, eta: 2:04:48, max_mem_reserved: 19535 MB, max_mem_allocated: 14171 MB
[2025/10/31 13:08:02] ppocr INFO: epoch: [9/20], global_step: 9320, lr: 0.000076, acc: 0.851562, norm_edit_dis: 0.986524, CTCLoss: 0.850472, NRTRLoss: 1.318880, loss: 2.162671, avg_reader_cost: 0.00294 s, avg_batch_cost: 0.57837 s, avg_samples: 87.4, ips: 151.11562 samples/s, eta: 2:04:42, max_mem_reserved: 19535 MB, max_mem_allocated: 14171 MB
[2025/10/31 13:08:07] ppocr INFO: epoch: [9/20], global_step: 9330, lr: 0.000076, acc: 0.851562, norm_edit_dis: 0.986892, CTCLoss: 0.694769, NRTRLoss: 1.319745, loss: 2.023181, avg_reader_cost: 0.00294 s, avg_batch_cost: 0.55498 s, avg_samples: 76.7, ips: 138.20255 samples/s, eta: 2:04:35, max_mem_reserved: 19535 MB, max_mem_allocated: 14171 MB
[2025/10/31 13:08:13] ppocr INFO: epoch: [9/20], global_step: 9340, lr: 0.000076, acc: 0.859375, norm_edit_dis: 0.986746, CTCLoss: 0.694769, NRTRLoss: 1.319620, loss: 2.023181, avg_reader_cost: 0.00292 s, avg_batch_cost: 0.61155 s, avg_samples: 91.6, ips: 149.78358 samples/s, eta: 2:04:29, max_mem_reserved: 19535 MB, max_mem_allocated: 14171 MB
[2025/10/31 13:08:19] ppocr INFO: epoch: [9/20], global_step: 9350, lr: 0.000075, acc: 0.864981, norm_edit_dis: 0.985431, CTCLoss: 0.854464, NRTRLoss: 1.319829, loss: 2.175971, avg_reader_cost: 0.00296 s, avg_batch_cost: 0.59382 s, avg_samples: 93.8, ips: 157.96015 samples/s, eta: 2:04:23, max_mem_reserved: 19535 MB, max_mem_allocated: 14171 MB
[2025/10/31 13:08:50] ppocr INFO: cur metric, acc: 0.9050999990949, norm_edit_dis: 0.9910954501990671, fps: 722.1937630088551
[2025/10/31 13:08:50] ppocr INFO: best metric, acc: 0.9146999990853, is_float16: False, norm_edit_dis: 0.9918672282521366, fps: 716.2308727366379, best_epoch: 9
[2025/10/31 13:08:57] ppocr INFO: epoch: [9/20], global_step: 9360, lr: 0.000075, acc: 0.837592, norm_edit_dis: 0.983721, CTCLoss: 1.050644, NRTRLoss: 1.325163, loss: 2.373921, avg_reader_cost: 0.00306 s, avg_batch_cost: 0.62341 s, avg_samples: 102.3, ips: 164.09741 samples/s, eta: 2:04:17, max_mem_reserved: 19535 MB, max_mem_allocated: 14171 MB
[2025/10/31 13:09:03] ppocr INFO: epoch: [9/20], global_step: 9370, lr: 0.000075, acc: 0.785156, norm_edit_dis: 0.976988, CTCLoss: 1.440966, NRTRLoss: 1.326779, loss: 2.771318, avg_reader_cost: 0.00298 s, avg_batch_cost: 0.63179 s, avg_samples: 102.3, ips: 161.92065 samples/s, eta: 2:04:12, max_mem_reserved: 19535 MB, max_mem_allocated: 14171 MB
[2025/10/31 13:09:09] ppocr INFO: epoch: [9/20], global_step: 9380, lr: 0.000075, acc: 0.777344, norm_edit_dis: 0.973789, CTCLoss: 1.485970, NRTRLoss: 1.325933, loss: 2.813452, avg_reader_cost: 0.00297 s, avg_batch_cost: 0.58620 s, avg_samples: 98.1, ips: 167.34846 samples/s, eta: 2:04:05, max_mem_reserved: 19535 MB, max_mem_allocated: 14171 MB
[2025/10/31 13:09:15] ppocr INFO: epoch: [9/20], global_step: 9390, lr: 0.000075, acc: 0.829412, norm_edit_dis: 0.981369, CTCLoss: 0.970399, NRTRLoss: 1.322370, loss: 2.299737, avg_reader_cost: 0.00345 s, avg_batch_cost: 0.59687 s, avg_samples: 98.0, ips: 164.19055 samples/s, eta: 2:03:59, max_mem_reserved: 19535 MB, max_mem_allocated: 14171 MB
[2025/10/31 13:09:21] ppocr INFO: epoch: [9/20], global_step: 9400, lr: 0.000075, acc: 0.858823, norm_edit_dis: 0.984845, CTCLoss: 0.781171, NRTRLoss: 1.321419, loss: 2.105543, avg_reader_cost: 0.00295 s, avg_batch_cost: 0.57732 s, avg_samples: 91.6, ips: 158.66342 samples/s, eta: 2:03:53, max_mem_reserved: 19535 MB, max_mem_allocated: 14171 MB
[2025/10/31 13:09:51] ppocr INFO: cur metric, acc: 0.9044999990955, norm_edit_dis: 0.991244582547964, fps: 741.6435263191341
[2025/10/31 13:09:51] ppocr INFO: best metric, acc: 0.9146999990853, is_float16: False, norm_edit_dis: 0.9918672282521366, fps: 716.2308727366379, best_epoch: 9
[2025/10/31 13:09:57] ppocr INFO: epoch: [9/20], global_step: 9410, lr: 0.000075, acc: 0.851287, norm_edit_dis: 0.984845, CTCLoss: 0.734047, NRTRLoss: 1.320868, loss: 2.054103, avg_reader_cost: 0.00312 s, avg_batch_cost: 0.57900 s, avg_samples: 91.6, ips: 158.20308 samples/s, eta: 2:03:46, max_mem_reserved: 19535 MB, max_mem_allocated: 14171 MB
[2025/10/31 13:10:03] ppocr INFO: epoch: [9/20], global_step: 9420, lr: 0.000075, acc: 0.859099, norm_edit_dis: 0.988585, CTCLoss: 0.723254, NRTRLoss: 1.316630, loss: 2.045152, avg_reader_cost: 0.00296 s, avg_batch_cost: 0.55636 s, avg_samples: 85.3, ips: 153.31844 samples/s, eta: 2:03:40, max_mem_reserved: 19535 MB, max_mem_allocated: 14171 MB
[2025/10/31 13:10:09] ppocr INFO: epoch: [9/20], global_step: 9430, lr: 0.000075, acc: 0.867187, norm_edit_dis: 0.988585, CTCLoss: 0.738117, NRTRLoss: 1.317840, loss: 2.060369, avg_reader_cost: 0.00301 s, avg_batch_cost: 0.62291 s, avg_samples: 87.4, ips: 140.31028 samples/s, eta: 2:03:34, max_mem_reserved: 19535 MB, max_mem_allocated: 14171 MB
[2025/10/31 13:10:16] ppocr INFO: epoch: [9/20], global_step: 9440, lr: 0.000075, acc: 0.769531, norm_edit_dis: 0.974570, CTCLoss: 1.458029, NRTRLoss: 1.322345, loss: 2.780374, avg_reader_cost: 0.00291 s, avg_batch_cost: 0.66910 s, avg_samples: 117.3, ips: 175.30960 samples/s, eta: 2:03:29, max_mem_reserved: 19535 MB, max_mem_allocated: 14171 MB
[2025/10/31 13:10:22] ppocr INFO: epoch: [9/20], global_step: 9450, lr: 0.000075, acc: 0.769531, norm_edit_dis: 0.974833, CTCLoss: 1.397430, NRTRLoss: 1.322910, loss: 2.721496, avg_reader_cost: 0.00288 s, avg_batch_cost: 0.61698 s, avg_samples: 93.7, ips: 151.86839 samples/s, eta: 2:03:23, max_mem_reserved: 19535 MB, max_mem_allocated: 14171 MB
[2025/10/31 13:10:54] ppocr INFO: cur metric, acc: 0.8972999991027, norm_edit_dis: 0.9902199701308426, fps: 721.8568806123037
[2025/10/31 13:10:54] ppocr INFO: best metric, acc: 0.9146999990853, is_float16: False, norm_edit_dis: 0.9918672282521366, fps: 716.2308727366379, best_epoch: 9
[2025/10/31 13:11:00] ppocr INFO: epoch: [9/20], global_step: 9460, lr: 0.000075, acc: 0.852941, norm_edit_dis: 0.987242, CTCLoss: 0.818017, NRTRLoss: 1.321675, loss: 2.136730, avg_reader_cost: 0.00280 s, avg_batch_cost: 0.59797 s, avg_samples: 93.8, ips: 156.86314 samples/s, eta: 2:03:17, max_mem_reserved: 19535 MB, max_mem_allocated: 14171 MB
[2025/10/31 13:11:05] ppocr INFO: epoch: [9/20], global_step: 9470, lr: 0.000075, acc: 0.882812, norm_edit_dis: 0.986957, CTCLoss: 0.846634, NRTRLoss: 1.320381, loss: 2.161970, avg_reader_cost: 0.00293 s, avg_batch_cost: 0.57809 s, avg_samples: 81.0, ips: 140.11587 samples/s, eta: 2:03:11, max_mem_reserved: 19535 MB, max_mem_allocated: 14171 MB
[2025/10/31 13:11:11] ppocr INFO: epoch: [9/20], global_step: 9480, lr: 0.000075, acc: 0.859099, norm_edit_dis: 0.985839, CTCLoss: 0.846634, NRTRLoss: 1.320794, loss: 2.161970, avg_reader_cost: 0.00288 s, avg_batch_cost: 0.59217 s, avg_samples: 89.4, ips: 150.96989 samples/s, eta: 2:03:04, max_mem_reserved: 19535 MB, max_mem_allocated: 14171 MB
[2025/10/31 13:11:17] ppocr INFO: epoch: [9/20], global_step: 9490, lr: 0.000075, acc: 0.859099, norm_edit_dis: 0.986885, CTCLoss: 0.840337, NRTRLoss: 1.320520, loss: 2.154156, avg_reader_cost: 0.00340 s, avg_batch_cost: 0.58718 s, avg_samples: 85.3, ips: 145.27164 samples/s, eta: 2:02:58, max_mem_reserved: 19535 MB, max_mem_allocated: 14171 MB
[2025/10/31 13:11:23] ppocr INFO: epoch: [9/20], global_step: 9500, lr: 0.000075, acc: 0.843750, norm_edit_dis: 0.986106, CTCLoss: 0.971103, NRTRLoss: 1.320804, loss: 2.287693, avg_reader_cost: 0.00307 s, avg_batch_cost: 0.60468 s, avg_samples: 87.4, ips: 144.53915 samples/s, eta: 2:02:52, max_mem_reserved: 19535 MB, max_mem_allocated: 14171 MB
[2025/10/31 13:11:56] ppocr INFO: cur metric, acc: 0.9028999990971001, norm_edit_dis: 0.9911497266030594, fps: 703.2064645105232
[2025/10/31 13:11:56] ppocr INFO: best metric, acc: 0.9146999990853, is_float16: False, norm_edit_dis: 0.9918672282521366, fps: 716.2308727366379, best_epoch: 9
[2025/10/31 13:12:01] ppocr INFO: epoch: [9/20], global_step: 9510, lr: 0.000074, acc: 0.843750, norm_edit_dis: 0.986254, CTCLoss: 0.948361, NRTRLoss: 1.319153, loss: 2.264075, avg_reader_cost: 0.00349 s, avg_batch_cost: 0.56760 s, avg_samples: 78.8, ips: 138.83071 samples/s, eta: 2:02:46, max_mem_reserved: 19535 MB, max_mem_allocated: 14171 MB
[2025/10/31 13:12:07] ppocr INFO: epoch: [9/20], global_step: 9520, lr: 0.000074, acc: 0.859375, norm_edit_dis: 0.986870, CTCLoss: 0.656709, NRTRLoss: 1.317962, loss: 1.970563, avg_reader_cost: 0.00297 s, avg_batch_cost: 0.56238 s, avg_samples: 83.1, ips: 147.76365 samples/s, eta: 2:02:39, max_mem_reserved: 19535 MB, max_mem_allocated: 14171 MB
[2025/10/31 13:12:12] ppocr INFO: epoch: [9/20], global_step: 9530, lr: 0.000074, acc: 0.864981, norm_edit_dis: 0.987251, CTCLoss: 0.659212, NRTRLoss: 1.319720, loss: 1.977131, avg_reader_cost: 0.00295 s, avg_batch_cost: 0.55347 s, avg_samples: 87.3, ips: 157.73144 samples/s, eta: 2:02:32, max_mem_reserved: 19535 MB, max_mem_allocated: 14171 MB
[2025/10/31 13:12:19] ppocr INFO: epoch: [9/20], global_step: 9540, lr: 0.000074, acc: 0.825827, norm_edit_dis: 0.983564, CTCLoss: 0.940892, NRTRLoss: 1.322457, loss: 2.260587, avg_reader_cost: 0.00342 s, avg_batch_cost: 0.63386 s, avg_samples: 100.2, ips: 158.07846 samples/s, eta: 2:02:27, max_mem_reserved: 19535 MB, max_mem_allocated: 14171 MB
[2025/10/31 13:12:24] ppocr INFO: epoch: [9/20], global_step: 9550, lr: 0.000074, acc: 0.859099, norm_edit_dis: 0.984816, CTCLoss: 0.906373, NRTRLoss: 1.322958, loss: 2.225633, avg_reader_cost: 0.00304 s, avg_batch_cost: 0.56119 s, avg_samples: 85.2, ips: 151.81991 samples/s, eta: 2:02:20, max_mem_reserved: 19535 MB, max_mem_allocated: 14171 MB
[2025/10/31 13:12:57] ppocr INFO: cur metric, acc: 0.9094999990905, norm_edit_dis: 0.991611453817375, fps: 715.5113755418851
[2025/10/31 13:12:57] ppocr INFO: best metric, acc: 0.9146999990853, is_float16: False, norm_edit_dis: 0.9918672282521366, fps: 716.2308727366379, best_epoch: 9
[2025/10/31 13:13:03] ppocr INFO: epoch: [9/20], global_step: 9560, lr: 0.000074, acc: 0.852941, norm_edit_dis: 0.985340, CTCLoss: 0.850634, NRTRLoss: 1.318688, loss: 2.173568, avg_reader_cost: 0.00300 s, avg_batch_cost: 0.62007 s, avg_samples: 93.7, ips: 151.11206 samples/s, eta: 2:02:14, max_mem_reserved: 19535 MB, max_mem_allocated: 14171 MB
[2025/10/31 13:13:09] ppocr INFO: epoch: [9/20], global_step: 9570, lr: 0.000074, acc: 0.800000, norm_edit_dis: 0.980429, CTCLoss: 1.172060, NRTRLoss: 1.322702, loss: 2.491340, avg_reader_cost: 0.00328 s, avg_batch_cost: 0.64673 s, avg_samples: 95.9, ips: 148.28504 samples/s, eta: 2:02:09, max_mem_reserved: 19535 MB, max_mem_allocated: 14171 MB
[2025/10/31 13:13:15] ppocr INFO: epoch: [9/20], global_step: 9580, lr: 0.000074, acc: 0.804320, norm_edit_dis: 0.978005, CTCLoss: 1.243518, NRTRLoss: 1.322702, loss: 2.561177, avg_reader_cost: 0.00298 s, avg_batch_cost: 0.60271 s, avg_samples: 85.3, ips: 141.52817 samples/s, eta: 2:02:03, max_mem_reserved: 19535 MB, max_mem_allocated: 14171 MB
[2025/10/31 13:13:21] ppocr INFO: epoch: [9/20], global_step: 9590, lr: 0.000074, acc: 0.851562, norm_edit_dis: 0.984648, CTCLoss: 0.869391, NRTRLoss: 1.319327, loss: 2.191548, avg_reader_cost: 0.00298 s, avg_batch_cost: 0.55923 s, avg_samples: 81.0, ips: 144.84244 samples/s, eta: 2:01:56, max_mem_reserved: 19535 MB, max_mem_allocated: 14171 MB
[2025/10/31 13:13:27] ppocr INFO: epoch: [9/20], global_step: 9600, lr: 0.000074, acc: 0.843750, norm_edit_dis: 0.983859, CTCLoss: 0.808384, NRTRLoss: 1.319901, loss: 2.127167, avg_reader_cost: 0.00297 s, avg_batch_cost: 0.61519 s, avg_samples: 93.7, ips: 152.31142 samples/s, eta: 2:01:50, max_mem_reserved: 19535 MB, max_mem_allocated: 14171 MB
[2025/10/31 13:13:59] ppocr INFO: cur metric, acc: 0.9032999990967, norm_edit_dis: 0.9913931578374925, fps: 740.6699741405893
[2025/10/31 13:13:59] ppocr INFO: best metric, acc: 0.9146999990853, is_float16: False, norm_edit_dis: 0.9918672282521366, fps: 716.2308727366379, best_epoch: 9
[2025/10/31 13:14:05] ppocr INFO: epoch: [9/20], global_step: 9610, lr: 0.000074, acc: 0.782812, norm_edit_dis: 0.974350, CTCLoss: 1.249637, NRTRLoss: 1.326620, loss: 2.567274, avg_reader_cost: 0.00304 s, avg_batch_cost: 0.61407 s, avg_samples: 115.1, ips: 187.43783 samples/s, eta: 2:01:44, max_mem_reserved: 19535 MB, max_mem_allocated: 14171 MB
[2025/10/31 13:14:10] ppocr INFO: epoch: [9/20], global_step: 9620, lr: 0.000074, acc: 0.800000, norm_edit_dis: 0.983233, CTCLoss: 1.019469, NRTRLoss: 1.321693, loss: 2.335986, avg_reader_cost: 0.00299 s, avg_batch_cost: 0.52268 s, avg_samples: 74.6, ips: 142.72611 samples/s, eta: 2:01:37, max_mem_reserved: 19535 MB, max_mem_allocated: 14171 MB
[2025/10/31 13:14:16] ppocr INFO: epoch: [9/20], global_step: 9630, lr: 0.000074, acc: 0.859375, norm_edit_dis: 0.985759, CTCLoss: 0.797846, NRTRLoss: 1.316779, loss: 2.118703, avg_reader_cost: 0.00295 s, avg_batch_cost: 0.59089 s, avg_samples: 93.8, ips: 158.74439 samples/s, eta: 2:01:31, max_mem_reserved: 19535 MB, max_mem_allocated: 14171 MB
[2025/10/31 13:14:22] ppocr INFO: epoch: [9/20], global_step: 9640, lr: 0.000074, acc: 0.858823, norm_edit_dis: 0.984365, CTCLoss: 0.897229, NRTRLoss: 1.318444, loss: 2.212126, avg_reader_cost: 0.00341 s, avg_batch_cost: 0.61566 s, avg_samples: 95.8, ips: 155.60591 samples/s, eta: 2:01:25, max_mem_reserved: 19535 MB, max_mem_allocated: 14171 MB
[2025/10/31 13:14:28] ppocr INFO: epoch: [9/20], global_step: 9650, lr: 0.000074, acc: 0.829412, norm_edit_dis: 0.982988, CTCLoss: 1.009418, NRTRLoss: 1.325324, loss: 2.330310, avg_reader_cost: 0.00298 s, avg_batch_cost: 0.60943 s, avg_samples: 100.2, ips: 164.41469 samples/s, eta: 2:01:19, max_mem_reserved: 19535 MB, max_mem_allocated: 14171 MB
[2025/10/31 13:15:00] ppocr INFO: cur metric, acc: 0.8940999991059, norm_edit_dis: 0.9902026021758106, fps: 754.7842094463989
[2025/10/31 13:15:00] ppocr INFO: best metric, acc: 0.9146999990853, is_float16: False, norm_edit_dis: 0.9918672282521366, fps: 716.2308727366379, best_epoch: 9
[2025/10/31 13:15:06] ppocr INFO: epoch: [9/20], global_step: 9660, lr: 0.000073, acc: 0.757812, norm_edit_dis: 0.972479, CTCLoss: 1.508358, NRTRLoss: 1.327435, loss: 2.839329, avg_reader_cost: 0.00426 s, avg_batch_cost: 0.59736 s, avg_samples: 98.1, ips: 164.22210 samples/s, eta: 2:01:13, max_mem_reserved: 19535 MB, max_mem_allocated: 14171 MB
[2025/10/31 13:15:12] ppocr INFO: epoch: [9/20], global_step: 9670, lr: 0.000073, acc: 0.761719, norm_edit_dis: 0.971000, CTCLoss: 1.192760, NRTRLoss: 1.324331, loss: 2.519565, avg_reader_cost: 0.00291 s, avg_batch_cost: 0.61799 s, avg_samples: 98.1, ips: 158.74100 samples/s, eta: 2:01:07, max_mem_reserved: 19535 MB, max_mem_allocated: 14171 MB
[2025/10/31 13:15:18] ppocr INFO: epoch: [9/20], global_step: 9680, lr: 0.000073, acc: 0.835294, norm_edit_dis: 0.982966, CTCLoss: 0.790893, NRTRLoss: 1.321411, loss: 2.110129, avg_reader_cost: 0.00295 s, avg_batch_cost: 0.58194 s, avg_samples: 91.6, ips: 157.40488 samples/s, eta: 2:01:01, max_mem_reserved: 19535 MB, max_mem_allocated: 14171 MB
[2025/10/31 13:15:24] ppocr INFO: epoch: [9/20], global_step: 9690, lr: 0.000073, acc: 0.847059, norm_edit_dis: 0.982684, CTCLoss: 0.858322, NRTRLoss: 1.325429, loss: 2.178309, avg_reader_cost: 0.00322 s, avg_batch_cost: 0.62922 s, avg_samples: 102.3, ips: 162.58212 samples/s, eta: 2:00:55, max_mem_reserved: 19535 MB, max_mem_allocated: 14171 MB
[2025/10/31 13:15:30] ppocr INFO: epoch: [9/20], global_step: 9700, lr: 0.000073, acc: 0.839522, norm_edit_dis: 0.982359, CTCLoss: 1.456959, NRTRLoss: 1.321693, loss: 2.781688, avg_reader_cost: 0.00296 s, avg_batch_cost: 0.59105 s, avg_samples: 95.8, ips: 162.08505 samples/s, eta: 2:00:49, max_mem_reserved: 19535 MB, max_mem_allocated: 14171 MB
[2025/10/31 13:16:01] ppocr INFO: cur metric, acc: 0.8982999991017, norm_edit_dis: 0.9906855071992006, fps: 746.8965483468721
[2025/10/31 13:16:01] ppocr INFO: best metric, acc: 0.9146999990853, is_float16: False, norm_edit_dis: 0.9918672282521366, fps: 716.2308727366379, best_epoch: 9
[2025/10/31 13:16:08] ppocr INFO: epoch: [9/20], global_step: 9710, lr: 0.000073, acc: 0.858823, norm_edit_dis: 0.985635, CTCLoss: 1.004759, NRTRLoss: 1.317029, loss: 2.324690, avg_reader_cost: 0.00305 s, avg_batch_cost: 0.62810 s, avg_samples: 98.0, ips: 156.02602 samples/s, eta: 2:00:44, max_mem_reserved: 19535 MB, max_mem_allocated: 14171 MB
[2025/10/31 13:16:14] ppocr INFO: epoch: [9/20], global_step: 9720, lr: 0.000073, acc: 0.872794, norm_edit_dis: 0.987862, CTCLoss: 0.666313, NRTRLoss: 1.316489, loss: 1.979097, avg_reader_cost: 0.00302 s, avg_batch_cost: 0.59739 s, avg_samples: 83.1, ips: 139.10577 samples/s, eta: 2:00:37, max_mem_reserved: 19535 MB, max_mem_allocated: 14171 MB
[2025/10/31 13:16:20] ppocr INFO: epoch: [9/20], global_step: 9730, lr: 0.000073, acc: 0.859375, norm_edit_dis: 0.985126, CTCLoss: 0.803685, NRTRLoss: 1.321548, loss: 2.120098, avg_reader_cost: 0.00299 s, avg_batch_cost: 0.65063 s, avg_samples: 104.5, ips: 160.61238 samples/s, eta: 2:00:32, max_mem_reserved: 19535 MB, max_mem_allocated: 14171 MB
[2025/10/31 13:16:26] ppocr INFO: epoch: [9/20], global_step: 9740, lr: 0.000073, acc: 0.859099, norm_edit_dis: 0.982400, CTCLoss: 1.302915, NRTRLoss: 1.323753, loss: 2.621372, avg_reader_cost: 0.00299 s, avg_batch_cost: 0.57598 s, avg_samples: 95.8, ips: 166.32548 samples/s, eta: 2:00:26, max_mem_reserved: 19535 MB, max_mem_allocated: 14171 MB
[2025/10/31 13:16:32] ppocr INFO: epoch: [9/20], global_step: 9750, lr: 0.000073, acc: 0.858823, norm_edit_dis: 0.985273, CTCLoss: 0.741711, NRTRLoss: 1.318756, loss: 2.060189, avg_reader_cost: 0.00291 s, avg_batch_cost: 0.65283 s, avg_samples: 106.5, ips: 163.13477 samples/s, eta: 2:00:20, max_mem_reserved: 19535 MB, max_mem_allocated: 14171 MB
[2025/10/31 13:17:04] ppocr INFO: cur metric, acc: 0.8873999991126, norm_edit_dis: 0.9895126878942314, fps: 727.1718567093299
[2025/10/31 13:17:04] ppocr INFO: best metric, acc: 0.9146999990853, is_float16: False, norm_edit_dis: 0.9918672282521366, fps: 716.2308727366379, best_epoch: 9
[2025/10/31 13:17:10] ppocr INFO: epoch: [9/20], global_step: 9760, lr: 0.000073, acc: 0.831709, norm_edit_dis: 0.982816, CTCLoss: 1.037063, NRTRLoss: 1.321149, loss: 2.366607, avg_reader_cost: 0.00293 s, avg_batch_cost: 0.55366 s, avg_samples: 89.6, ips: 161.83122 samples/s, eta: 2:00:14, max_mem_reserved: 19535 MB, max_mem_allocated: 14171 MB
[2025/10/31 13:17:15] ppocr INFO: epoch: [9/20], global_step: 9770, lr: 0.000073, acc: 0.845404, norm_edit_dis: 0.983891, CTCLoss: 0.882699, NRTRLoss: 1.318444, loss: 2.202473, avg_reader_cost: 0.00293 s, avg_batch_cost: 0.56001 s, avg_samples: 85.2, ips: 152.13957 samples/s, eta: 2:00:07, max_mem_reserved: 19535 MB, max_mem_allocated: 14171 MB
[2025/10/31 13:17:18] ppocr INFO: epoch: [9/20], global_step: 9774, lr: 0.000073, acc: 0.870588, norm_edit_dis: 0.987506, CTCLoss: 0.769447, NRTRLoss: 1.316715, loss: 2.082876, avg_reader_cost: 0.00119 s, avg_batch_cost: 0.22637 s, avg_samples: 27.7, ips: 122.36854 samples/s, eta: 2:00:04, max_mem_reserved: 19535 MB, max_mem_allocated: 14171 MB
[2025/10/31 13:17:21] ppocr INFO: save model in ./output/latest
[2025/10/31 13:17:22] ppocr INFO: save model in ./output/iter_epoch_9
[2025/10/31 13:17:28] ppocr INFO: epoch: [10/20], global_step: 9780, lr: 0.000073, acc: 0.870588, norm_edit_dis: 0.988297, CTCLoss: 0.697582, NRTRLoss: 1.316698, loss: 2.012456, avg_reader_cost: 0.63435 s, avg_batch_cost: 0.99936 s, avg_samples: 57.5, ips: 57.53673 samples/s, eta: 2:00:09, max_mem_reserved: 19535 MB, max_mem_allocated: 14171 MB
[2025/10/31 13:17:34] ppocr INFO: epoch: [10/20], global_step: 9790, lr: 0.000073, acc: 0.864981, norm_edit_dis: 0.987816, CTCLoss: 0.815275, NRTRLoss: 1.319284, loss: 2.133099, avg_reader_cost: 0.00298 s, avg_batch_cost: 0.59476 s, avg_samples: 95.9, ips: 161.24282 samples/s, eta: 2:00:02, max_mem_reserved: 19535 MB, max_mem_allocated: 14171 MB
[2025/10/31 13:17:39] ppocr INFO: epoch: [10/20], global_step: 9800, lr: 0.000073, acc: 0.812500, norm_edit_dis: 0.982795, CTCLoss: 0.856817, NRTRLoss: 1.317643, loss: 2.174561, avg_reader_cost: 0.00298 s, avg_batch_cost: 0.55885 s, avg_samples: 83.1, ips: 148.69850 samples/s, eta: 1:59:56, max_mem_reserved: 19535 MB, max_mem_allocated: 14171 MB
[2025/10/31 13:18:11] ppocr INFO: cur metric, acc: 0.9047999990952, norm_edit_dis: 0.9913655472944127, fps: 736.8217328597849
[2025/10/31 13:18:11] ppocr INFO: best metric, acc: 0.9146999990853, is_float16: False, norm_edit_dis: 0.9918672282521366, fps: 716.2308727366379, best_epoch: 9
[2025/10/31 13:18:17] ppocr INFO: epoch: [10/20], global_step: 9810, lr: 0.000073, acc: 0.823897, norm_edit_dis: 0.985400, CTCLoss: 0.813741, NRTRLoss: 1.316523, loss: 2.126171, avg_reader_cost: 0.00296 s, avg_batch_cost: 0.61019 s, avg_samples: 91.6, ips: 150.11700 samples/s, eta: 1:59:50, max_mem_reserved: 19535 MB, max_mem_allocated: 14171 MB
[2025/10/31 13:18:23] ppocr INFO: epoch: [10/20], global_step: 9820, lr: 0.000072, acc: 0.839522, norm_edit_dis: 0.985873, CTCLoss: 0.747036, NRTRLoss: 1.319007, loss: 2.059448, avg_reader_cost: 0.00373 s, avg_batch_cost: 0.61159 s, avg_samples: 91.6, ips: 149.77448 samples/s, eta: 1:59:44, max_mem_reserved: 19535 MB, max_mem_allocated: 14171 MB
[2025/10/31 13:18:29] ppocr INFO: epoch: [10/20], global_step: 9830, lr: 0.000072, acc: 0.786673, norm_edit_dis: 0.981966, CTCLoss: 1.181243, NRTRLoss: 1.319383, loss: 2.499856, avg_reader_cost: 0.00288 s, avg_batch_cost: 0.63922 s, avg_samples: 106.6, ips: 166.76589 samples/s, eta: 1:59:38, max_mem_reserved: 19535 MB, max_mem_allocated: 14171 MB
[2025/10/31 13:18:35] ppocr INFO: epoch: [10/20], global_step: 9840, lr: 0.000072, acc: 0.839522, norm_edit_dis: 0.984707, CTCLoss: 0.734514, NRTRLoss: 1.316431, loss: 2.049311, avg_reader_cost: 0.00291 s, avg_batch_cost: 0.55092 s, avg_samples: 78.8, ips: 143.03435 samples/s, eta: 1:59:32, max_mem_reserved: 19535 MB, max_mem_allocated: 14171 MB
[2025/10/31 13:18:40] ppocr INFO: epoch: [10/20], global_step: 9850, lr: 0.000072, acc: 0.858823, norm_edit_dis: 0.988363, CTCLoss: 0.678108, NRTRLoss: 1.315144, loss: 1.991895, avg_reader_cost: 0.00292 s, avg_batch_cost: 0.54413 s, avg_samples: 81.0, ips: 148.86059 samples/s, eta: 1:59:25, max_mem_reserved: 19535 MB, max_mem_allocated: 14171 MB
[2025/10/31 13:19:12] ppocr INFO: cur metric, acc: 0.9055999990944, norm_edit_dis: 0.991601076879101, fps: 739.937634870278
[2025/10/31 13:19:12] ppocr INFO: best metric, acc: 0.9146999990853, is_float16: False, norm_edit_dis: 0.9918672282521366, fps: 716.2308727366379, best_epoch: 9
[2025/10/31 13:19:18] ppocr INFO: epoch: [10/20], global_step: 9860, lr: 0.000072, acc: 0.845404, norm_edit_dis: 0.986711, CTCLoss: 0.809682, NRTRLoss: 1.315144, loss: 2.131702, avg_reader_cost: 0.00303 s, avg_batch_cost: 0.57815 s, avg_samples: 93.8, ips: 162.24190 samples/s, eta: 1:59:19, max_mem_reserved: 19535 MB, max_mem_allocated: 14171 MB
[2025/10/31 13:19:23] ppocr INFO: epoch: [10/20], global_step: 9870, lr: 0.000072, acc: 0.851562, norm_edit_dis: 0.985459, CTCLoss: 0.933688, NRTRLoss: 1.320016, loss: 2.254747, avg_reader_cost: 0.00342 s, avg_batch_cost: 0.57682 s, avg_samples: 95.9, ips: 166.25774 samples/s, eta: 1:59:12, max_mem_reserved: 19535 MB, max_mem_allocated: 14171 MB
[2025/10/31 13:19:29] ppocr INFO: epoch: [10/20], global_step: 9880, lr: 0.000072, acc: 0.785156, norm_edit_dis: 0.976374, CTCLoss: 1.259888, NRTRLoss: 1.321507, loss: 2.580174, avg_reader_cost: 0.00296 s, avg_batch_cost: 0.60149 s, avg_samples: 106.6, ips: 177.22743 samples/s, eta: 1:59:06, max_mem_reserved: 19535 MB, max_mem_allocated: 14171 MB
[2025/10/31 13:19:35] ppocr INFO: epoch: [10/20], global_step: 9890, lr: 0.000072, acc: 0.761719, norm_edit_dis: 0.972890, CTCLoss: 1.305659, NRTRLoss: 1.323736, loss: 2.634003, avg_reader_cost: 0.00336 s, avg_batch_cost: 0.60961 s, avg_samples: 100.2, ips: 164.36661 samples/s, eta: 1:59:00, max_mem_reserved: 19535 MB, max_mem_allocated: 14171 MB
[2025/10/31 13:19:42] ppocr INFO: epoch: [10/20], global_step: 9900, lr: 0.000072, acc: 0.818015, norm_edit_dis: 0.983685, CTCLoss: 0.937405, NRTRLoss: 1.323568, loss: 2.264960, avg_reader_cost: 0.00295 s, avg_batch_cost: 0.62945 s, avg_samples: 91.6, ips: 145.52415 samples/s, eta: 1:58:54, max_mem_reserved: 19535 MB, max_mem_allocated: 14171 MB
[2025/10/31 13:20:13] ppocr INFO: cur metric, acc: 0.906999999093, norm_edit_dis: 0.9913531709524162, fps: 751.8148766568954
[2025/10/31 13:20:13] ppocr INFO: best metric, acc: 0.9146999990853, is_float16: False, norm_edit_dis: 0.9918672282521366, fps: 716.2308727366379, best_epoch: 9
[2025/10/31 13:20:19] ppocr INFO: epoch: [10/20], global_step: 9910, lr: 0.000072, acc: 0.847059, norm_edit_dis: 0.985570, CTCLoss: 0.666849, NRTRLoss: 1.317163, loss: 1.989702, avg_reader_cost: 0.00366 s, avg_batch_cost: 0.61950 s, avg_samples: 93.7, ips: 151.25056 samples/s, eta: 1:58:49, max_mem_reserved: 19535 MB, max_mem_allocated: 14171 MB
[2025/10/31 13:20:26] ppocr INFO: epoch: [10/20], global_step: 9920, lr: 0.000072, acc: 0.864706, norm_edit_dis: 0.986092, CTCLoss: 0.666849, NRTRLoss: 1.315522, loss: 1.989702, avg_reader_cost: 0.00374 s, avg_batch_cost: 0.62585 s, avg_samples: 89.4, ips: 142.84494 samples/s, eta: 1:58:43, max_mem_reserved: 19535 MB, max_mem_allocated: 14171 MB
[2025/10/31 13:20:31] ppocr INFO: epoch: [10/20], global_step: 9930, lr: 0.000072, acc: 0.858823, norm_edit_dis: 0.985781, CTCLoss: 0.865407, NRTRLoss: 1.320495, loss: 2.183519, avg_reader_cost: 0.00344 s, avg_batch_cost: 0.57356 s, avg_samples: 78.8, ips: 137.38711 samples/s, eta: 1:58:36, max_mem_reserved: 19535 MB, max_mem_allocated: 14171 MB
[2025/10/31 13:20:37] ppocr INFO: epoch: [10/20], global_step: 9940, lr: 0.000072, acc: 0.841176, norm_edit_dis: 0.985500, CTCLoss: 0.895098, NRTRLoss: 1.321750, loss: 2.209646, avg_reader_cost: 0.00289 s, avg_batch_cost: 0.60038 s, avg_samples: 95.8, ips: 159.56436 samples/s, eta: 1:58:30, max_mem_reserved: 19535 MB, max_mem_allocated: 14171 MB
[2025/10/31 13:20:43] ppocr INFO: epoch: [10/20], global_step: 9950, lr: 0.000072, acc: 0.835294, norm_edit_dis: 0.986576, CTCLoss: 0.739170, NRTRLoss: 1.315466, loss: 2.056272, avg_reader_cost: 0.00294 s, avg_batch_cost: 0.56939 s, avg_samples: 83.1, ips: 145.94653 samples/s, eta: 1:58:24, max_mem_reserved: 19535 MB, max_mem_allocated: 14171 MB
[2025/10/31 13:21:15] ppocr INFO: cur metric, acc: 0.9046999990953001, norm_edit_dis: 0.9913423657367147, fps: 707.5234605719968
[2025/10/31 13:21:15] ppocr INFO: best metric, acc: 0.9146999990853, is_float16: False, norm_edit_dis: 0.9918672282521366, fps: 716.2308727366379, best_epoch: 9
[2025/10/31 13:21:21] ppocr INFO: epoch: [10/20], global_step: 9960, lr: 0.000072, acc: 0.825827, norm_edit_dis: 0.985024, CTCLoss: 1.184639, NRTRLoss: 1.320190, loss: 2.511871, avg_reader_cost: 0.00306 s, avg_batch_cost: 0.63401 s, avg_samples: 106.6, ips: 168.13603 samples/s, eta: 1:58:18, max_mem_reserved: 19535 MB, max_mem_allocated: 14171 MB
[2025/10/31 13:21:27] ppocr INFO: epoch: [10/20], global_step: 9970, lr: 0.000071, acc: 0.814062, norm_edit_dis: 0.980713, CTCLoss: 1.184639, NRTRLoss: 1.322814, loss: 2.511871, avg_reader_cost: 0.00298 s, avg_batch_cost: 0.57169 s, avg_samples: 87.4, ips: 152.87914 samples/s, eta: 1:58:12, max_mem_reserved: 19535 MB, max_mem_allocated: 14171 MB
[2025/10/31 13:21:33] ppocr INFO: epoch: [10/20], global_step: 9980, lr: 0.000071, acc: 0.843474, norm_edit_dis: 0.983289, CTCLoss: 0.911905, NRTRLoss: 1.317382, loss: 2.233831, avg_reader_cost: 0.00292 s, avg_batch_cost: 0.65287 s, avg_samples: 102.4, ips: 156.84564 samples/s, eta: 1:58:06, max_mem_reserved: 19535 MB, max_mem_allocated: 14171 MB
[2025/10/31 13:21:39] ppocr INFO: epoch: [10/20], global_step: 9990, lr: 0.000071, acc: 0.841176, norm_edit_dis: 0.984929, CTCLoss: 0.864953, NRTRLoss: 1.316262, loss: 2.181992, avg_reader_cost: 0.00291 s, avg_batch_cost: 0.59587 s, avg_samples: 89.4, ips: 150.03333 samples/s, eta: 1:58:00, max_mem_reserved: 19535 MB, max_mem_allocated: 14171 MB
[2025/10/31 13:21:46] ppocr INFO: epoch: [10/20], global_step: 10000, lr: 0.000071, acc: 0.852941, norm_edit_dis: 0.984918, CTCLoss: 0.830315, NRTRLoss: 1.315605, loss: 2.145868, avg_reader_cost: 0.00300 s, avg_batch_cost: 0.61802 s, avg_samples: 91.6, ips: 148.21541 samples/s, eta: 1:57:54, max_mem_reserved: 19535 MB, max_mem_allocated: 14171 MB
[2025/10/31 13:22:17] ppocr INFO: cur metric, acc: 0.9061999990938, norm_edit_dis: 0.9916408809177386, fps: 737.5971624579986
[2025/10/31 13:22:17] ppocr INFO: best metric, acc: 0.9146999990853, is_float16: False, norm_edit_dis: 0.9918672282521366, fps: 716.2308727366379, best_epoch: 9
[2025/10/31 13:22:23] ppocr INFO: epoch: [10/20], global_step: 10010, lr: 0.000071, acc: 0.858823, norm_edit_dis: 0.986205, CTCLoss: 0.581895, NRTRLoss: 1.316580, loss: 1.911127, avg_reader_cost: 0.00302 s, avg_batch_cost: 0.58617 s, avg_samples: 85.2, ips: 145.34951 samples/s, eta: 1:57:48, max_mem_reserved: 19535 MB, max_mem_allocated: 14171 MB
[2025/10/31 13:22:29] ppocr INFO: epoch: [10/20], global_step: 10020, lr: 0.000071, acc: 0.859099, norm_edit_dis: 0.988220, CTCLoss: 0.543711, NRTRLoss: 1.316877, loss: 1.857502, avg_reader_cost: 0.00326 s, avg_batch_cost: 0.61921 s, avg_samples: 93.8, ips: 151.48277 samples/s, eta: 1:57:42, max_mem_reserved: 19535 MB, max_mem_allocated: 14171 MB
[2025/10/31 13:22:35] ppocr INFO: epoch: [10/20], global_step: 10030, lr: 0.000071, acc: 0.870588, norm_edit_dis: 0.989442, CTCLoss: 0.527547, NRTRLoss: 1.315308, loss: 1.841210, avg_reader_cost: 0.00357 s, avg_batch_cost: 0.60757 s, avg_samples: 85.2, ips: 140.23128 samples/s, eta: 1:57:36, max_mem_reserved: 19535 MB, max_mem_allocated: 14171 MB
[2025/10/31 13:22:41] ppocr INFO: epoch: [10/20], global_step: 10040, lr: 0.000071, acc: 0.878676, norm_edit_dis: 0.990134, CTCLoss: 0.626306, NRTRLoss: 1.315730, loss: 1.941700, avg_reader_cost: 0.00294 s, avg_batch_cost: 0.57055 s, avg_samples: 78.9, ips: 138.28796 samples/s, eta: 1:57:30, max_mem_reserved: 19535 MB, max_mem_allocated: 14171 MB
[2025/10/31 13:22:47] ppocr INFO: epoch: [10/20], global_step: 10050, lr: 0.000071, acc: 0.866912, norm_edit_dis: 0.987255, CTCLoss: 0.649025, NRTRLoss: 1.318411, loss: 1.967456, avg_reader_cost: 0.00292 s, avg_batch_cost: 0.60343 s, avg_samples: 93.7, ips: 155.27903 samples/s, eta: 1:57:24, max_mem_reserved: 19535 MB, max_mem_allocated: 14171 MB
[2025/10/31 13:23:19] ppocr INFO: cur metric, acc: 0.9106999990893, norm_edit_dis: 0.9917953177539152, fps: 718.5496490985673
[2025/10/31 13:23:19] ppocr INFO: best metric, acc: 0.9146999990853, is_float16: False, norm_edit_dis: 0.9918672282521366, fps: 716.2308727366379, best_epoch: 9
[2025/10/31 13:23:25] ppocr INFO: epoch: [10/20], global_step: 10060, lr: 0.000071, acc: 0.867187, norm_edit_dis: 0.989586, CTCLoss: 0.558575, NRTRLoss: 1.315022, loss: 1.872872, avg_reader_cost: 0.00296 s, avg_batch_cost: 0.59976 s, avg_samples: 83.2, ips: 138.72194 samples/s, eta: 1:57:18, max_mem_reserved: 19535 MB, max_mem_allocated: 14171 MB
[2025/10/31 13:23:31] ppocr INFO: epoch: [10/20], global_step: 10070, lr: 0.000071, acc: 0.864981, norm_edit_dis: 0.989589, CTCLoss: 0.610824, NRTRLoss: 1.315886, loss: 1.924138, avg_reader_cost: 0.00387 s, avg_batch_cost: 0.59965 s, avg_samples: 87.4, ips: 145.75096 samples/s, eta: 1:57:12, max_mem_reserved: 19535 MB, max_mem_allocated: 14171 MB
[2025/10/31 13:23:37] ppocr INFO: epoch: [10/20], global_step: 10080, lr: 0.000071, acc: 0.859375, norm_edit_dis: 0.986898, CTCLoss: 0.778463, NRTRLoss: 1.321522, loss: 2.098791, avg_reader_cost: 0.00292 s, avg_batch_cost: 0.59294 s, avg_samples: 102.3, ips: 172.52977 samples/s, eta: 1:57:05, max_mem_reserved: 19535 MB, max_mem_allocated: 14171 MB
[2025/10/31 13:23:43] ppocr INFO: epoch: [10/20], global_step: 10090, lr: 0.000071, acc: 0.867187, norm_edit_dis: 0.987074, CTCLoss: 0.725287, NRTRLoss: 1.317149, loss: 2.042368, avg_reader_cost: 0.00295 s, avg_batch_cost: 0.59578 s, avg_samples: 83.1, ips: 139.48176 samples/s, eta: 1:56:59, max_mem_reserved: 19535 MB, max_mem_allocated: 14171 MB
[2025/10/31 13:23:49] ppocr INFO: epoch: [10/20], global_step: 10100, lr: 0.000071, acc: 0.886489, norm_edit_dis: 0.988956, CTCLoss: 0.650095, NRTRLoss: 1.316445, loss: 1.965358, avg_reader_cost: 0.00293 s, avg_batch_cost: 0.62661 s, avg_samples: 93.8, ips: 149.69348 samples/s, eta: 1:56:54, max_mem_reserved: 19535 MB, max_mem_allocated: 14171 MB
[2025/10/31 13:24:21] ppocr INFO: cur metric, acc: 0.921999999078, norm_edit_dis: 0.992915800941824, fps: 751.6249800100883
[2025/10/31 13:24:24] ppocr INFO: save best model is to ./output/best_accuracy
[2025/10/31 13:24:24] ppocr INFO: best metric, acc: 0.921999999078, is_float16: False, norm_edit_dis: 0.992915800941824, fps: 751.6249800100883, best_epoch: 10
[2025/10/31 13:24:30] ppocr INFO: epoch: [10/20], global_step: 10110, lr: 0.000071, acc: 0.859375, norm_edit_dis: 0.988077, CTCLoss: 0.964353, NRTRLoss: 1.320101, loss: 2.291762, avg_reader_cost: 0.00315 s, avg_batch_cost: 0.61142 s, avg_samples: 87.3, ips: 142.78138 samples/s, eta: 1:56:48, max_mem_reserved: 19535 MB, max_mem_allocated: 14171 MB
[2025/10/31 13:24:35] ppocr INFO: epoch: [10/20], global_step: 10120, lr: 0.000071, acc: 0.859375, norm_edit_dis: 0.988921, CTCLoss: 0.663673, NRTRLoss: 1.314613, loss: 1.981162, avg_reader_cost: 0.00293 s, avg_batch_cost: 0.53498 s, avg_samples: 74.6, ips: 139.44412 samples/s, eta: 1:56:41, max_mem_reserved: 19535 MB, max_mem_allocated: 14171 MB
[2025/10/31 13:24:41] ppocr INFO: epoch: [10/20], global_step: 10130, lr: 0.000070, acc: 0.870588, norm_edit_dis: 0.988148, CTCLoss: 0.642242, NRTRLoss: 1.312279, loss: 1.952552, avg_reader_cost: 0.00296 s, avg_batch_cost: 0.57348 s, avg_samples: 87.4, ips: 152.40176 samples/s, eta: 1:56:34, max_mem_reserved: 19535 MB, max_mem_allocated: 14171 MB
[2025/10/31 13:24:48] ppocr INFO: epoch: [10/20], global_step: 10140, lr: 0.000070, acc: 0.796875, norm_edit_dis: 0.975621, CTCLoss: 1.606637, NRTRLoss: 1.324797, loss: 2.933793, avg_reader_cost: 0.00306 s, avg_batch_cost: 0.68190 s, avg_samples: 115.1, ips: 168.79318 samples/s, eta: 1:56:29, max_mem_reserved: 19535 MB, max_mem_allocated: 14171 MB
[2025/10/31 13:24:54] ppocr INFO: epoch: [10/20], global_step: 10150, lr: 0.000070, acc: 0.734375, norm_edit_dis: 0.969978, CTCLoss: 1.827848, NRTRLoss: 1.329312, loss: 3.163511, avg_reader_cost: 0.00301 s, avg_batch_cost: 0.64436 s, avg_samples: 106.5, ips: 165.27963 samples/s, eta: 1:56:24, max_mem_reserved: 19535 MB, max_mem_allocated: 14171 MB
[2025/10/31 13:25:26] ppocr INFO: cur metric, acc: 0.8902999991097, norm_edit_dis: 0.9894124658982821, fps: 735.5014311252307
[2025/10/31 13:25:26] ppocr INFO: best metric, acc: 0.921999999078, is_float16: False, norm_edit_dis: 0.992915800941824, fps: 751.6249800100883, best_epoch: 10
[2025/10/31 13:25:32] ppocr INFO: epoch: [10/20], global_step: 10160, lr: 0.000070, acc: 0.841176, norm_edit_dis: 0.983088, CTCLoss: 0.978568, NRTRLoss: 1.321472, loss: 2.295717, avg_reader_cost: 0.00440 s, avg_batch_cost: 0.59729 s, avg_samples: 93.7, ips: 156.87518 samples/s, eta: 1:56:18, max_mem_reserved: 19535 MB, max_mem_allocated: 14171 MB
[2025/10/31 13:25:37] ppocr INFO: epoch: [10/20], global_step: 10170, lr: 0.000070, acc: 0.882812, norm_edit_dis: 0.987198, CTCLoss: 0.861445, NRTRLoss: 1.322110, loss: 2.180251, avg_reader_cost: 0.00292 s, avg_batch_cost: 0.56946 s, avg_samples: 81.0, ips: 142.24009 samples/s, eta: 1:56:11, max_mem_reserved: 19535 MB, max_mem_allocated: 14171 MB
[2025/10/31 13:25:44] ppocr INFO: epoch: [10/20], global_step: 10180, lr: 0.000070, acc: 0.859099, norm_edit_dis: 0.987158, CTCLoss: 0.923731, NRTRLoss: 1.328811, loss: 2.239541, avg_reader_cost: 0.00353 s, avg_batch_cost: 0.63452 s, avg_samples: 100.2, ips: 157.91363 samples/s, eta: 1:56:06, max_mem_reserved: 19535 MB, max_mem_allocated: 14171 MB
[2025/10/31 13:25:50] ppocr INFO: epoch: [10/20], global_step: 10190, lr: 0.000070, acc: 0.757812, norm_edit_dis: 0.975025, CTCLoss: 1.309366, NRTRLoss: 1.330081, loss: 2.638166, avg_reader_cost: 0.00294 s, avg_batch_cost: 0.64948 s, avg_samples: 108.7, ips: 167.36404 samples/s, eta: 1:56:00, max_mem_reserved: 19535 MB, max_mem_allocated: 14171 MB
[2025/10/31 13:25:57] ppocr INFO: epoch: [10/20], global_step: 10200, lr: 0.000070, acc: 0.753906, norm_edit_dis: 0.972570, CTCLoss: 1.507616, NRTRLoss: 1.324417, loss: 2.832033, avg_reader_cost: 0.00297 s, avg_batch_cost: 0.63652 s, avg_samples: 102.3, ips: 160.71811 samples/s, eta: 1:55:54, max_mem_reserved: 19535 MB, max_mem_allocated: 14171 MB
[2025/10/31 13:26:28] ppocr INFO: cur metric, acc: 0.9086999990913001, norm_edit_dis: 0.9913109233824252, fps: 738.4917770217207
[2025/10/31 13:26:28] ppocr INFO: best metric, acc: 0.921999999078, is_float16: False, norm_edit_dis: 0.992915800941824, fps: 751.6249800100883, best_epoch: 10
[2025/10/31 13:26:34] ppocr INFO: epoch: [10/20], global_step: 10210, lr: 0.000070, acc: 0.859375, norm_edit_dis: 0.987955, CTCLoss: 0.903588, NRTRLoss: 1.315083, loss: 2.218961, avg_reader_cost: 0.00299 s, avg_batch_cost: 0.60776 s, avg_samples: 91.6, ips: 150.71833 samples/s, eta: 1:55:48, max_mem_reserved: 19535 MB, max_mem_allocated: 14171 MB
[2025/10/31 13:26:40] ppocr INFO: epoch: [10/20], global_step: 10220, lr: 0.000070, acc: 0.870864, norm_edit_dis: 0.988020, CTCLoss: 0.669815, NRTRLoss: 1.314046, loss: 1.983357, avg_reader_cost: 0.00291 s, avg_batch_cost: 0.60819 s, avg_samples: 95.9, ips: 157.68007 samples/s, eta: 1:55:42, max_mem_reserved: 19535 MB, max_mem_allocated: 14171 MB
[2025/10/31 13:26:46] ppocr INFO: epoch: [10/20], global_step: 10230, lr: 0.000070, acc: 0.876470, norm_edit_dis: 0.987173, CTCLoss: 0.662516, NRTRLoss: 1.314382, loss: 1.977782, avg_reader_cost: 0.00297 s, avg_batch_cost: 0.58952 s, avg_samples: 83.1, ips: 140.96177 samples/s, eta: 1:55:36, max_mem_reserved: 19535 MB, max_mem_allocated: 14171 MB
[2025/10/31 13:26:52] ppocr INFO: epoch: [10/20], global_step: 10240, lr: 0.000070, acc: 0.864981, norm_edit_dis: 0.987355, CTCLoss: 0.727456, NRTRLoss: 1.315546, loss: 2.044502, avg_reader_cost: 0.00289 s, avg_batch_cost: 0.60400 s, avg_samples: 100.2, ips: 165.89400 samples/s, eta: 1:55:30, max_mem_reserved: 19535 MB, max_mem_allocated: 14171 MB
[2025/10/31 13:26:58] ppocr INFO: epoch: [10/20], global_step: 10250, lr: 0.000070, acc: 0.847059, norm_edit_dis: 0.986006, CTCLoss: 0.943480, NRTRLoss: 1.321560, loss: 2.261135, avg_reader_cost: 0.00450 s, avg_batch_cost: 0.60592 s, avg_samples: 93.7, ips: 154.64078 samples/s, eta: 1:55:24, max_mem_reserved: 19535 MB, max_mem_allocated: 14171 MB
[2025/10/31 13:27:31] ppocr INFO: cur metric, acc: 0.9207999990792001, norm_edit_dis: 0.9927057562661261, fps: 739.1356954426194
[2025/10/31 13:27:31] ppocr INFO: best metric, acc: 0.921999999078, is_float16: False, norm_edit_dis: 0.992915800941824, fps: 751.6249800100883, best_epoch: 10
[2025/10/31 13:27:36] ppocr INFO: epoch: [10/20], global_step: 10260, lr: 0.000070, acc: 0.852941, norm_edit_dis: 0.986006, CTCLoss: 0.908388, NRTRLoss: 1.320429, loss: 2.225235, avg_reader_cost: 0.00301 s, avg_batch_cost: 0.57137 s, avg_samples: 98.0, ips: 171.51852 samples/s, eta: 1:55:18, max_mem_reserved: 19535 MB, max_mem_allocated: 14171 MB
[2025/10/31 13:27:43] ppocr INFO: epoch: [10/20], global_step: 10270, lr: 0.000070, acc: 0.835294, norm_edit_dis: 0.980558, CTCLoss: 1.154595, NRTRLoss: 1.320429, loss: 2.476857, avg_reader_cost: 0.00345 s, avg_batch_cost: 0.64522 s, avg_samples: 104.4, ips: 161.80482 samples/s, eta: 1:55:12, max_mem_reserved: 19535 MB, max_mem_allocated: 14171 MB
[2025/10/31 13:27:49] ppocr INFO: epoch: [10/20], global_step: 10280, lr: 0.000069, acc: 0.841176, norm_edit_dis: 0.986550, CTCLoss: 0.904252, NRTRLoss: 1.319048, loss: 2.225405, avg_reader_cost: 0.00292 s, avg_batch_cost: 0.61034 s, avg_samples: 100.1, ips: 164.00647 samples/s, eta: 1:55:06, max_mem_reserved: 19535 MB, max_mem_allocated: 14171 MB
[2025/10/31 13:27:55] ppocr INFO: epoch: [10/20], global_step: 10290, lr: 0.000069, acc: 0.858823, norm_edit_dis: 0.988561, CTCLoss: 0.690727, NRTRLoss: 1.319311, loss: 2.005810, avg_reader_cost: 0.00298 s, avg_batch_cost: 0.59763 s, avg_samples: 93.7, ips: 156.78560 samples/s, eta: 1:55:00, max_mem_reserved: 19535 MB, max_mem_allocated: 14171 MB
[2025/10/31 13:28:01] ppocr INFO: epoch: [10/20], global_step: 10300, lr: 0.000069, acc: 0.852941, norm_edit_dis: 0.987268, CTCLoss: 0.733640, NRTRLoss: 1.320454, loss: 2.048107, avg_reader_cost: 0.00297 s, avg_batch_cost: 0.58772 s, avg_samples: 98.1, ips: 166.91554 samples/s, eta: 1:54:54, max_mem_reserved: 19535 MB, max_mem_allocated: 14171 MB
[2025/10/31 13:28:33] ppocr INFO: cur metric, acc: 0.9064999990935, norm_edit_dis: 0.9912643733359245, fps: 710.7928580629377
[2025/10/31 13:28:33] ppocr INFO: best metric, acc: 0.921999999078, is_float16: False, norm_edit_dis: 0.992915800941824, fps: 751.6249800100883, best_epoch: 10
[2025/10/31 13:28:39] ppocr INFO: epoch: [10/20], global_step: 10310, lr: 0.000069, acc: 0.851287, norm_edit_dis: 0.985133, CTCLoss: 0.808543, NRTRLoss: 1.320500, loss: 2.119261, avg_reader_cost: 0.00287 s, avg_batch_cost: 0.61508 s, avg_samples: 91.6, ips: 148.92301 samples/s, eta: 1:54:48, max_mem_reserved: 19535 MB, max_mem_allocated: 14171 MB
[2025/10/31 13:28:45] ppocr INFO: epoch: [10/20], global_step: 10320, lr: 0.000069, acc: 0.874724, norm_edit_dis: 0.988635, CTCLoss: 0.753040, NRTRLoss: 1.314797, loss: 2.076621, avg_reader_cost: 0.00294 s, avg_batch_cost: 0.59700 s, avg_samples: 89.4, ips: 149.74891 samples/s, eta: 1:54:42, max_mem_reserved: 19535 MB, max_mem_allocated: 14171 MB
[2025/10/31 13:28:51] ppocr INFO: epoch: [10/20], global_step: 10330, lr: 0.000069, acc: 0.898254, norm_edit_dis: 0.989868, CTCLoss: 0.799810, NRTRLoss: 1.315878, loss: 2.121895, avg_reader_cost: 0.00342 s, avg_batch_cost: 0.58712 s, avg_samples: 98.0, ips: 166.91756 samples/s, eta: 1:54:36, max_mem_reserved: 19535 MB, max_mem_allocated: 14171 MB
[2025/10/31 13:28:56] ppocr INFO: epoch: [10/20], global_step: 10340, lr: 0.000069, acc: 0.882353, norm_edit_dis: 0.989618, CTCLoss: 0.778064, NRTRLoss: 1.316236, loss: 2.094413, avg_reader_cost: 0.00284 s, avg_batch_cost: 0.57214 s, avg_samples: 89.5, ips: 156.43133 samples/s, eta: 1:54:29, max_mem_reserved: 19535 MB, max_mem_allocated: 14171 MB
[2025/10/31 13:29:02] ppocr INFO: epoch: [10/20], global_step: 10350, lr: 0.000069, acc: 0.851562, norm_edit_dis: 0.984512, CTCLoss: 0.866596, NRTRLoss: 1.316349, loss: 2.183041, avg_reader_cost: 0.00297 s, avg_batch_cost: 0.58368 s, avg_samples: 93.8, ips: 160.70425 samples/s, eta: 1:54:23, max_mem_reserved: 19535 MB, max_mem_allocated: 14171 MB
[2025/10/31 13:29:34] ppocr INFO: cur metric, acc: 0.9094999990905, norm_edit_dis: 0.9915690443690847, fps: 733.1933677624887
[2025/10/31 13:29:34] ppocr INFO: best metric, acc: 0.921999999078, is_float16: False, norm_edit_dis: 0.992915800941824, fps: 751.6249800100883, best_epoch: 10
[2025/10/31 13:29:40] ppocr INFO: epoch: [10/20], global_step: 10360, lr: 0.000069, acc: 0.845404, norm_edit_dis: 0.983486, CTCLoss: 0.859413, NRTRLoss: 1.317248, loss: 2.172303, avg_reader_cost: 0.00290 s, avg_batch_cost: 0.60731 s, avg_samples: 93.7, ips: 154.28720 samples/s, eta: 1:54:17, max_mem_reserved: 19535 MB, max_mem_allocated: 14171 MB
[2025/10/31 13:29:46] ppocr INFO: epoch: [10/20], global_step: 10370, lr: 0.000069, acc: 0.853217, norm_edit_dis: 0.984894, CTCLoss: 0.782260, NRTRLoss: 1.319765, loss: 2.095941, avg_reader_cost: 0.00345 s, avg_batch_cost: 0.61796 s, avg_samples: 106.6, ips: 172.50308 samples/s, eta: 1:54:11, max_mem_reserved: 19535 MB, max_mem_allocated: 14171 MB
[2025/10/31 13:29:51] ppocr INFO: epoch: [10/20], global_step: 10380, lr: 0.000069, acc: 0.859375, norm_edit_dis: 0.987573, CTCLoss: 0.573885, NRTRLoss: 1.319545, loss: 1.887797, avg_reader_cost: 0.00290 s, avg_batch_cost: 0.52136 s, avg_samples: 74.6, ips: 143.08600 samples/s, eta: 1:54:04, max_mem_reserved: 19535 MB, max_mem_allocated: 14171 MB
[2025/10/31 13:29:57] ppocr INFO: epoch: [10/20], global_step: 10390, lr: 0.000069, acc: 0.886489, norm_edit_dis: 0.990265, CTCLoss: 0.476494, NRTRLoss: 1.315972, loss: 1.800849, avg_reader_cost: 0.00290 s, avg_batch_cost: 0.58164 s, avg_samples: 85.2, ips: 146.48284 samples/s, eta: 1:53:58, max_mem_reserved: 19535 MB, max_mem_allocated: 14171 MB
[2025/10/31 13:30:03] ppocr INFO: epoch: [10/20], global_step: 10400, lr: 0.000069, acc: 0.878676, norm_edit_dis: 0.989039, CTCLoss: 0.569560, NRTRLoss: 1.319500, loss: 1.897923, avg_reader_cost: 0.00299 s, avg_batch_cost: 0.63265 s, avg_samples: 102.3, ips: 161.70144 samples/s, eta: 1:53:52, max_mem_reserved: 19535 MB, max_mem_allocated: 14171 MB
[2025/10/31 13:30:36] ppocr INFO: cur metric, acc: 0.9070999990929001, norm_edit_dis: 0.9914626271549501, fps: 723.9868116908181
[2025/10/31 13:30:36] ppocr INFO: best metric, acc: 0.921999999078, is_float16: False, norm_edit_dis: 0.992915800941824, fps: 751.6249800100883, best_epoch: 10
[2025/10/31 13:30:42] ppocr INFO: epoch: [10/20], global_step: 10410, lr: 0.000069, acc: 0.781250, norm_edit_dis: 0.978097, CTCLoss: 1.089547, NRTRLoss: 1.320354, loss: 2.408574, avg_reader_cost: 0.00303 s, avg_batch_cost: 0.60530 s, avg_samples: 98.1, ips: 162.06828 samples/s, eta: 1:53:46, max_mem_reserved: 19535 MB, max_mem_allocated: 14171 MB
[2025/10/31 13:30:48] ppocr INFO: epoch: [10/20], global_step: 10420, lr: 0.000069, acc: 0.858823, norm_edit_dis: 0.983361, CTCLoss: 0.990193, NRTRLoss: 1.319649, loss: 2.312172, avg_reader_cost: 0.00299 s, avg_batch_cost: 0.62105 s, avg_samples: 100.1, ips: 161.17742 samples/s, eta: 1:53:40, max_mem_reserved: 19535 MB, max_mem_allocated: 14171 MB
[2025/10/31 13:30:54] ppocr INFO: epoch: [10/20], global_step: 10430, lr: 0.000068, acc: 0.835294, norm_edit_dis: 0.982248, CTCLoss: 0.945128, NRTRLoss: 1.320377, loss: 2.267842, avg_reader_cost: 0.00294 s, avg_batch_cost: 0.60165 s, avg_samples: 93.7, ips: 155.73836 samples/s, eta: 1:53:34, max_mem_reserved: 19535 MB, max_mem_allocated: 14171 MB
[2025/10/31 13:31:00] ppocr INFO: epoch: [10/20], global_step: 10440, lr: 0.000068, acc: 0.870588, norm_edit_dis: 0.987137, CTCLoss: 0.830781, NRTRLoss: 1.316476, loss: 2.148385, avg_reader_cost: 0.00329 s, avg_batch_cost: 0.55068 s, avg_samples: 74.5, ips: 135.28649 samples/s, eta: 1:53:28, max_mem_reserved: 19535 MB, max_mem_allocated: 14171 MB
[2025/10/31 13:31:06] ppocr INFO: epoch: [10/20], global_step: 10450, lr: 0.000068, acc: 0.870588, norm_edit_dis: 0.989167, CTCLoss: 0.745137, NRTRLoss: 1.315794, loss: 2.061114, avg_reader_cost: 0.00296 s, avg_batch_cost: 0.59247 s, avg_samples: 98.1, ips: 165.57750 samples/s, eta: 1:53:21, max_mem_reserved: 19535 MB, max_mem_allocated: 14171 MB
[2025/10/31 13:31:37] ppocr INFO: cur metric, acc: 0.9151999990848, norm_edit_dis: 0.9923615473285099, fps: 732.77585722927
[2025/10/31 13:31:37] ppocr INFO: best metric, acc: 0.921999999078, is_float16: False, norm_edit_dis: 0.992915800941824, fps: 751.6249800100883, best_epoch: 10
[2025/10/31 13:31:42] ppocr INFO: epoch: [10/20], global_step: 10460, lr: 0.000068, acc: 0.859375, norm_edit_dis: 0.988272, CTCLoss: 0.689075, NRTRLoss: 1.318725, loss: 2.004138, avg_reader_cost: 0.00297 s, avg_batch_cost: 0.55566 s, avg_samples: 87.3, ips: 157.11163 samples/s, eta: 1:53:15, max_mem_reserved: 19535 MB, max_mem_allocated: 14171 MB
[2025/10/31 13:31:48] ppocr INFO: epoch: [10/20], global_step: 10470, lr: 0.000068, acc: 0.859099, norm_edit_dis: 0.987983, CTCLoss: 0.689075, NRTRLoss: 1.316702, loss: 2.004138, avg_reader_cost: 0.00326 s, avg_batch_cost: 0.56153 s, avg_samples: 87.3, ips: 155.46843 samples/s, eta: 1:53:08, max_mem_reserved: 19535 MB, max_mem_allocated: 14171 MB
[2025/10/31 13:31:54] ppocr INFO: epoch: [10/20], global_step: 10480, lr: 0.000068, acc: 0.858823, norm_edit_dis: 0.986557, CTCLoss: 0.755672, NRTRLoss: 1.316841, loss: 2.073725, avg_reader_cost: 0.00295 s, avg_batch_cost: 0.60580 s, avg_samples: 95.9, ips: 158.30289 samples/s, eta: 1:53:02, max_mem_reserved: 19535 MB, max_mem_allocated: 14171 MB
[2025/10/31 13:32:00] ppocr INFO: epoch: [10/20], global_step: 10490, lr: 0.000068, acc: 0.872794, norm_edit_dis: 0.987058, CTCLoss: 0.753399, NRTRLoss: 1.316421, loss: 2.069222, avg_reader_cost: 0.00295 s, avg_batch_cost: 0.59584 s, avg_samples: 87.3, ips: 146.51632 samples/s, eta: 1:52:56, max_mem_reserved: 19535 MB, max_mem_allocated: 14171 MB
[2025/10/31 13:32:06] ppocr INFO: epoch: [10/20], global_step: 10500, lr: 0.000068, acc: 0.886489, norm_edit_dis: 0.988693, CTCLoss: 0.651079, NRTRLoss: 1.315978, loss: 1.962250, avg_reader_cost: 0.00296 s, avg_batch_cost: 0.58456 s, avg_samples: 80.9, ips: 138.39460 samples/s, eta: 1:52:50, max_mem_reserved: 19535 MB, max_mem_allocated: 14171 MB
[2025/10/31 13:32:38] ppocr INFO: cur metric, acc: 0.9100999990899, norm_edit_dis: 0.9918377326643104, fps: 722.3516480522469
[2025/10/31 13:32:38] ppocr INFO: best metric, acc: 0.921999999078, is_float16: False, norm_edit_dis: 0.992915800941824, fps: 751.6249800100883, best_epoch: 10
[2025/10/31 13:32:43] ppocr INFO: epoch: [10/20], global_step: 10510, lr: 0.000068, acc: 0.886489, norm_edit_dis: 0.988046, CTCLoss: 0.680150, NRTRLoss: 1.317453, loss: 1.996688, avg_reader_cost: 0.00297 s, avg_batch_cost: 0.53599 s, avg_samples: 76.7, ips: 143.09930 samples/s, eta: 1:52:43, max_mem_reserved: 19535 MB, max_mem_allocated: 14171 MB
[2025/10/31 13:32:49] ppocr INFO: epoch: [10/20], global_step: 10520, lr: 0.000068, acc: 0.900184, norm_edit_dis: 0.989168, CTCLoss: 0.764791, NRTRLoss: 1.316755, loss: 2.085061, avg_reader_cost: 0.00296 s, avg_batch_cost: 0.59221 s, avg_samples: 89.5, ips: 151.12829 samples/s, eta: 1:52:37, max_mem_reserved: 19535 MB, max_mem_allocated: 14171 MB
[2025/10/31 13:32:55] ppocr INFO: epoch: [10/20], global_step: 10530, lr: 0.000068, acc: 0.906066, norm_edit_dis: 0.990111, CTCLoss: 0.949855, NRTRLoss: 1.317530, loss: 2.264210, avg_reader_cost: 0.00295 s, avg_batch_cost: 0.57779 s, avg_samples: 91.7, ips: 158.70811 samples/s, eta: 1:52:31, max_mem_reserved: 19535 MB, max_mem_allocated: 14171 MB
[2025/10/31 13:33:01] ppocr INFO: epoch: [10/20], global_step: 10540, lr: 0.000068, acc: 0.859099, norm_edit_dis: 0.981322, CTCLoss: 1.126079, NRTRLoss: 1.322764, loss: 2.445691, avg_reader_cost: 0.00296 s, avg_batch_cost: 0.61700 s, avg_samples: 100.1, ips: 162.23747 samples/s, eta: 1:52:25, max_mem_reserved: 19535 MB, max_mem_allocated: 14171 MB
[2025/10/31 13:33:07] ppocr INFO: epoch: [10/20], global_step: 10550, lr: 0.000068, acc: 0.847059, norm_edit_dis: 0.982925, CTCLoss: 1.091351, NRTRLoss: 1.316827, loss: 2.404695, avg_reader_cost: 0.00297 s, avg_batch_cost: 0.62081 s, avg_samples: 93.8, ips: 151.09255 samples/s, eta: 1:52:19, max_mem_reserved: 19535 MB, max_mem_allocated: 14171 MB
[2025/10/31 13:33:39] ppocr INFO: cur metric, acc: 0.9178999990821001, norm_edit_dis: 0.992347551788385, fps: 747.9565272238405
[2025/10/31 13:33:39] ppocr INFO: best metric, acc: 0.921999999078, is_float16: False, norm_edit_dis: 0.992915800941824, fps: 751.6249800100883, best_epoch: 10
[2025/10/31 13:33:45] ppocr INFO: epoch: [10/20], global_step: 10560, lr: 0.000068, acc: 0.812500, norm_edit_dis: 0.976860, CTCLoss: 1.183121, NRTRLoss: 1.318333, loss: 2.500932, avg_reader_cost: 0.00300 s, avg_batch_cost: 0.60479 s, avg_samples: 106.6, ips: 176.25954 samples/s, eta: 1:52:13, max_mem_reserved: 19535 MB, max_mem_allocated: 14171 MB
[2025/10/31 13:33:51] ppocr INFO: epoch: [10/20], global_step: 10570, lr: 0.000068, acc: 0.785156, norm_edit_dis: 0.976243, CTCLoss: 1.276124, NRTRLoss: 1.323076, loss: 2.596971, avg_reader_cost: 0.00299 s, avg_batch_cost: 0.64159 s, avg_samples: 104.4, ips: 162.72068 samples/s, eta: 1:52:07, max_mem_reserved: 19535 MB, max_mem_allocated: 14171 MB
[2025/10/31 13:33:57] ppocr INFO: epoch: [10/20], global_step: 10580, lr: 0.000067, acc: 0.864981, norm_edit_dis: 0.989533, CTCLoss: 0.630963, NRTRLoss: 1.316679, loss: 1.946500, avg_reader_cost: 0.00297 s, avg_batch_cost: 0.58378 s, avg_samples: 83.0, ips: 142.17670 samples/s, eta: 1:52:01, max_mem_reserved: 19535 MB, max_mem_allocated: 14171 MB
[2025/10/31 13:34:03] ppocr INFO: epoch: [10/20], global_step: 10590, lr: 0.000067, acc: 0.876470, norm_edit_dis: 0.989774, CTCLoss: 0.623871, NRTRLoss: 1.315046, loss: 1.939302, avg_reader_cost: 0.00298 s, avg_batch_cost: 0.57858 s, avg_samples: 91.5, ips: 158.14665 samples/s, eta: 1:51:55, max_mem_reserved: 19535 MB, max_mem_allocated: 14171 MB
[2025/10/31 13:34:09] ppocr INFO: epoch: [10/20], global_step: 10600, lr: 0.000067, acc: 0.870588, norm_edit_dis: 0.989148, CTCLoss: 0.670357, NRTRLoss: 1.316603, loss: 1.983050, avg_reader_cost: 0.00298 s, avg_batch_cost: 0.63160 s, avg_samples: 91.6, ips: 145.02942 samples/s, eta: 1:51:49, max_mem_reserved: 19535 MB, max_mem_allocated: 14171 MB
[2025/10/31 13:34:40] ppocr INFO: cur metric, acc: 0.913999999086, norm_edit_dis: 0.992088136020391, fps: 738.3148925239998
[2025/10/31 13:34:40] ppocr INFO: best metric, acc: 0.921999999078, is_float16: False, norm_edit_dis: 0.992915800941824, fps: 751.6249800100883, best_epoch: 10
[2025/10/31 13:34:47] ppocr INFO: epoch: [10/20], global_step: 10610, lr: 0.000067, acc: 0.858823, norm_edit_dis: 0.987301, CTCLoss: 0.684482, NRTRLoss: 1.316710, loss: 2.000768, avg_reader_cost: 0.00297 s, avg_batch_cost: 0.61032 s, avg_samples: 100.1, ips: 164.01260 samples/s, eta: 1:51:43, max_mem_reserved: 19535 MB, max_mem_allocated: 14171 MB
[2025/10/31 13:34:52] ppocr INFO: epoch: [10/20], global_step: 10620, lr: 0.000067, acc: 0.845404, norm_edit_dis: 0.986596, CTCLoss: 0.784814, NRTRLoss: 1.316324, loss: 2.100522, avg_reader_cost: 0.00288 s, avg_batch_cost: 0.55714 s, avg_samples: 85.3, ips: 153.10315 samples/s, eta: 1:51:37, max_mem_reserved: 19535 MB, max_mem_allocated: 14171 MB
[2025/10/31 13:34:59] ppocr INFO: epoch: [10/20], global_step: 10630, lr: 0.000067, acc: 0.857169, norm_edit_dis: 0.987611, CTCLoss: 0.804171, NRTRLoss: 1.318054, loss: 2.123091, avg_reader_cost: 0.00293 s, avg_batch_cost: 0.64383 s, avg_samples: 95.9, ips: 148.95225 samples/s, eta: 1:51:31, max_mem_reserved: 19535 MB, max_mem_allocated: 14171 MB
[2025/10/31 13:35:04] ppocr INFO: epoch: [10/20], global_step: 10640, lr: 0.000067, acc: 0.892371, norm_edit_dis: 0.989793, CTCLoss: 0.643156, NRTRLoss: 1.316591, loss: 1.959099, avg_reader_cost: 0.00303 s, avg_batch_cost: 0.51674 s, avg_samples: 76.7, ips: 148.43019 samples/s, eta: 1:51:24, max_mem_reserved: 19535 MB, max_mem_allocated: 14171 MB
[2025/10/31 13:35:10] ppocr INFO: epoch: [10/20], global_step: 10650, lr: 0.000067, acc: 0.900184, norm_edit_dis: 0.991394, CTCLoss: 0.580568, NRTRLoss: 1.314407, loss: 1.894542, avg_reader_cost: 0.00294 s, avg_batch_cost: 0.58244 s, avg_samples: 85.1, ips: 146.10828 samples/s, eta: 1:51:18, max_mem_reserved: 19535 MB, max_mem_allocated: 14171 MB
[2025/10/31 13:35:43] ppocr INFO: cur metric, acc: 0.9150999990849, norm_edit_dis: 0.9920642583039011, fps: 720.5629659300638
[2025/10/31 13:35:43] ppocr INFO: best metric, acc: 0.921999999078, is_float16: False, norm_edit_dis: 0.992915800941824, fps: 751.6249800100883, best_epoch: 10
[2025/10/31 13:35:49] ppocr INFO: epoch: [10/20], global_step: 10660, lr: 0.000067, acc: 0.906250, norm_edit_dis: 0.990122, CTCLoss: 0.530264, NRTRLoss: 1.313163, loss: 1.843133, avg_reader_cost: 0.00305 s, avg_batch_cost: 0.54143 s, avg_samples: 70.3, ips: 129.84143 samples/s, eta: 1:51:11, max_mem_reserved: 19535 MB, max_mem_allocated: 14171 MB
[2025/10/31 13:35:54] ppocr INFO: epoch: [10/20], global_step: 10670, lr: 0.000067, acc: 0.882353, norm_edit_dis: 0.988228, CTCLoss: 0.595252, NRTRLoss: 1.314116, loss: 1.912012, avg_reader_cost: 0.00336 s, avg_batch_cost: 0.58047 s, avg_samples: 91.6, ips: 157.80183 samples/s, eta: 1:51:05, max_mem_reserved: 19535 MB, max_mem_allocated: 14171 MB
[2025/10/31 13:36:01] ppocr INFO: epoch: [10/20], global_step: 10680, lr: 0.000067, acc: 0.878676, norm_edit_dis: 0.989365, CTCLoss: 0.678788, NRTRLoss: 1.317865, loss: 1.995549, avg_reader_cost: 0.00295 s, avg_batch_cost: 0.60945 s, avg_samples: 87.3, ips: 143.24342 samples/s, eta: 1:50:59, max_mem_reserved: 19535 MB, max_mem_allocated: 14171 MB
[2025/10/31 13:36:06] ppocr INFO: epoch: [10/20], global_step: 10690, lr: 0.000067, acc: 0.882353, norm_edit_dis: 0.990132, CTCLoss: 0.593781, NRTRLoss: 1.317904, loss: 1.909533, avg_reader_cost: 0.00289 s, avg_batch_cost: 0.55752 s, avg_samples: 85.2, ips: 152.81850 samples/s, eta: 1:50:53, max_mem_reserved: 19535 MB, max_mem_allocated: 14171 MB
[2025/10/31 13:36:13] ppocr INFO: epoch: [10/20], global_step: 10700, lr: 0.000067, acc: 0.858823, norm_edit_dis: 0.986549, CTCLoss: 0.903494, NRTRLoss: 1.320137, loss: 2.226531, avg_reader_cost: 0.00296 s, avg_batch_cost: 0.64250 s, avg_samples: 104.5, ips: 162.64535 samples/s, eta: 1:50:47, max_mem_reserved: 19535 MB, max_mem_allocated: 14171 MB
[2025/10/31 13:36:44] ppocr INFO: cur metric, acc: 0.9181999990818001, norm_edit_dis: 0.9924477985092802, fps: 725.2866793031016
[2025/10/31 13:36:44] ppocr INFO: best metric, acc: 0.921999999078, is_float16: False, norm_edit_dis: 0.992915800941824, fps: 751.6249800100883, best_epoch: 10
[2025/10/31 13:36:51] ppocr INFO: epoch: [10/20], global_step: 10710, lr: 0.000067, acc: 0.796875, norm_edit_dis: 0.976502, CTCLoss: 1.405546, NRTRLoss: 1.324700, loss: 2.728190, avg_reader_cost: 0.00293 s, avg_batch_cost: 0.63337 s, avg_samples: 98.1, ips: 154.88603 samples/s, eta: 1:50:41, max_mem_reserved: 19535 MB, max_mem_allocated: 14171 MB
[2025/10/31 13:36:57] ppocr INFO: epoch: [10/20], global_step: 10720, lr: 0.000066, acc: 0.851562, norm_edit_dis: 0.985297, CTCLoss: 1.027370, NRTRLoss: 1.321040, loss: 2.348078, avg_reader_cost: 0.00297 s, avg_batch_cost: 0.61785 s, avg_samples: 87.4, ips: 141.45781 samples/s, eta: 1:50:35, max_mem_reserved: 19535 MB, max_mem_allocated: 14171 MB
[2025/10/31 13:37:03] ppocr INFO: epoch: [10/20], global_step: 10730, lr: 0.000066, acc: 0.870588, norm_edit_dis: 0.988695, CTCLoss: 0.647355, NRTRLoss: 1.314515, loss: 1.963377, avg_reader_cost: 0.00301 s, avg_batch_cost: 0.61602 s, avg_samples: 89.5, ips: 145.28689 samples/s, eta: 1:50:29, max_mem_reserved: 19535 MB, max_mem_allocated: 14171 MB
[2025/10/31 13:37:09] ppocr INFO: epoch: [10/20], global_step: 10740, lr: 0.000066, acc: 0.882812, norm_edit_dis: 0.988695, CTCLoss: 0.667878, NRTRLoss: 1.313992, loss: 1.986080, avg_reader_cost: 0.00291 s, avg_batch_cost: 0.55134 s, avg_samples: 81.0, ips: 146.91434 samples/s, eta: 1:50:23, max_mem_reserved: 19535 MB, max_mem_allocated: 14171 MB
[2025/10/31 13:37:15] ppocr INFO: epoch: [10/20], global_step: 10750, lr: 0.000066, acc: 0.866912, norm_edit_dis: 0.987655, CTCLoss: 0.780110, NRTRLoss: 1.316995, loss: 2.094026, avg_reader_cost: 0.00294 s, avg_batch_cost: 0.63890 s, avg_samples: 104.5, ips: 163.56318 samples/s, eta: 1:50:17, max_mem_reserved: 19535 MB, max_mem_allocated: 14171 MB
[2025/10/31 13:37:48] ppocr INFO: cur metric, acc: 0.9213999990786, norm_edit_dis: 0.9927665943325812, fps: 723.5208908328889
[2025/10/31 13:37:48] ppocr INFO: best metric, acc: 0.921999999078, is_float16: False, norm_edit_dis: 0.992915800941824, fps: 751.6249800100883, best_epoch: 10
[2025/10/31 13:37:54] ppocr INFO: epoch: [10/20], global_step: 10760, lr: 0.000066, acc: 0.864706, norm_edit_dis: 0.986416, CTCLoss: 0.722546, NRTRLoss: 1.316121, loss: 2.037035, avg_reader_cost: 0.00302 s, avg_batch_cost: 0.60778 s, avg_samples: 91.6, ips: 150.71223 samples/s, eta: 1:50:11, max_mem_reserved: 19535 MB, max_mem_allocated: 14171 MB
[2025/10/31 13:38:00] ppocr INFO: epoch: [10/20], global_step: 10770, lr: 0.000066, acc: 0.847059, norm_edit_dis: 0.986063, CTCLoss: 0.822415, NRTRLoss: 1.315434, loss: 2.141790, avg_reader_cost: 0.00293 s, avg_batch_cost: 0.62951 s, avg_samples: 104.4, ips: 165.84399 samples/s, eta: 1:50:05, max_mem_reserved: 19535 MB, max_mem_allocated: 14171 MB
[2025/10/31 13:38:06] ppocr INFO: epoch: [10/20], global_step: 10780, lr: 0.000066, acc: 0.843750, norm_edit_dis: 0.985789, CTCLoss: 1.009171, NRTRLoss: 1.322629, loss: 2.324870, avg_reader_cost: 0.00319 s, avg_batch_cost: 0.58968 s, avg_samples: 83.1, ips: 140.92474 samples/s, eta: 1:49:59, max_mem_reserved: 19535 MB, max_mem_allocated: 14171 MB
[2025/10/31 13:38:12] ppocr INFO: epoch: [10/20], global_step: 10790, lr: 0.000066, acc: 0.882812, norm_edit_dis: 0.987403, CTCLoss: 0.785803, NRTRLoss: 1.318439, loss: 2.104379, avg_reader_cost: 0.00323 s, avg_batch_cost: 0.58350 s, avg_samples: 83.1, ips: 142.41528 samples/s, eta: 1:49:53, max_mem_reserved: 19535 MB, max_mem_allocated: 14171 MB
[2025/10/31 13:38:17] ppocr INFO: epoch: [10/20], global_step: 10800, lr: 0.000066, acc: 0.890625, norm_edit_dis: 0.985938, CTCLoss: 0.800141, NRTRLoss: 1.318648, loss: 2.120664, avg_reader_cost: 0.00293 s, avg_batch_cost: 0.56733 s, avg_samples: 85.2, ips: 150.17743 samples/s, eta: 1:49:47, max_mem_reserved: 19535 MB, max_mem_allocated: 14171 MB
[2025/10/31 13:38:49] ppocr INFO: cur metric, acc: 0.9173999990826001, norm_edit_dis: 0.992213779761555, fps: 726.8397868701144
[2025/10/31 13:38:49] ppocr INFO: best metric, acc: 0.921999999078, is_float16: False, norm_edit_dis: 0.992915800941824, fps: 751.6249800100883, best_epoch: 10
[2025/10/31 13:38:56] ppocr INFO: epoch: [10/20], global_step: 10810, lr: 0.000066, acc: 0.835937, norm_edit_dis: 0.982308, CTCLoss: 1.130495, NRTRLoss: 1.324396, loss: 2.457291, avg_reader_cost: 0.00287 s, avg_batch_cost: 0.66255 s, avg_samples: 108.7, ips: 164.06406 samples/s, eta: 1:49:41, max_mem_reserved: 19535 MB, max_mem_allocated: 14171 MB
[2025/10/31 13:39:02] ppocr INFO: epoch: [10/20], global_step: 10820, lr: 0.000066, acc: 0.847059, norm_edit_dis: 0.982611, CTCLoss: 1.121516, NRTRLoss: 1.322091, loss: 2.452266, avg_reader_cost: 0.00295 s, avg_batch_cost: 0.61708 s, avg_samples: 85.2, ips: 138.06994 samples/s, eta: 1:49:35, max_mem_reserved: 19535 MB, max_mem_allocated: 14171 MB
[2025/10/31 13:39:08] ppocr INFO: epoch: [10/20], global_step: 10830, lr: 0.000066, acc: 0.872794, norm_edit_dis: 0.986756, CTCLoss: 0.792699, NRTRLoss: 1.318110, loss: 2.108931, avg_reader_cost: 0.00295 s, avg_batch_cost: 0.61913 s, avg_samples: 106.6, ips: 172.17577 samples/s, eta: 1:49:29, max_mem_reserved: 19535 MB, max_mem_allocated: 14171 MB
[2025/10/31 13:39:14] ppocr INFO: epoch: [10/20], global_step: 10840, lr: 0.000066, acc: 0.820312, norm_edit_dis: 0.979202, CTCLoss: 1.243625, NRTRLoss: 1.320501, loss: 2.564539, avg_reader_cost: 0.00287 s, avg_batch_cost: 0.57622 s, avg_samples: 91.7, ips: 159.14079 samples/s, eta: 1:49:23, max_mem_reserved: 19535 MB, max_mem_allocated: 14171 MB
[2025/10/31 13:39:20] ppocr INFO: epoch: [10/20], global_step: 10850, lr: 0.000066, acc: 0.804687, norm_edit_dis: 0.979463, CTCLoss: 1.203696, NRTRLoss: 1.319503, loss: 2.524673, avg_reader_cost: 0.00336 s, avg_batch_cost: 0.61442 s, avg_samples: 106.6, ips: 173.49785 samples/s, eta: 1:49:17, max_mem_reserved: 19535 MB, max_mem_allocated: 14171 MB
[2025/10/31 13:39:51] ppocr INFO: cur metric, acc: 0.9052999990947, norm_edit_dis: 0.9911689120331554, fps: 751.174099058928
[2025/10/31 13:39:51] ppocr INFO: best metric, acc: 0.921999999078, is_float16: False, norm_edit_dis: 0.992915800941824, fps: 751.6249800100883, best_epoch: 10
[2025/10/31 13:39:57] ppocr INFO: epoch: [10/20], global_step: 10860, lr: 0.000066, acc: 0.835937, norm_edit_dis: 0.985728, CTCLoss: 0.948251, NRTRLoss: 1.319503, loss: 2.264960, avg_reader_cost: 0.00311 s, avg_batch_cost: 0.57314 s, avg_samples: 87.3, ips: 152.31842 samples/s, eta: 1:49:11, max_mem_reserved: 19535 MB, max_mem_allocated: 14171 MB
[2025/10/31 13:40:01] ppocr INFO: save model in ./output/latest
[2025/10/31 13:40:01] ppocr INFO: save model in ./output/iter_epoch_10
[2025/10/31 13:40:09] ppocr INFO: epoch: [11/20], global_step: 10870, lr: 0.000065, acc: 0.870864, norm_edit_dis: 0.988442, CTCLoss: 0.678438, NRTRLoss: 1.316198, loss: 1.998899, avg_reader_cost: 0.56034 s, avg_batch_cost: 1.17944 s, avg_samples: 93.7, ips: 79.44429 samples/s, eta: 1:49:11, max_mem_reserved: 19535 MB, max_mem_allocated: 14171 MB
[2025/10/31 13:40:15] ppocr INFO: epoch: [11/20], global_step: 10880, lr: 0.000065, acc: 0.906066, norm_edit_dis: 0.990298, CTCLoss: 0.526844, NRTRLoss: 1.312733, loss: 1.838405, avg_reader_cost: 0.00302 s, avg_batch_cost: 0.61213 s, avg_samples: 85.2, ips: 139.18513 samples/s, eta: 1:49:05, max_mem_reserved: 19535 MB, max_mem_allocated: 14171 MB
[2025/10/31 13:40:21] ppocr INFO: epoch: [11/20], global_step: 10890, lr: 0.000065, acc: 0.886489, norm_edit_dis: 0.989902, CTCLoss: 0.598989, NRTRLoss: 1.314513, loss: 1.911240, avg_reader_cost: 0.00299 s, avg_batch_cost: 0.61743 s, avg_samples: 95.8, ips: 155.15911 samples/s, eta: 1:48:59, max_mem_reserved: 19535 MB, max_mem_allocated: 14171 MB
[2025/10/31 13:40:27] ppocr INFO: epoch: [11/20], global_step: 10900, lr: 0.000065, acc: 0.852941, norm_edit_dis: 0.988527, CTCLoss: 0.691329, NRTRLoss: 1.316972, loss: 2.007806, avg_reader_cost: 0.00298 s, avg_batch_cost: 0.61626 s, avg_samples: 100.1, ips: 162.43209 samples/s, eta: 1:48:53, max_mem_reserved: 19535 MB, max_mem_allocated: 14171 MB
[2025/10/31 13:40:59] ppocr INFO: cur metric, acc: 0.9228999990771001, norm_edit_dis: 0.9925950015500621, fps: 760.9723433090713
[2025/10/31 13:41:01] ppocr INFO: save best model is to ./output/best_accuracy
[2025/10/31 13:41:01] ppocr INFO: best metric, acc: 0.9228999990771001, is_float16: False, norm_edit_dis: 0.9925950015500621, fps: 760.9723433090713, best_epoch: 11
[2025/10/31 13:41:07] ppocr INFO: epoch: [11/20], global_step: 10910, lr: 0.000065, acc: 0.872794, norm_edit_dis: 0.988954, CTCLoss: 0.588739, NRTRLoss: 1.314918, loss: 1.903361, avg_reader_cost: 0.00353 s, avg_batch_cost: 0.55611 s, avg_samples: 81.0, ips: 145.65498 samples/s, eta: 1:48:46, max_mem_reserved: 19535 MB, max_mem_allocated: 14171 MB
[2025/10/31 13:41:13] ppocr INFO: epoch: [11/20], global_step: 10920, lr: 0.000065, acc: 0.870588, norm_edit_dis: 0.988677, CTCLoss: 0.689021, NRTRLoss: 1.315827, loss: 2.007560, avg_reader_cost: 0.00329 s, avg_batch_cost: 0.63818 s, avg_samples: 98.0, ips: 153.56052 samples/s, eta: 1:48:41, max_mem_reserved: 19535 MB, max_mem_allocated: 14171 MB
[2025/10/31 13:41:20] ppocr INFO: epoch: [11/20], global_step: 10930, lr: 0.000065, acc: 0.819945, norm_edit_dis: 0.981044, CTCLoss: 0.901407, NRTRLoss: 1.318289, loss: 2.215679, avg_reader_cost: 0.00328 s, avg_batch_cost: 0.64419 s, avg_samples: 100.2, ips: 155.54334 samples/s, eta: 1:48:35, max_mem_reserved: 19535 MB, max_mem_allocated: 14171 MB
[2025/10/31 13:41:26] ppocr INFO: epoch: [11/20], global_step: 10940, lr: 0.000065, acc: 0.882353, norm_edit_dis: 0.985703, CTCLoss: 0.941057, NRTRLoss: 1.319375, loss: 2.255663, avg_reader_cost: 0.00340 s, avg_batch_cost: 0.59053 s, avg_samples: 93.7, ips: 158.67048 samples/s, eta: 1:48:29, max_mem_reserved: 19535 MB, max_mem_allocated: 14171 MB
[2025/10/31 13:41:31] ppocr INFO: epoch: [11/20], global_step: 10950, lr: 0.000065, acc: 0.882353, norm_edit_dis: 0.987956, CTCLoss: 0.928293, NRTRLoss: 1.317275, loss: 2.241641, avg_reader_cost: 0.00293 s, avg_batch_cost: 0.56211 s, avg_samples: 91.6, ips: 162.95840 samples/s, eta: 1:48:22, max_mem_reserved: 19535 MB, max_mem_allocated: 14171 MB
[2025/10/31 13:42:03] ppocr INFO: cur metric, acc: 0.9240999990759, norm_edit_dis: 0.9929862215271755, fps: 737.7708741219466
[2025/10/31 13:42:06] ppocr INFO: save best model is to ./output/best_accuracy
[2025/10/31 13:42:06] ppocr INFO: best metric, acc: 0.9240999990759, is_float16: False, norm_edit_dis: 0.9929862215271755, fps: 737.7708741219466, best_epoch: 11
[2025/10/31 13:42:12] ppocr INFO: epoch: [11/20], global_step: 10960, lr: 0.000065, acc: 0.888235, norm_edit_dis: 0.988569, CTCLoss: 0.783446, NRTRLoss: 1.315417, loss: 2.098190, avg_reader_cost: 0.00300 s, avg_batch_cost: 0.60192 s, avg_samples: 91.6, ips: 152.18053 samples/s, eta: 1:48:16, max_mem_reserved: 19535 MB, max_mem_allocated: 14171 MB
[2025/10/31 13:42:18] ppocr INFO: epoch: [11/20], global_step: 10970, lr: 0.000065, acc: 0.884559, norm_edit_dis: 0.990671, CTCLoss: 0.615635, NRTRLoss: 1.318042, loss: 1.932088, avg_reader_cost: 0.00291 s, avg_batch_cost: 0.60282 s, avg_samples: 95.9, ips: 159.08598 samples/s, eta: 1:48:10, max_mem_reserved: 19535 MB, max_mem_allocated: 14171 MB
[2025/10/31 13:42:24] ppocr INFO: epoch: [11/20], global_step: 10980, lr: 0.000065, acc: 0.878676, norm_edit_dis: 0.989536, CTCLoss: 0.557617, NRTRLoss: 1.318241, loss: 1.872432, avg_reader_cost: 0.00332 s, avg_batch_cost: 0.60086 s, avg_samples: 85.1, ips: 141.63015 samples/s, eta: 1:48:04, max_mem_reserved: 19535 MB, max_mem_allocated: 14171 MB
[2025/10/31 13:42:30] ppocr INFO: epoch: [11/20], global_step: 10990, lr: 0.000065, acc: 0.905882, norm_edit_dis: 0.990588, CTCLoss: 0.498263, NRTRLoss: 1.315536, loss: 1.813544, avg_reader_cost: 0.00296 s, avg_batch_cost: 0.57937 s, avg_samples: 85.2, ips: 147.05520 samples/s, eta: 1:47:58, max_mem_reserved: 19535 MB, max_mem_allocated: 14171 MB
[2025/10/31 13:42:35] ppocr INFO: epoch: [11/20], global_step: 11000, lr: 0.000065, acc: 0.898254, norm_edit_dis: 0.990190, CTCLoss: 0.524815, NRTRLoss: 1.315773, loss: 1.839189, avg_reader_cost: 0.00294 s, avg_batch_cost: 0.56717 s, avg_samples: 83.1, ips: 146.51564 samples/s, eta: 1:47:51, max_mem_reserved: 19535 MB, max_mem_allocated: 14171 MB
[2025/10/31 13:43:08] ppocr INFO: cur metric, acc: 0.9216999990783, norm_edit_dis: 0.9924803511951718, fps: 710.3542737618045
[2025/10/31 13:43:08] ppocr INFO: best metric, acc: 0.9240999990759, is_float16: False, norm_edit_dis: 0.9929862215271755, fps: 737.7708741219466, best_epoch: 11
[2025/10/31 13:43:14] ppocr INFO: epoch: [11/20], global_step: 11010, lr: 0.000064, acc: 0.870588, norm_edit_dis: 0.986015, CTCLoss: 0.910828, NRTRLoss: 1.318715, loss: 2.227824, avg_reader_cost: 0.00330 s, avg_batch_cost: 0.62906 s, avg_samples: 102.3, ips: 162.62361 samples/s, eta: 1:47:46, max_mem_reserved: 19535 MB, max_mem_allocated: 14171 MB
[2025/10/31 13:43:20] ppocr INFO: epoch: [11/20], global_step: 11020, lr: 0.000064, acc: 0.906066, norm_edit_dis: 0.991813, CTCLoss: 0.499757, NRTRLoss: 1.315732, loss: 1.815984, avg_reader_cost: 0.00288 s, avg_batch_cost: 0.57945 s, avg_samples: 80.9, ips: 139.61595 samples/s, eta: 1:47:39, max_mem_reserved: 19535 MB, max_mem_allocated: 14171 MB
[2025/10/31 13:43:26] ppocr INFO: epoch: [11/20], global_step: 11030, lr: 0.000064, acc: 0.906250, norm_edit_dis: 0.991813, CTCLoss: 0.503365, NRTRLoss: 1.314444, loss: 1.816605, avg_reader_cost: 0.00294 s, avg_batch_cost: 0.58228 s, avg_samples: 83.1, ips: 142.71522 samples/s, eta: 1:47:33, max_mem_reserved: 19535 MB, max_mem_allocated: 14171 MB
[2025/10/31 13:43:31] ppocr INFO: epoch: [11/20], global_step: 11040, lr: 0.000064, acc: 0.886489, norm_edit_dis: 0.987951, CTCLoss: 0.666786, NRTRLoss: 1.318718, loss: 1.983588, avg_reader_cost: 0.00291 s, avg_batch_cost: 0.57234 s, avg_samples: 93.8, ips: 163.88882 samples/s, eta: 1:47:27, max_mem_reserved: 19535 MB, max_mem_allocated: 14171 MB
[2025/10/31 13:43:37] ppocr INFO: epoch: [11/20], global_step: 11050, lr: 0.000064, acc: 0.867187, norm_edit_dis: 0.986412, CTCLoss: 0.767462, NRTRLoss: 1.318718, loss: 2.089231, avg_reader_cost: 0.00288 s, avg_batch_cost: 0.56289 s, avg_samples: 85.3, ips: 151.53809 samples/s, eta: 1:47:20, max_mem_reserved: 19535 MB, max_mem_allocated: 14171 MB
[2025/10/31 13:44:09] ppocr INFO: cur metric, acc: 0.9225999990774, norm_edit_dis: 0.9925855955150799, fps: 723.6933790875468
[2025/10/31 13:44:09] ppocr INFO: best metric, acc: 0.9240999990759, is_float16: False, norm_edit_dis: 0.9929862215271755, fps: 737.7708741219466, best_epoch: 11
[2025/10/31 13:44:15] ppocr INFO: epoch: [11/20], global_step: 11060, lr: 0.000064, acc: 0.878676, norm_edit_dis: 0.988574, CTCLoss: 0.626890, NRTRLoss: 1.316656, loss: 1.944061, avg_reader_cost: 0.00277 s, avg_batch_cost: 0.57406 s, avg_samples: 83.1, ips: 144.75867 samples/s, eta: 1:47:14, max_mem_reserved: 19535 MB, max_mem_allocated: 14171 MB
[2025/10/31 13:44:21] ppocr INFO: epoch: [11/20], global_step: 11070, lr: 0.000064, acc: 0.875000, norm_edit_dis: 0.987130, CTCLoss: 0.602377, NRTRLoss: 1.315647, loss: 1.918675, avg_reader_cost: 0.00308 s, avg_batch_cost: 0.63508 s, avg_samples: 98.0, ips: 154.31154 samples/s, eta: 1:47:08, max_mem_reserved: 19535 MB, max_mem_allocated: 14171 MB
[2025/10/31 13:44:27] ppocr INFO: epoch: [11/20], global_step: 11080, lr: 0.000064, acc: 0.892371, norm_edit_dis: 0.987677, CTCLoss: 0.734913, NRTRLoss: 1.315726, loss: 2.056059, avg_reader_cost: 0.00291 s, avg_batch_cost: 0.58639 s, avg_samples: 78.7, ips: 134.21007 samples/s, eta: 1:47:02, max_mem_reserved: 19535 MB, max_mem_allocated: 14171 MB
[2025/10/31 13:44:33] ppocr INFO: epoch: [11/20], global_step: 11090, lr: 0.000064, acc: 0.890625, norm_edit_dis: 0.989355, CTCLoss: 0.690963, NRTRLoss: 1.317780, loss: 2.015071, avg_reader_cost: 0.00287 s, avg_batch_cost: 0.61591 s, avg_samples: 95.9, ips: 155.70502 samples/s, eta: 1:46:56, max_mem_reserved: 19535 MB, max_mem_allocated: 14171 MB
[2025/10/31 13:44:39] ppocr INFO: epoch: [11/20], global_step: 11100, lr: 0.000064, acc: 0.875000, norm_edit_dis: 0.987780, CTCLoss: 0.555070, NRTRLoss: 1.315834, loss: 1.873761, avg_reader_cost: 0.00287 s, avg_batch_cost: 0.58062 s, avg_samples: 78.8, ips: 135.71731 samples/s, eta: 1:46:50, max_mem_reserved: 19535 MB, max_mem_allocated: 14171 MB
[2025/10/31 13:45:11] ppocr INFO: cur metric, acc: 0.9275999990724, norm_edit_dis: 0.9932961027778084, fps: 758.0374657712786
[2025/10/31 13:45:13] ppocr INFO: save best model is to ./output/best_accuracy
[2025/10/31 13:45:13] ppocr INFO: best metric, acc: 0.9275999990724, is_float16: False, norm_edit_dis: 0.9932961027778084, fps: 758.0374657712786, best_epoch: 11
[2025/10/31 13:45:19] ppocr INFO: epoch: [11/20], global_step: 11110, lr: 0.000064, acc: 0.890625, norm_edit_dis: 0.990333, CTCLoss: 0.501369, NRTRLoss: 1.314964, loss: 1.818016, avg_reader_cost: 0.00325 s, avg_batch_cost: 0.57499 s, avg_samples: 91.5, ips: 159.13298 samples/s, eta: 1:46:44, max_mem_reserved: 19535 MB, max_mem_allocated: 14171 MB
[2025/10/31 13:45:26] ppocr INFO: epoch: [11/20], global_step: 11120, lr: 0.000064, acc: 0.882812, norm_edit_dis: 0.989907, CTCLoss: 0.661392, NRTRLoss: 1.317003, loss: 1.975726, avg_reader_cost: 0.00395 s, avg_batch_cost: 0.65524 s, avg_samples: 87.3, ips: 133.23280 samples/s, eta: 1:46:38, max_mem_reserved: 19535 MB, max_mem_allocated: 14171 MB
[2025/10/31 13:45:32] ppocr INFO: epoch: [11/20], global_step: 11130, lr: 0.000064, acc: 0.867187, norm_edit_dis: 0.987322, CTCLoss: 0.688698, NRTRLoss: 1.317067, loss: 2.002626, avg_reader_cost: 0.00290 s, avg_batch_cost: 0.60685 s, avg_samples: 93.8, ips: 154.56893 samples/s, eta: 1:46:32, max_mem_reserved: 19535 MB, max_mem_allocated: 14171 MB
[2025/10/31 13:45:38] ppocr INFO: epoch: [11/20], global_step: 11140, lr: 0.000064, acc: 0.866912, norm_edit_dis: 0.987133, CTCLoss: 0.786504, NRTRLoss: 1.318059, loss: 2.103297, avg_reader_cost: 0.00353 s, avg_batch_cost: 0.60075 s, avg_samples: 95.9, ips: 159.63265 samples/s, eta: 1:46:26, max_mem_reserved: 19535 MB, max_mem_allocated: 14171 MB
[2025/10/31 13:45:43] ppocr INFO: epoch: [11/20], global_step: 11150, lr: 0.000064, acc: 0.886489, norm_edit_dis: 0.989504, CTCLoss: 0.695714, NRTRLoss: 1.317090, loss: 2.007218, avg_reader_cost: 0.00290 s, avg_batch_cost: 0.54599 s, avg_samples: 76.8, ips: 140.66279 samples/s, eta: 1:46:19, max_mem_reserved: 19535 MB, max_mem_allocated: 14171 MB
[2025/10/31 13:46:16] ppocr INFO: cur metric, acc: 0.9234999990765, norm_edit_dis: 0.9929293981369416, fps: 737.4597327642447
[2025/10/31 13:46:16] ppocr INFO: best metric, acc: 0.9275999990724, is_float16: False, norm_edit_dis: 0.9932961027778084, fps: 758.0374657712786, best_epoch: 11
[2025/10/31 13:46:21] ppocr INFO: epoch: [11/20], global_step: 11160, lr: 0.000063, acc: 0.906066, norm_edit_dis: 0.991490, CTCLoss: 0.695714, NRTRLoss: 1.312095, loss: 2.007218, avg_reader_cost: 0.00341 s, avg_batch_cost: 0.58593 s, avg_samples: 93.7, ips: 159.91644 samples/s, eta: 1:46:13, max_mem_reserved: 19535 MB, max_mem_allocated: 14171 MB
[2025/10/31 13:46:28] ppocr INFO: epoch: [11/20], global_step: 11170, lr: 0.000063, acc: 0.859375, norm_edit_dis: 0.986725, CTCLoss: 0.968497, NRTRLoss: 1.318312, loss: 2.284582, avg_reader_cost: 0.00300 s, avg_batch_cost: 0.64464 s, avg_samples: 100.2, ips: 155.43496 samples/s, eta: 1:46:08, max_mem_reserved: 19535 MB, max_mem_allocated: 14171 MB
[2025/10/31 13:46:34] ppocr INFO: epoch: [11/20], global_step: 11180, lr: 0.000063, acc: 0.864981, norm_edit_dis: 0.989988, CTCLoss: 0.655690, NRTRLoss: 1.320617, loss: 1.976070, avg_reader_cost: 0.00360 s, avg_batch_cost: 0.61203 s, avg_samples: 83.1, ips: 135.77666 samples/s, eta: 1:46:02, max_mem_reserved: 19535 MB, max_mem_allocated: 14171 MB
[2025/10/31 13:46:40] ppocr INFO: epoch: [11/20], global_step: 11190, lr: 0.000063, acc: 0.882812, norm_edit_dis: 0.990453, CTCLoss: 0.594038, NRTRLoss: 1.316133, loss: 1.916650, avg_reader_cost: 0.00298 s, avg_batch_cost: 0.60428 s, avg_samples: 87.4, ips: 144.63439 samples/s, eta: 1:45:56, max_mem_reserved: 19535 MB, max_mem_allocated: 14171 MB
[2025/10/31 13:46:46] ppocr INFO: epoch: [11/20], global_step: 11200, lr: 0.000063, acc: 0.882812, norm_edit_dis: 0.989614, CTCLoss: 0.529939, NRTRLoss: 1.315567, loss: 1.838944, avg_reader_cost: 0.00315 s, avg_batch_cost: 0.62105 s, avg_samples: 93.8, ips: 151.03410 samples/s, eta: 1:45:50, max_mem_reserved: 19535 MB, max_mem_allocated: 14171 MB
[2025/10/31 13:47:19] ppocr INFO: cur metric, acc: 0.9249999990750001, norm_edit_dis: 0.9929928661574943, fps: 742.3505252191771
[2025/10/31 13:47:19] ppocr INFO: best metric, acc: 0.9275999990724, is_float16: False, norm_edit_dis: 0.9932961027778084, fps: 758.0374657712786, best_epoch: 11
[2025/10/31 13:47:24] ppocr INFO: epoch: [11/20], global_step: 11210, lr: 0.000063, acc: 0.892371, norm_edit_dis: 0.990088, CTCLoss: 0.593029, NRTRLoss: 1.316666, loss: 1.907903, avg_reader_cost: 0.00302 s, avg_batch_cost: 0.58020 s, avg_samples: 85.2, ips: 146.84568 samples/s, eta: 1:45:44, max_mem_reserved: 19535 MB, max_mem_allocated: 14171 MB
[2025/10/31 13:47:30] ppocr INFO: epoch: [11/20], global_step: 11220, lr: 0.000063, acc: 0.900000, norm_edit_dis: 0.989777, CTCLoss: 0.615737, NRTRLoss: 1.316778, loss: 1.933143, avg_reader_cost: 0.00333 s, avg_batch_cost: 0.53584 s, avg_samples: 78.8, ips: 147.05802 samples/s, eta: 1:45:37, max_mem_reserved: 19535 MB, max_mem_allocated: 14171 MB
[2025/10/31 13:47:36] ppocr INFO: epoch: [11/20], global_step: 11230, lr: 0.000063, acc: 0.875000, norm_edit_dis: 0.988028, CTCLoss: 0.688725, NRTRLoss: 1.317373, loss: 1.999904, avg_reader_cost: 0.00295 s, avg_batch_cost: 0.60125 s, avg_samples: 93.7, ips: 155.84226 samples/s, eta: 1:45:31, max_mem_reserved: 19535 MB, max_mem_allocated: 14171 MB
[2025/10/31 13:47:42] ppocr INFO: epoch: [11/20], global_step: 11240, lr: 0.000063, acc: 0.851287, norm_edit_dis: 0.986373, CTCLoss: 0.726195, NRTRLoss: 1.322175, loss: 2.046947, avg_reader_cost: 0.00363 s, avg_batch_cost: 0.60572 s, avg_samples: 102.3, ips: 168.88861 samples/s, eta: 1:45:25, max_mem_reserved: 19535 MB, max_mem_allocated: 14171 MB
[2025/10/31 13:47:48] ppocr INFO: epoch: [11/20], global_step: 11250, lr: 0.000063, acc: 0.845404, norm_edit_dis: 0.985891, CTCLoss: 0.877539, NRTRLoss: 1.321088, loss: 2.202102, avg_reader_cost: 0.00331 s, avg_batch_cost: 0.58564 s, avg_samples: 95.9, ips: 163.75142 samples/s, eta: 1:45:19, max_mem_reserved: 19535 MB, max_mem_allocated: 14171 MB
[2025/10/31 13:48:20] ppocr INFO: cur metric, acc: 0.9183999990816, norm_edit_dis: 0.9926064721533733, fps: 751.7205293456678
[2025/10/31 13:48:20] ppocr INFO: best metric, acc: 0.9275999990724, is_float16: False, norm_edit_dis: 0.9932961027778084, fps: 758.0374657712786, best_epoch: 11
[2025/10/31 13:48:26] ppocr INFO: epoch: [11/20], global_step: 11260, lr: 0.000063, acc: 0.875000, norm_edit_dis: 0.987371, CTCLoss: 0.671244, NRTRLoss: 1.315165, loss: 1.984224, avg_reader_cost: 0.00299 s, avg_batch_cost: 0.60035 s, avg_samples: 93.7, ips: 156.07524 samples/s, eta: 1:45:12, max_mem_reserved: 19535 MB, max_mem_allocated: 14171 MB
[2025/10/31 13:48:32] ppocr INFO: epoch: [11/20], global_step: 11270, lr: 0.000063, acc: 0.894118, norm_edit_dis: 0.990485, CTCLoss: 0.671244, NRTRLoss: 1.314667, loss: 1.984897, avg_reader_cost: 0.00341 s, avg_batch_cost: 0.59946 s, avg_samples: 89.5, ips: 149.30208 samples/s, eta: 1:45:06, max_mem_reserved: 19535 MB, max_mem_allocated: 14171 MB
[2025/10/31 13:48:37] ppocr INFO: epoch: [11/20], global_step: 11280, lr: 0.000063, acc: 0.900000, norm_edit_dis: 0.992217, CTCLoss: 0.680997, NRTRLoss: 1.315600, loss: 1.995269, avg_reader_cost: 0.00338 s, avg_batch_cost: 0.57686 s, avg_samples: 89.4, ips: 154.97586 samples/s, eta: 1:45:00, max_mem_reserved: 19535 MB, max_mem_allocated: 14171 MB
[2025/10/31 13:48:44] ppocr INFO: epoch: [11/20], global_step: 11290, lr: 0.000063, acc: 0.872794, norm_edit_dis: 0.986164, CTCLoss: 0.720560, NRTRLoss: 1.318117, loss: 2.035019, avg_reader_cost: 0.00304 s, avg_batch_cost: 0.62609 s, avg_samples: 93.8, ips: 149.81894 samples/s, eta: 1:44:54, max_mem_reserved: 19535 MB, max_mem_allocated: 14171 MB
[2025/10/31 13:48:50] ppocr INFO: epoch: [11/20], global_step: 11300, lr: 0.000062, acc: 0.841176, norm_edit_dis: 0.985874, CTCLoss: 0.948157, NRTRLoss: 1.318049, loss: 2.270662, avg_reader_cost: 0.00295 s, avg_batch_cost: 0.59446 s, avg_samples: 87.4, ips: 147.02341 samples/s, eta: 1:44:48, max_mem_reserved: 19535 MB, max_mem_allocated: 14171 MB
[2025/10/31 13:49:22] ppocr INFO: cur metric, acc: 0.9232999990767, norm_edit_dis: 0.9927653060840173, fps: 741.4036465365242
[2025/10/31 13:49:22] ppocr INFO: best metric, acc: 0.9275999990724, is_float16: False, norm_edit_dis: 0.9932961027778084, fps: 758.0374657712786, best_epoch: 11
[2025/10/31 13:49:27] ppocr INFO: epoch: [11/20], global_step: 11310, lr: 0.000062, acc: 0.882812, norm_edit_dis: 0.989507, CTCLoss: 0.648344, NRTRLoss: 1.315909, loss: 1.970044, avg_reader_cost: 0.00358 s, avg_batch_cost: 0.58794 s, avg_samples: 83.1, ips: 141.34059 samples/s, eta: 1:44:42, max_mem_reserved: 19535 MB, max_mem_allocated: 14171 MB
[2025/10/31 13:49:34] ppocr INFO: epoch: [11/20], global_step: 11320, lr: 0.000062, acc: 0.872794, norm_edit_dis: 0.989507, CTCLoss: 0.648344, NRTRLoss: 1.318252, loss: 1.970044, avg_reader_cost: 0.00306 s, avg_batch_cost: 0.63099 s, avg_samples: 100.2, ips: 158.79802 samples/s, eta: 1:44:36, max_mem_reserved: 19535 MB, max_mem_allocated: 14171 MB
[2025/10/31 13:49:40] ppocr INFO: epoch: [11/20], global_step: 11330, lr: 0.000062, acc: 0.870864, norm_edit_dis: 0.989098, CTCLoss: 0.670315, NRTRLoss: 1.319044, loss: 1.985856, avg_reader_cost: 0.00339 s, avg_batch_cost: 0.62125 s, avg_samples: 93.7, ips: 150.82589 samples/s, eta: 1:44:30, max_mem_reserved: 19535 MB, max_mem_allocated: 14171 MB
[2025/10/31 13:49:46] ppocr INFO: epoch: [11/20], global_step: 11340, lr: 0.000062, acc: 0.892371, norm_edit_dis: 0.990859, CTCLoss: 0.502310, NRTRLoss: 1.313672, loss: 1.815986, avg_reader_cost: 0.00332 s, avg_batch_cost: 0.58602 s, avg_samples: 83.0, ips: 141.63351 samples/s, eta: 1:44:24, max_mem_reserved: 19535 MB, max_mem_allocated: 14171 MB
[2025/10/31 13:49:53] ppocr INFO: epoch: [11/20], global_step: 11350, lr: 0.000062, acc: 0.864706, norm_edit_dis: 0.986135, CTCLoss: 0.767827, NRTRLoss: 1.314352, loss: 2.080187, avg_reader_cost: 0.00288 s, avg_batch_cost: 0.66372 s, avg_samples: 115.2, ips: 173.56596 samples/s, eta: 1:44:19, max_mem_reserved: 19535 MB, max_mem_allocated: 14171 MB
[2025/10/31 13:50:25] ppocr INFO: cur metric, acc: 0.8986999991013, norm_edit_dis: 0.9904681834663263, fps: 733.7945675285603
[2025/10/31 13:50:25] ppocr INFO: best metric, acc: 0.9275999990724, is_float16: False, norm_edit_dis: 0.9932961027778084, fps: 758.0374657712786, best_epoch: 11
[2025/10/31 13:50:30] ppocr INFO: epoch: [11/20], global_step: 11360, lr: 0.000062, acc: 0.796875, norm_edit_dis: 0.978553, CTCLoss: 1.268466, NRTRLoss: 1.325170, loss: 2.595838, avg_reader_cost: 0.00284 s, avg_batch_cost: 0.57802 s, avg_samples: 93.8, ips: 162.27731 samples/s, eta: 1:44:12, max_mem_reserved: 19535 MB, max_mem_allocated: 14171 MB
[2025/10/31 13:50:36] ppocr INFO: epoch: [11/20], global_step: 11370, lr: 0.000062, acc: 0.892371, norm_edit_dis: 0.989411, CTCLoss: 0.682511, NRTRLoss: 1.315349, loss: 2.005232, avg_reader_cost: 0.00348 s, avg_batch_cost: 0.59120 s, avg_samples: 85.2, ips: 144.11437 samples/s, eta: 1:44:06, max_mem_reserved: 19535 MB, max_mem_allocated: 14171 MB
[2025/10/31 13:50:42] ppocr INFO: epoch: [11/20], global_step: 11380, lr: 0.000062, acc: 0.898437, norm_edit_dis: 0.989844, CTCLoss: 0.630428, NRTRLoss: 1.313388, loss: 1.943357, avg_reader_cost: 0.00288 s, avg_batch_cost: 0.62420 s, avg_samples: 91.7, ips: 146.90895 samples/s, eta: 1:44:00, max_mem_reserved: 19535 MB, max_mem_allocated: 14171 MB
[2025/10/31 13:50:48] ppocr INFO: epoch: [11/20], global_step: 11390, lr: 0.000062, acc: 0.878676, norm_edit_dis: 0.987975, CTCLoss: 0.758090, NRTRLoss: 1.316385, loss: 2.077351, avg_reader_cost: 0.00288 s, avg_batch_cost: 0.59306 s, avg_samples: 98.0, ips: 165.24330 samples/s, eta: 1:43:54, max_mem_reserved: 19535 MB, max_mem_allocated: 14171 MB
[2025/10/31 13:50:54] ppocr INFO: epoch: [11/20], global_step: 11400, lr: 0.000062, acc: 0.886489, norm_edit_dis: 0.987756, CTCLoss: 0.770939, NRTRLoss: 1.319256, loss: 2.097227, avg_reader_cost: 0.00328 s, avg_batch_cost: 0.60868 s, avg_samples: 91.7, ips: 150.65354 samples/s, eta: 1:43:48, max_mem_reserved: 19535 MB, max_mem_allocated: 14171 MB
[2025/10/31 13:51:27] ppocr INFO: cur metric, acc: 0.9062999990937001, norm_edit_dis: 0.9910099704296627, fps: 761.0232644134644
[2025/10/31 13:51:27] ppocr INFO: best metric, acc: 0.9275999990724, is_float16: False, norm_edit_dis: 0.9932961027778084, fps: 758.0374657712786, best_epoch: 11
[2025/10/31 13:51:33] ppocr INFO: epoch: [11/20], global_step: 11410, lr: 0.000062, acc: 0.878676, norm_edit_dis: 0.988357, CTCLoss: 0.785098, NRTRLoss: 1.320643, loss: 2.108944, avg_reader_cost: 0.00300 s, avg_batch_cost: 0.58085 s, avg_samples: 87.3, ips: 150.29647 samples/s, eta: 1:43:42, max_mem_reserved: 19535 MB, max_mem_allocated: 14171 MB
[2025/10/31 13:51:39] ppocr INFO: epoch: [11/20], global_step: 11420, lr: 0.000062, acc: 0.872794, norm_edit_dis: 0.987470, CTCLoss: 0.976981, NRTRLoss: 1.319338, loss: 2.298566, avg_reader_cost: 0.00298 s, avg_batch_cost: 0.62325 s, avg_samples: 102.3, ips: 164.14090 samples/s, eta: 1:43:36, max_mem_reserved: 19535 MB, max_mem_allocated: 14171 MB
[2025/10/31 13:51:45] ppocr INFO: epoch: [11/20], global_step: 11430, lr: 0.000062, acc: 0.880606, norm_edit_dis: 0.988604, CTCLoss: 0.612176, NRTRLoss: 1.317709, loss: 1.926668, avg_reader_cost: 0.00332 s, avg_batch_cost: 0.62269 s, avg_samples: 91.6, ips: 147.10386 samples/s, eta: 1:43:30, max_mem_reserved: 19535 MB, max_mem_allocated: 14171 MB
[2025/10/31 13:51:51] ppocr INFO: epoch: [11/20], global_step: 11440, lr: 0.000061, acc: 0.890625, norm_edit_dis: 0.989302, CTCLoss: 0.707945, NRTRLoss: 1.317776, loss: 2.023564, avg_reader_cost: 0.00292 s, avg_batch_cost: 0.61106 s, avg_samples: 104.4, ips: 170.84961 samples/s, eta: 1:43:24, max_mem_reserved: 19535 MB, max_mem_allocated: 14171 MB
[2025/10/31 13:51:57] ppocr INFO: epoch: [11/20], global_step: 11450, lr: 0.000061, acc: 0.890625, norm_edit_dis: 0.988759, CTCLoss: 0.601704, NRTRLoss: 1.319192, loss: 1.919724, avg_reader_cost: 0.00292 s, avg_batch_cost: 0.57902 s, avg_samples: 81.0, ips: 139.89064 samples/s, eta: 1:43:18, max_mem_reserved: 19535 MB, max_mem_allocated: 14171 MB
[2025/10/31 13:52:29] ppocr INFO: cur metric, acc: 0.9213999990786, norm_edit_dis: 0.992546213134592, fps: 744.6357533969281
[2025/10/31 13:52:29] ppocr INFO: best metric, acc: 0.9275999990724, is_float16: False, norm_edit_dis: 0.9932961027778084, fps: 758.0374657712786, best_epoch: 11
[2025/10/31 13:52:34] ppocr INFO: epoch: [11/20], global_step: 11460, lr: 0.000061, acc: 0.890625, norm_edit_dis: 0.989550, CTCLoss: 0.601704, NRTRLoss: 1.315542, loss: 1.919724, avg_reader_cost: 0.00321 s, avg_batch_cost: 0.58226 s, avg_samples: 95.9, ips: 164.70440 samples/s, eta: 1:43:12, max_mem_reserved: 19535 MB, max_mem_allocated: 14171 MB
[2025/10/31 13:52:41] ppocr INFO: epoch: [11/20], global_step: 11470, lr: 0.000061, acc: 0.882353, norm_edit_dis: 0.988866, CTCLoss: 0.809861, NRTRLoss: 1.320752, loss: 2.123452, avg_reader_cost: 0.00293 s, avg_batch_cost: 0.62662 s, avg_samples: 95.9, ips: 153.04332 samples/s, eta: 1:43:06, max_mem_reserved: 19535 MB, max_mem_allocated: 14171 MB
[2025/10/31 13:52:46] ppocr INFO: epoch: [11/20], global_step: 11480, lr: 0.000061, acc: 0.890625, norm_edit_dis: 0.988866, CTCLoss: 0.795335, NRTRLoss: 1.318563, loss: 2.114137, avg_reader_cost: 0.00343 s, avg_batch_cost: 0.56125 s, avg_samples: 81.0, ips: 144.32199 samples/s, eta: 1:43:00, max_mem_reserved: 19535 MB, max_mem_allocated: 14171 MB
[2025/10/31 13:52:52] ppocr INFO: epoch: [11/20], global_step: 11490, lr: 0.000061, acc: 0.890625, norm_edit_dis: 0.988641, CTCLoss: 0.684820, NRTRLoss: 1.316119, loss: 2.000305, avg_reader_cost: 0.00357 s, avg_batch_cost: 0.61168 s, avg_samples: 89.5, ips: 146.31917 samples/s, eta: 1:42:54, max_mem_reserved: 19535 MB, max_mem_allocated: 14171 MB
[2025/10/31 13:52:58] ppocr INFO: epoch: [11/20], global_step: 11500, lr: 0.000061, acc: 0.888235, norm_edit_dis: 0.988938, CTCLoss: 0.626502, NRTRLoss: 1.316432, loss: 1.943558, avg_reader_cost: 0.00294 s, avg_batch_cost: 0.58906 s, avg_samples: 95.8, ips: 162.63087 samples/s, eta: 1:42:48, max_mem_reserved: 19535 MB, max_mem_allocated: 14171 MB
[2025/10/31 13:53:29] ppocr INFO: cur metric, acc: 0.9244999990755001, norm_edit_dis: 0.9928530476661496, fps: 766.3111641306572
[2025/10/31 13:53:29] ppocr INFO: best metric, acc: 0.9275999990724, is_float16: False, norm_edit_dis: 0.9932961027778084, fps: 758.0374657712786, best_epoch: 11
[2025/10/31 13:53:36] ppocr INFO: epoch: [11/20], global_step: 11510, lr: 0.000061, acc: 0.781250, norm_edit_dis: 0.974896, CTCLoss: 1.440631, NRTRLoss: 1.322720, loss: 2.769486, avg_reader_cost: 0.00312 s, avg_batch_cost: 0.68866 s, avg_samples: 123.7, ips: 179.62382 samples/s, eta: 1:42:42, max_mem_reserved: 19535 MB, max_mem_allocated: 14171 MB
[2025/10/31 13:53:43] ppocr INFO: epoch: [11/20], global_step: 11520, lr: 0.000061, acc: 0.769531, norm_edit_dis: 0.974205, CTCLoss: 1.452917, NRTRLoss: 1.321770, loss: 2.778360, avg_reader_cost: 0.00299 s, avg_batch_cost: 0.62831 s, avg_samples: 98.0, ips: 155.97456 samples/s, eta: 1:42:36, max_mem_reserved: 19535 MB, max_mem_allocated: 14171 MB
[2025/10/31 13:53:49] ppocr INFO: epoch: [11/20], global_step: 11530, lr: 0.000061, acc: 0.847059, norm_edit_dis: 0.985825, CTCLoss: 0.814446, NRTRLoss: 1.316753, loss: 2.131741, avg_reader_cost: 0.00299 s, avg_batch_cost: 0.61615 s, avg_samples: 106.5, ips: 172.84842 samples/s, eta: 1:42:30, max_mem_reserved: 19535 MB, max_mem_allocated: 14171 MB
[2025/10/31 13:53:55] ppocr INFO: epoch: [11/20], global_step: 11540, lr: 0.000061, acc: 0.841176, norm_edit_dis: 0.985825, CTCLoss: 0.721086, NRTRLoss: 1.315804, loss: 2.035382, avg_reader_cost: 0.00294 s, avg_batch_cost: 0.59295 s, avg_samples: 93.7, ips: 158.02437 samples/s, eta: 1:42:24, max_mem_reserved: 19535 MB, max_mem_allocated: 14171 MB
[2025/10/31 13:54:01] ppocr INFO: epoch: [11/20], global_step: 11550, lr: 0.000061, acc: 0.878676, norm_edit_dis: 0.990515, CTCLoss: 0.580962, NRTRLoss: 1.315466, loss: 1.899947, avg_reader_cost: 0.00297 s, avg_batch_cost: 0.58153 s, avg_samples: 81.0, ips: 139.28813 samples/s, eta: 1:42:18, max_mem_reserved: 19535 MB, max_mem_allocated: 14171 MB
[2025/10/31 13:54:32] ppocr INFO: cur metric, acc: 0.9228999990771001, norm_edit_dis: 0.9927787682210313, fps: 760.5695364401731
[2025/10/31 13:54:32] ppocr INFO: best metric, acc: 0.9275999990724, is_float16: False, norm_edit_dis: 0.9932961027778084, fps: 758.0374657712786, best_epoch: 11
[2025/10/31 13:54:38] ppocr INFO: epoch: [11/20], global_step: 11560, lr: 0.000061, acc: 0.886489, norm_edit_dis: 0.989335, CTCLoss: 0.515516, NRTRLoss: 1.315209, loss: 1.826094, avg_reader_cost: 0.00296 s, avg_batch_cost: 0.57842 s, avg_samples: 87.3, ips: 150.92965 samples/s, eta: 1:42:12, max_mem_reserved: 19535 MB, max_mem_allocated: 14171 MB
[2025/10/31 13:54:44] ppocr INFO: epoch: [11/20], global_step: 11570, lr: 0.000061, acc: 0.864981, norm_edit_dis: 0.988238, CTCLoss: 0.832366, NRTRLoss: 1.316369, loss: 2.156376, avg_reader_cost: 0.00301 s, avg_batch_cost: 0.65700 s, avg_samples: 106.6, ips: 162.25289 samples/s, eta: 1:42:06, max_mem_reserved: 19535 MB, max_mem_allocated: 14171 MB
[2025/10/31 13:54:51] ppocr INFO: epoch: [11/20], global_step: 11580, lr: 0.000060, acc: 0.867187, norm_edit_dis: 0.986858, CTCLoss: 0.867628, NRTRLoss: 1.317038, loss: 2.190230, avg_reader_cost: 0.00297 s, avg_batch_cost: 0.61260 s, avg_samples: 87.4, ips: 142.67036 samples/s, eta: 1:42:00, max_mem_reserved: 19535 MB, max_mem_allocated: 14171 MB
[2025/10/31 13:54:57] ppocr INFO: epoch: [11/20], global_step: 11590, lr: 0.000060, acc: 0.859375, norm_edit_dis: 0.983729, CTCLoss: 0.958093, NRTRLoss: 1.318639, loss: 2.280886, avg_reader_cost: 0.00294 s, avg_batch_cost: 0.63111 s, avg_samples: 108.7, ips: 172.23506 samples/s, eta: 1:41:55, max_mem_reserved: 19535 MB, max_mem_allocated: 14171 MB
[2025/10/31 13:55:03] ppocr INFO: epoch: [11/20], global_step: 11600, lr: 0.000060, acc: 0.777344, norm_edit_dis: 0.976041, CTCLoss: 1.153955, NRTRLoss: 1.318999, loss: 2.474992, avg_reader_cost: 0.00301 s, avg_batch_cost: 0.62994 s, avg_samples: 102.3, ips: 162.39565 samples/s, eta: 1:41:49, max_mem_reserved: 19535 MB, max_mem_allocated: 14171 MB
[2025/10/31 13:55:35] ppocr INFO: cur metric, acc: 0.9093999990906, norm_edit_dis: 0.9917021090710769, fps: 724.8992698093837
[2025/10/31 13:55:35] ppocr INFO: best metric, acc: 0.9275999990724, is_float16: False, norm_edit_dis: 0.9932961027778084, fps: 758.0374657712786, best_epoch: 11
[2025/10/31 13:55:40] ppocr INFO: epoch: [11/20], global_step: 11610, lr: 0.000060, acc: 0.894118, norm_edit_dis: 0.991196, CTCLoss: 0.541474, NRTRLoss: 1.314322, loss: 1.859094, avg_reader_cost: 0.00297 s, avg_batch_cost: 0.52895 s, avg_samples: 80.9, ips: 152.94506 samples/s, eta: 1:41:42, max_mem_reserved: 19535 MB, max_mem_allocated: 14171 MB
[2025/10/31 13:55:46] ppocr INFO: epoch: [11/20], global_step: 11620, lr: 0.000060, acc: 0.882353, norm_edit_dis: 0.990019, CTCLoss: 0.689178, NRTRLoss: 1.314276, loss: 2.004006, avg_reader_cost: 0.00295 s, avg_batch_cost: 0.59648 s, avg_samples: 98.0, ips: 164.29778 samples/s, eta: 1:41:36, max_mem_reserved: 19535 MB, max_mem_allocated: 14171 MB
[2025/10/31 13:55:52] ppocr INFO: epoch: [11/20], global_step: 11630, lr: 0.000060, acc: 0.882353, norm_edit_dis: 0.988546, CTCLoss: 0.772447, NRTRLoss: 1.317006, loss: 2.088464, avg_reader_cost: 0.00307 s, avg_batch_cost: 0.57207 s, avg_samples: 93.8, ips: 163.96682 samples/s, eta: 1:41:30, max_mem_reserved: 19535 MB, max_mem_allocated: 14171 MB
[2025/10/31 13:55:57] ppocr INFO: epoch: [11/20], global_step: 11640, lr: 0.000060, acc: 0.886489, norm_edit_dis: 0.988656, CTCLoss: 0.657220, NRTRLoss: 1.316285, loss: 1.971861, avg_reader_cost: 0.00289 s, avg_batch_cost: 0.56089 s, avg_samples: 80.9, ips: 144.23478 samples/s, eta: 1:41:23, max_mem_reserved: 19535 MB, max_mem_allocated: 14171 MB
[2025/10/31 13:56:04] ppocr INFO: epoch: [11/20], global_step: 11650, lr: 0.000060, acc: 0.859099, norm_edit_dis: 0.987341, CTCLoss: 0.729827, NRTRLoss: 1.318181, loss: 2.045623, avg_reader_cost: 0.00295 s, avg_batch_cost: 0.64200 s, avg_samples: 100.2, ips: 156.07410 samples/s, eta: 1:41:18, max_mem_reserved: 19535 MB, max_mem_allocated: 14171 MB
[2025/10/31 13:56:35] ppocr INFO: cur metric, acc: 0.9193999990806, norm_edit_dis: 0.9925866984823906, fps: 733.0048821682188
[2025/10/31 13:56:35] ppocr INFO: best metric, acc: 0.9275999990724, is_float16: False, norm_edit_dis: 0.9932961027778084, fps: 758.0374657712786, best_epoch: 11
[2025/10/31 13:56:42] ppocr INFO: epoch: [11/20], global_step: 11660, lr: 0.000060, acc: 0.775000, norm_edit_dis: 0.977641, CTCLoss: 1.416367, NRTRLoss: 1.318815, loss: 2.735182, avg_reader_cost: 0.00332 s, avg_batch_cost: 0.64992 s, avg_samples: 106.6, ips: 164.01914 samples/s, eta: 1:41:12, max_mem_reserved: 19535 MB, max_mem_allocated: 14171 MB
[2025/10/31 13:56:48] ppocr INFO: epoch: [11/20], global_step: 11670, lr: 0.000060, acc: 0.878676, norm_edit_dis: 0.988188, CTCLoss: 0.737861, NRTRLoss: 1.315625, loss: 2.049201, avg_reader_cost: 0.00292 s, avg_batch_cost: 0.56071 s, avg_samples: 83.1, ips: 148.20391 samples/s, eta: 1:41:05, max_mem_reserved: 19535 MB, max_mem_allocated: 14171 MB
[2025/10/31 13:56:53] ppocr INFO: epoch: [11/20], global_step: 11680, lr: 0.000060, acc: 0.892371, norm_edit_dis: 0.990984, CTCLoss: 0.587370, NRTRLoss: 1.313430, loss: 1.899717, avg_reader_cost: 0.00329 s, avg_batch_cost: 0.56476 s, avg_samples: 81.0, ips: 143.42474 samples/s, eta: 1:40:59, max_mem_reserved: 19535 MB, max_mem_allocated: 14171 MB
[2025/10/31 13:56:59] ppocr INFO: epoch: [11/20], global_step: 11690, lr: 0.000060, acc: 0.882353, norm_edit_dis: 0.990941, CTCLoss: 0.549184, NRTRLoss: 1.313605, loss: 1.865168, avg_reader_cost: 0.00293 s, avg_batch_cost: 0.53616 s, avg_samples: 76.7, ips: 143.05514 samples/s, eta: 1:40:53, max_mem_reserved: 19535 MB, max_mem_allocated: 14171 MB
[2025/10/31 13:57:04] ppocr INFO: epoch: [11/20], global_step: 11700, lr: 0.000060, acc: 0.900000, norm_edit_dis: 0.991918, CTCLoss: 0.457788, NRTRLoss: 1.313447, loss: 1.776812, avg_reader_cost: 0.00312 s, avg_batch_cost: 0.58496 s, avg_samples: 76.7, ips: 131.12076 samples/s, eta: 1:40:46, max_mem_reserved: 19535 MB, max_mem_allocated: 14171 MB
[2025/10/31 13:57:35] ppocr INFO: cur metric, acc: 0.9199999990800001, norm_edit_dis: 0.9922591182826398, fps: 755.1586116941681
[2025/10/31 13:57:35] ppocr INFO: best metric, acc: 0.9275999990724, is_float16: False, norm_edit_dis: 0.9932961027778084, fps: 758.0374657712786, best_epoch: 11
[2025/10/31 13:57:41] ppocr INFO: epoch: [11/20], global_step: 11710, lr: 0.000060, acc: 0.890441, norm_edit_dis: 0.991279, CTCLoss: 0.450287, NRTRLoss: 1.312905, loss: 1.768778, avg_reader_cost: 0.00301 s, avg_batch_cost: 0.60479 s, avg_samples: 95.9, ips: 158.56725 samples/s, eta: 1:40:40, max_mem_reserved: 19535 MB, max_mem_allocated: 14171 MB
[2025/10/31 13:57:47] ppocr INFO: epoch: [11/20], global_step: 11720, lr: 0.000060, acc: 0.872794, norm_edit_dis: 0.987531, CTCLoss: 0.658584, NRTRLoss: 1.314370, loss: 1.973638, avg_reader_cost: 0.00293 s, avg_batch_cost: 0.59734 s, avg_samples: 85.2, ips: 142.63288 samples/s, eta: 1:40:34, max_mem_reserved: 19535 MB, max_mem_allocated: 14171 MB
[2025/10/31 13:57:53] ppocr INFO: epoch: [11/20], global_step: 11730, lr: 0.000059, acc: 0.875000, norm_edit_dis: 0.989125, CTCLoss: 0.690834, NRTRLoss: 1.314248, loss: 2.005624, avg_reader_cost: 0.00337 s, avg_batch_cost: 0.56759 s, avg_samples: 93.7, ips: 165.08422 samples/s, eta: 1:40:28, max_mem_reserved: 19535 MB, max_mem_allocated: 14171 MB
[2025/10/31 13:57:59] ppocr INFO: epoch: [11/20], global_step: 11740, lr: 0.000059, acc: 0.886489, norm_edit_dis: 0.990326, CTCLoss: 0.515062, NRTRLoss: 1.313906, loss: 1.833786, avg_reader_cost: 0.00292 s, avg_batch_cost: 0.55960 s, avg_samples: 87.4, ips: 156.18370 samples/s, eta: 1:40:21, max_mem_reserved: 19535 MB, max_mem_allocated: 14171 MB
[2025/10/31 13:58:05] ppocr INFO: epoch: [11/20], global_step: 11750, lr: 0.000059, acc: 0.882353, norm_edit_dis: 0.986443, CTCLoss: 0.599872, NRTRLoss: 1.316106, loss: 1.914892, avg_reader_cost: 0.00291 s, avg_batch_cost: 0.63501 s, avg_samples: 106.5, ips: 167.71357 samples/s, eta: 1:40:16, max_mem_reserved: 19535 MB, max_mem_allocated: 14171 MB
[2025/10/31 13:58:37] ppocr INFO: cur metric, acc: 0.9205999990794, norm_edit_dis: 0.9928402932631183, fps: 736.7172386804021
[2025/10/31 13:58:37] ppocr INFO: best metric, acc: 0.9275999990724, is_float16: False, norm_edit_dis: 0.9932961027778084, fps: 758.0374657712786, best_epoch: 11
[2025/10/31 13:58:43] ppocr INFO: epoch: [11/20], global_step: 11760, lr: 0.000059, acc: 0.886489, norm_edit_dis: 0.990069, CTCLoss: 0.907677, NRTRLoss: 1.315102, loss: 2.225130, avg_reader_cost: 0.00301 s, avg_batch_cost: 0.58041 s, avg_samples: 87.4, ips: 150.58384 samples/s, eta: 1:40:09, max_mem_reserved: 19535 MB, max_mem_allocated: 14171 MB
[2025/10/31 13:58:49] ppocr INFO: epoch: [11/20], global_step: 11770, lr: 0.000059, acc: 0.882353, norm_edit_dis: 0.990345, CTCLoss: 0.722508, NRTRLoss: 1.314259, loss: 2.032157, avg_reader_cost: 0.00335 s, avg_batch_cost: 0.64615 s, avg_samples: 102.3, ips: 158.32331 samples/s, eta: 1:40:04, max_mem_reserved: 19535 MB, max_mem_allocated: 14171 MB
[2025/10/31 13:58:55] ppocr INFO: epoch: [11/20], global_step: 11780, lr: 0.000059, acc: 0.878676, norm_edit_dis: 0.990650, CTCLoss: 0.631894, NRTRLoss: 1.317127, loss: 1.945250, avg_reader_cost: 0.00302 s, avg_batch_cost: 0.60410 s, avg_samples: 89.5, ips: 148.15474 samples/s, eta: 1:39:58, max_mem_reserved: 19535 MB, max_mem_allocated: 14171 MB
[2025/10/31 13:59:02] ppocr INFO: epoch: [11/20], global_step: 11790, lr: 0.000059, acc: 0.892371, norm_edit_dis: 0.991267, CTCLoss: 0.558138, NRTRLoss: 1.317433, loss: 1.872621, avg_reader_cost: 0.00295 s, avg_batch_cost: 0.62666 s, avg_samples: 93.7, ips: 149.52317 samples/s, eta: 1:39:52, max_mem_reserved: 19535 MB, max_mem_allocated: 14171 MB
[2025/10/31 13:59:08] ppocr INFO: epoch: [11/20], global_step: 11800, lr: 0.000059, acc: 0.890441, norm_edit_dis: 0.989255, CTCLoss: 0.551640, NRTRLoss: 1.318550, loss: 1.869523, avg_reader_cost: 0.00296 s, avg_batch_cost: 0.61556 s, avg_samples: 89.6, ips: 145.55920 samples/s, eta: 1:39:46, max_mem_reserved: 19535 MB, max_mem_allocated: 14171 MB
[2025/10/31 13:59:41] ppocr INFO: cur metric, acc: 0.9250999990749, norm_edit_dis: 0.9929368858802241, fps: 747.2822429228512
[2025/10/31 13:59:41] ppocr INFO: best metric, acc: 0.9275999990724, is_float16: False, norm_edit_dis: 0.9932961027778084, fps: 758.0374657712786, best_epoch: 11
[2025/10/31 13:59:46] ppocr INFO: epoch: [11/20], global_step: 11810, lr: 0.000059, acc: 0.886489, norm_edit_dis: 0.990180, CTCLoss: 0.740854, NRTRLoss: 1.318292, loss: 2.055969, avg_reader_cost: 0.00300 s, avg_batch_cost: 0.56059 s, avg_samples: 83.1, ips: 148.23744 samples/s, eta: 1:39:40, max_mem_reserved: 19535 MB, max_mem_allocated: 14171 MB
[2025/10/31 13:59:52] ppocr INFO: epoch: [11/20], global_step: 11820, lr: 0.000059, acc: 0.876470, norm_edit_dis: 0.990072, CTCLoss: 0.826814, NRTRLoss: 1.315654, loss: 2.140149, avg_reader_cost: 0.00296 s, avg_batch_cost: 0.60944 s, avg_samples: 98.0, ips: 160.80243 samples/s, eta: 1:39:34, max_mem_reserved: 19535 MB, max_mem_allocated: 14171 MB
[2025/10/31 13:59:58] ppocr INFO: epoch: [11/20], global_step: 11830, lr: 0.000059, acc: 0.886489, norm_edit_dis: 0.990072, CTCLoss: 0.607704, NRTRLoss: 1.315696, loss: 1.921883, avg_reader_cost: 0.00363 s, avg_batch_cost: 0.55033 s, avg_samples: 74.5, ips: 135.37289 samples/s, eta: 1:39:27, max_mem_reserved: 19535 MB, max_mem_allocated: 14171 MB
[2025/10/31 14:00:04] ppocr INFO: epoch: [11/20], global_step: 11840, lr: 0.000059, acc: 0.875000, norm_edit_dis: 0.988278, CTCLoss: 0.733557, NRTRLoss: 1.316812, loss: 2.050369, avg_reader_cost: 0.00327 s, avg_batch_cost: 0.64869 s, avg_samples: 113.0, ips: 174.19703 samples/s, eta: 1:39:21, max_mem_reserved: 19535 MB, max_mem_allocated: 14171 MB
[2025/10/31 14:00:10] ppocr INFO: epoch: [11/20], global_step: 11850, lr: 0.000059, acc: 0.849357, norm_edit_dis: 0.985077, CTCLoss: 0.914047, NRTRLoss: 1.317724, loss: 2.235490, avg_reader_cost: 0.00295 s, avg_batch_cost: 0.55585 s, avg_samples: 81.0, ips: 145.72198 samples/s, eta: 1:39:15, max_mem_reserved: 19535 MB, max_mem_allocated: 14171 MB
[2025/10/31 14:00:41] ppocr INFO: cur metric, acc: 0.9204999990795, norm_edit_dis: 0.9924164250954424, fps: 747.506718250991
[2025/10/31 14:00:41] ppocr INFO: best metric, acc: 0.9275999990724, is_float16: False, norm_edit_dis: 0.9932961027778084, fps: 758.0374657712786, best_epoch: 11
[2025/10/31 14:00:47] ppocr INFO: epoch: [11/20], global_step: 11860, lr: 0.000059, acc: 0.892371, norm_edit_dis: 0.989376, CTCLoss: 0.686291, NRTRLoss: 1.314478, loss: 2.006408, avg_reader_cost: 0.00299 s, avg_batch_cost: 0.59544 s, avg_samples: 102.3, ips: 171.80701 samples/s, eta: 1:39:09, max_mem_reserved: 19535 MB, max_mem_allocated: 14171 MB
[2025/10/31 14:00:53] ppocr INFO: epoch: [11/20], global_step: 11870, lr: 0.000058, acc: 0.831709, norm_edit_dis: 0.982697, CTCLoss: 0.922465, NRTRLoss: 1.319543, loss: 2.263280, avg_reader_cost: 0.00290 s, avg_batch_cost: 0.60401 s, avg_samples: 98.0, ips: 162.24841 samples/s, eta: 1:39:03, max_mem_reserved: 19535 MB, max_mem_allocated: 14171 MB
[2025/10/31 14:01:00] ppocr INFO: epoch: [11/20], global_step: 11880, lr: 0.000058, acc: 0.847334, norm_edit_dis: 0.984977, CTCLoss: 0.823587, NRTRLoss: 1.320215, loss: 2.144849, avg_reader_cost: 0.00293 s, avg_batch_cost: 0.61220 s, avg_samples: 91.7, ips: 149.78880 samples/s, eta: 1:38:57, max_mem_reserved: 19535 MB, max_mem_allocated: 14171 MB
[2025/10/31 14:01:06] ppocr INFO: epoch: [11/20], global_step: 11890, lr: 0.000058, acc: 0.859375, norm_edit_dis: 0.988338, CTCLoss: 0.701797, NRTRLoss: 1.320215, loss: 2.016740, avg_reader_cost: 0.00299 s, avg_batch_cost: 0.62454 s, avg_samples: 98.0, ips: 156.91490 samples/s, eta: 1:38:51, max_mem_reserved: 19535 MB, max_mem_allocated: 14171 MB
[2025/10/31 14:01:12] ppocr INFO: epoch: [11/20], global_step: 11900, lr: 0.000058, acc: 0.859375, norm_edit_dis: 0.987020, CTCLoss: 0.909866, NRTRLoss: 1.316205, loss: 2.226400, avg_reader_cost: 0.00340 s, avg_batch_cost: 0.63874 s, avg_samples: 102.3, ips: 160.15788 samples/s, eta: 1:38:45, max_mem_reserved: 19535 MB, max_mem_allocated: 14171 MB
[2025/10/31 14:01:44] ppocr INFO: cur metric, acc: 0.9244999990755001, norm_edit_dis: 0.9930829686930166, fps: 755.4166735031663
[2025/10/31 14:01:44] ppocr INFO: best metric, acc: 0.9275999990724, is_float16: False, norm_edit_dis: 0.9932961027778084, fps: 758.0374657712786, best_epoch: 11
[2025/10/31 14:01:50] ppocr INFO: epoch: [11/20], global_step: 11910, lr: 0.000058, acc: 0.864981, norm_edit_dis: 0.985961, CTCLoss: 0.860667, NRTRLoss: 1.316915, loss: 2.178701, avg_reader_cost: 0.00295 s, avg_batch_cost: 0.58561 s, avg_samples: 95.9, ips: 163.76132 samples/s, eta: 1:38:39, max_mem_reserved: 19535 MB, max_mem_allocated: 14171 MB
[2025/10/31 14:01:56] ppocr INFO: epoch: [11/20], global_step: 11920, lr: 0.000058, acc: 0.905882, norm_edit_dis: 0.988932, CTCLoss: 0.747360, NRTRLoss: 1.318103, loss: 2.060232, avg_reader_cost: 0.00293 s, avg_batch_cost: 0.58858 s, avg_samples: 93.8, ips: 159.36584 samples/s, eta: 1:38:33, max_mem_reserved: 19535 MB, max_mem_allocated: 14171 MB
[2025/10/31 14:02:02] ppocr INFO: epoch: [11/20], global_step: 11930, lr: 0.000058, acc: 0.864706, norm_edit_dis: 0.989423, CTCLoss: 0.775362, NRTRLoss: 1.317026, loss: 2.091127, avg_reader_cost: 0.00294 s, avg_batch_cost: 0.59567 s, avg_samples: 100.2, ips: 168.21424 samples/s, eta: 1:38:27, max_mem_reserved: 19535 MB, max_mem_allocated: 14171 MB
[2025/10/31 14:02:08] ppocr INFO: epoch: [11/20], global_step: 11940, lr: 0.000058, acc: 0.829779, norm_edit_dis: 0.985614, CTCLoss: 0.913696, NRTRLoss: 1.318287, loss: 2.234715, avg_reader_cost: 0.00293 s, avg_batch_cost: 0.60772 s, avg_samples: 98.0, ips: 161.25719 samples/s, eta: 1:38:21, max_mem_reserved: 19535 MB, max_mem_allocated: 14171 MB
[2025/10/31 14:02:11] ppocr INFO: epoch: [11/20], global_step: 11946, lr: 0.000058, acc: 0.835937, norm_edit_dis: 0.982977, CTCLoss: 0.907285, NRTRLoss: 1.318688, loss: 2.222713, avg_reader_cost: 0.00176 s, avg_batch_cost: 0.36062 s, avg_samples: 59.7, ips: 165.54686 samples/s, eta: 1:38:17, max_mem_reserved: 19535 MB, max_mem_allocated: 14171 MB
[2025/10/31 14:02:15] ppocr INFO: save model in ./output/latest
[2025/10/31 14:02:16] ppocr INFO: save model in ./output/iter_epoch_11
[2025/10/31 14:02:19] ppocr INFO: epoch: [12/20], global_step: 11950, lr: 0.000058, acc: 0.835937, norm_edit_dis: 0.982977, CTCLoss: 0.819807, NRTRLoss: 1.318688, loss: 2.138068, avg_reader_cost: 0.57178 s, avg_batch_cost: 0.80057 s, avg_samples: 34.1, ips: 42.59467 samples/s, eta: 1:38:19, max_mem_reserved: 19535 MB, max_mem_allocated: 14171 MB
[2025/10/31 14:02:49] ppocr INFO: cur metric, acc: 0.9216999990783, norm_edit_dis: 0.9927525708632112, fps: 790.5593622001667
[2025/10/31 14:02:49] ppocr INFO: best metric, acc: 0.9275999990724, is_float16: False, norm_edit_dis: 0.9932961027778084, fps: 758.0374657712786, best_epoch: 11
[2025/10/31 14:02:55] ppocr INFO: epoch: [12/20], global_step: 11960, lr: 0.000058, acc: 0.870864, norm_edit_dis: 0.984444, CTCLoss: 0.762972, NRTRLoss: 1.316009, loss: 2.077173, avg_reader_cost: 0.00312 s, avg_batch_cost: 0.57197 s, avg_samples: 87.4, ips: 152.80424 samples/s, eta: 1:38:13, max_mem_reserved: 19535 MB, max_mem_allocated: 14171 MB
[2025/10/31 14:03:01] ppocr INFO: epoch: [12/20], global_step: 11970, lr: 0.000058, acc: 0.886489, norm_edit_dis: 0.988040, CTCLoss: 0.782007, NRTRLoss: 1.317746, loss: 2.094841, avg_reader_cost: 0.00294 s, avg_batch_cost: 0.56914 s, avg_samples: 89.6, ips: 157.42945 samples/s, eta: 1:38:07, max_mem_reserved: 19535 MB, max_mem_allocated: 14171 MB
[2025/10/31 14:03:07] ppocr INFO: epoch: [12/20], global_step: 11980, lr: 0.000058, acc: 0.882812, norm_edit_dis: 0.987358, CTCLoss: 0.856280, NRTRLoss: 1.317491, loss: 2.172695, avg_reader_cost: 0.00288 s, avg_batch_cost: 0.58392 s, avg_samples: 91.6, ips: 156.87063 samples/s, eta: 1:38:01, max_mem_reserved: 19535 MB, max_mem_allocated: 14171 MB
[2025/10/31 14:03:12] ppocr INFO: epoch: [12/20], global_step: 11990, lr: 0.000058, acc: 0.886489, norm_edit_dis: 0.987567, CTCLoss: 0.605565, NRTRLoss: 1.317491, loss: 1.919698, avg_reader_cost: 0.00290 s, avg_batch_cost: 0.57522 s, avg_samples: 91.6, ips: 159.24346 samples/s, eta: 1:37:54, max_mem_reserved: 19535 MB, max_mem_allocated: 14171 MB
[2025/10/31 14:03:18] ppocr INFO: epoch: [12/20], global_step: 12000, lr: 0.000058, acc: 0.886489, norm_edit_dis: 0.989218, CTCLoss: 0.533983, NRTRLoss: 1.314780, loss: 1.847527, avg_reader_cost: 0.00291 s, avg_batch_cost: 0.58255 s, avg_samples: 89.5, ips: 153.63379 samples/s, eta: 1:37:48, max_mem_reserved: 19535 MB, max_mem_allocated: 14171 MB
[2025/10/31 14:03:50] ppocr INFO: cur metric, acc: 0.9306999990693, norm_edit_dis: 0.99351264279697, fps: 748.4319978275989
[2025/10/31 14:03:52] ppocr INFO: save best model is to ./output/best_accuracy
[2025/10/31 14:03:52] ppocr INFO: best metric, acc: 0.9306999990693, is_float16: False, norm_edit_dis: 0.99351264279697, fps: 748.4319978275989, best_epoch: 12
[2025/10/31 14:03:58] ppocr INFO: epoch: [12/20], global_step: 12010, lr: 0.000057, acc: 0.898437, norm_edit_dis: 0.991164, CTCLoss: 0.573216, NRTRLoss: 1.313709, loss: 1.885713, avg_reader_cost: 0.00295 s, avg_batch_cost: 0.59464 s, avg_samples: 81.0, ips: 136.21800 samples/s, eta: 1:37:42, max_mem_reserved: 19535 MB, max_mem_allocated: 14171 MB
[2025/10/31 14:04:05] ppocr INFO: epoch: [12/20], global_step: 12020, lr: 0.000057, acc: 0.861029, norm_edit_dis: 0.988422, CTCLoss: 1.080770, NRTRLoss: 1.317740, loss: 2.400552, avg_reader_cost: 0.00341 s, avg_batch_cost: 0.62073 s, avg_samples: 106.6, ips: 171.73447 samples/s, eta: 1:37:36, max_mem_reserved: 19535 MB, max_mem_allocated: 14171 MB
[2025/10/31 14:04:11] ppocr INFO: epoch: [12/20], global_step: 12030, lr: 0.000057, acc: 0.872794, norm_edit_dis: 0.987255, CTCLoss: 1.247900, NRTRLoss: 1.317740, loss: 2.568696, avg_reader_cost: 0.00284 s, avg_batch_cost: 0.62654 s, avg_samples: 89.4, ips: 142.68878 samples/s, eta: 1:37:30, max_mem_reserved: 19535 MB, max_mem_allocated: 14171 MB
[2025/10/31 14:04:17] ppocr INFO: epoch: [12/20], global_step: 12040, lr: 0.000057, acc: 0.882353, norm_edit_dis: 0.989798, CTCLoss: 0.620956, NRTRLoss: 1.316256, loss: 1.937895, avg_reader_cost: 0.00289 s, avg_batch_cost: 0.60261 s, avg_samples: 91.6, ips: 152.00600 samples/s, eta: 1:37:24, max_mem_reserved: 19535 MB, max_mem_allocated: 14171 MB
[2025/10/31 14:04:23] ppocr INFO: epoch: [12/20], global_step: 12050, lr: 0.000057, acc: 0.888235, norm_edit_dis: 0.990978, CTCLoss: 0.620030, NRTRLoss: 1.314013, loss: 1.930275, avg_reader_cost: 0.00291 s, avg_batch_cost: 0.57072 s, avg_samples: 87.3, ips: 152.96524 samples/s, eta: 1:37:18, max_mem_reserved: 19535 MB, max_mem_allocated: 14171 MB
[2025/10/31 14:04:55] ppocr INFO: cur metric, acc: 0.9210999990789001, norm_edit_dis: 0.992355748326833, fps: 748.0038269910154
[2025/10/31 14:04:55] ppocr INFO: best metric, acc: 0.9306999990693, is_float16: False, norm_edit_dis: 0.99351264279697, fps: 748.4319978275989, best_epoch: 12
[2025/10/31 14:05:01] ppocr INFO: epoch: [12/20], global_step: 12060, lr: 0.000057, acc: 0.859099, norm_edit_dis: 0.987851, CTCLoss: 0.663498, NRTRLoss: 1.315817, loss: 1.979957, avg_reader_cost: 0.00310 s, avg_batch_cost: 0.57403 s, avg_samples: 100.2, ips: 174.55508 samples/s, eta: 1:37:12, max_mem_reserved: 19535 MB, max_mem_allocated: 14171 MB
[2025/10/31 14:05:07] ppocr INFO: epoch: [12/20], global_step: 12070, lr: 0.000057, acc: 0.816406, norm_edit_dis: 0.982561, CTCLoss: 1.025041, NRTRLoss: 1.316511, loss: 2.340859, avg_reader_cost: 0.00293 s, avg_batch_cost: 0.62254 s, avg_samples: 96.0, ips: 154.20711 samples/s, eta: 1:37:06, max_mem_reserved: 19535 MB, max_mem_allocated: 14171 MB
[2025/10/31 14:05:12] ppocr INFO: epoch: [12/20], global_step: 12080, lr: 0.000057, acc: 0.919761, norm_edit_dis: 0.992109, CTCLoss: 0.644029, NRTRLoss: 1.311524, loss: 1.959047, avg_reader_cost: 0.00291 s, avg_batch_cost: 0.55656 s, avg_samples: 80.9, ips: 145.35631 samples/s, eta: 1:36:59, max_mem_reserved: 19535 MB, max_mem_allocated: 14171 MB
[2025/10/31 14:05:18] ppocr INFO: epoch: [12/20], global_step: 12090, lr: 0.000057, acc: 0.911765, norm_edit_dis: 0.990967, CTCLoss: 0.598970, NRTRLoss: 1.316449, loss: 1.918118, avg_reader_cost: 0.00298 s, avg_batch_cost: 0.58041 s, avg_samples: 98.0, ips: 168.84490 samples/s, eta: 1:36:53, max_mem_reserved: 19535 MB, max_mem_allocated: 14171 MB
[2025/10/31 14:05:24] ppocr INFO: epoch: [12/20], global_step: 12100, lr: 0.000057, acc: 0.849357, norm_edit_dis: 0.983871, CTCLoss: 0.884296, NRTRLoss: 1.317191, loss: 2.201487, avg_reader_cost: 0.00296 s, avg_batch_cost: 0.62180 s, avg_samples: 100.2, ips: 161.14632 samples/s, eta: 1:36:47, max_mem_reserved: 19535 MB, max_mem_allocated: 14171 MB
[2025/10/31 14:05:56] ppocr INFO: cur metric, acc: 0.9177999990822, norm_edit_dis: 0.9920860611042619, fps: 745.8048362382673
[2025/10/31 14:05:56] ppocr INFO: best metric, acc: 0.9306999990693, is_float16: False, norm_edit_dis: 0.99351264279697, fps: 748.4319978275989, best_epoch: 12
[2025/10/31 14:06:03] ppocr INFO: epoch: [12/20], global_step: 12110, lr: 0.000057, acc: 0.828125, norm_edit_dis: 0.981932, CTCLoss: 1.055234, NRTRLoss: 1.316875, loss: 2.374852, avg_reader_cost: 0.00293 s, avg_batch_cost: 0.61410 s, avg_samples: 106.6, ips: 173.58682 samples/s, eta: 1:36:41, max_mem_reserved: 19535 MB, max_mem_allocated: 14171 MB
[2025/10/31 14:06:09] ppocr INFO: epoch: [12/20], global_step: 12120, lr: 0.000057, acc: 0.835616, norm_edit_dis: 0.981242, CTCLoss: 1.108146, NRTRLoss: 1.318505, loss: 2.432100, avg_reader_cost: 0.00369 s, avg_batch_cost: 0.59574 s, avg_samples: 98.0, ips: 164.50057 samples/s, eta: 1:36:35, max_mem_reserved: 19535 MB, max_mem_allocated: 14171 MB
[2025/10/31 14:06:15] ppocr INFO: epoch: [12/20], global_step: 12130, lr: 0.000057, acc: 0.886489, norm_edit_dis: 0.989236, CTCLoss: 0.746646, NRTRLoss: 1.314533, loss: 2.064030, avg_reader_cost: 0.00291 s, avg_batch_cost: 0.62792 s, avg_samples: 97.9, ips: 155.91228 samples/s, eta: 1:36:29, max_mem_reserved: 19535 MB, max_mem_allocated: 14171 MB
[2025/10/31 14:06:21] ppocr INFO: epoch: [12/20], global_step: 12140, lr: 0.000057, acc: 0.905882, norm_edit_dis: 0.990639, CTCLoss: 0.516821, NRTRLoss: 1.312519, loss: 1.827479, avg_reader_cost: 0.00291 s, avg_batch_cost: 0.59556 s, avg_samples: 91.6, ips: 153.80607 samples/s, eta: 1:36:23, max_mem_reserved: 19535 MB, max_mem_allocated: 14171 MB
[2025/10/31 14:06:27] ppocr INFO: epoch: [12/20], global_step: 12150, lr: 0.000056, acc: 0.905882, norm_edit_dis: 0.991257, CTCLoss: 0.677989, NRTRLoss: 1.311080, loss: 1.988110, avg_reader_cost: 0.00346 s, avg_batch_cost: 0.60212 s, avg_samples: 89.5, ips: 148.64060 samples/s, eta: 1:36:17, max_mem_reserved: 19535 MB, max_mem_allocated: 14171 MB
[2025/10/31 14:06:59] ppocr INFO: cur metric, acc: 0.9285999990714, norm_edit_dis: 0.9932473662006064, fps: 763.9377989880725
[2025/10/31 14:06:59] ppocr INFO: best metric, acc: 0.9306999990693, is_float16: False, norm_edit_dis: 0.99351264279697, fps: 748.4319978275989, best_epoch: 12
[2025/10/31 14:07:05] ppocr INFO: epoch: [12/20], global_step: 12160, lr: 0.000056, acc: 0.900000, norm_edit_dis: 0.990500, CTCLoss: 0.531318, NRTRLoss: 1.312066, loss: 1.841833, avg_reader_cost: 0.00300 s, avg_batch_cost: 0.60622 s, avg_samples: 85.2, ips: 140.54404 samples/s, eta: 1:36:11, max_mem_reserved: 19535 MB, max_mem_allocated: 14171 MB
[2025/10/31 14:07:11] ppocr INFO: epoch: [12/20], global_step: 12170, lr: 0.000056, acc: 0.905882, norm_edit_dis: 0.991045, CTCLoss: 0.489468, NRTRLoss: 1.312119, loss: 1.807308, avg_reader_cost: 0.00289 s, avg_batch_cost: 0.59899 s, avg_samples: 87.3, ips: 145.74625 samples/s, eta: 1:36:05, max_mem_reserved: 19535 MB, max_mem_allocated: 14171 MB
[2025/10/31 14:07:16] ppocr INFO: epoch: [12/20], global_step: 12180, lr: 0.000056, acc: 0.898254, norm_edit_dis: 0.989597, CTCLoss: 0.518240, NRTRLoss: 1.312812, loss: 1.829747, avg_reader_cost: 0.00291 s, avg_batch_cost: 0.55597 s, avg_samples: 85.2, ips: 153.24620 samples/s, eta: 1:35:59, max_mem_reserved: 19535 MB, max_mem_allocated: 14171 MB
[2025/10/31 14:07:23] ppocr INFO: epoch: [12/20], global_step: 12190, lr: 0.000056, acc: 0.875000, norm_edit_dis: 0.987629, CTCLoss: 0.592141, NRTRLoss: 1.313594, loss: 1.904797, avg_reader_cost: 0.00388 s, avg_batch_cost: 0.65195 s, avg_samples: 98.0, ips: 150.31833 samples/s, eta: 1:35:53, max_mem_reserved: 19535 MB, max_mem_allocated: 14171 MB
[2025/10/31 14:07:29] ppocr INFO: epoch: [12/20], global_step: 12200, lr: 0.000056, acc: 0.851287, norm_edit_dis: 0.987454, CTCLoss: 0.686761, NRTRLoss: 1.315693, loss: 2.002529, avg_reader_cost: 0.00345 s, avg_batch_cost: 0.59584 s, avg_samples: 98.1, ips: 164.64061 samples/s, eta: 1:35:47, max_mem_reserved: 19535 MB, max_mem_allocated: 14171 MB
[2025/10/31 14:08:00] ppocr INFO: cur metric, acc: 0.920999999079, norm_edit_dis: 0.9928124582121436, fps: 741.7362004269997
[2025/10/31 14:08:00] ppocr INFO: best metric, acc: 0.9306999990693, is_float16: False, norm_edit_dis: 0.99351264279697, fps: 748.4319978275989, best_epoch: 12
[2025/10/31 14:08:06] ppocr INFO: epoch: [12/20], global_step: 12210, lr: 0.000056, acc: 0.839522, norm_edit_dis: 0.987529, CTCLoss: 0.674027, NRTRLoss: 1.317004, loss: 1.995822, avg_reader_cost: 0.00346 s, avg_batch_cost: 0.60655 s, avg_samples: 98.0, ips: 161.56921 samples/s, eta: 1:35:41, max_mem_reserved: 19535 MB, max_mem_allocated: 14171 MB
[2025/10/31 14:08:12] ppocr INFO: epoch: [12/20], global_step: 12220, lr: 0.000056, acc: 0.878676, norm_edit_dis: 0.988693, CTCLoss: 0.525528, NRTRLoss: 1.314751, loss: 1.836865, avg_reader_cost: 0.00293 s, avg_batch_cost: 0.57107 s, avg_samples: 87.3, ips: 152.86989 samples/s, eta: 1:35:35, max_mem_reserved: 19535 MB, max_mem_allocated: 14171 MB
[2025/10/31 14:08:18] ppocr INFO: epoch: [12/20], global_step: 12230, lr: 0.000056, acc: 0.878676, norm_edit_dis: 0.989318, CTCLoss: 0.515926, NRTRLoss: 1.314086, loss: 1.829490, avg_reader_cost: 0.00338 s, avg_batch_cost: 0.55821 s, avg_samples: 87.4, ips: 156.57121 samples/s, eta: 1:35:28, max_mem_reserved: 19535 MB, max_mem_allocated: 14171 MB
[2025/10/31 14:08:24] ppocr INFO: epoch: [12/20], global_step: 12240, lr: 0.000056, acc: 0.886489, norm_edit_dis: 0.989142, CTCLoss: 0.529183, NRTRLoss: 1.316449, loss: 1.846767, avg_reader_cost: 0.00299 s, avg_batch_cost: 0.62499 s, avg_samples: 91.6, ips: 146.56339 samples/s, eta: 1:35:22, max_mem_reserved: 19535 MB, max_mem_allocated: 14171 MB
[2025/10/31 14:08:30] ppocr INFO: epoch: [12/20], global_step: 12250, lr: 0.000056, acc: 0.882353, norm_edit_dis: 0.985633, CTCLoss: 0.815108, NRTRLoss: 1.320026, loss: 2.135134, avg_reader_cost: 0.00297 s, avg_batch_cost: 0.61207 s, avg_samples: 100.1, ips: 163.54216 samples/s, eta: 1:35:16, max_mem_reserved: 19535 MB, max_mem_allocated: 14171 MB
[2025/10/31 14:09:03] ppocr INFO: cur metric, acc: 0.9260999990739001, norm_edit_dis: 0.9933370733624718, fps: 723.4202846557707
[2025/10/31 14:09:03] ppocr INFO: best metric, acc: 0.9306999990693, is_float16: False, norm_edit_dis: 0.99351264279697, fps: 748.4319978275989, best_epoch: 12
[2025/10/31 14:09:09] ppocr INFO: epoch: [12/20], global_step: 12260, lr: 0.000056, acc: 0.800781, norm_edit_dis: 0.979092, CTCLoss: 1.214316, NRTRLoss: 1.320587, loss: 2.539940, avg_reader_cost: 0.00293 s, avg_batch_cost: 0.64366 s, avg_samples: 110.9, ips: 172.29558 samples/s, eta: 1:35:11, max_mem_reserved: 19535 MB, max_mem_allocated: 14171 MB
[2025/10/31 14:09:15] ppocr INFO: epoch: [12/20], global_step: 12270, lr: 0.000056, acc: 0.890625, norm_edit_dis: 0.989799, CTCLoss: 0.599105, NRTRLoss: 1.317519, loss: 1.909224, avg_reader_cost: 0.00296 s, avg_batch_cost: 0.56647 s, avg_samples: 76.7, ips: 135.39951 samples/s, eta: 1:35:04, max_mem_reserved: 19535 MB, max_mem_allocated: 14171 MB
[2025/10/31 14:09:21] ppocr INFO: epoch: [12/20], global_step: 12280, lr: 0.000056, acc: 0.911948, norm_edit_dis: 0.993492, CTCLoss: 0.424376, NRTRLoss: 1.311969, loss: 1.741571, avg_reader_cost: 0.00313 s, avg_batch_cost: 0.57190 s, avg_samples: 91.6, ips: 160.16728 samples/s, eta: 1:34:58, max_mem_reserved: 19535 MB, max_mem_allocated: 14171 MB
[2025/10/31 14:09:27] ppocr INFO: epoch: [12/20], global_step: 12290, lr: 0.000055, acc: 0.892371, norm_edit_dis: 0.990412, CTCLoss: 0.646685, NRTRLoss: 1.314811, loss: 1.963299, avg_reader_cost: 0.00309 s, avg_batch_cost: 0.62930 s, avg_samples: 98.0, ips: 155.72750 samples/s, eta: 1:34:52, max_mem_reserved: 19535 MB, max_mem_allocated: 14171 MB
[2025/10/31 14:09:33] ppocr INFO: epoch: [12/20], global_step: 12300, lr: 0.000055, acc: 0.892371, norm_edit_dis: 0.986236, CTCLoss: 0.775504, NRTRLoss: 1.316158, loss: 2.091745, avg_reader_cost: 0.00310 s, avg_batch_cost: 0.58926 s, avg_samples: 91.6, ips: 155.45007 samples/s, eta: 1:34:46, max_mem_reserved: 19535 MB, max_mem_allocated: 14171 MB
[2025/10/31 14:10:05] ppocr INFO: cur metric, acc: 0.9232999990767, norm_edit_dis: 0.9928412550296245, fps: 741.0128275146636
[2025/10/31 14:10:05] ppocr INFO: best metric, acc: 0.9306999990693, is_float16: False, norm_edit_dis: 0.99351264279697, fps: 748.4319978275989, best_epoch: 12
[2025/10/31 14:10:11] ppocr INFO: epoch: [12/20], global_step: 12310, lr: 0.000055, acc: 0.894301, norm_edit_dis: 0.988034, CTCLoss: 0.711466, NRTRLoss: 1.317676, loss: 2.025932, avg_reader_cost: 0.00284 s, avg_batch_cost: 0.56701 s, avg_samples: 91.6, ips: 161.54860 samples/s, eta: 1:34:40, max_mem_reserved: 19535 MB, max_mem_allocated: 14171 MB
[2025/10/31 14:10:16] ppocr INFO: epoch: [12/20], global_step: 12320, lr: 0.000055, acc: 0.882353, norm_edit_dis: 0.988368, CTCLoss: 0.715364, NRTRLoss: 1.317062, loss: 2.036790, avg_reader_cost: 0.00297 s, avg_batch_cost: 0.59454 s, avg_samples: 91.6, ips: 154.06759 samples/s, eta: 1:34:34, max_mem_reserved: 19535 MB, max_mem_allocated: 14171 MB
[2025/10/31 14:10:23] ppocr INFO: epoch: [12/20], global_step: 12330, lr: 0.000055, acc: 0.802390, norm_edit_dis: 0.978187, CTCLoss: 1.415944, NRTRLoss: 1.319136, loss: 2.738909, avg_reader_cost: 0.00299 s, avg_batch_cost: 0.63864 s, avg_samples: 110.9, ips: 173.64945 samples/s, eta: 1:34:28, max_mem_reserved: 19535 MB, max_mem_allocated: 14171 MB
[2025/10/31 14:10:29] ppocr INFO: epoch: [12/20], global_step: 12340, lr: 0.000055, acc: 0.859375, norm_edit_dis: 0.986170, CTCLoss: 1.171575, NRTRLoss: 1.317676, loss: 2.494013, avg_reader_cost: 0.00325 s, avg_batch_cost: 0.57885 s, avg_samples: 87.3, ips: 150.81644 samples/s, eta: 1:34:22, max_mem_reserved: 19535 MB, max_mem_allocated: 14171 MB
[2025/10/31 14:10:34] ppocr INFO: epoch: [12/20], global_step: 12350, lr: 0.000055, acc: 0.900000, norm_edit_dis: 0.990969, CTCLoss: 0.452509, NRTRLoss: 1.314093, loss: 1.765711, avg_reader_cost: 0.00288 s, avg_batch_cost: 0.56640 s, avg_samples: 83.1, ips: 146.71547 samples/s, eta: 1:34:15, max_mem_reserved: 19535 MB, max_mem_allocated: 14171 MB
[2025/10/31 14:11:06] ppocr INFO: cur metric, acc: 0.9200999990799, norm_edit_dis: 0.9926268828423565, fps: 740.4977447263442
[2025/10/31 14:11:06] ppocr INFO: best metric, acc: 0.9306999990693, is_float16: False, norm_edit_dis: 0.99351264279697, fps: 748.4319978275989, best_epoch: 12
[2025/10/31 14:11:12] ppocr INFO: epoch: [12/20], global_step: 12360, lr: 0.000055, acc: 0.892371, norm_edit_dis: 0.991164, CTCLoss: 0.460875, NRTRLoss: 1.314104, loss: 1.776075, avg_reader_cost: 0.00339 s, avg_batch_cost: 0.58011 s, avg_samples: 85.2, ips: 146.86794 samples/s, eta: 1:34:09, max_mem_reserved: 19535 MB, max_mem_allocated: 14171 MB
[2025/10/31 14:11:18] ppocr INFO: epoch: [12/20], global_step: 12370, lr: 0.000055, acc: 0.886489, norm_edit_dis: 0.990087, CTCLoss: 0.669997, NRTRLoss: 1.315735, loss: 1.989519, avg_reader_cost: 0.00371 s, avg_batch_cost: 0.60099 s, avg_samples: 87.3, ips: 145.25958 samples/s, eta: 1:34:03, max_mem_reserved: 19535 MB, max_mem_allocated: 14171 MB
[2025/10/31 14:11:24] ppocr INFO: epoch: [12/20], global_step: 12380, lr: 0.000055, acc: 0.892371, norm_edit_dis: 0.989617, CTCLoss: 0.722090, NRTRLoss: 1.316926, loss: 2.035083, avg_reader_cost: 0.00300 s, avg_batch_cost: 0.60511 s, avg_samples: 91.5, ips: 151.21150 samples/s, eta: 1:33:57, max_mem_reserved: 19535 MB, max_mem_allocated: 14171 MB
[2025/10/31 14:11:31] ppocr INFO: epoch: [12/20], global_step: 12390, lr: 0.000055, acc: 0.870588, norm_edit_dis: 0.988545, CTCLoss: 0.811281, NRTRLoss: 1.317184, loss: 2.129720, avg_reader_cost: 0.00295 s, avg_batch_cost: 0.62693 s, avg_samples: 102.3, ips: 163.17740 samples/s, eta: 1:33:51, max_mem_reserved: 19535 MB, max_mem_allocated: 14171 MB
[2025/10/31 14:11:36] ppocr INFO: epoch: [12/20], global_step: 12400, lr: 0.000055, acc: 0.847059, norm_edit_dis: 0.985632, CTCLoss: 0.987579, NRTRLoss: 1.318855, loss: 2.305151, avg_reader_cost: 0.00298 s, avg_batch_cost: 0.57159 s, avg_samples: 93.8, ips: 164.10501 samples/s, eta: 1:33:45, max_mem_reserved: 19535 MB, max_mem_allocated: 14171 MB
[2025/10/31 14:12:09] ppocr INFO: cur metric, acc: 0.9194999990805001, norm_edit_dis: 0.9923954982219597, fps: 751.8351181968894
[2025/10/31 14:12:09] ppocr INFO: best metric, acc: 0.9306999990693, is_float16: False, norm_edit_dis: 0.99351264279697, fps: 748.4319978275989, best_epoch: 12
[2025/10/31 14:12:15] ppocr INFO: epoch: [12/20], global_step: 12410, lr: 0.000055, acc: 0.894118, norm_edit_dis: 0.990779, CTCLoss: 0.523928, NRTRLoss: 1.315596, loss: 1.839901, avg_reader_cost: 0.00299 s, avg_batch_cost: 0.58395 s, avg_samples: 83.0, ips: 142.13448 samples/s, eta: 1:33:39, max_mem_reserved: 19535 MB, max_mem_allocated: 14171 MB
[2025/10/31 14:12:21] ppocr INFO: epoch: [12/20], global_step: 12420, lr: 0.000054, acc: 0.900000, norm_edit_dis: 0.991103, CTCLoss: 0.556638, NRTRLoss: 1.314140, loss: 1.872594, avg_reader_cost: 0.00297 s, avg_batch_cost: 0.61536 s, avg_samples: 91.6, ips: 148.85674 samples/s, eta: 1:33:33, max_mem_reserved: 19535 MB, max_mem_allocated: 14171 MB
[2025/10/31 14:12:27] ppocr INFO: epoch: [12/20], global_step: 12430, lr: 0.000054, acc: 0.870588, norm_edit_dis: 0.988871, CTCLoss: 0.637667, NRTRLoss: 1.312803, loss: 1.963094, avg_reader_cost: 0.00301 s, avg_batch_cost: 0.65750 s, avg_samples: 98.0, ips: 149.04877 samples/s, eta: 1:33:27, max_mem_reserved: 19535 MB, max_mem_allocated: 14171 MB
[2025/10/31 14:12:33] ppocr INFO: epoch: [12/20], global_step: 12440, lr: 0.000054, acc: 0.890625, norm_edit_dis: 0.990028, CTCLoss: 0.491322, NRTRLoss: 1.314463, loss: 1.803965, avg_reader_cost: 0.00302 s, avg_batch_cost: 0.53197 s, avg_samples: 72.5, ips: 136.28476 samples/s, eta: 1:33:21, max_mem_reserved: 19535 MB, max_mem_allocated: 14171 MB
[2025/10/31 14:12:39] ppocr INFO: epoch: [12/20], global_step: 12450, lr: 0.000054, acc: 0.900000, norm_edit_dis: 0.990523, CTCLoss: 0.470133, NRTRLoss: 1.315473, loss: 1.787441, avg_reader_cost: 0.00365 s, avg_batch_cost: 0.59680 s, avg_samples: 87.3, ips: 146.27983 samples/s, eta: 1:33:14, max_mem_reserved: 19535 MB, max_mem_allocated: 14171 MB
[2025/10/31 14:13:11] ppocr INFO: cur metric, acc: 0.9217999990782, norm_edit_dis: 0.9927764498671227, fps: 757.2499304234524
[2025/10/31 14:13:11] ppocr INFO: best metric, acc: 0.9306999990693, is_float16: False, norm_edit_dis: 0.99351264279697, fps: 748.4319978275989, best_epoch: 12
[2025/10/31 14:13:17] ppocr INFO: epoch: [12/20], global_step: 12460, lr: 0.000054, acc: 0.900000, norm_edit_dis: 0.990523, CTCLoss: 0.518058, NRTRLoss: 1.318082, loss: 1.833734, avg_reader_cost: 0.00298 s, avg_batch_cost: 0.59858 s, avg_samples: 85.3, ips: 142.50294 samples/s, eta: 1:33:08, max_mem_reserved: 19535 MB, max_mem_allocated: 14171 MB
[2025/10/31 14:13:23] ppocr INFO: epoch: [12/20], global_step: 12470, lr: 0.000054, acc: 0.890625, norm_edit_dis: 0.987820, CTCLoss: 0.804519, NRTRLoss: 1.317578, loss: 2.123518, avg_reader_cost: 0.00297 s, avg_batch_cost: 0.63356 s, avg_samples: 102.2, ips: 161.30988 samples/s, eta: 1:33:03, max_mem_reserved: 19535 MB, max_mem_allocated: 14171 MB
[2025/10/31 14:13:29] ppocr INFO: epoch: [12/20], global_step: 12480, lr: 0.000054, acc: 0.890625, norm_edit_dis: 0.988411, CTCLoss: 0.648594, NRTRLoss: 1.316898, loss: 1.962193, avg_reader_cost: 0.00430 s, avg_batch_cost: 0.61182 s, avg_samples: 91.6, ips: 149.71704 samples/s, eta: 1:32:57, max_mem_reserved: 19535 MB, max_mem_allocated: 14171 MB
[2025/10/31 14:13:35] ppocr INFO: epoch: [12/20], global_step: 12490, lr: 0.000054, acc: 0.882353, norm_edit_dis: 0.989311, CTCLoss: 0.583812, NRTRLoss: 1.317206, loss: 1.896957, avg_reader_cost: 0.00351 s, avg_batch_cost: 0.62686 s, avg_samples: 100.1, ips: 159.68447 samples/s, eta: 1:32:51, max_mem_reserved: 19535 MB, max_mem_allocated: 14171 MB
[2025/10/31 14:13:41] ppocr INFO: epoch: [12/20], global_step: 12500, lr: 0.000054, acc: 0.864706, norm_edit_dis: 0.987933, CTCLoss: 0.743638, NRTRLoss: 1.314662, loss: 2.057683, avg_reader_cost: 0.00352 s, avg_batch_cost: 0.58833 s, avg_samples: 89.4, ips: 151.95452 samples/s, eta: 1:32:45, max_mem_reserved: 19535 MB, max_mem_allocated: 14171 MB
[2025/10/31 14:14:13] ppocr INFO: cur metric, acc: 0.921999999078, norm_edit_dis: 0.9929813214882264, fps: 787.7804832421898
[2025/10/31 14:14:13] ppocr INFO: best metric, acc: 0.9306999990693, is_float16: False, norm_edit_dis: 0.99351264279697, fps: 748.4319978275989, best_epoch: 12
[2025/10/31 14:14:18] ppocr INFO: epoch: [12/20], global_step: 12510, lr: 0.000054, acc: 0.870588, norm_edit_dis: 0.989423, CTCLoss: 0.600934, NRTRLoss: 1.315243, loss: 1.917950, avg_reader_cost: 0.00297 s, avg_batch_cost: 0.55957 s, avg_samples: 91.7, ips: 163.87620 samples/s, eta: 1:32:38, max_mem_reserved: 19535 MB, max_mem_allocated: 14171 MB
[2025/10/31 14:14:24] ppocr INFO: epoch: [12/20], global_step: 12520, lr: 0.000054, acc: 0.906250, norm_edit_dis: 0.991947, CTCLoss: 0.533209, NRTRLoss: 1.314969, loss: 1.845789, avg_reader_cost: 0.00307 s, avg_batch_cost: 0.58710 s, avg_samples: 78.9, ips: 134.38916 samples/s, eta: 1:32:32, max_mem_reserved: 19535 MB, max_mem_allocated: 14171 MB
[2025/10/31 14:14:30] ppocr INFO: epoch: [12/20], global_step: 12530, lr: 0.000054, acc: 0.892371, norm_edit_dis: 0.990752, CTCLoss: 0.521266, NRTRLoss: 1.312737, loss: 1.834238, avg_reader_cost: 0.00307 s, avg_batch_cost: 0.58981 s, avg_samples: 95.9, ips: 162.59371 samples/s, eta: 1:32:26, max_mem_reserved: 19535 MB, max_mem_allocated: 14171 MB
[2025/10/31 14:14:36] ppocr INFO: epoch: [12/20], global_step: 12540, lr: 0.000054, acc: 0.859099, norm_edit_dis: 0.984087, CTCLoss: 0.800613, NRTRLoss: 1.318390, loss: 2.117161, avg_reader_cost: 0.00311 s, avg_batch_cost: 0.60358 s, avg_samples: 100.2, ips: 166.01022 samples/s, eta: 1:32:20, max_mem_reserved: 19535 MB, max_mem_allocated: 14171 MB
[2025/10/31 14:14:42] ppocr INFO: epoch: [12/20], global_step: 12550, lr: 0.000054, acc: 0.864981, norm_edit_dis: 0.988703, CTCLoss: 0.637761, NRTRLoss: 1.316943, loss: 1.954658, avg_reader_cost: 0.00369 s, avg_batch_cost: 0.57171 s, avg_samples: 91.6, ips: 160.22178 samples/s, eta: 1:32:14, max_mem_reserved: 19535 MB, max_mem_allocated: 14171 MB
[2025/10/31 14:15:13] ppocr INFO: cur metric, acc: 0.9249999990750001, norm_edit_dis: 0.9931566707588909, fps: 753.7836513767866
[2025/10/31 14:15:13] ppocr INFO: best metric, acc: 0.9306999990693, is_float16: False, norm_edit_dis: 0.99351264279697, fps: 748.4319978275989, best_epoch: 12
[2025/10/31 14:15:19] ppocr INFO: epoch: [12/20], global_step: 12560, lr: 0.000053, acc: 0.900000, norm_edit_dis: 0.991960, CTCLoss: 0.443324, NRTRLoss: 1.315069, loss: 1.754977, avg_reader_cost: 0.00296 s, avg_batch_cost: 0.60016 s, avg_samples: 87.4, ips: 145.62717 samples/s, eta: 1:32:08, max_mem_reserved: 19535 MB, max_mem_allocated: 14171 MB
[2025/10/31 14:15:25] ppocr INFO: epoch: [12/20], global_step: 12570, lr: 0.000053, acc: 0.894118, norm_edit_dis: 0.990290, CTCLoss: 0.490020, NRTRLoss: 1.314075, loss: 1.804008, avg_reader_cost: 0.00310 s, avg_batch_cost: 0.56503 s, avg_samples: 80.9, ips: 143.17704 samples/s, eta: 1:32:01, max_mem_reserved: 19535 MB, max_mem_allocated: 14171 MB
[2025/10/31 14:15:31] ppocr INFO: epoch: [12/20], global_step: 12580, lr: 0.000053, acc: 0.882812, norm_edit_dis: 0.987917, CTCLoss: 0.632260, NRTRLoss: 1.314465, loss: 1.946217, avg_reader_cost: 0.00299 s, avg_batch_cost: 0.59613 s, avg_samples: 87.4, ips: 146.61255 samples/s, eta: 1:31:55, max_mem_reserved: 19535 MB, max_mem_allocated: 14171 MB
[2025/10/31 14:15:37] ppocr INFO: epoch: [12/20], global_step: 12590, lr: 0.000053, acc: 0.845404, norm_edit_dis: 0.985530, CTCLoss: 0.982847, NRTRLoss: 1.317321, loss: 2.297008, avg_reader_cost: 0.00302 s, avg_batch_cost: 0.63587 s, avg_samples: 93.8, ips: 147.51333 samples/s, eta: 1:31:49, max_mem_reserved: 19535 MB, max_mem_allocated: 14171 MB
[2025/10/31 14:15:43] ppocr INFO: epoch: [12/20], global_step: 12600, lr: 0.000053, acc: 0.847059, norm_edit_dis: 0.985895, CTCLoss: 0.689555, NRTRLoss: 1.316956, loss: 2.008644, avg_reader_cost: 0.00298 s, avg_batch_cost: 0.56856 s, avg_samples: 93.7, ips: 164.80174 samples/s, eta: 1:31:43, max_mem_reserved: 19535 MB, max_mem_allocated: 14171 MB
[2025/10/31 14:16:16] ppocr INFO: cur metric, acc: 0.9282999990717, norm_edit_dis: 0.993451847403959, fps: 726.958809207838
[2025/10/31 14:16:16] ppocr INFO: best metric, acc: 0.9306999990693, is_float16: False, norm_edit_dis: 0.99351264279697, fps: 748.4319978275989, best_epoch: 12
[2025/10/31 14:16:22] ppocr INFO: epoch: [12/20], global_step: 12610, lr: 0.000053, acc: 0.884559, norm_edit_dis: 0.990557, CTCLoss: 0.565713, NRTRLoss: 1.317271, loss: 1.882305, avg_reader_cost: 0.00294 s, avg_batch_cost: 0.56913 s, avg_samples: 87.4, ips: 153.56784 samples/s, eta: 1:31:37, max_mem_reserved: 19535 MB, max_mem_allocated: 14171 MB
[2025/10/31 14:16:28] ppocr INFO: epoch: [12/20], global_step: 12620, lr: 0.000053, acc: 0.905882, norm_edit_dis: 0.991844, CTCLoss: 0.498742, NRTRLoss: 1.315394, loss: 1.811442, avg_reader_cost: 0.00291 s, avg_batch_cost: 0.56940 s, avg_samples: 91.6, ips: 160.87199 samples/s, eta: 1:31:31, max_mem_reserved: 19535 MB, max_mem_allocated: 14171 MB
[2025/10/31 14:16:33] ppocr INFO: epoch: [12/20], global_step: 12630, lr: 0.000053, acc: 0.905882, norm_edit_dis: 0.991559, CTCLoss: 0.455426, NRTRLoss: 1.313530, loss: 1.768380, avg_reader_cost: 0.00292 s, avg_batch_cost: 0.55126 s, avg_samples: 78.9, ips: 143.12653 samples/s, eta: 1:31:24, max_mem_reserved: 19535 MB, max_mem_allocated: 14171 MB
[2025/10/31 14:16:40] ppocr INFO: epoch: [12/20], global_step: 12640, lr: 0.000053, acc: 0.875000, norm_edit_dis: 0.989393, CTCLoss: 0.646088, NRTRLoss: 1.318507, loss: 1.961551, avg_reader_cost: 0.00292 s, avg_batch_cost: 0.62841 s, avg_samples: 106.6, ips: 169.63470 samples/s, eta: 1:31:18, max_mem_reserved: 19535 MB, max_mem_allocated: 14171 MB
[2025/10/31 14:16:46] ppocr INFO: epoch: [12/20], global_step: 12650, lr: 0.000053, acc: 0.769531, norm_edit_dis: 0.974803, CTCLoss: 1.454454, NRTRLoss: 1.322263, loss: 2.778116, avg_reader_cost: 0.00299 s, avg_batch_cost: 0.63665 s, avg_samples: 110.8, ips: 174.03526 samples/s, eta: 1:31:12, max_mem_reserved: 19535 MB, max_mem_allocated: 14171 MB
[2025/10/31 14:17:20] ppocr INFO: cur metric, acc: 0.900999999099, norm_edit_dis: 0.9907165622936259, fps: 725.6755075242633
[2025/10/31 14:17:20] ppocr INFO: best metric, acc: 0.9306999990693, is_float16: False, norm_edit_dis: 0.99351264279697, fps: 748.4319978275989, best_epoch: 12
[2025/10/31 14:17:25] ppocr INFO: epoch: [12/20], global_step: 12660, lr: 0.000053, acc: 0.870588, norm_edit_dis: 0.987457, CTCLoss: 0.625619, NRTRLoss: 1.314191, loss: 1.945209, avg_reader_cost: 0.00360 s, avg_batch_cost: 0.54750 s, avg_samples: 78.8, ips: 143.92808 samples/s, eta: 1:31:06, max_mem_reserved: 19535 MB, max_mem_allocated: 14171 MB
[2025/10/31 14:17:31] ppocr INFO: epoch: [12/20], global_step: 12670, lr: 0.000053, acc: 0.906066, norm_edit_dis: 0.990851, CTCLoss: 0.533204, NRTRLoss: 1.314111, loss: 1.844916, avg_reader_cost: 0.00345 s, avg_batch_cost: 0.60855 s, avg_samples: 93.8, ips: 154.13801 samples/s, eta: 1:31:00, max_mem_reserved: 19535 MB, max_mem_allocated: 14171 MB
[2025/10/31 14:17:37] ppocr INFO: epoch: [12/20], global_step: 12680, lr: 0.000053, acc: 0.894118, norm_edit_dis: 0.987784, CTCLoss: 0.896975, NRTRLoss: 1.315630, loss: 2.214871, avg_reader_cost: 0.00337 s, avg_batch_cost: 0.56356 s, avg_samples: 87.4, ips: 155.08531 samples/s, eta: 1:30:54, max_mem_reserved: 19535 MB, max_mem_allocated: 14171 MB
[2025/10/31 14:17:43] ppocr INFO: epoch: [12/20], global_step: 12690, lr: 0.000053, acc: 0.890625, norm_edit_dis: 0.987060, CTCLoss: 0.827854, NRTRLoss: 1.317102, loss: 2.149342, avg_reader_cost: 0.00297 s, avg_batch_cost: 0.62632 s, avg_samples: 104.4, ips: 166.68742 samples/s, eta: 1:30:48, max_mem_reserved: 19535 MB, max_mem_allocated: 14171 MB
[2025/10/31 14:17:49] ppocr INFO: epoch: [12/20], global_step: 12700, lr: 0.000052, acc: 0.878676, norm_edit_dis: 0.987647, CTCLoss: 0.851300, NRTRLoss: 1.317662, loss: 2.174876, avg_reader_cost: 0.00295 s, avg_batch_cost: 0.61557 s, avg_samples: 89.5, ips: 145.39255 samples/s, eta: 1:30:42, max_mem_reserved: 19535 MB, max_mem_allocated: 14171 MB
[2025/10/31 14:18:22] ppocr INFO: cur metric, acc: 0.9333999990666, norm_edit_dis: 0.9938351505878373, fps: 730.2629192977107
[2025/10/31 14:18:25] ppocr INFO: save best model is to ./output/best_accuracy
[2025/10/31 14:18:25] ppocr INFO: best metric, acc: 0.9333999990666, is_float16: False, norm_edit_dis: 0.9938351505878373, fps: 730.2629192977107, best_epoch: 12
[2025/10/31 14:18:31] ppocr INFO: epoch: [12/20], global_step: 12710, lr: 0.000052, acc: 0.886489, norm_edit_dis: 0.988835, CTCLoss: 0.806900, NRTRLoss: 1.314873, loss: 2.120893, avg_reader_cost: 0.00451 s, avg_batch_cost: 0.64391 s, avg_samples: 98.0, ips: 152.19607 samples/s, eta: 1:30:36, max_mem_reserved: 19535 MB, max_mem_allocated: 14171 MB
[2025/10/31 14:18:37] ppocr INFO: epoch: [12/20], global_step: 12720, lr: 0.000052, acc: 0.876470, norm_edit_dis: 0.987746, CTCLoss: 0.715122, NRTRLoss: 1.315100, loss: 2.039808, avg_reader_cost: 0.00373 s, avg_batch_cost: 0.62756 s, avg_samples: 93.7, ips: 149.30903 samples/s, eta: 1:30:30, max_mem_reserved: 19535 MB, max_mem_allocated: 14171 MB
[2025/10/31 14:18:44] ppocr INFO: epoch: [12/20], global_step: 12730, lr: 0.000052, acc: 0.859099, norm_edit_dis: 0.986644, CTCLoss: 0.862426, NRTRLoss: 1.318783, loss: 2.178780, avg_reader_cost: 0.00292 s, avg_batch_cost: 0.63038 s, avg_samples: 106.6, ips: 169.10385 samples/s, eta: 1:30:24, max_mem_reserved: 19535 MB, max_mem_allocated: 14171 MB
[2025/10/31 14:18:49] ppocr INFO: epoch: [12/20], global_step: 12740, lr: 0.000052, acc: 0.814108, norm_edit_dis: 0.981745, CTCLoss: 1.190701, NRTRLoss: 1.318783, loss: 2.521744, avg_reader_cost: 0.00294 s, avg_batch_cost: 0.57197 s, avg_samples: 98.0, ips: 171.33705 samples/s, eta: 1:30:18, max_mem_reserved: 19535 MB, max_mem_allocated: 14171 MB
[2025/10/31 14:18:56] ppocr INFO: epoch: [12/20], global_step: 12750, lr: 0.000052, acc: 0.866912, norm_edit_dis: 0.989675, CTCLoss: 0.506507, NRTRLoss: 1.314991, loss: 1.818148, avg_reader_cost: 0.00293 s, avg_batch_cost: 0.64440 s, avg_samples: 93.8, ips: 145.56225 samples/s, eta: 1:30:12, max_mem_reserved: 19535 MB, max_mem_allocated: 14171 MB
[2025/10/31 14:19:29] ppocr INFO: cur metric, acc: 0.9241999990758, norm_edit_dis: 0.9930271445198684, fps: 727.0061745113019
[2025/10/31 14:19:29] ppocr INFO: best metric, acc: 0.9333999990666, is_float16: False, norm_edit_dis: 0.9938351505878373, fps: 730.2629192977107, best_epoch: 12
[2025/10/31 14:19:35] ppocr INFO: epoch: [12/20], global_step: 12760, lr: 0.000052, acc: 0.820312, norm_edit_dis: 0.981938, CTCLoss: 1.025024, NRTRLoss: 1.315571, loss: 2.343304, avg_reader_cost: 0.00295 s, avg_batch_cost: 0.65525 s, avg_samples: 113.0, ips: 172.45408 samples/s, eta: 1:30:07, max_mem_reserved: 19535 MB, max_mem_allocated: 14171 MB
[2025/10/31 14:19:42] ppocr INFO: epoch: [12/20], global_step: 12770, lr: 0.000052, acc: 0.841544, norm_edit_dis: 0.985219, CTCLoss: 1.025024, NRTRLoss: 1.317128, loss: 2.343304, avg_reader_cost: 0.00298 s, avg_batch_cost: 0.62287 s, avg_samples: 93.7, ips: 150.43154 samples/s, eta: 1:30:01, max_mem_reserved: 19535 MB, max_mem_allocated: 14171 MB
[2025/10/31 14:19:47] ppocr INFO: epoch: [12/20], global_step: 12780, lr: 0.000052, acc: 0.894118, norm_edit_dis: 0.990861, CTCLoss: 0.571288, NRTRLoss: 1.317379, loss: 1.889327, avg_reader_cost: 0.00294 s, avg_batch_cost: 0.58747 s, avg_samples: 89.4, ips: 152.17712 samples/s, eta: 1:29:55, max_mem_reserved: 19535 MB, max_mem_allocated: 14171 MB
[2025/10/31 14:19:53] ppocr INFO: epoch: [12/20], global_step: 12790, lr: 0.000052, acc: 0.905882, norm_edit_dis: 0.992068, CTCLoss: 0.671686, NRTRLoss: 1.319064, loss: 1.992301, avg_reader_cost: 0.00294 s, avg_batch_cost: 0.55206 s, avg_samples: 91.6, ips: 165.92484 samples/s, eta: 1:29:48, max_mem_reserved: 19535 MB, max_mem_allocated: 14171 MB
[2025/10/31 14:19:59] ppocr INFO: epoch: [12/20], global_step: 12800, lr: 0.000052, acc: 0.900000, norm_edit_dis: 0.990713, CTCLoss: 0.545691, NRTRLoss: 1.316221, loss: 1.861528, avg_reader_cost: 0.00293 s, avg_batch_cost: 0.56450 s, avg_samples: 80.9, ips: 143.31140 samples/s, eta: 1:29:42, max_mem_reserved: 19535 MB, max_mem_allocated: 14171 MB
[2025/10/31 14:20:31] ppocr INFO: cur metric, acc: 0.9315999990684001, norm_edit_dis: 0.9936735945040415, fps: 750.9772112303527
[2025/10/31 14:20:31] ppocr INFO: best metric, acc: 0.9333999990666, is_float16: False, norm_edit_dis: 0.9938351505878373, fps: 730.2629192977107, best_epoch: 12
[2025/10/31 14:20:36] ppocr INFO: epoch: [12/20], global_step: 12810, lr: 0.000052, acc: 0.890625, norm_edit_dis: 0.990402, CTCLoss: 0.630226, NRTRLoss: 1.314156, loss: 1.940221, avg_reader_cost: 0.00302 s, avg_batch_cost: 0.54722 s, avg_samples: 87.4, ips: 159.71664 samples/s, eta: 1:29:36, max_mem_reserved: 19535 MB, max_mem_allocated: 14171 MB
[2025/10/31 14:20:42] ppocr INFO: epoch: [12/20], global_step: 12820, lr: 0.000052, acc: 0.870588, norm_edit_dis: 0.989676, CTCLoss: 0.630226, NRTRLoss: 1.314087, loss: 1.940221, avg_reader_cost: 0.00301 s, avg_batch_cost: 0.61787 s, avg_samples: 91.7, ips: 148.41397 samples/s, eta: 1:29:30, max_mem_reserved: 19535 MB, max_mem_allocated: 14171 MB
[2025/10/31 14:20:48] ppocr INFO: epoch: [12/20], global_step: 12830, lr: 0.000052, acc: 0.872794, norm_edit_dis: 0.990296, CTCLoss: 0.430119, NRTRLoss: 1.313490, loss: 1.742400, avg_reader_cost: 0.00299 s, avg_batch_cost: 0.57290 s, avg_samples: 78.9, ips: 137.71970 samples/s, eta: 1:29:23, max_mem_reserved: 19535 MB, max_mem_allocated: 14171 MB
[2025/10/31 14:20:54] ppocr INFO: epoch: [12/20], global_step: 12840, lr: 0.000051, acc: 0.892371, norm_edit_dis: 0.990453, CTCLoss: 0.463034, NRTRLoss: 1.314816, loss: 1.776880, avg_reader_cost: 0.00298 s, avg_batch_cost: 0.58480 s, avg_samples: 91.6, ips: 156.63342 samples/s, eta: 1:29:17, max_mem_reserved: 19535 MB, max_mem_allocated: 14171 MB
[2025/10/31 14:21:00] ppocr INFO: epoch: [12/20], global_step: 12850, lr: 0.000051, acc: 0.882353, norm_edit_dis: 0.988705, CTCLoss: 0.553932, NRTRLoss: 1.314850, loss: 1.867295, avg_reader_cost: 0.00300 s, avg_batch_cost: 0.57037 s, avg_samples: 78.8, ips: 138.15637 samples/s, eta: 1:29:11, max_mem_reserved: 19535 MB, max_mem_allocated: 14171 MB
[2025/10/31 14:21:31] ppocr INFO: cur metric, acc: 0.927999999072, norm_edit_dis: 0.9933629187121517, fps: 765.8557115192291
[2025/10/31 14:21:31] ppocr INFO: best metric, acc: 0.9333999990666, is_float16: False, norm_edit_dis: 0.9938351505878373, fps: 730.2629192977107, best_epoch: 12
[2025/10/31 14:21:37] ppocr INFO: epoch: [12/20], global_step: 12860, lr: 0.000051, acc: 0.886489, norm_edit_dis: 0.989432, CTCLoss: 0.687348, NRTRLoss: 1.314857, loss: 1.999372, avg_reader_cost: 0.00306 s, avg_batch_cost: 0.61359 s, avg_samples: 91.7, ips: 149.44933 samples/s, eta: 1:29:05, max_mem_reserved: 19535 MB, max_mem_allocated: 14171 MB
[2025/10/31 14:21:44] ppocr INFO: epoch: [12/20], global_step: 12870, lr: 0.000051, acc: 0.828125, norm_edit_dis: 0.982477, CTCLoss: 1.085286, NRTRLoss: 1.317993, loss: 2.404767, avg_reader_cost: 0.00299 s, avg_batch_cost: 0.65881 s, avg_samples: 115.1, ips: 174.70983 samples/s, eta: 1:28:59, max_mem_reserved: 19535 MB, max_mem_allocated: 14171 MB
[2025/10/31 14:21:50] ppocr INFO: epoch: [12/20], global_step: 12880, lr: 0.000051, acc: 0.828125, norm_edit_dis: 0.982337, CTCLoss: 1.133639, NRTRLoss: 1.319125, loss: 2.450170, avg_reader_cost: 0.00297 s, avg_batch_cost: 0.62073 s, avg_samples: 100.1, ips: 161.26255 samples/s, eta: 1:28:53, max_mem_reserved: 19535 MB, max_mem_allocated: 14171 MB
[2025/10/31 14:21:56] ppocr INFO: epoch: [12/20], global_step: 12890, lr: 0.000051, acc: 0.876470, norm_edit_dis: 0.988862, CTCLoss: 0.648110, NRTRLoss: 1.314767, loss: 1.966053, avg_reader_cost: 0.00297 s, avg_batch_cost: 0.57593 s, avg_samples: 83.1, ips: 144.28877 samples/s, eta: 1:28:47, max_mem_reserved: 19535 MB, max_mem_allocated: 14171 MB
[2025/10/31 14:22:02] ppocr INFO: epoch: [12/20], global_step: 12900, lr: 0.000051, acc: 0.888235, norm_edit_dis: 0.990440, CTCLoss: 0.521698, NRTRLoss: 1.312421, loss: 1.830443, avg_reader_cost: 0.00300 s, avg_batch_cost: 0.57893 s, avg_samples: 95.9, ips: 165.64960 samples/s, eta: 1:28:41, max_mem_reserved: 19535 MB, max_mem_allocated: 14171 MB
[2025/10/31 14:22:33] ppocr INFO: cur metric, acc: 0.9317999990682, norm_edit_dis: 0.9937661572319039, fps: 748.6156077147297
[2025/10/31 14:22:33] ppocr INFO: best metric, acc: 0.9333999990666, is_float16: False, norm_edit_dis: 0.9938351505878373, fps: 730.2629192977107, best_epoch: 12
[2025/10/31 14:22:40] ppocr INFO: epoch: [12/20], global_step: 12910, lr: 0.000051, acc: 0.892371, norm_edit_dis: 0.989524, CTCLoss: 0.553138, NRTRLoss: 1.312521, loss: 1.865428, avg_reader_cost: 0.00286 s, avg_batch_cost: 0.63553 s, avg_samples: 93.8, ips: 147.59423 samples/s, eta: 1:28:35, max_mem_reserved: 19535 MB, max_mem_allocated: 14171 MB
[2025/10/31 14:22:47] ppocr INFO: epoch: [12/20], global_step: 12920, lr: 0.000051, acc: 0.880606, norm_edit_dis: 0.987749, CTCLoss: 0.728058, NRTRLoss: 1.315621, loss: 2.047010, avg_reader_cost: 0.00333 s, avg_batch_cost: 0.66864 s, avg_samples: 104.4, ips: 156.13875 samples/s, eta: 1:28:30, max_mem_reserved: 19535 MB, max_mem_allocated: 14171 MB
[2025/10/31 14:22:52] ppocr INFO: epoch: [12/20], global_step: 12930, lr: 0.000051, acc: 0.816406, norm_edit_dis: 0.981175, CTCLoss: 1.048438, NRTRLoss: 1.316698, loss: 2.368219, avg_reader_cost: 0.00316 s, avg_batch_cost: 0.59477 s, avg_samples: 106.6, ips: 179.22837 samples/s, eta: 1:28:24, max_mem_reserved: 19535 MB, max_mem_allocated: 14171 MB
[2025/10/31 14:22:58] ppocr INFO: epoch: [12/20], global_step: 12940, lr: 0.000051, acc: 0.835662, norm_edit_dis: 0.982948, CTCLoss: 1.078934, NRTRLoss: 1.317171, loss: 2.401590, avg_reader_cost: 0.00298 s, avg_batch_cost: 0.58718 s, avg_samples: 95.9, ips: 163.32355 samples/s, eta: 1:28:17, max_mem_reserved: 19535 MB, max_mem_allocated: 14171 MB
[2025/10/31 14:23:04] ppocr INFO: epoch: [12/20], global_step: 12950, lr: 0.000051, acc: 0.886489, norm_edit_dis: 0.989285, CTCLoss: 0.861116, NRTRLoss: 1.318983, loss: 2.175116, avg_reader_cost: 0.00345 s, avg_batch_cost: 0.60057 s, avg_samples: 89.5, ips: 149.02447 samples/s, eta: 1:28:11, max_mem_reserved: 19535 MB, max_mem_allocated: 14171 MB
[2025/10/31 14:23:37] ppocr INFO: cur metric, acc: 0.9333999990666, norm_edit_dis: 0.9939621491003752, fps: 723.942675421216
[2025/10/31 14:23:40] ppocr INFO: save best model is to ./output/best_accuracy
[2025/10/31 14:23:40] ppocr INFO: best metric, acc: 0.9333999990666, is_float16: False, norm_edit_dis: 0.9939621491003752, fps: 723.942675421216, best_epoch: 12
[2025/10/31 14:23:46] ppocr INFO: epoch: [12/20], global_step: 12960, lr: 0.000051, acc: 0.880606, norm_edit_dis: 0.988230, CTCLoss: 0.625060, NRTRLoss: 1.318162, loss: 1.938988, avg_reader_cost: 0.00288 s, avg_batch_cost: 0.59769 s, avg_samples: 95.9, ips: 160.45146 samples/s, eta: 1:28:05, max_mem_reserved: 19535 MB, max_mem_allocated: 14171 MB
[2025/10/31 14:23:52] ppocr INFO: epoch: [12/20], global_step: 12970, lr: 0.000051, acc: 0.843750, norm_edit_dis: 0.983445, CTCLoss: 0.834062, NRTRLoss: 1.318042, loss: 2.148621, avg_reader_cost: 0.00293 s, avg_batch_cost: 0.61071 s, avg_samples: 106.6, ips: 174.55120 samples/s, eta: 1:27:59, max_mem_reserved: 19535 MB, max_mem_allocated: 14171 MB
[2025/10/31 14:23:58] ppocr INFO: epoch: [12/20], global_step: 12980, lr: 0.000050, acc: 0.900000, norm_edit_dis: 0.989749, CTCLoss: 0.487904, NRTRLoss: 1.314092, loss: 1.799204, avg_reader_cost: 0.00293 s, avg_batch_cost: 0.56531 s, avg_samples: 78.8, ips: 139.39336 samples/s, eta: 1:27:53, max_mem_reserved: 19535 MB, max_mem_allocated: 14171 MB
[2025/10/31 14:24:03] ppocr INFO: epoch: [12/20], global_step: 12990, lr: 0.000050, acc: 0.905882, norm_edit_dis: 0.990864, CTCLoss: 0.464441, NRTRLoss: 1.313435, loss: 1.776400, avg_reader_cost: 0.00295 s, avg_batch_cost: 0.58094 s, avg_samples: 87.4, ips: 150.44471 samples/s, eta: 1:27:47, max_mem_reserved: 19535 MB, max_mem_allocated: 14171 MB
[2025/10/31 14:24:09] ppocr INFO: epoch: [12/20], global_step: 13000, lr: 0.000050, acc: 0.894118, norm_edit_dis: 0.990201, CTCLoss: 0.568390, NRTRLoss: 1.315159, loss: 1.891986, avg_reader_cost: 0.00299 s, avg_batch_cost: 0.57237 s, avg_samples: 83.1, ips: 145.18584 samples/s, eta: 1:27:41, max_mem_reserved: 19535 MB, max_mem_allocated: 14171 MB
[2025/10/31 14:24:41] ppocr INFO: cur metric, acc: 0.9305999990694, norm_edit_dis: 0.9937812645726306, fps: 745.7673347889026
[2025/10/31 14:24:41] ppocr INFO: best metric, acc: 0.9333999990666, is_float16: False, norm_edit_dis: 0.9939621491003752, fps: 723.942675421216, best_epoch: 12
[2025/10/31 14:24:47] ppocr INFO: epoch: [12/20], global_step: 13010, lr: 0.000050, acc: 0.900000, norm_edit_dis: 0.989829, CTCLoss: 0.542248, NRTRLoss: 1.315697, loss: 1.865784, avg_reader_cost: 0.00302 s, avg_batch_cost: 0.56396 s, avg_samples: 81.0, ips: 143.62789 samples/s, eta: 1:27:34, max_mem_reserved: 19535 MB, max_mem_allocated: 14171 MB
[2025/10/31 14:24:53] ppocr INFO: epoch: [12/20], global_step: 13020, lr: 0.000050, acc: 0.884559, norm_edit_dis: 0.989135, CTCLoss: 0.569962, NRTRLoss: 1.315718, loss: 1.888617, avg_reader_cost: 0.00288 s, avg_batch_cost: 0.58910 s, avg_samples: 85.2, ips: 144.62716 samples/s, eta: 1:27:28, max_mem_reserved: 19535 MB, max_mem_allocated: 14171 MB
[2025/10/31 14:24:59] ppocr INFO: epoch: [12/20], global_step: 13030, lr: 0.000050, acc: 0.886489, norm_edit_dis: 0.989178, CTCLoss: 0.567077, NRTRLoss: 1.315290, loss: 1.884820, avg_reader_cost: 0.00295 s, avg_batch_cost: 0.62474 s, avg_samples: 89.4, ips: 143.09862 samples/s, eta: 1:27:22, max_mem_reserved: 19535 MB, max_mem_allocated: 14171 MB
[2025/10/31 14:25:00] ppocr INFO: epoch: [12/20], global_step: 13032, lr: 0.000050, acc: 0.892371, norm_edit_dis: 0.989821, CTCLoss: 0.559431, NRTRLoss: 1.315930, loss: 1.874922, avg_reader_cost: 0.00059 s, avg_batch_cost: 0.11492 s, avg_samples: 14.9, ips: 129.65482 samples/s, eta: 1:27:21, max_mem_reserved: 19535 MB, max_mem_allocated: 14171 MB
[2025/10/31 14:25:05] ppocr INFO: save model in ./output/latest
[2025/10/31 14:25:06] ppocr INFO: save model in ./output/iter_epoch_12
[2025/10/31 14:25:12] ppocr INFO: epoch: [13/20], global_step: 13040, lr: 0.000050, acc: 0.892371, norm_edit_dis: 0.990687, CTCLoss: 0.524205, NRTRLoss: 1.313150, loss: 1.845533, avg_reader_cost: 0.67863 s, avg_batch_cost: 1.16044 s, avg_samples: 70.2, ips: 60.49422 samples/s, eta: 1:27:21, max_mem_reserved: 19535 MB, max_mem_allocated: 14171 MB
[2025/10/31 14:25:17] ppocr INFO: epoch: [13/20], global_step: 13050, lr: 0.000050, acc: 0.906066, norm_edit_dis: 0.991497, CTCLoss: 0.471513, NRTRLoss: 1.311468, loss: 1.784668, avg_reader_cost: 0.00288 s, avg_batch_cost: 0.54048 s, avg_samples: 76.7, ips: 141.90975 samples/s, eta: 1:27:14, max_mem_reserved: 19535 MB, max_mem_allocated: 14171 MB
[2025/10/31 14:25:50] ppocr INFO: cur metric, acc: 0.9254999990745, norm_edit_dis: 0.9934998479692614, fps: 722.5277238720552
[2025/10/31 14:25:50] ppocr INFO: best metric, acc: 0.9333999990666, is_float16: False, norm_edit_dis: 0.9939621491003752, fps: 723.942675421216, best_epoch: 12
[2025/10/31 14:25:55] ppocr INFO: epoch: [13/20], global_step: 13060, lr: 0.000050, acc: 0.900184, norm_edit_dis: 0.990806, CTCLoss: 0.480087, NRTRLoss: 1.311468, loss: 1.790418, avg_reader_cost: 0.00301 s, avg_batch_cost: 0.57852 s, avg_samples: 95.9, ips: 165.76654 samples/s, eta: 1:27:08, max_mem_reserved: 19535 MB, max_mem_allocated: 14171 MB
[2025/10/31 14:26:02] ppocr INFO: epoch: [13/20], global_step: 13070, lr: 0.000050, acc: 0.882812, norm_edit_dis: 0.989328, CTCLoss: 0.727066, NRTRLoss: 1.314345, loss: 2.038039, avg_reader_cost: 0.00300 s, avg_batch_cost: 0.60929 s, avg_samples: 96.0, ips: 157.56151 samples/s, eta: 1:27:02, max_mem_reserved: 19535 MB, max_mem_allocated: 14171 MB
[2025/10/31 14:26:08] ppocr INFO: epoch: [13/20], global_step: 13080, lr: 0.000050, acc: 0.864981, norm_edit_dis: 0.986123, CTCLoss: 0.875181, NRTRLoss: 1.314700, loss: 2.188173, avg_reader_cost: 0.00295 s, avg_batch_cost: 0.63581 s, avg_samples: 100.1, ips: 157.43793 samples/s, eta: 1:26:56, max_mem_reserved: 19535 MB, max_mem_allocated: 14171 MB
[2025/10/31 14:26:13] ppocr INFO: epoch: [13/20], global_step: 13090, lr: 0.000050, acc: 0.886489, norm_edit_dis: 0.989597, CTCLoss: 0.555933, NRTRLoss: 1.313468, loss: 1.874691, avg_reader_cost: 0.00298 s, avg_batch_cost: 0.52770 s, avg_samples: 83.1, ips: 157.47714 samples/s, eta: 1:26:50, max_mem_reserved: 19535 MB, max_mem_allocated: 14171 MB
[2025/10/31 14:26:19] ppocr INFO: epoch: [13/20], global_step: 13100, lr: 0.000050, acc: 0.892371, norm_edit_dis: 0.990444, CTCLoss: 0.517860, NRTRLoss: 1.313104, loss: 1.832824, avg_reader_cost: 0.00298 s, avg_batch_cost: 0.58595 s, avg_samples: 91.6, ips: 156.32631 samples/s, eta: 1:26:44, max_mem_reserved: 19535 MB, max_mem_allocated: 14171 MB
[2025/10/31 14:26:51] ppocr INFO: cur metric, acc: 0.9266999990733, norm_edit_dis: 0.9936118606570308, fps: 738.0987345797334
[2025/10/31 14:26:51] ppocr INFO: best metric, acc: 0.9333999990666, is_float16: False, norm_edit_dis: 0.9939621491003752, fps: 723.942675421216, best_epoch: 12
[2025/10/31 14:26:57] ppocr INFO: epoch: [13/20], global_step: 13110, lr: 0.000050, acc: 0.890625, norm_edit_dis: 0.988902, CTCLoss: 0.564952, NRTRLoss: 1.316135, loss: 1.876340, avg_reader_cost: 0.00298 s, avg_batch_cost: 0.59925 s, avg_samples: 95.9, ips: 160.03305 samples/s, eta: 1:26:37, max_mem_reserved: 19535 MB, max_mem_allocated: 14171 MB
[2025/10/31 14:27:02] ppocr INFO: epoch: [13/20], global_step: 13120, lr: 0.000049, acc: 0.900000, norm_edit_dis: 0.990443, CTCLoss: 0.459987, NRTRLoss: 1.313439, loss: 1.771482, avg_reader_cost: 0.00297 s, avg_batch_cost: 0.58021 s, avg_samples: 87.3, ips: 150.46301 samples/s, eta: 1:26:31, max_mem_reserved: 19535 MB, max_mem_allocated: 14171 MB
[2025/10/31 14:27:08] ppocr INFO: epoch: [13/20], global_step: 13130, lr: 0.000049, acc: 0.905882, norm_edit_dis: 0.991933, CTCLoss: 0.435190, NRTRLoss: 1.312413, loss: 1.748756, avg_reader_cost: 0.00297 s, avg_batch_cost: 0.56010 s, avg_samples: 85.2, ips: 152.11552 samples/s, eta: 1:26:25, max_mem_reserved: 19535 MB, max_mem_allocated: 14171 MB
[2025/10/31 14:27:13] ppocr INFO: epoch: [13/20], global_step: 13140, lr: 0.000049, acc: 0.894118, norm_edit_dis: 0.991604, CTCLoss: 0.432239, NRTRLoss: 1.311856, loss: 1.747220, avg_reader_cost: 0.00291 s, avg_batch_cost: 0.54142 s, avg_samples: 80.8, ips: 149.23780 samples/s, eta: 1:26:19, max_mem_reserved: 19535 MB, max_mem_allocated: 14171 MB
[2025/10/31 14:27:19] ppocr INFO: epoch: [13/20], global_step: 13150, lr: 0.000049, acc: 0.906066, norm_edit_dis: 0.993133, CTCLoss: 0.403460, NRTRLoss: 1.311438, loss: 1.716670, avg_reader_cost: 0.00326 s, avg_batch_cost: 0.57427 s, avg_samples: 83.1, ips: 144.70522 samples/s, eta: 1:26:12, max_mem_reserved: 19535 MB, max_mem_allocated: 14171 MB
[2025/10/31 14:27:51] ppocr INFO: cur metric, acc: 0.9356999990643, norm_edit_dis: 0.9942726366758136, fps: 743.3492520949179
[2025/10/31 14:27:54] ppocr INFO: save best model is to ./output/best_accuracy
[2025/10/31 14:27:54] ppocr INFO: best metric, acc: 0.9356999990643, is_float16: False, norm_edit_dis: 0.9942726366758136, fps: 743.3492520949179, best_epoch: 13
[2025/10/31 14:28:00] ppocr INFO: epoch: [13/20], global_step: 13160, lr: 0.000049, acc: 0.906066, norm_edit_dis: 0.991932, CTCLoss: 0.480615, NRTRLoss: 1.312766, loss: 1.791967, avg_reader_cost: 0.00314 s, avg_batch_cost: 0.61177 s, avg_samples: 98.0, ips: 160.19014 samples/s, eta: 1:26:06, max_mem_reserved: 19535 MB, max_mem_allocated: 14171 MB
[2025/10/31 14:28:06] ppocr INFO: epoch: [13/20], global_step: 13170, lr: 0.000049, acc: 0.878676, norm_edit_dis: 0.987306, CTCLoss: 0.644671, NRTRLoss: 1.315524, loss: 1.960979, avg_reader_cost: 0.00305 s, avg_batch_cost: 0.60735 s, avg_samples: 100.1, ips: 164.81473 samples/s, eta: 1:26:00, max_mem_reserved: 19535 MB, max_mem_allocated: 14171 MB
[2025/10/31 14:28:12] ppocr INFO: epoch: [13/20], global_step: 13180, lr: 0.000049, acc: 0.875000, norm_edit_dis: 0.987306, CTCLoss: 0.672780, NRTRLoss: 1.318201, loss: 1.983412, avg_reader_cost: 0.00322 s, avg_batch_cost: 0.60697 s, avg_samples: 89.6, ips: 147.61805 samples/s, eta: 1:25:54, max_mem_reserved: 19535 MB, max_mem_allocated: 14171 MB
[2025/10/31 14:28:18] ppocr INFO: epoch: [13/20], global_step: 13190, lr: 0.000049, acc: 0.929687, norm_edit_dis: 0.993787, CTCLoss: 0.465499, NRTRLoss: 1.311430, loss: 1.779929, avg_reader_cost: 0.00289 s, avg_batch_cost: 0.56694 s, avg_samples: 76.7, ips: 135.28737 samples/s, eta: 1:25:48, max_mem_reserved: 19535 MB, max_mem_allocated: 14171 MB
[2025/10/31 14:28:24] ppocr INFO: epoch: [13/20], global_step: 13200, lr: 0.000049, acc: 0.919761, norm_edit_dis: 0.993423, CTCLoss: 0.506052, NRTRLoss: 1.311973, loss: 1.815424, avg_reader_cost: 0.00294 s, avg_batch_cost: 0.62006 s, avg_samples: 100.2, ips: 161.59717 samples/s, eta: 1:25:42, max_mem_reserved: 19535 MB, max_mem_allocated: 14171 MB
[2025/10/31 14:28:56] ppocr INFO: cur metric, acc: 0.9247999990752, norm_edit_dis: 0.9932058722128859, fps: 728.9394435651113
[2025/10/31 14:28:56] ppocr INFO: best metric, acc: 0.9356999990643, is_float16: False, norm_edit_dis: 0.9942726366758136, fps: 743.3492520949179, best_epoch: 13
[2025/10/31 14:29:02] ppocr INFO: epoch: [13/20], global_step: 13210, lr: 0.000049, acc: 0.875000, norm_edit_dis: 0.985714, CTCLoss: 0.958187, NRTRLoss: 1.316164, loss: 2.273825, avg_reader_cost: 0.00291 s, avg_batch_cost: 0.57269 s, avg_samples: 87.4, ips: 152.61251 samples/s, eta: 1:25:36, max_mem_reserved: 19535 MB, max_mem_allocated: 14171 MB
[2025/10/31 14:29:08] ppocr INFO: epoch: [13/20], global_step: 13220, lr: 0.000049, acc: 0.878676, norm_edit_dis: 0.988461, CTCLoss: 0.495574, NRTRLoss: 1.315868, loss: 1.810958, avg_reader_cost: 0.00288 s, avg_batch_cost: 0.58037 s, avg_samples: 91.6, ips: 157.83086 samples/s, eta: 1:25:30, max_mem_reserved: 19535 MB, max_mem_allocated: 14171 MB
[2025/10/31 14:29:14] ppocr INFO: epoch: [13/20], global_step: 13230, lr: 0.000049, acc: 0.882629, norm_edit_dis: 0.988461, CTCLoss: 0.467096, NRTRLoss: 1.315765, loss: 1.780055, avg_reader_cost: 0.00293 s, avg_batch_cost: 0.61431 s, avg_samples: 95.9, ips: 156.11123 samples/s, eta: 1:25:24, max_mem_reserved: 19535 MB, max_mem_allocated: 14171 MB
[2025/10/31 14:29:19] ppocr INFO: epoch: [13/20], global_step: 13240, lr: 0.000049, acc: 0.888235, norm_edit_dis: 0.990589, CTCLoss: 0.486264, NRTRLoss: 1.311965, loss: 1.797301, avg_reader_cost: 0.00292 s, avg_batch_cost: 0.55163 s, avg_samples: 85.2, ips: 154.45235 samples/s, eta: 1:25:17, max_mem_reserved: 19535 MB, max_mem_allocated: 14171 MB
[2025/10/31 14:29:26] ppocr INFO: epoch: [13/20], global_step: 13250, lr: 0.000048, acc: 0.876470, norm_edit_dis: 0.987973, CTCLoss: 0.528366, NRTRLoss: 1.313648, loss: 1.840986, avg_reader_cost: 0.00344 s, avg_batch_cost: 0.63405 s, avg_samples: 104.5, ips: 164.81376 samples/s, eta: 1:25:11, max_mem_reserved: 19535 MB, max_mem_allocated: 14171 MB
[2025/10/31 14:29:58] ppocr INFO: cur metric, acc: 0.926999999073, norm_edit_dis: 0.9932372593973313, fps: 749.7113355823997
[2025/10/31 14:29:58] ppocr INFO: best metric, acc: 0.9356999990643, is_float16: False, norm_edit_dis: 0.9942726366758136, fps: 743.3492520949179, best_epoch: 13
[2025/10/31 14:30:04] ppocr INFO: epoch: [13/20], global_step: 13260, lr: 0.000048, acc: 0.835937, norm_edit_dis: 0.982962, CTCLoss: 0.963684, NRTRLoss: 1.317674, loss: 2.277995, avg_reader_cost: 0.00301 s, avg_batch_cost: 0.62218 s, avg_samples: 102.3, ips: 164.42144 samples/s, eta: 1:25:06, max_mem_reserved: 19535 MB, max_mem_allocated: 14171 MB
[2025/10/31 14:30:10] ppocr INFO: epoch: [13/20], global_step: 13270, lr: 0.000048, acc: 0.872794, norm_edit_dis: 0.990175, CTCLoss: 0.606662, NRTRLoss: 1.315042, loss: 1.919731, avg_reader_cost: 0.00331 s, avg_batch_cost: 0.61113 s, avg_samples: 89.5, ips: 146.44938 samples/s, eta: 1:25:00, max_mem_reserved: 19535 MB, max_mem_allocated: 14171 MB
[2025/10/31 14:30:15] ppocr INFO: epoch: [13/20], global_step: 13280, lr: 0.000048, acc: 0.886489, norm_edit_dis: 0.991109, CTCLoss: 0.543352, NRTRLoss: 1.311092, loss: 1.853384, avg_reader_cost: 0.00293 s, avg_batch_cost: 0.56050 s, avg_samples: 89.4, ips: 159.49950 samples/s, eta: 1:24:53, max_mem_reserved: 19535 MB, max_mem_allocated: 14171 MB
[2025/10/31 14:30:21] ppocr INFO: epoch: [13/20], global_step: 13290, lr: 0.000048, acc: 0.911765, norm_edit_dis: 0.992318, CTCLoss: 0.517586, NRTRLoss: 1.312811, loss: 1.829845, avg_reader_cost: 0.00293 s, avg_batch_cost: 0.56954 s, avg_samples: 87.4, ips: 153.45749 samples/s, eta: 1:24:47, max_mem_reserved: 19535 MB, max_mem_allocated: 14171 MB
[2025/10/31 14:30:27] ppocr INFO: epoch: [13/20], global_step: 13300, lr: 0.000048, acc: 0.905882, norm_edit_dis: 0.992305, CTCLoss: 0.422889, NRTRLoss: 1.314765, loss: 1.741996, avg_reader_cost: 0.00330 s, avg_batch_cost: 0.56906 s, avg_samples: 87.3, ips: 153.41131 samples/s, eta: 1:24:41, max_mem_reserved: 19535 MB, max_mem_allocated: 14171 MB
[2025/10/31 14:30:59] ppocr INFO: cur metric, acc: 0.9363999990636, norm_edit_dis: 0.9941117680565043, fps: 736.2044254649854
[2025/10/31 14:31:01] ppocr INFO: save best model is to ./output/best_accuracy
[2025/10/31 14:31:01] ppocr INFO: best metric, acc: 0.9363999990636, is_float16: False, norm_edit_dis: 0.9941117680565043, fps: 736.2044254649854, best_epoch: 13
[2025/10/31 14:31:07] ppocr INFO: epoch: [13/20], global_step: 13310, lr: 0.000048, acc: 0.905882, norm_edit_dis: 0.990897, CTCLoss: 0.554927, NRTRLoss: 1.315689, loss: 1.869009, avg_reader_cost: 0.00317 s, avg_batch_cost: 0.58994 s, avg_samples: 91.6, ips: 155.26997 samples/s, eta: 1:24:35, max_mem_reserved: 19535 MB, max_mem_allocated: 14171 MB
[2025/10/31 14:31:13] ppocr INFO: epoch: [13/20], global_step: 13320, lr: 0.000048, acc: 0.892371, norm_edit_dis: 0.990181, CTCLoss: 0.660787, NRTRLoss: 1.313779, loss: 1.974052, avg_reader_cost: 0.00297 s, avg_batch_cost: 0.60045 s, avg_samples: 95.9, ips: 159.71465 samples/s, eta: 1:24:29, max_mem_reserved: 19535 MB, max_mem_allocated: 14171 MB
[2025/10/31 14:31:19] ppocr INFO: epoch: [13/20], global_step: 13330, lr: 0.000048, acc: 0.898254, norm_edit_dis: 0.991038, CTCLoss: 0.782120, NRTRLoss: 1.316880, loss: 2.105757, avg_reader_cost: 0.00295 s, avg_batch_cost: 0.58709 s, avg_samples: 89.5, ips: 152.44557 samples/s, eta: 1:24:22, max_mem_reserved: 19535 MB, max_mem_allocated: 14171 MB
[2025/10/31 14:31:25] ppocr INFO: epoch: [13/20], global_step: 13340, lr: 0.000048, acc: 0.878676, norm_edit_dis: 0.989026, CTCLoss: 0.667143, NRTRLoss: 1.315272, loss: 1.991456, avg_reader_cost: 0.00349 s, avg_batch_cost: 0.61992 s, avg_samples: 95.9, ips: 154.69822 samples/s, eta: 1:24:17, max_mem_reserved: 19535 MB, max_mem_allocated: 14171 MB
[2025/10/31 14:31:31] ppocr INFO: epoch: [13/20], global_step: 13350, lr: 0.000048, acc: 0.886489, norm_edit_dis: 0.990057, CTCLoss: 0.509439, NRTRLoss: 1.312617, loss: 1.819515, avg_reader_cost: 0.00287 s, avg_batch_cost: 0.54645 s, avg_samples: 74.6, ips: 136.51811 samples/s, eta: 1:24:10, max_mem_reserved: 19535 MB, max_mem_allocated: 14171 MB
[2025/10/31 14:32:03] ppocr INFO: cur metric, acc: 0.9262999990737, norm_edit_dis: 0.9934151056286492, fps: 731.9628133996936
[2025/10/31 14:32:03] ppocr INFO: best metric, acc: 0.9363999990636, is_float16: False, norm_edit_dis: 0.9941117680565043, fps: 736.2044254649854, best_epoch: 13
[2025/10/31 14:32:08] ppocr INFO: epoch: [13/20], global_step: 13360, lr: 0.000048, acc: 0.890625, norm_edit_dis: 0.989151, CTCLoss: 0.508152, NRTRLoss: 1.312011, loss: 1.822197, avg_reader_cost: 0.00302 s, avg_batch_cost: 0.58311 s, avg_samples: 98.1, ips: 168.23506 samples/s, eta: 1:24:04, max_mem_reserved: 19535 MB, max_mem_allocated: 14171 MB
[2025/10/31 14:32:14] ppocr INFO: epoch: [13/20], global_step: 13370, lr: 0.000048, acc: 0.872794, norm_edit_dis: 0.988545, CTCLoss: 0.813939, NRTRLoss: 1.315102, loss: 2.125651, avg_reader_cost: 0.00289 s, avg_batch_cost: 0.57171 s, avg_samples: 85.2, ips: 149.02609 samples/s, eta: 1:23:58, max_mem_reserved: 19535 MB, max_mem_allocated: 14171 MB
[2025/10/31 14:32:20] ppocr INFO: epoch: [13/20], global_step: 13380, lr: 0.000048, acc: 0.858823, norm_edit_dis: 0.989310, CTCLoss: 0.932019, NRTRLoss: 1.313587, loss: 2.242289, avg_reader_cost: 0.00291 s, avg_batch_cost: 0.61733 s, avg_samples: 108.7, ips: 176.08074 samples/s, eta: 1:23:52, max_mem_reserved: 19535 MB, max_mem_allocated: 14171 MB
[2025/10/31 14:32:26] ppocr INFO: epoch: [13/20], global_step: 13390, lr: 0.000047, acc: 0.808594, norm_edit_dis: 0.982344, CTCLoss: 1.013102, NRTRLoss: 1.315572, loss: 2.331071, avg_reader_cost: 0.00348 s, avg_batch_cost: 0.60779 s, avg_samples: 100.1, ips: 164.69621 samples/s, eta: 1:23:46, max_mem_reserved: 19535 MB, max_mem_allocated: 14171 MB
[2025/10/31 14:32:32] ppocr INFO: epoch: [13/20], global_step: 13400, lr: 0.000047, acc: 0.859099, norm_edit_dis: 0.988417, CTCLoss: 0.816864, NRTRLoss: 1.313411, loss: 2.130402, avg_reader_cost: 0.00295 s, avg_batch_cost: 0.59645 s, avg_samples: 95.9, ips: 160.78574 samples/s, eta: 1:23:40, max_mem_reserved: 19535 MB, max_mem_allocated: 14171 MB
[2025/10/31 14:33:05] ppocr INFO: cur metric, acc: 0.9218999990781, norm_edit_dis: 0.9928989513577327, fps: 735.001127568425
[2025/10/31 14:33:05] ppocr INFO: best metric, acc: 0.9363999990636, is_float16: False, norm_edit_dis: 0.9941117680565043, fps: 736.2044254649854, best_epoch: 13
[2025/10/31 14:33:11] ppocr INFO: epoch: [13/20], global_step: 13410, lr: 0.000047, acc: 0.878676, norm_edit_dis: 0.991173, CTCLoss: 0.549801, NRTRLoss: 1.312049, loss: 1.861708, avg_reader_cost: 0.00301 s, avg_batch_cost: 0.58948 s, avg_samples: 89.5, ips: 151.82774 samples/s, eta: 1:23:34, max_mem_reserved: 19535 MB, max_mem_allocated: 14171 MB
[2025/10/31 14:33:17] ppocr INFO: epoch: [13/20], global_step: 13420, lr: 0.000047, acc: 0.905882, norm_edit_dis: 0.993041, CTCLoss: 0.436792, NRTRLoss: 1.311720, loss: 1.745740, avg_reader_cost: 0.00290 s, avg_batch_cost: 0.55169 s, avg_samples: 78.8, ips: 142.83442 samples/s, eta: 1:23:27, max_mem_reserved: 19535 MB, max_mem_allocated: 14171 MB
[2025/10/31 14:33:23] ppocr INFO: epoch: [13/20], global_step: 13430, lr: 0.000047, acc: 0.894118, norm_edit_dis: 0.991640, CTCLoss: 0.660266, NRTRLoss: 1.312388, loss: 1.970341, avg_reader_cost: 0.00295 s, avg_batch_cost: 0.62117 s, avg_samples: 98.0, ips: 157.76687 samples/s, eta: 1:23:21, max_mem_reserved: 19535 MB, max_mem_allocated: 14171 MB
[2025/10/31 14:33:29] ppocr INFO: epoch: [13/20], global_step: 13440, lr: 0.000047, acc: 0.847059, norm_edit_dis: 0.985158, CTCLoss: 0.898430, NRTRLoss: 1.316954, loss: 2.225778, avg_reader_cost: 0.00343 s, avg_batch_cost: 0.59611 s, avg_samples: 98.1, ips: 164.56621 samples/s, eta: 1:23:15, max_mem_reserved: 19535 MB, max_mem_allocated: 14171 MB
[2025/10/31 14:33:36] ppocr INFO: epoch: [13/20], global_step: 13450, lr: 0.000047, acc: 0.843474, norm_edit_dis: 0.984285, CTCLoss: 0.763556, NRTRLoss: 1.316369, loss: 2.089379, avg_reader_cost: 0.00490 s, avg_batch_cost: 0.68092 s, avg_samples: 106.5, ips: 156.40631 samples/s, eta: 1:23:10, max_mem_reserved: 19535 MB, max_mem_allocated: 14171 MB
[2025/10/31 14:34:08] ppocr INFO: cur metric, acc: 0.9223999990776001, norm_edit_dis: 0.9929163748127381, fps: 714.9379096543184
[2025/10/31 14:34:08] ppocr INFO: best metric, acc: 0.9363999990636, is_float16: False, norm_edit_dis: 0.9941117680565043, fps: 736.2044254649854, best_epoch: 13
[2025/10/31 14:34:14] ppocr INFO: epoch: [13/20], global_step: 13460, lr: 0.000047, acc: 0.837592, norm_edit_dis: 0.983037, CTCLoss: 0.902488, NRTRLoss: 1.316775, loss: 2.225822, avg_reader_cost: 0.00298 s, avg_batch_cost: 0.57474 s, avg_samples: 102.3, ips: 177.99440 samples/s, eta: 1:23:03, max_mem_reserved: 19535 MB, max_mem_allocated: 14171 MB
[2025/10/31 14:34:20] ppocr INFO: epoch: [13/20], global_step: 13470, lr: 0.000047, acc: 0.864981, norm_edit_dis: 0.988735, CTCLoss: 0.755546, NRTRLoss: 1.316266, loss: 2.071707, avg_reader_cost: 0.00327 s, avg_batch_cost: 0.60029 s, avg_samples: 89.5, ips: 149.09435 samples/s, eta: 1:22:57, max_mem_reserved: 19535 MB, max_mem_allocated: 14171 MB
[2025/10/31 14:34:26] ppocr INFO: epoch: [13/20], global_step: 13480, lr: 0.000047, acc: 0.890625, norm_edit_dis: 0.990027, CTCLoss: 0.713049, NRTRLoss: 1.316143, loss: 2.027358, avg_reader_cost: 0.00303 s, avg_batch_cost: 0.60502 s, avg_samples: 93.8, ips: 155.03682 samples/s, eta: 1:22:51, max_mem_reserved: 19535 MB, max_mem_allocated: 14171 MB
[2025/10/31 14:34:32] ppocr INFO: epoch: [13/20], global_step: 13490, lr: 0.000047, acc: 0.878906, norm_edit_dis: 0.985686, CTCLoss: 0.810736, NRTRLoss: 1.316504, loss: 2.129936, avg_reader_cost: 0.00301 s, avg_batch_cost: 0.61212 s, avg_samples: 106.5, ips: 173.98531 samples/s, eta: 1:22:45, max_mem_reserved: 19535 MB, max_mem_allocated: 14171 MB
[2025/10/31 14:34:38] ppocr INFO: epoch: [13/20], global_step: 13500, lr: 0.000047, acc: 0.894118, norm_edit_dis: 0.985735, CTCLoss: 0.634126, NRTRLoss: 1.315714, loss: 1.945103, avg_reader_cost: 0.00295 s, avg_batch_cost: 0.56984 s, avg_samples: 87.4, ips: 153.37659 samples/s, eta: 1:22:39, max_mem_reserved: 19535 MB, max_mem_allocated: 14171 MB
[2025/10/31 14:35:11] ppocr INFO: cur metric, acc: 0.9343999990656, norm_edit_dis: 0.9939086196878975, fps: 708.5223229759687
[2025/10/31 14:35:11] ppocr INFO: best metric, acc: 0.9363999990636, is_float16: False, norm_edit_dis: 0.9941117680565043, fps: 736.2044254649854, best_epoch: 13
[2025/10/31 14:35:17] ppocr INFO: epoch: [13/20], global_step: 13510, lr: 0.000047, acc: 0.876470, norm_edit_dis: 0.987690, CTCLoss: 0.593700, NRTRLoss: 1.315339, loss: 1.905891, avg_reader_cost: 0.00289 s, avg_batch_cost: 0.58340 s, avg_samples: 95.9, ips: 164.38161 samples/s, eta: 1:22:33, max_mem_reserved: 19535 MB, max_mem_allocated: 14171 MB
[2025/10/31 14:35:23] ppocr INFO: epoch: [13/20], global_step: 13520, lr: 0.000047, acc: 0.857169, norm_edit_dis: 0.988259, CTCLoss: 0.720391, NRTRLoss: 1.316507, loss: 2.033584, avg_reader_cost: 0.00301 s, avg_batch_cost: 0.63958 s, avg_samples: 102.3, ips: 159.94982 samples/s, eta: 1:22:27, max_mem_reserved: 19535 MB, max_mem_allocated: 14171 MB
[2025/10/31 14:35:29] ppocr INFO: epoch: [13/20], global_step: 13530, lr: 0.000046, acc: 0.911765, norm_edit_dis: 0.991786, CTCLoss: 0.528579, NRTRLoss: 1.315203, loss: 1.841790, avg_reader_cost: 0.00297 s, avg_batch_cost: 0.56925 s, avg_samples: 85.2, ips: 149.67025 samples/s, eta: 1:22:21, max_mem_reserved: 19535 MB, max_mem_allocated: 14171 MB
[2025/10/31 14:35:35] ppocr INFO: epoch: [13/20], global_step: 13540, lr: 0.000046, acc: 0.900184, norm_edit_dis: 0.991167, CTCLoss: 0.594837, NRTRLoss: 1.316317, loss: 1.906903, avg_reader_cost: 0.00294 s, avg_batch_cost: 0.60375 s, avg_samples: 106.6, ips: 176.56217 samples/s, eta: 1:22:15, max_mem_reserved: 19535 MB, max_mem_allocated: 14171 MB
[2025/10/31 14:35:41] ppocr INFO: epoch: [13/20], global_step: 13550, lr: 0.000046, acc: 0.882353, norm_edit_dis: 0.985352, CTCLoss: 0.666699, NRTRLoss: 1.315152, loss: 1.985018, avg_reader_cost: 0.00301 s, avg_batch_cost: 0.58732 s, avg_samples: 83.1, ips: 141.48970 samples/s, eta: 1:22:09, max_mem_reserved: 19535 MB, max_mem_allocated: 14171 MB
[2025/10/31 14:36:15] ppocr INFO: cur metric, acc: 0.9339999990660001, norm_edit_dis: 0.9939734108098291, fps: 708.921943936722
[2025/10/31 14:36:15] ppocr INFO: best metric, acc: 0.9363999990636, is_float16: False, norm_edit_dis: 0.9941117680565043, fps: 736.2044254649854, best_epoch: 13
[2025/10/31 14:36:20] ppocr INFO: epoch: [13/20], global_step: 13560, lr: 0.000046, acc: 0.892371, norm_edit_dis: 0.987744, CTCLoss: 0.593494, NRTRLoss: 1.314275, loss: 1.907853, avg_reader_cost: 0.00289 s, avg_batch_cost: 0.56685 s, avg_samples: 102.3, ips: 180.46948 samples/s, eta: 1:22:03, max_mem_reserved: 19535 MB, max_mem_allocated: 14171 MB
[2025/10/31 14:36:26] ppocr INFO: epoch: [13/20], global_step: 13570, lr: 0.000046, acc: 0.898254, norm_edit_dis: 0.990269, CTCLoss: 0.593494, NRTRLoss: 1.316241, loss: 1.907853, avg_reader_cost: 0.00292 s, avg_batch_cost: 0.59319 s, avg_samples: 95.9, ips: 161.66946 samples/s, eta: 1:21:56, max_mem_reserved: 19535 MB, max_mem_allocated: 14171 MB
[2025/10/31 14:36:32] ppocr INFO: epoch: [13/20], global_step: 13580, lr: 0.000046, acc: 0.888235, norm_edit_dis: 0.989943, CTCLoss: 0.475339, NRTRLoss: 1.312218, loss: 1.786101, avg_reader_cost: 0.00291 s, avg_batch_cost: 0.57001 s, avg_samples: 85.2, ips: 149.47231 samples/s, eta: 1:21:50, max_mem_reserved: 19535 MB, max_mem_allocated: 14171 MB
[2025/10/31 14:36:38] ppocr INFO: epoch: [13/20], global_step: 13590, lr: 0.000046, acc: 0.870588, norm_edit_dis: 0.988101, CTCLoss: 0.728983, NRTRLoss: 1.313252, loss: 2.047059, avg_reader_cost: 0.00290 s, avg_batch_cost: 0.57750 s, avg_samples: 89.5, ips: 154.97731 samples/s, eta: 1:21:44, max_mem_reserved: 19535 MB, max_mem_allocated: 14171 MB
[2025/10/31 14:36:43] ppocr INFO: epoch: [13/20], global_step: 13600, lr: 0.000046, acc: 0.882353, norm_edit_dis: 0.991129, CTCLoss: 0.656409, NRTRLoss: 1.313252, loss: 1.975399, avg_reader_cost: 0.00293 s, avg_batch_cost: 0.56519 s, avg_samples: 80.9, ips: 143.13889 samples/s, eta: 1:21:38, max_mem_reserved: 19535 MB, max_mem_allocated: 14171 MB
[2025/10/31 14:37:15] ppocr INFO: cur metric, acc: 0.934999999065, norm_edit_dis: 0.9940604806377522, fps: 725.501608908943
[2025/10/31 14:37:15] ppocr INFO: best metric, acc: 0.9363999990636, is_float16: False, norm_edit_dis: 0.9941117680565043, fps: 736.2044254649854, best_epoch: 13
[2025/10/31 14:37:22] ppocr INFO: epoch: [13/20], global_step: 13610, lr: 0.000046, acc: 0.878676, norm_edit_dis: 0.990061, CTCLoss: 0.746910, NRTRLoss: 1.314216, loss: 2.073030, avg_reader_cost: 0.00299 s, avg_batch_cost: 0.63637 s, avg_samples: 104.5, ips: 164.21375 samples/s, eta: 1:21:32, max_mem_reserved: 19535 MB, max_mem_allocated: 14171 MB
[2025/10/31 14:37:28] ppocr INFO: epoch: [13/20], global_step: 13620, lr: 0.000046, acc: 0.804687, norm_edit_dis: 0.982111, CTCLoss: 0.953503, NRTRLoss: 1.316098, loss: 2.270613, avg_reader_cost: 0.00339 s, avg_batch_cost: 0.61615 s, avg_samples: 102.3, ips: 166.03217 samples/s, eta: 1:21:26, max_mem_reserved: 19535 MB, max_mem_allocated: 14171 MB
[2025/10/31 14:37:34] ppocr INFO: epoch: [13/20], global_step: 13630, lr: 0.000046, acc: 0.861029, norm_edit_dis: 0.987713, CTCLoss: 0.590634, NRTRLoss: 1.315021, loss: 1.904276, avg_reader_cost: 0.00292 s, avg_batch_cost: 0.61250 s, avg_samples: 91.6, ips: 149.55040 samples/s, eta: 1:21:20, max_mem_reserved: 19535 MB, max_mem_allocated: 14171 MB
[2025/10/31 14:37:40] ppocr INFO: epoch: [13/20], global_step: 13640, lr: 0.000046, acc: 0.882353, norm_edit_dis: 0.990412, CTCLoss: 0.520264, NRTRLoss: 1.313465, loss: 1.832160, avg_reader_cost: 0.00296 s, avg_batch_cost: 0.59412 s, avg_samples: 87.3, ips: 146.94035 samples/s, eta: 1:21:14, max_mem_reserved: 19535 MB, max_mem_allocated: 14171 MB
[2025/10/31 14:37:47] ppocr INFO: epoch: [13/20], global_step: 13650, lr: 0.000046, acc: 0.900184, norm_edit_dis: 0.991412, CTCLoss: 0.443328, NRTRLoss: 1.313465, loss: 1.754960, avg_reader_cost: 0.00297 s, avg_batch_cost: 0.65072 s, avg_samples: 106.6, ips: 163.81892 samples/s, eta: 1:21:08, max_mem_reserved: 19535 MB, max_mem_allocated: 14171 MB
[2025/10/31 14:38:19] ppocr INFO: cur metric, acc: 0.9304999990695, norm_edit_dis: 0.9935769244396445, fps: 744.7179373071069
[2025/10/31 14:38:19] ppocr INFO: best metric, acc: 0.9363999990636, is_float16: False, norm_edit_dis: 0.9941117680565043, fps: 736.2044254649854, best_epoch: 13
[2025/10/31 14:38:24] ppocr INFO: epoch: [13/20], global_step: 13660, lr: 0.000046, acc: 0.880606, norm_edit_dis: 0.990340, CTCLoss: 0.436572, NRTRLoss: 1.313692, loss: 1.747867, avg_reader_cost: 0.00302 s, avg_batch_cost: 0.58958 s, avg_samples: 87.3, ips: 148.07070 samples/s, eta: 1:21:02, max_mem_reserved: 19535 MB, max_mem_allocated: 14171 MB
[2025/10/31 14:38:30] ppocr INFO: epoch: [13/20], global_step: 13670, lr: 0.000045, acc: 0.872794, norm_edit_dis: 0.988868, CTCLoss: 0.514126, NRTRLoss: 1.312254, loss: 1.827105, avg_reader_cost: 0.00291 s, avg_batch_cost: 0.55480 s, avg_samples: 83.1, ips: 149.78478 samples/s, eta: 1:20:56, max_mem_reserved: 19535 MB, max_mem_allocated: 14171 MB
[2025/10/31 14:38:36] ppocr INFO: epoch: [13/20], global_step: 13680, lr: 0.000045, acc: 0.870588, norm_edit_dis: 0.988321, CTCLoss: 0.561910, NRTRLoss: 1.312015, loss: 1.875914, avg_reader_cost: 0.00293 s, avg_batch_cost: 0.62444 s, avg_samples: 89.5, ips: 143.32906 samples/s, eta: 1:20:50, max_mem_reserved: 19535 MB, max_mem_allocated: 14171 MB
[2025/10/31 14:38:42] ppocr INFO: epoch: [13/20], global_step: 13690, lr: 0.000045, acc: 0.911765, norm_edit_dis: 0.993306, CTCLoss: 0.435581, NRTRLoss: 1.312321, loss: 1.745943, avg_reader_cost: 0.00294 s, avg_batch_cost: 0.54545 s, avg_samples: 83.0, ips: 152.16762 samples/s, eta: 1:20:43, max_mem_reserved: 19535 MB, max_mem_allocated: 14171 MB
[2025/10/31 14:38:48] ppocr INFO: epoch: [13/20], global_step: 13700, lr: 0.000045, acc: 0.906250, norm_edit_dis: 0.992926, CTCLoss: 0.473767, NRTRLoss: 1.312653, loss: 1.783991, avg_reader_cost: 0.00293 s, avg_batch_cost: 0.58291 s, avg_samples: 81.0, ips: 138.95711 samples/s, eta: 1:20:37, max_mem_reserved: 19535 MB, max_mem_allocated: 14171 MB
[2025/10/31 14:39:21] ppocr INFO: cur metric, acc: 0.9276999990723, norm_edit_dis: 0.9935308187364715, fps: 718.8091364679173
[2025/10/31 14:39:21] ppocr INFO: best metric, acc: 0.9363999990636, is_float16: False, norm_edit_dis: 0.9941117680565043, fps: 736.2044254649854, best_epoch: 13
[2025/10/31 14:39:27] ppocr INFO: epoch: [13/20], global_step: 13710, lr: 0.000045, acc: 0.882812, norm_edit_dis: 0.990519, CTCLoss: 0.568181, NRTRLoss: 1.314774, loss: 1.880436, avg_reader_cost: 0.00286 s, avg_batch_cost: 0.59269 s, avg_samples: 81.0, ips: 136.66448 samples/s, eta: 1:20:31, max_mem_reserved: 19535 MB, max_mem_allocated: 14171 MB
[2025/10/31 14:39:33] ppocr INFO: epoch: [13/20], global_step: 13720, lr: 0.000045, acc: 0.892371, norm_edit_dis: 0.990519, CTCLoss: 0.487467, NRTRLoss: 1.314609, loss: 1.798732, avg_reader_cost: 0.00291 s, avg_batch_cost: 0.54919 s, avg_samples: 89.5, ips: 162.96683 samples/s, eta: 1:20:25, max_mem_reserved: 19535 MB, max_mem_allocated: 14171 MB
[2025/10/31 14:39:39] ppocr INFO: epoch: [13/20], global_step: 13730, lr: 0.000045, acc: 0.894118, norm_edit_dis: 0.991559, CTCLoss: 0.415136, NRTRLoss: 1.313610, loss: 1.733020, avg_reader_cost: 0.00339 s, avg_batch_cost: 0.62513 s, avg_samples: 91.6, ips: 146.52851 samples/s, eta: 1:20:19, max_mem_reserved: 19535 MB, max_mem_allocated: 14171 MB
[2025/10/31 14:39:45] ppocr INFO: epoch: [13/20], global_step: 13740, lr: 0.000045, acc: 0.906066, norm_edit_dis: 0.992494, CTCLoss: 0.448195, NRTRLoss: 1.312267, loss: 1.762358, avg_reader_cost: 0.00300 s, avg_batch_cost: 0.58495 s, avg_samples: 89.5, ips: 153.00556 samples/s, eta: 1:20:13, max_mem_reserved: 19535 MB, max_mem_allocated: 14171 MB
[2025/10/31 14:39:51] ppocr INFO: epoch: [13/20], global_step: 13750, lr: 0.000045, acc: 0.905882, norm_edit_dis: 0.991571, CTCLoss: 0.456250, NRTRLoss: 1.312983, loss: 1.767483, avg_reader_cost: 0.00290 s, avg_batch_cost: 0.57216 s, avg_samples: 91.6, ips: 160.09431 samples/s, eta: 1:20:07, max_mem_reserved: 19535 MB, max_mem_allocated: 14171 MB
