[2025/11/07 13:05:13] ppocr WARNING: You are using VisualDL, the VisualDL is deprecated and removed in ppocr!
[2025/11/07 13:05:13] ppocr INFO: Architecture : 
[2025/11/07 13:05:13] ppocr INFO:     Backbone : 
[2025/11/07 13:05:13] ppocr INFO:         name : PPHGNetV2_B4
[2025/11/07 13:05:13] ppocr INFO:         text_rec : True
[2025/11/07 13:05:13] ppocr INFO:     Head : 
[2025/11/07 13:05:13] ppocr INFO:         head_list : 
[2025/11/07 13:05:13] ppocr INFO:             CTCHead : 
[2025/11/07 13:05:13] ppocr INFO:                 Head : 
[2025/11/07 13:05:13] ppocr INFO:                     fc_decay : 1e-05
[2025/11/07 13:05:13] ppocr INFO:                 Neck : 
[2025/11/07 13:05:13] ppocr INFO:                     depth : 2
[2025/11/07 13:05:13] ppocr INFO:                     dims : 120
[2025/11/07 13:05:13] ppocr INFO:                     hidden_dims : 120
[2025/11/07 13:05:13] ppocr INFO:                     kernel_size : [1, 3]
[2025/11/07 13:05:13] ppocr INFO:                     name : svtr
[2025/11/07 13:05:13] ppocr INFO:                     use_guide : True
[2025/11/07 13:05:13] ppocr INFO:             NRTRHead : 
[2025/11/07 13:05:13] ppocr INFO:                 max_text_length : 75
[2025/11/07 13:05:13] ppocr INFO:                 nrtr_dim : 384
[2025/11/07 13:05:13] ppocr INFO:         name : MultiHead
[2025/11/07 13:05:13] ppocr INFO:     Transform : None
[2025/11/07 13:05:13] ppocr INFO:     algorithm : SVTR_HGNet
[2025/11/07 13:05:13] ppocr INFO:     model_type : rec
[2025/11/07 13:05:13] ppocr INFO: Eval : 
[2025/11/07 13:05:13] ppocr INFO:     dataset : 
[2025/11/07 13:05:13] ppocr INFO:         data_dir : ./text/typed_text/az_config_train
[2025/11/07 13:05:13] ppocr INFO:         label_file_list : ['./text/typed_text/az_config_train/val_list.txt']
[2025/11/07 13:05:13] ppocr INFO:         name : SimpleDataSet
[2025/11/07 13:05:13] ppocr INFO:         transforms : 
[2025/11/07 13:05:13] ppocr INFO:             DecodeImage : 
[2025/11/07 13:05:13] ppocr INFO:                 channel_first : False
[2025/11/07 13:05:13] ppocr INFO:                 img_mode : BGR
[2025/11/07 13:05:13] ppocr INFO:             MultiLabelEncode : 
[2025/11/07 13:05:13] ppocr INFO:                 gtc_encode : NRTRLabelEncode
[2025/11/07 13:05:13] ppocr INFO:             RecResizeImg : 
[2025/11/07 13:05:13] ppocr INFO:                 image_shape : [3, 48, 320]
[2025/11/07 13:05:13] ppocr INFO:             KeepKeys : 
[2025/11/07 13:05:13] ppocr INFO:                 keep_keys : ['image', 'label_ctc', 'label_gtc', 'length', 'valid_ratio']
[2025/11/07 13:05:13] ppocr INFO:     loader : 
[2025/11/07 13:05:13] ppocr INFO:         batch_size_per_card : 512
[2025/11/07 13:05:13] ppocr INFO:         drop_last : False
[2025/11/07 13:05:13] ppocr INFO:         num_workers : 24
[2025/11/07 13:05:13] ppocr INFO:         shuffle : False
[2025/11/07 13:05:13] ppocr INFO: Global : 
[2025/11/07 13:05:13] ppocr INFO:     cal_metric_during_train : True
[2025/11/07 13:05:13] ppocr INFO:     calc_epoch_interval : 1
[2025/11/07 13:05:13] ppocr INFO:     character_dict_path : ./text/typed_text/dict.txt
[2025/11/07 13:05:13] ppocr INFO:     checkpoints : None
[2025/11/07 13:05:13] ppocr INFO:     d2s_train_image_shape : [3, 48, 320]
[2025/11/07 13:05:13] ppocr INFO:     debug : True
[2025/11/07 13:05:13] ppocr INFO:     distributed : False
[2025/11/07 13:05:13] ppocr INFO:     early_stop : 
[2025/11/07 13:05:13] ppocr INFO:         min_delta : 0.001
[2025/11/07 13:05:13] ppocr INFO:         patience : 5
[2025/11/07 13:05:13] ppocr INFO:     epoch_num : 20
[2025/11/07 13:05:13] ppocr INFO:     eval_batch_step : [0, 100]
[2025/11/07 13:05:13] ppocr INFO:     infer_mode : False
[2025/11/07 13:05:13] ppocr INFO:     log_smooth_window : 20
[2025/11/07 13:05:13] ppocr INFO:     max_text_length : 75
[2025/11/07 13:05:13] ppocr INFO:     model_name : PP-OCRv5_server_rec
[2025/11/07 13:05:13] ppocr INFO:     pretrained_model : ./text/typed_text/pretrain_models/PP-OCRv5_server_rec_pretrained.pdparams
[2025/11/07 13:05:13] ppocr INFO:     print_batch_step : 10
[2025/11/07 13:05:13] ppocr INFO:     save_epoch_step : 1
[2025/11/07 13:05:13] ppocr INFO:     save_inference_dir : None
[2025/11/07 13:05:13] ppocr INFO:     save_model_dir : ./output
[2025/11/07 13:05:13] ppocr INFO:     save_res_path : ./output/rec/predicts_ppocrv5.txt
[2025/11/07 13:05:13] ppocr INFO:     use_gpu : True
[2025/11/07 13:05:13] ppocr INFO:     use_space_char : True
[2025/11/07 13:05:13] ppocr INFO:     use_visualdl : True
[2025/11/07 13:05:13] ppocr INFO: Loss : 
[2025/11/07 13:05:13] ppocr INFO:     loss_config_list : 
[2025/11/07 13:05:13] ppocr INFO:         CTCLoss : 
[2025/11/07 13:05:13] ppocr INFO:             weight : 1.0
[2025/11/07 13:05:13] ppocr INFO:         NRTRLoss : 
[2025/11/07 13:05:13] ppocr INFO:             weight : 1.5
[2025/11/07 13:05:13] ppocr INFO:     name : MultiLoss
[2025/11/07 13:05:13] ppocr INFO: Metric : 
[2025/11/07 13:05:13] ppocr INFO:     main_indicator : acc
[2025/11/07 13:05:13] ppocr INFO:     name : RecMetric
[2025/11/07 13:05:13] ppocr INFO: Optimizer : 
[2025/11/07 13:05:13] ppocr INFO:     beta1 : 0.9
[2025/11/07 13:05:13] ppocr INFO:     beta2 : 0.999
[2025/11/07 13:05:13] ppocr INFO:     lr : 
[2025/11/07 13:05:13] ppocr INFO:         learning_rate : 0.0003
[2025/11/07 13:05:13] ppocr INFO:         name : Cosine
[2025/11/07 13:05:13] ppocr INFO:         warmup_epoch : 2
[2025/11/07 13:05:13] ppocr INFO:     name : Adam
[2025/11/07 13:05:13] ppocr INFO:     regularizer : 
[2025/11/07 13:05:13] ppocr INFO:         factor : 3e-05
[2025/11/07 13:05:13] ppocr INFO:         name : L2
[2025/11/07 13:05:13] ppocr INFO: PostProcess : 
[2025/11/07 13:05:13] ppocr INFO:     name : CTCLabelDecode
[2025/11/07 13:05:13] ppocr INFO: Train : 
[2025/11/07 13:05:13] ppocr INFO:     dataset : 
[2025/11/07 13:05:13] ppocr INFO:         data_dir : ./text/typed_text/az_config_train
[2025/11/07 13:05:13] ppocr INFO:         ds_width : False
[2025/11/07 13:05:13] ppocr INFO:         ext_op_transform_idx : 1
[2025/11/07 13:05:13] ppocr INFO:         label_file_list : ['./text/typed_text/az_config_train/train_list.txt']
[2025/11/07 13:05:13] ppocr INFO:         name : MultiScaleDataSet
[2025/11/07 13:05:13] ppocr INFO:         transforms : 
[2025/11/07 13:05:13] ppocr INFO:             DecodeImage : 
[2025/11/07 13:05:13] ppocr INFO:                 channel_first : False
[2025/11/07 13:05:13] ppocr INFO:                 img_mode : BGR
[2025/11/07 13:05:13] ppocr INFO:             RecAug : None
[2025/11/07 13:05:13] ppocr INFO:             MultiLabelEncode : 
[2025/11/07 13:05:13] ppocr INFO:                 gtc_encode : NRTRLabelEncode
[2025/11/07 13:05:13] ppocr INFO:             KeepKeys : 
[2025/11/07 13:05:13] ppocr INFO:                 keep_keys : ['image', 'label_ctc', 'label_gtc', 'length', 'valid_ratio']
[2025/11/07 13:05:13] ppocr INFO:     loader : 
[2025/11/07 13:05:13] ppocr INFO:         batch_size_per_card : 1500
[2025/11/07 13:05:13] ppocr INFO:         drop_last : True
[2025/11/07 13:05:13] ppocr INFO:         num_workers : 24
[2025/11/07 13:05:13] ppocr INFO:         shuffle : True
[2025/11/07 13:05:13] ppocr INFO:     sampler : 
[2025/11/07 13:05:13] ppocr INFO:         divided_factor : [8, 16]
[2025/11/07 13:05:13] ppocr INFO:         first_bs : 128
[2025/11/07 13:05:13] ppocr INFO:         fix_bs : False
[2025/11/07 13:05:13] ppocr INFO:         is_training : True
[2025/11/07 13:05:13] ppocr INFO:         name : MultiScaleSampler
[2025/11/07 13:05:13] ppocr INFO:         scales : [[320, 32], [320, 48], [320, 64]]
[2025/11/07 13:05:13] ppocr INFO: profiler_options : None
[2025/11/07 13:05:13] ppocr INFO: train with paddle 3.0.0 and device Place(gpu:0)
[2025/11/07 13:05:13] ppocr INFO: Initialize indexes of datasets:['./text/typed_text/az_config_train/train_list.txt']
[2025/11/07 13:05:13] ppocr INFO: Initialize indexes of datasets:['./text/typed_text/az_config_train/val_list.txt']
[2025/11/07 13:05:14] ppocr INFO: train dataloader has 1086 iters
[2025/11/07 13:05:14] ppocr INFO: valid dataloader has 20 iters
[2025/11/07 13:05:14] ppocr WARNING: The shape of model params head.ctc_head.fc.weight [120, 18387] not matched with loaded params head.ctc_head.fc.weight [120, 18385] !
[2025/11/07 13:05:14] ppocr WARNING: The shape of model params head.ctc_head.fc.bias [18387] not matched with loaded params head.ctc_head.fc.bias [18385] !
[2025/11/07 13:05:14] ppocr WARNING: The shape of model params head.gtc_head.embedding.embedding.weight [18391, 384] not matched with loaded params head.gtc_head.embedding.embedding.weight [18389, 384] !
[2025/11/07 13:05:14] ppocr WARNING: The shape of model params head.gtc_head.tgt_word_prj.weight [384, 18391] not matched with loaded params head.gtc_head.tgt_word_prj.weight [384, 18389] !
[2025/11/07 13:05:15] ppocr INFO: load pretrain successful from ./text/typed_text/pretrain_models/PP-OCRv5_server_rec_pretrained
[2025/11/07 13:05:15] ppocr INFO: During the training process, after the 0th iteration, an evaluation is run every 100 iterations
[2025/11/07 13:05:23] ppocr INFO: epoch: [1/20], global_step: 10, lr: 0.000001, acc: 0.000000, norm_edit_dis: 0.000000, CTCLoss: 381.985748, NRTRLoss: 11.614710, loss: 393.640198, avg_reader_cost: 0.09910 s, avg_batch_cost: 0.81454 s, avg_samples: 104.5, ips: 128.29380 samples/s, eta: 4:54:43, max_mem_reserved: 14729 MB, max_mem_allocated: 13329 MB
[2025/11/07 13:05:29] ppocr INFO: epoch: [1/20], global_step: 20, lr: 0.000001, acc: 0.000000, norm_edit_dis: 0.000000, CTCLoss: 380.566956, NRTRLoss: 11.545177, loss: 392.040955, avg_reader_cost: 0.00289 s, avg_batch_cost: 0.66186 s, avg_samples: 100.2, ips: 151.39123 samples/s, eta: 4:26:58, max_mem_reserved: 14729 MB, max_mem_allocated: 13561 MB
[2025/11/07 13:05:36] ppocr INFO: epoch: [1/20], global_step: 30, lr: 0.000003, acc: 0.000000, norm_edit_dis: 0.000000, CTCLoss: 379.779083, NRTRLoss: 11.205150, loss: 390.789307, avg_reader_cost: 0.00287 s, avg_batch_cost: 0.63286 s, avg_samples: 93.8, ips: 148.21520 samples/s, eta: 4:14:09, max_mem_reserved: 14729 MB, max_mem_allocated: 13561 MB
[2025/11/07 13:05:43] ppocr INFO: epoch: [1/20], global_step: 40, lr: 0.000004, acc: 0.000000, norm_edit_dis: 0.000000, CTCLoss: 379.172394, NRTRLoss: 10.598433, loss: 389.684448, avg_reader_cost: 0.00304 s, avg_batch_cost: 0.70857 s, avg_samples: 93.8, ips: 132.37914 samples/s, eta: 4:14:32, max_mem_reserved: 14729 MB, max_mem_allocated: 13561 MB
[2025/11/07 13:05:49] ppocr INFO: epoch: [1/20], global_step: 50, lr: 0.000005, acc: 0.000000, norm_edit_dis: 0.000000, CTCLoss: 376.353851, NRTRLoss: 9.672112, loss: 386.060883, avg_reader_cost: 0.00292 s, avg_batch_cost: 0.61322 s, avg_samples: 78.9, ips: 128.66514 samples/s, eta: 4:07:50, max_mem_reserved: 14729 MB, max_mem_allocated: 13561 MB
[2025/11/07 13:05:55] ppocr INFO: epoch: [1/20], global_step: 60, lr: 0.000007, acc: 0.000000, norm_edit_dis: 0.000000, CTCLoss: 374.579712, NRTRLoss: 8.433951, loss: 382.945267, avg_reader_cost: 0.00311 s, avg_batch_cost: 0.64022 s, avg_samples: 98.0, ips: 153.07254 samples/s, eta: 4:04:57, max_mem_reserved: 14729 MB, max_mem_allocated: 13561 MB
[2025/11/07 13:06:02] ppocr INFO: epoch: [1/20], global_step: 70, lr: 0.000008, acc: 0.000000, norm_edit_dis: 0.000220, CTCLoss: 370.626266, NRTRLoss: 7.383087, loss: 377.845215, avg_reader_cost: 0.00295 s, avg_batch_cost: 0.62669 s, avg_samples: 85.3, ips: 136.11203 samples/s, eta: 4:02:10, max_mem_reserved: 14729 MB, max_mem_allocated: 13561 MB
[2025/11/07 13:06:08] ppocr INFO: epoch: [1/20], global_step: 80, lr: 0.000010, acc: 0.000000, norm_edit_dis: 0.001452, CTCLoss: 366.128708, NRTRLoss: 6.452765, loss: 372.562134, avg_reader_cost: 0.00293 s, avg_batch_cost: 0.62948 s, avg_samples: 93.8, ips: 149.01244 samples/s, eta: 4:00:10, max_mem_reserved: 14729 MB, max_mem_allocated: 13561 MB
[2025/11/07 13:06:14] ppocr INFO: epoch: [1/20], global_step: 90, lr: 0.000011, acc: 0.000000, norm_edit_dis: 0.003872, CTCLoss: 357.810089, NRTRLoss: 6.015152, loss: 364.027679, avg_reader_cost: 0.00292 s, avg_batch_cost: 0.63646 s, avg_samples: 85.3, ips: 134.02184 samples/s, eta: 3:58:53, max_mem_reserved: 14729 MB, max_mem_allocated: 13561 MB
[2025/11/07 13:06:21] ppocr INFO: epoch: [1/20], global_step: 100, lr: 0.000012, acc: 0.000000, norm_edit_dis: 0.011758, CTCLoss: 348.499161, NRTRLoss: 5.812186, loss: 354.353302, avg_reader_cost: 0.00294 s, avg_batch_cost: 0.63982 s, avg_samples: 89.5, ips: 139.88340 samples/s, eta: 3:57:57, max_mem_reserved: 14729 MB, max_mem_allocated: 13561 MB
[2025/11/07 13:06:56] ppocr INFO: cur metric, acc: 0.0, norm_edit_dis: 0.02378529600972179, fps: 627.7630460555197
[2025/11/07 13:06:58] ppocr INFO: save best model is to ./output/best_accuracy
[2025/11/07 13:06:58] ppocr INFO: best metric, acc: 0.0, is_float16: False, norm_edit_dis: 0.02378529600972179, fps: 627.7630460555197, best_epoch: 1
[2025/11/07 13:07:05] ppocr INFO: epoch: [1/20], global_step: 110, lr: 0.000014, acc: 0.000000, norm_edit_dis: 0.018115, CTCLoss: 337.231934, NRTRLoss: 5.589436, loss: 342.779343, avg_reader_cost: 0.00293 s, avg_batch_cost: 0.67303 s, avg_samples: 104.4, ips: 155.12046 samples/s, eta: 3:58:15, max_mem_reserved: 24989 MB, max_mem_allocated: 13561 MB
[2025/11/07 13:07:11] ppocr INFO: epoch: [1/20], global_step: 120, lr: 0.000015, acc: 0.000000, norm_edit_dis: 0.023004, CTCLoss: 324.083038, NRTRLoss: 5.476031, loss: 329.566452, avg_reader_cost: 0.00314 s, avg_batch_cost: 0.62908 s, avg_samples: 91.6, ips: 145.60922 samples/s, eta: 3:57:10, max_mem_reserved: 24989 MB, max_mem_allocated: 13561 MB
[2025/11/07 13:07:17] ppocr INFO: epoch: [1/20], global_step: 130, lr: 0.000017, acc: 0.000000, norm_edit_dis: 0.029419, CTCLoss: 305.985306, NRTRLoss: 5.344284, loss: 311.237244, avg_reader_cost: 0.00335 s, avg_batch_cost: 0.62659 s, avg_samples: 89.5, ips: 142.83675 samples/s, eta: 3:56:10, max_mem_reserved: 24989 MB, max_mem_allocated: 13561 MB
[2025/11/07 13:07:24] ppocr INFO: epoch: [1/20], global_step: 140, lr: 0.000018, acc: 0.000000, norm_edit_dis: 0.032329, CTCLoss: 295.659210, NRTRLoss: 5.201813, loss: 300.935654, avg_reader_cost: 0.00290 s, avg_batch_cost: 0.64763 s, avg_samples: 100.2, ips: 154.71766 samples/s, eta: 3:55:50, max_mem_reserved: 24989 MB, max_mem_allocated: 13561 MB
[2025/11/07 13:07:30] ppocr INFO: epoch: [1/20], global_step: 150, lr: 0.000019, acc: 0.000000, norm_edit_dis: 0.038436, CTCLoss: 280.794052, NRTRLoss: 5.083142, loss: 285.870590, avg_reader_cost: 0.00396 s, avg_batch_cost: 0.62719 s, avg_samples: 85.3, ips: 136.00315 samples/s, eta: 3:55:02, max_mem_reserved: 24989 MB, max_mem_allocated: 13561 MB
[2025/11/07 13:07:37] ppocr INFO: epoch: [1/20], global_step: 160, lr: 0.000021, acc: 0.000000, norm_edit_dis: 0.038758, CTCLoss: 270.634064, NRTRLoss: 4.907802, loss: 275.561859, avg_reader_cost: 0.00307 s, avg_batch_cost: 0.69001 s, avg_samples: 108.7, ips: 157.53483 samples/s, eta: 3:55:45, max_mem_reserved: 24989 MB, max_mem_allocated: 13561 MB
[2025/11/07 13:07:44] ppocr INFO: epoch: [1/20], global_step: 170, lr: 0.000022, acc: 0.000000, norm_edit_dis: 0.039218, CTCLoss: 261.080200, NRTRLoss: 4.704720, loss: 265.819092, avg_reader_cost: 0.00287 s, avg_batch_cost: 0.64893 s, avg_samples: 102.3, ips: 157.64475 samples/s, eta: 3:55:29, max_mem_reserved: 24989 MB, max_mem_allocated: 13561 MB
[2025/11/07 13:07:50] ppocr INFO: epoch: [1/20], global_step: 180, lr: 0.000023, acc: 0.000000, norm_edit_dis: 0.043050, CTCLoss: 249.802650, NRTRLoss: 4.589047, loss: 254.296036, avg_reader_cost: 0.00285 s, avg_batch_cost: 0.63983 s, avg_samples: 89.5, ips: 139.88067 samples/s, eta: 3:55:03, max_mem_reserved: 24989 MB, max_mem_allocated: 13561 MB
[2025/11/07 13:07:56] ppocr INFO: epoch: [1/20], global_step: 190, lr: 0.000025, acc: 0.000000, norm_edit_dis: 0.046161, CTCLoss: 242.118896, NRTRLoss: 4.447960, loss: 246.568954, avg_reader_cost: 0.00285 s, avg_batch_cost: 0.63678 s, avg_samples: 83.1, ips: 130.50086 samples/s, eta: 3:54:36, max_mem_reserved: 24989 MB, max_mem_allocated: 13561 MB
[2025/11/07 13:08:02] ppocr INFO: epoch: [1/20], global_step: 200, lr: 0.000026, acc: 0.000000, norm_edit_dis: 0.049376, CTCLoss: 231.493797, NRTRLoss: 4.327698, loss: 235.874374, avg_reader_cost: 0.00286 s, avg_batch_cost: 0.59565 s, avg_samples: 78.8, ips: 132.29300 samples/s, eta: 3:53:27, max_mem_reserved: 24989 MB, max_mem_allocated: 13561 MB
[2025/11/07 13:08:37] ppocr INFO: cur metric, acc: 0.0, norm_edit_dis: 0.05260043611031395, fps: 652.298061936484
[2025/11/07 13:08:40] ppocr INFO: save best model is to ./output/best_accuracy
[2025/11/07 13:08:40] ppocr INFO: best metric, acc: 0.0, is_float16: False, norm_edit_dis: 0.05260043611031395, fps: 652.298061936484, best_epoch: 1
[2025/11/07 13:08:46] ppocr INFO: epoch: [1/20], global_step: 210, lr: 0.000028, acc: 0.000000, norm_edit_dis: 0.054229, CTCLoss: 223.127975, NRTRLoss: 4.209436, loss: 227.302071, avg_reader_cost: 0.00292 s, avg_batch_cost: 0.65414 s, avg_samples: 93.7, ips: 143.24198 samples/s, eta: 3:53:24, max_mem_reserved: 24989 MB, max_mem_allocated: 13561 MB
[2025/11/07 13:08:53] ppocr INFO: epoch: [1/20], global_step: 220, lr: 0.000029, acc: 0.000000, norm_edit_dis: 0.059948, CTCLoss: 216.087387, NRTRLoss: 4.069865, loss: 220.130806, avg_reader_cost: 0.00283 s, avg_batch_cost: 0.65553 s, avg_samples: 100.1, ips: 152.70049 samples/s, eta: 3:53:22, max_mem_reserved: 24989 MB, max_mem_allocated: 13561 MB
[2025/11/07 13:08:59] ppocr INFO: epoch: [1/20], global_step: 230, lr: 0.000030, acc: 0.000000, norm_edit_dis: 0.063216, CTCLoss: 208.923012, NRTRLoss: 3.872000, loss: 212.845474, avg_reader_cost: 0.00328 s, avg_batch_cost: 0.64469 s, avg_samples: 93.7, ips: 145.34170 samples/s, eta: 3:53:09, max_mem_reserved: 24989 MB, max_mem_allocated: 13561 MB
[2025/11/07 13:09:06] ppocr INFO: epoch: [1/20], global_step: 240, lr: 0.000032, acc: 0.000000, norm_edit_dis: 0.067197, CTCLoss: 203.453438, NRTRLoss: 3.641111, loss: 207.061989, avg_reader_cost: 0.00300 s, avg_batch_cost: 0.65875 s, avg_samples: 89.5, ips: 135.86422 samples/s, eta: 3:53:10, max_mem_reserved: 24989 MB, max_mem_allocated: 13561 MB
[2025/11/07 13:09:12] ppocr INFO: epoch: [1/20], global_step: 250, lr: 0.000033, acc: 0.000000, norm_edit_dis: 0.077570, CTCLoss: 194.880066, NRTRLoss: 3.248070, loss: 198.023712, avg_reader_cost: 0.00284 s, avg_batch_cost: 0.62912 s, avg_samples: 87.4, ips: 138.92489 samples/s, eta: 3:52:44, max_mem_reserved: 24989 MB, max_mem_allocated: 13561 MB
[2025/11/07 13:09:19] ppocr INFO: epoch: [1/20], global_step: 260, lr: 0.000034, acc: 0.000000, norm_edit_dis: 0.094771, CTCLoss: 182.993599, NRTRLoss: 2.650923, loss: 185.739388, avg_reader_cost: 0.00282 s, avg_batch_cost: 0.65273 s, avg_samples: 91.5, ips: 140.18072 samples/s, eta: 3:52:40, max_mem_reserved: 24989 MB, max_mem_allocated: 13561 MB
[2025/11/07 13:09:26] ppocr INFO: epoch: [1/20], global_step: 270, lr: 0.000036, acc: 0.000000, norm_edit_dis: 0.101042, CTCLoss: 179.292801, NRTRLoss: 2.569598, loss: 181.870140, avg_reader_cost: 0.00287 s, avg_batch_cost: 0.69080 s, avg_samples: 104.4, ips: 151.12817 samples/s, eta: 3:53:05, max_mem_reserved: 24989 MB, max_mem_allocated: 13607 MB
[2025/11/07 13:09:32] ppocr INFO: epoch: [1/20], global_step: 280, lr: 0.000037, acc: 0.000000, norm_edit_dis: 0.127848, CTCLoss: 168.106598, NRTRLoss: 2.305519, loss: 170.382500, avg_reader_cost: 0.00284 s, avg_batch_cost: 0.62326 s, avg_samples: 87.4, ips: 140.23129 samples/s, eta: 3:52:37, max_mem_reserved: 24989 MB, max_mem_allocated: 13607 MB
[2025/11/07 13:09:38] ppocr INFO: epoch: [1/20], global_step: 290, lr: 0.000039, acc: 0.000000, norm_edit_dis: 0.138344, CTCLoss: 157.713882, NRTRLoss: 2.082281, loss: 159.847130, avg_reader_cost: 0.00296 s, avg_batch_cost: 0.58904 s, avg_samples: 81.0, ips: 137.51249 samples/s, eta: 3:51:44, max_mem_reserved: 24989 MB, max_mem_allocated: 13607 MB
[2025/11/07 13:09:44] ppocr INFO: epoch: [1/20], global_step: 300, lr: 0.000040, acc: 0.000000, norm_edit_dis: 0.166939, CTCLoss: 147.138184, NRTRLoss: 1.926862, loss: 149.144562, avg_reader_cost: 0.00281 s, avg_batch_cost: 0.64022 s, avg_samples: 87.3, ips: 136.35940 samples/s, eta: 3:51:32, max_mem_reserved: 24989 MB, max_mem_allocated: 13607 MB
[2025/11/07 13:10:18] ppocr INFO: cur metric, acc: 9.99999999e-05, norm_edit_dis: 0.21975728116221704, fps: 646.1434303021523
[2025/11/07 13:10:21] ppocr INFO: save best model is to ./output/best_accuracy
[2025/11/07 13:10:21] ppocr INFO: best metric, acc: 9.99999999e-05, is_float16: False, norm_edit_dis: 0.21975728116221704, fps: 646.1434303021523, best_epoch: 1
[2025/11/07 13:10:27] ppocr INFO: epoch: [1/20], global_step: 310, lr: 0.000041, acc: 0.000000, norm_edit_dis: 0.202576, CTCLoss: 140.107758, NRTRLoss: 1.893023, loss: 141.953537, avg_reader_cost: 0.00289 s, avg_batch_cost: 0.64123 s, avg_samples: 83.1, ips: 129.59391 samples/s, eta: 3:51:20, max_mem_reserved: 24989 MB, max_mem_allocated: 13607 MB
[2025/11/07 13:10:34] ppocr INFO: epoch: [1/20], global_step: 320, lr: 0.000043, acc: 0.000000, norm_edit_dis: 0.228726, CTCLoss: 132.293907, NRTRLoss: 1.842432, loss: 134.190079, avg_reader_cost: 0.00289 s, avg_batch_cost: 0.65515 s, avg_samples: 98.0, ips: 149.58388 samples/s, eta: 3:51:18, max_mem_reserved: 24989 MB, max_mem_allocated: 13607 MB
[2025/11/07 13:10:40] ppocr INFO: epoch: [1/20], global_step: 330, lr: 0.000044, acc: 0.000000, norm_edit_dis: 0.275185, CTCLoss: 127.351555, NRTRLoss: 1.808969, loss: 129.115715, avg_reader_cost: 0.00292 s, avg_batch_cost: 0.65641 s, avg_samples: 98.0, ips: 149.29655 samples/s, eta: 3:51:17, max_mem_reserved: 24989 MB, max_mem_allocated: 13607 MB
[2025/11/07 13:10:47] ppocr INFO: epoch: [1/20], global_step: 340, lr: 0.000046, acc: 0.000000, norm_edit_dis: 0.308906, CTCLoss: 119.324963, NRTRLoss: 1.805004, loss: 121.091408, avg_reader_cost: 0.00292 s, avg_batch_cost: 0.63655 s, avg_samples: 91.6, ips: 143.90174 samples/s, eta: 3:51:03, max_mem_reserved: 24989 MB, max_mem_allocated: 13607 MB
[2025/11/07 13:10:53] ppocr INFO: epoch: [1/20], global_step: 350, lr: 0.000047, acc: 0.000000, norm_edit_dis: 0.357821, CTCLoss: 112.642105, NRTRLoss: 1.790943, loss: 114.384712, avg_reader_cost: 0.00288 s, avg_batch_cost: 0.65015 s, avg_samples: 91.7, ips: 141.04416 samples/s, eta: 3:50:57, max_mem_reserved: 24989 MB, max_mem_allocated: 13607 MB
[2025/11/07 13:11:00] ppocr INFO: epoch: [1/20], global_step: 360, lr: 0.000048, acc: 0.000000, norm_edit_dis: 0.415138, CTCLoss: 105.255516, NRTRLoss: 1.738955, loss: 107.045769, avg_reader_cost: 0.00285 s, avg_batch_cost: 0.64227 s, avg_samples: 85.3, ips: 132.81057 samples/s, eta: 3:50:47, max_mem_reserved: 24989 MB, max_mem_allocated: 13607 MB
[2025/11/07 13:11:06] ppocr INFO: epoch: [1/20], global_step: 370, lr: 0.000050, acc: 0.000000, norm_edit_dis: 0.481554, CTCLoss: 92.707088, NRTRLoss: 1.686685, loss: 94.320087, avg_reader_cost: 0.00287 s, avg_batch_cost: 0.64733 s, avg_samples: 89.5, ips: 138.25996 samples/s, eta: 3:50:40, max_mem_reserved: 24989 MB, max_mem_allocated: 13607 MB
[2025/11/07 13:11:13] ppocr INFO: epoch: [1/20], global_step: 380, lr: 0.000051, acc: 0.009789, norm_edit_dis: 0.556605, CTCLoss: 85.984650, NRTRLoss: 1.681972, loss: 87.645397, avg_reader_cost: 0.00284 s, avg_batch_cost: 0.65697 s, avg_samples: 87.2, ips: 132.73028 samples/s, eta: 3:50:38, max_mem_reserved: 24989 MB, max_mem_allocated: 13607 MB
[2025/11/07 13:11:19] ppocr INFO: epoch: [1/20], global_step: 390, lr: 0.000052, acc: 0.011765, norm_edit_dis: 0.594816, CTCLoss: 79.601185, NRTRLoss: 1.687456, loss: 81.313679, avg_reader_cost: 0.00289 s, avg_batch_cost: 0.64852 s, avg_samples: 98.0, ips: 151.11349 samples/s, eta: 3:50:32, max_mem_reserved: 24989 MB, max_mem_allocated: 13607 MB
[2025/11/07 13:11:26] ppocr INFO: epoch: [1/20], global_step: 400, lr: 0.000054, acc: 0.015625, norm_edit_dis: 0.636479, CTCLoss: 75.222553, NRTRLoss: 1.645109, loss: 76.864708, avg_reader_cost: 0.00341 s, avg_batch_cost: 0.65269 s, avg_samples: 95.8, ips: 146.77788 samples/s, eta: 3:50:28, max_mem_reserved: 24989 MB, max_mem_allocated: 13607 MB
[2025/11/07 13:11:58] ppocr INFO: cur metric, acc: 0.039999999960000004, norm_edit_dis: 0.6909179903644684, fps: 643.3969979191895
[2025/11/07 13:12:01] ppocr INFO: save best model is to ./output/best_accuracy
[2025/11/07 13:12:01] ppocr INFO: best metric, acc: 0.039999999960000004, is_float16: False, norm_edit_dis: 0.6909179903644684, fps: 643.3969979191895, best_epoch: 1
[2025/11/07 13:12:08] ppocr INFO: epoch: [1/20], global_step: 410, lr: 0.000055, acc: 0.035294, norm_edit_dis: 0.667291, CTCLoss: 66.463799, NRTRLoss: 1.635979, loss: 68.067596, avg_reader_cost: 0.00291 s, avg_batch_cost: 0.64939 s, avg_samples: 98.0, ips: 150.90988 samples/s, eta: 3:50:22, max_mem_reserved: 24989 MB, max_mem_allocated: 13607 MB
[2025/11/07 13:12:14] ppocr INFO: epoch: [1/20], global_step: 420, lr: 0.000057, acc: 0.046967, norm_edit_dis: 0.678993, CTCLoss: 63.474901, NRTRLoss: 1.668101, loss: 65.110535, avg_reader_cost: 0.00288 s, avg_batch_cost: 0.64490 s, avg_samples: 93.8, ips: 145.44957 samples/s, eta: 3:50:13, max_mem_reserved: 24989 MB, max_mem_allocated: 13607 MB
[2025/11/07 13:12:21] ppocr INFO: epoch: [1/20], global_step: 430, lr: 0.000058, acc: 0.046967, norm_edit_dis: 0.698302, CTCLoss: 60.217489, NRTRLoss: 1.640914, loss: 61.830961, avg_reader_cost: 0.00330 s, avg_batch_cost: 0.66371 s, avg_samples: 91.7, ips: 138.16252 samples/s, eta: 3:50:14, max_mem_reserved: 24989 MB, max_mem_allocated: 13607 MB
[2025/11/07 13:12:27] ppocr INFO: epoch: [1/20], global_step: 440, lr: 0.000059, acc: 0.093750, norm_edit_dis: 0.738906, CTCLoss: 55.136692, NRTRLoss: 1.609842, loss: 56.713730, avg_reader_cost: 0.00290 s, avg_batch_cost: 0.61502 s, avg_samples: 81.0, ips: 131.70328 samples/s, eta: 3:49:51, max_mem_reserved: 24989 MB, max_mem_allocated: 13607 MB
[2025/11/07 13:12:34] ppocr INFO: epoch: [1/20], global_step: 450, lr: 0.000061, acc: 0.107629, norm_edit_dis: 0.757650, CTCLoss: 50.867317, NRTRLoss: 1.581226, loss: 52.386175, avg_reader_cost: 0.00288 s, avg_batch_cost: 0.66075 s, avg_samples: 93.7, ips: 141.80796 samples/s, eta: 3:49:51, max_mem_reserved: 24989 MB, max_mem_allocated: 13607 MB
[2025/11/07 13:12:40] ppocr INFO: epoch: [1/20], global_step: 460, lr: 0.000062, acc: 0.113511, norm_edit_dis: 0.768531, CTCLoss: 48.352554, NRTRLoss: 1.585194, loss: 49.941481, avg_reader_cost: 0.00289 s, avg_batch_cost: 0.62563 s, avg_samples: 87.3, ips: 139.53994 samples/s, eta: 3:49:34, max_mem_reserved: 24989 MB, max_mem_allocated: 13607 MB
[2025/11/07 13:12:46] ppocr INFO: epoch: [1/20], global_step: 470, lr: 0.000063, acc: 0.135018, norm_edit_dis: 0.770848, CTCLoss: 45.914764, NRTRLoss: 1.607880, loss: 47.481117, avg_reader_cost: 0.00289 s, avg_batch_cost: 0.66201 s, avg_samples: 95.9, ips: 144.86236 samples/s, eta: 3:49:34, max_mem_reserved: 24989 MB, max_mem_allocated: 13607 MB
[2025/11/07 13:12:53] ppocr INFO: epoch: [1/20], global_step: 480, lr: 0.000065, acc: 0.148437, norm_edit_dis: 0.781596, CTCLoss: 42.276800, NRTRLoss: 1.581262, loss: 43.808989, avg_reader_cost: 0.00325 s, avg_batch_cost: 0.65016 s, avg_samples: 91.6, ips: 140.88913 samples/s, eta: 3:49:28, max_mem_reserved: 24989 MB, max_mem_allocated: 13607 MB
[2025/11/07 13:13:00] ppocr INFO: epoch: [1/20], global_step: 490, lr: 0.000066, acc: 0.164706, norm_edit_dis: 0.792462, CTCLoss: 39.790834, NRTRLoss: 1.577848, loss: 41.322750, avg_reader_cost: 0.00290 s, avg_batch_cost: 0.66834 s, avg_samples: 98.0, ips: 146.63257 samples/s, eta: 3:49:30, max_mem_reserved: 24989 MB, max_mem_allocated: 13607 MB
[2025/11/07 13:13:06] ppocr INFO: epoch: [1/20], global_step: 500, lr: 0.000068, acc: 0.136719, norm_edit_dis: 0.757040, CTCLoss: 41.895000, NRTRLoss: 1.636043, loss: 43.531044, avg_reader_cost: 0.00309 s, avg_batch_cost: 0.66147 s, avg_samples: 98.1, ips: 148.30700 samples/s, eta: 3:49:29, max_mem_reserved: 24989 MB, max_mem_allocated: 13607 MB
[2025/11/07 13:13:40] ppocr INFO: cur metric, acc: 0.2173999997826, norm_edit_dis: 0.8272513948165532, fps: 615.696829485096
[2025/11/07 13:13:43] ppocr INFO: save best model is to ./output/best_accuracy
[2025/11/07 13:13:43] ppocr INFO: best metric, acc: 0.2173999997826, is_float16: False, norm_edit_dis: 0.8272513948165532, fps: 615.696829485096, best_epoch: 1
[2025/11/07 13:13:49] ppocr INFO: epoch: [1/20], global_step: 510, lr: 0.000069, acc: 0.140625, norm_edit_dis: 0.777651, CTCLoss: 39.453730, NRTRLoss: 1.626399, loss: 41.013073, avg_reader_cost: 0.00325 s, avg_batch_cost: 0.66566 s, avg_samples: 87.4, ips: 131.29802 samples/s, eta: 3:49:30, max_mem_reserved: 24989 MB, max_mem_allocated: 13607 MB
[2025/11/07 13:13:55] ppocr INFO: epoch: [1/20], global_step: 520, lr: 0.000070, acc: 0.210937, norm_edit_dis: 0.799813, CTCLoss: 34.288971, NRTRLoss: 1.558339, loss: 35.832052, avg_reader_cost: 0.00295 s, avg_batch_cost: 0.59997 s, avg_samples: 76.7, ips: 127.84044 samples/s, eta: 3:49:03, max_mem_reserved: 24989 MB, max_mem_allocated: 13607 MB
[2025/11/07 13:14:02] ppocr INFO: epoch: [1/20], global_step: 530, lr: 0.000072, acc: 0.226562, norm_edit_dis: 0.826321, CTCLoss: 30.866343, NRTRLoss: 1.536562, loss: 32.406897, avg_reader_cost: 0.00294 s, avg_batch_cost: 0.63447 s, avg_samples: 95.8, ips: 150.99316 samples/s, eta: 3:48:51, max_mem_reserved: 24989 MB, max_mem_allocated: 13607 MB
[2025/11/07 13:14:09] ppocr INFO: epoch: [1/20], global_step: 540, lr: 0.000073, acc: 0.200000, norm_edit_dis: 0.811020, CTCLoss: 33.296068, NRTRLoss: 1.560087, loss: 34.824705, avg_reader_cost: 0.00290 s, avg_batch_cost: 0.67388 s, avg_samples: 102.3, ips: 151.80728 samples/s, eta: 3:48:55, max_mem_reserved: 24989 MB, max_mem_allocated: 13607 MB
[2025/11/07 13:14:15] ppocr INFO: epoch: [1/20], global_step: 550, lr: 0.000075, acc: 0.187500, norm_edit_dis: 0.795956, CTCLoss: 33.413492, NRTRLoss: 1.573858, loss: 34.960169, avg_reader_cost: 0.00291 s, avg_batch_cost: 0.66578 s, avg_samples: 93.8, ips: 140.88775 samples/s, eta: 3:48:55, max_mem_reserved: 24989 MB, max_mem_allocated: 13607 MB
[2025/11/07 13:14:22] ppocr INFO: epoch: [1/20], global_step: 560, lr: 0.000076, acc: 0.215257, norm_edit_dis: 0.795956, CTCLoss: 31.116579, NRTRLoss: 1.568699, loss: 32.640177, avg_reader_cost: 0.00292 s, avg_batch_cost: 0.65028 s, avg_samples: 93.8, ips: 144.24485 samples/s, eta: 3:48:49, max_mem_reserved: 24989 MB, max_mem_allocated: 13607 MB
[2025/11/07 13:14:28] ppocr INFO: epoch: [1/20], global_step: 570, lr: 0.000077, acc: 0.218750, norm_edit_dis: 0.795810, CTCLoss: 31.192291, NRTRLoss: 1.565497, loss: 32.730093, avg_reader_cost: 0.00291 s, avg_batch_cost: 0.64459 s, avg_samples: 95.9, ips: 148.77783 samples/s, eta: 3:48:41, max_mem_reserved: 24989 MB, max_mem_allocated: 13607 MB
[2025/11/07 13:14:34] ppocr INFO: epoch: [1/20], global_step: 580, lr: 0.000079, acc: 0.254412, norm_edit_dis: 0.824309, CTCLoss: 26.682290, NRTRLoss: 1.528536, loss: 28.226375, avg_reader_cost: 0.00293 s, avg_batch_cost: 0.60834 s, avg_samples: 74.5, ips: 122.46442 samples/s, eta: 3:48:20, max_mem_reserved: 24989 MB, max_mem_allocated: 13607 MB
[2025/11/07 13:14:41] ppocr INFO: epoch: [1/20], global_step: 590, lr: 0.000080, acc: 0.248529, norm_edit_dis: 0.824309, CTCLoss: 25.794189, NRTRLoss: 1.528536, loss: 27.330452, avg_reader_cost: 0.00292 s, avg_batch_cost: 0.66584 s, avg_samples: 93.8, ips: 140.87569 samples/s, eta: 3:48:20, max_mem_reserved: 24989 MB, max_mem_allocated: 13607 MB
[2025/11/07 13:14:48] ppocr INFO: epoch: [1/20], global_step: 600, lr: 0.000081, acc: 0.215257, norm_edit_dis: 0.795097, CTCLoss: 31.550169, NRTRLoss: 1.560306, loss: 33.065638, avg_reader_cost: 0.00291 s, avg_batch_cost: 0.66442 s, avg_samples: 100.2, ips: 150.80855 samples/s, eta: 3:48:19, max_mem_reserved: 24989 MB, max_mem_allocated: 13607 MB
[2025/11/07 13:15:20] ppocr INFO: cur metric, acc: 0.27399999972600003, norm_edit_dis: 0.8430922893415757, fps: 639.1094537931681
[2025/11/07 13:15:23] ppocr INFO: save best model is to ./output/best_accuracy
[2025/11/07 13:15:23] ppocr INFO: best metric, acc: 0.27399999972600003, is_float16: False, norm_edit_dis: 0.8430922893415757, fps: 639.1094537931681, best_epoch: 1
[2025/11/07 13:15:29] ppocr INFO: epoch: [1/20], global_step: 610, lr: 0.000083, acc: 0.235294, norm_edit_dis: 0.813361, CTCLoss: 26.619636, NRTRLoss: 1.537733, loss: 28.158121, avg_reader_cost: 0.00343 s, avg_batch_cost: 0.63471 s, avg_samples: 91.6, ips: 144.31836 samples/s, eta: 3:48:08, max_mem_reserved: 24989 MB, max_mem_allocated: 13607 MB
[2025/11/07 13:15:36] ppocr INFO: epoch: [1/20], global_step: 620, lr: 0.000084, acc: 0.247059, norm_edit_dis: 0.823923, CTCLoss: 22.978286, NRTRLoss: 1.514855, loss: 24.450605, avg_reader_cost: 0.00334 s, avg_batch_cost: 0.64282 s, avg_samples: 89.4, ips: 139.07575 samples/s, eta: 3:47:59, max_mem_reserved: 24989 MB, max_mem_allocated: 13607 MB
[2025/11/07 13:15:41] ppocr INFO: epoch: [1/20], global_step: 630, lr: 0.000086, acc: 0.260294, norm_edit_dis: 0.830573, CTCLoss: 22.909044, NRTRLoss: 1.495741, loss: 24.393702, avg_reader_cost: 0.00297 s, avg_batch_cost: 0.58680 s, avg_samples: 78.8, ips: 134.28686 samples/s, eta: 3:47:32, max_mem_reserved: 24989 MB, max_mem_allocated: 13607 MB
[2025/11/07 13:15:48] ppocr INFO: epoch: [1/20], global_step: 640, lr: 0.000087, acc: 0.270037, norm_edit_dis: 0.822785, CTCLoss: 23.488584, NRTRLoss: 1.501154, loss: 24.954329, avg_reader_cost: 0.00295 s, avg_batch_cost: 0.65366 s, avg_samples: 95.9, ips: 146.71173 samples/s, eta: 3:47:28, max_mem_reserved: 24989 MB, max_mem_allocated: 13607 MB
[2025/11/07 13:15:55] ppocr INFO: epoch: [1/20], global_step: 650, lr: 0.000088, acc: 0.287684, norm_edit_dis: 0.813498, CTCLoss: 23.178888, NRTRLoss: 1.548227, loss: 24.705481, avg_reader_cost: 0.00292 s, avg_batch_cost: 0.66264 s, avg_samples: 95.9, ips: 144.72422 samples/s, eta: 3:47:26, max_mem_reserved: 24989 MB, max_mem_allocated: 13607 MB
[2025/11/07 13:16:01] ppocr INFO: epoch: [1/20], global_step: 660, lr: 0.000090, acc: 0.229412, norm_edit_dis: 0.812459, CTCLoss: 25.156685, NRTRLoss: 1.548227, loss: 26.680472, avg_reader_cost: 0.00297 s, avg_batch_cost: 0.66251 s, avg_samples: 93.8, ips: 141.58226 samples/s, eta: 3:47:24, max_mem_reserved: 24989 MB, max_mem_allocated: 13607 MB
[2025/11/07 13:16:07] ppocr INFO: epoch: [1/20], global_step: 670, lr: 0.000091, acc: 0.241176, norm_edit_dis: 0.815998, CTCLoss: 21.598230, NRTRLoss: 1.527588, loss: 23.120688, avg_reader_cost: 0.00298 s, avg_batch_cost: 0.62256 s, avg_samples: 87.3, ips: 140.22683 samples/s, eta: 3:47:10, max_mem_reserved: 24989 MB, max_mem_allocated: 13607 MB
[2025/11/07 13:16:14] ppocr INFO: epoch: [1/20], global_step: 680, lr: 0.000092, acc: 0.287684, norm_edit_dis: 0.827141, CTCLoss: 19.546722, NRTRLoss: 1.501177, loss: 21.059857, avg_reader_cost: 0.00294 s, avg_batch_cost: 0.64874 s, avg_samples: 93.7, ips: 144.43432 samples/s, eta: 3:47:04, max_mem_reserved: 24989 MB, max_mem_allocated: 13607 MB
[2025/11/07 13:16:20] ppocr INFO: epoch: [1/20], global_step: 690, lr: 0.000094, acc: 0.294118, norm_edit_dis: 0.826495, CTCLoss: 19.082470, NRTRLoss: 1.497097, loss: 20.573998, avg_reader_cost: 0.00294 s, avg_batch_cost: 0.64585 s, avg_samples: 87.3, ips: 135.17073 samples/s, eta: 3:46:57, max_mem_reserved: 24989 MB, max_mem_allocated: 13607 MB
[2025/11/07 13:16:27] ppocr INFO: epoch: [1/20], global_step: 700, lr: 0.000095, acc: 0.248529, norm_edit_dis: 0.814103, CTCLoss: 19.894781, NRTRLoss: 1.505585, loss: 21.363099, avg_reader_cost: 0.00303 s, avg_batch_cost: 0.66496 s, avg_samples: 106.6, ips: 160.31137 samples/s, eta: 3:46:56, max_mem_reserved: 24989 MB, max_mem_allocated: 13607 MB
[2025/11/07 13:17:03] ppocr INFO: cur metric, acc: 0.3333999996666, norm_edit_dis: 0.847371819396568, fps: 605.4110966639951
[2025/11/07 13:17:06] ppocr INFO: save best model is to ./output/best_accuracy
[2025/11/07 13:17:06] ppocr INFO: best metric, acc: 0.3333999996666, is_float16: False, norm_edit_dis: 0.847371819396568, fps: 605.4110966639951, best_epoch: 1
[2025/11/07 13:17:12] ppocr INFO: epoch: [1/20], global_step: 710, lr: 0.000097, acc: 0.187500, norm_edit_dis: 0.689761, CTCLoss: 32.037390, NRTRLoss: 1.570612, loss: 33.607521, avg_reader_cost: 0.00299 s, avg_batch_cost: 0.63556 s, avg_samples: 100.2, ips: 157.65701 samples/s, eta: 3:46:46, max_mem_reserved: 24989 MB, max_mem_allocated: 13607 MB
[2025/11/07 13:17:18] ppocr INFO: epoch: [1/20], global_step: 720, lr: 0.000098, acc: 0.252941, norm_edit_dis: 0.775723, CTCLoss: 22.530581, NRTRLoss: 1.541589, loss: 24.076059, avg_reader_cost: 0.00292 s, avg_batch_cost: 0.64849 s, avg_samples: 98.0, ips: 151.12004 samples/s, eta: 3:46:39, max_mem_reserved: 24989 MB, max_mem_allocated: 13607 MB
[2025/11/07 13:17:25] ppocr INFO: epoch: [1/20], global_step: 730, lr: 0.000099, acc: 0.240717, norm_edit_dis: 0.804799, CTCLoss: 21.058956, NRTRLoss: 1.509549, loss: 22.510832, avg_reader_cost: 0.00310 s, avg_batch_cost: 0.65697 s, avg_samples: 95.9, ips: 145.97237 samples/s, eta: 3:46:36, max_mem_reserved: 24989 MB, max_mem_allocated: 13607 MB
[2025/11/07 13:17:32] ppocr INFO: epoch: [1/20], global_step: 740, lr: 0.000101, acc: 0.242187, norm_edit_dis: 0.801634, CTCLoss: 20.550610, NRTRLoss: 1.505656, loss: 22.033447, avg_reader_cost: 0.00291 s, avg_batch_cost: 0.65380 s, avg_samples: 93.8, ips: 143.46920 samples/s, eta: 3:46:31, max_mem_reserved: 24989 MB, max_mem_allocated: 13607 MB
[2025/11/07 13:17:38] ppocr INFO: epoch: [1/20], global_step: 750, lr: 0.000102, acc: 0.264706, norm_edit_dis: 0.805046, CTCLoss: 18.997787, NRTRLoss: 1.490794, loss: 20.486767, avg_reader_cost: 0.00297 s, avg_batch_cost: 0.65484 s, avg_samples: 93.7, ips: 143.08910 samples/s, eta: 3:46:26, max_mem_reserved: 24989 MB, max_mem_allocated: 13607 MB
[2025/11/07 13:17:44] ppocr INFO: epoch: [1/20], global_step: 760, lr: 0.000104, acc: 0.315073, norm_edit_dis: 0.813137, CTCLoss: 16.953606, NRTRLoss: 1.476682, loss: 18.455070, avg_reader_cost: 0.00294 s, avg_batch_cost: 0.62957 s, avg_samples: 83.1, ips: 131.99432 samples/s, eta: 3:46:15, max_mem_reserved: 24989 MB, max_mem_allocated: 13607 MB
[2025/11/07 13:17:51] ppocr INFO: epoch: [1/20], global_step: 770, lr: 0.000105, acc: 0.326838, norm_edit_dis: 0.817880, CTCLoss: 17.527737, NRTRLoss: 1.485941, loss: 19.017016, avg_reader_cost: 0.00289 s, avg_batch_cost: 0.64936 s, avg_samples: 93.8, ips: 144.45018 samples/s, eta: 3:46:09, max_mem_reserved: 24989 MB, max_mem_allocated: 13607 MB
[2025/11/07 13:17:57] ppocr INFO: epoch: [1/20], global_step: 780, lr: 0.000106, acc: 0.273437, norm_edit_dis: 0.816442, CTCLoss: 19.282527, NRTRLoss: 1.491114, loss: 20.774024, avg_reader_cost: 0.00296 s, avg_batch_cost: 0.64843 s, avg_samples: 89.5, ips: 138.02500 samples/s, eta: 3:46:02, max_mem_reserved: 24989 MB, max_mem_allocated: 13607 MB
[2025/11/07 13:18:04] ppocr INFO: epoch: [1/20], global_step: 790, lr: 0.000108, acc: 0.317004, norm_edit_dis: 0.816442, CTCLoss: 16.547792, NRTRLoss: 1.472630, loss: 18.014016, avg_reader_cost: 0.00296 s, avg_batch_cost: 0.62249 s, avg_samples: 81.0, ips: 130.12228 samples/s, eta: 3:45:49, max_mem_reserved: 24989 MB, max_mem_allocated: 13607 MB
[2025/11/07 13:18:10] ppocr INFO: epoch: [1/20], global_step: 800, lr: 0.000109, acc: 0.322886, norm_edit_dis: 0.822273, CTCLoss: 15.891819, NRTRLoss: 1.485933, loss: 17.373721, avg_reader_cost: 0.00291 s, avg_batch_cost: 0.65986 s, avg_samples: 100.1, ips: 151.69877 samples/s, eta: 3:45:46, max_mem_reserved: 24989 MB, max_mem_allocated: 13607 MB
[2025/11/07 13:18:47] ppocr INFO: cur metric, acc: 0.3644999996355, norm_edit_dis: 0.8540264685939917, fps: 621.765910153659
[2025/11/07 13:18:50] ppocr INFO: save best model is to ./output/best_accuracy
[2025/11/07 13:18:50] ppocr INFO: best metric, acc: 0.3644999996355, is_float16: False, norm_edit_dis: 0.8540264685939917, fps: 621.765910153659, best_epoch: 1
[2025/11/07 13:18:57] ppocr INFO: epoch: [1/20], global_step: 810, lr: 0.000110, acc: 0.317647, norm_edit_dis: 0.824788, CTCLoss: 15.726846, NRTRLoss: 1.494614, loss: 17.156160, avg_reader_cost: 0.00311 s, avg_batch_cost: 0.66890 s, avg_samples: 87.3, ips: 130.51190 samples/s, eta: 3:45:45, max_mem_reserved: 24989 MB, max_mem_allocated: 13607 MB
[2025/11/07 13:19:03] ppocr INFO: epoch: [1/20], global_step: 820, lr: 0.000112, acc: 0.328125, norm_edit_dis: 0.824950, CTCLoss: 15.848250, NRTRLoss: 1.490786, loss: 17.276347, avg_reader_cost: 0.00292 s, avg_batch_cost: 0.67140 s, avg_samples: 95.9, ips: 142.83673 samples/s, eta: 3:45:45, max_mem_reserved: 24989 MB, max_mem_allocated: 13607 MB
[2025/11/07 13:19:10] ppocr INFO: epoch: [1/20], global_step: 830, lr: 0.000113, acc: 0.347059, norm_edit_dis: 0.833658, CTCLoss: 15.478202, NRTRLoss: 1.486962, loss: 16.930676, avg_reader_cost: 0.00291 s, avg_batch_cost: 0.64123 s, avg_samples: 89.5, ips: 139.57545 samples/s, eta: 3:45:36, max_mem_reserved: 24989 MB, max_mem_allocated: 13607 MB
[2025/11/07 13:19:16] ppocr INFO: epoch: [1/20], global_step: 840, lr: 0.000115, acc: 0.329412, norm_edit_dis: 0.829194, CTCLoss: 16.200323, NRTRLoss: 1.472720, loss: 17.652606, avg_reader_cost: 0.00345 s, avg_batch_cost: 0.65356 s, avg_samples: 102.2, ips: 156.37365 samples/s, eta: 3:45:31, max_mem_reserved: 24989 MB, max_mem_allocated: 13607 MB
[2025/11/07 13:19:23] ppocr INFO: epoch: [1/20], global_step: 850, lr: 0.000116, acc: 0.317647, norm_edit_dis: 0.813944, CTCLoss: 16.049016, NRTRLoss: 1.470181, loss: 17.515901, avg_reader_cost: 0.00293 s, avg_batch_cost: 0.64799 s, avg_samples: 95.9, ips: 147.99557 samples/s, eta: 3:45:25, max_mem_reserved: 24989 MB, max_mem_allocated: 13607 MB
[2025/11/07 13:19:29] ppocr INFO: epoch: [1/20], global_step: 860, lr: 0.000117, acc: 0.323529, norm_edit_dis: 0.813005, CTCLoss: 15.974921, NRTRLoss: 1.470181, loss: 17.426691, avg_reader_cost: 0.00288 s, avg_batch_cost: 0.66580 s, avg_samples: 98.0, ips: 147.19081 samples/s, eta: 3:45:23, max_mem_reserved: 24989 MB, max_mem_allocated: 13607 MB
[2025/11/07 13:19:36] ppocr INFO: epoch: [1/20], global_step: 870, lr: 0.000119, acc: 0.328125, norm_edit_dis: 0.824960, CTCLoss: 14.056779, NRTRLoss: 1.480934, loss: 15.518358, avg_reader_cost: 0.00292 s, avg_batch_cost: 0.62992 s, avg_samples: 85.2, ips: 135.25469 samples/s, eta: 3:45:12, max_mem_reserved: 24989 MB, max_mem_allocated: 13607 MB
[2025/11/07 13:19:42] ppocr INFO: epoch: [1/20], global_step: 880, lr: 0.000120, acc: 0.322886, norm_edit_dis: 0.819654, CTCLoss: 14.027773, NRTRLoss: 1.483126, loss: 15.485743, avg_reader_cost: 0.00294 s, avg_batch_cost: 0.65368 s, avg_samples: 91.7, ips: 140.28300 samples/s, eta: 3:45:07, max_mem_reserved: 24989 MB, max_mem_allocated: 13607 MB
[2025/11/07 13:19:49] ppocr INFO: epoch: [1/20], global_step: 890, lr: 0.000121, acc: 0.328768, norm_edit_dis: 0.811659, CTCLoss: 14.478331, NRTRLoss: 1.485749, loss: 15.963809, avg_reader_cost: 0.00292 s, avg_batch_cost: 0.66630 s, avg_samples: 93.7, ips: 140.62663 samples/s, eta: 3:45:04, max_mem_reserved: 24989 MB, max_mem_allocated: 13607 MB
[2025/11/07 13:19:55] ppocr INFO: epoch: [1/20], global_step: 900, lr: 0.000123, acc: 0.328125, norm_edit_dis: 0.818564, CTCLoss: 13.662743, NRTRLoss: 1.474925, loss: 15.125165, avg_reader_cost: 0.00289 s, avg_batch_cost: 0.64775 s, avg_samples: 89.6, ips: 138.32494 samples/s, eta: 3:44:58, max_mem_reserved: 24989 MB, max_mem_allocated: 13607 MB
[2025/11/07 13:20:30] ppocr INFO: cur metric, acc: 0.3956999996043, norm_edit_dis: 0.864717937904102, fps: 616.2840477400089
[2025/11/07 13:20:33] ppocr INFO: save best model is to ./output/best_accuracy
[2025/11/07 13:20:33] ppocr INFO: best metric, acc: 0.3956999996043, is_float16: False, norm_edit_dis: 0.864717937904102, fps: 616.2840477400089, best_epoch: 1
[2025/11/07 13:20:39] ppocr INFO: epoch: [1/20], global_step: 910, lr: 0.000124, acc: 0.328125, norm_edit_dis: 0.832897, CTCLoss: 13.270191, NRTRLoss: 1.460897, loss: 14.719854, avg_reader_cost: 0.00295 s, avg_batch_cost: 0.62958 s, avg_samples: 83.1, ips: 131.99220 samples/s, eta: 3:44:47, max_mem_reserved: 24989 MB, max_mem_allocated: 13607 MB
[2025/11/07 13:20:46] ppocr INFO: epoch: [1/20], global_step: 920, lr: 0.000126, acc: 0.307261, norm_edit_dis: 0.823478, CTCLoss: 13.593316, NRTRLoss: 1.470609, loss: 15.066161, avg_reader_cost: 0.00287 s, avg_batch_cost: 0.68028 s, avg_samples: 104.4, ips: 153.46719 samples/s, eta: 3:44:48, max_mem_reserved: 24989 MB, max_mem_allocated: 13607 MB
[2025/11/07 13:20:52] ppocr INFO: epoch: [1/20], global_step: 930, lr: 0.000127, acc: 0.300000, norm_edit_dis: 0.828053, CTCLoss: 13.574211, NRTRLoss: 1.455797, loss: 15.019980, avg_reader_cost: 0.00287 s, avg_batch_cost: 0.60080 s, avg_samples: 85.2, ips: 141.81011 samples/s, eta: 3:44:31, max_mem_reserved: 24989 MB, max_mem_allocated: 13718 MB
[2025/11/07 13:20:59] ppocr INFO: epoch: [1/20], global_step: 940, lr: 0.000128, acc: 0.341176, norm_edit_dis: 0.831659, CTCLoss: 13.160222, NRTRLoss: 1.450737, loss: 14.603052, avg_reader_cost: 0.00285 s, avg_batch_cost: 0.72226 s, avg_samples: 106.5, ips: 147.45396 samples/s, eta: 3:44:41, max_mem_reserved: 24989 MB, max_mem_allocated: 13718 MB
[2025/11/07 13:21:05] ppocr INFO: epoch: [1/20], global_step: 950, lr: 0.000130, acc: 0.369853, norm_edit_dis: 0.837889, CTCLoss: 13.645936, NRTRLoss: 1.454350, loss: 15.091326, avg_reader_cost: 0.00289 s, avg_batch_cost: 0.60948 s, avg_samples: 89.5, ips: 146.84639 samples/s, eta: 3:44:25, max_mem_reserved: 24989 MB, max_mem_allocated: 13718 MB
[2025/11/07 13:21:12] ppocr INFO: epoch: [1/20], global_step: 960, lr: 0.000131, acc: 0.359375, norm_edit_dis: 0.838308, CTCLoss: 11.288540, NRTRLoss: 1.443116, loss: 12.724574, avg_reader_cost: 0.00287 s, avg_batch_cost: 0.62534 s, avg_samples: 74.6, ips: 119.29496 samples/s, eta: 3:44:14, max_mem_reserved: 24989 MB, max_mem_allocated: 13718 MB
[2025/11/07 13:21:18] ppocr INFO: epoch: [1/20], global_step: 970, lr: 0.000133, acc: 0.348346, norm_edit_dis: 0.824247, CTCLoss: 12.243231, NRTRLoss: 1.481749, loss: 13.730439, avg_reader_cost: 0.00285 s, avg_batch_cost: 0.67291 s, avg_samples: 100.2, ips: 148.90478 samples/s, eta: 3:44:13, max_mem_reserved: 24989 MB, max_mem_allocated: 13718 MB
[2025/11/07 13:21:24] ppocr INFO: epoch: [1/20], global_step: 980, lr: 0.000134, acc: 0.375735, norm_edit_dis: 0.838730, CTCLoss: 12.243231, NRTRLoss: 1.481749, loss: 13.730439, avg_reader_cost: 0.00284 s, avg_batch_cost: 0.57555 s, avg_samples: 74.5, ips: 129.44222 samples/s, eta: 3:43:51, max_mem_reserved: 24989 MB, max_mem_allocated: 13718 MB
[2025/11/07 13:21:30] ppocr INFO: epoch: [1/20], global_step: 990, lr: 0.000135, acc: 0.406250, norm_edit_dis: 0.844994, CTCLoss: 10.635205, NRTRLoss: 1.462194, loss: 12.081802, avg_reader_cost: 0.00288 s, avg_batch_cost: 0.64073 s, avg_samples: 85.2, ips: 132.97310 samples/s, eta: 3:43:43, max_mem_reserved: 24989 MB, max_mem_allocated: 13718 MB
[2025/11/07 13:21:37] ppocr INFO: epoch: [1/20], global_step: 1000, lr: 0.000137, acc: 0.403125, norm_edit_dis: 0.846794, CTCLoss: 10.221591, NRTRLoss: 1.452978, loss: 11.678697, avg_reader_cost: 0.00285 s, avg_batch_cost: 0.66783 s, avg_samples: 95.8, ips: 143.45026 samples/s, eta: 3:43:41, max_mem_reserved: 24989 MB, max_mem_allocated: 13718 MB
[2025/11/07 13:22:13] ppocr INFO: cur metric, acc: 0.4403999995596, norm_edit_dis: 0.8763098884049874, fps: 599.5196871768917
[2025/11/07 13:22:15] ppocr INFO: save best model is to ./output/best_accuracy
[2025/11/07 13:22:15] ppocr INFO: best metric, acc: 0.4403999995596, is_float16: False, norm_edit_dis: 0.8763098884049874, fps: 599.5196871768917, best_epoch: 1
[2025/11/07 13:22:22] ppocr INFO: epoch: [1/20], global_step: 1010, lr: 0.000138, acc: 0.400000, norm_edit_dis: 0.852397, CTCLoss: 10.679897, NRTRLoss: 1.448784, loss: 12.115138, avg_reader_cost: 0.00306 s, avg_batch_cost: 0.66934 s, avg_samples: 98.0, ips: 146.41199 samples/s, eta: 3:43:39, max_mem_reserved: 24989 MB, max_mem_allocated: 13718 MB
[2025/11/07 13:22:29] ppocr INFO: epoch: [1/20], global_step: 1020, lr: 0.000139, acc: 0.305423, norm_edit_dis: 0.787059, CTCLoss: 15.569073, NRTRLoss: 1.478856, loss: 17.110678, avg_reader_cost: 0.00287 s, avg_batch_cost: 0.68410 s, avg_samples: 106.6, ips: 155.82417 samples/s, eta: 3:43:40, max_mem_reserved: 24989 MB, max_mem_allocated: 13718 MB
[2025/11/07 13:22:35] ppocr INFO: epoch: [1/20], global_step: 1030, lr: 0.000141, acc: 0.291636, norm_edit_dis: 0.767746, CTCLoss: 16.288100, NRTRLoss: 1.505602, loss: 17.867550, avg_reader_cost: 0.00327 s, avg_batch_cost: 0.64017 s, avg_samples: 98.0, ips: 153.08318 samples/s, eta: 3:43:31, max_mem_reserved: 24989 MB, max_mem_allocated: 13718 MB
[2025/11/07 13:22:42] ppocr INFO: epoch: [1/20], global_step: 1040, lr: 0.000142, acc: 0.389430, norm_edit_dis: 0.847586, CTCLoss: 10.961619, NRTRLoss: 1.446490, loss: 12.401126, avg_reader_cost: 0.00326 s, avg_batch_cost: 0.63283 s, avg_samples: 89.4, ips: 141.26937 samples/s, eta: 3:43:22, max_mem_reserved: 24989 MB, max_mem_allocated: 13718 MB
[2025/11/07 13:22:48] ppocr INFO: epoch: [1/20], global_step: 1050, lr: 0.000144, acc: 0.389430, norm_edit_dis: 0.856695, CTCLoss: 10.744288, NRTRLoss: 1.432033, loss: 12.162237, avg_reader_cost: 0.00282 s, avg_batch_cost: 0.65545 s, avg_samples: 97.9, ips: 149.36341 samples/s, eta: 3:43:17, max_mem_reserved: 24989 MB, max_mem_allocated: 13718 MB
[2025/11/07 13:22:54] ppocr INFO: epoch: [1/20], global_step: 1060, lr: 0.000145, acc: 0.367923, norm_edit_dis: 0.837334, CTCLoss: 10.727491, NRTRLoss: 1.436155, loss: 12.142218, avg_reader_cost: 0.00284 s, avg_batch_cost: 0.62188 s, avg_samples: 78.9, ips: 126.87314 samples/s, eta: 3:43:05, max_mem_reserved: 24989 MB, max_mem_allocated: 13718 MB
[2025/11/07 13:23:01] ppocr INFO: epoch: [1/20], global_step: 1070, lr: 0.000146, acc: 0.362040, norm_edit_dis: 0.837334, CTCLoss: 10.698937, NRTRLoss: 1.431272, loss: 12.126758, avg_reader_cost: 0.00284 s, avg_batch_cost: 0.67791 s, avg_samples: 95.9, ips: 141.46327 samples/s, eta: 3:43:05, max_mem_reserved: 24989 MB, max_mem_allocated: 13718 MB
[2025/11/07 13:23:08] ppocr INFO: epoch: [1/20], global_step: 1080, lr: 0.000148, acc: 0.338603, norm_edit_dis: 0.834225, CTCLoss: 10.715880, NRTRLoss: 1.458965, loss: 12.145815, avg_reader_cost: 0.00286 s, avg_batch_cost: 0.66184 s, avg_samples: 100.2, ips: 151.39547 samples/s, eta: 3:43:01, max_mem_reserved: 24989 MB, max_mem_allocated: 13718 MB
[2025/11/07 13:23:12] ppocr INFO: epoch: [1/20], global_step: 1086, lr: 0.000149, acc: 0.369853, norm_edit_dis: 0.867030, CTCLoss: 9.761121, NRTRLoss: 1.420212, loss: 11.168013, avg_reader_cost: 0.00170 s, avg_batch_cost: 0.37995 s, avg_samples: 51.1, ips: 134.49290 samples/s, eta: 3:42:55, max_mem_reserved: 24989 MB, max_mem_allocated: 13718 MB
[2025/11/07 13:23:13] ppocr INFO: save model in ./output/latest
[2025/11/07 13:23:14] ppocr INFO: save model in ./output/iter_epoch_1
[2025/11/07 13:23:18] ppocr INFO: epoch: [2/20], global_step: 1090, lr: 0.000149, acc: 0.369853, norm_edit_dis: 0.850041, CTCLoss: 9.761121, NRTRLoss: 1.435315, loss: 11.168013, avg_reader_cost: 0.36883 s, avg_batch_cost: 0.63963 s, avg_samples: 40.5, ips: 63.31818 samples/s, eta: 3:44:05, max_mem_reserved: 24989 MB, max_mem_allocated: 13718 MB
[2025/11/07 13:23:25] ppocr INFO: epoch: [2/20], global_step: 1100, lr: 0.000150, acc: 0.389430, norm_edit_dis: 0.865565, CTCLoss: 9.828896, NRTRLoss: 1.423636, loss: 11.235239, avg_reader_cost: 0.00290 s, avg_batch_cost: 0.65822 s, avg_samples: 102.3, ips: 155.41942 samples/s, eta: 3:43:59, max_mem_reserved: 24989 MB, max_mem_allocated: 13718 MB
[2025/11/07 13:24:00] ppocr INFO: cur metric, acc: 0.4500999995499, norm_edit_dis: 0.8817038173251167, fps: 604.7949902956474
[2025/11/07 13:24:02] ppocr INFO: save best model is to ./output/best_accuracy
[2025/11/07 13:24:02] ppocr INFO: best metric, acc: 0.4500999995499, is_float16: False, norm_edit_dis: 0.8817038173251167, fps: 604.7949902956474, best_epoch: 2
[2025/11/07 13:24:10] ppocr INFO: epoch: [2/20], global_step: 1110, lr: 0.000152, acc: 0.339844, norm_edit_dis: 0.806579, CTCLoss: 16.033365, NRTRLoss: 1.474281, loss: 17.552829, avg_reader_cost: 0.00332 s, avg_batch_cost: 0.72085 s, avg_samples: 100.2, ips: 139.00185 samples/s, eta: 3:44:06, max_mem_reserved: 24989 MB, max_mem_allocated: 13718 MB
[2025/11/07 13:24:17] ppocr INFO: epoch: [2/20], global_step: 1120, lr: 0.000153, acc: 0.265625, norm_edit_dis: 0.749466, CTCLoss: 16.123823, NRTRLoss: 1.497009, loss: 17.667083, avg_reader_cost: 0.00311 s, avg_batch_cost: 0.69789 s, avg_samples: 110.9, ips: 158.90805 samples/s, eta: 3:44:07, max_mem_reserved: 24989 MB, max_mem_allocated: 13718 MB
[2025/11/07 13:24:23] ppocr INFO: epoch: [2/20], global_step: 1130, lr: 0.000155, acc: 0.328125, norm_edit_dis: 0.798287, CTCLoss: 14.144613, NRTRLoss: 1.481437, loss: 15.641841, avg_reader_cost: 0.00290 s, avg_batch_cost: 0.63998 s, avg_samples: 87.4, ips: 136.56741 samples/s, eta: 3:43:58, max_mem_reserved: 24989 MB, max_mem_allocated: 13718 MB
[2025/11/07 13:24:30] ppocr INFO: epoch: [2/20], global_step: 1140, lr: 0.000156, acc: 0.409007, norm_edit_dis: 0.859333, CTCLoss: 9.791941, NRTRLoss: 1.428168, loss: 11.241186, avg_reader_cost: 0.00295 s, avg_batch_cost: 0.67728 s, avg_samples: 91.6, ips: 135.24771 samples/s, eta: 3:43:56, max_mem_reserved: 24989 MB, max_mem_allocated: 13718 MB
[2025/11/07 13:24:37] ppocr INFO: epoch: [2/20], global_step: 1150, lr: 0.000157, acc: 0.379687, norm_edit_dis: 0.844661, CTCLoss: 9.930399, NRTRLoss: 1.452475, loss: 11.359975, avg_reader_cost: 0.00339 s, avg_batch_cost: 0.67602 s, avg_samples: 102.3, ips: 151.32717 samples/s, eta: 3:43:54, max_mem_reserved: 24989 MB, max_mem_allocated: 13718 MB
[2025/11/07 13:24:43] ppocr INFO: epoch: [2/20], global_step: 1160, lr: 0.000159, acc: 0.344485, norm_edit_dis: 0.845572, CTCLoss: 10.008278, NRTRLoss: 1.454625, loss: 11.430316, avg_reader_cost: 0.00337 s, avg_batch_cost: 0.64635 s, avg_samples: 93.8, ips: 145.12366 samples/s, eta: 3:43:46, max_mem_reserved: 24989 MB, max_mem_allocated: 13718 MB
[2025/11/07 13:24:49] ppocr INFO: epoch: [2/20], global_step: 1170, lr: 0.000160, acc: 0.428585, norm_edit_dis: 0.863004, CTCLoss: 9.133680, NRTRLoss: 1.436343, loss: 10.542881, avg_reader_cost: 0.00286 s, avg_batch_cost: 0.63343 s, avg_samples: 80.9, ips: 127.71727 samples/s, eta: 3:43:36, max_mem_reserved: 24989 MB, max_mem_allocated: 13718 MB
[2025/11/07 13:24:56] ppocr INFO: epoch: [2/20], global_step: 1180, lr: 0.000162, acc: 0.428585, norm_edit_dis: 0.864640, CTCLoss: 9.352273, NRTRLoss: 1.429200, loss: 10.772276, avg_reader_cost: 0.00286 s, avg_batch_cost: 0.64850 s, avg_samples: 87.4, ips: 134.77348 samples/s, eta: 3:43:29, max_mem_reserved: 24989 MB, max_mem_allocated: 13718 MB
[2025/11/07 13:25:02] ppocr INFO: epoch: [2/20], global_step: 1190, lr: 0.000163, acc: 0.421875, norm_edit_dis: 0.863921, CTCLoss: 9.267618, NRTRLoss: 1.435845, loss: 10.689679, avg_reader_cost: 0.00288 s, avg_batch_cost: 0.65538 s, avg_samples: 98.0, ips: 149.53229 samples/s, eta: 3:43:23, max_mem_reserved: 24989 MB, max_mem_allocated: 13718 MB
[2025/11/07 13:25:09] ppocr INFO: epoch: [2/20], global_step: 1200, lr: 0.000164, acc: 0.407077, norm_edit_dis: 0.875852, CTCLoss: 8.719614, NRTRLoss: 1.438865, loss: 10.162698, avg_reader_cost: 0.00285 s, avg_batch_cost: 0.63782 s, avg_samples: 87.3, ips: 136.87166 samples/s, eta: 3:43:14, max_mem_reserved: 24989 MB, max_mem_allocated: 13718 MB
[2025/11/07 13:25:42] ppocr INFO: cur metric, acc: 0.4780999995219, norm_edit_dis: 0.8946778726446403, fps: 627.563881716882
[2025/11/07 13:25:44] ppocr INFO: save best model is to ./output/best_accuracy
[2025/11/07 13:25:44] ppocr INFO: best metric, acc: 0.4780999995219, is_float16: False, norm_edit_dis: 0.8946778726446403, fps: 627.563881716882, best_epoch: 2
[2025/11/07 13:25:52] ppocr INFO: epoch: [2/20], global_step: 1210, lr: 0.000166, acc: 0.390625, norm_edit_dis: 0.856186, CTCLoss: 8.998798, NRTRLoss: 1.455600, loss: 10.444206, avg_reader_cost: 0.00341 s, avg_batch_cost: 0.71706 s, avg_samples: 93.7, ips: 130.67160 samples/s, eta: 3:43:18, max_mem_reserved: 24989 MB, max_mem_allocated: 13718 MB
[2025/11/07 13:25:58] ppocr INFO: epoch: [2/20], global_step: 1220, lr: 0.000167, acc: 0.376471, norm_edit_dis: 0.851164, CTCLoss: 9.606944, NRTRLoss: 1.461310, loss: 11.034403, avg_reader_cost: 0.00333 s, avg_batch_cost: 0.66702 s, avg_samples: 100.2, ips: 150.21953 samples/s, eta: 3:43:14, max_mem_reserved: 24989 MB, max_mem_allocated: 13718 MB
[2025/11/07 13:26:05] ppocr INFO: epoch: [2/20], global_step: 1230, lr: 0.000168, acc: 0.397243, norm_edit_dis: 0.872312, CTCLoss: 8.802391, NRTRLoss: 1.432387, loss: 10.198991, avg_reader_cost: 0.00285 s, avg_batch_cost: 0.64493 s, avg_samples: 93.7, ips: 145.28647 samples/s, eta: 3:43:06, max_mem_reserved: 24989 MB, max_mem_allocated: 13718 MB
[2025/11/07 13:26:12] ppocr INFO: epoch: [2/20], global_step: 1240, lr: 0.000170, acc: 0.388235, norm_edit_dis: 0.859116, CTCLoss: 9.373383, NRTRLoss: 1.447663, loss: 10.819749, avg_reader_cost: 0.00283 s, avg_batch_cost: 0.67226 s, avg_samples: 102.3, ips: 152.17337 samples/s, eta: 3:43:03, max_mem_reserved: 24989 MB, max_mem_allocated: 13718 MB
[2025/11/07 13:26:18] ppocr INFO: epoch: [2/20], global_step: 1250, lr: 0.000171, acc: 0.410937, norm_edit_dis: 0.854988, CTCLoss: 8.714478, NRTRLoss: 1.446465, loss: 10.142045, avg_reader_cost: 0.00285 s, avg_batch_cost: 0.63044 s, avg_samples: 85.2, ips: 135.14344 samples/s, eta: 3:42:52, max_mem_reserved: 24989 MB, max_mem_allocated: 13718 MB
[2025/11/07 13:26:25] ppocr INFO: epoch: [2/20], global_step: 1260, lr: 0.000173, acc: 0.395312, norm_edit_dis: 0.852304, CTCLoss: 9.182080, NRTRLoss: 1.442368, loss: 10.613986, avg_reader_cost: 0.00302 s, avg_batch_cost: 0.73701 s, avg_samples: 113.0, ips: 153.32278 samples/s, eta: 3:42:59, max_mem_reserved: 24989 MB, max_mem_allocated: 13718 MB
[2025/11/07 13:26:32] ppocr INFO: epoch: [2/20], global_step: 1270, lr: 0.000174, acc: 0.285156, norm_edit_dis: 0.778746, CTCLoss: 13.635884, NRTRLoss: 1.479756, loss: 15.160377, avg_reader_cost: 0.00342 s, avg_batch_cost: 0.70418 s, avg_samples: 113.0, ips: 160.46989 samples/s, eta: 3:43:01, max_mem_reserved: 24989 MB, max_mem_allocated: 13718 MB
[2025/11/07 13:26:39] ppocr INFO: epoch: [2/20], global_step: 1280, lr: 0.000175, acc: 0.352344, norm_edit_dis: 0.841702, CTCLoss: 10.706530, NRTRLoss: 1.434654, loss: 12.134171, avg_reader_cost: 0.00293 s, avg_batch_cost: 0.65453 s, avg_samples: 89.5, ips: 136.73950 samples/s, eta: 3:42:54, max_mem_reserved: 24989 MB, max_mem_allocated: 13718 MB
[2025/11/07 13:26:45] ppocr INFO: epoch: [2/20], global_step: 1290, lr: 0.000177, acc: 0.488235, norm_edit_dis: 0.889669, CTCLoss: 7.223879, NRTRLoss: 1.420030, loss: 8.639218, avg_reader_cost: 0.00295 s, avg_batch_cost: 0.62643 s, avg_samples: 76.7, ips: 122.44012 samples/s, eta: 3:42:43, max_mem_reserved: 24989 MB, max_mem_allocated: 13718 MB
[2025/11/07 13:26:51] ppocr INFO: epoch: [2/20], global_step: 1300, lr: 0.000178, acc: 0.476471, norm_edit_dis: 0.886274, CTCLoss: 7.160884, NRTRLoss: 1.423445, loss: 8.576494, avg_reader_cost: 0.00308 s, avg_batch_cost: 0.59881 s, avg_samples: 72.4, ips: 120.90635 samples/s, eta: 3:42:28, max_mem_reserved: 24989 MB, max_mem_allocated: 13718 MB
[2025/11/07 13:27:24] ppocr INFO: cur metric, acc: 0.5163999994836, norm_edit_dis: 0.9037801291968449, fps: 631.3983535576914
[2025/11/07 13:27:27] ppocr INFO: save best model is to ./output/best_accuracy
[2025/11/07 13:27:27] ppocr INFO: best metric, acc: 0.5163999994836, is_float16: False, norm_edit_dis: 0.9037801291968449, fps: 631.3983535576914, best_epoch: 2
[2025/11/07 13:27:34] ppocr INFO: epoch: [2/20], global_step: 1310, lr: 0.000179, acc: 0.460937, norm_edit_dis: 0.878770, CTCLoss: 7.047170, NRTRLoss: 1.426945, loss: 8.491487, avg_reader_cost: 0.00311 s, avg_batch_cost: 0.65693 s, avg_samples: 76.7, ips: 116.75499 samples/s, eta: 3:42:22, max_mem_reserved: 24989 MB, max_mem_allocated: 13718 MB
[2025/11/07 13:27:40] ppocr INFO: epoch: [2/20], global_step: 1320, lr: 0.000181, acc: 0.455974, norm_edit_dis: 0.878770, CTCLoss: 7.323111, NRTRLoss: 1.437708, loss: 8.752774, avg_reader_cost: 0.00290 s, avg_batch_cost: 0.64203 s, avg_samples: 83.0, ips: 129.27744 samples/s, eta: 3:42:14, max_mem_reserved: 24989 MB, max_mem_allocated: 13718 MB
[2025/11/07 13:27:47] ppocr INFO: epoch: [2/20], global_step: 1330, lr: 0.000182, acc: 0.463787, norm_edit_dis: 0.886487, CTCLoss: 7.208834, NRTRLoss: 1.422192, loss: 8.635661, avg_reader_cost: 0.00334 s, avg_batch_cost: 0.65073 s, avg_samples: 93.7, ips: 143.99130 samples/s, eta: 3:42:07, max_mem_reserved: 24989 MB, max_mem_allocated: 13718 MB
[2025/11/07 13:27:53] ppocr INFO: epoch: [2/20], global_step: 1340, lr: 0.000184, acc: 0.447059, norm_edit_dis: 0.883631, CTCLoss: 7.963793, NRTRLoss: 1.421469, loss: 9.374884, avg_reader_cost: 0.00294 s, avg_batch_cost: 0.65284 s, avg_samples: 98.0, ips: 150.11319 samples/s, eta: 3:42:00, max_mem_reserved: 24989 MB, max_mem_allocated: 13718 MB
[2025/11/07 13:27:59] ppocr INFO: epoch: [2/20], global_step: 1350, lr: 0.000185, acc: 0.510754, norm_edit_dis: 0.893858, CTCLoss: 6.986976, NRTRLoss: 1.420130, loss: 8.404372, avg_reader_cost: 0.00296 s, avg_batch_cost: 0.61515 s, avg_samples: 76.7, ips: 124.68524 samples/s, eta: 3:41:48, max_mem_reserved: 24989 MB, max_mem_allocated: 13718 MB
[2025/11/07 13:28:06] ppocr INFO: epoch: [2/20], global_step: 1360, lr: 0.000186, acc: 0.502941, norm_edit_dis: 0.893459, CTCLoss: 6.909204, NRTRLoss: 1.425587, loss: 8.348060, avg_reader_cost: 0.00340 s, avg_batch_cost: 0.64110 s, avg_samples: 89.5, ips: 139.60305 samples/s, eta: 3:41:39, max_mem_reserved: 24989 MB, max_mem_allocated: 13718 MB
[2025/11/07 13:28:12] ppocr INFO: epoch: [2/20], global_step: 1370, lr: 0.000188, acc: 0.442279, norm_edit_dis: 0.873979, CTCLoss: 7.743619, NRTRLoss: 1.457603, loss: 9.211531, avg_reader_cost: 0.00291 s, avg_batch_cost: 0.65483 s, avg_samples: 91.7, ips: 140.03633 samples/s, eta: 3:41:33, max_mem_reserved: 24989 MB, max_mem_allocated: 13718 MB
[2025/11/07 13:28:19] ppocr INFO: epoch: [2/20], global_step: 1380, lr: 0.000189, acc: 0.429687, norm_edit_dis: 0.861173, CTCLoss: 7.626462, NRTRLoss: 1.478708, loss: 9.089549, avg_reader_cost: 0.00287 s, avg_batch_cost: 0.66852 s, avg_samples: 91.7, ips: 137.16891 samples/s, eta: 3:41:29, max_mem_reserved: 24989 MB, max_mem_allocated: 13718 MB
[2025/11/07 13:28:25] ppocr INFO: epoch: [2/20], global_step: 1390, lr: 0.000191, acc: 0.445312, norm_edit_dis: 0.879125, CTCLoss: 7.288212, NRTRLoss: 1.450569, loss: 8.720875, avg_reader_cost: 0.00286 s, avg_batch_cost: 0.63354 s, avg_samples: 91.6, ips: 144.58427 samples/s, eta: 3:41:19, max_mem_reserved: 24989 MB, max_mem_allocated: 13718 MB
[2025/11/07 13:28:32] ppocr INFO: epoch: [2/20], global_step: 1400, lr: 0.000192, acc: 0.445312, norm_edit_dis: 0.884439, CTCLoss: 7.340306, NRTRLoss: 1.438348, loss: 8.751218, avg_reader_cost: 0.00291 s, avg_batch_cost: 0.67049 s, avg_samples: 98.0, ips: 146.16192 samples/s, eta: 3:41:15, max_mem_reserved: 24989 MB, max_mem_allocated: 13718 MB
[2025/11/07 13:29:10] ppocr INFO: cur metric, acc: 0.5462999994537, norm_edit_dis: 0.9133305302135833, fps: 601.275313716024
[2025/11/07 13:29:13] ppocr INFO: save best model is to ./output/best_accuracy
[2025/11/07 13:29:13] ppocr INFO: best metric, acc: 0.5462999994537, is_float16: False, norm_edit_dis: 0.9133305302135833, fps: 601.275313716024, best_epoch: 2
[2025/11/07 13:29:20] ppocr INFO: epoch: [2/20], global_step: 1410, lr: 0.000193, acc: 0.367923, norm_edit_dis: 0.846170, CTCLoss: 10.177620, NRTRLoss: 1.464702, loss: 11.656162, avg_reader_cost: 0.00333 s, avg_batch_cost: 0.70067 s, avg_samples: 108.7, ips: 155.13699 samples/s, eta: 3:41:16, max_mem_reserved: 24989 MB, max_mem_allocated: 13718 MB
[2025/11/07 13:29:26] ppocr INFO: epoch: [2/20], global_step: 1420, lr: 0.000195, acc: 0.440257, norm_edit_dis: 0.888331, CTCLoss: 8.187380, NRTRLoss: 1.435392, loss: 9.595778, avg_reader_cost: 0.00292 s, avg_batch_cost: 0.65080 s, avg_samples: 87.4, ips: 134.29674 samples/s, eta: 3:41:09, max_mem_reserved: 24989 MB, max_mem_allocated: 13718 MB
[2025/11/07 13:29:33] ppocr INFO: epoch: [2/20], global_step: 1430, lr: 0.000196, acc: 0.502941, norm_edit_dis: 0.900866, CTCLoss: 6.527164, NRTRLoss: 1.423639, loss: 7.960125, avg_reader_cost: 0.00290 s, avg_batch_cost: 0.62206 s, avg_samples: 83.0, ips: 133.42787 samples/s, eta: 3:40:58, max_mem_reserved: 24989 MB, max_mem_allocated: 13718 MB
[2025/11/07 13:29:39] ppocr INFO: epoch: [2/20], global_step: 1440, lr: 0.000197, acc: 0.505882, norm_edit_dis: 0.893579, CTCLoss: 6.505681, NRTRLoss: 1.429566, loss: 7.928407, avg_reader_cost: 0.00298 s, avg_batch_cost: 0.64175 s, avg_samples: 83.1, ips: 129.48942 samples/s, eta: 3:40:50, max_mem_reserved: 24989 MB, max_mem_allocated: 13718 MB
[2025/11/07 13:29:46] ppocr INFO: epoch: [2/20], global_step: 1450, lr: 0.000199, acc: 0.483364, norm_edit_dis: 0.884549, CTCLoss: 7.784911, NRTRLoss: 1.449706, loss: 9.219825, avg_reader_cost: 0.00293 s, avg_batch_cost: 0.65124 s, avg_samples: 91.7, ips: 140.80729 samples/s, eta: 3:40:43, max_mem_reserved: 24989 MB, max_mem_allocated: 13718 MB
[2025/11/07 13:29:52] ppocr INFO: epoch: [2/20], global_step: 1460, lr: 0.000200, acc: 0.484375, norm_edit_dis: 0.886535, CTCLoss: 7.013105, NRTRLoss: 1.441737, loss: 8.434167, avg_reader_cost: 0.00294 s, avg_batch_cost: 0.66042 s, avg_samples: 87.4, ips: 132.34004 samples/s, eta: 3:40:37, max_mem_reserved: 24989 MB, max_mem_allocated: 13718 MB
[2025/11/07 13:29:59] ppocr INFO: epoch: [2/20], global_step: 1470, lr: 0.000202, acc: 0.516636, norm_edit_dis: 0.903219, CTCLoss: 6.233591, NRTRLoss: 1.421554, loss: 7.641018, avg_reader_cost: 0.00300 s, avg_batch_cost: 0.65588 s, avg_samples: 89.5, ips: 136.45757 samples/s, eta: 3:40:31, max_mem_reserved: 24989 MB, max_mem_allocated: 13718 MB
[2025/11/07 13:30:05] ppocr INFO: epoch: [2/20], global_step: 1480, lr: 0.000203, acc: 0.483364, norm_edit_dis: 0.886476, CTCLoss: 6.623448, NRTRLoss: 1.429804, loss: 8.046079, avg_reader_cost: 0.00297 s, avg_batch_cost: 0.64290 s, avg_samples: 89.5, ips: 139.21399 samples/s, eta: 3:40:23, max_mem_reserved: 24989 MB, max_mem_allocated: 13718 MB
[2025/11/07 13:30:12] ppocr INFO: epoch: [2/20], global_step: 1490, lr: 0.000204, acc: 0.488235, norm_edit_dis: 0.885034, CTCLoss: 6.250111, NRTRLoss: 1.429804, loss: 7.676217, avg_reader_cost: 0.00289 s, avg_batch_cost: 0.66893 s, avg_samples: 93.7, ips: 140.07495 samples/s, eta: 3:40:19, max_mem_reserved: 24989 MB, max_mem_allocated: 13718 MB
[2025/11/07 13:30:18] ppocr INFO: epoch: [2/20], global_step: 1500, lr: 0.000206, acc: 0.495129, norm_edit_dis: 0.897834, CTCLoss: 6.229279, NRTRLoss: 1.411965, loss: 7.648232, avg_reader_cost: 0.00293 s, avg_batch_cost: 0.62978 s, avg_samples: 85.2, ips: 135.28625 samples/s, eta: 3:40:09, max_mem_reserved: 24989 MB, max_mem_allocated: 13718 MB
[2025/11/07 13:30:54] ppocr INFO: cur metric, acc: 0.5920999994079, norm_edit_dis: 0.923195279200437, fps: 616.4405355612864
[2025/11/07 13:30:57] ppocr INFO: save best model is to ./output/best_accuracy
[2025/11/07 13:30:57] ppocr INFO: best metric, acc: 0.5920999994079, is_float16: False, norm_edit_dis: 0.923195279200437, fps: 616.4405355612864, best_epoch: 2
[2025/11/07 13:31:03] ppocr INFO: epoch: [2/20], global_step: 1510, lr: 0.000207, acc: 0.494118, norm_edit_dis: 0.895084, CTCLoss: 6.215027, NRTRLoss: 1.410429, loss: 7.622276, avg_reader_cost: 0.00296 s, avg_batch_cost: 0.61760 s, avg_samples: 85.1, ips: 137.79196 samples/s, eta: 3:39:58, max_mem_reserved: 24989 MB, max_mem_allocated: 13718 MB
[2025/11/07 13:31:09] ppocr INFO: epoch: [2/20], global_step: 1520, lr: 0.000208, acc: 0.507812, norm_edit_dis: 0.908507, CTCLoss: 6.248451, NRTRLoss: 1.417691, loss: 7.660672, avg_reader_cost: 0.00291 s, avg_batch_cost: 0.62412 s, avg_samples: 87.4, ips: 140.03669 samples/s, eta: 3:39:47, max_mem_reserved: 24989 MB, max_mem_allocated: 13718 MB
[2025/11/07 13:31:16] ppocr INFO: epoch: [2/20], global_step: 1530, lr: 0.000210, acc: 0.507812, norm_edit_dis: 0.908172, CTCLoss: 5.939310, NRTRLoss: 1.416694, loss: 7.377013, avg_reader_cost: 0.00333 s, avg_batch_cost: 0.64667 s, avg_samples: 89.4, ips: 138.24734 samples/s, eta: 3:39:40, max_mem_reserved: 24989 MB, max_mem_allocated: 13718 MB
[2025/11/07 13:31:22] ppocr INFO: epoch: [2/20], global_step: 1540, lr: 0.000211, acc: 0.515625, norm_edit_dis: 0.893300, CTCLoss: 5.679796, NRTRLoss: 1.439921, loss: 7.123210, avg_reader_cost: 0.00291 s, avg_batch_cost: 0.64786 s, avg_samples: 93.8, ips: 144.78456 samples/s, eta: 3:39:33, max_mem_reserved: 24989 MB, max_mem_allocated: 13718 MB
[2025/11/07 13:31:29] ppocr INFO: epoch: [2/20], global_step: 1550, lr: 0.000213, acc: 0.514706, norm_edit_dis: 0.885360, CTCLoss: 6.414858, NRTRLoss: 1.444285, loss: 7.848089, avg_reader_cost: 0.00295 s, avg_batch_cost: 0.68522 s, avg_samples: 95.9, ips: 139.95542 samples/s, eta: 3:39:30, max_mem_reserved: 24989 MB, max_mem_allocated: 13718 MB
[2025/11/07 13:31:36] ppocr INFO: epoch: [2/20], global_step: 1560, lr: 0.000214, acc: 0.482353, norm_edit_dis: 0.866365, CTCLoss: 6.798436, NRTRLoss: 1.462697, loss: 8.263544, avg_reader_cost: 0.00290 s, avg_batch_cost: 0.66747 s, avg_samples: 100.2, ips: 150.11930 samples/s, eta: 3:39:26, max_mem_reserved: 24989 MB, max_mem_allocated: 13718 MB
[2025/11/07 13:31:42] ppocr INFO: epoch: [2/20], global_step: 1570, lr: 0.000215, acc: 0.483364, norm_edit_dis: 0.893730, CTCLoss: 6.501904, NRTRLoss: 1.462697, loss: 7.934233, avg_reader_cost: 0.00291 s, avg_batch_cost: 0.64936 s, avg_samples: 89.5, ips: 137.82716 samples/s, eta: 3:39:19, max_mem_reserved: 24989 MB, max_mem_allocated: 13718 MB
[2025/11/07 13:31:48] ppocr INFO: epoch: [2/20], global_step: 1580, lr: 0.000217, acc: 0.541176, norm_edit_dis: 0.902278, CTCLoss: 5.901302, NRTRLoss: 1.417062, loss: 7.348627, avg_reader_cost: 0.00291 s, avg_batch_cost: 0.63722 s, avg_samples: 81.0, ips: 127.11440 samples/s, eta: 3:39:10, max_mem_reserved: 24989 MB, max_mem_allocated: 13718 MB
[2025/11/07 13:31:55] ppocr INFO: epoch: [2/20], global_step: 1590, lr: 0.000218, acc: 0.507812, norm_edit_dis: 0.897317, CTCLoss: 5.969287, NRTRLoss: 1.453304, loss: 7.402036, avg_reader_cost: 0.00293 s, avg_batch_cost: 0.65506 s, avg_samples: 98.1, ips: 149.75684 samples/s, eta: 3:39:04, max_mem_reserved: 24989 MB, max_mem_allocated: 13718 MB
[2025/11/07 13:32:01] ppocr INFO: epoch: [2/20], global_step: 1600, lr: 0.000220, acc: 0.484375, norm_edit_dis: 0.898095, CTCLoss: 6.114507, NRTRLoss: 1.441796, loss: 7.535928, avg_reader_cost: 0.00288 s, avg_batch_cost: 0.63341 s, avg_samples: 81.0, ips: 127.87917 samples/s, eta: 3:38:55, max_mem_reserved: 24989 MB, max_mem_allocated: 13718 MB
[2025/11/07 13:32:34] ppocr INFO: cur metric, acc: 0.6057999993942, norm_edit_dis: 0.9253733704015487, fps: 620.2350153600553
[2025/11/07 13:32:37] ppocr INFO: save best model is to ./output/best_accuracy
[2025/11/07 13:32:37] ppocr INFO: best metric, acc: 0.6057999993942, is_float16: False, norm_edit_dis: 0.9253733704015487, fps: 620.2350153600553, best_epoch: 2
[2025/11/07 13:32:44] ppocr INFO: epoch: [2/20], global_step: 1610, lr: 0.000221, acc: 0.516636, norm_edit_dis: 0.903349, CTCLoss: 5.992825, NRTRLoss: 1.427339, loss: 7.379324, avg_reader_cost: 0.00358 s, avg_batch_cost: 0.64312 s, avg_samples: 89.5, ips: 139.16621 samples/s, eta: 3:38:47, max_mem_reserved: 24989 MB, max_mem_allocated: 13718 MB
[2025/11/07 13:32:50] ppocr INFO: epoch: [2/20], global_step: 1620, lr: 0.000222, acc: 0.507812, norm_edit_dis: 0.897069, CTCLoss: 6.184331, NRTRLoss: 1.424114, loss: 7.608445, avg_reader_cost: 0.00359 s, avg_batch_cost: 0.64521 s, avg_samples: 93.8, ips: 145.37993 samples/s, eta: 3:38:40, max_mem_reserved: 24989 MB, max_mem_allocated: 13718 MB
[2025/11/07 13:32:57] ppocr INFO: epoch: [2/20], global_step: 1630, lr: 0.000224, acc: 0.524448, norm_edit_dis: 0.903770, CTCLoss: 6.382446, NRTRLoss: 1.423187, loss: 7.824996, avg_reader_cost: 0.00326 s, avg_batch_cost: 0.65013 s, avg_samples: 93.7, ips: 144.12471 samples/s, eta: 3:38:33, max_mem_reserved: 24989 MB, max_mem_allocated: 13718 MB
[2025/11/07 13:33:03] ppocr INFO: epoch: [2/20], global_step: 1640, lr: 0.000225, acc: 0.523529, norm_edit_dis: 0.898321, CTCLoss: 6.749329, NRTRLoss: 1.447540, loss: 8.220344, avg_reader_cost: 0.00329 s, avg_batch_cost: 0.66819 s, avg_samples: 102.3, ips: 153.09961 samples/s, eta: 3:38:28, max_mem_reserved: 24989 MB, max_mem_allocated: 13718 MB
[2025/11/07 13:33:10] ppocr INFO: epoch: [2/20], global_step: 1650, lr: 0.000226, acc: 0.530331, norm_edit_dis: 0.907166, CTCLoss: 6.906578, NRTRLoss: 1.412923, loss: 8.351626, avg_reader_cost: 0.00287 s, avg_batch_cost: 0.62571 s, avg_samples: 83.1, ips: 132.80831 samples/s, eta: 3:38:18, max_mem_reserved: 24989 MB, max_mem_allocated: 13718 MB
[2025/11/07 13:33:16] ppocr INFO: epoch: [2/20], global_step: 1660, lr: 0.000228, acc: 0.531250, norm_edit_dis: 0.909464, CTCLoss: 5.905224, NRTRLoss: 1.407423, loss: 7.313650, avg_reader_cost: 0.00289 s, avg_batch_cost: 0.65918 s, avg_samples: 89.5, ips: 135.77486 samples/s, eta: 3:38:13, max_mem_reserved: 24989 MB, max_mem_allocated: 13718 MB
[2025/11/07 13:33:23] ppocr INFO: epoch: [2/20], global_step: 1670, lr: 0.000229, acc: 0.500000, norm_edit_dis: 0.898014, CTCLoss: 5.879278, NRTRLoss: 1.423622, loss: 7.306787, avg_reader_cost: 0.00291 s, avg_batch_cost: 0.64628 s, avg_samples: 87.3, ips: 135.08013 samples/s, eta: 3:38:05, max_mem_reserved: 24989 MB, max_mem_allocated: 13718 MB
[2025/11/07 13:33:29] ppocr INFO: epoch: [2/20], global_step: 1680, lr: 0.000231, acc: 0.517647, norm_edit_dis: 0.904335, CTCLoss: 5.649136, NRTRLoss: 1.427741, loss: 7.076877, avg_reader_cost: 0.00284 s, avg_batch_cost: 0.64701 s, avg_samples: 91.6, ips: 141.57514 samples/s, eta: 3:37:58, max_mem_reserved: 24989 MB, max_mem_allocated: 13718 MB
[2025/11/07 13:33:35] ppocr INFO: epoch: [2/20], global_step: 1690, lr: 0.000232, acc: 0.546875, norm_edit_dis: 0.915026, CTCLoss: 5.123138, NRTRLoss: 1.394124, loss: 6.522277, avg_reader_cost: 0.00288 s, avg_batch_cost: 0.59197 s, avg_samples: 70.3, ips: 118.75518 samples/s, eta: 3:37:44, max_mem_reserved: 24989 MB, max_mem_allocated: 13718 MB
[2025/11/07 13:33:41] ppocr INFO: epoch: [2/20], global_step: 1700, lr: 0.000233, acc: 0.546875, norm_edit_dis: 0.917648, CTCLoss: 5.201003, NRTRLoss: 1.395231, loss: 6.610932, avg_reader_cost: 0.00296 s, avg_batch_cost: 0.63878 s, avg_samples: 89.5, ips: 140.11082 samples/s, eta: 3:37:36, max_mem_reserved: 24989 MB, max_mem_allocated: 13718 MB
[2025/11/07 13:34:19] ppocr INFO: cur metric, acc: 0.5932999994067, norm_edit_dis: 0.9224145761769195, fps: 644.9377356518021
[2025/11/07 13:34:19] ppocr INFO: best metric, acc: 0.6057999993942, is_float16: False, norm_edit_dis: 0.9253733704015487, fps: 620.2350153600553, best_epoch: 2
[2025/11/07 13:34:26] ppocr INFO: epoch: [2/20], global_step: 1710, lr: 0.000235, acc: 0.529412, norm_edit_dis: 0.892193, CTCLoss: 5.811370, NRTRLoss: 1.431730, loss: 7.202215, avg_reader_cost: 0.00289 s, avg_batch_cost: 0.66053 s, avg_samples: 102.2, ips: 154.72503 samples/s, eta: 3:37:31, max_mem_reserved: 24989 MB, max_mem_allocated: 13718 MB
[2025/11/07 13:34:32] ppocr INFO: epoch: [2/20], global_step: 1720, lr: 0.000236, acc: 0.554687, norm_edit_dis: 0.917233, CTCLoss: 5.279384, NRTRLoss: 1.419954, loss: 6.688127, avg_reader_cost: 0.00288 s, avg_batch_cost: 0.61851 s, avg_samples: 76.7, ips: 124.00854 samples/s, eta: 3:37:20, max_mem_reserved: 24989 MB, max_mem_allocated: 13718 MB
[2025/11/07 13:34:39] ppocr INFO: epoch: [2/20], global_step: 1730, lr: 0.000237, acc: 0.539062, norm_edit_dis: 0.908599, CTCLoss: 5.291366, NRTRLoss: 1.431876, loss: 6.698075, avg_reader_cost: 0.00287 s, avg_batch_cost: 0.66827 s, avg_samples: 102.3, ips: 153.08290 samples/s, eta: 3:37:16, max_mem_reserved: 24989 MB, max_mem_allocated: 13718 MB
[2025/11/07 13:34:46] ppocr INFO: epoch: [2/20], global_step: 1740, lr: 0.000239, acc: 0.367187, norm_edit_dis: 0.832635, CTCLoss: 9.295541, NRTRLoss: 1.475367, loss: 10.811213, avg_reader_cost: 0.00339 s, avg_batch_cost: 0.70734 s, avg_samples: 108.7, ips: 153.67463 samples/s, eta: 3:37:16, max_mem_reserved: 24989 MB, max_mem_allocated: 13718 MB
[2025/11/07 13:34:52] ppocr INFO: epoch: [2/20], global_step: 1750, lr: 0.000240, acc: 0.390625, norm_edit_dis: 0.836671, CTCLoss: 9.054991, NRTRLoss: 1.469303, loss: 10.558265, avg_reader_cost: 0.00291 s, avg_batch_cost: 0.66940 s, avg_samples: 98.1, ips: 146.54876 samples/s, eta: 3:37:11, max_mem_reserved: 24989 MB, max_mem_allocated: 13718 MB
[2025/11/07 13:34:59] ppocr INFO: epoch: [2/20], global_step: 1760, lr: 0.000242, acc: 0.497151, norm_edit_dis: 0.906565, CTCLoss: 6.463532, NRTRLoss: 1.443096, loss: 7.877878, avg_reader_cost: 0.00287 s, avg_batch_cost: 0.63863 s, avg_samples: 98.0, ips: 153.45269 samples/s, eta: 3:37:03, max_mem_reserved: 24989 MB, max_mem_allocated: 13718 MB
[2025/11/07 13:35:06] ppocr INFO: epoch: [2/20], global_step: 1770, lr: 0.000243, acc: 0.494118, norm_edit_dis: 0.900709, CTCLoss: 5.292400, NRTRLoss: 1.439782, loss: 6.718212, avg_reader_cost: 0.00288 s, avg_batch_cost: 0.69602 s, avg_samples: 104.4, ips: 149.99648 samples/s, eta: 3:37:01, max_mem_reserved: 24989 MB, max_mem_allocated: 13718 MB
[2025/11/07 13:35:12] ppocr INFO: epoch: [2/20], global_step: 1780, lr: 0.000244, acc: 0.491176, norm_edit_dis: 0.900709, CTCLoss: 5.341348, NRTRLoss: 1.431248, loss: 6.740942, avg_reader_cost: 0.00289 s, avg_batch_cost: 0.61259 s, avg_samples: 87.4, ips: 142.67375 samples/s, eta: 3:36:50, max_mem_reserved: 24989 MB, max_mem_allocated: 13718 MB
[2025/11/07 13:35:18] ppocr INFO: epoch: [2/20], global_step: 1790, lr: 0.000246, acc: 0.571415, norm_edit_dis: 0.914721, CTCLoss: 4.915668, NRTRLoss: 1.402440, loss: 6.313917, avg_reader_cost: 0.00290 s, avg_batch_cost: 0.63170 s, avg_samples: 80.9, ips: 128.06798 samples/s, eta: 3:36:41, max_mem_reserved: 24989 MB, max_mem_allocated: 13718 MB
[2025/11/07 13:35:25] ppocr INFO: epoch: [2/20], global_step: 1800, lr: 0.000247, acc: 0.558823, norm_edit_dis: 0.910551, CTCLoss: 4.915668, NRTRLoss: 1.407034, loss: 6.313917, avg_reader_cost: 0.00288 s, avg_batch_cost: 0.67634 s, avg_samples: 95.9, ips: 141.79225 samples/s, eta: 3:36:37, max_mem_reserved: 24989 MB, max_mem_allocated: 13718 MB
[2025/11/07 13:36:00] ppocr INFO: cur metric, acc: 0.6344999993655001, norm_edit_dis: 0.9351958023437872, fps: 643.6102413770112
[2025/11/07 13:36:03] ppocr INFO: save best model is to ./output/best_accuracy
[2025/11/07 13:36:03] ppocr INFO: best metric, acc: 0.6344999993655001, is_float16: False, norm_edit_dis: 0.9351958023437872, fps: 643.6102413770112, best_epoch: 2
[2025/11/07 13:36:09] ppocr INFO: epoch: [2/20], global_step: 1810, lr: 0.000249, acc: 0.552941, norm_edit_dis: 0.906106, CTCLoss: 4.959510, NRTRLoss: 1.431849, loss: 6.378950, avg_reader_cost: 0.00358 s, avg_batch_cost: 0.64081 s, avg_samples: 93.6, ips: 146.06414 samples/s, eta: 3:36:30, max_mem_reserved: 24989 MB, max_mem_allocated: 13718 MB
[2025/11/07 13:36:16] ppocr INFO: epoch: [2/20], global_step: 1820, lr: 0.000250, acc: 0.541176, norm_edit_dis: 0.902821, CTCLoss: 5.098554, NRTRLoss: 1.425204, loss: 6.518880, avg_reader_cost: 0.00290 s, avg_batch_cost: 0.61588 s, avg_samples: 85.3, ips: 138.50038 samples/s, eta: 3:36:19, max_mem_reserved: 24989 MB, max_mem_allocated: 13718 MB
[2025/11/07 13:36:22] ppocr INFO: epoch: [2/20], global_step: 1830, lr: 0.000251, acc: 0.544026, norm_edit_dis: 0.898644, CTCLoss: 5.124301, NRTRLoss: 1.426195, loss: 6.550135, avg_reader_cost: 0.00298 s, avg_batch_cost: 0.66363 s, avg_samples: 87.3, ips: 131.54951 samples/s, eta: 3:36:14, max_mem_reserved: 24989 MB, max_mem_allocated: 13718 MB
[2025/11/07 13:36:29] ppocr INFO: epoch: [2/20], global_step: 1840, lr: 0.000253, acc: 0.552941, norm_edit_dis: 0.903259, CTCLoss: 5.133953, NRTRLoss: 1.421893, loss: 6.570812, avg_reader_cost: 0.00292 s, avg_batch_cost: 0.65842 s, avg_samples: 95.9, ips: 145.65131 samples/s, eta: 3:36:08, max_mem_reserved: 24989 MB, max_mem_allocated: 13718 MB
[2025/11/07 13:36:36] ppocr INFO: epoch: [2/20], global_step: 1850, lr: 0.000254, acc: 0.515625, norm_edit_dis: 0.906127, CTCLoss: 5.600916, NRTRLoss: 1.418189, loss: 7.000847, avg_reader_cost: 0.00290 s, avg_batch_cost: 0.66631 s, avg_samples: 98.0, ips: 147.07830 samples/s, eta: 3:36:03, max_mem_reserved: 24989 MB, max_mem_allocated: 13718 MB
[2025/11/07 13:36:42] ppocr INFO: epoch: [2/20], global_step: 1860, lr: 0.000255, acc: 0.541176, norm_edit_dis: 0.907293, CTCLoss: 5.130420, NRTRLoss: 1.410474, loss: 6.552675, avg_reader_cost: 0.00294 s, avg_batch_cost: 0.63442 s, avg_samples: 87.4, ips: 137.76446 samples/s, eta: 3:35:55, max_mem_reserved: 24989 MB, max_mem_allocated: 13718 MB
[2025/11/07 13:36:48] ppocr INFO: epoch: [2/20], global_step: 1870, lr: 0.000257, acc: 0.544026, norm_edit_dis: 0.909119, CTCLoss: 5.072196, NRTRLoss: 1.422484, loss: 6.504644, avg_reader_cost: 0.00287 s, avg_batch_cost: 0.65676 s, avg_samples: 93.7, ips: 142.67009 samples/s, eta: 3:35:48, max_mem_reserved: 24989 MB, max_mem_allocated: 13718 MB
[2025/11/07 13:36:55] ppocr INFO: epoch: [2/20], global_step: 1880, lr: 0.000258, acc: 0.530331, norm_edit_dis: 0.909873, CTCLoss: 5.905250, NRTRLoss: 1.431338, loss: 7.285992, avg_reader_cost: 0.00291 s, avg_batch_cost: 0.66507 s, avg_samples: 95.9, ips: 144.19491 samples/s, eta: 3:35:43, max_mem_reserved: 24989 MB, max_mem_allocated: 13718 MB
[2025/11/07 13:37:02] ppocr INFO: epoch: [2/20], global_step: 1890, lr: 0.000260, acc: 0.530331, norm_edit_dis: 0.902887, CTCLoss: 5.905250, NRTRLoss: 1.431011, loss: 7.285992, avg_reader_cost: 0.00291 s, avg_batch_cost: 0.66287 s, avg_samples: 97.9, ips: 147.69089 samples/s, eta: 3:35:38, max_mem_reserved: 24989 MB, max_mem_allocated: 13718 MB
[2025/11/07 13:37:08] ppocr INFO: epoch: [2/20], global_step: 1900, lr: 0.000261, acc: 0.545956, norm_edit_dis: 0.900235, CTCLoss: 5.368840, NRTRLoss: 1.426246, loss: 6.789805, avg_reader_cost: 0.00298 s, avg_batch_cost: 0.64949 s, avg_samples: 95.9, ips: 147.65524 samples/s, eta: 3:35:31, max_mem_reserved: 24989 MB, max_mem_allocated: 13718 MB
[2025/11/07 13:37:42] ppocr INFO: cur metric, acc: 0.5860999994139, norm_edit_dis: 0.9270243926690704, fps: 647.4957893053829
[2025/11/07 13:37:42] ppocr INFO: best metric, acc: 0.6344999993655001, is_float16: False, norm_edit_dis: 0.9351958023437872, fps: 643.6102413770112, best_epoch: 2
[2025/11/07 13:37:48] ppocr INFO: epoch: [2/20], global_step: 1910, lr: 0.000262, acc: 0.539062, norm_edit_dis: 0.898017, CTCLoss: 5.068504, NRTRLoss: 1.419493, loss: 6.487997, avg_reader_cost: 0.00300 s, avg_batch_cost: 0.64943 s, avg_samples: 91.7, ips: 141.20017 samples/s, eta: 3:35:24, max_mem_reserved: 24989 MB, max_mem_allocated: 13718 MB
[2025/11/07 13:37:55] ppocr INFO: epoch: [2/20], global_step: 1920, lr: 0.000264, acc: 0.504871, norm_edit_dis: 0.898913, CTCLoss: 5.883723, NRTRLoss: 1.424999, loss: 7.301748, avg_reader_cost: 0.00290 s, avg_batch_cost: 0.65367 s, avg_samples: 98.0, ips: 149.92329 samples/s, eta: 3:35:18, max_mem_reserved: 24989 MB, max_mem_allocated: 13718 MB
[2025/11/07 13:38:01] ppocr INFO: epoch: [2/20], global_step: 1930, lr: 0.000265, acc: 0.523529, norm_edit_dis: 0.903558, CTCLoss: 5.435421, NRTRLoss: 1.421196, loss: 6.839383, avg_reader_cost: 0.00296 s, avg_batch_cost: 0.65654 s, avg_samples: 93.7, ips: 142.71745 samples/s, eta: 3:35:12, max_mem_reserved: 24989 MB, max_mem_allocated: 13718 MB
[2025/11/07 13:38:07] ppocr INFO: epoch: [2/20], global_step: 1940, lr: 0.000267, acc: 0.544026, norm_edit_dis: 0.912138, CTCLoss: 4.707898, NRTRLoss: 1.422821, loss: 6.116351, avg_reader_cost: 0.00298 s, avg_batch_cost: 0.61076 s, avg_samples: 81.0, ips: 132.62074 samples/s, eta: 3:35:01, max_mem_reserved: 24989 MB, max_mem_allocated: 13718 MB
[2025/11/07 13:38:14] ppocr INFO: epoch: [2/20], global_step: 1950, lr: 0.000268, acc: 0.546875, norm_edit_dis: 0.914578, CTCLoss: 4.549316, NRTRLoss: 1.425162, loss: 5.963834, avg_reader_cost: 0.00292 s, avg_batch_cost: 0.63269 s, avg_samples: 87.4, ips: 138.14101 samples/s, eta: 3:34:52, max_mem_reserved: 24989 MB, max_mem_allocated: 13718 MB
[2025/11/07 13:38:20] ppocr INFO: epoch: [2/20], global_step: 1960, lr: 0.000269, acc: 0.562500, norm_edit_dis: 0.914578, CTCLoss: 4.669544, NRTRLoss: 1.420052, loss: 6.092283, avg_reader_cost: 0.00295 s, avg_batch_cost: 0.62391 s, avg_samples: 78.8, ips: 126.30109 samples/s, eta: 3:34:43, max_mem_reserved: 24989 MB, max_mem_allocated: 13718 MB
[2025/11/07 13:38:26] ppocr INFO: epoch: [2/20], global_step: 1970, lr: 0.000271, acc: 0.530331, norm_edit_dis: 0.905885, CTCLoss: 5.314770, NRTRLoss: 1.428303, loss: 6.729609, avg_reader_cost: 0.00300 s, avg_batch_cost: 0.66027 s, avg_samples: 95.9, ips: 145.24436 samples/s, eta: 3:34:37, max_mem_reserved: 24989 MB, max_mem_allocated: 13718 MB
[2025/11/07 13:38:33] ppocr INFO: epoch: [2/20], global_step: 1980, lr: 0.000272, acc: 0.487224, norm_edit_dis: 0.896561, CTCLoss: 5.314770, NRTRLoss: 1.447925, loss: 6.729609, avg_reader_cost: 0.00290 s, avg_batch_cost: 0.64664 s, avg_samples: 91.6, ips: 141.65629 samples/s, eta: 3:34:30, max_mem_reserved: 24989 MB, max_mem_allocated: 13718 MB
[2025/11/07 13:38:40] ppocr INFO: epoch: [2/20], global_step: 1990, lr: 0.000273, acc: 0.535294, norm_edit_dis: 0.907732, CTCLoss: 5.030281, NRTRLoss: 1.444248, loss: 6.478206, avg_reader_cost: 0.00291 s, avg_batch_cost: 0.65538 s, avg_samples: 91.6, ips: 139.76578 samples/s, eta: 3:34:24, max_mem_reserved: 24989 MB, max_mem_allocated: 13718 MB
[2025/11/07 13:38:46] ppocr INFO: epoch: [2/20], global_step: 2000, lr: 0.000275, acc: 0.539062, norm_edit_dis: 0.915794, CTCLoss: 4.980794, NRTRLoss: 1.440432, loss: 6.404211, avg_reader_cost: 0.00296 s, avg_batch_cost: 0.64515 s, avg_samples: 93.8, ips: 145.39183 samples/s, eta: 3:34:17, max_mem_reserved: 24989 MB, max_mem_allocated: 13718 MB
[2025/11/07 13:39:20] ppocr INFO: cur metric, acc: 0.6427999993572, norm_edit_dis: 0.9352214455612416, fps: 627.6302463949528
[2025/11/07 13:39:23] ppocr INFO: save best model is to ./output/best_accuracy
[2025/11/07 13:39:23] ppocr INFO: best metric, acc: 0.6427999993572, is_float16: False, norm_edit_dis: 0.9352214455612416, fps: 627.6302463949528, best_epoch: 2
[2025/11/07 13:39:29] ppocr INFO: epoch: [2/20], global_step: 2010, lr: 0.000276, acc: 0.570312, norm_edit_dis: 0.917557, CTCLoss: 4.643051, NRTRLoss: 1.411434, loss: 6.031045, avg_reader_cost: 0.00294 s, avg_batch_cost: 0.64570 s, avg_samples: 89.4, ips: 138.45400 samples/s, eta: 3:34:10, max_mem_reserved: 24989 MB, max_mem_allocated: 13718 MB
[2025/11/07 13:39:36] ppocr INFO: epoch: [2/20], global_step: 2020, lr: 0.000278, acc: 0.570312, norm_edit_dis: 0.917181, CTCLoss: 5.141411, NRTRLoss: 1.410705, loss: 6.528002, avg_reader_cost: 0.00290 s, avg_batch_cost: 0.66949 s, avg_samples: 98.0, ips: 146.38085 samples/s, eta: 3:34:05, max_mem_reserved: 24989 MB, max_mem_allocated: 13718 MB
[2025/11/07 13:39:42] ppocr INFO: epoch: [2/20], global_step: 2030, lr: 0.000279, acc: 0.596875, norm_edit_dis: 0.908372, CTCLoss: 4.407592, NRTRLoss: 1.422140, loss: 5.842340, avg_reader_cost: 0.00294 s, avg_batch_cost: 0.63998 s, avg_samples: 80.9, ips: 126.40932 samples/s, eta: 3:33:57, max_mem_reserved: 24989 MB, max_mem_allocated: 13718 MB
[2025/11/07 13:39:49] ppocr INFO: epoch: [2/20], global_step: 2040, lr: 0.000280, acc: 0.585937, norm_edit_dis: 0.910920, CTCLoss: 4.625459, NRTRLoss: 1.422140, loss: 6.053255, avg_reader_cost: 0.00294 s, avg_batch_cost: 0.66203 s, avg_samples: 96.0, ips: 145.00855 samples/s, eta: 3:33:52, max_mem_reserved: 24989 MB, max_mem_allocated: 13718 MB
[2025/11/07 13:39:56] ppocr INFO: epoch: [2/20], global_step: 2050, lr: 0.000282, acc: 0.514706, norm_edit_dis: 0.908036, CTCLoss: 5.153248, NRTRLoss: 1.428418, loss: 6.557177, avg_reader_cost: 0.00295 s, avg_batch_cost: 0.65207 s, avg_samples: 93.8, ips: 143.85031 samples/s, eta: 3:33:45, max_mem_reserved: 24989 MB, max_mem_allocated: 13718 MB
[2025/11/07 13:40:03] ppocr INFO: epoch: [2/20], global_step: 2060, lr: 0.000283, acc: 0.456112, norm_edit_dis: 0.863785, CTCLoss: 6.741397, NRTRLoss: 1.457032, loss: 8.198429, avg_reader_cost: 0.00301 s, avg_batch_cost: 0.69373 s, avg_samples: 108.7, ips: 156.68941 samples/s, eta: 3:33:43, max_mem_reserved: 24989 MB, max_mem_allocated: 13718 MB
[2025/11/07 13:40:09] ppocr INFO: epoch: [2/20], global_step: 2070, lr: 0.000284, acc: 0.547059, norm_edit_dis: 0.903143, CTCLoss: 5.484131, NRTRLoss: 1.441933, loss: 6.921105, avg_reader_cost: 0.00290 s, avg_batch_cost: 0.62708 s, avg_samples: 85.2, ips: 135.86848 samples/s, eta: 3:33:34, max_mem_reserved: 24989 MB, max_mem_allocated: 13718 MB
[2025/11/07 13:40:15] ppocr INFO: epoch: [2/20], global_step: 2080, lr: 0.000286, acc: 0.557721, norm_edit_dis: 0.907946, CTCLoss: 4.951093, NRTRLoss: 1.429292, loss: 6.393034, avg_reader_cost: 0.00342 s, avg_batch_cost: 0.66207 s, avg_samples: 102.3, ips: 154.51569 samples/s, eta: 3:33:28, max_mem_reserved: 24989 MB, max_mem_allocated: 13718 MB
[2025/11/07 13:40:22] ppocr INFO: epoch: [2/20], global_step: 2090, lr: 0.000287, acc: 0.530331, norm_edit_dis: 0.893063, CTCLoss: 5.262086, NRTRLoss: 1.450017, loss: 6.678369, avg_reader_cost: 0.00293 s, avg_batch_cost: 0.64519 s, avg_samples: 83.1, ips: 128.79874 samples/s, eta: 3:33:21, max_mem_reserved: 24989 MB, max_mem_allocated: 13718 MB
[2025/11/07 13:40:29] ppocr INFO: epoch: [2/20], global_step: 2100, lr: 0.000289, acc: 0.530331, norm_edit_dis: 0.892578, CTCLoss: 5.258838, NRTRLoss: 1.442654, loss: 6.665650, avg_reader_cost: 0.00290 s, avg_batch_cost: 0.71031 s, avg_samples: 104.4, ips: 146.97758 samples/s, eta: 3:33:20, max_mem_reserved: 24989 MB, max_mem_allocated: 13718 MB
[2025/11/07 13:41:02] ppocr INFO: cur metric, acc: 0.5977999994022, norm_edit_dis: 0.9275654630474587, fps: 613.3455786882158
[2025/11/07 13:41:02] ppocr INFO: best metric, acc: 0.6427999993572, is_float16: False, norm_edit_dis: 0.9352214455612416, fps: 627.6302463949528, best_epoch: 2
[2025/11/07 13:41:09] ppocr INFO: epoch: [2/20], global_step: 2110, lr: 0.000290, acc: 0.517647, norm_edit_dis: 0.897184, CTCLoss: 5.163406, NRTRLoss: 1.443900, loss: 6.600865, avg_reader_cost: 0.00292 s, avg_batch_cost: 0.64936 s, avg_samples: 93.7, ips: 144.29659 samples/s, eta: 3:33:13, max_mem_reserved: 24989 MB, max_mem_allocated: 13718 MB
[2025/11/07 13:41:15] ppocr INFO: epoch: [2/20], global_step: 2120, lr: 0.000291, acc: 0.549908, norm_edit_dis: 0.907106, CTCLoss: 4.912172, NRTRLoss: 1.428997, loss: 6.352281, avg_reader_cost: 0.00291 s, avg_batch_cost: 0.65923 s, avg_samples: 93.8, ips: 142.28751 samples/s, eta: 3:33:07, max_mem_reserved: 24989 MB, max_mem_allocated: 13718 MB
[2025/11/07 13:41:22] ppocr INFO: epoch: [2/20], global_step: 2130, lr: 0.000293, acc: 0.565533, norm_edit_dis: 0.914975, CTCLoss: 4.620071, NRTRLoss: 1.416442, loss: 6.007848, avg_reader_cost: 0.00336 s, avg_batch_cost: 0.63289 s, avg_samples: 83.1, ips: 131.30300 samples/s, eta: 3:32:59, max_mem_reserved: 24989 MB, max_mem_allocated: 13718 MB
[2025/11/07 13:41:29] ppocr INFO: epoch: [2/20], global_step: 2140, lr: 0.000294, acc: 0.518566, norm_edit_dis: 0.892202, CTCLoss: 5.554197, NRTRLoss: 1.438867, loss: 6.990349, avg_reader_cost: 0.00286 s, avg_batch_cost: 0.69429 s, avg_samples: 106.6, ips: 153.53900 samples/s, eta: 3:32:56, max_mem_reserved: 24989 MB, max_mem_allocated: 13718 MB
[2025/11/07 13:41:36] ppocr INFO: epoch: [2/20], global_step: 2150, lr: 0.000296, acc: 0.424724, norm_edit_dis: 0.869446, CTCLoss: 7.041406, NRTRLoss: 1.461043, loss: 8.502450, avg_reader_cost: 0.00283 s, avg_batch_cost: 0.69280 s, avg_samples: 102.2, ips: 147.51742 samples/s, eta: 3:32:53, max_mem_reserved: 24989 MB, max_mem_allocated: 13718 MB
[2025/11/07 13:41:42] ppocr INFO: epoch: [2/20], global_step: 2160, lr: 0.000297, acc: 0.517647, norm_edit_dis: 0.902892, CTCLoss: 5.084521, NRTRLoss: 1.430280, loss: 6.472282, avg_reader_cost: 0.00295 s, avg_batch_cost: 0.66467 s, avg_samples: 95.9, ips: 144.28216 samples/s, eta: 3:32:48, max_mem_reserved: 24989 MB, max_mem_allocated: 13718 MB
[2025/11/07 13:41:49] ppocr INFO: epoch: [2/20], global_step: 2170, lr: 0.000298, acc: 0.545956, norm_edit_dis: 0.914039, CTCLoss: 4.551320, NRTRLoss: 1.433208, loss: 5.962868, avg_reader_cost: 0.00290 s, avg_batch_cost: 0.66404 s, avg_samples: 98.0, ips: 147.58224 samples/s, eta: 3:32:42, max_mem_reserved: 24989 MB, max_mem_allocated: 13718 MB
[2025/11/07 13:41:50] ppocr INFO: epoch: [2/20], global_step: 2172, lr: 0.000299, acc: 0.517647, norm_edit_dis: 0.901313, CTCLoss: 4.777976, NRTRLoss: 1.441595, loss: 6.218507, avg_reader_cost: 0.00056 s, avg_batch_cost: 0.13809 s, avg_samples: 19.2, ips: 139.03857 samples/s, eta: 3:32:42, max_mem_reserved: 24989 MB, max_mem_allocated: 13718 MB
[2025/11/07 13:41:52] ppocr INFO: save model in ./output/latest
[2025/11/07 13:41:53] ppocr INFO: save model in ./output/iter_epoch_2
[2025/11/07 13:42:00] ppocr INFO: epoch: [3/20], global_step: 2180, lr: 0.000300, acc: 0.402344, norm_edit_dis: 0.860706, CTCLoss: 6.907541, NRTRLoss: 1.460763, loss: 8.373817, avg_reader_cost: 0.44787 s, avg_batch_cost: 0.99645 s, avg_samples: 89.6, ips: 89.91908 samples/s, eta: 3:33:19, max_mem_reserved: 24989 MB, max_mem_allocated: 13718 MB
[2025/11/07 13:42:07] ppocr INFO: epoch: [3/20], global_step: 2190, lr: 0.000300, acc: 0.402344, norm_edit_dis: 0.867647, CTCLoss: 6.907541, NRTRLoss: 1.455650, loss: 8.373817, avg_reader_cost: 0.00293 s, avg_batch_cost: 0.66146 s, avg_samples: 93.8, ips: 141.80780 samples/s, eta: 3:33:13, max_mem_reserved: 24989 MB, max_mem_allocated: 13718 MB
[2025/11/07 13:42:13] ppocr INFO: epoch: [3/20], global_step: 2200, lr: 0.000300, acc: 0.611765, norm_edit_dis: 0.925474, CTCLoss: 4.417244, NRTRLoss: 1.402502, loss: 5.820774, avg_reader_cost: 0.00292 s, avg_batch_cost: 0.62752 s, avg_samples: 76.7, ips: 122.22648 samples/s, eta: 3:33:04, max_mem_reserved: 24989 MB, max_mem_allocated: 13718 MB
[2025/11/07 13:42:49] ppocr INFO: cur metric, acc: 0.6584999993415, norm_edit_dis: 0.9361437959539751, fps: 631.3455298120855
[2025/11/07 13:42:51] ppocr INFO: save best model is to ./output/best_accuracy
[2025/11/07 13:42:51] ppocr INFO: best metric, acc: 0.6584999993415, is_float16: False, norm_edit_dis: 0.9361437959539751, fps: 631.3455298120855, best_epoch: 3
[2025/11/07 13:42:58] ppocr INFO: epoch: [3/20], global_step: 2210, lr: 0.000300, acc: 0.588235, norm_edit_dis: 0.920596, CTCLoss: 4.561634, NRTRLoss: 1.409173, loss: 5.976147, avg_reader_cost: 0.00332 s, avg_batch_cost: 0.66545 s, avg_samples: 100.2, ips: 150.57493 samples/s, eta: 3:32:58, max_mem_reserved: 24989 MB, max_mem_allocated: 13718 MB
[2025/11/07 13:43:04] ppocr INFO: epoch: [3/20], global_step: 2220, lr: 0.000300, acc: 0.429687, norm_edit_dis: 0.874461, CTCLoss: 6.413097, NRTRLoss: 1.452666, loss: 7.843822, avg_reader_cost: 0.00299 s, avg_batch_cost: 0.65007 s, avg_samples: 96.0, ips: 147.67588 samples/s, eta: 3:32:51, max_mem_reserved: 24989 MB, max_mem_allocated: 13718 MB
[2025/11/07 13:43:11] ppocr INFO: epoch: [3/20], global_step: 2230, lr: 0.000300, acc: 0.492187, norm_edit_dis: 0.904283, CTCLoss: 5.565544, NRTRLoss: 1.411418, loss: 6.973699, avg_reader_cost: 0.00290 s, avg_batch_cost: 0.64296 s, avg_samples: 85.3, ips: 132.66843 samples/s, eta: 3:32:44, max_mem_reserved: 24989 MB, max_mem_allocated: 13718 MB
[2025/11/07 13:43:18] ppocr INFO: epoch: [3/20], global_step: 2240, lr: 0.000300, acc: 0.542096, norm_edit_dis: 0.915564, CTCLoss: 4.373788, NRTRLoss: 1.399558, loss: 5.775544, avg_reader_cost: 0.00299 s, avg_batch_cost: 0.66415 s, avg_samples: 91.6, ips: 137.92006 samples/s, eta: 3:32:38, max_mem_reserved: 24989 MB, max_mem_allocated: 13718 MB
[2025/11/07 13:43:24] ppocr INFO: epoch: [3/20], global_step: 2250, lr: 0.000300, acc: 0.546875, norm_edit_dis: 0.914121, CTCLoss: 4.488172, NRTRLoss: 1.408873, loss: 5.887460, avg_reader_cost: 0.00299 s, avg_batch_cost: 0.65188 s, avg_samples: 102.3, ips: 156.93170 samples/s, eta: 3:32:31, max_mem_reserved: 24989 MB, max_mem_allocated: 13718 MB
[2025/11/07 13:43:31] ppocr INFO: epoch: [3/20], global_step: 2260, lr: 0.000300, acc: 0.538143, norm_edit_dis: 0.913185, CTCLoss: 4.122488, NRTRLoss: 1.419948, loss: 5.558787, avg_reader_cost: 0.00292 s, avg_batch_cost: 0.65240 s, avg_samples: 91.6, ips: 140.40447 samples/s, eta: 3:32:24, max_mem_reserved: 24989 MB, max_mem_allocated: 13718 MB
[2025/11/07 13:43:37] ppocr INFO: epoch: [3/20], global_step: 2270, lr: 0.000300, acc: 0.585110, norm_edit_dis: 0.922150, CTCLoss: 4.172824, NRTRLoss: 1.408631, loss: 5.585281, avg_reader_cost: 0.00293 s, avg_batch_cost: 0.64327 s, avg_samples: 89.5, ips: 139.13184 samples/s, eta: 3:32:17, max_mem_reserved: 24989 MB, max_mem_allocated: 13718 MB
[2025/11/07 13:43:43] ppocr INFO: epoch: [3/20], global_step: 2280, lr: 0.000300, acc: 0.594945, norm_edit_dis: 0.922505, CTCLoss: 4.268919, NRTRLoss: 1.410389, loss: 5.660119, avg_reader_cost: 0.00331 s, avg_batch_cost: 0.64095 s, avg_samples: 89.5, ips: 139.63731 samples/s, eta: 3:32:09, max_mem_reserved: 24989 MB, max_mem_allocated: 13718 MB
[2025/11/07 13:43:50] ppocr INFO: epoch: [3/20], global_step: 2290, lr: 0.000300, acc: 0.578125, norm_edit_dis: 0.920149, CTCLoss: 4.199108, NRTRLoss: 1.416834, loss: 5.616126, avg_reader_cost: 0.00290 s, avg_batch_cost: 0.61189 s, avg_samples: 81.0, ips: 132.37583 samples/s, eta: 3:31:59, max_mem_reserved: 24989 MB, max_mem_allocated: 13718 MB
[2025/11/07 13:43:56] ppocr INFO: epoch: [3/20], global_step: 2300, lr: 0.000300, acc: 0.544026, norm_edit_dis: 0.914322, CTCLoss: 4.518204, NRTRLoss: 1.416834, loss: 5.926448, avg_reader_cost: 0.00292 s, avg_batch_cost: 0.64016 s, avg_samples: 98.1, ips: 153.24258 samples/s, eta: 3:31:51, max_mem_reserved: 24989 MB, max_mem_allocated: 13718 MB
[2025/11/07 13:44:32] ppocr INFO: cur metric, acc: 0.6482999993517, norm_edit_dis: 0.9385527781967122, fps: 607.6782066835295
[2025/11/07 13:44:32] ppocr INFO: best metric, acc: 0.6584999993415, is_float16: False, norm_edit_dis: 0.9361437959539751, fps: 631.3455298120855, best_epoch: 3
[2025/11/07 13:44:39] ppocr INFO: epoch: [3/20], global_step: 2310, lr: 0.000300, acc: 0.382812, norm_edit_dis: 0.847475, CTCLoss: 7.625240, NRTRLoss: 1.478328, loss: 9.115879, avg_reader_cost: 0.00305 s, avg_batch_cost: 0.69616 s, avg_samples: 104.5, ips: 150.10944 samples/s, eta: 3:31:48, max_mem_reserved: 24989 MB, max_mem_allocated: 13718 MB
[2025/11/07 13:44:45] ppocr INFO: epoch: [3/20], global_step: 2320, lr: 0.000300, acc: 0.491268, norm_edit_dis: 0.885958, CTCLoss: 6.299809, NRTRLoss: 1.464892, loss: 7.760881, avg_reader_cost: 0.00291 s, avg_batch_cost: 0.65936 s, avg_samples: 98.0, ips: 148.62925 samples/s, eta: 3:31:42, max_mem_reserved: 24989 MB, max_mem_allocated: 13718 MB
[2025/11/07 13:44:52] ppocr INFO: epoch: [3/20], global_step: 2330, lr: 0.000300, acc: 0.559743, norm_edit_dis: 0.906516, CTCLoss: 4.625149, NRTRLoss: 1.425328, loss: 6.035504, avg_reader_cost: 0.00292 s, avg_batch_cost: 0.64180 s, avg_samples: 87.4, ips: 136.17954 samples/s, eta: 3:31:34, max_mem_reserved: 24989 MB, max_mem_allocated: 13718 MB
[2025/11/07 13:44:58] ppocr INFO: epoch: [3/20], global_step: 2340, lr: 0.000300, acc: 0.515625, norm_edit_dis: 0.901894, CTCLoss: 4.476206, NRTRLoss: 1.425328, loss: 5.869031, avg_reader_cost: 0.00356 s, avg_batch_cost: 0.67603 s, avg_samples: 104.4, ips: 154.43109 samples/s, eta: 3:31:30, max_mem_reserved: 24989 MB, max_mem_allocated: 13718 MB
[2025/11/07 13:45:05] ppocr INFO: epoch: [3/20], global_step: 2350, lr: 0.000300, acc: 0.425781, norm_edit_dis: 0.869684, CTCLoss: 6.791044, NRTRLoss: 1.441208, loss: 8.255298, avg_reader_cost: 0.00298 s, avg_batch_cost: 0.65413 s, avg_samples: 102.4, ips: 156.54493 samples/s, eta: 3:31:23, max_mem_reserved: 24989 MB, max_mem_allocated: 13718 MB
[2025/11/07 13:45:11] ppocr INFO: epoch: [3/20], global_step: 2360, lr: 0.000300, acc: 0.562500, norm_edit_dis: 0.907625, CTCLoss: 4.429502, NRTRLoss: 1.421311, loss: 5.850813, avg_reader_cost: 0.00294 s, avg_batch_cost: 0.62185 s, avg_samples: 81.0, ips: 130.25569 samples/s, eta: 3:31:14, max_mem_reserved: 24989 MB, max_mem_allocated: 13718 MB
[2025/11/07 13:45:18] ppocr INFO: epoch: [3/20], global_step: 2370, lr: 0.000300, acc: 0.569485, norm_edit_dis: 0.918357, CTCLoss: 4.112960, NRTRLoss: 1.417773, loss: 5.537718, avg_reader_cost: 0.00291 s, avg_batch_cost: 0.63934 s, avg_samples: 91.6, ips: 143.27220 samples/s, eta: 3:31:06, max_mem_reserved: 24989 MB, max_mem_allocated: 13718 MB
[2025/11/07 13:45:24] ppocr INFO: epoch: [3/20], global_step: 2380, lr: 0.000300, acc: 0.551838, norm_edit_dis: 0.916389, CTCLoss: 4.133068, NRTRLoss: 1.429372, loss: 5.568357, avg_reader_cost: 0.00302 s, avg_batch_cost: 0.64314 s, avg_samples: 93.7, ips: 145.69082 samples/s, eta: 3:30:59, max_mem_reserved: 24989 MB, max_mem_allocated: 13718 MB
[2025/11/07 13:45:30] ppocr INFO: epoch: [3/20], global_step: 2390, lr: 0.000300, acc: 0.576471, norm_edit_dis: 0.920100, CTCLoss: 3.887030, NRTRLoss: 1.405009, loss: 5.292039, avg_reader_cost: 0.00290 s, avg_batch_cost: 0.57367 s, avg_samples: 70.4, ips: 122.71815 samples/s, eta: 3:30:45, max_mem_reserved: 24989 MB, max_mem_allocated: 13718 MB
[2025/11/07 13:45:36] ppocr INFO: epoch: [3/20], global_step: 2400, lr: 0.000300, acc: 0.585937, norm_edit_dis: 0.925549, CTCLoss: 3.791367, NRTRLoss: 1.404204, loss: 5.212233, avg_reader_cost: 0.00293 s, avg_batch_cost: 0.63027 s, avg_samples: 85.2, ips: 135.18104 samples/s, eta: 3:30:37, max_mem_reserved: 24989 MB, max_mem_allocated: 13718 MB
[2025/11/07 13:46:15] ppocr INFO: cur metric, acc: 0.6397999993602, norm_edit_dis: 0.9377151394574446, fps: 587.9904107032629
[2025/11/07 13:46:15] ppocr INFO: best metric, acc: 0.6584999993415, is_float16: False, norm_edit_dis: 0.9361437959539751, fps: 631.3455298120855, best_epoch: 3
[2025/11/07 13:46:22] ppocr INFO: epoch: [3/20], global_step: 2410, lr: 0.000300, acc: 0.534283, norm_edit_dis: 0.914921, CTCLoss: 5.017149, NRTRLoss: 1.438359, loss: 6.469384, avg_reader_cost: 0.00295 s, avg_batch_cost: 0.69154 s, avg_samples: 104.4, ips: 150.96647 samples/s, eta: 3:30:33, max_mem_reserved: 24989 MB, max_mem_allocated: 13718 MB
[2025/11/07 13:46:28] ppocr INFO: epoch: [3/20], global_step: 2420, lr: 0.000300, acc: 0.437500, norm_edit_dis: 0.882466, CTCLoss: 6.233753, NRTRLoss: 1.462174, loss: 7.702382, avg_reader_cost: 0.00298 s, avg_batch_cost: 0.67446 s, avg_samples: 104.4, ips: 154.78944 samples/s, eta: 3:30:28, max_mem_reserved: 24989 MB, max_mem_allocated: 13718 MB
[2025/11/07 13:46:35] ppocr INFO: epoch: [3/20], global_step: 2430, lr: 0.000300, acc: 0.576471, norm_edit_dis: 0.921876, CTCLoss: 4.307261, NRTRLoss: 1.420027, loss: 5.725324, avg_reader_cost: 0.00295 s, avg_batch_cost: 0.63982 s, avg_samples: 87.3, ips: 136.44357 samples/s, eta: 3:30:21, max_mem_reserved: 24989 MB, max_mem_allocated: 13718 MB
[2025/11/07 13:46:41] ppocr INFO: epoch: [3/20], global_step: 2440, lr: 0.000300, acc: 0.583180, norm_edit_dis: 0.926096, CTCLoss: 4.174674, NRTRLoss: 1.398671, loss: 5.572783, avg_reader_cost: 0.00293 s, avg_batch_cost: 0.64691 s, avg_samples: 87.4, ips: 135.10320 samples/s, eta: 3:30:14, max_mem_reserved: 24989 MB, max_mem_allocated: 13718 MB
[2025/11/07 13:46:48] ppocr INFO: epoch: [3/20], global_step: 2450, lr: 0.000300, acc: 0.554687, norm_edit_dis: 0.915690, CTCLoss: 4.445349, NRTRLoss: 1.405184, loss: 5.843994, avg_reader_cost: 0.00329 s, avg_batch_cost: 0.65429 s, avg_samples: 91.7, ips: 140.15261 samples/s, eta: 3:30:07, max_mem_reserved: 24989 MB, max_mem_allocated: 13718 MB
[2025/11/07 13:46:54] ppocr INFO: epoch: [3/20], global_step: 2460, lr: 0.000300, acc: 0.539062, norm_edit_dis: 0.911781, CTCLoss: 4.445349, NRTRLoss: 1.415885, loss: 5.843994, avg_reader_cost: 0.00297 s, avg_batch_cost: 0.64248 s, avg_samples: 95.9, ips: 149.26472 samples/s, eta: 3:30:00, max_mem_reserved: 24989 MB, max_mem_allocated: 13718 MB
[2025/11/07 13:47:01] ppocr INFO: epoch: [3/20], global_step: 2470, lr: 0.000300, acc: 0.554687, norm_edit_dis: 0.915770, CTCLoss: 4.298232, NRTRLoss: 1.433489, loss: 5.727724, avg_reader_cost: 0.00297 s, avg_batch_cost: 0.67518 s, avg_samples: 104.4, ips: 154.62467 samples/s, eta: 3:29:55, max_mem_reserved: 24989 MB, max_mem_allocated: 13718 MB
[2025/11/07 13:47:07] ppocr INFO: epoch: [3/20], global_step: 2480, lr: 0.000300, acc: 0.554687, norm_edit_dis: 0.912626, CTCLoss: 4.111439, NRTRLoss: 1.435476, loss: 5.546915, avg_reader_cost: 0.00302 s, avg_batch_cost: 0.61978 s, avg_samples: 83.2, ips: 134.24135 samples/s, eta: 3:29:46, max_mem_reserved: 24989 MB, max_mem_allocated: 13718 MB
[2025/11/07 13:47:14] ppocr INFO: epoch: [3/20], global_step: 2490, lr: 0.000300, acc: 0.562500, norm_edit_dis: 0.917838, CTCLoss: 3.831328, NRTRLoss: 1.412372, loss: 5.210106, avg_reader_cost: 0.00292 s, avg_batch_cost: 0.66448 s, avg_samples: 95.9, ips: 144.32413 samples/s, eta: 3:29:40, max_mem_reserved: 24989 MB, max_mem_allocated: 13718 MB
[2025/11/07 13:47:20] ppocr INFO: epoch: [3/20], global_step: 2500, lr: 0.000300, acc: 0.570588, norm_edit_dis: 0.924949, CTCLoss: 4.081497, NRTRLoss: 1.413975, loss: 5.485961, avg_reader_cost: 0.00295 s, avg_batch_cost: 0.65056 s, avg_samples: 95.9, ips: 147.41170 samples/s, eta: 3:29:33, max_mem_reserved: 24989 MB, max_mem_allocated: 13718 MB
[2025/11/07 13:47:59] ppocr INFO: cur metric, acc: 0.6694999993305, norm_edit_dis: 0.9442396349321813, fps: 601.0098784734051
[2025/11/07 13:48:02] ppocr INFO: save best model is to ./output/best_accuracy
[2025/11/07 13:48:02] ppocr INFO: best metric, acc: 0.6694999993305, is_float16: False, norm_edit_dis: 0.9442396349321813, fps: 601.0098784734051, best_epoch: 3
[2025/11/07 13:48:09] ppocr INFO: epoch: [3/20], global_step: 2510, lr: 0.000300, acc: 0.585110, norm_edit_dis: 0.925400, CTCLoss: 4.024247, NRTRLoss: 1.400626, loss: 5.443574, avg_reader_cost: 0.00282 s, avg_batch_cost: 0.66005 s, avg_samples: 93.7, ips: 141.95805 samples/s, eta: 3:29:27, max_mem_reserved: 24989 MB, max_mem_allocated: 13718 MB
[2025/11/07 13:48:15] ppocr INFO: epoch: [3/20], global_step: 2520, lr: 0.000300, acc: 0.590993, norm_edit_dis: 0.925991, CTCLoss: 3.832855, NRTRLoss: 1.395375, loss: 5.241449, avg_reader_cost: 0.00322 s, avg_batch_cost: 0.66152 s, avg_samples: 91.6, ips: 138.46868 samples/s, eta: 3:29:21, max_mem_reserved: 24989 MB, max_mem_allocated: 13718 MB
[2025/11/07 13:48:22] ppocr INFO: epoch: [3/20], global_step: 2530, lr: 0.000300, acc: 0.575368, norm_edit_dis: 0.921952, CTCLoss: 3.832855, NRTRLoss: 1.396913, loss: 5.231064, avg_reader_cost: 0.00287 s, avg_batch_cost: 0.63098 s, avg_samples: 81.0, ips: 128.37197 samples/s, eta: 3:29:13, max_mem_reserved: 24989 MB, max_mem_allocated: 13718 MB
[2025/11/07 13:48:28] ppocr INFO: epoch: [3/20], global_step: 2540, lr: 0.000300, acc: 0.582353, norm_edit_dis: 0.924027, CTCLoss: 3.603308, NRTRLoss: 1.390304, loss: 4.987203, avg_reader_cost: 0.00286 s, avg_batch_cost: 0.64200 s, avg_samples: 87.3, ips: 135.98091 samples/s, eta: 3:29:05, max_mem_reserved: 24989 MB, max_mem_allocated: 13718 MB
[2025/11/07 13:48:34] ppocr INFO: epoch: [3/20], global_step: 2550, lr: 0.000300, acc: 0.601562, norm_edit_dis: 0.927344, CTCLoss: 3.689683, NRTRLoss: 1.406671, loss: 5.094076, avg_reader_cost: 0.00286 s, avg_batch_cost: 0.64576 s, avg_samples: 83.1, ips: 128.68524 samples/s, eta: 3:28:58, max_mem_reserved: 24989 MB, max_mem_allocated: 13718 MB
[2025/11/07 13:48:41] ppocr INFO: epoch: [3/20], global_step: 2560, lr: 0.000300, acc: 0.601562, norm_edit_dis: 0.924951, CTCLoss: 3.828533, NRTRLoss: 1.404405, loss: 5.245956, avg_reader_cost: 0.00294 s, avg_batch_cost: 0.64328 s, avg_samples: 87.3, ips: 135.71137 samples/s, eta: 3:28:51, max_mem_reserved: 24989 MB, max_mem_allocated: 13718 MB
[2025/11/07 13:48:47] ppocr INFO: epoch: [3/20], global_step: 2570, lr: 0.000300, acc: 0.588235, norm_edit_dis: 0.920984, CTCLoss: 4.152011, NRTRLoss: 1.401162, loss: 5.540717, avg_reader_cost: 0.00333 s, avg_batch_cost: 0.66203 s, avg_samples: 95.9, ips: 144.85836 samples/s, eta: 3:28:45, max_mem_reserved: 24989 MB, max_mem_allocated: 13718 MB
[2025/11/07 13:48:54] ppocr INFO: epoch: [3/20], global_step: 2580, lr: 0.000300, acc: 0.606618, norm_edit_dis: 0.925644, CTCLoss: 3.598196, NRTRLoss: 1.407498, loss: 5.017733, avg_reader_cost: 0.00287 s, avg_batch_cost: 0.66009 s, avg_samples: 91.6, ips: 138.76991 samples/s, eta: 3:28:39, max_mem_reserved: 24989 MB, max_mem_allocated: 13718 MB
[2025/11/07 13:49:01] ppocr INFO: epoch: [3/20], global_step: 2590, lr: 0.000300, acc: 0.516774, norm_edit_dis: 0.900842, CTCLoss: 4.696131, NRTRLoss: 1.429671, loss: 6.116823, avg_reader_cost: 0.00292 s, avg_batch_cost: 0.66608 s, avg_samples: 113.0, ips: 169.65029 samples/s, eta: 3:28:33, max_mem_reserved: 24989 MB, max_mem_allocated: 13718 MB
[2025/11/07 13:49:08] ppocr INFO: epoch: [3/20], global_step: 2600, lr: 0.000300, acc: 0.382812, norm_edit_dis: 0.865522, CTCLoss: 6.678189, NRTRLoss: 1.458594, loss: 8.138086, avg_reader_cost: 0.00288 s, avg_batch_cost: 0.68090 s, avg_samples: 104.5, ips: 153.47356 samples/s, eta: 3:28:28, max_mem_reserved: 24989 MB, max_mem_allocated: 13718 MB
[2025/11/07 13:49:41] ppocr INFO: cur metric, acc: 0.6637999993362, norm_edit_dis: 0.9452592177301014, fps: 643.2466109886133
[2025/11/07 13:49:41] ppocr INFO: best metric, acc: 0.6694999993305, is_float16: False, norm_edit_dis: 0.9442396349321813, fps: 601.0098784734051, best_epoch: 3
[2025/11/07 13:49:47] ppocr INFO: epoch: [3/20], global_step: 2610, lr: 0.000300, acc: 0.476562, norm_edit_dis: 0.893667, CTCLoss: 5.363362, NRTRLoss: 1.435654, loss: 6.808608, avg_reader_cost: 0.00287 s, avg_batch_cost: 0.64615 s, avg_samples: 93.8, ips: 145.16646 samples/s, eta: 3:28:21, max_mem_reserved: 24989 MB, max_mem_allocated: 13718 MB
[2025/11/07 13:49:54] ppocr INFO: epoch: [3/20], global_step: 2620, lr: 0.000300, acc: 0.433594, norm_edit_dis: 0.874808, CTCLoss: 6.296688, NRTRLoss: 1.435654, loss: 7.761731, avg_reader_cost: 0.00377 s, avg_batch_cost: 0.69314 s, avg_samples: 113.0, ips: 163.02515 samples/s, eta: 3:28:17, max_mem_reserved: 24989 MB, max_mem_allocated: 13718 MB
[2025/11/07 13:50:01] ppocr INFO: epoch: [3/20], global_step: 2630, lr: 0.000300, acc: 0.588235, norm_edit_dis: 0.914791, CTCLoss: 4.033357, NRTRLoss: 1.408475, loss: 5.426878, avg_reader_cost: 0.00292 s, avg_batch_cost: 0.61515 s, avg_samples: 83.0, ips: 134.92565 samples/s, eta: 3:28:08, max_mem_reserved: 24989 MB, max_mem_allocated: 13718 MB
[2025/11/07 13:50:07] ppocr INFO: epoch: [3/20], global_step: 2640, lr: 0.000300, acc: 0.630147, norm_edit_dis: 0.938583, CTCLoss: 3.277813, NRTRLoss: 1.391336, loss: 4.670139, avg_reader_cost: 0.00322 s, avg_batch_cost: 0.63725 s, avg_samples: 89.5, ips: 140.44665 samples/s, eta: 3:28:00, max_mem_reserved: 24989 MB, max_mem_allocated: 13718 MB
[2025/11/07 13:50:14] ppocr INFO: epoch: [3/20], global_step: 2650, lr: 0.000300, acc: 0.605882, norm_edit_dis: 0.921210, CTCLoss: 4.624776, NRTRLoss: 1.396924, loss: 6.015379, avg_reader_cost: 0.00289 s, avg_batch_cost: 0.67975 s, avg_samples: 102.3, ips: 150.49693 samples/s, eta: 3:27:56, max_mem_reserved: 24989 MB, max_mem_allocated: 13718 MB
[2025/11/07 13:50:20] ppocr INFO: epoch: [3/20], global_step: 2660, lr: 0.000300, acc: 0.569485, norm_edit_dis: 0.921765, CTCLoss: 4.894282, NRTRLoss: 1.398003, loss: 6.282559, avg_reader_cost: 0.00286 s, avg_batch_cost: 0.64844 s, avg_samples: 98.0, ips: 151.13240 samples/s, eta: 3:27:49, max_mem_reserved: 24989 MB, max_mem_allocated: 13718 MB
[2025/11/07 13:50:26] ppocr INFO: epoch: [3/20], global_step: 2670, lr: 0.000300, acc: 0.598805, norm_edit_dis: 0.926288, CTCLoss: 3.618667, NRTRLoss: 1.394391, loss: 5.007917, avg_reader_cost: 0.00287 s, avg_batch_cost: 0.62783 s, avg_samples: 80.8, ips: 128.69710 samples/s, eta: 3:27:40, max_mem_reserved: 24989 MB, max_mem_allocated: 13718 MB
[2025/11/07 13:50:33] ppocr INFO: epoch: [3/20], global_step: 2680, lr: 0.000300, acc: 0.623529, norm_edit_dis: 0.928389, CTCLoss: 3.242892, NRTRLoss: 1.397116, loss: 4.619574, avg_reader_cost: 0.00290 s, avg_batch_cost: 0.63357 s, avg_samples: 81.0, ips: 127.84705 samples/s, eta: 3:27:32, max_mem_reserved: 24989 MB, max_mem_allocated: 13718 MB
[2025/11/07 13:50:40] ppocr INFO: epoch: [3/20], global_step: 2690, lr: 0.000300, acc: 0.630147, norm_edit_dis: 0.928955, CTCLoss: 3.763899, NRTRLoss: 1.400016, loss: 5.161867, avg_reader_cost: 0.00287 s, avg_batch_cost: 0.67142 s, avg_samples: 91.6, ips: 136.42781 samples/s, eta: 3:27:27, max_mem_reserved: 24989 MB, max_mem_allocated: 13718 MB
[2025/11/07 13:50:46] ppocr INFO: epoch: [3/20], global_step: 2700, lr: 0.000300, acc: 0.617647, norm_edit_dis: 0.927643, CTCLoss: 3.763899, NRTRLoss: 1.401117, loss: 5.161867, avg_reader_cost: 0.00291 s, avg_batch_cost: 0.63619 s, avg_samples: 83.0, ips: 130.46495 samples/s, eta: 3:27:19, max_mem_reserved: 24989 MB, max_mem_allocated: 13718 MB
[2025/11/07 13:51:21] ppocr INFO: cur metric, acc: 0.7017999992982, norm_edit_dis: 0.9483035174013023, fps: 625.4469444404183
[2025/11/07 13:51:24] ppocr INFO: save best model is to ./output/best_accuracy
[2025/11/07 13:51:24] ppocr INFO: best metric, acc: 0.7017999992982, is_float16: False, norm_edit_dis: 0.9483035174013023, fps: 625.4469444404183, best_epoch: 3
[2025/11/07 13:51:30] ppocr INFO: epoch: [3/20], global_step: 2710, lr: 0.000300, acc: 0.623529, norm_edit_dis: 0.927818, CTCLoss: 3.319415, NRTRLoss: 1.406791, loss: 4.743622, avg_reader_cost: 0.00294 s, avg_batch_cost: 0.63333 s, avg_samples: 89.5, ips: 141.31675 samples/s, eta: 3:27:11, max_mem_reserved: 24989 MB, max_mem_allocated: 13718 MB
[2025/11/07 13:51:36] ppocr INFO: epoch: [3/20], global_step: 2720, lr: 0.000300, acc: 0.616452, norm_edit_dis: 0.933300, CTCLoss: 3.407873, NRTRLoss: 1.391841, loss: 4.825888, avg_reader_cost: 0.00285 s, avg_batch_cost: 0.64325 s, avg_samples: 85.1, ips: 132.29743 samples/s, eta: 3:27:04, max_mem_reserved: 24989 MB, max_mem_allocated: 13718 MB
[2025/11/07 13:51:43] ppocr INFO: epoch: [3/20], global_step: 2730, lr: 0.000300, acc: 0.610570, norm_edit_dis: 0.925064, CTCLoss: 3.560359, NRTRLoss: 1.396231, loss: 4.959990, avg_reader_cost: 0.00326 s, avg_batch_cost: 0.63311 s, avg_samples: 87.4, ips: 138.04831 samples/s, eta: 3:26:56, max_mem_reserved: 24989 MB, max_mem_allocated: 13718 MB
[2025/11/07 13:51:49] ppocr INFO: epoch: [3/20], global_step: 2740, lr: 0.000300, acc: 0.618382, norm_edit_dis: 0.921865, CTCLoss: 3.309606, NRTRLoss: 1.402359, loss: 4.723913, avg_reader_cost: 0.00284 s, avg_batch_cost: 0.64770 s, avg_samples: 85.2, ips: 131.54226 samples/s, eta: 3:26:49, max_mem_reserved: 24989 MB, max_mem_allocated: 13718 MB
[2025/11/07 13:51:56] ppocr INFO: epoch: [3/20], global_step: 2750, lr: 0.000299, acc: 0.570588, norm_edit_dis: 0.921679, CTCLoss: 3.470033, NRTRLoss: 1.401736, loss: 4.866170, avg_reader_cost: 0.00290 s, avg_batch_cost: 0.67208 s, avg_samples: 102.3, ips: 152.21364 samples/s, eta: 3:26:44, max_mem_reserved: 24989 MB, max_mem_allocated: 13718 MB
[2025/11/07 13:52:02] ppocr INFO: epoch: [3/20], global_step: 2760, lr: 0.000299, acc: 0.570588, norm_edit_dis: 0.917553, CTCLoss: 5.449858, NRTRLoss: 1.415111, loss: 6.858586, avg_reader_cost: 0.00291 s, avg_batch_cost: 0.63591 s, avg_samples: 83.1, ips: 130.67990 samples/s, eta: 3:26:36, max_mem_reserved: 24989 MB, max_mem_allocated: 13718 MB
[2025/11/07 13:52:09] ppocr INFO: epoch: [3/20], global_step: 2770, lr: 0.000299, acc: 0.585937, norm_edit_dis: 0.919602, CTCLoss: 5.273369, NRTRLoss: 1.418576, loss: 6.688480, avg_reader_cost: 0.00348 s, avg_batch_cost: 0.66598 s, avg_samples: 102.3, ips: 153.60866 samples/s, eta: 3:26:30, max_mem_reserved: 24989 MB, max_mem_allocated: 13718 MB
[2025/11/07 13:52:16] ppocr INFO: epoch: [3/20], global_step: 2780, lr: 0.000299, acc: 0.511719, norm_edit_dis: 0.906036, CTCLoss: 5.611178, NRTRLoss: 1.428826, loss: 7.011185, avg_reader_cost: 0.00289 s, avg_batch_cost: 0.65757 s, avg_samples: 100.2, ips: 152.37886 samples/s, eta: 3:26:24, max_mem_reserved: 24989 MB, max_mem_allocated: 13718 MB
[2025/11/07 13:52:22] ppocr INFO: epoch: [3/20], global_step: 2790, lr: 0.000299, acc: 0.534283, norm_edit_dis: 0.927998, CTCLoss: 4.775931, NRTRLoss: 1.406447, loss: 6.176632, avg_reader_cost: 0.00297 s, avg_batch_cost: 0.64783 s, avg_samples: 93.8, ips: 144.79084 samples/s, eta: 3:26:17, max_mem_reserved: 24989 MB, max_mem_allocated: 13718 MB
[2025/11/07 13:52:28] ppocr INFO: epoch: [3/20], global_step: 2800, lr: 0.000299, acc: 0.557721, norm_edit_dis: 0.928633, CTCLoss: 3.469984, NRTRLoss: 1.382320, loss: 4.847933, avg_reader_cost: 0.00290 s, avg_batch_cost: 0.64614 s, avg_samples: 93.8, ips: 145.17027 samples/s, eta: 3:26:10, max_mem_reserved: 24989 MB, max_mem_allocated: 13718 MB
[2025/11/07 13:53:01] ppocr INFO: cur metric, acc: 0.6717999993282, norm_edit_dis: 0.9448454807093796, fps: 624.5452031562769
[2025/11/07 13:53:01] ppocr INFO: best metric, acc: 0.7017999992982, is_float16: False, norm_edit_dis: 0.9483035174013023, fps: 625.4469444404183, best_epoch: 3
[2025/11/07 13:53:08] ppocr INFO: epoch: [3/20], global_step: 2810, lr: 0.000299, acc: 0.576471, norm_edit_dis: 0.930028, CTCLoss: 3.349343, NRTRLoss: 1.389401, loss: 4.730645, avg_reader_cost: 0.00306 s, avg_batch_cost: 0.62708 s, avg_samples: 85.2, ips: 135.86718 samples/s, eta: 3:26:02, max_mem_reserved: 24989 MB, max_mem_allocated: 13718 MB
[2025/11/07 13:53:14] ppocr INFO: epoch: [3/20], global_step: 2820, lr: 0.000299, acc: 0.593750, norm_edit_dis: 0.927536, CTCLoss: 3.662560, NRTRLoss: 1.400322, loss: 5.098829, avg_reader_cost: 0.00292 s, avg_batch_cost: 0.63907 s, avg_samples: 85.2, ips: 133.31810 samples/s, eta: 3:25:54, max_mem_reserved: 24989 MB, max_mem_allocated: 13718 MB
[2025/11/07 13:53:20] ppocr INFO: epoch: [3/20], global_step: 2830, lr: 0.000299, acc: 0.601562, norm_edit_dis: 0.925989, CTCLoss: 3.404118, NRTRLoss: 1.402175, loss: 4.797385, avg_reader_cost: 0.00292 s, avg_batch_cost: 0.63268 s, avg_samples: 85.2, ips: 134.66621 samples/s, eta: 3:25:46, max_mem_reserved: 24989 MB, max_mem_allocated: 13718 MB
[2025/11/07 13:53:27] ppocr INFO: epoch: [3/20], global_step: 2840, lr: 0.000299, acc: 0.598805, norm_edit_dis: 0.925989, CTCLoss: 3.169142, NRTRLoss: 1.400091, loss: 4.557265, avg_reader_cost: 0.00297 s, avg_batch_cost: 0.65718 s, avg_samples: 98.0, ips: 149.12187 samples/s, eta: 3:25:40, max_mem_reserved: 24989 MB, max_mem_allocated: 13718 MB
[2025/11/07 13:53:33] ppocr INFO: epoch: [3/20], global_step: 2850, lr: 0.000299, acc: 0.562500, norm_edit_dis: 0.917365, CTCLoss: 3.795403, NRTRLoss: 1.403537, loss: 5.198940, avg_reader_cost: 0.00291 s, avg_batch_cost: 0.64511 s, avg_samples: 91.6, ips: 141.99123 samples/s, eta: 3:25:33, max_mem_reserved: 24989 MB, max_mem_allocated: 13718 MB
[2025/11/07 13:53:40] ppocr INFO: epoch: [3/20], global_step: 2860, lr: 0.000299, acc: 0.585110, norm_edit_dis: 0.925850, CTCLoss: 3.795403, NRTRLoss: 1.395398, loss: 5.198940, avg_reader_cost: 0.00362 s, avg_batch_cost: 0.64520 s, avg_samples: 91.5, ips: 141.81753 samples/s, eta: 3:25:26, max_mem_reserved: 24989 MB, max_mem_allocated: 13718 MB
[2025/11/07 13:53:47] ppocr INFO: epoch: [3/20], global_step: 2870, lr: 0.000299, acc: 0.629412, norm_edit_dis: 0.938296, CTCLoss: 3.361016, NRTRLoss: 1.389613, loss: 4.730306, avg_reader_cost: 0.00332 s, avg_batch_cost: 0.66288 s, avg_samples: 93.7, ips: 141.35299 samples/s, eta: 3:25:20, max_mem_reserved: 24989 MB, max_mem_allocated: 13718 MB
[2025/11/07 13:53:53] ppocr INFO: epoch: [3/20], global_step: 2880, lr: 0.000299, acc: 0.611765, norm_edit_dis: 0.927150, CTCLoss: 3.595127, NRTRLoss: 1.414464, loss: 5.029829, avg_reader_cost: 0.00293 s, avg_batch_cost: 0.63747 s, avg_samples: 80.9, ips: 126.90864 samples/s, eta: 3:25:12, max_mem_reserved: 24989 MB, max_mem_allocated: 13718 MB
[2025/11/07 13:54:00] ppocr INFO: epoch: [3/20], global_step: 2890, lr: 0.000299, acc: 0.610570, norm_edit_dis: 0.925588, CTCLoss: 3.680633, NRTRLoss: 1.413860, loss: 5.125396, avg_reader_cost: 0.00295 s, avg_batch_cost: 0.66897 s, avg_samples: 91.6, ips: 136.92671 samples/s, eta: 3:25:07, max_mem_reserved: 24989 MB, max_mem_allocated: 13718 MB
[2025/11/07 13:54:06] ppocr INFO: epoch: [3/20], global_step: 2900, lr: 0.000299, acc: 0.596875, norm_edit_dis: 0.930367, CTCLoss: 3.632884, NRTRLoss: 1.410796, loss: 5.058238, avg_reader_cost: 0.00298 s, avg_batch_cost: 0.59502 s, avg_samples: 74.6, ips: 125.37443 samples/s, eta: 3:24:56, max_mem_reserved: 24989 MB, max_mem_allocated: 13718 MB
[2025/11/07 13:54:40] ppocr INFO: cur metric, acc: 0.7074999992925001, norm_edit_dis: 0.9493947595021308, fps: 658.1276323589545
[2025/11/07 13:54:43] ppocr INFO: save best model is to ./output/best_accuracy
[2025/11/07 13:54:43] ppocr INFO: best metric, acc: 0.7074999992925001, is_float16: False, norm_edit_dis: 0.9493947595021308, fps: 658.1276323589545, best_epoch: 3
[2025/11/07 13:54:49] ppocr INFO: epoch: [3/20], global_step: 2910, lr: 0.000299, acc: 0.593750, norm_edit_dis: 0.930427, CTCLoss: 3.632884, NRTRLoss: 1.411226, loss: 5.058238, avg_reader_cost: 0.00315 s, avg_batch_cost: 0.65501 s, avg_samples: 93.8, ips: 143.20392 samples/s, eta: 3:24:50, max_mem_reserved: 24989 MB, max_mem_allocated: 13718 MB
[2025/11/07 13:54:56] ppocr INFO: epoch: [3/20], global_step: 2920, lr: 0.000299, acc: 0.598805, norm_edit_dis: 0.928084, CTCLoss: 3.246888, NRTRLoss: 1.393301, loss: 4.635480, avg_reader_cost: 0.00287 s, avg_batch_cost: 0.65279 s, avg_samples: 91.6, ips: 140.32093 samples/s, eta: 3:24:43, max_mem_reserved: 24989 MB, max_mem_allocated: 13718 MB
[2025/11/07 13:55:03] ppocr INFO: epoch: [3/20], global_step: 2930, lr: 0.000299, acc: 0.625000, norm_edit_dis: 0.932578, CTCLoss: 3.173726, NRTRLoss: 1.392744, loss: 4.551291, avg_reader_cost: 0.00290 s, avg_batch_cost: 0.66406 s, avg_samples: 89.5, ips: 134.77639 samples/s, eta: 3:24:37, max_mem_reserved: 24989 MB, max_mem_allocated: 13718 MB
[2025/11/07 13:55:09] ppocr INFO: epoch: [3/20], global_step: 2940, lr: 0.000299, acc: 0.617187, norm_edit_dis: 0.927096, CTCLoss: 3.568025, NRTRLoss: 1.398094, loss: 4.966478, avg_reader_cost: 0.00288 s, avg_batch_cost: 0.63423 s, avg_samples: 89.5, ips: 141.11700 samples/s, eta: 3:24:30, max_mem_reserved: 24989 MB, max_mem_allocated: 13718 MB
[2025/11/07 13:55:15] ppocr INFO: epoch: [3/20], global_step: 2950, lr: 0.000299, acc: 0.598805, norm_edit_dis: 0.921342, CTCLoss: 3.507061, NRTRLoss: 1.401757, loss: 4.901720, avg_reader_cost: 0.00292 s, avg_batch_cost: 0.63295 s, avg_samples: 83.0, ips: 131.13108 samples/s, eta: 3:24:22, max_mem_reserved: 24989 MB, max_mem_allocated: 13718 MB
[2025/11/07 13:55:22] ppocr INFO: epoch: [3/20], global_step: 2960, lr: 0.000299, acc: 0.617647, norm_edit_dis: 0.930182, CTCLoss: 3.451197, NRTRLoss: 1.386460, loss: 4.808413, avg_reader_cost: 0.00292 s, avg_batch_cost: 0.64465 s, avg_samples: 91.6, ips: 142.09294 samples/s, eta: 3:24:15, max_mem_reserved: 24989 MB, max_mem_allocated: 13718 MB
[2025/11/07 13:55:28] ppocr INFO: epoch: [3/20], global_step: 2970, lr: 0.000299, acc: 0.629412, norm_edit_dis: 0.932861, CTCLoss: 3.755170, NRTRLoss: 1.399741, loss: 5.168879, avg_reader_cost: 0.00337 s, avg_batch_cost: 0.67154 s, avg_samples: 95.9, ips: 142.80625 samples/s, eta: 3:24:09, max_mem_reserved: 24989 MB, max_mem_allocated: 13718 MB
[2025/11/07 13:55:35] ppocr INFO: epoch: [3/20], global_step: 2980, lr: 0.000299, acc: 0.601562, norm_edit_dis: 0.935646, CTCLoss: 3.760934, NRTRLoss: 1.400256, loss: 5.157209, avg_reader_cost: 0.00289 s, avg_batch_cost: 0.65427 s, avg_samples: 91.6, ips: 140.00390 samples/s, eta: 3:24:03, max_mem_reserved: 24989 MB, max_mem_allocated: 13718 MB
[2025/11/07 13:55:42] ppocr INFO: epoch: [3/20], global_step: 2990, lr: 0.000299, acc: 0.601562, norm_edit_dis: 0.921924, CTCLoss: 3.876799, NRTRLoss: 1.400256, loss: 5.273894, avg_reader_cost: 0.00337 s, avg_batch_cost: 0.65903 s, avg_samples: 93.7, ips: 142.17891 samples/s, eta: 3:23:57, max_mem_reserved: 24989 MB, max_mem_allocated: 13718 MB
[2025/11/07 13:55:48] ppocr INFO: epoch: [3/20], global_step: 3000, lr: 0.000299, acc: 0.582353, norm_edit_dis: 0.916497, CTCLoss: 3.938662, NRTRLoss: 1.407096, loss: 5.343887, avg_reader_cost: 0.00290 s, avg_batch_cost: 0.64943 s, avg_samples: 95.9, ips: 147.66840 samples/s, eta: 3:23:50, max_mem_reserved: 24989 MB, max_mem_allocated: 13718 MB
[2025/11/07 13:56:23] ppocr INFO: cur metric, acc: 0.7021999992978, norm_edit_dis: 0.9497263377829975, fps: 644.6598452335232
[2025/11/07 13:56:23] ppocr INFO: best metric, acc: 0.7074999992925001, is_float16: False, norm_edit_dis: 0.9493947595021308, fps: 658.1276323589545, best_epoch: 3
[2025/11/07 13:56:29] ppocr INFO: epoch: [3/20], global_step: 3010, lr: 0.000299, acc: 0.590993, norm_edit_dis: 0.926283, CTCLoss: 3.422267, NRTRLoss: 1.409550, loss: 4.830359, avg_reader_cost: 0.00298 s, avg_batch_cost: 0.64287 s, avg_samples: 85.2, ips: 132.53099 samples/s, eta: 3:23:43, max_mem_reserved: 24989 MB, max_mem_allocated: 13718 MB
[2025/11/07 13:56:36] ppocr INFO: epoch: [3/20], global_step: 3020, lr: 0.000299, acc: 0.624265, norm_edit_dis: 0.931537, CTCLoss: 3.144131, NRTRLoss: 1.410545, loss: 4.540831, avg_reader_cost: 0.00292 s, avg_batch_cost: 0.64054 s, avg_samples: 85.1, ips: 132.85746 samples/s, eta: 3:23:35, max_mem_reserved: 24989 MB, max_mem_allocated: 13718 MB
[2025/11/07 13:56:43] ppocr INFO: epoch: [3/20], global_step: 3030, lr: 0.000299, acc: 0.570312, norm_edit_dis: 0.922749, CTCLoss: 3.699847, NRTRLoss: 1.404417, loss: 5.119577, avg_reader_cost: 0.00299 s, avg_batch_cost: 0.68100 s, avg_samples: 100.2, ips: 147.13602 samples/s, eta: 3:23:31, max_mem_reserved: 24989 MB, max_mem_allocated: 13718 MB
[2025/11/07 13:56:49] ppocr INFO: epoch: [3/20], global_step: 3040, lr: 0.000299, acc: 0.617647, norm_edit_dis: 0.930021, CTCLoss: 3.821784, NRTRLoss: 1.417744, loss: 5.241650, avg_reader_cost: 0.00325 s, avg_batch_cost: 0.62074 s, avg_samples: 85.2, ips: 137.25611 samples/s, eta: 3:23:22, max_mem_reserved: 24989 MB, max_mem_allocated: 13718 MB
[2025/11/07 13:56:55] ppocr INFO: epoch: [3/20], global_step: 3050, lr: 0.000299, acc: 0.570312, norm_edit_dis: 0.921526, CTCLoss: 4.002099, NRTRLoss: 1.420249, loss: 5.426465, avg_reader_cost: 0.00330 s, avg_batch_cost: 0.65701 s, avg_samples: 98.0, ips: 149.16043 samples/s, eta: 3:23:16, max_mem_reserved: 24989 MB, max_mem_allocated: 13718 MB
[2025/11/07 13:57:02] ppocr INFO: epoch: [3/20], global_step: 3060, lr: 0.000299, acc: 0.547059, norm_edit_dis: 0.907265, CTCLoss: 4.111889, NRTRLoss: 1.420727, loss: 5.530555, avg_reader_cost: 0.00297 s, avg_batch_cost: 0.65475 s, avg_samples: 93.7, ips: 143.10888 samples/s, eta: 3:23:09, max_mem_reserved: 24989 MB, max_mem_allocated: 13718 MB
[2025/11/07 13:57:09] ppocr INFO: epoch: [3/20], global_step: 3070, lr: 0.000299, acc: 0.604687, norm_edit_dis: 0.915511, CTCLoss: 3.711367, NRTRLoss: 1.408907, loss: 5.125367, avg_reader_cost: 0.00293 s, avg_batch_cost: 0.64991 s, avg_samples: 93.7, ips: 144.17409 samples/s, eta: 3:23:03, max_mem_reserved: 24989 MB, max_mem_allocated: 13718 MB
[2025/11/07 13:57:15] ppocr INFO: epoch: [3/20], global_step: 3080, lr: 0.000299, acc: 0.617647, norm_edit_dis: 0.928284, CTCLoss: 3.612509, NRTRLoss: 1.409434, loss: 5.007434, avg_reader_cost: 0.00332 s, avg_batch_cost: 0.65829 s, avg_samples: 95.9, ips: 145.67990 samples/s, eta: 3:22:56, max_mem_reserved: 24989 MB, max_mem_allocated: 13718 MB
[2025/11/07 13:57:22] ppocr INFO: epoch: [3/20], global_step: 3090, lr: 0.000299, acc: 0.612500, norm_edit_dis: 0.931505, CTCLoss: 3.373000, NRTRLoss: 1.413240, loss: 4.798404, avg_reader_cost: 0.00327 s, avg_batch_cost: 0.65626 s, avg_samples: 83.2, ips: 126.77874 samples/s, eta: 3:22:50, max_mem_reserved: 24989 MB, max_mem_allocated: 13718 MB
[2025/11/07 13:57:28] ppocr INFO: epoch: [3/20], global_step: 3100, lr: 0.000299, acc: 0.618382, norm_edit_dis: 0.923594, CTCLoss: 3.596629, NRTRLoss: 1.405183, loss: 4.993148, avg_reader_cost: 0.00296 s, avg_batch_cost: 0.64479 s, avg_samples: 95.9, ips: 148.73102 samples/s, eta: 3:22:43, max_mem_reserved: 24989 MB, max_mem_allocated: 13718 MB
[2025/11/07 13:58:06] ppocr INFO: cur metric, acc: 0.6879999993120001, norm_edit_dis: 0.9442106246692662, fps: 607.6791839457175
[2025/11/07 13:58:06] ppocr INFO: best metric, acc: 0.7074999992925001, is_float16: False, norm_edit_dis: 0.9493947595021308, fps: 658.1276323589545, best_epoch: 3
[2025/11/07 13:58:13] ppocr INFO: epoch: [3/20], global_step: 3110, lr: 0.000299, acc: 0.570588, norm_edit_dis: 0.915778, CTCLoss: 3.954911, NRTRLoss: 1.416439, loss: 5.374702, avg_reader_cost: 0.00291 s, avg_batch_cost: 0.66726 s, avg_samples: 104.4, ips: 156.46127 samples/s, eta: 3:22:37, max_mem_reserved: 24989 MB, max_mem_allocated: 13718 MB
[2025/11/07 13:58:19] ppocr INFO: epoch: [3/20], global_step: 3120, lr: 0.000299, acc: 0.624265, norm_edit_dis: 0.936283, CTCLoss: 3.491001, NRTRLoss: 1.392611, loss: 4.898802, avg_reader_cost: 0.00296 s, avg_batch_cost: 0.64583 s, avg_samples: 78.8, ips: 122.01345 samples/s, eta: 3:22:30, max_mem_reserved: 24989 MB, max_mem_allocated: 13718 MB
[2025/11/07 13:58:26] ppocr INFO: epoch: [3/20], global_step: 3130, lr: 0.000299, acc: 0.610570, norm_edit_dis: 0.933490, CTCLoss: 3.401542, NRTRLoss: 1.387408, loss: 4.812330, avg_reader_cost: 0.00302 s, avg_batch_cost: 0.64172 s, avg_samples: 89.5, ips: 139.46862 samples/s, eta: 3:22:23, max_mem_reserved: 24989 MB, max_mem_allocated: 13718 MB
[2025/11/07 13:58:32] ppocr INFO: epoch: [3/20], global_step: 3140, lr: 0.000299, acc: 0.570588, norm_edit_dis: 0.915706, CTCLoss: 3.785005, NRTRLoss: 1.406168, loss: 5.171154, avg_reader_cost: 0.00287 s, avg_batch_cost: 0.64950 s, avg_samples: 91.6, ips: 141.03264 samples/s, eta: 3:22:16, max_mem_reserved: 24989 MB, max_mem_allocated: 13718 MB
[2025/11/07 13:58:39] ppocr INFO: epoch: [3/20], global_step: 3150, lr: 0.000299, acc: 0.577298, norm_edit_dis: 0.921162, CTCLoss: 3.906237, NRTRLoss: 1.415246, loss: 5.291098, avg_reader_cost: 0.00288 s, avg_batch_cost: 0.66451 s, avg_samples: 95.9, ips: 144.31622 samples/s, eta: 3:22:10, max_mem_reserved: 24989 MB, max_mem_allocated: 13718 MB
[2025/11/07 13:58:46] ppocr INFO: epoch: [3/20], global_step: 3160, lr: 0.000299, acc: 0.511765, norm_edit_dis: 0.914569, CTCLoss: 4.323697, NRTRLoss: 1.421246, loss: 5.700927, avg_reader_cost: 0.00290 s, avg_batch_cost: 0.70602 s, avg_samples: 106.5, ips: 150.84460 samples/s, eta: 3:22:07, max_mem_reserved: 24989 MB, max_mem_allocated: 13718 MB
[2025/11/07 13:58:52] ppocr INFO: epoch: [3/20], global_step: 3170, lr: 0.000298, acc: 0.624265, norm_edit_dis: 0.935836, CTCLoss: 2.901107, NRTRLoss: 1.380799, loss: 4.274137, avg_reader_cost: 0.00286 s, avg_batch_cost: 0.58219 s, avg_samples: 76.6, ips: 131.57125 samples/s, eta: 3:21:56, max_mem_reserved: 24989 MB, max_mem_allocated: 13718 MB
[2025/11/07 13:58:58] ppocr INFO: epoch: [3/20], global_step: 3180, lr: 0.000298, acc: 0.635294, norm_edit_dis: 0.939660, CTCLoss: 2.739894, NRTRLoss: 1.372850, loss: 4.113322, avg_reader_cost: 0.00290 s, avg_batch_cost: 0.65325 s, avg_samples: 95.9, ips: 146.80488 samples/s, eta: 3:21:50, max_mem_reserved: 24989 MB, max_mem_allocated: 13718 MB
[2025/11/07 13:59:05] ppocr INFO: epoch: [3/20], global_step: 3190, lr: 0.000298, acc: 0.583180, norm_edit_dis: 0.922723, CTCLoss: 3.457663, NRTRLoss: 1.405590, loss: 4.845356, avg_reader_cost: 0.00327 s, avg_batch_cost: 0.65665 s, avg_samples: 95.9, ips: 146.04355 samples/s, eta: 3:21:43, max_mem_reserved: 24989 MB, max_mem_allocated: 13718 MB
[2025/11/07 13:59:11] ppocr INFO: epoch: [3/20], global_step: 3200, lr: 0.000298, acc: 0.610570, norm_edit_dis: 0.931045, CTCLoss: 3.150504, NRTRLoss: 1.403963, loss: 4.549776, avg_reader_cost: 0.00288 s, avg_batch_cost: 0.65195 s, avg_samples: 89.5, ips: 137.27964 samples/s, eta: 3:21:37, max_mem_reserved: 24989 MB, max_mem_allocated: 13718 MB
[2025/11/07 13:59:48] ppocr INFO: cur metric, acc: 0.7015999992984, norm_edit_dis: 0.9522518501640209, fps: 620.8189251443
[2025/11/07 13:59:48] ppocr INFO: best metric, acc: 0.7074999992925001, is_float16: False, norm_edit_dis: 0.9493947595021308, fps: 658.1276323589545, best_epoch: 3
[2025/11/07 13:59:55] ppocr INFO: epoch: [3/20], global_step: 3210, lr: 0.000298, acc: 0.602757, norm_edit_dis: 0.925380, CTCLoss: 3.583022, NRTRLoss: 1.407114, loss: 4.997419, avg_reader_cost: 0.00301 s, avg_batch_cost: 0.67688 s, avg_samples: 104.4, ips: 154.23796 samples/s, eta: 3:21:32, max_mem_reserved: 24989 MB, max_mem_allocated: 13718 MB
[2025/11/07 14:00:01] ppocr INFO: epoch: [3/20], global_step: 3220, lr: 0.000298, acc: 0.496094, norm_edit_dis: 0.894697, CTCLoss: 5.195582, NRTRLoss: 1.419730, loss: 6.616754, avg_reader_cost: 0.00295 s, avg_batch_cost: 0.66055 s, avg_samples: 106.6, ips: 161.38126 samples/s, eta: 3:21:26, max_mem_reserved: 24989 MB, max_mem_allocated: 13718 MB
[2025/11/07 14:00:08] ppocr INFO: epoch: [3/20], global_step: 3230, lr: 0.000298, acc: 0.604687, norm_edit_dis: 0.930211, CTCLoss: 3.218444, NRTRLoss: 1.403092, loss: 4.627594, avg_reader_cost: 0.00291 s, avg_batch_cost: 0.62051 s, avg_samples: 85.2, ips: 137.30732 samples/s, eta: 3:21:17, max_mem_reserved: 24989 MB, max_mem_allocated: 13718 MB
[2025/11/07 14:00:14] ppocr INFO: epoch: [3/20], global_step: 3240, lr: 0.000298, acc: 0.604687, norm_edit_dis: 0.927150, CTCLoss: 3.567853, NRTRLoss: 1.409151, loss: 4.964472, avg_reader_cost: 0.00288 s, avg_batch_cost: 0.67030 s, avg_samples: 110.8, ips: 165.30012 samples/s, eta: 3:21:12, max_mem_reserved: 24989 MB, max_mem_allocated: 13718 MB
[2025/11/07 14:00:21] ppocr INFO: epoch: [3/20], global_step: 3250, lr: 0.000298, acc: 0.622334, norm_edit_dis: 0.916131, CTCLoss: 4.093425, NRTRLoss: 1.405996, loss: 5.447874, avg_reader_cost: 0.00290 s, avg_batch_cost: 0.63746 s, avg_samples: 89.5, ips: 140.40055 samples/s, eta: 3:21:04, max_mem_reserved: 24989 MB, max_mem_allocated: 13718 MB
[2025/11/07 14:00:26] ppocr INFO: epoch: [3/20], global_step: 3258, lr: 0.000298, acc: 0.635294, norm_edit_dis: 0.925333, CTCLoss: 3.377727, NRTRLoss: 1.391826, loss: 4.781877, avg_reader_cost: 0.00231 s, avg_batch_cost: 0.51176 s, avg_samples: 74.6, ips: 145.77033 samples/s, eta: 3:20:58, max_mem_reserved: 24989 MB, max_mem_allocated: 13718 MB
[2025/11/07 14:00:28] ppocr INFO: save model in ./output/latest
[2025/11/07 14:00:29] ppocr INFO: save model in ./output/iter_epoch_3
[2025/11/07 14:00:32] ppocr INFO: epoch: [4/20], global_step: 3260, lr: 0.000298, acc: 0.637959, norm_edit_dis: 0.927606, CTCLoss: 3.221895, NRTRLoss: 1.387012, loss: 4.617850, avg_reader_cost: 0.46287 s, avg_batch_cost: 0.59589 s, avg_samples: 19.2, ips: 32.22083 samples/s, eta: 3:21:23, max_mem_reserved: 24989 MB, max_mem_allocated: 13718 MB
[2025/11/07 14:00:38] ppocr INFO: epoch: [4/20], global_step: 3270, lr: 0.000298, acc: 0.643842, norm_edit_dis: 0.925333, CTCLoss: 3.274102, NRTRLoss: 1.394931, loss: 4.673056, avg_reader_cost: 0.00292 s, avg_batch_cost: 0.60925 s, avg_samples: 91.6, ips: 150.34951 samples/s, eta: 3:21:14, max_mem_reserved: 24989 MB, max_mem_allocated: 13718 MB
[2025/11/07 14:00:45] ppocr INFO: epoch: [4/20], global_step: 3280, lr: 0.000298, acc: 0.611765, norm_edit_dis: 0.937763, CTCLoss: 3.148548, NRTRLoss: 1.398954, loss: 4.534483, avg_reader_cost: 0.00328 s, avg_batch_cost: 0.67909 s, avg_samples: 91.6, ips: 134.88666 samples/s, eta: 3:21:09, max_mem_reserved: 24989 MB, max_mem_allocated: 13718 MB
[2025/11/07 14:00:51] ppocr INFO: epoch: [4/20], global_step: 3290, lr: 0.000298, acc: 0.624265, norm_edit_dis: 0.940065, CTCLoss: 3.033951, NRTRLoss: 1.384109, loss: 4.417382, avg_reader_cost: 0.00286 s, avg_batch_cost: 0.61033 s, avg_samples: 85.2, ips: 139.59756 samples/s, eta: 3:21:00, max_mem_reserved: 24989 MB, max_mem_allocated: 13718 MB
[2025/11/07 14:00:57] ppocr INFO: epoch: [4/20], global_step: 3300, lr: 0.000298, acc: 0.637959, norm_edit_dis: 0.942776, CTCLoss: 2.858606, NRTRLoss: 1.383003, loss: 4.252339, avg_reader_cost: 0.00289 s, avg_batch_cost: 0.64727 s, avg_samples: 89.4, ips: 138.11788 samples/s, eta: 3:20:53, max_mem_reserved: 24989 MB, max_mem_allocated: 13718 MB
[2025/11/07 14:01:32] ppocr INFO: cur metric, acc: 0.7236999992763, norm_edit_dis: 0.9546525874422216, fps: 634.916953840811
[2025/11/07 14:01:35] ppocr INFO: save best model is to ./output/best_accuracy
[2025/11/07 14:01:35] ppocr INFO: best metric, acc: 0.7236999992763, is_float16: False, norm_edit_dis: 0.9546525874422216, fps: 634.916953840811, best_epoch: 4
[2025/11/07 14:01:41] ppocr INFO: epoch: [4/20], global_step: 3310, lr: 0.000298, acc: 0.623529, norm_edit_dis: 0.938407, CTCLoss: 2.934664, NRTRLoss: 1.388071, loss: 4.320879, avg_reader_cost: 0.00310 s, avg_batch_cost: 0.63559 s, avg_samples: 89.5, ips: 140.81360 samples/s, eta: 3:20:46, max_mem_reserved: 24989 MB, max_mem_allocated: 13718 MB
[2025/11/07 14:01:48] ppocr INFO: epoch: [4/20], global_step: 3320, lr: 0.000298, acc: 0.519531, norm_edit_dis: 0.909606, CTCLoss: 4.454921, NRTRLoss: 1.429628, loss: 5.902901, avg_reader_cost: 0.00340 s, avg_batch_cost: 0.68727 s, avg_samples: 113.0, ips: 164.41786 samples/s, eta: 3:20:41, max_mem_reserved: 24989 MB, max_mem_allocated: 13718 MB
[2025/11/07 14:01:55] ppocr INFO: epoch: [4/20], global_step: 3330, lr: 0.000298, acc: 0.464844, norm_edit_dis: 0.887280, CTCLoss: 5.280043, NRTRLoss: 1.437871, loss: 6.677848, avg_reader_cost: 0.00289 s, avg_batch_cost: 0.64194 s, avg_samples: 100.2, ips: 156.09013 samples/s, eta: 3:20:34, max_mem_reserved: 24989 MB, max_mem_allocated: 13718 MB
[2025/11/07 14:02:01] ppocr INFO: epoch: [4/20], global_step: 3340, lr: 0.000298, acc: 0.573437, norm_edit_dis: 0.923623, CTCLoss: 3.558755, NRTRLoss: 1.405313, loss: 4.972586, avg_reader_cost: 0.00291 s, avg_batch_cost: 0.63310 s, avg_samples: 89.5, ips: 141.36746 samples/s, eta: 3:20:26, max_mem_reserved: 24989 MB, max_mem_allocated: 13718 MB
[2025/11/07 14:02:07] ppocr INFO: epoch: [4/20], global_step: 3350, lr: 0.000298, acc: 0.656250, norm_edit_dis: 0.932621, CTCLoss: 3.011357, NRTRLoss: 1.390567, loss: 4.409630, avg_reader_cost: 0.00289 s, avg_batch_cost: 0.61697 s, avg_samples: 80.9, ips: 131.12511 samples/s, eta: 3:20:17, max_mem_reserved: 24989 MB, max_mem_allocated: 13718 MB
[2025/11/07 14:02:14] ppocr INFO: epoch: [4/20], global_step: 3360, lr: 0.000298, acc: 0.657537, norm_edit_dis: 0.943502, CTCLoss: 2.923704, NRTRLoss: 1.379973, loss: 4.301778, avg_reader_cost: 0.00288 s, avg_batch_cost: 0.65873 s, avg_samples: 100.1, ips: 151.95823 samples/s, eta: 3:20:11, max_mem_reserved: 24989 MB, max_mem_allocated: 13718 MB
[2025/11/07 14:02:20] ppocr INFO: epoch: [4/20], global_step: 3370, lr: 0.000298, acc: 0.629412, norm_edit_dis: 0.940808, CTCLoss: 2.868844, NRTRLoss: 1.399537, loss: 4.259627, avg_reader_cost: 0.00290 s, avg_batch_cost: 0.64228 s, avg_samples: 89.5, ips: 139.34807 samples/s, eta: 3:20:04, max_mem_reserved: 24989 MB, max_mem_allocated: 13718 MB
[2025/11/07 14:02:27] ppocr INFO: epoch: [4/20], global_step: 3380, lr: 0.000298, acc: 0.601562, norm_edit_dis: 0.932661, CTCLoss: 3.606068, NRTRLoss: 1.401612, loss: 4.991438, avg_reader_cost: 0.00289 s, avg_batch_cost: 0.64456 s, avg_samples: 95.9, ips: 148.78363 samples/s, eta: 3:19:57, max_mem_reserved: 24989 MB, max_mem_allocated: 13718 MB
[2025/11/07 14:02:33] ppocr INFO: epoch: [4/20], global_step: 3390, lr: 0.000298, acc: 0.472656, norm_edit_dis: 0.898729, CTCLoss: 4.254349, NRTRLoss: 1.410723, loss: 5.663760, avg_reader_cost: 0.00290 s, avg_batch_cost: 0.67026 s, avg_samples: 102.4, ips: 152.77555 samples/s, eta: 3:19:51, max_mem_reserved: 24989 MB, max_mem_allocated: 13718 MB
[2025/11/07 14:02:40] ppocr INFO: epoch: [4/20], global_step: 3400, lr: 0.000298, acc: 0.563741, norm_edit_dis: 0.909602, CTCLoss: 4.213691, NRTRLoss: 1.410723, loss: 5.624414, avg_reader_cost: 0.00337 s, avg_batch_cost: 0.64380 s, avg_samples: 93.8, ips: 145.69748 samples/s, eta: 3:19:44, max_mem_reserved: 24989 MB, max_mem_allocated: 13718 MB
[2025/11/07 14:03:12] ppocr INFO: cur metric, acc: 0.7173999992826, norm_edit_dis: 0.9525781700616635, fps: 668.5729124506973
[2025/11/07 14:03:12] ppocr INFO: best metric, acc: 0.7236999992763, is_float16: False, norm_edit_dis: 0.9546525874422216, fps: 634.916953840811, best_epoch: 4
[2025/11/07 14:03:19] ppocr INFO: epoch: [4/20], global_step: 3410, lr: 0.000298, acc: 0.594118, norm_edit_dis: 0.926753, CTCLoss: 3.276688, NRTRLoss: 1.388989, loss: 4.658261, avg_reader_cost: 0.00287 s, avg_batch_cost: 0.67762 s, avg_samples: 100.2, ips: 147.87007 samples/s, eta: 3:19:39, max_mem_reserved: 24989 MB, max_mem_allocated: 13718 MB
[2025/11/07 14:03:25] ppocr INFO: epoch: [4/20], global_step: 3420, lr: 0.000298, acc: 0.635294, norm_edit_dis: 0.937238, CTCLoss: 2.870526, NRTRLoss: 1.380904, loss: 4.247858, avg_reader_cost: 0.00297 s, avg_batch_cost: 0.60010 s, avg_samples: 76.6, ips: 127.64584 samples/s, eta: 3:19:29, max_mem_reserved: 24989 MB, max_mem_allocated: 13718 MB
[2025/11/07 14:03:32] ppocr INFO: epoch: [4/20], global_step: 3430, lr: 0.000298, acc: 0.609375, norm_edit_dis: 0.929886, CTCLoss: 3.110936, NRTRLoss: 1.387584, loss: 4.516461, avg_reader_cost: 0.00291 s, avg_batch_cost: 0.67274 s, avg_samples: 98.0, ips: 145.67231 samples/s, eta: 3:19:24, max_mem_reserved: 24989 MB, max_mem_allocated: 13718 MB
[2025/11/07 14:03:38] ppocr INFO: epoch: [4/20], global_step: 3440, lr: 0.000298, acc: 0.585110, norm_edit_dis: 0.922730, CTCLoss: 3.226536, NRTRLoss: 1.415906, loss: 4.633977, avg_reader_cost: 0.00293 s, avg_batch_cost: 0.65405 s, avg_samples: 89.5, ips: 136.83923 samples/s, eta: 3:19:17, max_mem_reserved: 24989 MB, max_mem_allocated: 13718 MB
[2025/11/07 14:03:45] ppocr INFO: epoch: [4/20], global_step: 3450, lr: 0.000297, acc: 0.582353, norm_edit_dis: 0.924304, CTCLoss: 3.294234, NRTRLoss: 1.410454, loss: 4.710140, avg_reader_cost: 0.00293 s, avg_batch_cost: 0.64540 s, avg_samples: 95.9, ips: 148.58946 samples/s, eta: 3:19:10, max_mem_reserved: 24989 MB, max_mem_allocated: 13718 MB
[2025/11/07 14:03:51] ppocr INFO: epoch: [4/20], global_step: 3460, lr: 0.000297, acc: 0.588235, norm_edit_dis: 0.932226, CTCLoss: 2.997235, NRTRLoss: 1.390812, loss: 4.374796, avg_reader_cost: 0.00293 s, avg_batch_cost: 0.65394 s, avg_samples: 87.3, ips: 133.49748 samples/s, eta: 3:19:04, max_mem_reserved: 24989 MB, max_mem_allocated: 13718 MB
[2025/11/07 14:03:58] ppocr INFO: epoch: [4/20], global_step: 3470, lr: 0.000297, acc: 0.635294, norm_edit_dis: 0.938561, CTCLoss: 2.844387, NRTRLoss: 1.371801, loss: 4.208723, avg_reader_cost: 0.00327 s, avg_batch_cost: 0.63469 s, avg_samples: 78.8, ips: 124.15455 samples/s, eta: 3:18:56, max_mem_reserved: 24989 MB, max_mem_allocated: 13718 MB
[2025/11/07 14:04:04] ppocr INFO: epoch: [4/20], global_step: 3480, lr: 0.000297, acc: 0.635294, norm_edit_dis: 0.938438, CTCLoss: 2.985850, NRTRLoss: 1.379316, loss: 4.365281, avg_reader_cost: 0.00326 s, avg_batch_cost: 0.65840 s, avg_samples: 91.6, ips: 139.12596 samples/s, eta: 3:18:50, max_mem_reserved: 24989 MB, max_mem_allocated: 13718 MB
[2025/11/07 14:04:11] ppocr INFO: epoch: [4/20], global_step: 3490, lr: 0.000297, acc: 0.635294, norm_edit_dis: 0.933301, CTCLoss: 3.226336, NRTRLoss: 1.385372, loss: 4.611593, avg_reader_cost: 0.00325 s, avg_batch_cost: 0.64148 s, avg_samples: 87.3, ips: 136.09208 samples/s, eta: 3:18:42, max_mem_reserved: 24989 MB, max_mem_allocated: 13718 MB
[2025/11/07 14:04:17] ppocr INFO: epoch: [4/20], global_step: 3500, lr: 0.000297, acc: 0.624265, norm_edit_dis: 0.931341, CTCLoss: 3.234781, NRTRLoss: 1.393376, loss: 4.626089, avg_reader_cost: 0.00285 s, avg_batch_cost: 0.65303 s, avg_samples: 89.5, ips: 137.05283 samples/s, eta: 3:18:36, max_mem_reserved: 24989 MB, max_mem_allocated: 13718 MB
[2025/11/07 14:04:52] ppocr INFO: cur metric, acc: 0.7025999992974, norm_edit_dis: 0.9512925439997177, fps: 656.1725671975105
[2025/11/07 14:04:52] ppocr INFO: best metric, acc: 0.7236999992763, is_float16: False, norm_edit_dis: 0.9546525874422216, fps: 634.916953840811, best_epoch: 4
[2025/11/07 14:04:58] ppocr INFO: epoch: [4/20], global_step: 3510, lr: 0.000297, acc: 0.578125, norm_edit_dis: 0.933998, CTCLoss: 3.260820, NRTRLoss: 1.395803, loss: 4.673728, avg_reader_cost: 0.00328 s, avg_batch_cost: 0.64552 s, avg_samples: 95.9, ips: 148.56289 samples/s, eta: 3:18:29, max_mem_reserved: 24989 MB, max_mem_allocated: 13718 MB
[2025/11/07 14:05:05] ppocr INFO: epoch: [4/20], global_step: 3520, lr: 0.000297, acc: 0.460937, norm_edit_dis: 0.893558, CTCLoss: 5.018276, NRTRLoss: 1.433720, loss: 6.431139, avg_reader_cost: 0.00301 s, avg_batch_cost: 0.68567 s, avg_samples: 113.0, ips: 164.80150 samples/s, eta: 3:18:24, max_mem_reserved: 24989 MB, max_mem_allocated: 13718 MB
[2025/11/07 14:05:11] ppocr INFO: epoch: [4/20], global_step: 3530, lr: 0.000297, acc: 0.571415, norm_edit_dis: 0.916559, CTCLoss: 3.533640, NRTRLoss: 1.391748, loss: 4.951237, avg_reader_cost: 0.00341 s, avg_batch_cost: 0.57337 s, avg_samples: 74.6, ips: 130.10817 samples/s, eta: 3:18:13, max_mem_reserved: 24989 MB, max_mem_allocated: 13718 MB
[2025/11/07 14:05:17] ppocr INFO: epoch: [4/20], global_step: 3540, lr: 0.000297, acc: 0.623529, norm_edit_dis: 0.937365, CTCLoss: 3.056850, NRTRLoss: 1.381665, loss: 4.433059, avg_reader_cost: 0.00292 s, avg_batch_cost: 0.62321 s, avg_samples: 83.1, ips: 133.34096 samples/s, eta: 3:18:05, max_mem_reserved: 24989 MB, max_mem_allocated: 13718 MB
[2025/11/07 14:05:24] ppocr INFO: epoch: [4/20], global_step: 3550, lr: 0.000297, acc: 0.601562, norm_edit_dis: 0.934649, CTCLoss: 3.588542, NRTRLoss: 1.398031, loss: 4.991730, avg_reader_cost: 0.00300 s, avg_batch_cost: 0.66307 s, avg_samples: 93.8, ips: 141.46294 samples/s, eta: 3:17:59, max_mem_reserved: 24989 MB, max_mem_allocated: 13718 MB
[2025/11/07 14:05:30] ppocr INFO: epoch: [4/20], global_step: 3560, lr: 0.000297, acc: 0.570588, norm_edit_dis: 0.920452, CTCLoss: 3.963197, NRTRLoss: 1.405568, loss: 5.384351, avg_reader_cost: 0.00341 s, avg_batch_cost: 0.65620 s, avg_samples: 104.4, ips: 159.09773 samples/s, eta: 3:17:53, max_mem_reserved: 24989 MB, max_mem_allocated: 13718 MB
[2025/11/07 14:05:37] ppocr INFO: epoch: [4/20], global_step: 3570, lr: 0.000297, acc: 0.579228, norm_edit_dis: 0.925046, CTCLoss: 3.323977, NRTRLoss: 1.401449, loss: 4.745616, avg_reader_cost: 0.00292 s, avg_batch_cost: 0.65472 s, avg_samples: 91.6, ips: 139.90671 samples/s, eta: 3:17:46, max_mem_reserved: 24989 MB, max_mem_allocated: 13718 MB
[2025/11/07 14:05:43] ppocr INFO: epoch: [4/20], global_step: 3580, lr: 0.000297, acc: 0.564706, norm_edit_dis: 0.917522, CTCLoss: 3.581795, NRTRLoss: 1.403443, loss: 4.956766, avg_reader_cost: 0.00297 s, avg_batch_cost: 0.66817 s, avg_samples: 100.2, ips: 149.96093 samples/s, eta: 3:17:40, max_mem_reserved: 24989 MB, max_mem_allocated: 13718 MB
[2025/11/07 14:05:50] ppocr INFO: epoch: [4/20], global_step: 3590, lr: 0.000297, acc: 0.564706, norm_edit_dis: 0.913731, CTCLoss: 3.711461, NRTRLoss: 1.411479, loss: 5.131425, avg_reader_cost: 0.00295 s, avg_batch_cost: 0.64337 s, avg_samples: 91.6, ips: 142.37461 samples/s, eta: 3:17:33, max_mem_reserved: 24989 MB, max_mem_allocated: 13718 MB
[2025/11/07 14:05:56] ppocr INFO: epoch: [4/20], global_step: 3600, lr: 0.000297, acc: 0.593750, norm_edit_dis: 0.924381, CTCLoss: 3.520105, NRTRLoss: 1.402698, loss: 4.931585, avg_reader_cost: 0.00293 s, avg_batch_cost: 0.64920 s, avg_samples: 93.8, ips: 144.48617 samples/s, eta: 3:17:27, max_mem_reserved: 24989 MB, max_mem_allocated: 13718 MB
[2025/11/07 14:06:32] ppocr INFO: cur metric, acc: 0.7110999992889, norm_edit_dis: 0.9521745726852276, fps: 629.2871014976428
[2025/11/07 14:06:32] ppocr INFO: best metric, acc: 0.7236999992763, is_float16: False, norm_edit_dis: 0.9546525874422216, fps: 634.916953840811, best_epoch: 4
[2025/11/07 14:06:38] ppocr INFO: epoch: [4/20], global_step: 3610, lr: 0.000297, acc: 0.617187, norm_edit_dis: 0.930417, CTCLoss: 3.076522, NRTRLoss: 1.392071, loss: 4.476968, avg_reader_cost: 0.00319 s, avg_batch_cost: 0.61830 s, avg_samples: 85.2, ips: 137.79769 samples/s, eta: 3:17:18, max_mem_reserved: 24989 MB, max_mem_allocated: 13718 MB
[2025/11/07 14:06:44] ppocr INFO: epoch: [4/20], global_step: 3620, lr: 0.000297, acc: 0.651654, norm_edit_dis: 0.932589, CTCLoss: 3.057639, NRTRLoss: 1.391492, loss: 4.444811, avg_reader_cost: 0.00302 s, avg_batch_cost: 0.60227 s, avg_samples: 78.9, ips: 131.00457 samples/s, eta: 3:17:09, max_mem_reserved: 24989 MB, max_mem_allocated: 13718 MB
[2025/11/07 14:06:50] ppocr INFO: epoch: [4/20], global_step: 3630, lr: 0.000297, acc: 0.656250, norm_edit_dis: 0.934981, CTCLoss: 3.148290, NRTRLoss: 1.383481, loss: 4.533456, avg_reader_cost: 0.00294 s, avg_batch_cost: 0.59234 s, avg_samples: 81.0, ips: 136.74492 samples/s, eta: 3:17:00, max_mem_reserved: 24989 MB, max_mem_allocated: 13718 MB
[2025/11/07 14:06:57] ppocr INFO: epoch: [4/20], global_step: 3640, lr: 0.000297, acc: 0.630147, norm_edit_dis: 0.932847, CTCLoss: 3.377547, NRTRLoss: 1.397194, loss: 4.776057, avg_reader_cost: 0.00299 s, avg_batch_cost: 0.62450 s, avg_samples: 93.7, ips: 150.03886 samples/s, eta: 3:16:52, max_mem_reserved: 24989 MB, max_mem_allocated: 13718 MB
[2025/11/07 14:07:03] ppocr INFO: epoch: [4/20], global_step: 3650, lr: 0.000297, acc: 0.629412, norm_edit_dis: 0.928064, CTCLoss: 3.612859, NRTRLoss: 1.404102, loss: 5.016452, avg_reader_cost: 0.00303 s, avg_batch_cost: 0.65917 s, avg_samples: 98.0, ips: 148.67102 samples/s, eta: 3:16:45, max_mem_reserved: 24989 MB, max_mem_allocated: 13718 MB
[2025/11/07 14:07:10] ppocr INFO: epoch: [4/20], global_step: 3660, lr: 0.000297, acc: 0.585110, norm_edit_dis: 0.933892, CTCLoss: 3.454308, NRTRLoss: 1.385942, loss: 4.836930, avg_reader_cost: 0.00295 s, avg_batch_cost: 0.64308 s, avg_samples: 91.6, ips: 142.43961 samples/s, eta: 3:16:38, max_mem_reserved: 24989 MB, max_mem_allocated: 13718 MB
[2025/11/07 14:07:16] ppocr INFO: epoch: [4/20], global_step: 3670, lr: 0.000297, acc: 0.590993, norm_edit_dis: 0.923991, CTCLoss: 3.879417, NRTRLoss: 1.396580, loss: 5.281484, avg_reader_cost: 0.00295 s, avg_batch_cost: 0.63145 s, avg_samples: 89.5, ips: 141.73808 samples/s, eta: 3:16:31, max_mem_reserved: 24989 MB, max_mem_allocated: 13718 MB
[2025/11/07 14:07:22] ppocr INFO: epoch: [4/20], global_step: 3680, lr: 0.000296, acc: 0.624265, norm_edit_dis: 0.930220, CTCLoss: 3.521189, NRTRLoss: 1.396580, loss: 4.921987, avg_reader_cost: 0.00301 s, avg_batch_cost: 0.64181 s, avg_samples: 85.2, ips: 132.75011 samples/s, eta: 3:16:24, max_mem_reserved: 24989 MB, max_mem_allocated: 13718 MB
[2025/11/07 14:07:28] ppocr INFO: epoch: [4/20], global_step: 3690, lr: 0.000296, acc: 0.625000, norm_edit_dis: 0.936368, CTCLoss: 2.973748, NRTRLoss: 1.391277, loss: 4.356988, avg_reader_cost: 0.00295 s, avg_batch_cost: 0.61709 s, avg_samples: 81.0, ips: 131.26168 samples/s, eta: 3:16:15, max_mem_reserved: 24989 MB, max_mem_allocated: 13718 MB
[2025/11/07 14:07:35] ppocr INFO: epoch: [4/20], global_step: 3700, lr: 0.000296, acc: 0.624265, norm_edit_dis: 0.934198, CTCLoss: 3.036405, NRTRLoss: 1.397739, loss: 4.427682, avg_reader_cost: 0.00295 s, avg_batch_cost: 0.66009 s, avg_samples: 95.9, ips: 145.28355 samples/s, eta: 3:16:09, max_mem_reserved: 24989 MB, max_mem_allocated: 13718 MB
[2025/11/07 14:08:09] ppocr INFO: cur metric, acc: 0.7237999992762, norm_edit_dis: 0.9545044468553019, fps: 672.9636351290694
[2025/11/07 14:08:12] ppocr INFO: save best model is to ./output/best_accuracy
[2025/11/07 14:08:12] ppocr INFO: best metric, acc: 0.7237999992762, is_float16: False, norm_edit_dis: 0.9545044468553019, fps: 672.9636351290694, best_epoch: 4
[2025/11/07 14:08:18] ppocr INFO: epoch: [4/20], global_step: 3710, lr: 0.000296, acc: 0.639890, norm_edit_dis: 0.936278, CTCLoss: 3.202150, NRTRLoss: 1.378726, loss: 4.601649, avg_reader_cost: 0.00293 s, avg_batch_cost: 0.64493 s, avg_samples: 87.4, ips: 135.51839 samples/s, eta: 3:16:02, max_mem_reserved: 24989 MB, max_mem_allocated: 13718 MB
[2025/11/07 14:08:25] ppocr INFO: epoch: [4/20], global_step: 3720, lr: 0.000296, acc: 0.648437, norm_edit_dis: 0.939343, CTCLoss: 2.916507, NRTRLoss: 1.374857, loss: 4.287486, avg_reader_cost: 0.00299 s, avg_batch_cost: 0.64233 s, avg_samples: 81.0, ips: 126.10418 samples/s, eta: 3:15:55, max_mem_reserved: 24989 MB, max_mem_allocated: 13718 MB
[2025/11/07 14:08:31] ppocr INFO: epoch: [4/20], global_step: 3730, lr: 0.000296, acc: 0.622334, norm_edit_dis: 0.933455, CTCLoss: 3.104019, NRTRLoss: 1.383753, loss: 4.486975, avg_reader_cost: 0.00295 s, avg_batch_cost: 0.63909 s, avg_samples: 91.6, ips: 143.32904 samples/s, eta: 3:15:48, max_mem_reserved: 24989 MB, max_mem_allocated: 13718 MB
[2025/11/07 14:08:38] ppocr INFO: epoch: [4/20], global_step: 3740, lr: 0.000296, acc: 0.605882, norm_edit_dis: 0.930146, CTCLoss: 3.165436, NRTRLoss: 1.394667, loss: 4.565183, avg_reader_cost: 0.00293 s, avg_batch_cost: 0.65067 s, avg_samples: 98.1, ips: 150.76759 samples/s, eta: 3:15:41, max_mem_reserved: 24989 MB, max_mem_allocated: 13718 MB
[2025/11/07 14:08:44] ppocr INFO: epoch: [4/20], global_step: 3750, lr: 0.000296, acc: 0.663419, norm_edit_dis: 0.938460, CTCLoss: 2.755093, NRTRLoss: 1.381266, loss: 4.136359, avg_reader_cost: 0.00347 s, avg_batch_cost: 0.64248 s, avg_samples: 87.3, ips: 135.87880 samples/s, eta: 3:15:34, max_mem_reserved: 24989 MB, max_mem_allocated: 13718 MB
[2025/11/07 14:08:51] ppocr INFO: epoch: [4/20], global_step: 3760, lr: 0.000296, acc: 0.604687, norm_edit_dis: 0.931386, CTCLoss: 3.119287, NRTRLoss: 1.401900, loss: 4.530092, avg_reader_cost: 0.00295 s, avg_batch_cost: 0.65595 s, avg_samples: 100.1, ips: 152.60222 samples/s, eta: 3:15:28, max_mem_reserved: 24989 MB, max_mem_allocated: 13718 MB
[2025/11/07 14:08:57] ppocr INFO: epoch: [4/20], global_step: 3770, lr: 0.000296, acc: 0.594118, norm_edit_dis: 0.925196, CTCLoss: 3.321377, NRTRLoss: 1.401900, loss: 4.745130, avg_reader_cost: 0.00290 s, avg_batch_cost: 0.65099 s, avg_samples: 95.9, ips: 147.31377 samples/s, eta: 3:15:21, max_mem_reserved: 24989 MB, max_mem_allocated: 13718 MB
[2025/11/07 14:09:04] ppocr INFO: epoch: [4/20], global_step: 3780, lr: 0.000296, acc: 0.637959, norm_edit_dis: 0.940571, CTCLoss: 2.841431, NRTRLoss: 1.385816, loss: 4.223426, avg_reader_cost: 0.00331 s, avg_batch_cost: 0.64622 s, avg_samples: 89.5, ips: 138.49698 samples/s, eta: 3:15:14, max_mem_reserved: 24989 MB, max_mem_allocated: 13718 MB
[2025/11/07 14:09:10] ppocr INFO: epoch: [4/20], global_step: 3790, lr: 0.000296, acc: 0.635294, norm_edit_dis: 0.945676, CTCLoss: 2.801097, NRTRLoss: 1.381789, loss: 4.175935, avg_reader_cost: 0.00325 s, avg_batch_cost: 0.63506 s, avg_samples: 87.3, ips: 137.46816 samples/s, eta: 3:15:07, max_mem_reserved: 24989 MB, max_mem_allocated: 13718 MB
[2025/11/07 14:09:16] ppocr INFO: epoch: [4/20], global_step: 3800, lr: 0.000296, acc: 0.623529, norm_edit_dis: 0.929444, CTCLoss: 2.922382, NRTRLoss: 1.388936, loss: 4.308067, avg_reader_cost: 0.00289 s, avg_batch_cost: 0.62685 s, avg_samples: 87.4, ips: 139.42733 samples/s, eta: 3:14:59, max_mem_reserved: 24989 MB, max_mem_allocated: 13718 MB
[2025/11/07 14:09:50] ppocr INFO: cur metric, acc: 0.7034999992965, norm_edit_dis: 0.9528252754152677, fps: 636.3531071064263
[2025/11/07 14:09:50] ppocr INFO: best metric, acc: 0.7237999992762, is_float16: False, norm_edit_dis: 0.9545044468553019, fps: 672.9636351290694, best_epoch: 4
[2025/11/07 14:09:56] ppocr INFO: epoch: [4/20], global_step: 3810, lr: 0.000296, acc: 0.590993, norm_edit_dis: 0.928884, CTCLoss: 3.605040, NRTRLoss: 1.402210, loss: 4.986103, avg_reader_cost: 0.00286 s, avg_batch_cost: 0.64864 s, avg_samples: 100.1, ips: 154.32225 samples/s, eta: 3:14:53, max_mem_reserved: 24989 MB, max_mem_allocated: 13718 MB
[2025/11/07 14:10:03] ppocr INFO: epoch: [4/20], global_step: 3820, lr: 0.000296, acc: 0.605882, norm_edit_dis: 0.935330, CTCLoss: 3.274077, NRTRLoss: 1.381684, loss: 4.653314, avg_reader_cost: 0.00308 s, avg_batch_cost: 0.63064 s, avg_samples: 89.5, ips: 141.91916 samples/s, eta: 3:14:45, max_mem_reserved: 24989 MB, max_mem_allocated: 13718 MB
[2025/11/07 14:10:09] ppocr INFO: epoch: [4/20], global_step: 3830, lr: 0.000296, acc: 0.611765, norm_edit_dis: 0.941256, CTCLoss: 2.915308, NRTRLoss: 1.376791, loss: 4.291811, avg_reader_cost: 0.00293 s, avg_batch_cost: 0.64862 s, avg_samples: 91.6, ips: 141.22305 samples/s, eta: 3:14:38, max_mem_reserved: 24989 MB, max_mem_allocated: 13718 MB
[2025/11/07 14:10:16] ppocr INFO: epoch: [4/20], global_step: 3840, lr: 0.000296, acc: 0.604687, norm_edit_dis: 0.930583, CTCLoss: 3.048292, NRTRLoss: 1.385287, loss: 4.428016, avg_reader_cost: 0.00294 s, avg_batch_cost: 0.65854 s, avg_samples: 100.1, ips: 152.00363 samples/s, eta: 3:14:32, max_mem_reserved: 24989 MB, max_mem_allocated: 13718 MB
[2025/11/07 14:10:22] ppocr INFO: epoch: [4/20], global_step: 3850, lr: 0.000296, acc: 0.588235, norm_edit_dis: 0.923138, CTCLoss: 3.444486, NRTRLoss: 1.401581, loss: 4.827520, avg_reader_cost: 0.00301 s, avg_batch_cost: 0.67562 s, avg_samples: 102.3, ips: 151.41690 samples/s, eta: 3:14:26, max_mem_reserved: 24989 MB, max_mem_allocated: 13718 MB
[2025/11/07 14:10:28] ppocr INFO: epoch: [4/20], global_step: 3860, lr: 0.000296, acc: 0.640625, norm_edit_dis: 0.943190, CTCLoss: 2.729307, NRTRLoss: 1.383798, loss: 4.095967, avg_reader_cost: 0.00292 s, avg_batch_cost: 0.57725 s, avg_samples: 80.9, ips: 140.14746 samples/s, eta: 3:14:16, max_mem_reserved: 24989 MB, max_mem_allocated: 13718 MB
[2025/11/07 14:10:35] ppocr INFO: epoch: [4/20], global_step: 3870, lr: 0.000296, acc: 0.630147, norm_edit_dis: 0.940466, CTCLoss: 3.194378, NRTRLoss: 1.384821, loss: 4.572297, avg_reader_cost: 0.00295 s, avg_batch_cost: 0.68951 s, avg_samples: 113.0, ips: 163.88562 samples/s, eta: 3:14:12, max_mem_reserved: 24989 MB, max_mem_allocated: 13718 MB
[2025/11/07 14:10:41] ppocr INFO: epoch: [4/20], global_step: 3880, lr: 0.000296, acc: 0.507812, norm_edit_dis: 0.909786, CTCLoss: 4.401114, NRTRLoss: 1.414771, loss: 5.804703, avg_reader_cost: 0.00294 s, avg_batch_cost: 0.62874 s, avg_samples: 95.9, ips: 152.52645 samples/s, eta: 3:14:04, max_mem_reserved: 24989 MB, max_mem_allocated: 13718 MB
[2025/11/07 14:10:48] ppocr INFO: epoch: [4/20], global_step: 3890, lr: 0.000295, acc: 0.623529, norm_edit_dis: 0.932467, CTCLoss: 3.555332, NRTRLoss: 1.404079, loss: 4.958708, avg_reader_cost: 0.00295 s, avg_batch_cost: 0.65846 s, avg_samples: 95.9, ips: 145.64353 samples/s, eta: 3:13:58, max_mem_reserved: 24989 MB, max_mem_allocated: 13718 MB
[2025/11/07 14:10:54] ppocr INFO: epoch: [4/20], global_step: 3900, lr: 0.000295, acc: 0.616452, norm_edit_dis: 0.934833, CTCLoss: 3.276494, NRTRLoss: 1.400694, loss: 4.677187, avg_reader_cost: 0.00341 s, avg_batch_cost: 0.63036 s, avg_samples: 87.3, ips: 138.49282 samples/s, eta: 3:13:50, max_mem_reserved: 24989 MB, max_mem_allocated: 13718 MB
